transition_index,from_range,to_range,consensus_pair_physical_percentile,pair_percentile_effect,median_pair_physical_score,median_pair_control_score,control_dest_indices
1,range_000226-000425,range_000376-000575,0.9,0.4,0.8306103219459868,0.15476283431766452,"547,541,607,203,374,544,320,386,33,80,448,61,113,94,396,279,118,591,271,187"
2,range_000376-000575,range_000526-000725,0.65,0.15000000000000002,0.8209000656846641,0.4159625677498725,"531,36,35,26,341,615,279,19,536,244,327,71,524,587,590,258,482,60,598,304"
3,range_000526-000725,range_000676-000875,0.55,0.050000000000000044,0.5652511378103504,0.27812419262277344,"522,316,635,433,399,43,234,598,308,46,177,453,99,498,348,530,236,493,526,566"
4,range_000676-000875,range_000826-001025,0.6,0.09999999999999998,0.08252242463715123,0.0,"561,245,216,321,552,472,58,249,335,233,634,469,188,490,466,144,236,220,50,593"
5,range_000826-001025,range_000976-001175,0.9,0.4,1.27162199616749,0.4406861580796119,"482,402,329,108,252,405,54,417,176,314,34,201,629,57,271,452,481,166,159,80"
6,range_000976-001175,range_001126-001325,0.4,-0.09999999999999998,1.3295258431005623,1.4726149744571089,"302,79,154,165,274,197,601,439,292,66,352,356,507,129,168,50,594,501,236,270"
7,range_001126-001325,range_001276-001475,0.35,-0.15000000000000002,0.0,0.0,"76,145,251,420,119,479,405,655,324,615,310,72,415,477,303,275,515,247,613,595"
8,range_001276-001475,range_001426-001625,0.3,-0.2,0.18367898603350286,0.3186399700451352,"341,370,527,590,511,465,242,294,176,44,464,345,284,172,78,654,553,612,191,378"
9,range_001426-001625,range_001576-001775,0.6,0.09999999999999998,0.4264102291457784,0.3166311390494573,"81,59,204,45,136,166,100,182,61,20,354,367,418,336,157,494,207,365,426,590"
10,range_001576-001775,range_001726-001925,0.2,-0.3,0.6035652908648967,0.9828581641191256,"404,463,417,322,508,644,131,285,320,49,170,281,578,168,471,205,619,115,447,72"
11,range_001726-001925,range_001876-002075,0.9,0.4,0.744706163418452,0.27407037077387075,"585,377,248,487,471,616,371,93,224,149,583,447,625,338,597,449,232,362,473,436"
12,range_001876-002075,range_002026-002225,0.0,-0.5,0.0,2.04176006837874,"237,214,189,651,361,247,520,635,399,147,580,56,220,522,256,249,135,246,602,571"
13,range_002026-002225,range_002176-002375,0.475,-0.025000000000000022,0.0,0.0,"371,532,329,473,359,379,115,397,582,362,314,93,528,625,334,186,76,447,370,506"
14,range_002176-002375,range_002326-002525,0.7,0.19999999999999996,2.421459625044482,1.8415801051314293,"210,555,58,478,121,348,205,618,324,459,35,331,147,634,469,92,137,244,335,400"
15,range_002326-002525,range_002476-002675,0.95,0.44999999999999996,0.8634478616617491,0.0,"595,559,323,608,245,400,50,43,627,427,321,378,211,147,269,220,369,647,432,55"
16,range_002476-002675,range_002626-002825,0.55,0.050000000000000044,0.08687626783645991,0.06667728564484926,"118,535,454,385,624,107,377,482,528,295,639,37,481,105,447,184,271,551,160,539"
17,range_002626-002825,range_002776-002975,0.2,-0.3,0.5525044641153927,0.9479589101721115,"347,96,86,317,389,151,528,3,260,344,407,603,168,663,182,284,636,499,109,251"
18,range_002776-002975,range_002926-003125,0.7,0.19999999999999996,0.3110093145666349,0.08821901367633901,"281,488,320,136,284,272,355,357,377,294,110,505,61,356,63,32,168,104,651,579"
19,range_002926-003125,range_003076-003275,0.2,-0.3,0.2321472648859291,0.3857103870677831,"252,473,118,391,476,176,485,289,228,482,585,604,203,325,501,151,633,326,509,105"
20,range_003076-003275,range_003226-003425,0.05,-0.45,0.0,0.7380410018696184,"345,365,287,615,157,632,151,607,455,479,619,249,183,503,592,159,464,59,387,404"
21,range_003226-003425,range_003376-003575,0.7,0.19999999999999996,1.2909820699167647,0.8946738254639874,"544,275,111,160,524,482,88,352,201,339,358,269,528,223,314,159,509,438,585,199"
22,range_003376-003575,range_003526-003725,0.2,-0.3,0.13172126472318113,0.31619602557694504,"101,257,179,579,350,0,178,582,109,133,551,650,299,409,8,120,81,2,392,358"
23,range_003526-003725,range_003676-003875,1.0,0.5,2.1095175531148977,0.3034370486933854,"90,534,63,578,221,112,157,154,225,216,126,553,84,57,508,598,523,488,153,356"
24,range_003676-003875,range_003826-004025,0.7,0.19999999999999996,1.8320816268694025,1.4757662680061998,"125,335,396,276,248,405,199,231,259,150,547,57,501,133,162,386,13,471,482,54"
25,range_003826-004025,range_003976-004175,0.8,0.30000000000000004,1.5167193862809445,1.0404570619316864,"525,662,193,385,429,290,592,35,91,230,342,425,384,1,546,7,155,207,44,39"
26,range_003976-004175,range_004126-004325,0.45,-0.04999999999999999,0.17480863593232884,0.19583538771770884,"278,311,127,630,162,488,512,540,543,514,631,68,466,3,395,238,83,356,508,502"
27,range_004126-004325,range_004276-004475,0.25,-0.25,0.0,0.018540423493770303,"361,655,464,400,77,260,641,401,130,538,630,244,594,525,317,439,364,355,562,238"
28,range_004276-004475,range_004426-004625,0.5,0.0,0.34920526524201434,0.2232463101352545,"116,282,513,540,526,571,63,498,580,399,574,557,246,236,237,296,97,233,283,330"
29,range_004426-004625,range_004576-004775,0.075,-0.425,0.0,0.8763442836456555,"631,75,43,40,363,526,209,557,245,189,470,560,57,610,513,608,300,214,330,211"
30,range_004576-004775,range_004726-004925,0.175,-0.325,0.0,0.42597479672021943,"243,303,123,400,457,153,561,406,608,225,347,361,496,640,573,389,189,283,427,245"
31,range_004726-004925,range_004876-005075,0.125,-0.375,0.0,0.3330047075103852,"663,117,18,593,411,403,563,263,400,63,8,354,60,605,395,253,628,213,599,413"
32,range_004876-005075,range_005026-005225,0.175,-0.325,0.0,0.17893266357457577,"382,642,202,171,230,170,622,507,71,449,504,387,461,160,435,550,142,59,131,215"
33,range_005026-005225,range_005176-005375,0.35,-0.15000000000000002,0.32942206986471184,0.8514625579371039,"324,554,445,123,98,346,258,644,120,372,350,369,56,94,523,549,411,181,658,544"
34,range_005176-005375,range_005326-005525,0.05,-0.45,0.0,0.9871706191555327,"282,300,425,237,406,571,660,330,399,580,245,220,575,283,513,498,75,540,296,233"
35,range_005326-005525,range_005476-005675,0.4,-0.09999999999999998,0.03640734182354966,0.20619266141853596,"430,304,233,123,95,522,211,417,236,608,571,63,302,406,617,260,300,403,548,292"
36,range_005476-005675,range_005626-005825,0.55,0.050000000000000044,0.9825546946179045,0.9127191292100076,"166,415,317,532,295,2,184,217,349,6,203,20,285,524,199,105,629,219,489,391"
37,range_005626-005825,range_005776-005975,0.3,-0.2,1.0560267988076646,1.5541897534750475,"308,263,24,430,229,220,456,352,453,412,599,490,567,570,494,87,228,343,608,174"
38,range_005776-005975,range_005926-006125,0.8,0.30000000000000004,0.4882438135781929,0.0,"566,590,496,627,612,580,87,174,571,376,412,549,474,458,134,561,443,641,202,237"
39,range_005926-006125,range_006076-006275,0.25,-0.25,0.02358079602646098,0.3283546990522792,"321,91,410,236,512,270,77,188,253,645,268,647,467,7,370,123,394,105,361,426"
40,range_006076-006275,range_006226-006425,0.3,-0.2,0.04869440382748087,0.16192288196480348,"433,15,113,606,579,100,370,551,664,550,0,71,538,476,228,77,536,623,265,589"
41,range_006226-006425,range_006376-006575,0.1,-0.4,0.0,0.5229134385016961,"129,658,243,483,83,601,284,468,627,237,164,28,394,245,318,211,126,221,208,580"
42,range_006376-006575,range_006526-006725,0.95,0.44999999999999996,0.9584627154180257,0.0,"526,458,367,242,97,380,164,157,265,533,399,75,430,192,383,296,513,599,445,247"
43,range_006526-006725,range_006676-006875,0.8,0.30000000000000004,1.9581696211104016,1.6535467060177562,"161,106,565,564,8,32,59,320,636,152,271,102,53,387,15,628,659,449,191,29"
44,range_006676-006875,range_006826-007025,0.5,0.0,1.2033325970992064,1.1433451247571127,"310,472,119,67,183,182,594,215,370,421,135,568,445,155,196,394,249,126,313,202"
45,range_006826-007025,range_006976-007175,0.15,-0.35,0.0,0.2871329602631837,"474,352,580,376,523,612,263,453,141,220,262,87,209,642,383,318,380,599,73,627"
46,range_006976-007175,range_007126-007325,0.2,-0.3,0.0,0.06770960669435121,"380,245,262,443,627,351,376,312,618,647,382,364,228,143,536,641,73,498,87,615"
47,range_007126-007325,range_007276-007475,0.8,0.30000000000000004,0.5563571482370475,0.08135135521482607,"638,167,164,97,572,116,424,150,432,226,525,443,400,445,611,411,627,388,1,401"
48,range_007276-007475,range_007426-007625,0.9,0.4,0.5997240366218309,0.24498261748637998,"594,615,631,250,515,644,547,208,609,308,463,509,126,142,366,280,350,272,166,254"
49,range_007426-007625,range_007576-007775,0.6,0.09999999999999998,0.4295878890829588,0.3170572519497317,"577,98,426,277,63,407,360,618,343,225,318,497,401,303,113,276,575,488,99,20"
50,range_007576-007775,range_007726-007925,0.075,-0.425,0.0,0.30250610048736976,"350,69,275,255,359,248,654,657,109,613,111,630,140,504,232,309,131,419,404,501"
51,range_007726-007925,range_007876-008075,0.05,-0.45,0.0,0.4984860494896667,"142,249,373,341,355,339,337,557,511,274,464,521,591,72,491,66,632,392,234,422"
52,range_007876-008075,range_008026-008225,0.2,-0.3,0.23466174970594253,0.5237157570209081,"387,77,193,547,481,328,35,509,42,216,532,579,241,120,105,350,386,121,6,91"
53,range_008026-008225,range_008176-008375,0.4,-0.09999999999999998,0.34455560245103173,0.4143065581939053,"13,102,276,473,334,661,650,231,478,487,159,277,19,191,657,106,484,616,436,138"
54,range_008176-008375,range_008326-008525,0.85,0.35,1.5571035002236606,0.6495924992664097,"211,30,233,617,470,453,243,609,160,401,440,646,548,97,269,355,640,508,300,521"
55,range_008326-008525,range_008476-008675,0.375,-0.125,0.0,0.0,"220,43,188,237,474,126,580,571,262,233,245,66,430,282,570,79,243,406,496,116"
56,range_008476-008675,range_008626-008825,0.6,0.09999999999999998,1.7508704488350095,1.4863870207865597,"248,334,96,138,13,288,199,266,276,118,232,25,16,258,335,187,290,621,584,565"
57,range_008626-008825,range_008776-008975,0.8,0.30000000000000004,1.8154678801168518,1.4668221343611672,"230,212,455,534,104,73,453,127,502,627,46,260,520,213,558,98,341,84,249,174"
58,range_008776-008975,range_008926-009125,0.8,0.30000000000000004,0.7117095712906327,0.3155742414293009,"221,610,282,443,361,470,612,85,290,38,372,618,112,487,292,300,310,309,611,23"
59,range_008926-009125,range_009076-009275,0.9,0.4,0.7586025703831837,0.38421612385768733,"152,386,405,311,28,511,348,394,42,622,294,90,229,663,27,293,452,40,659,517"
60,range_009076-009275,range_009226-009425,0.1,-0.4,0.0,0.5235846273008263,"17,150,20,128,446,190,44,286,419,614,231,408,7,500,577,398,266,658,386,648"
61,range_009226-009425,range_009376-009575,0.7,0.19999999999999996,0.6402084281881212,0.42970232506833816,"431,257,625,248,175,485,385,482,587,362,14,436,584,524,509,44,660,536,277,449"
62,range_009376-009575,range_009526-009725,0.3,-0.2,1.5440830580834604,2.248368822254009,"79,250,526,571,348,413,351,558,112,412,647,209,466,116,43,75,608,73,183,245"
63,range_009526-009725,range_009676-009875,0.75,0.25,0.4684308515280087,0.1572290308313031,"157,104,191,628,631,448,125,311,241,553,396,360,527,476,82,368,141,177,443,288"
64,range_009676-009875,range_009826-010025,0.05,-0.45,0.0,1.1405176341655778,"474,347,389,458,296,233,273,450,181,278,236,43,580,383,647,440,95,518,97,79"
65,range_009826-010025,range_009976-010175,0.15,-0.35,0.0,0.68716036495867,"336,49,596,99,246,563,87,388,430,561,35,366,330,116,192,236,312,78,450,490"
66,range_009976-010175,range_010126-010325,0.55,0.050000000000000044,0.19344795962759162,0.09395539806840793,"355,406,448,112,116,2,430,563,188,596,126,209,421,43,225,220,243,580,451,226"
67,range_010126-010325,range_010276-010475,0.05,-0.45,0.04911725121728826,0.6867675360911272,"230,274,400,462,414,181,488,601,321,265,635,412,495,315,555,312,218,202,513,435"
68,range_010276-010475,range_010426-010625,0.175,-0.325,0.0,0.19562246044346854,"215,458,130,383,508,99,174,627,523,305,46,250,618,663,546,4,389,466,394,560"
69,range_010426-010625,range_010576-010775,0.9,0.4,0.5283435208837539,0.08433228396154333,"479,30,611,653,270,212,35,466,137,489,455,392,623,594,330,502,354,355,301,634"
70,range_010576-010775,range_010726-010925,0.65,0.15000000000000002,1.3099606232162626,0.7978902873472105,"213,510,24,580,231,386,451,513,502,427,602,315,634,0,183,599,441,558,566,351"
71,range_010726-010925,range_010876-011075,0.2,-0.3,0.0,0.07287528759879368,"138,569,491,560,510,26,413,287,601,325,90,589,364,243,410,420,45,22,131,283"
72,range_010876-011075,range_011026-011225,0.35,-0.15000000000000002,0.5452121362315169,0.7254276479144295,"236,234,263,318,337,566,474,24,340,608,560,220,469,580,496,250,104,412,453,570"
73,range_011026-011225,range_011176-011375,0.25,-0.25,0.0,0.02960696100376247,"58,563,592,361,213,83,658,127,99,627,180,404,22,49,451,316,96,224,117,50"
74,range_011176-011375,range_011326-011525,0.85,0.35,0.6152048244935611,0.0,"369,47,495,469,563,236,483,467,466,323,262,4,345,237,50,245,192,559,321,564"
75,range_011326-011525,range_011476-011675,1.0,0.5,1.8117090450220883,0.8295047589195175,"500,204,456,299,337,642,658,154,477,369,109,657,305,414,9,3,110,230,258,482"
76,range_011476-011675,range_011626-011825,0.25,-0.25,1.1074944578971717,1.508440183100281,"566,500,158,187,505,58,157,559,571,469,245,472,393,483,400,338,363,287,321,495"
77,range_011626-011825,range_011776-011975,0.425,-0.07500000000000001,0.0,0.0,"230,346,196,87,458,520,302,278,655,330,243,36,610,450,558,56,411,578,367,355"
78,range_011776-011975,range_011926-012125,1.0,0.5,0.8293845739695939,0.027555282475356435,"189,342,617,256,630,463,197,332,657,163,99,253,275,234,561,378,541,596,143,330"
79,range_011926-012125,range_012076-012275,0.9,0.4,1.7903424818509224,1.1726865769553965,"655,478,271,34,628,239,517,54,288,134,621,108,661,387,12,545,530,273,436,276"
80,range_012076-012275,range_012226-012425,0.25,-0.25,0.9017332843390576,1.347411875131221,"183,241,448,653,468,351,399,451,220,262,131,360,572,42,227,414,318,571,95,442"
81,range_012226-012425,range_012376-012575,0.125,-0.375,0.0,0.48782746933825527,"183,213,315,351,221,617,237,164,483,245,270,121,97,411,474,55,43,599,192,498"
82,range_012376-012575,range_012526-012725,0.75,0.25,0.7050767738922069,0.3676722793758023,"406,559,173,505,364,44,354,250,330,310,136,563,283,647,451,208,495,433,303,511"
83,range_012526-012725,range_012676-012875,0.25,-0.25,0.0,0.028152441451133423,"196,399,214,265,599,263,393,233,427,296,394,220,566,580,608,470,104,658,221,488"
84,range_012676-012875,range_012826-013025,0.5,0.0,0.06790816591888103,0.0637546873094638,"23,216,521,152,342,390,337,269,103,664,244,160,200,275,320,465,607,434,52,369"
85,range_012826-013025,range_012976-013175,0.7,0.19999999999999996,0.7866963751681681,0.5963107067431507,"337,141,130,219,101,365,525,517,381,267,289,555,333,145,307,215,415,182,408,27"
86,range_012976-013175,range_013126-013325,0.6,0.09999999999999998,0.8243531763469827,0.6543035434493432,"398,303,411,330,586,523,602,427,316,135,364,609,495,56,376,26,412,403,4,627"
87,range_013126-013325,range_013276-013475,0.6,0.09999999999999998,0.9582439228299492,0.783820355304135,"302,139,325,353,156,341,109,195,442,643,589,457,70,223,321,510,536,2,211,358"
88,range_013276-013475,range_013426-013625,0.55,0.050000000000000044,0.8847961555619718,0.8144729172455577,"246,281,235,464,488,393,53,141,196,593,330,574,336,517,287,315,280,653,369,165"
89,range_013426-013625,range_013576-013775,0.325,-0.175,0.0,0.0,"4,68,412,126,490,487,480,622,5,283,150,632,360,205,394,7,264,647,38,497"
90,range_013576-013775,range_013726-013925,0.15,-0.35,0.0,0.2729372506447289,"150,155,552,308,170,205,564,653,439,545,663,542,491,112,63,256,567,206,576,78"
91,range_013726-013925,range_013876-014075,0.25,-0.25,0.10853386498947348,0.37907012944258883,"264,330,400,508,300,430,346,505,214,450,598,526,412,516,442,56,344,544,465,446"
92,range_013876-014075,range_014026-014225,0.2,-0.3,0.9583441228742285,1.2348547493624187,"420,639,535,252,484,501,329,10,652,475,12,14,186,588,625,377,643,616,115,21"
93,range_014026-014225,range_014176-014375,0.1,-0.4,0.6623924571086987,1.6028263257281687,"490,570,574,372,575,302,262,239,287,351,537,497,123,569,243,304,646,117,263,460"
94,range_014176-014375,range_014326-014525,0.95,0.44999999999999996,1.3875442932114457,0.3910327829517135,"69,36,278,350,281,416,363,459,324,112,170,635,628,174,152,302,78,512,649,47"
95,range_014326-014525,range_014476-014675,1.0,0.5,1.3394032464685244,0.28475807603268843,"548,619,212,144,462,468,168,58,154,493,463,424,591,657,642,227,413,450,494,200"
96,range_014476-014675,range_014626-014825,0.8,0.30000000000000004,1.6779464893257805,1.148370104366733,"192,663,189,1,469,247,241,403,437,631,83,569,658,306,246,465,181,355,211,399"
97,range_014626-014825,range_014776-014975,0.5,0.0,0.2021783299413994,0.18691750253150244,"421,361,520,132,609,345,86,618,281,74,396,627,443,401,514,278,197,321,381,615"
98,range_014776-014975,range_014926-015125,1.0,0.5,1.7111216158453368,0.5686605901933603,"353,439,177,147,286,512,312,406,58,590,256,165,218,64,459,477,36,518,610,238"
99,range_014926-015125,range_015076-015275,0.15,-0.35,0.06305380288935437,0.31409041099317364,"119,163,15,282,204,238,320,292,112,150,332,586,7,468,138,357,413,28,422,286"
100,range_015076-015275,range_015226-015425,0.35,-0.15000000000000002,0.5529767209836909,0.6683826727701018,"574,606,361,241,282,406,130,4,126,192,610,455,540,543,36,123,37,415,515,268"
101,range_015226-015425,range_015376-015575,0.95,0.44999999999999996,1.0246961713798655,0.3890407318985757,"277,539,6,1,527,588,329,317,20,481,431,172,231,391,583,452,169,605,503,408"
102,range_015376-015575,range_015526-015725,0.05,-0.45,0.33695388109091406,0.9436583633202027,"346,68,456,553,470,78,493,75,571,612,351,443,627,79,399,586,89,376,596,541"
103,range_015526-015725,range_015676-015875,0.25,-0.25,0.0,0.0,"202,470,645,312,116,164,642,427,157,188,428,45,360,28,388,430,383,297,661,144"
104,range_015676-015875,range_015826-016025,0.95,0.44999999999999996,0.9638404003528919,0.168251424297585,"368,163,456,627,87,180,173,619,364,618,534,648,563,646,123,470,79,182,174,225"
105,range_015826-016025,range_015976-016175,0.2,-0.3,0.290120949762055,0.977457091964341,"525,172,642,52,322,510,456,249,419,153,298,179,533,595,306,358,379,579,210,5"
106,range_015976-016175,range_016126-016325,0.15,-0.35,0.003672528096059585,0.5128924806682564,"445,642,602,17,322,586,320,390,72,662,142,627,654,15,348,410,272,539,78,143"
107,range_016126-016325,range_016276-016475,0.05,-0.45,0.1174321412671929,1.199207372829184,"361,526,91,435,220,513,646,179,8,211,315,296,544,552,450,283,237,236,263,244"
108,range_016276-016475,range_016426-016625,0.15,-0.35,0.0,0.2762848228942347,"208,627,446,430,192,440,263,214,350,123,425,663,264,347,427,559,30,461,442,209"
109,range_016426-016625,range_016576-016775,0.05,-0.45,0.0,0.6728853806682522,"393,519,549,663,430,99,363,521,226,572,627,250,403,640,602,297,243,56,495,520"
110,range_016576-016775,range_016726-016925,0.025,-0.475,0.0,1.232967421820777,"399,237,580,496,497,189,571,123,43,608,363,474,520,233,75,3,351,263,427,388"
111,range_016726-016925,range_016876-017075,0.275,-0.22499999999999998,0.0,0.0,"95,376,513,121,166,15,343,64,523,154,212,394,370,158,530,210,297,631,340,412"
112,range_016876-017075,range_017026-017225,0.95,0.44999999999999996,0.9618498078898311,0.1354713272152524,"401,170,427,602,345,158,552,99,387,371,398,221,318,51,594,648,265,563,640,355"
113,range_017026-017225,range_017176-017375,1.0,0.5,1.9775716372191732,0.4034248439107329,"184,216,328,190,20,272,218,34,156,199,90,402,367,555,448,268,325,130,258,37"
114,range_017176-017375,range_017326-017525,0.55,0.050000000000000044,0.9919821120104336,1.0006325129489233,"605,329,539,370,528,14,449,19,325,597,377,151,224,431,198,660,186,643,485,535"
115,range_017326-017525,range_017476-017675,0.85,0.35,2.2769369347082824,1.4370368575269754,"393,222,287,43,191,426,389,432,493,608,36,136,137,561,382,466,647,401,634,216"
116,range_017476-017675,range_017626-017825,0.75,0.25,0.3084148982673469,0.056788079381275745,"601,497,634,411,49,432,523,575,466,602,401,514,549,73,440,42,640,389,136,86"
117,range_017626-017825,range_017776-017975,0.2,-0.3,0.5677210812961357,0.7886834617359867,"359,184,397,485,621,375,484,437,447,175,338,185,76,325,172,487,289,616,625,377"
118,range_017776-017975,range_017926-018125,0.3,-0.2,0.9131226954187354,1.1241907515666814,"626,154,28,625,204,442,379,212,272,321,593,355,477,137,225,324,39,487,503,0"
119,range_017926-018125,range_018076-018275,0.05,-0.45,0.0,0.35187338176491345,"402,503,624,431,614,203,605,148,107,379,482,405,371,12,21,62,509,329,198,199"
120,range_018076-018275,range_018226-018425,0.2,-0.3,0.48193225148530233,0.850069298828179,"163,611,391,648,363,622,264,4,138,361,176,178,167,370,348,615,234,292,456,478"
121,range_018226-018425,range_018376-018575,0.5,0.0,0.20394823244725652,0.21208314329597863,"567,662,61,223,59,651,169,436,60,492,134,33,500,103,239,517,591,416,231,85"
122,range_018376-018575,range_018526-018725,0.5,0.0,0.3729965590793211,0.4544941821992582,"309,368,344,318,493,234,498,638,598,627,661,411,443,308,388,245,352,618,189,351"
123,range_018526-018725,range_018676-018875,0.2,-0.3,0.0,0.2527414120723819,"537,59,327,84,357,181,463,210,205,304,113,104,413,547,24,641,534,173,593,31"
124,range_018676-018875,range_018826-019025,0.35,-0.15000000000000002,0.1350492018822615,0.510022180156838,"220,580,97,566,599,498,180,233,395,550,427,211,318,508,237,63,570,479,208,8"
125,range_018826-019025,range_018976-019175,0.15,-0.35,0.0,0.2169019272672505,"340,457,58,400,461,253,202,66,618,582,210,52,655,28,426,291,352,264,316,602"
126,range_018976-019175,range_019126-019325,0.125,-0.375,0.0,0.49854422837109347,"322,508,332,403,534,612,214,63,523,566,512,112,287,330,388,411,360,640,297,498"
127,range_019126-019325,range_019276-019475,0.0,-0.5,0.07021997353599375,1.0778731747475814,"325,240,501,6,267,661,242,473,67,109,148,276,156,409,565,437,657,492,166,541"
128,range_019276-019475,range_019426-019625,0.25,-0.25,0.3207385278133066,0.589891201059826,"589,606,265,558,634,613,77,573,61,607,550,435,657,238,442,400,439,389,106,274"
129,range_019426-019625,range_019576-019775,0.125,-0.375,0.0,0.6123797848016781,"180,496,243,233,55,580,221,483,394,274,41,237,469,278,92,188,238,95,65,601"
130,range_019576-019775,range_019726-019925,0.325,-0.175,0.0,0.0,"235,234,547,191,525,442,50,510,437,384,65,455,219,369,441,15,299,193,457,342"
131,range_019726-019925,range_019876-020075,0.2,-0.3,0.2686536837655513,0.40685770341161637,"574,553,620,503,517,366,479,154,502,177,609,210,612,491,603,456,104,304,433,103"
132,range_019876-020075,range_020026-020225,0.075,-0.425,0.0,0.483790237686312,"623,255,25,521,320,579,493,638,574,183,182,596,197,38,504,513,439,388,83,347"
133,range_020026-020225,range_020176-020375,0.55,0.050000000000000044,0.5225982610529898,0.435456397116722,"651,385,257,37,280,630,441,88,52,390,398,269,304,294,291,655,22,579,285,544"
134,range_020176-020375,range_020326-020525,0.075,-0.425,0.0,0.39282480320344826,"119,410,507,512,123,5,275,300,106,594,37,213,473,322,196,209,316,516,416,309"
135,range_020326-020525,range_020476-020675,0.225,-0.275,0.0,0.06439930717862076,"368,348,42,475,333,35,407,572,51,610,425,113,653,534,69,560,196,8,401,427"
136,range_020476-020675,range_020626-020825,0.25,-0.25,0.09247366168222804,0.38851966858703413,"419,229,343,381,488,67,265,293,610,196,280,533,76,479,15,204,553,299,586,35"
137,range_020626-020825,range_020776-020975,0.8,0.30000000000000004,1.1048260878283631,0.525446947726022,"32,265,439,507,445,658,416,426,44,229,603,70,609,606,604,16,633,217,112,228"
138,range_020776-020975,range_020926-021125,0.05,-0.45,0.0,0.8650675654262792,"392,28,204,274,258,620,253,562,197,63,393,261,57,78,439,167,284,601,210,235"
139,range_020926-021125,range_021076-021275,0.05,-0.45,0.0,1.2649831035316734,"599,570,617,197,89,182,412,365,463,75,608,388,474,113,43,116,618,24,351,411"
140,range_021076-021275,range_021226-021425,0.8,0.30000000000000004,0.4688685888284385,0.0,"483,87,46,129,415,622,116,281,237,180,243,613,424,347,89,380,38,346,356,586"
141,range_021226-021425,range_021376-021575,0.85,0.35,1.0080313370410603,0.42777321002693824,"417,68,389,450,550,432,490,255,543,630,291,200,89,459,165,187,444,520,414,218"
142,range_021376-021575,range_021526-021725,0.75,0.25,0.9411890425032466,0.7076195748761442,"327,111,152,68,367,212,497,274,297,343,395,42,98,266,18,157,603,276,24,543"
143,range_021526-021725,range_021676-021875,0.175,-0.325,0.0,0.1639587059316819,"118,492,104,321,451,221,216,458,79,69,664,515,28,466,363,211,286,278,432,317"
144,range_021676-021875,range_021826-022025,0.1,-0.4,0.05576082353595876,0.6952771676863023,"13,626,162,645,161,509,633,438,637,527,478,10,385,655,515,133,460,353,242,193"
145,range_021826-022025,range_021976-022175,0.3,-0.2,0.2585542755154254,0.7800839575801579,"158,233,432,245,209,580,315,411,571,490,593,496,262,237,522,351,346,220,399,572"
146,range_021976-022175,range_022126-022325,0.8,0.30000000000000004,1.1051213671143192,0.49790781372314025,"281,215,356,273,654,174,51,465,620,119,454,311,235,433,182,441,73,393,38,60"
147,range_022126-022325,range_022276-022475,0.45,-0.04999999999999999,0.7625291468859879,0.7921104217191162,"288,417,239,285,96,121,6,336,359,44,248,295,37,224,276,29,481,39,8,201"
148,range_022276-022475,range_022426-022625,0.125,-0.375,0.0,1.261838964363931,"130,133,243,173,351,84,129,488,571,601,297,236,245,165,600,496,203,43,427,483"
149,range_022426-022625,range_022576-022775,0.25,-0.25,0.16395344509361642,0.5530293758226184,"448,360,137,212,206,595,295,190,435,425,8,519,25,659,573,479,344,268,638,471"
150,range_022576-022775,range_022726-022925,0.5,0.0,0.09880963887812676,0.20011317146603613,"357,417,370,536,302,270,631,172,125,624,88,44,229,664,555,392,637,201,441,626"
151,range_022726-022925,range_022876-023075,0.65,0.15000000000000002,1.2564912742405276,1.1448472417019797,"372,383,32,463,595,51,92,431,392,89,327,111,222,424,458,566,350,235,205,548"
152,range_022876-023075,range_023026-023225,0.175,-0.325,0.0,0.1759624191393683,"526,440,124,383,470,249,496,479,549,164,187,640,610,40,133,575,220,566,63,561"
153,range_023026-023225,range_023176-023375,0.25,-0.25,0.0,0.046298635590612286,"366,564,286,643,578,9,465,41,659,322,433,398,636,586,374,248,337,234,203,554"
154,range_023176-023375,range_023326-023525,0.1,-0.4,0.0,0.7180139362401694,"9,43,193,512,461,347,296,534,55,126,596,366,278,571,580,262,474,238,570,237"
155,range_023326-023525,range_023476-023675,0.45,-0.04999999999999999,0.0,0.0,"288,567,655,101,556,547,37,35,239,175,417,637,57,107,568,6,48,352,651,536"
156,range_023476-023675,range_023626-023825,0.35,-0.15000000000000002,0.4515611268313528,0.5322857564766211,"219,546,121,628,101,538,661,356,224,166,110,34,465,179,307,26,631,279,357,230"
157,range_023626-023825,range_023776-023975,0.95,0.44999999999999996,0.9348484857303023,0.45788680365111256,"493,459,126,196,532,620,642,439,69,147,306,92,321,560,430,175,235,128,654,371"
158,range_023776-023975,range_023926-024125,0.05,-0.45,0.8196945770335076,1.2362022685526313,"193,637,22,499,64,35,52,194,546,125,228,478,65,229,452,385,107,454,31,170"
159,range_023926-024125,range_024076-024275,0.075,-0.425,0.0,0.6399753218937465,"83,514,401,620,622,346,523,46,99,297,602,15,363,628,58,502,34,47,458,86"
160,range_024076-024275,range_024226-024425,0.275,-0.22499999999999998,0.0,0.0,"510,622,619,130,481,269,132,603,504,371,218,223,361,438,527,70,366,623,270,390"
161,range_024226-024425,range_024376-024575,0.4,-0.09999999999999998,0.19716976836460232,0.34066544232333656,"486,266,313,306,41,545,564,422,447,457,10,577,325,396,125,626,143,31,138,357"
162,range_024376-024575,range_024526-024725,0.1,-0.4,0.0,1.0895112150516708,"237,56,635,183,208,383,512,640,95,580,608,301,262,9,220,498,403,537,245,43"
163,range_024526-024725,range_024676-024875,0.85,0.35,0.6166425839920504,0.13065150439749745,"100,548,536,303,572,647,559,451,46,570,439,526,104,9,357,316,376,363,135,638"
164,range_024676-024875,range_024826-025025,0.175,-0.325,0.0,0.10952749383423704,"333,566,116,263,36,75,332,462,427,498,237,647,571,399,243,590,214,522,632,603"
165,range_024826-025025,range_024976-025175,0.55,0.050000000000000044,0.4915201809488531,0.4173222497214985,"154,319,8,335,607,1,489,664,181,445,149,113,419,365,190,657,463,299,90,556"
166,range_024976-025175,range_025126-025325,0.85,0.35,1.0845855668141597,0.7640148220443486,"327,187,155,84,189,300,332,112,309,215,543,304,121,9,285,472,567,48,363,610"
167,range_025126-025325,range_025276-025475,0.2,-0.3,0.0,0.08274541093858014,"236,312,250,433,104,5,97,127,580,99,327,262,279,287,245,147,608,526,189,571"
168,range_025276-025475,range_025426-025625,0.4,-0.09999999999999998,0.0,0.0,"418,30,301,630,53,100,112,510,41,595,306,435,251,467,4,493,463,465,446,654"
169,range_025426-025625,range_025576-025775,0.15,-0.35,0.10672532460441342,0.3726618497155152,"42,538,437,111,611,467,325,477,345,255,629,510,154,520,44,37,310,27,324,481"
170,range_025576-025775,range_025726-025925,0.6,0.09999999999999998,0.6290474272998938,0.2768964043179061,"278,158,117,321,191,206,548,387,425,29,318,85,6,497,494,7,347,401,129,578"
171,range_025726-025925,range_025876-026075,0.85,0.35,1.2246722970827344,0.6306847752861839,"33,338,460,231,290,547,16,529,17,70,291,248,436,273,405,159,577,13,353,1"
172,range_025876-026075,range_026026-026225,0.6,0.09999999999999998,1.676828995647691,1.4229419755042088,"439,562,308,357,135,624,612,414,105,51,235,398,553,586,633,154,645,100,2,592"
173,range_026026-026225,range_026176-026375,0.6,0.09999999999999998,0.1349397369407866,0.0,"154,11,638,353,322,330,58,137,350,243,256,155,566,192,51,296,305,75,563,398"
174,range_026176-026375,range_026326-026525,0.75,0.25,0.6683463880436961,0.10467174858767564,"522,388,352,84,284,230,243,100,617,641,525,432,430,297,410,383,630,234,542,315"
175,range_026326-026525,range_026476-026675,0.2,-0.3,0.30044055755466564,0.5260558858372779,"408,279,159,193,16,48,628,415,565,105,248,161,605,313,551,529,23,60,224,436"
176,range_026476-026675,range_026626-026825,0.175,-0.325,0.0,0.44608183070122,"32,458,192,73,332,24,572,124,56,440,393,55,85,206,196,136,536,302,8,521"
177,range_026626-026825,range_026776-026975,0.6,0.09999999999999998,0.12537764090102269,0.08356899403754232,"241,64,27,347,81,368,41,638,581,456,387,365,193,206,109,162,30,457,343,392"
178,range_026776-026975,range_026926-027125,0.15,-0.35,0.02924375994409644,0.2839773828870193,"107,331,529,277,568,630,625,473,651,21,650,69,156,105,244,551,631,60,582,1"
179,range_026926-027125,range_027076-027275,0.1,-0.4,0.3490681088975261,1.1357750939438884,"282,243,38,498,60,63,237,458,401,646,294,617,254,220,565,233,399,366,406,112"
180,range_027076-027275,range_027226-027425,0.225,-0.275,0.0,0.057014059743731346,"258,555,29,259,309,15,114,448,543,590,531,460,587,294,511,120,492,190,193,299"
181,range_027226-027425,range_027376-027575,0.45,-0.04999999999999999,0.3538493557724117,0.35457506144807605,"225,89,603,163,520,74,618,147,315,601,117,439,63,293,47,83,161,543,51,353"
182,range_027376-027575,range_027526-027725,0.65,0.15000000000000002,0.3932626653623,0.2978198436159777,"442,508,450,532,436,66,624,61,215,330,514,619,98,595,50,538,462,611,249,52"
183,range_027526-027725,range_027676-027875,0.15,-0.35,0.7099745838394883,0.9719767099715604,"476,334,583,329,115,652,506,252,605,349,629,475,17,484,485,535,503,444,172,588"
184,range_027676-027875,range_027826-028025,0.65,0.15000000000000002,0.8726085688284069,0.8088821581879535,"397,93,334,506,485,528,588,639,484,19,431,14,583,115,471,329,475,420,604,10"
185,range_027826-028025,range_027976-028175,0.0,-0.5,0.5420346399711184,1.1590151213796611,"582,420,379,148,532,535,652,616,444,583,317,224,14,656,314,329,252,624,501,6"
186,range_027976-028175,range_028126-028325,0.0,-0.5,0.35051465540466786,2.1396039758362213,"571,498,236,147,155,222,466,351,580,127,522,559,467,75,5,74,469,79,165,483"
187,range_028126-028325,range_028276-028475,0.9,0.4,0.8048098691214018,0.0044161981667732286,"430,489,132,89,66,505,174,368,200,92,372,53,334,310,238,50,46,356,60,561"
188,range_028276-028475,range_028426-028625,0.375,-0.125,0.0,0.0,"225,398,263,230,596,95,430,406,212,282,640,376,97,498,612,364,73,599,561,343"
189,range_028426-028625,range_028576-028775,0.95,0.44999999999999996,1.0588025308759745,0.12130132621307717,"389,432,626,144,443,468,104,210,40,479,534,480,382,4,459,87,469,574,530,316"
190,range_028576-028775,range_028726-028925,0.9,0.4,0.909595407007115,0.5740361572752246,"624,219,94,628,258,286,52,336,131,533,370,487,86,160,166,88,591,482,266,23"
191,range_028726-028925,range_028876-029075,0.75,0.25,1.3560377636714132,0.6657616055851281,"142,569,360,75,163,488,122,119,398,117,380,123,351,24,561,127,406,250,43,641"
192,range_028876-029075,range_029026-029225,0.8,0.30000000000000004,0.8799413755766212,0.4252855513849285,"182,82,429,175,229,319,341,510,110,242,32,354,492,109,234,650,654,307,661,122"
193,range_029026-029225,range_029176-029375,0.025,-0.475,0.0,0.8531510584110743,"154,512,580,542,155,300,245,554,43,366,571,233,78,534,640,623,243,237,220,254"
194,range_029176-029375,range_029326-029525,1.0,0.5,0.6293347369536727,0.0,"40,564,268,82,112,628,509,538,553,547,273,423,533,8,446,44,61,359,289,642"
195,range_029326-029525,range_029476-029675,0.25,-0.25,0.0,0.012367190152144483,"163,569,142,611,223,278,351,393,574,440,653,287,557,453,368,265,548,364,5,103"
196,range_029476-029675,range_029626-029825,0.45,-0.04999999999999999,0.14238182679049738,0.15202212235927923,"623,272,60,451,79,618,103,89,87,641,165,74,407,174,443,425,540,376,147,46"
197,range_029626-029825,range_029776-029975,0.55,0.050000000000000044,1.6226382136412294,1.4458015663194348,"656,584,21,604,149,373,486,295,524,176,576,482,1,17,643,107,277,145,217,151"
198,range_029776-029975,range_029926-030125,0.15,-0.35,0.6557067533973798,0.8831139381082533,"289,326,172,94,436,476,396,295,329,437,184,449,408,169,10,545,655,431,503,447"
199,range_029926-030125,range_030076-030275,0.1,-0.4,0.033266859268746195,1.096087797975735,"612,282,574,406,256,237,596,179,262,246,477,551,513,254,35,571,34,542,220,116"
200,range_030076-030275,range_030226-030425,0.25,-0.25,0.0,0.0011259129694611036,"601,147,434,544,543,405,505,87,45,589,84,135,398,523,320,628,468,166,504,90"
201,range_030226-030425,range_030376-030575,0.55,0.050000000000000044,0.8904963903855341,0.7319822333523172,"321,478,225,47,360,304,167,547,461,514,650,189,35,152,608,243,508,318,60,221"
202,range_030376-030575,range_030526-030725,0.55,0.050000000000000044,1.0402165759325535,1.038421417201739,"527,545,149,487,339,338,107,551,326,452,409,482,625,385,146,636,436,576,248,267"
203,range_030526-030725,range_030676-030875,0.5,0.0,0.8747605583651796,0.9053452160787415,"38,357,594,28,500,83,46,40,168,269,217,426,601,349,193,296,32,25,91,648"
204,range_030676-030875,range_030826-031025,0.15,-0.35,0.0,0.21134520866170114,"323,137,156,318,339,312,138,152,455,31,293,274,594,322,464,577,40,50,435,355"
205,range_030826-031025,range_030976-031175,0.2,-0.3,0.06154944521838408,0.2889978876444684,"413,49,179,34,46,490,461,322,378,527,4,266,480,170,83,124,299,376,638,450"
206,range_030976-031175,range_031126-031325,0.65,0.15000000000000002,0.7667281582110005,0.4708642770396535,"392,648,119,573,461,552,517,42,481,664,565,132,419,138,125,379,350,130,519,652"
207,range_031126-031325,range_031276-031475,0.7,0.19999999999999996,1.2624871807300964,1.0669725707519864,"663,319,315,434,254,516,515,51,74,37,307,234,581,657,165,4,620,143,567,371"
208,range_031276-031475,range_031426-031625,0.25,-0.25,0.0,0.03250628139619626,"318,640,263,395,42,56,220,572,364,83,380,547,92,294,388,563,28,595,292,617"
209,range_031426-031625,range_031576-031775,0.3,-0.2,0.0,0.02452940252816735,"49,611,116,561,84,498,262,647,526,233,383,608,245,112,36,237,474,75,43,406"
210,range_031576-031775,range_031726-031925,0.1,-0.4,0.0,0.4149680090386165,"36,246,94,594,575,85,330,571,399,646,561,580,498,237,97,388,526,233,164,611"
211,range_031726-031925,range_031876-032075,0.3,-0.2,0.0,0.0,"42,86,280,132,581,634,503,9,274,190,593,226,630,107,443,229,337,477,268,163"
212,range_031876-032075,range_032026-032225,0.35,-0.15000000000000002,0.2723746884169441,0.4132831460513364,"566,518,430,263,596,154,260,534,344,522,49,632,355,66,440,612,462,571,90,270"
213,range_032026-032225,range_032176-032375,0.75,0.25,0.1858736036127519,0.0,"453,603,425,393,250,345,560,73,574,630,117,520,321,615,225,512,664,364,344,610"
214,range_032176-032375,range_032326-032525,0.4,-0.09999999999999998,0.2620416065416793,0.3702875510565685,"265,324,638,361,343,344,173,569,279,446,130,50,352,466,204,339,266,284,558,129"
215,range_032326-032525,range_032476-032675,0.05,-0.45,0.08246262668023366,0.5560530561452236,"107,16,201,500,179,191,562,25,299,606,101,556,241,40,524,302,76,573,140,325"
216,range_032476-032675,range_032626-032825,0.2,-0.3,0.28409931287719814,0.6682848225780934,"181,578,314,435,227,530,71,406,470,541,293,46,100,360,368,438,48,488,142,653"
217,range_032626-032825,range_032776-032975,0.95,0.44999999999999996,0.7135345233927298,0.0,"388,63,630,91,557,241,619,590,64,112,433,30,500,308,406,497,303,234,586,126"
218,range_032776-032975,range_032926-033125,0.65,0.15000000000000002,0.5874570527075756,0.38370775611906327,"446,70,416,122,384,324,11,279,96,436,20,546,651,628,396,275,629,112,59,591"
219,range_032926-033125,range_033076-033275,0.9,0.4,2.23864075886448,1.3622197992456133,"566,318,43,296,368,24,46,598,95,627,403,474,262,662,342,174,453,364,263,103"
220,range_033076-033275,range_033226-033425,0.1,-0.4,0.6521637864199493,1.2035086331585625,"155,340,491,181,301,550,553,98,66,540,557,300,132,180,366,439,530,518,603,389"
221,range_033226-033425,range_033376-033575,0.1,-0.4,0.5057005732071029,0.9392141759212191,"435,643,340,60,194,477,320,525,331,390,494,231,313,207,556,71,108,350,57,161"
222,range_033376-033575,range_033526-033725,0.8,0.30000000000000004,1.0338263989856082,0.8253709881630129,"479,442,170,446,64,85,319,27,180,302,100,65,62,562,431,482,582,69,657,140"
223,range_033526-033725,range_033676-033875,0.2,-0.3,0.14602080861889258,0.2950887951939895,"576,257,390,651,501,607,240,431,556,585,291,14,67,184,460,386,625,591,160,664"
224,range_033676-033875,range_033826-034025,0.65,0.15000000000000002,1.5501006368977737,1.167838879177538,"606,620,497,355,327,653,83,55,118,282,205,520,296,89,266,303,662,164,542,395"
225,range_033826-034025,range_033976-034175,0.25,-0.25,0.0,0.029880049334074767,"306,530,81,631,182,595,630,292,594,445,103,560,423,200,305,183,181,171,516,308"
226,range_033976-034175,range_034126-034325,0.35,-0.15000000000000002,0.5280416706734323,0.6495061381951173,"205,316,343,346,303,109,68,578,211,169,168,292,504,78,3,38,59,459,204,521"
227,range_034126-034325,range_034276-034475,0.7,0.19999999999999996,0.6065555788833836,0.30948671521056376,"581,97,611,569,430,593,92,654,540,90,56,292,622,369,526,209,182,424,143,116"
228,range_034276-034475,range_034426-034625,0.35,-0.15000000000000002,0.8405027241343848,1.04480363878697,"441,344,158,165,189,499,383,22,512,470,443,140,657,182,493,586,542,330,440,530"
229,range_034426-034625,range_034576-034775,0.175,-0.325,0.0,0.30654225469742624,"453,494,566,45,580,37,412,612,393,571,39,43,561,209,376,523,611,368,214,599"
230,range_034576-034775,range_034726-034925,0.8,0.30000000000000004,1.192352914254328,0.3557631357708537,"13,350,105,408,392,507,375,260,266,268,510,324,261,310,195,589,172,446,429,159"
231,range_034726-034925,range_034876-035075,0.15,-0.35,0.3273110924588765,0.5144505840287854,"584,582,325,331,528,13,362,115,437,118,487,452,328,62,614,616,272,338,373,624"
232,range_034876-035075,range_035026-035225,0.95,0.44999999999999996,1.9799261091148783,1.1896994962377616,"311,79,383,77,563,280,457,127,623,132,388,321,519,513,144,455,647,245,330,192"
233,range_035026-035225,range_035176-035375,0.025,-0.475,0.0,0.8646446627265851,"154,155,255,223,119,415,366,534,137,281,664,324,554,592,337,157,103,644,637,472"
234,range_035176-035375,range_035326-035525,0.1,-0.4,0.0,0.32234192522161864,"316,143,382,308,522,368,113,202,533,45,538,365,256,167,615,598,483,5,662,78"
235,range_035326-035525,range_035476-035675,0.9,0.4,0.6563832127720254,0.056705904821942626,"522,103,116,617,403,202,620,463,549,440,612,141,586,365,164,296,147,221,214,498"
236,range_035476-035675,range_035626-035825,0.6,0.09999999999999998,0.05517964682574711,0.0,"526,430,99,439,498,351,580,522,127,427,215,97,262,226,469,483,222,571,74,474"
237,range_035626-035825,range_035776-035975,0.6,0.09999999999999998,1.2747379668577439,1.0631571227816072,"534,35,642,129,355,627,77,622,419,360,414,593,649,98,411,205,137,32,59,302"
238,range_035776-035975,range_035926-036125,0.35,-0.15000000000000002,0.649148842407707,0.7769667950117458,"175,54,501,176,656,268,484,138,349,224,207,535,645,102,248,639,314,96,503,114"
239,range_035926-036125,range_036076-036275,0.0,-0.5,0.0,1.173174496729121,"389,403,647,580,411,640,383,136,274,97,283,518,292,189,332,611,263,212,563,502"
240,range_036076-036275,range_036226-036425,0.225,-0.275,0.0,0.14872874648105974,"476,553,409,286,157,422,492,257,166,377,568,290,595,629,396,261,62,448,101,145"
241,range_036226-036425,range_036376-036575,0.05,-0.45,0.0,1.1190854522846976,"647,68,95,56,474,343,278,388,287,221,265,43,483,304,403,446,336,399,214,412"
242,range_036376-036575,range_036526-036725,0.75,0.25,1.5526378271905208,0.9450235497090107,"278,91,580,566,158,43,495,601,403,380,446,412,496,442,557,513,30,367,181,427"
243,range_036526-036725,range_036676-036875,0.25,-0.25,0.9703737607983894,1.29508573213158,"8,607,299,661,648,565,289,18,465,271,373,387,460,34,591,402,273,643,396,203"
244,range_036676-036875,range_036826-037025,1.0,0.5,2.8255052993542713,0.5751043281697152,"388,36,296,521,470,562,220,540,54,330,647,354,545,565,211,526,599,548,399,610"
245,range_036826-037025,range_036976-037175,0.3,-0.2,0.4744989550528173,0.7022525730669085,"24,593,600,196,599,430,526,367,505,513,458,90,383,164,445,395,208,507,56,97"
246,range_036976-037175,range_037126-037325,0.4,-0.09999999999999998,0.47877633420319815,0.6959936204007485,"637,124,332,395,278,168,389,547,206,586,549,83,39,287,135,508,84,94,281,356"
247,range_037126-037325,range_037276-037475,0.275,-0.22499999999999998,0.0,0.0,"354,5,543,558,598,613,399,627,55,611,264,312,157,640,287,560,235,230,459,181"
248,range_037276-037475,range_037426-037625,0.55,0.050000000000000044,0.20411122573784438,0.06971581078283612,"463,137,210,440,413,466,323,77,202,124,230,66,357,65,182,627,451,47,641,649"
249,range_037426-037625,range_037576-037775,0.85,0.35,0.5141438861966003,0.12921359086449166,"71,450,374,265,320,579,366,369,47,643,394,297,163,356,89,406,403,518,7,508"
250,range_037576-037775,range_037726-037925,0.15,-0.35,0.03816522723261885,0.576942261136399,"160,130,23,162,161,632,408,604,619,52,152,33,564,660,266,473,205,9,326,369"
251,range_037726-037925,range_037876-038075,0.7,0.19999999999999996,0.8586025079925088,0.5651363728550263,"625,588,528,115,334,539,329,501,328,485,76,19,114,359,506,23,503,325,25,105"
252,range_037876-038075,range_038026-038225,0.3,-0.2,1.222059407385224,1.5847300231829236,"30,98,512,507,424,123,534,359,645,564,572,303,497,231,619,592,642,400,350,213"
253,range_038026-038225,range_038176-038375,0.325,-0.175,0.0,0.0,"287,450,300,147,663,165,91,69,456,497,318,127,345,209,413,432,103,425,388,557"
254,range_038176-038375,range_038326-038525,1.0,0.5,0.9166868976300777,0.34041652373159914,"84,196,166,628,664,91,51,414,534,120,57,525,551,202,183,280,137,77,504,64"
255,range_038326-038525,range_038476-038675,0.6,0.09999999999999998,0.5825673116766156,0.45295668942771644,"497,520,611,135,461,562,306,131,364,227,139,33,98,598,331,2,434,450,123,196"
256,range_038476-038675,range_038626-038825,0.4,-0.09999999999999998,0.2180128237240223,0.36098526377626683,"305,235,117,612,136,340,179,197,386,650,382,346,279,425,309,182,586,330,353,443"
257,range_038626-038825,range_038776-038975,0.3,-0.2,0.26394035895143514,0.4725555622742215,"239,61,349,664,241,76,377,162,648,175,350,169,631,335,143,654,244,527,441,337"
258,range_038776-038975,range_038926-039125,0.1,-0.4,0.0,0.47434952174758593,"69,352,495,204,167,47,324,126,396,8,548,243,100,344,117,584,660,34,297,304"
259,range_038926-039125,range_039076-039275,0.5,0.0,0.6761261834234922,0.6574953876765417,"355,569,523,541,167,492,450,227,78,542,384,310,174,593,299,50,520,478,193,152"
260,range_039076-039275,range_039226-039425,0.175,-0.325,0.0,0.3239141955617479,"246,513,315,425,432,43,173,410,192,213,174,171,292,183,638,378,462,351,40,164"
261,range_039226-039425,range_039376-039575,1.0,0.5,1.3307947317139128,0.13388023880604802,"604,659,403,318,94,190,55,302,71,95,663,24,572,189,303,322,479,311,474,165"
262,range_039376-039575,range_039526-039725,0.1,-0.4,0.0,0.2833498550583122,"296,189,432,356,570,393,599,561,188,383,77,220,99,43,55,238,89,549,209,132"
263,range_039526-039725,range_039676-039875,0.2,-0.3,0.573010855324776,0.9255471120019447,"462,514,104,209,71,135,499,79,103,382,631,275,581,52,488,633,47,122,246,505"
264,range_039676-039875,range_039826-040025,0.1,-0.4,0.0,0.47753799114690865,"578,384,618,493,32,658,9,96,227,171,415,65,5,63,500,311,304,196,419,46"
265,range_039826-040025,range_039976-040175,0.025,-0.475,0.0,0.4205323983228212,"346,410,28,71,206,513,662,378,456,38,25,165,135,596,631,389,158,493,418,183"
266,range_039976-040175,range_040126-040325,0.1,-0.4,0.0,0.15303266074843036,"103,140,511,377,352,81,217,26,546,120,110,506,190,86,510,644,187,662,660,6"
267,range_040126-040325,range_040276-040475,0.05,-0.45,0.0,0.6972027430433165,"136,310,100,147,562,510,365,246,451,233,86,434,220,250,177,46,101,296,70,292"
268,range_040276-040475,range_040426-040625,0.3,-0.2,0.0,0.0,"53,477,578,664,326,322,301,161,9,484,231,467,103,564,331,376,521,40,307,465"
269,range_040426-040625,range_040576-040775,0.9,0.4,1.149972881520678,0.5534555029154304,"429,592,135,524,448,412,645,424,191,62,443,488,308,330,493,642,560,23,462,16"
270,range_040576-040775,range_040726-040925,0.4,-0.09999999999999998,0.13304623753627928,0.21523667880374436,"536,515,653,98,621,205,441,368,156,437,505,64,7,74,396,195,479,466,0,618"
271,range_040726-040925,range_040876-041075,0.0,-0.5,0.0,1.26797825884361,"566,282,599,294,603,46,95,165,233,617,634,308,287,315,213,427,63,316,117,24"
272,range_040876-041075,range_041026-041225,0.3,-0.2,0.01310929410798692,0.5995193581236173,"341,318,41,73,188,116,446,521,627,30,211,319,74,496,256,321,526,604,510,421"
273,range_041026-041225,range_041176-041375,0.1,-0.4,0.24378598802109916,1.0193739502051575,"245,188,237,580,440,173,214,77,343,292,43,64,56,537,464,635,78,640,389,95"
274,range_041176-041375,range_041326-041525,0.325,-0.175,0.0,0.0,"586,341,523,27,465,344,142,402,448,284,488,361,499,387,649,250,122,15,481,311"
275,range_041326-041525,range_041476-041675,0.1,-0.4,0.26968227629465097,0.6650518082652068,"201,370,290,241,94,80,162,385,335,176,336,53,568,289,476,339,374,6,460,353"
276,range_041476-041675,range_041626-041825,0.3,-0.2,0.0,0.0,"580,510,474,126,49,41,537,462,602,213,245,483,27,526,617,43,116,315,15,183"
277,range_041626-041825,range_041776-041975,0.7,0.19999999999999996,0.2823476520575064,0.0,"150,466,302,394,343,38,2,628,238,58,136,443,327,586,593,216,386,579,547,206"
278,range_041776-041975,range_041926-042125,0.75,0.25,0.5068685043514778,0.24166712444446306,"494,501,650,100,312,630,182,163,420,336,215,541,578,91,234,168,121,141,642,45"
279,range_041926-042125,range_042076-042275,0.2,-0.3,0.5580946590788164,0.9138982894568656,"347,180,568,647,380,315,512,308,158,406,615,235,293,246,432,300,196,344,421,461"
280,range_042076-042275,range_042226-042425,0.35,-0.15000000000000002,0.0,0.0,"173,394,416,540,82,343,136,433,631,77,471,370,360,31,568,66,162,352,253,347"
281,range_042226-042425,range_042376-042575,0.4,-0.09999999999999998,0.1334768504666447,0.4213681912843157,"55,357,581,570,513,38,596,514,566,322,237,144,599,571,646,330,141,580,24,453"
282,range_042376-042575,range_042526-042725,0.375,-0.125,0.0,0.0,"406,596,330,254,97,237,571,116,300,575,55,440,246,43,574,647,209,211,205,28"
283,range_042526-042725,range_042676-042875,0.3,-0.2,0.0,0.0,"73,29,170,31,197,95,387,554,466,451,572,196,396,412,382,112,576,98,135,592"
284,range_042676-042875,range_042826-043025,0.0,-0.5,0.0,0.47057786843727417,"515,550,499,508,520,168,502,663,433,644,664,117,67,505,653,537,366,372,357,442"
285,range_042826-043025,range_042976-043175,0.55,0.050000000000000044,0.4436791692253712,0.41915793344493607,"203,353,299,582,326,13,162,545,405,76,20,447,486,377,201,176,17,621,656,625"
286,range_042976-043175,range_043126-043325,0.3,-0.2,0.12869747377383,0.40291163301658695,"427,116,599,634,638,249,543,97,572,440,355,95,453,15,264,399,356,378,263,383"
287,range_043126-043325,range_043276-043475,0.1,-0.4,0.5092029824238526,0.9181399261278735,"545,604,370,139,115,21,172,597,199,118,326,373,178,454,169,449,527,524,277,621"
288,range_043276-043475,range_043426-043625,0.15,-0.35,0.252658674909403,0.9511587563463575,"647,477,478,301,129,458,89,117,170,120,440,188,190,150,497,544,243,174,474,360"
289,range_043426-043625,range_043576-043775,0.35,-0.15000000000000002,0.0,0.0,"576,199,370,175,428,567,607,539,259,397,353,656,114,643,314,18,101,579,606,6"
290,range_043576-043775,range_043726-043925,0.05,-0.45,0.0,0.9971070546663436,"79,483,192,158,563,127,220,469,226,390,451,47,144,498,553,187,345,236,579,262"
291,range_043726-043925,range_043876-044075,0.275,-0.22499999999999998,0.0,0.0516978928310984,"153,246,189,63,376,221,220,321,238,401,274,457,56,427,99,496,557,0,472,467"
292,range_043876-044075,range_044026-044225,0.3,-0.2,0.0,0.0,"270,516,45,92,468,103,193,414,319,104,332,191,602,429,456,550,60,71,493,557"
293,range_044026-044225,range_044176-044375,1.0,0.5,1.4294453701087992,0.17564855812607488,"55,226,24,87,598,165,388,599,610,617,380,225,181,376,99,335,95,158,430,521"
294,range_044176-044375,range_044326-044525,0.85,0.35,0.6628498979019278,0.22447033961217083,"265,627,103,234,182,306,408,413,354,59,620,477,547,353,624,614,319,310,173,227"
295,range_044326-044525,range_044476-044675,0.35,-0.15000000000000002,1.671401424048806,2.176661813856305,"522,220,43,569,84,237,599,419,483,399,496,375,383,566,623,477,72,635,608,251"
296,range_044476-044675,range_044626-044825,0.3,-0.2,0.0,0.0,"575,432,189,663,215,442,638,256,250,451,434,10,24,35,55,64,428,323,213,243"
297,range_044626-044825,range_044776-044975,0.1,-0.4,0.5859695560075618,1.227306880722231,"588,336,349,616,57,529,391,248,576,76,639,370,385,436,524,484,314,397,19,277"
298,range_044776-044975,range_044926-045125,0.35,-0.15000000000000002,0.759531835837825,0.8101556805299207,"259,486,350,405,179,503,527,17,145,605,582,664,606,478,379,492,260,457,485,71"
299,range_044926-045125,range_045076-045275,0.15,-0.35,0.09500804827026439,0.6963901511089463,"237,354,283,406,399,282,557,330,574,246,571,498,46,214,580,548,596,401,512,75"
300,range_045076-045275,range_045226-045425,0.7,0.19999999999999996,0.008493729264833518,0.0,"337,641,551,57,536,630,602,429,663,344,389,247,9,558,113,381,472,206,421,130"
301,range_045226-045425,range_045376-045575,0.8,0.30000000000000004,1.08478449029057,0.3699127570637496,"396,436,138,359,390,228,564,492,655,405,391,269,159,482,240,358,487,661,454,286"
302,range_045376-045575,range_045526-045725,0.7,0.19999999999999996,0.6387910780167729,0.4664109455871689,"571,580,180,36,191,406,11,95,28,350,498,282,131,527,617,345,575,211,236,494"
303,range_045526-045725,range_045676-045875,0.9,0.4,0.3749758884488405,0.0,"351,164,602,393,601,376,24,35,79,73,520,364,640,554,392,380,163,324,8,221"
304,range_045676-045875,range_045826-046025,0.75,0.25,0.514917606375011,0.3258948982453002,"546,157,251,445,161,3,517,481,18,511,473,436,444,636,25,203,216,397,93,624"
305,range_045826-046025,range_045976-046175,0.4,-0.09999999999999998,0.2859406831270443,0.44958577119552134,"407,557,92,497,5,204,236,657,143,36,74,196,649,634,596,32,533,9,650,435"
306,range_045976-046175,range_046126-046325,0.25,-0.25,0.0,0.31148749574637163,"135,116,296,104,470,525,591,465,654,122,55,56,383,316,631,546,504,72,365,382"
307,range_046126-046325,range_046276-046475,0.375,-0.125,0.0,0.0,"344,398,368,416,497,456,612,382,262,206,380,496,122,69,297,75,26,237,647,493"
308,range_046276-046475,range_046426-046625,0.1,-0.4,0.0,0.37261915656810113,"537,627,383,496,498,561,403,346,202,141,622,287,75,368,352,525,567,140,522,398"
309,range_046426-046625,range_046576-046775,0.8,0.30000000000000004,0.3372361885463024,0.07118449836426273,"366,255,11,117,573,594,249,465,659,518,204,182,469,337,508,400,425,493,202,157"
310,range_046576-046775,range_046726-046925,1.0,0.5,0.9175283491340029,0.5355166469842141,"619,92,103,414,32,201,6,381,550,622,208,350,19,538,215,94,656,160,651,591"
311,range_046726-046925,range_046876-047075,0.125,-0.375,0.0,0.36435076470320604,"351,220,563,236,571,147,537,180,388,75,520,183,393,278,214,623,233,601,332,164"
312,range_046876-047075,range_047026-047225,0.35,-0.15000000000000002,0.11330375613412622,0.19219034809562519,"172,91,459,511,434,261,124,155,293,387,178,649,160,461,193,630,218,8,342,419"
313,range_047026-047225,range_047176-047375,0.15,-0.35,0.2446804459747964,0.48848106909506644,"277,645,272,23,542,240,125,186,219,657,485,582,437,487,584,295,637,273,636,377"
314,range_047176-047375,range_047326-047525,0.9,0.4,2.0340056264926227,1.3524147859913942,"378,280,29,332,49,564,490,445,512,11,461,86,246,348,16,369,615,453,327,294"
315,range_047326-047525,range_047476-047675,0.275,-0.22499999999999998,0.0,0.0,"4,247,518,166,443,400,497,548,38,540,100,355,550,446,385,368,596,276,635,345"
316,range_047476-047675,range_047626-047825,0.4,-0.09999999999999998,1.1405571191521644,1.2788053508868835,"656,391,151,588,374,420,54,576,349,248,21,359,231,115,259,6,148,93,19,527"
317,range_047626-047825,range_047776-047975,1.0,0.5,2.287124810658464,0.8937326346352152,"574,111,83,632,385,406,627,64,340,225,586,476,117,590,491,196,71,69,515,511"
318,range_047776-047975,range_047926-048125,0.75,0.25,1.0852811098674289,0.8257257896195116,"49,510,442,51,472,410,159,597,270,644,50,473,300,226,455,121,84,536,91,649"
319,range_047926-048125,range_048076-048275,0.6,0.09999999999999998,0.5980042150961872,0.44973540674214674,"471,402,605,656,279,407,69,34,23,334,484,390,564,81,21,289,248,613,232,524"
320,range_048076-048275,range_048226-048425,0.075,-0.425,0.028555352102786504,0.7767715584381476,"522,79,483,58,158,262,393,75,466,580,74,127,432,469,495,563,440,237,571,543"
321,range_048226-048425,range_048376-048575,0.175,-0.325,0.0,0.19454537011709605,"461,632,170,348,555,341,302,111,504,511,171,589,70,40,448,293,68,71,584,163"
322,range_048376-048575,range_048526-048725,1.0,0.5,1.3512497716369531,0.6212396894507385,"51,133,521,548,603,286,266,350,119,418,460,336,457,222,30,244,658,168,482,273"
323,range_048526-048725,range_048676-048875,0.15,-0.35,0.2604587275220773,0.833657742569363,"284,414,182,10,270,428,465,341,202,312,366,66,619,573,260,338,584,163,364,655"
324,range_048676-048875,range_048826-049025,0.2,-0.3,0.5860162387255868,0.856980871062629,"471,614,449,358,353,371,16,240,377,503,276,585,101,486,339,239,118,447,639,390"
325,range_048826-049025,range_048976-049175,0.35,-0.15000000000000002,0.596621467583277,0.7895055918682609,"266,156,232,369,600,379,149,190,212,195,200,448,81,362,386,82,271,50,509,587"
326,range_048976-049175,range_049126-049325,0.15,-0.35,0.39832103507114924,1.0661615538450055,"188,635,412,303,123,522,575,537,99,296,440,415,598,646,68,581,55,457,214,599"
327,range_049126-049325,range_049276-049475,0.45,-0.04999999999999999,0.379304367566395,0.32426628749070796,"373,120,605,176,21,551,207,149,349,606,482,20,501,471,231,371,639,285,645,172"
328,range_049276-049475,range_049426-049625,0.9,0.4,1.080438756366144,0.6924092049575712,"239,118,588,107,656,431,12,531,149,473,358,605,420,373,476,277,317,17,604,120"
329,range_049426-049625,range_049576-049775,0.85,0.35,1.1426726407791323,0.6992144473877333,"381,308,569,270,649,615,352,611,425,38,401,181,400,211,100,119,144,183,249,260"
330,range_049576-049775,range_049726-049925,1.0,0.5,2.093160032185567,1.0611552530990174,"650,118,385,509,449,584,375,277,16,577,568,636,643,248,452,625,224,379,52,169"
331,range_049726-049925,range_049876-050075,0.55,0.050000000000000044,1.6316646355760345,1.476984127172551,"191,450,15,177,58,595,493,659,573,103,126,173,66,308,613,381,550,627,579,77"
332,range_049876-050075,range_050026-050225,0.15,-0.35,0.0,0.2177257387904557,"116,208,602,658,389,245,243,164,43,56,183,580,220,468,558,403,214,318,483,237"
333,range_050026-050225,range_050176-050375,1.0,0.5,1.0114126567261967,0.09191528155086309,"565,633,139,417,587,629,232,148,161,621,150,1,219,239,606,289,8,374,588,524"
334,range_050176-050375,range_050326-050525,0.8,0.30000000000000004,1.3211737491467055,0.9079401860405638,"431,139,64,661,420,527,418,476,93,138,185,33,556,444,535,219,176,506,57,550"
335,range_050326-050525,range_050476-050675,0.15,-0.35,0.25453035417287645,0.8070754006085785,"557,200,578,496,112,278,516,613,230,440,173,212,210,158,318,530,594,122,30,282"
336,range_050476-050675,range_050626-050825,0.9,0.4,1.068459119240246,0.36043470103511643,"294,293,42,541,433,14,44,17,11,323,180,609,200,149,129,71,530,139,18,190"
337,range_050626-050825,range_050776-050975,0.85,0.35,1.2207202471666143,0.8500405259274906,"162,651,216,35,660,33,636,108,447,25,149,18,1,294,402,266,404,302,410,408"
338,range_050776-050975,range_050926-051125,0.25,-0.25,0.1349773616613067,1.2655190513301773,"467,192,465,608,158,573,233,90,144,76,501,236,579,245,529,563,75,321,451,544"
339,range_050926-051125,range_051076-051275,0.1,-0.4,0.07306574218408933,0.8521192118504647,"520,188,486,513,243,47,470,451,351,225,213,554,505,5,323,2,356,24,393,383"
340,range_051076-051275,range_051226-051425,0.75,0.25,0.04659904199446132,0.0,"405,29,134,142,135,273,367,531,162,328,175,422,404,428,39,544,71,506,591,655"
341,range_051226-051425,range_051376-051575,0.8,0.30000000000000004,0.9789921486382014,0.6553052438357654,"39,68,238,490,422,57,595,294,398,281,179,110,299,153,545,536,589,62,623,250"
342,range_051376-051575,range_051526-051725,0.4,-0.09999999999999998,0.13891293898841983,0.23525252992206164,"26,250,380,78,364,580,637,24,498,504,95,569,388,157,586,297,627,453,237,87"
343,range_051526-051725,range_051676-051875,0.9,0.4,0.3981811255504756,0.0,"443,171,380,483,496,411,126,430,372,580,157,192,612,38,322,77,92,490,563,399"
344,range_051676-051875,range_051826-052025,0.175,-0.325,0.0,0.10433309460826648,"516,121,282,432,52,68,98,421,28,454,490,301,623,315,94,219,124,663,559,649"
345,range_051826-052025,range_051976-052175,1.0,0.5,1.3586658057204677,0.36468366767816496,"368,297,414,534,202,655,594,398,433,514,615,117,357,300,196,372,152,82,42,84"
346,range_051976-052175,range_052126-052325,0.125,-0.375,0.0,0.2936208890318064,"581,617,147,225,189,219,164,456,494,493,234,158,246,378,462,11,78,206,250,36"
347,range_052126-052325,range_052276-052475,0.125,-0.375,0.0,0.14083689101567803,"38,443,191,432,361,380,144,196,439,283,451,663,530,648,209,214,491,270,426,274"
348,range_052276-052475,range_052426-052625,0.85,0.35,0.793997619804908,0.511061960386701,"176,285,391,203,198,107,359,447,334,186,373,370,362,37,402,105,25,379,476,199"
349,range_052426-052625,range_052576-052775,0.25,-0.25,1.0474487243613708,1.517139680138742,"414,49,81,310,536,176,408,205,630,61,270,558,510,422,335,364,313,511,645,620"
350,range_052576-052775,range_052726-052925,0.75,0.25,0.7651826717792896,0.3664305963532048,"617,233,196,596,297,432,58,99,260,526,55,330,254,35,261,575,91,477,498,388"
351,range_052726-052925,range_052876-053075,0.25,-0.25,0.09702655925417042,0.5381329155581919,"591,52,307,324,366,398,587,490,573,212,6,367,293,111,323,590,268,128,208,22"
352,range_052876-053075,range_053026-053225,0.25,-0.25,0.3555521121714235,0.681445886334278,"111,265,425,172,102,163,260,510,175,644,200,85,410,442,379,133,508,554,219,144"
353,range_053026-053225,range_053176-053375,0.1,-0.4,0.3219727401258521,1.1884801145284756,"264,188,256,571,253,247,389,513,32,263,537,590,617,55,434,209,312,483,498,75"
354,range_053176-053375,range_053326-053525,0.3,-0.2,0.0,0.0,"197,213,387,182,49,174,234,149,50,251,529,106,69,38,368,27,270,129,101,550"
355,range_053326-053525,range_053476-053675,0.15,-0.35,0.0,0.35181398138044934,"440,490,226,432,553,455,383,116,74,309,496,50,599,270,153,49,58,596,214,557"
356,range_053476-053675,range_053626-053825,0.25,-0.25,0.0,0.09678329286903774,"322,205,477,581,56,573,612,467,601,505,283,189,398,135,656,574,427,495,213,401"
357,range_053626-053825,range_053776-053975,0.3,-0.2,0.2835856783608184,0.5005267171319858,"317,52,374,20,139,149,39,489,224,161,207,405,21,629,402,431,295,232,535,6"
358,range_053776-053975,range_053926-054125,0.025,-0.475,0.0,0.8416801934493598,"102,261,320,240,128,410,193,472,631,313,235,229,655,426,271,414,626,622,369,86"
359,range_053926-054125,range_054076-054275,0.2,-0.3,0.9920415334078243,1.6308015116459436,"566,206,430,102,24,73,463,523,174,69,441,411,412,599,426,43,453,87,464,443"
360,range_054076-054275,range_054226-054425,0.375,-0.125,0.0,0.0,"119,611,421,327,534,645,541,574,337,398,290,235,395,375,307,19,511,230,303,548"
361,range_054226-054425,range_054376-054575,0.25,-0.25,0.6103897413583336,0.8767273880776854,"19,431,172,588,652,17,485,397,14,621,639,114,482,487,402,405,20,577,535,447"
362,range_054376-054575,range_054526-054725,0.2,-0.3,1.528692031308361,1.9947586201130483,"340,311,262,158,472,580,321,79,520,89,483,4,137,522,283,563,523,127,400,43"
363,range_054526-054725,range_054676-054875,0.275,-0.22499999999999998,0.0,0.0,"104,547,212,347,29,332,463,557,181,101,150,602,135,644,442,573,226,283,264,512"
364,range_054676-054875,range_054826-055025,0.25,-0.25,0.0,0.037989240562227314,"512,171,537,437,631,591,136,275,456,662,403,352,470,567,465,298,36,227,140,638"
365,range_054826-055025,range_054976-055175,0.15,-0.35,0.0,0.16772350808185715,"414,167,562,191,555,632,664,204,553,265,573,195,136,444,626,4,603,10,467,302"
366,range_054976-055175,range_055126-055325,0.7,0.19999999999999996,0.3249680674127937,0.2397130890941976,"335,577,659,648,626,556,477,261,231,34,445,473,603,340,31,71,122,423,96,538"
367,range_055126-055325,range_055276-055475,0.35,-0.15000000000000002,0.44014157347714367,0.5127928098111187,"453,549,412,89,87,559,395,537,59,619,41,163,135,301,55,512,436,569,570,213"
368,range_055276-055475,range_055426-055625,0.075,-0.425,0.0,0.45893267771240237,"303,559,110,289,439,553,434,7,60,589,505,537,152,270,194,389,454,59,293,44"
369,range_055426-055625,range_055576-055775,0.55,0.050000000000000044,0.5241266363903243,0.4214350411711769,"308,303,634,126,195,291,247,284,487,350,653,230,445,152,49,173,191,111,491,330"
370,range_055576-055775,range_055726-055925,0.075,-0.425,0.0,0.7606158589233474,"456,52,617,540,56,537,546,469,28,247,575,380,458,601,53,280,214,128,45,32"
371,range_055726-055925,range_055876-056075,0.35,-0.15000000000000002,0.35934355002446156,0.5065112705632279,"428,100,233,463,589,265,413,175,219,614,603,26,546,593,182,440,526,661,51,530"
372,range_055876-056075,range_056026-056225,0.85,0.35,0.40157003128579555,0.0,"403,235,554,38,537,395,253,225,610,646,432,207,520,24,354,85,495,424,68,98"
373,range_056026-056225,range_056176-056375,0.15,-0.35,0.024659715951876132,0.4556488950066568,"565,539,252,102,54,331,588,207,13,37,487,604,219,359,454,271,231,57,162,420"
374,range_056176-056375,range_056326-056525,0.0,-0.5,0.0,0.6939272657094796,"316,501,154,234,423,357,171,26,72,227,39,163,122,244,197,398,91,317,0,544"
375,range_056326-056525,range_056476-056675,0.45,-0.04999999999999999,1.6184279545725828,1.7191846541539302,"263,399,158,571,295,189,453,566,450,58,662,561,355,292,87,127,502,245,360,246"
376,range_056476-056675,range_056626-056825,0.65,0.15000000000000002,1.4621092199365646,1.3079983672744948,"62,335,460,248,636,338,80,517,577,405,13,652,452,606,277,149,201,392,408,276"
377,range_056626-056825,range_056776-056975,0.35,-0.15000000000000002,0.8158295359424946,1.4668340531922612,"116,164,189,617,297,310,43,95,610,502,647,516,315,518,82,245,233,464,121,649"
378,range_056776-056975,range_056926-057125,0.65,0.15000000000000002,0.3900741275223803,0.28690920246003737,"37,645,447,353,565,271,16,331,273,1,239,17,276,195,317,289,503,452,94,367"
379,range_056926-057125,range_057076-057275,0.9,0.4,1.431002766962854,0.9327143452546506,"135,284,285,229,22,505,569,191,129,365,424,253,116,102,554,351,499,537,653,173"
380,range_057076-057275,range_057226-057425,0.95,0.44999999999999996,0.3417357417682053,0.0,"407,363,538,321,586,28,72,663,455,347,218,552,558,575,269,560,50,365,432,294"
381,range_057226-057425,range_057376-057575,0.75,0.25,0.9163182101276922,0.6622886736734023,"30,573,121,5,575,598,514,647,209,466,646,284,470,424,445,407,664,8,413,189"
382,range_057376-057575,range_057526-057725,0.7,0.19999999999999996,0.5242321435022739,0.18674310275258865,"344,638,463,416,3,364,601,424,122,575,224,451,645,228,658,469,598,449,275,337"
383,range_057526-057725,range_057676-057875,0.5,0.0,0.621742022957157,0.7108137255472324,"304,133,251,291,423,156,494,587,650,320,142,307,465,101,554,110,88,275,313,369"
384,range_057676-057875,range_057826-058025,0.8,0.30000000000000004,0.7425629563480498,0.5981405553255448,"13,482,252,277,397,652,362,481,487,545,625,248,107,186,176,405,184,633,146,370"
385,range_057826-058025,range_057976-058175,0.1,-0.4,0.2110540894677791,1.074674833547594,"142,213,124,233,315,566,413,526,220,537,245,469,43,558,479,351,97,81,458,70"
386,range_057976-058175,range_058126-058325,0.225,-0.275,0.0,0.0,"362,528,151,584,338,545,655,184,10,326,285,408,436,217,405,397,37,486,375,606"
387,range_058126-058325,range_058276-058475,0.8,0.30000000000000004,1.7539473956990586,0.7534777615907438,"659,56,525,225,98,324,427,199,40,63,83,189,167,401,11,523,537,31,177,351"
388,range_058276-058475,range_058426-058625,0.3,-0.2,0.0,0.0,"117,356,554,127,84,598,401,562,254,540,456,324,95,544,457,311,501,69,183,480"
389,range_058426-058625,range_058576-058775,0.025,-0.475,0.0,0.7051912473450667,"164,208,592,632,24,599,246,225,214,440,634,287,459,483,495,561,526,47,480,158"
390,range_058576-058775,range_058726-058925,0.125,-0.375,0.008423835285837252,0.3560858253526707,"114,184,19,444,475,625,535,14,17,146,503,12,151,207,639,532,588,633,529,614"
391,range_058726-058925,range_058876-059075,0.4,-0.09999999999999998,0.3880014661382877,0.6353993744994462,"354,211,261,571,462,171,521,210,372,63,237,260,40,69,470,445,599,244,97,575"
392,range_058876-059075,range_059026-059225,0.55,0.050000000000000044,0.040675999609099345,0.0,"188,304,315,496,244,495,24,351,60,11,421,16,263,36,647,413,424,35,83,8"
393,range_059026-059225,range_059176-059375,0.7,0.19999999999999996,0.16937067963184668,0.0,"424,647,572,570,246,318,561,221,432,196,513,263,116,189,165,351,557,466,559,95"
394,range_059176-059375,range_059326-059525,0.25,-0.25,0.17116742721306757,0.6315527612570739,"287,63,9,123,327,95,495,38,599,526,440,236,561,421,196,104,56,474,593,209"
395,range_059326-059525,range_059476-059675,0.2,-0.3,0.18051047593227243,0.7867855561779974,"16,339,267,528,39,568,33,353,651,486,487,409,420,17,285,6,370,146,333,556"
396,range_059476-059675,range_059626-059825,0.05,-0.45,0.03912521086604133,1.0848911340234126,"347,246,205,632,43,283,350,300,406,55,354,200,573,303,646,575,430,180,233,540"
397,range_059626-059825,range_059776-059975,0.85,0.35,1.218251993553278,0.3826737283838343,"130,108,529,659,361,269,102,81,473,445,450,157,235,174,142,368,410,463,489,525"
398,range_059776-059975,range_059926-060125,0.95,0.44999999999999996,1.0471207937591667,0.21377901572492036,"55,648,0,38,532,312,253,505,123,197,586,122,192,206,540,662,344,635,491,113"
399,range_059926-060125,range_060076-060275,0.025,-0.475,0.0,0.8044413313113354,"644,346,112,461,72,135,472,350,49,235,618,459,649,553,534,615,632,238,468,137"
400,range_060076-060275,range_060226-060425,0.6,0.09999999999999998,0.798798968498109,0.6878388195853822,"513,450,238,458,36,209,24,569,459,323,553,182,222,601,572,455,383,287,220,561"
401,range_060226-060425,range_060376-060575,0.95,0.44999999999999996,0.9395010048859151,0.28654552507040837,"251,259,530,333,267,45,48,650,33,96,391,604,428,335,306,661,109,422,358,613"
402,range_060376-060575,range_060526-060725,0.45,-0.04999999999999999,1.5980879172123372,1.608601411311113,"356,315,190,129,158,561,237,474,612,596,79,97,243,432,212,383,445,126,209,461"
403,range_060526-060725,range_060676-060875,0.35,-0.15000000000000002,0.0,0.0,"85,59,367,82,42,365,414,619,361,195,135,552,539,416,229,507,234,18,7,514"
404,range_060676-060875,range_060826-061025,0.75,0.25,0.7404361293941591,0.39746631645533487,"649,332,117,196,212,206,126,380,540,225,351,595,515,183,619,30,236,593,608,130"
405,range_060826-061025,range_060976-061175,0.8,0.30000000000000004,1.9266466879515896,1.3745675754446958,"75,28,383,376,282,600,566,626,196,156,130,540,256,620,309,462,206,164,593,270"
406,range_060976-061175,range_061126-061325,0.75,0.25,0.5196395832491378,0.20792750902815704,"545,147,98,2,520,587,350,464,387,316,226,366,549,394,92,213,32,89,265,177"
407,range_061126-061325,range_061276-061475,0.15,-0.35,0.1359073072381862,0.6233068808034851,"336,547,481,644,118,276,371,554,577,94,544,486,587,564,29,62,431,556,240,207"
408,range_061276-061475,range_061426-061625,0.175,-0.325,0.0,0.9258244678922107,"608,466,119,163,594,237,233,571,154,599,88,9,220,24,534,351,566,498,458,635"
409,range_061426-061625,range_061576-061775,0.45,-0.04999999999999999,0.0,0.0,"441,649,300,344,510,281,153,525,51,573,364,260,121,642,494,361,434,109,50,42"
410,range_061576-061775,range_061726-061925,0.55,0.050000000000000044,0.48132589161466277,0.34141370999798243,"292,173,212,7,246,260,192,90,69,315,21,174,432,519,496,580,183,181,389,43"
411,range_061726-061925,range_061876-062075,0.175,-0.325,0.0,0.16907647413194854,"599,43,494,351,69,71,566,474,647,580,7,24,522,75,496,245,427,608,570,399"
412,range_061876-062075,range_062026-062225,0.55,0.050000000000000044,0.3338952586312938,0.19068271019911534,"378,97,139,347,234,296,400,123,227,189,51,438,22,533,372,221,71,440,147,141"
413,range_062026-062225,range_062176-062375,0.05,-0.45,0.015638724619365885,0.30310085807038506,"267,658,487,531,50,556,384,106,110,302,361,258,272,366,614,517,212,597,155,172"
414,range_062176-062375,range_062326-062525,0.75,0.25,0.8625437599906264,0.5585773374481005,"302,448,372,197,582,590,554,122,148,615,40,195,268,632,205,269,368,171,204,459"
415,range_062326-062525,range_062476-062675,0.1,-0.4,0.346639408123495,0.9662518275332548,"640,213,221,308,147,593,466,512,316,402,428,560,90,45,215,462,319,209,347,493"
416,range_062476-062675,range_062626-062825,0.85,0.35,0.2633576118098353,0.0,"60,363,460,10,401,592,48,345,369,557,609,30,451,624,661,275,134,602,619,603"
417,range_062626-062825,range_062776-062975,0.45,-0.04999999999999999,0.8407156736766987,0.9561856750436002,"278,75,236,617,212,218,214,626,89,608,164,445,257,394,376,296,642,68,343,158"
418,range_062776-062975,range_062926-063125,0.55,0.050000000000000044,0.23130074787454322,0.16432232618449188,"310,190,384,642,446,15,567,511,274,558,272,654,437,212,177,366,589,396,401,521"
419,range_062926-063125,range_063076-063275,0.9,0.4,0.698426374505431,0.18896245544408147,"329,224,444,652,334,482,207,528,328,20,54,6,62,203,107,501,577,198,115,252"
420,range_063076-063275,range_063226-063425,0.55,0.050000000000000044,1.9952461771758923,1.9059925855013955,"564,432,523,566,346,63,105,321,644,435,608,388,154,81,646,573,332,640,430,213"
421,range_063226-063425,range_063376-063575,0.9,0.4,0.08660800854627385,0.0,"303,196,478,134,378,381,395,154,112,644,641,642,256,253,511,95,469,117,212,502"
422,range_063376-063575,range_063526-063725,0.75,0.25,0.22446804256579056,0.055559325806538454,"643,637,194,553,291,446,460,203,565,605,657,306,179,588,476,120,109,621,604,39"
423,range_063526-063725,range_063676-063875,0.35,-0.15000000000000002,0.1698246178788264,0.35609938171176175,"300,406,462,117,123,303,540,573,580,246,587,399,557,283,237,646,574,575,29,360"
424,range_063676-063875,range_063826-064025,0.45,-0.04999999999999999,0.0,0.0,"508,378,575,157,438,572,634,365,615,45,401,495,620,132,464,129,518,83,202,171"
425,range_063826-064025,range_063976-064175,0.7,0.19999999999999996,0.5625063229702486,0.46646466365764544,"41,160,101,515,662,511,560,140,219,619,369,448,48,109,9,414,39,157,130,241"
426,range_063976-064175,range_064126-064325,0.95,0.44999999999999996,1.5918523292441875,0.6280618768537495,"158,383,440,209,225,342,202,631,182,129,641,410,61,165,498,388,147,352,549,546"
427,range_064126-064325,range_064276-064475,0.65,0.15000000000000002,1.362702991248711,1.2039635148449506,"662,23,553,322,339,219,231,632,141,140,350,82,298,251,11,541,517,149,452,61"
428,range_064276-064475,range_064426-064625,0.6,0.09999999999999998,1.0904056729212628,0.9533465956762928,"111,655,326,64,269,390,272,486,639,587,375,242,268,266,257,184,600,131,109,553"
429,range_064426-064625,range_064576-064775,0.75,0.25,1.3005437854902515,0.7811808296922168,"83,312,177,287,460,204,46,292,188,194,330,97,380,556,620,193,566,236,440,495"
430,range_064576-064775,range_064726-064925,0.95,0.44999999999999996,2.0014928335127338,0.8065090604512868,"131,216,333,162,48,565,409,391,636,85,475,109,96,481,591,223,166,517,313,336"
431,range_064726-064925,range_064876-065075,0.55,0.050000000000000044,1.9615820018718377,1.8115432543550243,"315,310,43,461,213,183,516,593,411,69,634,164,453,173,351,490,236,522,47,262"
432,range_064876-065075,range_065026-065225,0.175,-0.325,0.0,0.48355506605278414,"579,230,591,20,365,179,195,26,565,65,627,163,37,142,199,217,454,405,545,476"
433,range_065026-065225,range_065176-065375,0.2,-0.3,0.3001342060260322,0.6498910373591718,"41,195,576,306,175,51,311,15,272,655,66,554,607,615,395,255,574,355,354,657"
434,range_065176-065375,range_065326-065525,0.075,-0.425,0.0,0.4403901866918991,"363,123,456,91,496,554,236,126,401,415,459,646,490,127,283,254,343,211,287,315"
435,range_065326-065525,range_065476-065675,0.175,-0.325,0.0,0.13120507566880468,"658,132,550,134,511,227,72,230,564,218,546,642,477,235,600,372,280,137,168,182"
436,range_065476-065675,range_065626-065825,0.075,-0.425,0.0,0.4378872741192612,"22,539,10,169,285,660,276,175,487,664,271,371,34,334,277,179,178,659,452,295"
437,range_065626-065825,range_065776-065975,0.25,-0.25,0.25461307090690005,0.5698966921086364,"617,401,613,534,224,602,15,79,97,230,95,470,398,71,525,499,342,635,92,496"
438,range_065776-065975,range_065926-066125,0.275,-0.22499999999999998,0.0,0.01616444561709563,"89,100,543,122,459,574,165,147,622,171,72,569,597,540,630,182,225,123,646,341"
439,range_065926-066125,range_066076-066275,0.3,-0.2,0.0,0.0,"384,513,354,522,380,75,256,483,575,508,28,104,233,220,226,573,8,566,303,403"
440,range_066076-066275,range_066226-066425,0.175,-0.325,0.0,0.27545286857056955,"396,384,477,166,183,171,514,620,316,635,234,493,108,29,169,586,177,141,167,365"
441,range_066226-066425,range_066376-066575,0.55,0.050000000000000044,0.5710031965093605,0.5172395279020686,"363,174,117,589,56,281,542,250,383,192,465,416,208,132,332,657,72,622,283,135"
442,range_066376-066575,range_066526-066725,1.0,0.5,1.5187614560549736,0.1550420277305131,"634,153,618,360,202,74,463,193,29,179,278,315,664,241,35,225,493,552,89,9"
443,range_066526-066725,range_066676-066875,0.95,0.44999999999999996,2.060192917603983,1.3019669109453365,"4,94,418,472,153,152,550,111,510,623,353,96,218,391,366,386,268,414,664,35"
444,range_066676-066875,range_066826-067025,0.2,-0.3,0.6801259296055312,1.378524041184932,"215,417,367,307,196,158,433,286,28,413,123,122,222,393,56,55,560,294,525,323"
445,range_066826-067025,range_066976-067175,0.1,-0.4,0.0,0.8238591901295864,"245,237,243,427,601,278,95,617,75,104,47,43,221,483,404,84,580,523,208,90"
446,range_066976-067175,range_067126-067325,0.375,-0.125,0.0,0.0,"331,656,524,624,475,201,585,118,621,509,476,172,371,76,106,295,199,317,545,12"
447,range_067126-067325,range_067276-067475,0.1,-0.4,0.1654037600530721,0.8766912227238266,"563,469,177,150,461,412,337,123,401,9,256,646,121,4,0,514,81,22,638,89"
448,range_067276-067475,range_067426-067625,0.75,0.25,0.4121089530876204,0.15840294212576334,"532,476,14,387,652,317,198,37,539,326,334,185,349,471,134,33,616,314,551,405"
449,range_067426-067625,range_067576-067775,0.95,0.44999999999999996,1.4124374499781962,0.8317895549516645,"121,9,251,132,232,358,304,554,268,244,324,387,506,632,486,367,39,18,27,373"
450,range_067576-067775,range_067726-067925,0.95,0.44999999999999996,1.1971768235269018,0.0621248350937444,"253,221,104,600,365,319,112,421,55,599,129,347,549,4,554,413,98,164,380,559"
451,range_067726-067925,range_067876-068075,0.2,-0.3,0.6250804326353023,0.9021089365892967,"605,107,524,184,657,271,607,118,201,7,219,228,588,639,431,102,314,506,527,625"
452,range_067876-068075,range_068026-068225,0.8,0.30000000000000004,2.031288547070734,1.136140055118101,"411,263,496,462,466,24,173,280,561,91,638,79,250,581,383,467,566,648,601,641"
453,range_068026-068225,range_068176-068375,1.0,0.5,1.995666148807434,0.0,"491,38,570,284,263,24,220,412,202,566,496,43,608,523,599,87,474,525,73,364"
454,range_068176-068375,range_068326-068525,0.4,-0.09999999999999998,0.8317082746463704,0.8694580508214902,"309,657,435,260,437,646,414,187,146,648,468,228,53,597,255,89,302,249,604,439"
455,range_068326-068525,range_068476-068675,0.7,0.19999999999999996,0.36131307991902095,7.187251673939943e-05,"164,294,296,470,440,101,269,222,206,24,123,192,283,520,121,619,480,505,141,622"
456,range_068476-068675,range_068626-068825,0.15,-0.35,0.01065025897377455,0.4345442497209186,"596,154,543,1,489,573,499,298,421,384,348,195,139,653,183,241,294,562,238,11"
457,range_068626-068825,range_068776-068975,0.45,-0.04999999999999999,0.42173070216380487,0.5055940099024607,"343,399,569,519,555,214,432,154,97,189,512,383,232,226,320,526,89,573,553,472"
458,range_068776-068975,range_068926-069125,0.175,-0.325,0.0,0.18233334062344575,"233,383,237,245,401,38,617,43,518,403,164,116,522,24,294,566,214,498,469,608"
459,range_068926-069125,range_069076-069275,0.15,-0.35,0.0,0.3390104347262624,"142,200,556,159,565,409,408,276,145,651,34,160,82,290,448,62,387,645,289,80"
460,range_069076-069275,range_069226-069425,0.2,-0.3,0.5930997311288015,0.7979775898519376,"623,82,305,577,63,401,123,127,495,549,443,406,512,260,412,578,18,572,540,426"
461,range_069226-069425,range_069376-069575,0.5,0.0,0.3598510811441902,0.445298485151133,"300,154,43,646,237,278,516,155,245,310,522,394,571,231,451,647,296,164,233,617"
462,range_069376-069575,range_069526-069725,0.25,-0.25,0.0,0.04392905450587226,"150,409,141,319,648,179,507,156,525,545,72,542,480,152,410,194,414,7,249,170"
463,range_069526-069725,range_069676-069875,0.05,-0.45,0.0,0.7082260900432414,"344,318,24,496,220,171,608,219,453,213,412,428,610,399,296,599,87,566,174,580"
464,range_069676-069875,range_069826-070025,0.85,0.35,0.5765539982258427,0.13894736816536685,"154,153,518,30,530,326,449,180,366,428,210,590,541,365,155,353,497,591,429,235"
465,range_069826-070025,range_069976-070175,0.25,-0.25,0.2656266311546381,0.7414789435369702,"69,530,73,598,123,561,388,308,364,618,78,493,250,496,427,9,71,491,580,519"
466,range_069976-070175,range_070126-070325,0.3,-0.2,0.0,0.0,"74,158,58,498,79,522,245,249,400,563,495,345,237,75,236,127,593,440,363,483"
467,range_070126-070325,range_070276-070475,0.275,-0.22499999999999998,0.0,0.0,"356,627,607,570,617,393,647,430,263,250,246,380,558,36,220,86,165,488,383,269"
468,range_070276-070475,range_070426-070625,0.95,0.44999999999999996,0.769249029736647,0.11216632030599182,"497,79,346,640,569,358,610,117,496,192,264,421,411,70,636,267,99,82,642,268"
469,range_070426-070625,range_070576-070775,0.275,-0.22499999999999998,0.0,0.009895574774981819,"72,345,549,538,129,92,5,552,215,144,2,58,401,369,104,599,321,165,15,263"
470,range_070576-070775,range_070726-070925,0.7,0.19999999999999996,1.6065684173843553,1.1774648420112057,"652,621,329,217,532,277,460,506,625,13,524,436,248,577,252,420,643,452,108,405"
471,range_070726-070925,range_070876-071075,0.25,-0.25,1.624029730070599,2.0955397997547944,"262,563,483,192,15,144,363,345,635,498,522,74,378,237,536,46,243,559,263,255"
472,range_070876-071075,range_071026-071225,0.3,-0.2,0.7968707281605434,1.1102437840491004,"391,484,535,371,148,656,397,420,326,19,151,605,582,146,184,94,267,629,485,185"
473,range_071026-071225,range_071176-071375,0.85,0.35,2.408063595758907,1.4599324615416545,"398,566,95,533,43,343,513,24,78,581,523,141,599,237,364,598,46,647,615,635"
474,range_071176-071375,range_071326-071525,0.85,0.35,3.036094479826193,2.7246844906357603,"362,151,616,198,349,639,605,93,21,506,485,535,14,584,625,528,334,582,115,186"
475,range_071326-071525,range_071476-071675,0.0,-0.5,0.7538979162833007,1.454331101627225,"272,10,20,134,259,431,501,267,128,645,62,293,567,374,239,169,402,114,242,419"
476,range_071476-071675,range_071626-071825,0.15,-0.35,0.482294935873522,1.7182553272540235,"246,244,43,432,558,225,399,236,296,573,526,378,220,594,600,123,55,245,571,646"
477,range_071626-071825,range_071776-071975,0.325,-0.175,0.0,0.0,"112,99,291,295,425,572,313,299,24,569,536,176,174,423,509,451,127,413,0,403"
478,range_071776-071975,range_071926-072125,0.6,0.09999999999999998,0.08855149997402308,0.04146547383609968,"416,34,366,504,9,0,604,267,100,150,331,86,591,365,662,265,77,218,337,73"
479,range_071926-072125,range_072076-072275,0.55,0.050000000000000044,0.3728367951774352,0.30257236223149164,"536,326,417,52,597,492,110,392,146,539,422,562,76,348,521,642,317,244,320,177"
480,range_072076-072275,range_072226-072425,0.15,-0.35,0.4368040008705238,0.9616882182168869,"231,199,115,277,629,186,76,636,577,503,585,420,289,7,146,527,645,655,331,539"
481,range_072226-072425,range_072376-072575,0.0,-0.5,0.0,0.8396114891699854,"462,282,332,596,346,43,406,378,55,318,647,368,570,411,126,627,24,571,580,581"
482,range_072376-072575,range_072526-072725,0.95,0.44999999999999996,1.7652046480483443,0.5073118306330278,"388,263,205,430,210,351,117,646,303,392,254,554,543,29,572,49,332,470,399,594"
483,range_072526-072725,range_072676-072875,0.45,-0.04999999999999999,2.6220378119600443,2.5748419310078727,"379,252,184,93,535,397,652,639,532,325,151,114,19,21,118,588,14,444,120,431"
484,range_072676-072875,range_072826-073025,0.05,-0.45,0.7122308859232725,1.1531547012729901,"329,285,13,656,114,149,57,314,377,105,449,151,418,289,317,385,545,176,624,583"
485,range_072826-073025,range_072976-073175,0.9,0.4,0.5279902663249693,0.28253220447187993,"19,178,329,621,325,452,20,473,240,257,80,133,582,339,444,109,6,118,417,449"
486,range_072976-073175,range_073126-073325,0.05,-0.45,0.0,1.0656466240981097,"498,563,75,512,220,144,467,164,363,353,78,50,188,237,192,16,73,321,571,238"
487,range_073126-073325,range_073276-073475,0.5,0.0,0.7286470138458234,0.6225677171548358,"360,322,57,630,609,333,404,574,663,255,392,517,235,94,508,564,463,555,324,36"
488,range_073276-073475,range_073426-073625,0.025,-0.475,0.0,0.6714197661625114,"584,625,643,228,585,524,62,506,331,252,551,201,391,532,76,33,452,613,499,358"
489,range_073426-073625,range_073576-073775,0.55,0.050000000000000044,0.6728210535801403,0.6696953312693947,"275,315,56,427,379,60,227,591,330,450,158,337,438,340,278,515,366,372,134,569"
490,range_073576-073775,range_073726-073925,1.0,0.5,0.691456268089226,0.0,"124,663,575,168,348,615,312,468,103,35,110,166,560,365,72,611,533,441,227,451"
491,range_073726-073925,range_073876-074075,0.7,0.19999999999999996,0.31639938818414637,0.10919277070169936,"233,205,571,580,364,202,346,69,368,100,315,318,522,46,344,237,513,75,443,245"
492,range_073876-074075,range_074026-074225,0.25,-0.25,0.0,0.0809045990627367,"465,549,26,233,365,141,166,55,470,622,72,47,45,347,46,351,164,202,38,262"
493,range_074026-074225,range_074176-074375,0.4,-0.09999999999999998,0.0057521636186936625,0.09012292014557159,"382,174,443,388,580,87,316,234,360,287,245,61,514,640,571,425,470,618,513,512"
494,range_074176-074375,range_074326-074525,0.95,0.44999999999999996,0.67292307466982,0.14542874798237013,"306,573,537,309,626,3,473,35,204,454,654,41,637,144,77,575,350,345,213,450"
495,range_074326-074525,range_074476-074675,0.8,0.30000000000000004,0.36150032849649777,0.010565323107505614,"30,440,4,559,43,351,249,432,233,236,99,50,607,237,287,608,474,388,77,189"
496,range_074476-074675,range_074626-074825,0.15,-0.35,0.28900717538693543,0.47619661917639877,"29,356,472,591,508,127,622,382,410,512,586,181,51,281,157,426,212,66,213,133"
497,range_074626-074825,range_074776-074975,0.45,-0.04999999999999999,0.41507938593860266,0.4295485748814043,"647,97,87,351,406,243,55,321,59,427,383,526,627,79,75,86,522,316,263,189"
498,range_074776-074975,range_074926-075125,0.3,-0.2,1.5085428538118235,1.520090564860376,"585,228,385,597,70,146,258,436,280,71,306,186,643,223,288,374,120,65,201,219"
499,range_074926-075125,range_075076-075275,0.6,0.09999999999999998,1.013460977241116,0.7953607564553284,"88,524,145,369,371,444,195,487,13,314,325,484,48,133,198,457,609,0,25,168"
500,range_075076-075275,range_075226-075425,0.075,-0.425,0.07463214881927474,0.63282659681165,"400,580,262,467,287,469,158,522,338,543,563,363,388,466,483,58,144,237,345,75"
501,range_075226-075425,range_075376-075575,0.6,0.09999999999999998,0.31701408984707097,0.15328334559841553,"92,341,367,648,294,350,104,258,270,110,481,268,491,166,373,275,122,18,218,308"
502,range_075376-075575,range_075526-075725,0.7,0.19999999999999996,0.5556729519023886,0.3220768687447772,"57,544,664,31,134,339,179,22,539,621,392,317,255,33,20,591,37,139,643,244"
503,range_075526-075725,range_075676-075875,0.4,-0.09999999999999998,0.9411822468848422,1.2432623485665566,"200,278,56,655,516,389,219,651,549,74,623,143,147,158,30,607,638,424,283,306"
504,range_075676-075875,range_075826-076025,0.375,-0.125,0.0,0.0,"479,98,355,9,209,81,345,170,306,455,249,212,96,103,611,414,416,541,572,520"
505,range_075826-076025,range_075976-076175,0.9,0.4,1.2256387285067,0.7611229048694577,"359,652,93,397,207,484,115,475,328,437,471,605,391,19,114,487,252,33,481,329"
506,range_075976-076175,range_076126-076325,0.25,-0.25,1.7758147535924764,2.266157354032659,"608,394,278,399,147,480,43,641,56,348,523,626,554,188,214,602,83,580,164,536"
507,range_076126-076325,range_076276-076475,0.35,-0.15000000000000002,0.0,0.0,"102,52,281,293,494,264,292,663,353,36,32,135,66,420,521,235,136,606,410,446"
508,range_076276-076475,range_076426-076625,0.85,0.35,1.1735324172050559,0.7093448034550205,"1,329,436,532,17,454,248,20,487,374,48,444,16,576,13,643,14,485,626,217"
509,range_076426-076625,range_076576-076775,0.8,0.30000000000000004,1.545264258228524,0.9659127283718233,"161,582,341,128,548,658,609,394,323,218,298,322,162,230,362,642,352,402,489,41"
510,range_076576-076775,range_076726-076925,0.225,-0.275,0.0,0.13330863583756028,"116,456,458,24,262,311,427,399,263,126,566,269,256,575,571,425,603,632,388,75"
511,range_076726-076925,range_076876-077075,0.35,-0.15000000000000002,0.0,0.0,"167,246,411,253,360,188,267,287,470,354,569,98,142,278,333,451,440,394,632,27"
512,range_076876-077075,range_077026-077225,0.8,0.30000000000000004,0.467475296473898,0.2047018986843121,"141,419,249,406,74,112,425,558,49,90,10,88,502,601,333,401,364,221,393,354"
513,range_077026-077225,range_077176-077375,0.35,-0.15000000000000002,0.08939135123880287,0.2667830822942715,"563,416,90,212,464,378,243,278,594,209,428,272,494,202,426,382,168,30,227,303"
514,range_077176-077375,range_077326-077525,0.4,-0.09999999999999998,0.2533539509190518,0.3915969372391452,"71,270,534,35,366,414,49,428,131,173,22,478,567,249,52,235,244,200,543,648"
515,range_077326-077525,range_077476-077675,0.15,-0.35,0.19345627475765823,0.4796192790514687,"66,581,36,256,127,122,525,39,100,488,74,49,284,322,441,504,502,227,480,167"
516,range_077476-077675,range_077626-077825,0.8,0.30000000000000004,0.6194648190154971,0.41997451846480754,"387,449,187,120,143,503,591,448,622,138,530,547,552,532,584,294,6,22,664,53"
517,range_077626-077825,range_077776-077975,0.05,-0.45,0.6487121474150693,1.3766907711550682,"363,634,166,246,412,572,74,189,440,380,202,297,83,432,87,596,177,188,430,611"
518,range_077776-077975,range_077926-078125,0.25,-0.25,0.0,0.02071897244509655,"458,403,383,97,274,459,233,64,580,152,599,502,351,389,173,245,388,230,181,549"
519,range_077926-078125,range_078076-078275,0.275,-0.22499999999999998,0.0,0.0,"296,243,498,336,173,440,117,287,332,573,87,236,658,566,177,346,99,274,316,210"
520,range_078076-078275,range_078226-078425,0.85,0.35,0.5598779854078769,0.06469916146662227,"439,66,590,163,183,247,486,339,68,27,423,510,109,82,210,368,508,235,494,500"
521,range_078226-078425,range_078376-078575,0.95,0.44999999999999996,2.2874002209604622,0.5179217146662992,"210,399,220,354,209,304,498,659,253,372,225,43,620,299,508,440,580,406,164,540"
522,range_078376-078575,range_078526-078725,0.1,-0.4,0.0,0.5999710670764951,"7,403,225,378,641,351,349,264,55,165,617,24,564,87,496,340,376,243,226,316"
523,range_078526-078725,range_078676-078875,0.25,-0.25,1.9907736373147806,2.1573793022344248,"420,377,203,259,582,277,605,334,17,12,577,13,148,585,115,54,172,14,604,349"
524,range_078676-078875,range_078826-079025,0.7,0.19999999999999996,1.665647770377102,1.0556718250246455,"191,41,335,199,108,170,368,104,443,8,160,336,309,305,71,441,52,27,607,121"
525,range_078826-079025,range_078976-079175,0.75,0.25,0.5579490357742998,0.2689049582931141,"591,250,638,171,113,383,352,634,283,430,620,469,454,243,209,74,166,403,116,278"
526,range_078976-079175,range_079126-079325,1.0,0.5,1.333403960757114,0.5221009779813877,"389,304,378,82,394,174,132,398,459,87,50,455,269,612,628,464,421,544,443,284"
527,range_079126-079325,range_079276-079475,0.5,0.0,0.5862334376673743,0.543486325579702,"315,286,131,495,251,158,461,121,512,244,189,423,85,304,290,90,478,424,350,31"
528,range_079276-079475,range_079426-079625,0.175,-0.325,0.0,0.07549773127650344,"539,437,22,385,645,415,228,405,118,88,13,651,331,475,613,172,277,149,248,431"
529,range_079426-079625,range_079576-079775,0.45,-0.04999999999999999,0.8063865699925554,0.8791890301286431,"124,50,455,337,201,508,661,664,267,591,307,44,648,4,547,216,161,269,215,265"
530,range_079576-079775,range_079726-079925,0.15,-0.35,0.0,0.4917783632312256,"318,376,608,570,546,641,599,615,586,598,143,263,580,566,24,113,237,87,220,634"
531,range_079726-079925,range_079876-080075,0.175,-0.325,0.0,0.16506752941440833,"661,227,68,360,128,654,298,231,578,283,450,270,63,104,83,414,332,642,638,466"
532,range_079876-080075,range_080026-080225,0.2,-0.3,0.7608128171003333,1.4461211243476262,"474,598,566,95,347,398,612,608,513,263,416,641,599,570,250,237,73,569,245,498"
533,range_080026-080225,range_080176-080375,0.325,-0.175,0.0,0.0,"492,382,241,452,384,445,195,83,134,433,437,84,142,285,293,649,637,90,404,419"
534,range_080176-080375,range_080326-080525,0.75,0.25,1.271670838841719,0.9518249773473004,"475,185,186,506,259,252,107,114,314,652,12,115,328,633,582,19,501,277,21,176"
535,range_080326-080525,range_080476-080675,0.05,-0.45,0.9972097987875728,1.9471353732517156,"363,319,128,610,155,309,634,249,280,264,503,520,83,208,169,282,340,204,602,303"
536,range_080476-080675,range_080626-080825,0.35,-0.15000000000000002,0.6519702695160428,0.8526687905778079,"75,46,237,498,43,602,303,580,136,283,617,512,562,164,470,53,243,245,262,56"
537,range_080626-080825,range_080776-080975,0.5,0.0,0.2513824793664558,0.25435121681940487,"275,371,377,200,515,61,210,68,65,320,324,595,266,589,235,265,41,478,369,334"
538,range_080776-080975,range_080926-081125,1.0,0.5,1.3906329690590369,0.6020022357477243,"605,23,277,207,242,80,454,481,252,96,362,487,568,88,149,650,621,131,527,506"
539,range_080926-081125,range_081076-081275,0.15,-0.35,0.6307767705931867,1.1253199128805869,"214,603,648,555,498,440,646,77,211,221,566,24,141,574,513,330,430,464,282,296"
540,range_081076-081275,range_081226-081425,0.15,-0.35,0.0,0.2100266379263686,"88,460,178,25,113,564,366,151,623,268,402,110,52,198,631,203,622,155,222,240"
541,range_081226-081425,range_081376-081575,0.45,-0.04999999999999999,0.2511676382685383,0.39285493967099105,"496,412,380,453,407,116,206,637,220,622,263,378,237,523,291,318,233,246,474,406"
542,range_081376-081575,range_081526-081725,0.35,-0.15000000000000002,0.02821858217520307,0.23493554061763977,"89,2,255,388,98,552,181,187,414,413,601,155,103,65,632,28,175,169,60,147"
543,range_081526-081725,range_081676-081875,0.1,-0.4,0.08669693455968498,0.6341522733491731,"125,385,660,317,120,267,37,34,96,266,273,645,517,499,8,10,161,587,18,306"
544,range_081676-081875,range_081826-082025,0.075,-0.425,0.0,0.7575705560748025,"439,571,330,209,412,587,303,388,580,413,526,659,565,36,246,459,62,214,395,451"
545,range_081826-082025,range_081976-082175,0.75,0.25,0.2944554104634301,0.0,"231,291,67,207,624,326,529,397,105,420,614,446,242,285,531,162,232,568,133,333"
546,range_081976-082175,range_082126-082325,0.45,-0.04999999999999999,0.6957054543472345,0.7388436272875054,"81,67,390,121,42,200,64,195,32,270,136,637,356,90,510,309,85,630,119,205"
547,range_082126-082325,range_082276-082475,0.1,-0.4,0.0244757459066746,0.7872121214555148,"592,211,330,526,580,335,75,123,523,202,561,570,634,354,513,573,26,4,245,296"
548,range_082276-082475,range_082426-082625,0.75,0.25,0.17829901811357243,0.0,"192,106,104,253,456,351,488,474,628,389,573,350,8,227,478,92,213,60,467,312"
549,range_082426-082625,range_082576-082775,0.65,0.15000000000000002,0.3931718904729558,0.20550076742688567,"620,480,39,227,569,644,525,353,578,235,51,61,339,461,187,407,627,298,126,300"
550,range_082576-082775,range_082726-082925,0.025,-0.475,0.05377594133584937,0.5039780015564158,"193,369,22,45,227,298,103,162,70,507,613,25,31,134,7,628,160,88,143,562"
551,range_082726-082925,range_082876-083075,0.45,-0.04999999999999999,0.6645168659352019,0.7198021941977134,"163,313,122,7,490,287,592,464,100,185,422,183,82,631,250,309,517,612,144,322"
552,range_082876-083075,range_083026-083225,0.55,0.050000000000000044,0.18116464673120736,0.09231345166381602,"339,407,594,373,51,131,658,206,309,28,519,510,504,205,27,280,641,480,531,604"
553,range_083026-083225,range_083176-083375,0.05,-0.45,0.0,0.6238245493598047,"351,572,541,448,356,638,174,256,211,570,663,50,75,360,5,55,623,457,164,332"
554,range_083176-083375,range_083326-083525,0.3,-0.2,0.022049340702049492,0.1608925490574793,"195,565,31,276,13,642,650,39,422,379,334,659,145,286,251,273,328,64,660,266"
555,range_083326-083525,range_083476-083675,0.8,0.30000000000000004,0.90621119759386,0.2723129641968015,"237,580,77,245,357,566,98,498,189,116,403,399,221,43,505,533,380,74,474,95"
556,range_083476-083675,range_083626-083825,0.45,-0.04999999999999999,1.0468543769854821,1.0622144397725202,"494,497,310,508,393,512,618,24,658,327,470,425,221,89,458,188,127,343,99,254"
557,range_083626-083825,range_083776-083975,0.2,-0.3,0.0,0.13424162521693334,"469,100,74,592,309,84,361,348,2,288,94,259,90,619,83,352,221,604,319,620"
558,range_083776-083975,range_083926-084125,0.35,-0.15000000000000002,0.10479283206119704,0.33675859868838975,"570,204,360,268,27,247,636,262,461,368,63,265,99,380,74,209,627,378,462,165"
559,range_083926-084125,range_084076-084275,0.6,0.09999999999999998,0.18859911298728477,0.09788630764151754,"435,648,421,38,171,461,575,28,493,609,3,581,206,68,626,304,368,35,584,536"
560,range_084076-084275,range_084226-084425,0.35,-0.15000000000000002,0.06001892582040409,0.151015559845917,"516,474,376,24,3,189,237,164,233,313,104,453,117,480,399,451,75,433,73,72"
561,range_084226-084425,range_084376-084575,0.75,0.25,0.8332910644659393,0.43619224360895764,"335,316,447,127,352,497,321,52,581,638,548,450,337,324,128,293,512,525,61,401"
562,range_084376-084575,range_084526-084725,0.9,0.4,1.095876028224314,0.5454213065633795,"271,260,527,337,632,91,545,192,376,459,34,469,400,525,104,278,634,393,321,659"
563,range_084526-084725,range_084676-084875,0.95,0.44999999999999996,1.0298570306522454,0.12783788059018414,"468,225,450,147,343,623,150,401,208,455,378,256,291,411,283,526,209,403,356,126"
564,range_084676-084875,range_084826-085025,0.05,-0.45,0.0,0.719260808842709,"97,474,617,222,5,236,368,488,164,410,220,263,494,69,292,520,393,516,360,217"
565,range_084826-085025,range_084976-085175,1.0,0.5,2.55025439577219,0.8691334331157932,"412,69,595,303,9,36,205,74,523,602,347,7,155,231,55,8,262,253,388,354"
566,range_084976-085175,range_085126-085325,0.85,0.35,1.8405978709596968,1.3288306258328806,"434,661,278,356,437,30,166,332,123,438,22,502,655,321,489,68,306,433,42,127"
567,range_085126-085325,range_085276-085475,0.45,-0.04999999999999999,0.627317362529851,0.6418056184588008,"373,13,524,276,267,1,539,374,176,16,272,553,240,54,604,636,269,291,259,222"
568,range_085276-085475,range_085426-085625,0.95,0.44999999999999996,1.1597384119269967,0.4207318969578354,"78,606,27,173,81,327,541,357,515,215,654,414,663,167,382,210,558,479,305,540"
569,range_085426-085625,range_085576-085775,1.0,0.5,1.3288762046520546,0.17092796790629766,"245,608,620,598,599,351,250,586,513,641,24,498,263,640,399,189,164,233,95,634"
570,range_085576-085775,range_085726-085925,0.075,-0.425,0.0,0.4568026731125688,"38,75,197,318,541,496,245,46,233,580,491,351,346,47,483,343,586,493,95,463"
571,range_085726-085925,range_085876-086075,0.0,-0.5,0.017583313429739744,1.0985319424949116,"459,30,543,443,594,264,9,631,222,366,343,663,152,144,261,50,421,83,119,514"
572,range_085876-086075,range_086026-086225,0.6,0.09999999999999998,0.7886147398513056,0.7144677766053242,"291,128,382,154,514,119,369,367,548,410,663,205,29,157,235,167,461,541,210,105"
573,range_086026-086225,range_086176-086375,0.15,-0.35,0.18043025091040496,0.7730304281963603,"526,138,523,75,303,324,236,424,57,63,561,412,211,427,123,262,180,540,646,350"
574,range_086176-086375,range_086326-086525,0.3,-0.2,0.16377953523114624,0.3378185680082824,"427,24,303,43,28,245,63,300,214,522,29,644,211,462,116,233,399,330,458,617"
575,range_086326-086525,range_086476-086675,0.95,0.44999999999999996,0.9720128614318327,0.03523290712244768,"609,304,372,562,508,646,599,376,243,565,60,610,296,644,430,458,389,439,522,324"
576,range_086476-086675,range_086626-086825,0.4,-0.09999999999999998,0.3648977320537697,0.4876514921223448,"362,207,535,625,639,14,359,652,616,633,402,185,175,102,219,198,471,656,374,93"
577,range_086626-086825,range_086776-086975,0.3,-0.2,1.1339300150352807,1.5090141340130991,"601,412,104,380,273,168,613,98,330,75,441,280,65,406,457,18,300,99,561,619"
578,range_086776-086975,range_086926-087125,0.275,-0.22499999999999998,0.0,0.04713894983382701,"561,495,63,399,74,567,132,453,321,346,249,610,78,87,192,237,225,376,46,412"
579,range_086926-087125,range_087076-087275,1.0,0.5,2.480841581959941,0.9954435852504369,"522,262,483,79,5,209,363,321,233,498,563,74,495,158,127,75,345,49,36,45"
580,range_087076-087275,range_087226-087425,0.15,-0.35,1.1673667390077196,2.1062710158436593,"125,64,68,40,216,533,342,273,27,600,471,85,541,491,178,619,232,41,525,517"
581,range_087226-087425,range_087376-087575,0.8,0.30000000000000004,1.756829827851232,1.6077703390143911,"149,10,639,172,259,12,501,362,76,338,535,616,151,14,21,373,93,198,17,232"
582,range_087376-087575,range_087526-087725,0.1,-0.4,0.20602824299178346,0.7222005051317022,"605,349,114,481,639,329,377,476,115,12,334,568,207,437,359,485,172,362,529,471"
583,range_087526-087725,range_087676-087875,0.1,-0.4,0.9416786235167213,1.5242752547870875,"606,358,14,473,187,396,487,370,110,67,160,457,159,113,426,299,405,148,235,111"
584,range_087676-087875,range_087826-088025,0.0,-0.5,0.0,1.674175100193962,"249,5,119,495,483,216,192,563,237,571,363,104,256,361,469,79,640,87,97,245"
585,range_087826-088025,range_087976-088175,0.35,-0.15000000000000002,1.1728536532279117,1.2790481870348085,"4,262,321,522,158,483,520,356,554,127,363,192,249,361,50,323,495,563,233,74"
586,range_087976-088175,range_088126-088325,0.75,0.25,0.7202771138524642,0.42341606762445827,"299,27,375,350,195,261,317,259,60,390,548,500,477,273,511,109,481,279,11,328"
587,range_088126-088325,range_088276-088475,0.1,-0.4,0.30580213659878414,0.8481673412581555,"39,620,510,22,62,15,190,279,511,51,340,122,428,289,255,10,317,369,286,109"
588,range_088276-088475,range_088426-088625,0.0,-0.5,0.7703898287934083,2.4740424911599286,"98,89,399,496,411,263,488,245,566,427,264,560,189,351,526,164,116,549,140,75"
589,range_088426-088625,range_088576-088775,0.2,-0.3,0.0,0.03945165329637924,"514,60,602,343,247,508,28,110,382,88,204,467,73,104,630,559,0,210,227,641"
590,range_088576-088775,range_088726-088925,0.45,-0.04999999999999999,0.32164947889821566,0.450990740538873,"110,576,606,80,217,23,334,643,286,67,633,178,6,625,139,408,637,16,199,33"
591,range_088726-088925,range_088876-089075,0.15,-0.35,0.46116096512962634,0.8906879943727162,"56,74,661,127,642,646,549,307,640,342,192,514,365,295,213,99,37,388,209,104"
592,range_088876-089075,range_089026-089225,0.25,-0.25,0.0,0.0649612231893915,"68,78,81,335,573,390,238,632,281,416,562,119,59,293,519,627,168,132,479,346"
593,range_089026-089225,range_089176-089375,0.65,0.15000000000000002,0.5593233071631176,0.4180299814404825,"342,327,560,167,78,330,132,434,544,335,72,620,268,610,157,15,261,211,635,663"
594,range_089176-089375,range_089326-089525,0.175,-0.325,0.0,0.1564816102814151,"389,462,233,254,442,540,28,354,610,60,87,608,94,189,458,474,440,261,425,522"
595,range_089326-089525,range_089476-089675,0.45,-0.04999999999999999,0.31977361090818646,0.3515808809540917,"580,571,236,330,208,282,388,399,303,430,462,75,246,73,508,526,116,439,483,97"
596,range_089476-089675,range_089626-089825,0.5,0.0,0.5696280271473746,0.6044699376860894,"624,286,436,492,645,178,446,248,385,484,501,449,334,637,613,229,96,579,228,418"
597,range_089626-089825,range_089776-089975,0.2,-0.3,0.7552224023184669,1.3704113861199323,"95,169,566,570,474,87,202,175,412,456,43,73,220,608,206,343,208,24,398,453"
598,range_089776-089975,range_089926-090125,0.9,0.4,0.4844201477595818,0.0,"87,376,343,570,95,347,641,608,398,566,43,586,513,73,237,453,263,412,113,147"
599,range_089926-090125,range_090076-090275,0.55,0.050000000000000044,1.8762765967412192,1.8556109821161095,"200,353,410,241,35,9,119,313,320,659,85,146,564,242,547,228,477,88,503,429"
600,range_090076-090275,range_090226-090425,0.55,0.050000000000000044,0.994038674325756,0.931015750142905,"245,483,243,394,129,238,496,233,274,469,89,130,180,105,254,278,83,220,580,221"
601,range_090226-090425,range_090376-090575,0.275,-0.22499999999999998,0.0,0.0,"308,234,59,416,0,455,635,81,157,382,55,439,420,586,180,18,25,369,433,562"
602,range_090376-090575,range_090526-090725,0.45,-0.04999999999999999,0.1608550816197005,0.31291633276039293,"220,126,647,617,474,634,183,332,580,82,147,526,116,315,165,56,245,512,189,468"
603,range_090526-090725,range_090676-090875,0.8,0.30000000000000004,0.28509106785262706,0.09824855698195076,"538,161,199,229,621,30,615,170,194,135,651,392,80,216,272,195,306,317,320,448"
604,range_090676-090875,range_090826-091025,0.0,-0.5,0.0,1.4151084412133719,"262,141,233,316,472,663,266,522,333,659,376,311,389,646,396,632,242,573,158,312"
605,range_090826-091025,range_090976-091175,0.175,-0.325,0.0,0.38462700217967305,"504,66,289,199,322,26,528,481,198,373,108,487,391,125,145,645,306,279,33,13"
606,range_090976-091175,range_091126-091325,0.6,0.09999999999999998,0.19950278344113967,0.13284909227044145,"433,155,402,132,581,265,552,285,281,301,321,40,131,419,657,66,200,511,308,578"
607,range_091126-091325,range_091276-091475,0.95,0.44999999999999996,0.9924138040292633,0.1448776294420482,"467,571,351,323,137,287,189,523,363,593,192,399,388,617,347,89,563,344,569,412"
608,range_091276-091475,range_091426-091625,0.55,0.050000000000000044,0.9479897312080895,0.9357766585133805,"502,183,461,124,187,281,518,66,8,562,622,322,215,425,573,282,468,30,275,596"
609,range_091426-091625,range_091576-091775,0.075,-0.425,0.0,0.5967689784931387,"246,399,296,463,401,116,237,574,283,35,513,498,63,245,580,526,430,300,548,571"
610,range_091576-091775,range_091726-091925,0.375,-0.125,0.0,0.0,"288,394,218,445,110,153,598,581,85,171,595,537,466,302,350,219,144,193,124,335"
611,range_091726-091925,range_091876-092075,0.15,-0.35,0.0,0.2758760432650551,"561,378,263,225,522,569,518,49,210,389,427,455,243,298,274,256,47,526,496,498"
612,range_091876-092075,range_092026-092225,0.175,-0.325,0.0,0.11614880217063575,"543,173,164,278,104,407,83,9,546,136,396,562,537,372,579,371,530,400,315,128"
613,range_092026-092225,range_092176-092375,0.65,0.15000000000000002,0.26257888122141104,0.162960811642307,"510,301,216,191,8,111,302,472,367,331,536,217,310,415,636,110,374,326,274,488"
614,range_092176-092375,range_092326-092525,0.1,-0.4,0.6425096891093777,1.7587840920102955,"566,599,46,318,78,312,308,474,580,75,263,464,376,141,364,319,100,237,220,412"
615,range_092326-092525,range_092476-092675,1.0,0.5,2.1928537542603985,0.0,"111,51,84,631,81,654,144,472,61,8,645,181,306,490,653,184,137,225,136,204"
616,range_092476-092675,range_092626-092825,0.85,0.35,3.088530097635821,2.272699304920997,"85,466,634,65,153,330,383,53,553,563,66,522,296,381,300,599,339,390,408,344"
617,range_092626-092825,range_092776-092975,0.275,-0.22499999999999998,0.0,0.0,"173,87,124,559,136,343,50,469,230,309,433,598,226,27,227,100,550,281,238,659"
618,range_092776-092975,range_092926-093125,0.15,-0.35,0.6800915449882685,1.317847577436463,"589,473,270,419,96,298,64,144,359,534,187,371,224,218,633,110,629,8,320,155"
619,range_092926-093125,range_093076-093275,0.95,0.44999999999999996,1.1015567138952205,0.39740951623469367,"410,348,543,550,467,155,137,323,140,294,247,152,274,304,386,592,490,195,260,154"
620,range_093076-093275,range_093226-093425,0.75,0.25,0.4552190469687641,0.27847247184072416,"57,187,156,373,162,146,500,436,125,239,80,34,517,88,142,410,108,651,374,587"
621,range_093226-093425,range_093376-093575,0.6,0.09999999999999998,1.3407827015243163,1.1170191122657516,"292,425,513,281,173,638,274,65,129,580,574,410,99,55,188,411,403,459,611,297"
622,range_093376-093575,range_093526-093725,0.375,-0.125,0.0,0.0,"182,45,437,116,284,337,137,218,262,569,493,294,533,38,89,243,343,522,407,189"
623,range_093526-093725,range_093676-093875,0.05,-0.45,0.6868360092105881,1.2097989914701768,"13,1,349,391,529,252,528,397,224,105,259,93,660,199,114,326,643,605,444,551"
624,range_093676-093875,range_093826-094025,0.05,-0.45,0.4659385918314188,0.7498400330675405,"241,326,545,248,20,405,299,436,273,524,509,176,16,149,231,659,54,452,500,252"
625,range_093826-094025,range_093976-094175,0.0,-0.5,0.41241288558252115,2.1015373822111654,"399,483,214,570,608,47,26,566,599,177,189,382,640,647,56,419,147,262,352,316"
626,range_093976-094175,range_094126-094325,0.4,-0.09999999999999998,0.6005090977501321,0.7719125742200144,"113,602,283,430,615,164,453,253,119,601,541,266,262,58,197,75,417,571,451,181"
627,range_094126-094325,range_094276-094475,0.075,-0.425,0.0,0.6656409274150132,"7,335,240,184,31,367,1,317,486,528,288,145,267,179,652,532,565,405,286,460"
628,range_094276-094475,range_094426-094625,0.85,0.35,1.1710464633148046,0.855107244982261,"506,175,377,118,185,405,639,93,582,267,656,67,643,329,23,314,295,524,149,12"
629,range_094426-094625,range_094576-094775,0.1,-0.4,0.4365998711109767,1.595466242233389,"513,213,220,140,322,443,38,474,376,542,318,599,188,608,496,581,245,55,453,368"
630,range_094576-094775,range_094726-094925,0.325,-0.175,0.0,0.0,"293,358,393,545,37,577,300,613,249,458,586,526,653,204,278,600,569,590,121,438"
631,range_094726-094925,range_094876-095075,0.95,0.44999999999999996,0.8573821986147845,0.2346728063293749,"285,403,595,464,607,213,84,469,646,451,173,74,519,144,488,52,181,175,480,45"
632,range_094876-095075,range_095026-095225,0.45,-0.04999999999999999,0.11938275204857884,0.1414635334792239,"524,484,436,1,240,107,207,338,446,76,585,476,105,13,162,449,326,391,359,503"
633,range_095026-095225,range_095176-095375,1.0,0.5,2.0872861945709653,1.0248592895948607,"35,471,557,204,414,4,434,573,469,419,594,593,101,616,361,340,445,367,210,28"
634,range_095176-095375,range_095326-095525,0.65,0.15000000000000002,0.29223145382262716,0.14856541877668084,"191,378,100,412,323,98,560,310,472,383,603,389,263,221,99,82,432,586,469,214"
635,range_095326-095525,range_095476-095675,0.65,0.15000000000000002,0.4807951228840266,0.22288398401637022,"515,405,478,531,472,539,547,449,510,27,465,41,40,326,368,395,200,242,293,255"
636,range_095476-095675,range_095626-095825,0.5,0.0,0.5704891646009631,0.5308808205864188,"39,128,190,606,157,597,419,10,494,525,244,530,170,34,423,544,589,281,320,622"
637,range_095626-095825,range_095776-095975,0.2,-0.3,0.2243842786947325,0.4958093791422774,"388,45,197,513,87,111,138,97,100,297,504,346,581,171,255,411,483,284,561,407"
638,range_095776-095975,range_095926-096125,0.9,0.4,1.812624378502585,1.2022566256101386,"17,186,397,652,93,149,656,506,334,482,151,431,539,231,80,379,588,484,176,476"
639,range_095926-096125,range_096076-096275,0.55,0.050000000000000044,2.205732219020179,1.9779125525433883,"245,432,571,171,43,558,496,512,262,315,296,265,650,351,310,495,194,505,461,301"
640,range_096076-096275,range_096226-096425,0.35,-0.15000000000000002,0.0,0.0,"129,42,15,261,326,514,68,573,581,546,190,254,444,269,662,450,234,622,21,322"
641,range_096226-096425,range_096376-096575,0.7,0.19999999999999996,0.4196376840864611,0.2512772315752152,"601,157,514,306,122,439,364,449,97,496,560,134,50,592,344,167,348,662,470,479"
642,range_096376-096575,range_096526-096725,0.85,0.35,0.44035350173488363,0.08897611318522147,"149,446,205,67,4,320,448,587,191,503,266,40,150,507,501,231,285,101,659,200"
643,range_096526-096725,range_096676-096875,0.3,-0.2,0.5064624769845473,0.9241500745601386,"201,471,108,326,230,337,275,145,524,115,299,70,255,654,509,437,444,289,574,445"
644,range_096676-096875,range_096826-097025,0.25,-0.25,0.21822159746928987,0.4893111574478823,"326,64,156,515,67,481,486,339,162,143,172,426,606,322,662,185,184,251,471,409"
645,range_096826-097025,range_096976-097175,1.0,0.5,1.0886642699707092,0.3330341967160155,"315,631,342,223,572,98,193,655,143,511,504,394,284,255,393,113,209,56,490,269"
646,range_096976-097175,range_097126-097325,0.225,-0.275,0.0,0.031684887090546794,"356,188,470,440,170,296,522,236,608,28,263,554,35,424,211,599,575,233,36,209"
647,range_097126-097325,range_097276-097475,0.6,0.09999999999999998,0.37464828768557545,0.3431370356984304,"336,308,566,233,411,508,522,318,97,230,356,523,181,302,483,254,599,596,75,282"
648,range_097276-097475,range_097426-097625,0.55,0.050000000000000044,0.6798468100653878,0.4978181380579494,"0,189,335,560,164,51,24,192,56,430,662,256,603,663,167,453,263,214,215,226"
649,range_097426-097625,range_097576-097775,0.85,0.35,0.3717425278264055,0.07828971177128607,"567,392,53,13,457,423,255,80,419,154,632,410,444,633,489,112,190,631,8,554"
650,range_097576-097775,range_097726-097925,0.15,-0.35,0.2114953247083189,0.9018499104188453,"13,226,211,261,564,327,574,560,638,108,612,415,321,445,360,502,24,64,488,282"
651,range_097726-097925,range_097876-098075,0.175,-0.325,0.0,0.12733634193202903,"160,184,331,62,17,217,248,661,582,151,447,377,219,20,636,576,585,583,138,107"
652,range_097876-098075,range_098026-098225,0.9,0.4,1.6367044659648051,0.7386596452702041,"15,27,573,14,156,7,371,358,112,565,356,131,53,222,404,543,260,633,433,499"
653,range_098026-098225,range_098176-098375,0.6,0.09999999999999998,0.066705477745338,0.07374387038118238,"101,504,293,3,426,494,91,461,9,59,465,591,369,239,111,500,298,546,631,154"
654,range_098176-098375,range_098326-098525,0.25,-0.25,0.2212459274074829,0.42534746578442206,"23,205,478,564,299,632,589,11,142,532,294,2,619,310,567,626,547,468,371,195"
655,range_098326-098525,range_098476-098675,0.45,-0.04999999999999999,0.8693791055959441,0.8551227807917663,"325,21,228,625,633,14,524,6,13,509,62,379,420,489,149,585,621,402,639,371"
656,range_098476-098675,range_098626-098825,0.0,-0.5,0.5009384201652258,1.4930930049821578,"541,307,622,302,577,3,455,215,369,479,34,382,171,60,428,15,248,22,32,439"
657,range_098626-098825,range_098776-098975,0.25,-0.25,0.011712780150929442,0.4507993153234581,"96,502,129,403,211,601,213,134,393,306,462,359,455,623,36,520,537,558,465,480"
658,range_098776-098975,range_098926-099125,0.1,-0.4,0.0,0.434525974219259,"219,484,443,200,514,289,590,122,434,72,18,536,582,20,113,302,337,152,312,168"
659,range_098926-099125,range_099076-099275,0.15,-0.35,0.0,0.4705827692206054,"403,304,213,216,474,51,430,549,28,302,83,282,354,38,210,123,134,601,459,519"
660,range_099076-099275,range_099226-099425,0.35,-0.15000000000000002,0.305220314758653,0.2525898673555842,"229,129,445,492,12,187,275,473,145,504,322,650,438,269,584,546,553,178,410,338"
661,range_099226-099425,range_099376-099575,0.125,-0.375,0.0,0.5795713971891532,"608,343,230,570,171,412,318,263,627,207,24,566,647,43,368,346,453,122,571,599"
662,range_099376-099575,range_099526-099725,0.475,-0.025000000000000022,0.0,0.0,"275,169,327,212,336,348,165,516,552,488,613,264,361,36,461,166,620,211,3,181"
663,range_099526-099725,range_099676-099875,0.45,-0.04999999999999999,0.32499380442655285,0.37526716026852774,"423,320,499,319,234,454,501,547,80,124,298,52,428,562,122,32,207,525,544,248"
