replicate,mean_percentile_effect
0,-0.020776772247360464
1,-0.020324283559577716
2,-0.02726244343891393
3,0.018476621417797934
4,0.0003016591251885359
5,-0.009162895927601777
6,-0.008785822021116108
7,0.01263197586726994
8,-0.0022247360482653966
9,-0.01508295625942685
10,0.002488687782805421
11,-0.001470588235294168
12,0.010482654600301622
13,0.01101055806938167
14,-0.007579185520361964
15,-0.011689291101055821
16,-0.013650075414781304
17,-0.007315233785822051
18,0.020927601809954788
19,0.013423831070889847
20,-0.004185520361990991
21,-0.013386123680241335
22,-0.009125188536953155
23,-0.00018853695324283493
24,-0.008559577677224761
25,-0.014253393665158431
26,0.0039592760180995334
27,0.00576923076923086
28,-0.008710407239818974
29,-0.015610859728506843
30,0.01825037707390642
31,-0.016817496229260875
32,-0.00512820512820511
33,0.0037330316742081315
34,-0.00011312217194558993
35,-0.005618401206636536
36,0.007352941176470562
37,-0.013725490196078438
38,-0.02311463046757173
39,0.007918552036199067
40,-0.016176470588235348
41,-0.012292609351432837
42,0.011161387631975828
43,0.0033936651583710287
44,-0.01357466063348417
45,-0.006900452488687758
46,0.008974358974358942
47,0.010482654600301622
48,0.013612368024132682
49,-0.00369532428355962
50,0.0006787330316743168
51,0.004977375565610842
52,0.012066365007541435
53,-0.011877828054298656
54,0.01300904977375561
55,-0.013838612368024139
56,-0.001470588235294168
57,0.0012820512820512775
58,0.019419306184011997
59,0.0013574660633484115
60,0.008861236802413242
61,-0.01508295625942685
62,0.023001508295625972
63,0.00614630467571653
64,-0.0004901960784313708
65,0.015837104072398245
66,-0.014517345399698345
67,0.0038461538461538325
68,0.010935143288084426
69,0.025377073906485692
70,-0.014102564102564163
71,-0.005618401206636536
72,-0.0039592760180995334
73,0.031221719457013686
74,0.02541478129713426
75,-0.012594268476621373
76,0.002790346907993957
77,-0.00931372549019599
78,0.008823529411764786
79,-0.0018099547511312153
80,-0.0062594268476621195
81,-0.002488687782805421
82,-0.0032805429864253832
83,0.002978883861236792
84,-0.013235294117647123
85,0.00463800904977385
86,0.015686274509803866
87,0.016440422322775206
88,-0.007126696832579216
89,0.0036199095022625416
90,-0.011726998491704332
91,-0.0012443438914027105
92,0.008031674208144879
93,-0.005279034690799378
94,0.0033559577677224617
95,-0.002865761689291091
96,0.002564102564102666
97,0.00901206636500751
98,-0.012745098039215752
99,-0.0006787330316742612
100,-0.014140271493212675
101,-0.0024132730015082315
102,-0.0039969834087481
103,-0.010671191553544457
104,0.00912518853695321
105,0.007202111613876294
106,0.011802413273001466
107,-0.009766214177978905
108,0.002941176470588225
109,-0.03412518853695323
110,0.014856711915535503
111,-0.0016214177978884359
112,-0.02515082956259418
113,-0.0023378582202110976
114,0.01063348416289589
115,-0.00437405731523377
116,-0.015271493212669685
117,0.008974358974358942
118,-0.001546003016591302
119,0.00426093514328818
120,0.010407239819004488
121,-0.018589743589743468
122,0.0009049773755656076
123,-0.007918552036199122
124,0.007088989441930704
125,0.004524886877828038
126,0.007541478129713397
127,0.002224736048265452
128,0.0032805429864252167
129,-0.0038084464555052655
130,0.004864253393665141
131,-0.014291101055806998
132,-0.0062594268476621195
133,-0.011010558069381504
134,0.0011689291101056876
135,-0.015950226244343946
136,0.004449472096530904
137,0.005429864253393646
138,-0.023303167420814563
139,-0.0029788838612368473
140,-0.026055806938159842
141,-0.011953242835595734
142,-0.002941176470588114
143,0.0006033182503770718
144,0.004675716440422306
145,-0.005769230769230749
146,-0.0007918552036198512
147,-0.00882352941176473
148,0.006900452488687758
149,0.002526395173453988
150,-0.005015082956259409
151,0.015007541478129771
152,0.00614630467571653
153,-0.00995475113122174
154,-0.008295625942684792
155,0.00912518853695321
156,-0.004147812971342368
157,0.013159879336349989
158,-0.003054298642533926
159,-0.013273001508295579
160,-0.005957767722473584
161,0.013989441930618352
162,0.018702865761689225
163,0.005957767722473584
164,-0.0197586726998491
165,-0.006938159879336381
166,0.005090497737556543
167,-0.011726998491704332
168,0.011613876319758631
169,-0.015686274509803866
170,0.02439668174962306
171,-0.01282051282051283
172,-0.009502262443438825
173,-0.008031674208144768
174,0.018099547511312264
175,0.0014328808446455454
176,-0.007013574660633459
177,-0.004110105580693857
178,-0.0019230769230769162
179,0.0009426847662141746
180,0.0017345399698340813
181,-0.0007164404223228282
182,0.002564102564102555
183,0.002714932126696823
184,-0.0011312217194570096
185,0.0007918552036199067
186,0.006711915535444923
187,0.015309200603318307
188,0.00701357466063357
189,-0.019607843137254888
190,0.007239819004524861
191,-0.001470588235294168
192,0.009728506787330282
193,-0.004901960784313708
194,-0.0024132730015083426
195,0.0033936651583710287
196,0.006938159879336436
197,0.007880844645550611
198,-0.0036953242835595645
199,0.002828054298642524
200,-0.02009803921568626
201,0.004411764705882337
202,-0.011274509803921584
203,-0.00995475113122174
204,-0.022586726998491735
205,-0.010784313725490158
206,-0.012104072398190002
207,0.01202865761689298
208,-0.0006410256410256387
209,0.010331825037707465
210,-0.015422322775264008
211,-0.005618401206636536
212,-0.008898944193061809
213,0.00550527903469078
214,0.004110105580693801
215,-0.010218702865761653
216,0.002488687782805532
217,-0.011312217194570151
218,0.00576923076923086
219,0.002337858220211153
220,-0.009389140271493235
221,0.009162895927601888
222,-0.0006410256410256387
223,0.016327300150829505
224,-0.012028657616892924
225,0.0012820512820512775
226,-0.012104072398190002
227,0.0010180995475113086
228,0.0016591251885369473
229,-0.01907993966817495
230,-0.00576923076923086
231,0.002865761689291091
232,0.009803921568627416
233,0.007616892911010531
234,0.022926093514328838
235,-0.013122171945701366
236,0.020437405731523306
237,0.005656108597285048
238,0.025339366515837125
239,-0.009917043740573228
240,-0.010935143288084481
241,-0.0026018099547510665
242,-0.011877828054298656
243,-0.007428355957767641
244,0.005090497737556543
245,0.007503770739064941
246,0.004110105580693801
247,0.005731523378582182
248,0.011425339366515797
249,0.01628959276018105
250,-0.0003393665158371584
251,0.0039969834087481
252,-0.04061085972850681
253,0.00501508295625952
254,-0.014781297134238258
255,-0.007126696832579216
256,0.005618401206636481
257,0.0007164404223227727
258,0.028846153846153855
259,0.010105580693815952
260,-0.0013951734539969785
261,-0.01659125188536953
262,0.0037707390648566985
263,-0.0020361990950225617
264,0.01101055806938156
265,-0.003733031674208187
266,0.02002262443438907
267,0.00539215686274519
268,-0.005693815987933615
269,0.011161387631975828
270,0.006787330316742057
271,-0.014253393665158431
272,-0.017496229260935192
273,-0.018815987933635037
274,-0.004939668174962275
275,0.024736048265460053
276,0.007503770739064941
277,-0.013235294117647123
278,0.002601809954751122
279,0.0018476621417797823
280,0.0039215686274509665
281,0.008710407239818974
282,0.006862745098039191
283,0.0010180995475113086
284,0.005693815987933615
285,0.0012066365007541435
286,0.002450980392156854
287,-0.001093514328808498
288,0.0012443438914028215
289,-0.0007918552036198512
290,0.0006787330316742057
291,0.0018476621417797823
292,0.023378582202111642
293,-0.004638009049773628
294,-0.014479638009049833
295,0.01813725490196072
296,0.0007918552036199067
297,0.004524886877828038
298,-0.0014328808446455454
299,-0.004336349924585203
300,0.008069381598793446
301,-0.01662895927601804
302,-0.021116138763197567
303,-0.008521870286576139
304,-0.00033936651583704736
305,-0.004449472096530904
306,-0.002262443438914019
307,0.023114630467571673
308,-0.03563348416289591
309,-0.0009426847662141746
310,-0.0015082956259426794
311,-0.00588235294117645
312,-0.006598793363499222
313,-0.008371040723981815
314,-0.00018853695324283493
315,0.009653092006033148
316,0.004185520361991046
317,0.035859728506787425
318,-0.013838612368024139
319,0.01613876319758678
320,-0.0016214177978883804
321,0.0032805429864253277
322,-0.03412518853695323
323,-0.007428355957767752
324,-0.017911010558069373
325,0.007956259426847634
326,0.016214177978883915
327,0.0011312217194570096
328,0.0008672699849170407
329,0.02315233785822024
330,0.004336349924585203
331,3.7707390648566985e-05
332,-0.01119909502262445
333,0.015196078431372495
334,-0.01508295625942685
335,0.008220211161387603
336,-0.021568627450980427
337,-0.004487179487179527
338,-0.00015082956259421243
339,-0.018476621417797878
340,0.0035444947209652966
341,-0.004110105580693857
342,-0.017043740573152333
343,-0.001470588235294168
344,0.00275263951734539
345,0.007466063348416263
346,-0.016101055806938103
347,0.011199095022624506
348,-0.0064102564102563875
349,0.004562594268476716
350,-0.004147812971342368
351,-0.0004901960784313708
352,-0.003431372549019651
353,0.012217194570135814
354,0.005203619909502133
355,-0.017609351432880782
356,0.012217194570135814
357,0.010595776772247323
358,-0.001282051282051222
359,0.0037707390648566985
360,0.00015082956259426794
361,-0.004788838612368063
362,0.010143288084464519
363,-0.002488687782805421
364,-0.010558069381598811
365,-0.018476621417797878
366,0.002300150829562586
367,-0.012330316742081404
368,0.009653092006033148
369,0.01425339366515832
370,-0.017948717948717996
371,0.002790346907993957
372,-0.0022247360482655076
373,-0.02326546003016583
374,0.0009049773755656076
375,0.010180995475113086
376,0.002224736048265452
377,0.013574660633484115
378,-0.011538461538461497
379,-0.0039592760180995334
380,0.005769230769230749
381,-0.004713423831070873
382,-0.013159879336349933
383,-0.00795625942684769
384,0.006674208144796356
385,-0.00011312217194575647
386,-0.0019230769230769162
387,-0.008898944193061809
388,-0.013838612368024084
389,0.018552036199095068
390,-0.024585218702865785
391,0.0034690799396682737
392,-0.025226244343891424
393,-0.002526395173453988
394,0.006070889894419285
395,7.541478129702295e-05
396,0.013122171945701422
397,0.006146304675716419
398,0.0038461538461538325
399,-0.019230769230769218
400,-0.003733031674208187
401,0.009238310708898911
402,0.03193815987933635
403,0.0018476621417797823
404,0.01791101055806943
405,0.0009426847662141746
406,-0.019984917043740558
407,0.013612368024132793
408,-0.003355957767722406
409,0.002488687782805421
410,-0.011161387631975828
411,-0.012254901960784326
412,-0.00893665158371032
413,-0.018815987933634926
414,-0.014969834087481093
415,-0.03212669683257918
416,0.005279034690799378
417,-0.0018476621417798378
418,0.02892156862745099
419,-0.0039969834087481
420,-0.0010558069381598756
421,-0.00818250377073898
422,-0.018476621417797878
423,-0.003846153846153888
424,0.00938914027149329
425,-0.013273001508295579
426,-0.003469079939668218
427,-0.009841628959275983
428,-0.015120663650075361
429,-0.012217194570135759
430,0.0036953242835596756
431,0.010067873303167385
432,0.012330316742081515
433,-0.00588235294117645
434,-0.018665158371040713
435,-0.013914027149321329
436,0.0006410256410256387
437,-0.000980392156862686
438,0.008521870286576139
439,0.012066365007541435
440,-0.016402714932126694
441,-0.007239819004524806
442,0.007466063348416263
443,-0.005806938159879371
444,0.019984917043740613
445,0.0019230769230769162
446,0.0015082956259426794
447,-0.0169683257918552
448,-0.007541478129713397
449,-0.018552036199094957
450,-0.003846153846153888
451,0.014969834087481093
452,-0.004713423831070873
453,0.011425339366515797
454,-7.541478129707846e-05
455,0.0
456,0.0039592760180995334
457,-0.006184012066365041
458,0.01489441930618396
459,-0.003733031674208187
460,-0.006561085972850711
461,-0.016666666666666663
462,-0.01938159879336354
463,-0.009653092006033148
464,0.015535444947209709
465,-0.01119909502262445
466,-0.015987933634992513
467,0.012443438914027105
468,-0.00720211161387635
469,0.0008295625942683627
470,-0.011538461538461497
471,-0.009766214177978905
472,-0.003921568627451022
473,-0.013876319758672706
474,-0.007277526395173428
475,-0.008220211161387714
476,-0.0006787330316742057
477,0.0036953242835595645
478,-0.002488687782805421
479,-0.007126696832579216
480,-0.014027149321266918
481,0.006674208144796356
482,-0.012782805429864208
483,-0.00927601809954759
484,-0.02175716440422315
485,0.005203619909502355
486,-0.001018099547511253
487,0.0011312217194570096
488,-0.001357466063348356
489,-0.006070889894419285
490,-0.0065233785822021995
491,0.015309200603318196
492,-0.017269984917043735
493,0.0015082956259426794
494,-0.0019984917043741057
495,-0.013838612368024139
496,-0.006372549019607876
497,0.005090497737556543
498,-0.016138763197586725
499,-0.0006410256410256387
500,0.008182503770739036
501,-0.009879336349924495
502,-0.0051659125188537325
503,-0.011990950226244301
504,-0.030354449472096534
505,0.007579185520361964
506,0.004223227752639502
507,0.0037330316742081315
508,-0.020739064856711897
509,-0.009539969834087447
510,0.012782805429864208
511,-0.0010558069381598756
512,0.011840120663650144
513,0.012594268476621484
514,-0.009012066365007565
515,-0.027224736048265474
516,-0.011274509803921584
517,-0.012933634992458531
518,-0.005656108597285048
519,0.012707390648567185
520,0.0062971342383106865
521,0.01938159879336354
522,-0.003921568627450911
523,-0.010859728506787292
524,-0.004864253393665197
525,0.008031674208144879
526,0.007164404223227727
527,-0.0036953242835595645
528,0.018325791855203555
529,-0.012707390648567074
530,0.010671191553544457
531,0.017458521870286514
532,-0.004524886877828038
533,-0.0016591251885370029
534,0.007767722473604799
535,-0.021455505279034615
536,-0.006598793363499222
537,0.002639517345399689
538,-0.007541478129713397
539,0.01176470588235301
540,0.007843137254901933
541,-0.009917043740573117
542,-0.014668174962292668
543,-0.019871794871794912
544,-0.0027526395173454454
545,0.00463800904977385
546,0.0006410256410256387
547,-0.025565610859728582
548,-0.013650075414781304
549,0.002941176470588225
550,-0.006711915535444923
551,-0.002187028657616885
552,0.008898944193061809
553,-0.008748114630467485
554,0.02088989441930622
555,0.0062971342383106865
556,-0.011123680241327316
557,-0.026809954751131182
558,0.004939668174962275
559,0.007503770739064941
560,0.01327300150829569
561,0.00912518853695321
562,-0.021794871794871773
563,0.02066365007541482
564,0.0012820512820512775
565,0.027073906485671206
566,0.01402714932126703
567,-0.001093514328808387
568,0.011199095022624506
569,-0.008446455505279005
570,0.002111613876319751
571,0.002828054298642524
572,-0.009502262443438936
573,0.01300904977375561
574,-0.002714932126696823
575,0.0033936651583710287
576,-0.0052413273001508665
577,-0.011349924585218663
578,-0.010633484162895834
579,-0.004298642533936581
580,0.006975867269984892
581,0.00437405731523377
582,0.011689291101055765
583,0.004600301659125172
584,-0.0035822021116138636
585,-0.0035822021116138636
586,0.007616892911010531
587,-0.0002639517345399134
588,0.01300904977375561
589,0.01700603318250382
590,-0.0130844645550528
591,-0.006108597285067907
592,0.014705882352941124
593,0.005165912518853677
594,0.004864253393665141
595,-0.0003016591251885914
596,0.005920060331825017
597,0.0015082956259426794
598,0.01666666666666672
599,0.022096530920060253
600,-0.005618401206636536
601,-0.006598793363499222
602,0.016365007541478183
603,0.002413273001508287
604,-0.005957767722473584
605,-0.023001508295625916
606,-0.0026018099547511775
607,-0.011576168929110064
608,0.005392156862745079
609,-0.009653092006033148
610,-0.011236802413273073
611,-0.004638009049773739
612,-0.00037707390648566985
613,0.0005279034690799378
614,0.0065233785822021995
615,-0.016553544494721018
616,-0.018174962292609287
617,0.005542986425339347
618,-0.012217194570135759
619,0.02888386123680242
620,-0.006598793363499222
621,0.008295625942684737
622,-0.004487179487179527
623,0.00588235294117645
624,-0.01557315233785822
625,-0.03608597285067866
626,0.013423831070889847
627,0.013084464555052744
628,-0.004411764705882393
629,0.010407239819004488
630,0.010671191553544568
631,0.0011312217194570096
632,-0.012518853695324295
633,0.0039215686274509665
634,-0.017911010558069373
635,-0.0005279034690799933
636,-0.00237556561085972
637,0.005165912518853788
638,-0.009615384615384637
639,0.0009426847662141746
640,0.0018476621417797823
641,0.01025641025641022
642,-0.003016591251885359
643,0.0012443438914027105
644,0.01613876319758667
645,-0.01006787330316744
646,0.0144042232277527
647,0.011990950226244412
648,-0.014140271493212675
649,0.0011312217194570096
650,-0.005731523378582126
651,-0.0075037707390648856
652,0.00874811463046754
653,0.0013574660633484115
654,0.026131221719457032
655,0.025716440422322906
656,0.004223227752639502
657,-0.00712669683257916
658,0.008936651583710375
659,-0.02473604826546011
660,0.002111613876319751
661,0.011840120663650144
662,0.00463800904977385
663,0.005656108597285048
664,-0.000980392156862686
665,-0.019607843137254888
666,0.007202111613876294
667,0.005203619909502244
668,-0.0130844645550528
669,0.005731523378582182
670,0.015271493212669629
671,0.0062217194570135526
672,-0.0009049773755656632
673,-0.0018853695324283493
674,-0.013876319758672706
675,-0.00882352941176473
676,0.011349924585218663
677,0.020701357466063386
678,-0.013310708898944201
679,0.0009049773755656076
680,-0.008408748114630438
681,-0.005769230769230749
682,0.0038084464555052655
683,-0.014555052790346856
684,-0.010935143288084481
685,0.013574660633484115
686,-0.035030165912518896
687,-0.0033182503770738947
688,-0.004185520361990935
689,0.002941176470588225
690,0.003016591251885359
691,0.0013197586726998445
692,0.005467571644042213
693,-0.009389140271493235
694,0.001960784313725372
695,0.008521870286576139
696,0.0062217194570135526
697,0.0018476621417797823
698,0.0033936651583710287
699,0.007277526395173539
700,0.005618401206636481
701,-0.013009049773755665
702,-0.01357466063348417
703,0.004977375565610842
704,0.008823529411764786
705,0.005241327300150811
706,0.002677224736048256
707,-0.010558069381598811
708,-0.029110105580693824
709,-0.003921568627451022
710,-0.004901960784313708
711,-0.005844645550527883
712,-0.00844645550527906
713,0.013725490196078494
714,0.013951734539969785
715,0.004147812971342368
716,-0.00931372549019599
717,0.002526395173453988
718,-0.0018476621417798378
719,0.004713423831070873
720,0.013725490196078494
721,0.0063348416289592535
722,0.005279034690799378
723,0.0032428355957767607
724,-0.00041478129713429235
725,-0.011349924585218663
726,0.00011312217194570096
727,-0.015045248868778338
728,-0.012858220211161453
729,-0.013612368024132682
730,0.009728506787330393
731,-0.004788838612368118
732,0.011915535444947167
733,-0.0039969834087481
734,-0.0016214177978883804
735,-0.0063348416289592535
736,0.0037330316742081315
737,-0.005656108597285048
738,-0.006108597285067907
739,-0.0015082956259426794
740,0.009464555052790313
741,0.026319758672699867
742,0.00501508295625952
743,0.004713423831070873
744,-0.0130844645550528
745,-0.01395173453996984
746,-0.023831070889894335
747,-0.014404223227752644
748,-0.009049773755656132
749,0.006787330316742057
750,-0.0049773755656108976
751,-0.002111613876319751
752,-0.01783559577677224
753,0.009162895927601888
754,0.028808446455505288
755,0.002036199095022617
756,0.014064856711915485
757,-0.0064479638009049545
758,-0.0076923076923077205
759,0.004788838612368007
760,-0.008107088989441957
761,-0.0036199095022624306
762,-0.004487179487179527
763,-0.0037707390648566985
764,0.018099547511312264
765,0.008710407239818974
766,0.022058823529411797
767,-0.019268476621417785
768,0.004260935143288069
769,-0.0198717948717948
770,-0.012556561085972806
771,0.017986425339366563
772,0.002036199095022617
773,-0.015648567119155354
774,0.014969834087481093
775,-0.0017345399698340258
776,0.004901960784313708
777,0.014291101055806998
778,-0.0036199095022624306
779,-0.006938159879336381
780,0.00018853695324283493
781,-0.01346153846153847
782,-0.016440422322775206
783,-0.006636500754147789
784,0.014969834087481093
785,-0.005392156862744968
786,-0.0039969834087481
787,0.011840120663650144
788,0.0007918552036199067
789,-0.001357466063348356
790,-0.017119155354449522
791,-0.014291101055806998
792,0.0036953242835596756
793,0.01877828054298647
794,-0.0006410256410256387
795,0.017797888386123728
796,-0.01700603318250371
797,-0.007880844645550555
798,0.007692307692307776
799,-0.007315233785822051
800,-0.0049773755656108976
801,0.009577677224736125
802,0.009992458521870251
803,0.012443438914027105
804,-0.02122926093514338
805,0.010067873303167385
806,-0.010671191553544457
807,-0.008333333333333304
808,0.002488687782805421
809,-0.0007164404223228282
810,0.0017345399698340813
811,-0.009276018099547478
812,-0.02782805429864249
813,0.012820512820512775
814,0.012858220211161342
815,-0.0016591251885370029
816,0.006674208144796356
817,-0.0006410256410256387
818,-0.0007918552036198512
819,0.01014328808446463
820,0.00987933634992455
821,-0.00957767722473607
822,0.0012066365007542545
823,-0.005806938159879371
824,-0.022624434389140247
825,0.006749622926093601
826,0.005467571644042213
827,0.008069381598793446
828,0.0063348416289592535
829,0.007767722473604799
830,0.0005279034690799378
831,-0.0005656108597285048
832,0.002111613876319751
833,-0.006372549019607876
834,-0.009766214177978905
835,-0.007051282051282082
836,-0.008597285067873273
837,-0.008672699849170462
838,0.0011312217194570096
839,-0.0039592760180995334
840,-0.007126696832579216
841,-0.012254901960784326
842,0.018212669683257854
843,0.004977375565610842
844,-0.007013574660633459
845,0.011312217194570096
846,0.005844645550527883
847,0.010558069381598756
848,0.0034313725490195957
849,-0.01070889894419308
850,-0.007428355957767641
851,-0.008521870286576139
852,0.01975867269984921
853,-0.010331825037707354
854,-0.0013197586726998445
855,-0.006900452488687758
856,-0.0019607843137254277
857,0.002073906485671184
858,0.01889140271493217
859,-0.0019984917043741057
860,-0.018363499245852122
861,-0.004487179487179527
862,0.0009426847662141746
863,-0.0006410256410256387
864,-0.012971342383107098
865,0.0032051282051281937
866,0.008371040723981982
867,-0.010671191553544457
868,-0.00969079939668177
869,0.007126696832579271
870,-0.005203619909502355
871,0.008898944193061809
872,-0.0021116138763198067
873,-0.003016591251885359
874,0.011312217194570096
875,0.014479638009049722
876,0.014215686274509864
877,0.004788838612368007
878,0.004939668174962275
879,0.008823529411764786
880,-0.004751131221719496
881,0.021304675716440458
882,0.012858220211161342
883,-0.003846153846153888
884,-0.011877828054298656
885,0.00825791855203628
886,-0.010897435897435859
887,0.01938159879336343
888,-0.019230769230769218
889,0.016289592760180938
890,-0.009954751131221684
891,-0.0225113122171946
892,-0.008220211161387603
893,0.013989441930618352
894,-0.010180995475113142
895,-0.005656108597285048
896,-0.007654600301659098
897,0.018740573152337903
898,0.005241327300150811
899,0.002337858220211153
900,-0.002300150829562586
901,0.012669683257918507
902,-0.01662895927601804
903,-0.012028657616892924
904,-0.006070889894419285
905,-0.026206636500754166
906,-0.007956259426847634
907,-0.010520361990950244
908,-0.01659125188536953
909,0.010030165912518818
910,-0.025301659125188503
911,0.021870286576168962
912,-0.011840120663650089
913,-0.0024132730015083426
914,-0.008371040723981926
915,-0.010369532428355976
916,-0.007466063348416263
917,-0.0018476621417798378
918,-0.014894419306184015
919,0.002073906485671184
920,-0.012368024132729971
921,0.02179487179487183
922,-0.006372549019607765
923,-0.008672699849170462
924,0.009992458521870251
925,-0.006900452488687758
926,-0.00475113122171944
927,-0.004449472096530904
928,0.020852187028657654
929,-0.015045248868778338
930,0.002865761689291202
931,0.012330316742081404
932,0.011953242835595845
933,0.011425339366515908
934,-0.002639517345399689
935,-0.004336349924585203
936,0.009351432880844612
937,0.012330316742081404
938,-0.0029411764705882804
939,0.010784313725490158
940,0.00912518853695321
941,-0.01934389140271492
942,0.0010180995475111976
943,-0.0037707390648566985
944,-0.001357466063348467
945,0.00015082956259426794
946,-0.001055806938159931
947,-0.010897435897435859
948,-0.008144796380090469
949,0.005693815987933615
950,0.009049773755656076
951,0.00901206636500762
952,-0.008031674208144768
953,0.01591251885369538
954,-0.0093137254901961
955,0.0105203619909503
956,0.014705882352941124
957,0.009841628959275983
958,0.002073906485671184
959,-0.0011312217194570096
960,-0.0021870286576169407
961,0.0014705882352941124
962,0.004939668174962275
963,-0.015761689291100944
964,0.025226244343891313
965,-0.03205128205128205
966,0.0007541478129713397
967,0.0033559577677224617
968,0.00927601809954759
969,-0.009766214177978905
970,0.004449472096531015
971,0.009917043740573117
972,0.012782805429864208
973,0.0010558069381598756
974,-0.012179487179487247
975,0.011463046757164475
976,7.541478129713397e-05
977,0.01112368024132726
978,-0.004449472096531015
979,-0.028846153846153855
980,-0.012481146304675672
981,-0.0031674208144796823
982,-0.002111613876319751
983,-0.010369532428355976
984,-0.00015082956259421243
985,-0.014856711915535503
986,0.0032051282051281937
987,-0.001206636500754088
988,-0.003506787330316785
989,-0.017533936651583704
990,0.009653092006033148
991,0.004072398190045345
992,-0.0062217194570135526
993,-0.0328431372549019
994,-0.013046757164404177
995,-0.0011312217194570096
996,-0.0007541478129713397
997,-0.002564102564102555
998,-0.014969834087481149
999,-0.015309200603318196
1000,0.0019607843137254832
1001,-0.009087481146304754
1002,0.006711915535445034
1003,0.0010558069381598756
1004,0.01202865761689298
1005,0.017307692307692357
1006,0.015007541478129771
1007,-0.006900452488687758
1008,0.008484162895927572
1009,-0.018174962292609287
1010,-0.003846153846153777
1011,-0.004298642533936692
1012,0.013159879336349989
1013,-0.004524886877828038
1014,-0.006636500754147789
1015,-0.010256410256410275
1016,0.010369532428355921
1017,-0.003996983408748156
1018,0.014328808446455454
1019,0.003054298642533926
1020,-0.006033182503770718
1021,-0.002639517345399689
1022,-0.0016968325791855143
1023,-0.014781297134238314
1024,0.0016591251885369473
1025,-0.006033182503770718
1026,-0.01244343891402716
1027,0.003129713423831171
1028,0.004411764705882337
1029,0.006938159879336436
1030,-0.0312594268476622
1031,-0.01772247360482654
1032,-0.0021493212669682626
1033,0.002903469079939547
1034,-0.005580693815987914
1035,-0.02598039215686271
1036,-0.0064102564102563875
1037,0.016063348416289536
1038,-0.00588235294117645
1039,-0.005316742081447945
1040,0.0017345399698341923
1041,0.004336349924585203
1042,0.007013574660633459
1043,-0.004298642533936692
1044,0.00837104072398187
1045,0.0017722473604826483
1046,0.01263197586726994
1047,-0.001093514328808498
1048,-0.015422322775263897
1049,-0.00607088989441934
1050,-0.0031674208144796823
1051,0.004675716440422306
1052,0.013348416289592824
1053,0.0036576168929109976
1054,0.004901960784313708
1055,0.004524886877828038
1056,0.023717948717948745
1057,-0.007730015082956232
1058,-0.018514328808446445
1059,0.025113122171945612
1060,0.00275263951734539
1061,-0.006070889894419285
1062,-0.002677224736048256
1063,-0.016742081447963852
1064,-0.024660633484162864
1065,0.006749622926093601
1066,0.005467571644042213
1067,-0.008408748114630549
1068,-0.0006033182503770163
1069,0.009049773755656076
1070,-0.014064856711915541
1071,0.012971342383107154
1072,0.022247360482654632
1073,-0.00237556561085972
1074,0.010859728506787292
1075,0.020248868778280582
1076,-0.0004901960784314263
1077,-0.015950226244343946
1078,-0.0051659125188536215
1079,0.009238310708898911
1080,-0.00237556561085972
1081,-0.0008672699849170962
1082,0.0038461538461538325
1083,0.022209653092006065
1084,-0.0002262443438913464
1085,-0.0328431372549019
1086,-0.0024132730015083426
1087,0.0014328808446455454
1088,-0.013386123680241335
1089,0.0016591251885369473
1090,-0.0092006033182504
1091,0.016289592760180938
1092,-0.0034313725490195957
1093,0.0019984917043741612
1094,-0.007993966817496145
1095,0.015082956259426794
1096,-0.011500754147812986
1097,-0.004901960784313708
1098,-0.0008295625942684737
1099,-0.001357466063348356
1100,0.008295625942684737
1101,0.014592760180995534
1102,0.0225113122171946
1103,-0.0006787330316742057
1104,-0.007541478129713397
1105,0.01640271493212675
1106,0.00237556561085972
1107,0.0062971342383106865
1108,-0.02160633484162905
1109,0.0013574660633484115
1110,0.011840120663650144
1111,0.0012820512820512775
1112,-0.006749622926093546
1113,0.011689291101055765
1114,-0.007239819004524917
1115,-0.006862745098039247
1116,-0.008672699849170462
1117,-0.00844645550527906
1118,0.015837104072398245
1119,0.002564102564102555
1120,-0.0004901960784314263
1121,-0.015346907993966763
1122,0.008220211161387714
1123,-0.0050527903469080315
1124,-0.005731523378582126
1125,0.0015460030165913574
1126,-0.007956259426847634
1127,-0.017307692307692357
1128,-0.012858220211161342
1129,-0.006146304675716419
1130,0.008408748114630549
1131,-0.004675716440422362
1132,-0.014555052790346856
1133,0.018966817496229194
1134,0.012858220211161342
1135,0.005957767722473584
1136,0.012782805429864319
1137,0.003129713423831171
1138,-0.02375565610859731
1139,0.0062594268476622306
1140,0.0016214177978884914
1141,0.0011689291101055765
1142,0.01640271493212675
1143,-0.008220211161387714
1144,0.004034690799396667
1145,0.0037707390648566985
1146,0.009464555052790313
1147,0.018815987933635037
1148,-0.00018853695324283493
1149,-0.010897435897435914
1150,0.006938159879336436
1151,0.0032051282051281937
1152,0.004826546003016574
1153,0.015460030165912464
1154,0.02088989441930622
1155,-0.012933634992458531
1156,0.008710407239819085
1157,-0.01244343891402716
1158,-0.0018476621417798378
1159,0.008144796380090469
1160,-0.0038084464555052655
1161,0.010407239819004488
1162,-0.007088989441930593
1163,0.002714932126696823
1164,0.007239819004524861
1165,0.028469079939668185
1166,0.0065233785822021995
1167,0.004336349924585203
1168,-0.011915535444947167
1169,0.011802413273001577
1170,-0.0034313725490195957
1171,0.01312217194570131
1172,3.7707390648566985e-05
1173,-0.0039969834087481
1174,0.007843137254901933
1175,-0.0002262443438913464
1176,-0.009879336349924606
1177,-0.010369532428355976
1178,-0.0035822021116138636
1179,0.0011689291101055765
1180,0.020588235294117685
1181,-0.0015460030165911909
1182,0.018099547511312264
1183,0.007616892911010531
1184,0.002111613876319751
1185,0.017496229260935192
1186,-0.010105580693816063
1187,0.007428355957767696
1188,0.01625188536953237
1189,-0.01395173453996984
1190,-0.0038084464555052655
1191,-0.002111613876319751
1192,-0.02375565610859731
1193,0.00199849170437405
1194,-0.017156862745098034
1195,0.012217194570135814
1196,-0.015912518853695323
1197,0.007202111613876294
1198,-0.0038084464555052655
1199,-0.0019607843137254832
1200,-0.0012443438914027105
1201,-0.010294117647058787
1202,-0.0029034690799396023
1203,0.005542986425339347
1204,-0.0018476621417797268
1205,0.002677224736048256
1206,0.00588235294117645
1207,-0.0039592760180995334
1208,-0.008107088989441957
1209,0.011576168929110064
1210,-0.01270739064856713
1211,-0.0049773755656107865
1212,-0.011651583710407254
1213,-0.006825037707390624
1214,-0.01613876319758678
1215,0.022699849170437325
1216,-0.00931372549019599
1217,0.0013951734539969785
1218,-0.0004524886877827483
1219,-0.005693815987933615
1220,-0.005090497737556543
1221,-0.007579185520361964
1222,0.011538461538461497
1223,0.0017345399698341923
1224,0.0033559577677224617
1225,-0.017684766214178027
1226,-0.002450980392156854
1227,0.011085972850678805
1228,-0.0063348416289593645
1229,-0.004336349924585203
1230,-0.005731523378582126
1231,0.004223227752639502
1232,0.00011312217194581198
1233,0.013800904977375517
1234,-0.0036953242835595645
1235,0.013348416289592824
1236,-0.007277526395173428
1237,-0.0013197586726998445
1238,0.020211161387632015
1239,-0.01907993966817495
1240,-0.023944193061840147
1241,0.002262443438914019
1242,-0.012405731523378594
1243,-0.0033936651583710287
1244,-0.005920060331825128
1245,-0.0076923076923077205
1246,0.005995475113122151
1247,-0.0008672699849170407
1248,0.009464555052790313
1249,0.01025641025641022
1250,0.023378582202111642
1251,-0.003657616892911053
1252,0.015573152337858276
1253,0.01813725490196072
1254,0.005241327300150811
1255,-0.005618401206636536
1256,0.00901206636500762
1257,0.005844645550527883
1258,0.013348416289592824
1259,0.0017345399698340813
1260,-0.02243589743589741
1261,0.0010558069381598756
1262,-0.009879336349924606
1263,-0.01764705882352946
1264,0.01738310708898938
1265,0.0030920060331823818
1266,0.008710407239818974
1267,0.00912518853695321
1268,-0.04132730015082953
1269,0.022285067873303088
1270,0.009087481146304643
1271,0.012518853695324239
1272,-0.00720211161387635
1273,0.002300150829562586
1274,-0.0005279034690799933
1275,-0.011312217194570151
1276,-0.005015082956259409
1277,-0.0027526395173454454
1278,-0.025754147812971306
1279,0.0079939668174962
1280,0.004223227752639502
1281,-0.0092006033182504
1282,0.010105580693816063
1283,-0.00806938159879339
1284,0.007164404223227727
1285,0.013084464555052855
1286,-0.02322775263951732
1287,0.01640271493212675
1288,-0.001282051282051222
1289,0.004298642533936636
1290,-0.008748114630467485
1291,-0.004223227752639447
1292,0.0033936651583710287
1293,-0.01870286576168928
1294,-0.010784313725490269
1295,0.00950226244343888
1296,-0.0033936651583710287
1297,-0.0076923076923077205
1298,0.012782805429864319
1299,-0.018061840120663586
1300,-0.024472096530920084
1301,-0.008257918552036225
1302,-0.0169683257918552
1303,-0.011349924585218663
1304,-0.009954751131221684
1305,0.005505279034690891
1306,-0.01621417797888386
1307,0.0038084464555052655
1308,0.009313725490196045
1309,0.00512820512820511
1310,-0.003431372549019651
1311,0.0034690799396680516
1312,0.006825037707390624
1313,-0.013763197586727005
1314,0.012179487179487247
1315,0.011048265460030127
1316,-0.012217194570135759
1317,-0.021530920060331804
1318,0.008220211161387603
1319,-0.013687782805429871
1320,0.0017722473604825373
1321,0.0012443438914028215
1322,-0.006485671191553577
1323,0.010708898944193135
1324,-0.008521870286576139
1325,0.008936651583710375
1326,0.029600301659125194
1327,0.008936651583710375
1328,-0.01546003016591252
1329,-0.011726998491704443
1330,-0.01108597285067875
1331,-0.011274509803921529
1332,-0.016855203619909498
1333,-0.012782805429864263
1334,-0.02952488687782806
1335,-0.010633484162895834
1336,0.00614630467571653
1337,-0.002714932126696823
1338,0.02552790346907996
1339,-0.006825037707390624
1340,-0.012933634992458531
1341,0.009728506787330282
1342,0.004110105580693801
1343,-0.002828054298642524
1344,-0.0005279034690799933
1345,0.01677978883861242
1346,-0.01907993966817495
1347,-0.004826546003016574
1348,-0.003733031674208187
1349,0.01640271493212675
1350,-0.006975867269984892
1351,-0.002865761689291091
1352,0.02288838612368027
1353,0.0017345399698340813
1354,-0.006485671191553466
1355,-0.014894419306184015
1356,0.004223227752639502
1357,-7.541478129713397e-05
1358,-0.010218702865761653
1359,0.031070889894419307
1360,0.002639517345399689
1361,-0.011651583710407254
1362,0.0031297134238310598
1363,0.010105580693815952
1364,-0.00037707390648566985
1365,-0.010859728506787292
1366,0.02002262443438907
1367,-0.001470588235294168
1368,-0.00331825037707395
1369,0.0011689291101055765
1370,0.010859728506787292
1371,0.00912518853695321
1372,0.008898944193061809
1373,0.008031674208144768
1374,-0.012292609351432837
1375,0.00437405731523377
1376,-0.004713423831070873
1377,-0.008446455505279005
1378,-0.007051282051281971
1379,0.004713423831070873
1380,-0.0032428355957767607
1381,-0.007843137254901933
1382,-0.016176470588235348
1383,-0.006259426847662175
1384,0.015233785822021173
1385,-0.00712669683257916
1386,0.005618401206636481
1387,0.016101055806938103
1388,-0.03367269984917043
1389,-0.007466063348416263
1390,-0.009879336349924495
1391,-0.007767722473604799
1392,-0.00030165912518842486
1393,-0.0008672699849170962
1394,0.0014328808446455454
1395,0.0018099547511312153
1396,-0.009426847662141802
1397,-0.002941176470588225
1398,0.0002262443438914019
1399,-0.017911010558069373
1400,-0.005731523378582237
1401,-0.008936651583710431
1402,-0.02002262443438918
1403,-0.0004147812971341813
1404,-7.541478129713397e-05
1405,-0.008748114630467596
1406,-0.0029788838612368473
1407,-0.010143288084464575
1408,0.0118778280542986
1409,0.019079939668174895
1410,-0.002941176470588225
1411,0.012820512820512775
1412,-0.0170814479638009
1413,0.002111613876319751
1414,0.0004901960784312598
1415,0.004411764705882337
1416,-0.009502262443438825
1417,-0.005656108597285048
1418,-0.013838612368024084
1419,-0.006636500754147789
1420,-0.007164404223227727
1421,-0.01772247360482654
1422,-0.01726998491704379
1423,-0.0002639517345399689
1424,0.008107088989441902
1425,-0.02285067873303165
1426,-0.012405731523378594
1427,0.005015082956259409
1428,0.008371040723981982
1429,0.006711915535444923
1430,0.00037707390648566985
1431,-0.0018853695324283493
1432,-0.014140271493212675
1433,-0.007579185520361964
1434,-0.008031674208144879
1435,0.005580693815988025
1436,0.005467571644042213
1437,-0.009766214177978905
1438,-0.001282051282051333
1439,0.008936651583710375
1440,0.01214177978883868
1441,0.0015837104072398134
1442,-0.00501508295625952
1443,-0.02009803921568626
1444,0.006825037707390624
1445,-0.01070889894419308
1446,-0.014856711915535503
1447,-0.004336349924585203
1448,0.0013951734539969785
1449,-0.0019230769230769162
1450,-0.014630467571644046
1451,0.021342383107088914
1452,-0.013122171945701366
1453,0.021832579185520395
1454,-0.010935143288084481
1455,0.002187028657616996
1456,-0.009803921568627472
1457,0.004487179487179471
1458,0.016478129713423884
1459,-0.008672699849170462
1460,0.002564102564102666
1461,-0.001168929110105521
1462,0.021945701357466207
1463,-0.004675716440422362
1464,-0.011161387631975828
1465,0.0009426847662141746
1466,0.012104072398190002
1467,-0.01907993966817495
1468,0.012782805429864319
1469,-0.007277526395173428
1470,-0.005995475113122095
1471,0.0009426847662141746
1472,-0.007654600301659209
1473,0.012292609351432837
1474,0.005241327300150811
1475,-0.004600301659125228
1476,-0.0010558069381598756
1477,0.0018099547511313263
1478,0.009238310708898911
1479,0.015837104072398245
1480,-0.005656108597285048
1481,0.017948717948717885
1482,-0.002941176470588225
1483,0.019079939668174895
1484,-0.008710407239818974
1485,0.007880844645550611
1486,-0.001357466063348356
1487,-0.0004147812971341813
1488,0.007088989441930704
1489,-0.006787330316742057
1490,0.013046757164404177
1491,-0.009389140271493235
1492,0.02941176470588236
1493,-0.00426093514328818
1494,-0.009351432880844723
1495,-0.015723981900452433
1496,0.015497737556561142
1497,0.005882352941176561
1498,-0.011274509803921584
1499,-0.008672699849170462
1500,-0.000980392156862686
1501,-0.004826546003016574
1502,0.012330316742081404
1503,0.002413273001508287
1504,0.01776018099547505
1505,-0.0032051282051281937
1506,0.012292609351432948
1507,-0.006598793363499222
1508,-0.004864253393665197
1509,-0.0015082956259426794
1510,-0.010633484162895945
1511,-0.015610859728506732
1512,0.014441930618401266
1513,-0.000980392156862686
1514,-0.020739064856711897
1515,0.002149321266968318
1516,-0.011576168929110064
1517,-0.003054298642533926
1518,-0.017081447963800955
1519,-0.007918552036199122
1520,0.0007164404223227727
1521,0.009426847662141746
1522,0.002375565610859609
1523,-0.012858220211161342
1524,-0.010558069381598811
1525,0.008521870286576139
1526,-0.005392156862745079
1527,0.0008295625942683627
1528,0.0012820512820512775
1529,-0.011576168929110064
1530,0.011953242835595845
1531,0.016101055806938103
1532,-0.013838612368024084
1533,0.008710407239819085
1534,-0.00331825037707395
1535,0.018740573152337903
1536,-0.025113122171945668
1537,0.00011312217194570096
1538,-0.011048265460030127
1539,-0.020324283559577716
1540,0.009803921568627416
1541,-0.007466063348416263
1542,-0.007202111613876294
1543,0.0079939668174962
1544,0.016742081447963852
1545,0.0033182503770738947
1546,-0.0063348416289593645
1547,0.0004524886877826928
1548,0.006938159879336436
1549,-0.0035822021116138636
1550,-0.007202111613876294
1551,-0.011613876319758631
1552,-0.007164404223227727
1553,-0.0007541478129713397
1554,-0.007239819004524917
1555,-0.007466063348416263
1556,-0.00844645550527906
1557,0.002601809954751122
1558,-0.007843137254901933
1559,-0.004713423831070873
1560,-0.004298642533936692
1561,0.009351432880844612
1562,-0.009162895927601777
1563,-0.002714932126696823
1564,-0.003544494720965352
1565,-0.0027903469079940124
1566,0.0004901960784314818
1567,-0.00901206636500751
1568,0.005052790346907976
1569,0.0079939668174962
1570,0.002413273001508287
1571,0.013876319758672762
1572,0.008182503770739036
1573,-0.02816742081447965
1574,-0.0017345399698340258
1575,0.010558069381598756
1576,-0.009615384615384637
1577,-0.014177978883861186
1578,0.016591251885369585
1579,-0.008031674208144768
1580,0.017345399698340924
1581,-0.004487179487179416
1582,-0.03095776772247355
1583,0.013725490196078494
1584,-0.005467571644042213
1585,0.0009426847662141746
1586,0.0012443438914028215
1587,-0.016930618401206687
1588,-0.019532428355957754
1589,0.01402714932126703
1590,0.011199095022624395
1591,0.00475113122171944
1592,0.0014328808446456565
1593,0.01289592760181002
1594,0.00863499245852184
1595,-0.004638009049773739
1596,-0.014668174962292668
1597,0.002601809954751122
1598,0.014064856711915485
1599,0.004675716440422306
1600,0.012518853695324239
1601,-0.020550527903469062
1602,-0.009238310708898967
1603,0.0037330316742081315
1604,0.0002262443438914019
1605,0.006674208144796356
1606,-0.015384615384615441
1607,-0.002639517345399689
1608,-0.007088989441930704
1609,0.007428355957767696
1610,0.01112368024132726
1611,-0.0035067873303166186
1612,-0.02319004524886875
1613,-0.018778280542986414
1614,-0.00588235294117645
1615,-0.0027903469079940124
1616,-0.00995475113122174
1617,-0.01033182503770741
1618,-0.011425339366515797
1619,-0.018778280542986414
1620,-0.007088989441930704
1621,0.008861236802413242
1622,-0.008182503770739091
1623,-0.006033182503770718
1624,-0.009238310708898967
1625,0.01263197586726994
1626,-0.0023378582202110976
1627,0.012368024132730082
1628,-0.013800904977375517
1629,0.018853695324283604
1630,-0.007202111613876294
1631,-0.01583710407239819
1632,-0.018476621417797878
1633,-0.004223227752639447
1634,-0.0011312217194570096
1635,0.013122171945701422
1636,-0.005203619909502355
1637,0.0037707390648566985
1638,-0.010482654600301733
1639,0.009238310708898911
1640,0.016553544494721018
1641,0.008220211161387714
1642,0.004864253393665141
1643,0.008521870286576139
1644,-0.029298642533936603
1645,-0.007843137254901933
1646,-0.009426847662141802
1647,-0.002828054298642524
1648,-0.003846153846153888
1649,0.008069381598793446
1650,0.01240573152337865
1651,-0.0032428355957767607
1652,-0.004260935143288069
1653,0.0186274509803922
1654,0.009426847662141746
1655,0.0004524886877826928
1656,0.012104072398190113
1657,-0.013838612368024139
1658,-0.012933634992458531
1659,0.0013951734539968674
1660,-0.014668174962292668
1661,0.004223227752639502
1662,0.005580693815987914
1663,0.004562594268476605
1664,0.002149321266968318
1665,-0.004939668174962275
1666,-0.00369532428355962
1667,0.011576168929110064
1668,-0.00011312217194570096
1669,-0.009539969834087558
1670,-0.007315233785822051
1671,-0.01006787330316744
1672,0.005279034690799378
1673,-0.008333333333333304
1674,-0.002450980392156854
1675,-0.021116138763197567
1676,0.0036953242835595645
1677,-0.021832579185520395
1678,-0.017232277526395168
1679,0.0002262443438914019
1680,-0.0026018099547511775
1681,0.008144796380090469
1682,0.020701357466063386
1683,-0.01282051282051283
1684,-0.008484162895927627
1685,-0.017194570135746545
1686,0.017571644042232326
1687,0.016855203619909553
1688,0.006862745098039191
1689,0.0010180995475111976
1690,-0.006259426847662175
1691,0.009539969834087558
1692,0.008936651583710375
1693,0.0062594268476621195
1694,-0.01395173453996984
1695,-0.005995475113122206
1696,0.0011689291101055765
1697,-0.002677224736048256
1698,-0.009917043740573117
1699,0.004562594268476605
1700,-0.002865761689291091
1701,0.033333333333333326
1702,-0.017081447963800955
1703,-0.001282051282051222
1704,-0.009276018099547478
1705,-0.008785822021116219
1706,0.0017722473604826483
1707,-0.002941176470588225
1708,0.0158748114630467
1709,0.008710407239818974
1710,-0.020625942684766252
1711,-0.007239819004524917
1712,-0.03714177978883859
1713,0.00837104072398187
1714,-0.0020361990950226727
1715,-0.008861236802413297
1716,-0.011689291101055821
1717,0.004147812971342368
1718,0.010030165912518818
1719,-0.0030165912518853033
1720,-0.025301659125188503
1721,0.01753393665158376
1722,0.01500754147812966
1723,0.012669683257918507
1724,-0.0004524886877827483
1725,0.0144042232277527
1726,0.015686274509803866
1727,0.012594268476621484
1728,-0.017232277526395168
1729,-0.014479638009049833
1730,-0.01119909502262445
1731,0.011538461538461497
1732,0.008408748114630438
1733,-0.014404223227752644
1734,-0.002450980392156854
1735,-0.004298642533936692
1736,-0.00037707390648566985
1737,-0.006787330316742057
1738,-0.004449472096530904
1739,0.0011689291101055765
1740,0.01900452488687787
1741,-0.00199849170437405
1742,0.012858220211161342
1743,-0.013423831070889847
1744,-0.005392156862745079
1745,-0.015610859728506843
1746,0.012594268476621484
1747,-0.00199849170437405
1748,0.00976621417797896
1749,-0.009049773755656132
1750,-0.005279034690799378
1751,-0.008785822021116219
1752,0.009162895927601888
1753,0.010331825037707465
1754,0.010407239819004599
1755,0.002262443438914019
1756,-0.014555052790346856
1757,0.006825037707390735
1758,-0.01662895927601804
1759,-0.024698340874811486
1760,0.0064479638009049545
1761,0.006070889894419285
1762,-0.004864253393665197
1763,-0.004487179487179416
1764,0.016101055806938214
1765,0.004713423831070873
1766,-0.0027903469079940124
1767,-0.0005279034690799933
1768,-0.01832579185520361
1769,-0.008484162895927627
1770,-0.014441930618401266
1771,-0.006033182503770718
1772,-0.006825037707390624
1773,0.005920060331825017
1774,0.0065610859728507664
1775,-0.004034690799396723
1776,0.01376319758672695
1777,0.0009049773755656076
1778,-0.009389140271493235
1779,0.008710407239819085
1780,0.0017722473604827593
1781,-0.005203619909502244
1782,0.019193061840120706
1783,0.014479638009049722
1784,-0.003921568627451022
1785,-0.023831070889894446
1786,0.0013574660633485225
1787,0.0019984917043741612
1788,-0.005844645550527883
1789,0.007352941176470562
1790,0.006900452488687758
1791,0.014705882352941124
1792,0.0019230769230770273
1793,-0.0050527903469080315
1794,0.033974358974358965
1795,-0.002677224736048256
1796,-0.0038838612368023995
1797,0.005995475113122262
1798,-0.01233031674208146
1799,-0.0029788838612368473
1800,0.00701357466063357
1801,0.0012443438914028215
1802,-0.01395173453996984
1803,-0.014253393665158376
1804,-0.006900452488687758
1805,0.0064479638009049545
1806,0.004147812971342368
1807,-0.000980392156862686
1808,0.0118778280542986
1809,-0.013989441930618463
1810,0.0012820512820512775
1811,0.010331825037707465
1812,-0.01395173453996984
1813,-0.017647058823529405
1814,0.008785822021116108
1815,-0.002111613876319751
1816,-0.0018099547511312708
1817,0.01263197586726994
1818,0.004034690799396667
1819,0.008484162895927572
1820,-0.00576923076923086
1821,0.0019607843137254832
1822,-0.004939668174962275
1823,0.0031297134238310598
1824,0.017835595776772295
1825,0.005769230769230749
1826,-0.00893665158371032
1827,0.023001508295625972
1828,-0.001055806938159931
1829,0.00512820512820511
1830,0.005128205128205221
1831,-0.007352941176470562
1832,-0.01195324283559579
1833,0.013800904977375517
1834,0.008974358974358942
1835,-0.007390648567119129
1836,-0.010859728506787292
1837,-0.0012066365007541435
1838,-0.015535444947209764
1839,0.015233785822021173
1840,0.005316742081447945
1841,0.0016968325791855143
1842,0.008974358974358942
1843,-0.0039969834087481
1844,-0.019268476621417785
1845,-0.006485671191553577
1846,-0.010897435897435914
1847,0.002337858220211153
1848,0.01263197586726994
1849,0.021493212669683293
1850,0.0018476621417797823
1851,-0.0038084464555052655
1852,0.02424585218702857
1853,0.005279034690799378
1854,-0.007013574660633459
1855,-0.0130844645550528
1856,0.002941176470588225
1857,0.00275263951734539
1858,-0.00927601809954759
1859,0.0018099547511312153
1860,0.004449472096530904
1861,-0.0025263951734539325
1862,-0.009238310708898967
1863,0.00018853695324283493
1864,-0.010105580693816063
1865,0.0010180995475113086
1866,-0.013612368024132682
1867,0.01738310708898938
1868,0.005203619909502244
1869,-0.0011312217194570096
1870,-0.007352941176470562
1871,-0.0003016591251885359
1872,0.010558069381598756
1873,-0.0008295625942684182
1874,-0.008408748114630549
1875,-0.008785822021116108
1876,0.006108597285067852
1877,-0.004901960784313708
1878,0.01376319758672695
1879,0.002601809954751122
1880,-0.011538461538461497
1881,-0.009766214177978905
1882,0.0010558069381598756
1883,-0.002300150829562586
1884,0.0009049773755656076
1885,0.002488687782805421
1886,0.00018853695324283493
1887,-0.00022624434389145742
1888,-0.010520361990950244
1889,0.0006033182503770718
1890,-0.006372549019607876
1891,0.021078431372548945
1892,0.0009049773755656076
1893,-0.007202111613876294
1894,-0.011915535444947167
1895,0.00987933634992455
1896,0.0002262443438914019
1897,0.011538461538461497
1898,0.005429864253393646
1899,0.0033559577677224617
1900,0.010331825037707465
1901,0.023378582202111642
1902,-0.012745098039215752
1903,0.003129713423831171
1904,-0.014140271493212675
1905,0.006033182503770718
1906,-0.012518853695324295
1907,-0.004110105580693857
1908,0.009351432880844612
1909,-0.008408748114630549
1910,-0.022549019607843224
1911,0.017232277526395223
1912,0.0015837104072399244
1913,0.018552036199095068
1914,0.003016591251885359
1915,-0.010105580693816063
1916,-3.7707390648622496e-05
1917,-0.014102564102564163
1918,-0.018929110105580627
1919,-0.00437405731523377
1920,-0.020361990950226228
1921,-0.002300150829562586
1922,-0.0008672699849170407
1923,0.012782805429864319
1924,0.013348416289592824
1925,0.002790346907993957
1926,-0.004072398190045234
1927,-0.007088989441930593
1928,-0.002941176470588225
1929,0.01089743589743597
1930,-0.013914027149321329
1931,-0.004901960784313708
1932,0.011312217194570096
1933,-0.0036199095022624306
1934,-0.009087481146304643
1935,0.018853695324283604
1936,0.005920060331825017
1937,-0.007277526395173428
1938,0.00437405731523377
1939,-0.005015082956259409
1940,0.02126696832579189
1941,-0.02914781297134239
1942,-0.005844645550527883
1943,0.004826546003016574
1944,0.023303167420814508
1945,-0.007126696832579216
1946,-0.001206636500754088
1947,-0.009426847662141802
1948,-0.0016591251885370029
1949,-0.014027149321266974
1950,-0.009464555052790313
1951,-0.020814479638008976
1952,0.002941176470588336
1953,-0.0051659125188537325
1954,0.017722473604826594
1955,-0.015912518853695268
1956,-0.013499245852187092
1957,-0.008220211161387603
1958,0.013273001508295579
1959,-0.005467571644042213
1960,0.012707390648567074
1961,0.013574660633484115
1962,0.016101055806938103
1963,-0.011613876319758631
1964,0.008408748114630438
1965,0.018740573152337903
1966,-0.0031674208144796823
1967,-0.02051282051282055
1968,-0.015950226244343946
1969,-0.013838612368024139
1970,-0.005844645550527883
1971,0.01677978883861242
1972,-0.0130844645550528
1973,-0.007088989441930593
1974,-0.012104072398190002
1975,-0.0029788838612368473
1976,0.014630467571644101
1977,0.006938159879336436
1978,0.0039969834087481
1979,0.0017345399698340813
1980,-0.019909502262443313
1981,-0.025075414781297156
1982,-0.0037707390648566985
1983,-0.017194570135746545
1984,0.009313725490196156
1985,-0.0009049773755656632
1986,0.0064856711915535215
1987,-0.013763197586727005
1988,-0.0158748114630467
1989,0.007918552036199067
1990,0.01074660633484159
1991,0.018552036199095068
1992,0.008107088989441902
1993,-0.010294117647058787
1994,0.0032428355957768717
1995,0.00512820512820511
1996,0.004600301659125172
1997,-0.01044494720965311
1998,-0.018438914027149367
1999,0.007051282051282026
2000,0.009653092006033148
2001,-0.0022247360482653966
2002,0.031862745098039214
2003,-0.0006787330316742612
2004,-0.024547511312217163
2005,-0.008672699849170462
2006,0.0010180995475113086
2007,-0.006749622926093546
2008,-0.01870286576168928
2009,-0.0036199095022624306
2010,-0.005467571644042213
2011,0.004072398190045345
2012,-0.0051659125188537325
2013,-0.0006033182503770163
2014,-0.019984917043740558
2015,-0.008559577677224761
2016,-0.013009049773755665
2017,-0.002677224736048256
2018,-0.003016591251885359
2019,0.004449472096530904
2020,-0.002149321266968318
2021,0.002073906485671184
2022,-0.007956259426847634
2023,0.009238310708898911
2024,-0.002450980392156854
2025,0.03065610859728518
2026,0.0014328808446456565
2027,-0.013536953242835603
2028,0.0010180995475113086
2029,0.004411764705882337
2030,-0.001357466063348356
2031,-0.006033182503770718
2032,-0.005542986425339291
2033,-0.0027903469079940124
2034,-0.0075037707390648856
2035,0.016855203619909553
2036,-0.012292609351432837
2037,0.014668174962292557
2038,-0.00015082956259432345
2039,-0.007843137254901933
2040,0.026319758672699867
2041,-0.008861236802413297
2042,-0.014102564102564163
2043,-0.011425339366515908
2044,0.0018099547511312153
2045,-0.011500754147812986
2046,0.011538461538461497
2047,0.008974358974358942
2048,-0.001244343891402766
2049,0.009841628959275983
2050,-0.006070889894419285
2051,0.012481146304675672
2052,-0.005392156862745079
2053,0.0031674208144796268
2054,-0.018665158371040713
2055,0.01225490196078427
2056,-0.002677224736048256
2057,-0.0039592760180995334
2058,0.002639517345399689
2059,-0.006485671191553466
2060,-0.011010558069381615
2061,-0.003657616892910942
2062,-0.002375565610859609
2063,0.02677224736048267
2064,0.019871794871794912
2065,0.019683257918551966
2066,0.01251885369532435
2067,-0.019607843137254832
2068,0.0004901960784313708
2069,-0.0032805429864253832
2070,-0.013876319758672595
2071,-0.00015082956259432345
2072,0.01365007541478136
2073,0.0118778280542986
2074,0.0039215686274509665
2075,-0.015686274509803866
2076,-0.023567119155354477
2077,-0.0004524886877828038
2078,-0.002903469079939658
2079,3.7707390648566985e-05
2080,-0.00015082956259432345
2081,0.016214177978883915
2082,0.0033936651583710287
2083,0.002073906485671184
2084,0.015422322775264008
2085,0.0039592760180995334
2086,-0.002262443438914019
2087,0.004751131221719551
2088,-0.01444193061840121
2089,-0.001432880844645601
2090,-0.010633484162895945
2091,0.004864253393665141
2092,-0.007239819004524917
2093,0.002677224736048256
2094,-0.003054298642533926
2095,-0.0018476621417798378
2096,0.0065233785822020884
2097,-0.012217194570135703
2098,-0.0033936651583710287
2099,-0.0039592760180995334
2100,0.009200603318250344
2101,-0.009464555052790313
2102,-0.01576168929110111
2103,-0.006184012066365041
2104,0.007466063348416263
2105,-0.002677224736048256
2106,-0.0078054298642534214
2107,-0.009012066365007565
2108,-0.021116138763197567
2109,0.007880844645550611
2110,-0.013499245852187092
2111,-0.02088989441930622
2112,0.0013197586726998445
2113,0.011576168929110175
2114,-0.014404223227752644
2115,-0.019532428355957754
2116,-0.0005279034690799933
2117,-0.004826546003016574
2118,0.01376319758672695
2119,0.0015082956259426794
2120,-0.013009049773755665
2121,-0.016063348416289536
2122,0.0118778280542986
2123,0.0038084464555052655
2124,0.005467571644042213
2125,-0.012104072398190113
2126,-0.006033182503770718
2127,-0.019683257918552077
2128,-0.0051659125188537325
2129,-0.013612368024132793
2130,-0.006372549019607876
2131,-0.014479638009049722
2132,0.003016591251885359
2133,0.011726998491704332
2134,-0.001168929110105521
2135,0.006070889894419285
2136,0.0018853695324283493
2137,0.0038084464555052655
2138,-0.02797888386123676
2139,-0.006259426847662175
2140,0.017194570135746545
2141,0.010671191553544568
2142,-0.002526395173453988
2143,0.0008672699849170407
2144,-0.010595776772247323
2145,0.0031674208144796268
2146,0.015422322775264008
2147,0.0018099547511312153
2148,-0.005467571644042213
2149,-0.01108597285067875
2150,0.0019230769230769162
2151,-0.013046757164404177
2152,-0.011500754147812986
2153,-0.005618401206636536
2154,0.012104072398190113
2155,-0.00369532428355962
2156,-0.011500754147812986
2157,0.010822021116138836
2158,0.006108597285067852
2159,0.002450980392156854
2160,-0.002111613876319751
2161,-0.001470588235294168
2162,-0.029864253393665108
2163,0.01602564102564108
2164,0.009464555052790313
2165,0.0004524886877826928
2166,0.020060331825037747
2167,0.00237556561085972
2168,0.013725490196078494
2169,-0.00275263951734539
2170,-0.011877828054298656
2171,-0.004110105580693857
2172,-0.006561085972850711
2173,-0.01862745098039209
2174,-0.02541478129713426
2175,0.010369532428355921
2176,0.0007541478129713397
2177,0.014177978883861186
2178,-0.0029411764705882804
2179,0.007390648567119129
2180,-0.019796380090497723
2181,0.007579185520361964
2182,-0.00018853695324283493
2183,-0.010784313725490158
2184,-0.013273001508295634
2185,0.00501508295625952
2186,0.002865761689291091
2187,-0.0016968325791855143
2188,0.002752639517345501
2189,0.004864253393665141
2190,-0.0037707390648566985
2191,-0.0007541478129713397
2192,-0.001055806938159931
2193,-0.0065233785822020884
2194,-0.0005656108597285048
2195,0.014441930618401266
2196,0.0063725490196079315
2197,0.0105203619909503
2198,-0.0130844645550528
2199,-0.015799396681749678
2200,-0.009276018099547478
2201,-0.018024132730015074
2202,-0.0119532428355959
2203,-0.01874057315233779
2204,0.007730015082956232
2205,0.010030165912518818
2206,0.008974358974359053
2207,-0.007541478129713397
2208,0.011048265460030127
2209,0.0035067873303168406
2210,0.01776018099547505
2211,0.00976621417797896
2212,0.022737556561086003
2213,-0.015007541478129771
2214,-0.01659125188536953
2215,0.00588235294117645
2216,0.011048265460030127
2217,0.005203619909502355
2218,-0.00539215686274519
2219,-0.02730015082956261
2220,0.00950226244343888
2221,-0.0208521870286576
2222,-0.006900452488687869
2223,0.008559577677224706
2224,-0.008484162895927627
2225,-0.0002262443438913464
2226,-0.02009803921568626
2227,-0.0036953242835595645
2228,-0.009426847662141802
2229,0.024698340874811486
2230,-0.00901206636500751
2231,-0.017986425339366507
2232,-0.01583710407239819
2233,-0.003657616892911053
2234,0.0015082956259426794
2235,0.0034690799396681626
2236,-0.0004524886877827483
2237,-0.008521870286576139
2238,-0.0004147812971341813
2239,-0.014404223227752644
2240,0.0035067873303167296
2241,-0.018552036199094957
2242,-0.0076923076923077205
2243,0.007805429864253366
2244,-0.003280542986425272
2245,-0.0014328808446455454
2246,-0.018815987933635037
2247,-0.0008672699849169296
2248,0.022473604826545923
2249,0.0032428355957767607
2250,-0.023868778280542957
2251,-0.003280542986425272
2252,-0.009841628959275983
2253,0.0017722473604826483
2254,0.004901960784313708
2255,-0.0063348416289592535
2256,0.0
2257,0.010671191553544346
2258,0.004638009049773739
2259,0.0
2260,0.01738310708898938
2261,-3.7707390648511474e-05
2262,-0.011387631975867174
2263,0.004939668174962275
2264,0.011953242835595845
2265,-0.0031674208144795712
2266,0.004713423831070873
2267,-0.025452488687782826
2268,-0.005769230769230749
2269,-0.006636500754147789
2270,-0.029260935143288036
2271,-0.00674962292609349
2272,-0.005995475113122206
2273,0.006938159879336436
2274,-0.007730015082956232
2275,0.013838612368024195
2276,0.0019230769230770273
2277,0.025754147812971362
2278,0.023604826546002933
2279,-0.011123680241327316
2280,0.0012820512820512775
2281,-0.007352941176470562
2282,0.014027149321266918
2283,-0.02654600301659127
2284,0.01402714932126703
2285,-0.004977375565610953
2286,0.008107088989441902
2287,0.0039215686274509665
2288,-0.015384615384615441
2289,0.015950226244343946
2290,-0.013084464555052744
2291,-0.021455505279034615
2292,0.019457013574660564
2293,-0.008634992458521895
2294,0.021116138763197623
2295,-0.010859728506787236
2296,-0.0117647058823529
2297,-0.019117647058823573
2298,-0.0017722473604825928
2299,0.002036199095022617
2300,-0.014592760180995423
2301,0.005241327300150811
2302,0.004072398190045234
2303,0.005354449472096512
2304,-0.017269984917043735
2305,0.01591251885369538
2306,0.010294117647058898
2307,0.01251885369532435
2308,0.002111613876319751
2309,0.019193061840120706
2310,-0.0027526395173454454
2311,-0.014555052790346856
2312,0.0018476621417797823
2313,-0.008107088989441957
2314,0.0032428355957767607
2315,-0.00550527903469078
2316,-0.011274509803921584
2317,0.014592760180995534
2318,0.0016214177978883804
2319,-0.017609351432880782
2320,0.00275263951734539
2321,-0.008031674208144768
2322,-0.022360482654600278
2323,-0.010595776772247323
2324,-0.0065233785822020884
2325,-0.003657616892911053
2326,-0.007352941176470562
2327,-0.0007918552036199622
2328,0.002941176470588336
2329,-0.01006787330316733
2330,0.013574660633484115
2331,0.008031674208144768
2332,-0.0016591251885370029
2333,-0.007239819004524806
2334,-0.010369532428355976
2335,0.002111613876319751
2336,-0.012594268476621429
2337,-0.0026018099547511775
2338,0.0
2339,0.0079939668174962
2340,0.005429864253393646
2341,0.0036953242835595645
2342,-0.0015460030165911909
2343,0.012745098039215752
2344,-0.001168929110105521
2345,0.0039592760180995334
2346,-0.0028657616892911464
2347,0.020588235294117685
2348,-0.006259426847662175
2349,-0.007239819004524917
2350,-0.0015837104072397579
2351,0.016968325791855254
2352,-0.0170814479638009
2353,0.0016214177978883804
2354,0.0037330316742081315
2355,0.010030165912518929
2356,-0.01357466063348417
2357,-0.0022247360482655076
2358,0.01538461538461533
2359,0.009464555052790313
2360,-0.0002262443438913464
2361,0.002903469079939547
2362,0.0033182503770740057
2363,-0.014856711915535503
2364,-0.037669683257918585
2365,0.00475113122171944
2366,-0.0012066365007541435
2367,-0.010143288084464575
2368,0.01202865761689298
2369,0.003092006033182493
2370,0.013122171945701422
2371,-0.015271493212669685
2372,-0.0036199095022624306
2373,0.0017722473604825373
2374,-0.011538461538461497
2375,-0.0032051282051281937
2376,0.002790346907993957
2377,-0.011877828054298656
2378,-0.007202111613876294
2379,-0.003544494720965352
2380,-0.013273001508295579
2381,0.008107088989441902
2382,0.002187028657616996
2383,-0.0032428355957767607
2384,0.006033182503770718
2385,0.009087481146304643
2386,-0.001282051282051333
2387,-0.004336349924585203
2388,0.007428355957767807
2389,-0.004524886877828038
2390,-0.0007164404223227172
2391,-0.011915535444947167
2392,0.002526395173453988
2393,-0.0016968325791855143
2394,-0.010256410256410275
2395,0.005731523378582182
2396,-0.010218702865761653
2397,-0.017420814479637947
2398,0.024849170437405643
2399,-0.001357466063348356
2400,-0.014894419306184015
2401,-0.012858220211161342
2402,-0.004034690799396612
2403,-0.008031674208144879
2404,-0.024245852187028738
2405,-0.03133484162895922
2406,-0.015799396681749678
2407,0.005165912518853677
2408,-0.004638009049773739
2409,0.009238310708898911
2410,0.009653092006033148
2411,-0.008974358974359053
2412,-7.541478129707846e-05
2413,-0.015535444947209653
2414,-0.0008295625942684182
2415,-0.011010558069381615
2416,-0.005203619909502244
2417,-0.004411764705882393
2418,0.02013574660633488
2419,0.013574660633484115
2420,-0.013122171945701366
2421,-0.0037707390648566985
2422,-0.0063348416289592535
2423,0.006070889894419285
2424,0.008521870286576139
2425,-0.006033182503770718
2426,0.0018853695324283493
2427,-0.005467571644042213
2428,-0.004939668174962275
2429,-0.004034690799396612
2430,-0.0032805429864253832
2431,-0.00011312217194575647
2432,0.005052790346907976
2433,0.015535444947209709
2434,0.013084464555052855
2435,-0.013461538461538414
2436,-0.0035822021116138636
2437,0.00701357466063357
2438,0.0014705882352941124
2439,0.0064479638009049545
2440,-0.013009049773755665
2441,-0.0013197586726998445
2442,0.015837104072398245
2443,-0.002639517345399689
2444,-0.00011312217194570096
2445,0.0
2446,-0.00011312217194570096
2447,0.01463046757164399
2448,0.0019607843137254832
2449,0.004788838612368118
2450,0.002790346907993957
2451,0.005090497737556543
2452,0.008182503770739036
2453,0.002564102564102666
2454,0.00475113122171944
2455,-0.005015082956259409
2456,-0.0005656108597285048
2457,-0.0003393665158371584
2458,0.011199095022624395
2459,-0.015309200603318307
2460,0.01327300150829569
2461,-0.015535444947209653
2462,-0.0015837104072398134
2463,-0.012895927601809909
2464,0.006711915535445034
2465,0.005618401206636481
2466,0.002111613876319751
2467,-0.00426093514328818
2468,-0.007993966817496145
2469,0.004449472096531015
2470,0.004562594268476716
2471,0.013461538461538525
2472,-0.013461538461538414
2473,-0.006146304675716363
2474,-0.00995475113122174
2475,-0.0017345399698340258
2476,-0.011726998491704332
2477,0.004788838612368007
2478,0.016666666666666607
2479,0.002677224736048256
2480,0.0004901960784314818
2481,0.036840120663650056
2482,-0.002677224736048256
2483,0.00018853695324283493
2484,0.007390648567119129
2485,-0.0076168929110104755
2486,-0.008710407239818974
2487,-0.007993966817496145
2488,0.018250377073906532
2489,0.009803921568627416
2490,-0.00015082956259432345
2491,-0.011915535444947167
2492,0.004901960784313708
2493,-0.0051659125188537325
2494,0.007202111613876294
2495,0.01451734539969829
2496,-0.005769230769230693
2497,-0.010935143288084481
2498,-0.015384615384615441
2499,0.0012066365007542545
2500,-0.008484162895927627
2501,-0.010633484162895945
2502,0.0062594268476621195
2503,-0.02281297134238308
2504,-0.005467571644042213
2505,0.02175716440422326
2506,-0.014743589743589802
2507,-0.006674208144796412
2508,0.01101055806938156
2509,0.024208144796380116
2510,-0.009728506787330393
2511,0.016553544494721018
2512,0.011085972850678805
2513,-0.010030165912518818
2514,-0.01006787330316733
2515,0.007088989441930704
2516,0.02115384615384608
2517,0.02028657616892915
2518,-0.007051282051281971
2519,0.009464555052790313
2520,-0.012254901960784326
2521,0.004110105580693801
2522,0.0037330316742081315
2523,0.0015460030165913574
2524,-0.0092006033182504
2525,-0.002300150829562586
2526,-0.008785822021116108
2527,0.002601809954751122
2528,0.025716440422322795
2529,-0.016440422322775206
2530,-0.002564102564102555
2531,0.0011312217194570096
2532,0.002300150829562697
2533,-0.007277526395173428
2534,-0.013009049773755665
2535,-0.002073906485671184
2536,0.0013197586726998445
2537,-0.0038838612368022885
2538,-0.017458521870286625
2539,0.002111613876319751
2540,0.0035822021116138636
2541,-0.012481146304675672
2542,0.0032805429864252167
2543,0.017232277526395223
2544,0.0009803921568627416
2545,-0.01659125188536953
2546,0.002941176470588336
2547,-0.011877828054298656
2548,-0.017420814479637947
2549,-0.00712669683257916
2550,-0.004788838612367952
2551,-0.005844645550527883
2552,-0.012292609351432837
2553,0.002375565610859831
2554,-0.0007541478129713397
2555,0.01591251885369538
2556,0.01074660633484159
2557,-0.002526395173453988
2558,-0.015384615384615441
2559,0.00041478129713423684
2560,0.013612368024132682
2561,-0.016892911010558065
2562,-0.0026018099547511775
2563,0.009841628959275983
2564,0.015384615384615441
2565,-0.004600301659125228
2566,-0.007843137254901933
2567,0.004072398190045234
2568,-0.011349924585218663
2569,0.004826546003016574
2570,-0.012292609351432837
2571,0.02077677224736041
2572,-0.0002262443438913464
2573,-0.010143288084464575
2574,-0.005090497737556543
2575,0.004110105580693801
2576,-0.0017345399698340258
2577,-0.007918552036199122
2578,0.004562594268476605
2579,0.019343891402714863
2580,0.011199095022624506
2581,0.024811463046757187
2582,-0.003883861236802455
2583,0.025377073906485692
2584,0.0117647058823529
2585,0.007239819004524861
2586,0.0016591251885369473
2587,0.0032805429864253277
2588,0.0007541478129713397
2589,-0.0006787330316742057
2590,-0.0015837104072398134
2591,0.015082956259426794
2592,-0.006975867269984892
2593,-0.009162895927601777
2594,-0.021945701357466096
2595,0.0002639517345399689
2596,0.004072398190045234
2597,0.004072398190045234
2598,-0.006787330316742057
2599,0.00874811463046754
2600,-0.018891402714932115
2601,0.018476621417797934
2602,0.021870286576168962
2603,0.017345399698340924
2604,0.0010558069381597646
2605,0.002564102564102444
2606,0.017948717948717885
2607,0.013650075414781249
2608,-0.009803921568627472
2609,0.005844645550527883
2610,0.011048265460030238
2611,-0.008672699849170462
2612,-0.015761689291100944
2613,0.008936651583710375
2614,-0.012745098039215697
2615,-0.01432880844645551
2616,0.0015837104072397024
2617,-0.014781297134238258
2618,-0.007202111613876294
2619,0.004751131221719551
2620,0.0037707390648566985
2621,-0.0003016591251885359
2622,0.015233785822021173
2623,0.00912518853695321
2624,0.006108597285067852
2625,0.01489441930618396
2626,0.0032805429864253277
2627,-0.013989441930618352
2628,-0.0008295625942684182
2629,0.007880844645550611
2630,0.0035822021116138636
2631,-0.011613876319758631
2632,0.012556561085972806
2633,-0.012782805429864263
2634,0.0062217194570135526
2635,-0.011463046757164419
2636,-0.0032805429864253832
2637,-0.008672699849170462
2638,-0.003016591251885359
2639,0.005920060331825017
2640,0.005316742081447945
2641,0.01414027149321273
2642,-0.007843137254902044
2643,0.00950226244343888
2644,0.014215686274509864
2645,0.0015837104072398134
2646,-0.0005656108597285048
2647,0.008220211161387603
2648,-0.01070889894419308
2649,-0.007277526395173428
2650,-0.001093514328808498
2651,0.0196455505279034
2652,-0.00588235294117645
2653,0.012179487179487136
2654,0.01862745098039209
2655,-0.002903469079939658
2656,0.005505279034690891
2657,-0.021304675716440402
2658,0.002526395173453988
2659,0.01165158371040731
2660,-0.014177978883861186
2661,-0.008936651583710431
2662,-0.0021493212669682626
2663,0.009087481146304643
2664,0.01602564102564108
2665,0.0039215686274509665
2666,-0.014856711915535503
2667,0.0006787330316743168
2668,-0.0033936651583710287
2669,0.006598793363499222
2670,-0.015422322775264008
2671,-0.029336349924585226
2672,-0.0075791855203620195
2673,0.012368024132729971
2674,-0.003996983408748156
2675,0.011199095022624506
2676,0.006033182503770718
2677,-0.001470588235294168
2678,0.009690799396681715
2679,-0.013725490196078438
2680,0.04030920060331833
2681,0.006070889894419396
2682,-0.001168929110105521
2683,-0.007654600301659209
2684,0.0017345399698340813
2685,0.016101055806938214
2686,0.012669683257918507
2687,-0.006334841628959198
2688,-0.00015082956259432345
2689,-0.008748114630467485
2690,-0.01233031674208146
2691,0.010972850678733104
2692,0.0003016591251886469
2693,-0.0009803921568627971
2694,-0.008484162895927627
2695,-0.015573152337858276
2696,-0.0065233785822020884
2697,0.005467571644042213
2698,0.016855203619909553
2699,0.01048265460030151
2700,-0.012895927601809909
2701,0.014705882352941124
2702,0.007466063348416263
2703,-0.008597285067873273
2704,-0.0015460030165911909
2705,0.006033182503770718
2706,-0.01195324283559579
2707,0.013914027149321329
2708,0.005090497737556543
2709,0.008484162895927572
2710,-0.018552036199094957
2711,-0.01519607843137255
2712,-0.0028657616892911464
2713,0.0007541478129713397
2714,0.027714932126696845
2715,0.0033182503770740057
2716,-0.003657616892911053
2717,0.01176470588235301
2718,0.01889140271493206
2719,0.007918552036199067
2720,0.009728506787330282
2721,-0.003883861236802455
2722,-0.01206636500754149
2723,0.010859728506787292
2724,-0.0031297134238310598
2725,-0.014366515837104021
2726,0.012066365007541435
2727,0.0038461538461538325
2728,-0.01244343891402716
2729,0.01500754147812966
2730,-0.014743589743589802
2731,0.0105203619909503
2732,0.02654600301659127
2733,-0.026847662141779804
2734,0.010067873303167385
2735,-0.00569381598793367
2736,0.0033182503770740057
2737,0.0014705882352941124
2738,0.0003016591251886469
2739,-0.00475113122171944
2740,0.002450980392156854
2741,-0.008371040723981926
2742,-0.007239819004524806
2743,0.007126696832579271
2744,-0.00037707390648566985
2745,-0.0015082956259426794
2746,0.0013574660633484115
2747,-0.007202111613876294
2748,0.002337858220211153
2749,0.007164404223227727
2750,-0.01595022624434389
2751,0.002149321266968207
2752,0.005354449472096623
2753,-0.0036953242835595645
2754,-0.011689291101055821
2755,0.0014328808446456565
2756,-0.01825037707390642
2757,0.0004524886877826928
2758,0.018966817496229194
2759,-0.01214177978883857
2760,0.008710407239818974
2761,-0.0007541478129713397
2762,-0.01214177978883857
2763,-0.006825037707390624
2764,-0.0036953242835595645
2765,-0.0020361990950226727
2766,-0.008634992458521895
2767,-0.018966817496229305
2768,-0.007579185520361964
2769,-0.0015460030165911909
2770,-0.00275263951734539
2771,0.022096530920060253
2772,-0.015987933634992513
2773,-0.0017722473604826483
2774,-0.02209653092006031
2775,0.011915535444947167
2776,0.0
2777,0.012745098039215752
2778,0.015573152337858165
2779,0.004336349924585203
2780,-0.009238310708898967
2781,0.004562594268476716
2782,-0.011726998491704332
2783,-0.010105580693815952
2784,0.010897435897435859
2785,-0.016855203619909442
2786,0.002488687782805532
2787,0.004411764705882337
2788,0.0019230769230769162
2789,0.015987933634992513
2790,-0.005015082956259409
2791,-0.013914027149321329
2792,0.01662895927601804
2793,-0.004260935143288069
2794,-0.009502262443438936
2795,-0.0016968325791855143
2796,0.009238310708898911
2797,0.010294117647058787
2798,-0.009502262443438936
2799,-0.011764705882352955
2800,-0.010294117647058787
2801,0.01753393665158376
2802,0.005429864253393646
2803,-0.003054298642533926
2804,0.008408748114630438
2805,-0.00644796380090501
2806,0.0035067873303168406
2807,-0.005467571644042213
2808,-0.0023755656108597756
2809,-0.02450980392156865
2810,-0.012292609351432837
2811,0.01202865761689298
2812,0.0012066365007542545
2813,0.0039592760180995334
2814,0.002300150829562586
2815,-0.02175716440422315
2816,0.02590497737556552
2817,-0.002941176470588225
2818,0.0033182503770738947
2819,0.002601809954751122
2820,-0.019683257918551966
2821,0.00874811463046754
2822,0.011349924585218663
2823,0.004524886877828038
2824,-0.005429864253393701
2825,0.002941176470588225
2826,-0.015422322775264008
2827,0.0186274509803922
2828,0.010030165912518929
2829,0.007466063348416374
2830,0.015120663650075361
2831,-0.0022247360482655076
2832,-0.011651583710407254
2833,-0.0017722473604826483
2834,-0.007843137254901933
2835,0.004072398190045345
2836,0.005392156862745079
2837,-0.010897435897435914
2838,0.004751131221719551
2839,0.00512820512820511
2840,0.02051282051282055
2841,0.022812971342383137
2842,-0.0003016591251885359
2843,-0.004600301659125117
2844,0.002262443438914019
2845,-0.0038084464555052655
2846,0.026470588235294135
2847,0.0004524886877826928
2848,0.0009049773755656076
2849,0.012368024132729971
2850,-0.0006787330316742057
2851,0.002903469079939658
2852,-0.0075037707390648856
2853,0.002564102564102555
2854,0.013725490196078494
2855,0.013122171945701422
2856,-0.011274509803921584
2857,0.012518853695324239
2858,-0.002187028657616774
2859,-0.022926093514328894
2860,0.012745098039215641
2861,-0.0013197586726998445
2862,-0.012254901960784326
2863,-0.009615384615384637
2864,-0.011274509803921584
2865,0.002564102564102666
2866,-0.009917043740573117
2867,-0.007654600301659209
2868,0.00938914027149318
2869,-0.0015082956259426794
2870,-0.02024886877828047
2871,-0.0002262443438913464
2872,0.00576923076923086
2873,-0.00199849170437405
2874,0.011802413273001577
2875,0.014969834087481204
2876,0.0063725490196079315
2877,-0.0033182503770737837
2878,0.025188536953242857
2879,0.009313725490196045
2880,0.014215686274509864
2881,-0.005279034690799378
2882,-0.018966817496229138
2883,-0.0018853695324283493
2884,-0.011689291101055821
2885,0.013914027149321329
2886,0.006674208144796356
2887,-0.002564102564102555
2888,-0.00237556561085972
2889,-0.023453996983408665
2890,-0.008710407239818974
2891,0.01975867269984921
2892,-0.0051659125188536215
2893,-0.009276018099547478
2894,-0.02828054298642535
2895,-0.004901960784313708
2896,0.00874811463046754
2897,0.008295625942684737
2898,0.00614630467571653
2899,-0.024924585218702833
2900,0.009615384615384581
2901,0.002337858220211153
2902,0.018363499245852344
2903,0.013536953242835659
2904,0.00550527903469078
2905,-0.011726998491704332
2906,-0.01651583710407245
2907,-0.002262443438914019
2908,-0.010030165912518929
2909,-0.01670437405731523
2910,0.011349924585218774
2911,-0.012481146304675672
2912,0.004487179487179471
2913,0.014102564102564163
2914,-0.0009049773755656632
2915,-0.00037707390648566985
2916,-0.0009049773755655521
2917,0.009803921568627416
2918,0.024057315233785848
2919,-0.003921568627451022
2920,0.0039215686274509665
2921,0.012820512820512775
2922,0.005090497737556543
2923,-0.000980392156862686
2924,-0.0014328808446455454
2925,-0.009426847662141802
2926,0.004524886877828038
2927,0.002111613876319751
2928,-0.021493212669683237
2929,0.03190045248868778
2930,-0.01282051282051283
2931,0.004788838612368007
2932,-0.011538461538461497
2933,0.007805429864253366
2934,0.0017722473604825373
2935,0.002187028657616996
2936,-0.010294117647058898
2937,-0.0062594268476621195
2938,0.014592760180995534
2939,-0.005844645550527883
2940,0.012179487179487136
2941,0.0006410256410256387
2942,-0.009238310708898967
2943,0.0012820512820512775
2944,0.011048265460030127
2945,0.009728506787330393
2946,0.005693815987933615
2947,-0.0019230769230769718
2948,-0.0036199095022624306
2949,0.005090497737556543
2950,-0.016365007541478183
2951,0.0186274509803922
2952,0.005429864253393646
2953,-3.7707390648622496e-05
2954,0.008446455505279005
2955,-0.010671191553544457
2956,0.010972850678732993
2957,0.002450980392156854
2958,-0.007126696832579216
2959,0.009464555052790313
2960,-0.004336349924585203
2961,0.01941930618401211
2962,0.017081447963800844
2963,-0.007843137254901933
2964,-0.005203619909502355
2965,-0.006184012066365041
2966,-0.011802413273001466
2967,0.008936651583710375
2968,0.005429864253393646
2969,0.006674208144796356
2970,-0.003506787330316785
2971,-0.008295625942684792
2972,-0.019268476621417785
2973,-0.0020361990950226727
2974,-0.003469079939668218
2975,0.0013197586726998445
2976,-0.02122926093514338
2977,-0.00437405731523377
2978,0.021003016591251922
2979,-0.018552036199094957
2980,-0.011236802413273073
2981,0.0033559577677224617
2982,-0.01613876319758678
2983,-0.01108597285067875
2984,0.005844645550527883
2985,0.0006787330316742057
2986,0.006711915535444923
2987,-0.009766214177978905
2988,-0.005618401206636536
2989,0.00825791855203628
2990,-0.014668174962292557
2991,0.007767722473604799
2992,-0.00037707390648566985
2993,0.011085972850678805
2994,0.009351432880844723
2995,0.0035444947209652966
2996,0.010067873303167385
2997,-0.002073906485671184
2998,0.00825791855203628
2999,0.0032051282051281937
3000,0.029223227752639525
3001,-0.017156862745098034
3002,0.0005656108597285048
3003,0.009313725490196045
3004,0.012217194570135814
3005,0.0016214177978884914
3006,0.0064479638009050655
3007,0.005467571644042213
3008,-0.012481146304675672
3009,-0.004034690799396612
3010,-0.007352941176470562
3011,-0.007918552036199122
3012,0.010822021116138836
3013,0.0063725490196078205
3014,0.0004524886877828038
3015,0.0006410256410255277
3016,0.00837104072398187
3017,-0.003054298642533926
3018,-0.00426093514328818
3019,-0.0062594268476621195
3020,0.0004524886877828038
3021,0.0007918552036199067
3022,-0.0024132730015083426
3023,0.007918552036199067
3024,0.0079939668174962
3025,-0.002903469079939769
3026,-0.012594268476621429
3027,-0.011877828054298656
3028,-0.018174962292609287
3029,0.010822021116138725
3030,-0.006787330316742057
3031,-0.0038838612368023995
3032,-0.007767722473604799
3033,0.007239819004524861
3034,-3.7707390648511474e-05
3035,0.012745098039215641
3036,-0.02503770739064859
3037,-0.0036199095022624306
3038,0.01840120663650069
3039,-0.002903469079939658
3040,0.005392156862745079
3041,-0.001395173453996923
3042,-0.01640271493212664
3043,-0.011613876319758631
3044,0.008107088989441902
3045,0.00033936651583710287
3046,-0.008107088989441957
3047,0.004110105580693801
3048,0.012556561085972917
3049,0.014668174962292668
3050,-0.009653092006033148
3051,0.0225113122171946
3052,-0.008559577677224761
3053,-0.0052413273001508665
3054,-3.7707390648511474e-05
3055,0.0014328808446456565
3056,-0.004675716440422362
3057,0.0062971342383106865
3058,-0.02085218702865771
3059,0.004298642533936636
3060,0.004411764705882337
3061,0.004713423831070873
3062,0.015761689291101
3063,0.01463046757164399
3064,-0.015233785822021173
3065,-0.02047511312217204
3066,0.009464555052790313
3067,-0.0010180995475113086
3068,0.004110105580693801
3069,0.006184012066365097
3070,0.01915535444947214
3071,0.0037707390648566985
3072,-0.0016968325791855143
3073,-0.0007164404223228282
3074,-0.011387631975867396
3075,0.0062594268476622306
3076,-0.00614630467571653
3077,0.008974358974359053
3078,-0.011010558069381615
3079,0.02552790346907985
3080,-0.015912518853695268
3081,-0.010218702865761653
3082,0.011199095022624395
3083,-0.015309200603318196
3084,-0.0075037707390648856
3085,-0.014856711915535503
3086,-0.014140271493212675
3087,0.01666666666666672
3088,-0.004826546003016574
3089,-0.014517345399698345
3090,-0.012179487179487247
3091,-0.0018476621417797268
3092,0.005203619909502244
3093,-0.008257918552036225
3094,0.011689291101055765
3095,0.014705882352941124
3096,-0.011877828054298656
3097,-0.002865761689291091
3098,-0.01621417797888386
3099,0.015874811463046812
3100,-0.028846153846153855
3101,-0.009879336349924495
3102,0.008484162895927572
3103,-0.0051659125188537325
3104,0.01564856711915541
3105,-0.011123680241327316
3106,-0.005090497737556543
3107,0.0064479638009049545
3108,0.009728506787330393
3109,0.004487179487179471
3110,-0.029185520361990958
3111,0.0007541478129713397
3112,-0.007428355957767752
3113,0.006825037707390624
3114,0.004788838612368007
3115,-0.0024132730015083426
3116,0.01202865761689298
3117,-0.013763197586727005
3118,-0.00969079939668166
3119,0.005618401206636481
3120,-0.024434389140271573
3121,-0.007390648567119129
3122,-0.0002639517345399134
3123,0.002601809954751122
3124,0.007315233785822106
3125,0.004524886877828038
3126,0.014668174962292668
3127,-0.01832579185520361
3128,-0.00780542986425331
3129,-0.009992458521870307
3130,0.006938159879336436
3131,0.008182503770739036
3132,0.006938159879336436
3133,-0.00501508295625952
3134,0.008446455505279116
3135,-0.009276018099547478
3136,-0.011538461538461497
3137,0.004901960784313708
3138,-0.0006787330316742612
3139,-0.01900452488687787
3140,0.0015460030165912464
3141,0.02654600301659127
3142,-0.010935143288084481
3143,-0.0002639517345399689
3144,0.00011312217194570096
3145,-0.015686274509803866
3146,0.0005656108597285048
3147,0.011425339366515908
3148,-0.005203619909502244
3149,0.0017722473604825373
3150,-0.00512820512820511
3151,-0.011689291101055821
3152,0.007805429864253366
3153,-0.010218702865761764
3154,0.015535444947209709
3155,-0.003619909502262486
3156,0.019947209653092046
3157,0.0036199095022624306
3158,-0.004411764705882448
3159,0.017043740573152277
3160,0.00226244343891413
3161,0.01101055806938167
3162,-0.01907993966817495
3163,-0.0051659125188536215
3164,-0.004110105580693857
3165,0.018853695324283604
3166,0.009049773755656076
3167,0.002450980392156854
3168,0.004864253393665141
3169,-0.017911010558069373
3170,0.025565610859728527
3171,-0.010256410256410164
3172,0.0063725490196079315
3173,0.026244343891402733
3174,0.004713423831070873
3175,0.0002262443438914019
3176,0.00912518853695321
3177,0.0079939668174962
3178,0.0038461538461538325
3179,-0.023604826546002988
3180,0.005429864253393646
3181,-0.0131975867269985
3182,-0.0063348416289592535
3183,-0.01934389140271492
3184,-0.008408748114630549
3185,-0.006108597285067963
3186,-0.011161387631975828
3187,0.008597285067873273
3188,0.0062217194570135526
3189,-0.0075037707390648856
3190,0.011840120663650144
3191,-0.011877828054298656
3192,0.007466063348416374
3193,-0.0018476621417798378
3194,-0.003016591251885359
3195,0.0039215686274509665
3196,0.008974358974358942
3197,-0.001093514328808498
3198,0.010482654600301733
3199,-0.016176470588235348
3200,-0.01700603318250371
3201,0.005844645550527883
3202,0.00275263951734539
3203,-0.005090497737556543
3204,0.0035822021116138636
3205,-0.02209653092006031
3206,-0.014630467571643935
3207,-0.005316742081447945
3208,0.00275263951734539
3209,-0.001055806938159931
3210,-0.015007541478129605
3211,-0.006033182503770718
3212,-0.017458521870286625
3213,-0.015158371040723928
3214,0.0016214177978884914
3215,-0.0062217194570135526
3216,-0.001470588235294168
3217,0.007202111613876294
3218,0.01127450980392164
3219,0.01738310708898938
3220,-0.015535444947209653
3221,0.017307692307692246
3222,-0.008710407239818974
3223,-0.01915535444947214
3224,0.002149321266968318
3225,0.02288838612368027
3226,-0.007088989441930704
3227,-0.005656108597285048
3228,-0.007880844645550555
3229,0.0014328808446456565
3230,0.009917043740573228
3231,-0.0064479638009049545
3232,0.008521870286576139
3233,-0.020437405731523306
3234,0.007428355957767696
3235,-0.0051659125188536215
3236,-0.01119909502262445
3237,0.012405731523378538
3238,0.0018853695324283493
3239,0.014441930618401155
3240,0.012858220211161342
3241,0.002224736048265452
3242,-0.0075037707390648856
3243,0.00863499245852195
3244,0.0062594268476622306
3245,-0.0032428355957767607
3246,-0.020701357466063386
3247,0.0037330316742081315
3248,0.0016591251885369473
3249,0.025603318250377094
3250,0.008031674208144768
3251,-0.006862745098039136
3252,-0.019683257918551966
3253,-0.0117647058823529
3254,-0.008333333333333304
3255,0.029939668174962297
3256,-0.00015082956259432345
3257,0.006070889894419285
3258,0.005052790346907976
3259,0.002337858220211153
3260,-0.006033182503770718
3261,-0.006108597285067907
3262,0.004751131221719551
3263,-0.019947209653092046
3264,0.002413273001508287
3265,0.006561085972850655
3266,-0.01670437405731523
3267,0.008823529411764786
3268,-0.02047511312217193
3269,0.010784313725490158
3270,-0.0027149321266967674
3271,0.004487179487179471
3272,0.009954751131221795
3273,-0.00588235294117645
3274,-0.0033182503770738947
3275,0.013423831070889847
3276,-0.024962292609351344
3277,0.00237556561085972
3278,0.01700603318250371
3279,0.007352941176470562
3280,0.0016968325791855143
3281,-0.01953242835595781
3282,-0.0051659125188536215
3283,-0.01975867269984921
3284,0.00437405731523377
3285,0.01101055806938156
3286,-0.01432880844645551
3287,-0.0004524886877827483
3288,-0.01395173453996984
3289,0.010294117647058787
3290,-0.002865761689291091
3291,-0.005995475113122206
3292,0.0019230769230769162
3293,-0.001282051282051333
3294,-0.005203619909502355
3295,0.014668174962292668
3296,0.0032428355957767607
3297,-0.004449472096530904
3298,-0.003506787330316785
3299,-0.024924585218702833
3300,0.002865761689291202
3301,0.0013951734539969785
3302,-0.0007541478129713397
3303,-0.02047511312217204
3304,-0.0024132730015083426
3305,-0.00437405731523377
3306,-0.0019607843137254277
3307,-0.014781297134238258
3308,-0.022624434389140247
3309,0.0036576168929108865
3310,0.015007541478129771
3311,-0.0017345399698341368
3312,-0.009992458521870307
3313,0.011463046757164475
3314,-0.017194570135746545
3315,0.01700603318250371
3316,0.011199095022624506
3317,0.005429864253393646
3318,-0.01444193061840121
3319,0.018476621417797934
3320,0.018815987933635037
3321,-0.002677224736048256
3322,-0.026432880844645512
3323,0.0186274509803922
3324,-0.014856711915535392
3325,-0.009917043740573228
3326,-0.004864253393665086
3327,-0.0064479638009049545
3328,0.0039969834087481
3329,-0.001168929110105521
3330,0.00041478129713423684
3331,-0.02009803921568637
3332,0.006787330316742057
3333,-0.007164404223227727
3334,-0.012971342383107043
3335,-0.001055806938159931
3336,-0.013009049773755554
3337,0.0019607843137254832
3338,0.006900452488687869
3339,-0.017420814479637947
3340,-0.0005656108597285048
3341,-0.008597285067873273
3342,-0.005693815987933615
3343,-0.0003393665158371584
3344,-0.011651583710407198
3345,-0.006561085972850711
3346,0.009803921568627416
3347,0.009276018099547478
3348,0.0010558069381598756
3349,-0.013838612368024084
3350,0.011161387631975828
3351,0.015346907993966874
3352,-0.02281297134238308
3353,-0.007466063348416263
3354,0.002111613876319751
3355,0.008785822021116108
3356,0.002337858220211153
3357,0.0017722473604825373
3358,-0.0006410256410256387
3359,-0.011274509803921529
3360,-0.0008295625942684182
3361,-0.0030920060331824373
3362,0.005769230769230749
3363,-0.00931372549019599
3364,-0.012594268476621429
3365,0.002714932126696823
3366,-0.014140271493212675
3367,-0.005505279034690835
3368,-0.002300150829562586
3369,-0.01357466063348417
3370,0.017684766214178027
3371,0.010482654600301622
3372,0.016666666666666607
3373,-0.007654600301659209
3374,-0.004110105580693857
3375,-0.015610859728506843
3376,0.007126696832579271
3377,0.0013574660633485225
3378,-0.0159879336349924
3379,-0.008107088989441957
3380,-0.001018099547511253
3381,0.01365007541478136
3382,0.006825037707390624
3383,-0.007579185520361964
3384,0.004864253393665141
3385,-0.002111613876319751
3386,0.00576923076923086
3387,0.002790346907993957
3388,0.004147812971342368
3389,-0.003054298642533926
3390,-0.00037707390648566985
3391,-0.004788838612368118
3392,-0.014592760180995479
3393,0.00825791855203628
3394,-0.014404223227752588
3395,-0.029223227752639525
3396,0.011463046757164475
3397,-0.0018099547511312708
3398,0.0012066365007541435
3399,0.004675716440422306
3400,0.015233785822021173
3401,-0.006146304675716419
3402,-0.015761689291101055
3403,-0.016515837104072395
3404,-0.008484162895927627
3405,0.005279034690799378
3406,-0.004110105580693857
3407,0.002677224736048367
3408,-0.0092006033182504
3409,-0.0022247360482653966
3410,0.0118778280542986
3411,0.006862745098039191
3412,0.009539969834087447
3413,-0.012556561085972806
3414,0.009464555052790313
3415,0.0016214177978883804
3416,-0.013989441930618352
3417,-0.013122171945701255
3418,0.019607843137254943
3419,0.005165912518853677
3420,0.014215686274509864
3421,-0.008861236802413297
3422,0.009200603318250344
3423,-0.003355957767722406
3424,-0.010369532428355976
3425,0.008710407239818974
3426,0.013687782805429927
3427,0.0
3428,0.01251885369532435
3429,0.013084464555052855
3430,0.004185520361990935
3431,-0.0038838612368023995
3432,0.0009426847662141746
3433,-0.005279034690799378
3434,0.0064856711915535215
3435,0.023114630467571673
3436,0.008710407239818974
3437,-0.012518853695324239
3438,0.031825037707390647
3439,0.013423831070889847
3440,-0.010143288084464575
3441,-0.00550527903469078
3442,0.006900452488687758
3443,-0.011651583710407254
3444,-0.020814479638008976
3445,-0.020022624434389125
3446,0.008672699849170407
3447,-0.006297134238310631
3448,-0.006033182503770718
3449,-0.02164404223227756
3450,0.009087481146304643
3451,0.028054298642533948
3452,0.0005279034690799378
3453,0.011990950226244301
3454,-0.02285067873303165
3455,0.011990950226244412
3456,0.009426847662141746
3457,-0.0004901960784313708
3458,0.0008295625942683627
3459,-0.010897435897435914
3460,0.02741327300150831
3461,-0.0025263951734539325
3462,-0.0006787330316742612
3463,-0.00475113122171944
3464,0.004864253393665141
3465,-0.01659125188536953
3466,0.010331825037707465
3467,-0.002111613876319751
3468,-0.005354449472096567
3469,0.005920060331825017
3470,0.004939668174962275
3471,-0.017307692307692357
3472,-0.007956259426847634
3473,7.541478129713397e-05
3474,-0.006674208144796301
3475,-0.019155354449472084
3476,-0.005656108597285048
3477,0.01764705882352935
3478,-0.002337858220211153
3479,-0.0005279034690798823
3480,-0.01783559577677224
3481,0.004901960784313708
3482,0.01591251885369538
3483,7.541478129702295e-05
3484,0.0064102564102563875
3485,0.007654600301659098
3486,-0.011877828054298656
3487,-0.013725490196078438
3488,-0.006297134238310631
3489,-0.02428355957767725
3490,-0.006184012066365041
3491,-0.014592760180995423
3492,-0.0018853695324283493
3493,-0.02047511312217193
3494,-0.004449472096531015
3495,-0.015799396681749678
3496,0.010369532428355921
3497,0.008823529411764786
3498,-0.012254901960784326
3499,0.01101055806938167
3500,-0.00931372549019599
3501,0.004185520361990935
3502,-0.013650075414781304
3503,0.009615384615384581
3504,0.01074660633484159
3505,0.01240573152337865
3506,0.004977375565610842
3507,-0.0031297134238311153
3508,-0.011500754147812986
3509,0.015346907993966874
3510,0.009539969834087447
3511,0.0007164404223227727
3512,0.0005656108597285048
3513,0.0013574660633484115
3514,0.0118778280542986
3515,-0.005693815987933615
3516,0.0007918552036199067
3517,-0.00995475113122174
3518,0.0008672699849171517
3519,-0.011349924585218663
3520,-0.00018853695324283493
3521,0.007918552036199067
3522,0.0008672699849171517
3523,-0.003921568627451022
3524,0.010558069381598756
3525,0.00199849170437405
3526,0.01202865761689298
3527,-0.007654600301659098
3528,0.0031297134238310598
3529,-0.0015460030165911909
3530,0.00011312217194570096
3531,-0.006749622926093546
3532,0.002865761689291091
3533,-0.013914027149321329
3534,0.006598793363499222
3535,-0.007202111613876294
3536,-0.005429864253393701
3537,-0.0035067873303167296
3538,0.007918552036199067
3539,-0.0026018099547511775
3540,0.00033936651583710287
3541,0.016930618401206687
3542,-0.009615384615384637
3543,-0.013989441930618352
3544,-0.009351432880844612
3545,0.007918552036199067
3546,-0.0076168929110105865
3547,0.015837104072398245
3548,-0.00407239819004529
3549,-0.00011312217194570096
3550,0.016101055806938103
3551,-0.003657616892910942
3552,-0.005467571644042213
3553,0.01101055806938167
3554,0.010294117647058787
3555,-0.004524886877828038
3556,0.005806938159879316
3557,0.0035822021116138636
3558,-0.023001508295625916
3559,-0.012745098039215697
3560,0.0013197586726998445
3561,-0.002564102564102555
3562,-0.0076168929110105865
3563,0.0009049773755656076
3564,-0.002111613876319751
3565,0.01651583710407234
3566,-0.0007164404223228282
3567,0.013084464555052855
3568,0.002488687782805421
3569,-0.009766214177978905
3570,0.011199095022624506
3571,-0.0021493212669682626
3572,0.018099547511312264
3573,-0.013536953242835548
3574,0.00041478129713423684
3575,-0.002149321266968318
3576,-0.013235294117647123
3577,0.013574660633484115
3578,-0.005769230769230749
3579,0.0006033182503770718
3580,-0.015723981900452433
3581,0.007503770739064941
3582,0.006636500754147789
3583,-0.006975867269984892
3584,-0.011349924585218663
3585,-0.011425339366515797
3586,-0.0131975867269985
3587,-0.0002262443438913464
3588,0.002639517345399689
3589,0.00037707390648566985
3590,0.01074660633484159
3591,0.00588235294117645
3592,-0.006787330316742057
3593,0.02028657616892915
3594,-0.02375565610859731
3595,-0.0009426847662141746
3596,0.01338612368024128
3597,-0.0005656108597285048
3598,-0.00882352941176473
3599,-0.010105580693816063
3600,0.006938159879336436
3601,0.0037330316742081315
3602,-0.010746606334841646
3603,-0.009803921568627472
3604,0.0002639517345399689
3605,0.004298642533936636
3606,0.016327300150829505
3607,-0.0029411764705882804
3608,0.0039969834087482115
3609,-0.003016591251885359
3610,-0.0010558069381598756
3611,0.00237556561085972
3612,-0.0076923076923077205
3613,-0.023001508295625916
3614,0.02115384615384608
3615,0.008672699849170407
3616,0.007051282051282026
3617,0.00539215686274519
3618,0.002450980392156854
3619,0.014441930618401155
3620,0.00852187028657625
3621,-0.009954751131221684
3622,0.0007164404223227727
3623,-0.01082202111613878
3624,0.013348416289592824
3625,-0.0004901960784312598
3626,0.0018099547511312153
3627,-0.00550527903469078
3628,-0.004788838612368063
3629,0.0004901960784313708
3630,0.008484162895927572
3631,0.0033182503770740057
3632,0.010972850678732993
3633,0.028619909502262453
3634,0.013046757164404177
3635,-0.006636500754147789
3636,0.0013197586726998445
3637,0.004524886877828038
3638,-0.000980392156862686
3639,-0.006297134238310631
3640,-0.006561085972850711
3641,-0.011915535444947167
3642,0.008484162895927572
3643,0.0005656108597285048
3644,0.008069381598793446
3645,-0.0021116138763198067
3646,0.0039969834087481
3647,0.005806938159879316
3648,-0.0038838612368023995
3649,0.018929110105580738
3650,0.015950226244343946
3651,0.0034690799396681626
3652,0.007013574660633459
3653,0.009200603318250455
3654,0.011915535444947167
3655,0.005467571644042213
3656,0.010972850678732993
3657,-0.0024132730015083426
3658,0.0002262443438914019
3659,0.005090497737556543
3660,-0.007088989441930593
3661,-0.013122171945701366
3662,-0.007654600301659209
3663,-0.01546003016591252
3664,-0.009464555052790313
3665,-0.024811463046757132
3666,0.0010558069381598756
3667,-0.009653092006033148
3668,0.006975867269984892
3669,-0.011990950226244301
3670,0.00912518853695321
3671,0.009200603318250455
3672,-0.0008672699849170407
3673,0.008182503770739036
3674,-0.005920060331824961
3675,0.008710407239818974
3676,0.006711915535444923
3677,-0.013763197586727005
3678,-0.00818250377073898
3679,-0.0012066365007541435
3680,-0.013159879336349933
3681,-0.003506787330316785
3682,-0.002714932126696823
3683,-0.01444193061840121
3684,-0.012594268476621429
3685,0.0016214177978884914
3686,-0.0011312217194570096
3687,-0.010105580693816063
3688,-0.007428355957767641
3689,0.0002262443438914019
3690,-0.006033182503770718
3691,0.025188536953242857
3692,-0.006485671191553466
3693,-0.007880844645550555
3694,-0.0064479638009049545
3695,-0.011010558069381615
3696,0.0038838612368025105
3697,0.004072398190045345
3698,-0.02243589743589741
3699,-0.0064102564102563875
3700,-0.008936651583710431
3701,-0.010143288084464575
3702,0.015761689291101
3703,0.002111613876319751
3704,0.005354449472096512
3705,0.0038461538461538325
3706,-0.01357466063348417
3707,-0.004147812971342368
3708,-0.00475113122171944
3709,0.012292609351432948
3710,-0.005769230769230749
3711,-0.030015082956259376
3712,0.0005279034690799378
3713,-0.0006410256410255832
3714,0.005354449472096512
3715,0.03744343891402713
3716,0.0033936651583710287
3717,0.0006033182503770718
3718,-0.0029788838612368473
3719,-0.004147812971342368
3720,0.013612368024132682
3721,-0.013536953242835603
3722,-0.014064856711915541
3723,-0.01444193061840121
3724,-0.0251885369532428
3725,0.006938159879336436
3726,-0.002865761689291091
3727,-0.0011312217194570096
3728,-0.004713423831070873
3729,0.022624434389140302
3730,-0.004411764705882282
3731,0.004524886877828038
3732,-0.007013574660633459
3733,0.00037707390648566985
3734,-0.01794871794871794
3735,0.0262820512820513
3736,-0.00588235294117645
3737,-0.010595776772247323
3738,-0.005354449472096567
3739,0.008069381598793446
3740,-0.01470588235294118
3741,0.013612368024132682
3742,-0.01519607843137255
3743,0.0037707390648566985
3744,0.004901960784313708
3745,-0.007126696832579216
3746,0.007579185520361964
3747,-0.01270739064856713
3748,0.008031674208144768
3749,-0.007880844645550555
3750,0.009728506787330393
3751,-0.003921568627451022
3752,0.01089743589743597
3753,0.0012820512820512775
3754,-0.003016591251885359
3755,-0.011387631975867285
3756,-0.0035822021116138636
3757,-0.004449472096531015
3758,0.004260935143288069
3759,0.002300150829562586
3760,0.002187028657616885
3761,0.0010935143288084426
3762,-0.01874057315233779
3763,-0.010180995475113142
3764,-0.001206636500754088
3765,-0.004298642533936692
3766,-0.005354449472096456
3767,0.0017345399698340813
3768,0.004788838612368007
3769,-0.0006410256410255832
3770,-0.008672699849170462
3771,-0.02752639517345401
3772,0.011312217194570096
3773,0.0009426847662141746
3774,-0.015648567119155354
3775,-0.005995475113122206
3776,0.005165912518853677
3777,-0.007880844645550555
3778,-0.011387631975867174
3779,-0.001282051282051333
3780,-0.023076923076923106
3781,-0.02077677224736052
3782,0.0035822021116138636
3783,0.015535444947209709
3784,0.013574660633484115
3785,0.015309200603318307
3786,-0.0013951734539969785
3787,0.004147812971342368
3788,-0.008710407239819029
3789,-0.0021493212669682626
3790,0.011538461538461608
3791,-0.005467571644042213
3792,-0.0037707390648566985
3793,0.002941176470588336
3794,-0.00275263951734539
3795,0.016063348416289536
3796,-0.011236802413272962
3797,-0.00607088989441934
3798,0.002941176470588336
3799,0.0039969834087481
3800,0.013951734539969785
3801,0.011613876319758631
3802,-0.0007918552036198512
3803,0.0014705882352941124
3804,-0.0032428355957767607
3805,0.011990950226244301
3806,-0.01481900452488688
3807,-0.008182503770739091
3808,0.002073906485671184
3809,-0.002073906485671184
3810,0.005052790346907976
3811,-0.0015460030165911909
3812,0.007956259426847634
3813,-0.002073906485671184
3814,-0.0198717948717948
3815,0.021945701357466096
3816,0.0007918552036199067
3817,-0.009803921568627472
3818,0.008069381598793446
3819,-0.016779788838612364
3820,0.008559577677224706
3821,0.004449472096531015
3822,0.017420814479637947
3823,-0.01082202111613878
3824,0.02202111613876323
3825,-0.004110105580693857
3826,0.002677224736048256
3827,0.013046757164404288
3828,-0.014555052790346967
3829,-0.006975867269984892
3830,0.008861236802413242
3831,-0.0029034690799396023
3832,-0.005995475113122206
3833,0.013574660633484115
3834,-0.0006410256410256387
3835,0.023831070889894446
3836,0.0010180995475113086
3837,-0.010482654600301622
3838,-0.0064102564102563875
3839,-0.0007541478129713397
3840,-0.004260935143287958
3841,-0.005203619909502244
3842,-0.01214177978883857
3843,-0.01082202111613878
3844,0.008597285067873273
3845,-0.0026772247360483115
3846,0.005165912518853677
3847,-0.00015082956259432345
3848,0.0065610859728507664
3849,-0.025113122171945668
3850,-0.013838612368024084
3851,-0.004826546003016574
3852,-0.004901960784313708
3853,-0.0008672699849170407
3854,0.006825037707390624
3855,-0.0076168929110105865
3856,0.01915535444947214
3857,0.007503770739064941
3858,-0.009502262443438825
3859,-0.0036199095022624306
3860,0.0303921568627451
3861,-0.0158748114630467
3862,0.0035822021116138636
3863,-0.01070889894419308
3864,0.005693815987933615
3865,-0.02590497737556563
3866,0.0007541478129713397
3867,0.008559577677224706
3868,0.011425339366515797
3869,-0.017760180995475106
3870,0.009728506787330282
3871,-0.007428355957767641
3872,-0.0016968325791855143
3873,0.013461538461538525
3874,0.0
3875,0.008333333333333304
3876,-0.016138763197586725
3877,0.00550527903469078
3878,-0.018815987933634926
3879,0.002526395173453988
3880,0.020324283559577716
3881,-0.0004524886877827483
3882,0.0019607843137255943
3883,0.002450980392156854
3884,0.008823529411764675
3885,-0.013800904977375517
3886,0.01138763197586734
3887,0.01711915535444941
3888,-0.0016968325791855143
3889,-0.00015082956259432345
3890,-0.004600301659125117
3891,-0.004449472096530904
3892,0.008710407239818974
3893,0.015573152337858165
3894,-0.01346153846153847
3895,-0.0032051282051281937
3896,-0.011726998491704332
3897,0.0015460030165913574
3898,0.02390648567119158
3899,-0.0002262443438913464
3900,0.010972850678732993
3901,0.00588235294117645
3902,-0.00844645550527906
3903,-0.009389140271493235
3904,-0.010030165912518818
3905,-0.0018099547511312153
3906,-0.005731523378582237
3907,0.002224736048265452
3908,0.0033559577677224617
3909,-0.0010180995475113086
3910,0.004147812971342368
3911,-0.019683257918551966
3912,-0.0012066365007541435
3913,0.021191553544494757
3914,0.00874811463046754
3915,-0.008182503770739091
3916,0.007277526395173428
3917,0.002337858220211153
3918,0.01851432880844639
3919,-0.011538461538461497
3920,-0.006297134238310742
3921,0.004072398190045234
3922,0.015196078431372606
3923,-0.0018099547511312708
3924,-0.016515837104072395
3925,-0.0006787330316742612
3926,-0.013310708898944257
3927,0.01165158371040731
3928,-0.004034690799396612
3929,0.0014705882352941124
3930,0.004826546003016685
3931,0.005429864253393646
3932,-0.0050527903469080315
3933,0.00863499245852195
3934,0.002790346907993957
3935,0.008484162895927572
3936,0.0007918552036199067
3937,-0.023981900452488658
3938,0.0019230769230769162
3939,0.003129713423831171
3940,-0.009238310708898967
3941,-0.0014328808446454344
3942,0.0038838612368025105
3943,0.002488687782805532
3944,-0.00015082956259432345
3945,-0.009766214177978905
3946,-0.010294117647058898
3947,-0.023303167420814452
3948,-0.013499245852187036
3949,0.0005279034690799378
3950,-0.03095776772247355
3951,0.004487179487179471
3952,0.005920060331825017
3953,0.0015082956259426794
3954,0.01138763197586734
3955,-0.005844645550527883
3956,-0.010859728506787292
3957,-0.006900452488687758
3958,0.005052790346907976
3959,0.0035067873303168406
3960,-0.022624434389140247
3961,-0.0062594268476621195
3962,-0.009728506787330393
3963,-0.005392156862745079
3964,-0.0064479638009049545
3965,0.017835595776772295
3966,-0.016063348416289536
3967,-0.00957767722473607
3968,-0.004487179487179527
3969,-0.007579185520361964
3970,0.00825791855203628
3971,-0.009917043740573117
3972,-0.01662895927601804
3973,-0.004826546003016574
3974,-0.02828054298642535
3975,-0.012179487179487247
3976,-0.00976621417797885
3977,0.005241327300150811
3978,0.01463046757164399
3979,-0.011274509803921529
3980,0.005052790346907976
3981,-0.006598793363499222
3982,-0.007730015082956232
3983,0.016553544494721018
3984,-0.03178733031674208
3985,0.011425339366515908
3986,0.01904223227752644
3987,-0.013499245852187036
3988,0.011236802413272962
3989,0.02579185520361993
3990,-0.0016591251885370029
3991,0.0007164404223227727
3992,-0.009615384615384637
3993,-0.014102564102564052
3994,0.002865761689291091
3995,0.004826546003016685
3996,-0.002149321266968318
3997,-0.0024132730015083426
3998,-0.00780542986425331
3999,-0.002488687782805421
4000,-0.00199849170437405
4001,0.02126696832579189
4002,-0.007541478129713397
4003,0.02790346907993968
4004,-0.0017722473604826483
4005,-0.014291101055806887
4006,-0.0007918552036198512
4007,-0.011877828054298656
4008,-0.005580693815988025
4009,-0.006674208144796301
4010,0.007579185520361964
4011,0.012330316742081515
4012,0.008672699849170407
4013,0.01704374057315239
4014,0.0079939668174962
4015,0.010784313725490158
4016,0.011236802413273073
4017,-0.007466063348416263
4018,0.01202865761689298
4019,-0.002111613876319751
4020,0.00037707390648566985
4021,0.017420814479638058
4022,-0.0035822021116138636
4023,0.029449472096530926
4024,0.006825037707390624
4025,-0.00463800904977385
4026,0.01451734539969829
4027,0.0032051282051281937
4028,-0.004826546003016463
4029,-0.0006410256410255832
4030,0.004788838612368007
4031,-0.009992458521870307
4032,0.01263197586726994
4033,-0.008597285067873384
4034,-0.004562594268476605
4035,-0.013612368024132682
4036,-0.006297134238310631
4037,-0.00674962292609349
4038,-0.002941176470588225
4039,0.012820512820512775
4040,-0.015497737556561031
4041,0.012104072398190002
4042,-0.004223227752639558
4043,0.0032051282051281937
4044,0.004034690799396667
4045,0.0034313725490197067
4046,0.008710407239818974
4047,0.00837104072398187
4048,0.011613876319758631
4049,-0.001357466063348356
4050,-0.016742081447963852
4051,0.0012066365007540325
4052,0.005995475113122262
4053,-0.004260935143288069
4054,0.0006033182503770718
4055,0.005693815987933726
4056,0.013159879336349989
4057,-0.006938159879336381
4058,-0.001168929110105521
4059,-0.016742081447963852
4060,-0.0015082956259426794
4061,0.013612368024132682
4062,-0.005731523378582237
4063,0.005316742081448056
4064,0.0039215686274509665
4065,-0.0022247360482655076
4066,-0.006711915535444923
4067,0.026734539969834104
4068,0.003129713423831171
4069,-0.0050527903469080315
4070,0.002752639517345501
4071,0.009238310708898911
4072,-0.011538461538461608
4073,0.010633484162896
4074,-0.0018099547511312708
4075,-0.0131975867269985
4076,0.002488687782805421
4077,-0.00426093514328818
4078,-0.02009803921568637
4079,-0.020022624434389125
4080,-0.004260935143288069
4081,0.005354449472096512
4082,0.005429864253393646
4083,-0.002828054298642524
4084,0.002828054298642524
4085,-0.0019607843137254832
4086,-0.0033936651583710287
4087,0.01478129713423837
4088,0.00426093514328818
4089,0.006825037707390624
4090,-0.0075037707390648856
4091,-0.007918552036199122
4092,-0.00957767722473607
4093,0.0038461538461538325
4094,0.009539969834087336
4095,-0.004600301659125117
4096,0.0195324283559577
4097,-0.023416289592760153
4098,-0.010558069381598811
4099,-0.013914027149321218
4100,-0.004223227752639558
4101,-0.009803921568627472
4102,-0.0007918552036198512
4103,-0.009653092006033148
4104,0.002714932126696823
4105,0.0012443438914028215
4106,0.0013197586726998445
4107,0.017986425339366452
4108,-0.00712669683257916
4109,-0.012405731523378594
4110,-0.01802413273001513
4111,0.0002639517345399689
4112,-0.001093514328808387
4113,0.0006033182503770718
4114,-0.010595776772247323
4115,0.004072398190045234
4116,-0.002111613876319751
4117,0.0018099547511312153
4118,-0.0017722473604825928
4119,-0.003544494720965352
4120,-0.0020361990950226727
4121,-0.0007164404223228282
4122,-0.01206636500754149
4123,0.010822021116138725
4124,0.005165912518853677
4125,-0.006711915535444923
4126,0.009728506787330282
4127,-0.003544494720965352
4128,0.002111613876319862
4129,-0.00011312217194558993
4130,-0.017307692307692357
4131,0.0035822021116138636
4132,-0.011048265460030238
4133,-0.01508295625942685
4134,-0.004411764705882282
4135,0.002714932126696712
4136,-0.0018099547511312708
4137,-0.018514328808446445
4138,-0.0007918552036199622
4139,0.018099547511312264
4140,-0.005806938159879371
4141,-0.00882352941176473
4142,0.0010935143288084426
4143,-0.015346907993966763
4144,-0.011840120663650089
4145,0.01651583710407234
4146,0.015158371040724039
4147,0.002903469079939547
4148,-0.004524886877828038
4149,-0.007730015082956232
4150,-0.010218702865761653
4151,-0.005429864253393701
4152,0.014781297134238258
4153,-0.010972850678732993
4154,0.030693815987933637
4155,0.0003016591251885359
4156,-0.004901960784313708
4157,-0.021455505279034726
4158,-0.0008295625942684182
4159,0.005542986425339347
4160,0.00018853695324283493
4161,-0.010746606334841646
4162,0.00437405731523377
4163,0.024547511312217107
4164,-0.0025263951734539325
4165,0.01063348416289589
4166,0.018853695324283604
4167,-0.005467571644042157
4168,0.010935143288084426
4169,-0.01621417797888386
4170,-0.013423831070889847
4171,-0.012669683257918618
4172,0.01240573152337865
4173,-0.014291101055806998
4174,-0.01964555052790351
4175,0.0009049773755656076
4176,0.004864253393665141
4177,0.020475113122171984
4178,-0.0038084464555052655
4179,-0.0007541478129713397
4180,0.012481146304675672
4181,0.008823529411764786
4182,-0.01070889894419308
4183,0.006787330316742057
4184,-0.0015837104072397579
4185,0.006184012066365097
4186,-0.001998491704373939
4187,0.011048265460030127
4188,-0.014592760180995479
4189,0.005656108597285048
4190,-0.009389140271493235
4191,-0.008634992458521895
4192,-0.001282051282051222
4193,0.002488687782805532
4194,-0.01670437405731523
4195,0.0065610859728507664
4196,-0.014819004524886936
4197,0.008069381598793446
4198,0.008220211161387714
4199,-0.017043740573152333
4200,-0.005769230769230749
4201,0.0015082956259426794
4202,-0.024245852187028627
4203,-0.0010558069381598756
4204,-0.0015460030165911909
4205,-0.018891402714932115
4206,-0.01662895927601804
4207,-0.0026018099547511775
4208,0.0063348416289592535
4209,0.0065610859728507664
4210,-0.0029034690799396023
4211,-0.007956259426847634
4212,0.008559577677224706
4213,-0.015497737556561031
4214,0.017797888386123728
4215,-0.005090497737556543
4216,-0.006598793363499222
4217,-0.0052413273001508665
4218,0.012745098039215752
4219,0.0013197586726998445
4220,0.0005279034690799378
4221,0.010331825037707465
4222,0.0037330316742081315
4223,0.008974358974359053
4224,0.0015460030165912464
4225,-0.011010558069381615
4226,0.010822021116138836
4227,0.002941176470588336
4228,0.009841628959275983
4229,0.00512820512820511
4230,-0.011048265460030238
4231,-0.009577677224736014
4232,-0.01821266968325791
4233,-0.008371040723981815
4234,-0.0015082956259426794
4235,-0.006749622926093546
4236,-0.001018099547511253
4237,0.0038838612368025105
4238,-0.009917043740573117
4239,-0.008408748114630549
4240,-0.009049773755656132
4241,0.01240573152337865
4242,0.007466063348416263
4243,-0.035030165912518896
4244,0.009276018099547478
4245,-0.007390648567119185
4246,0.004411764705882337
4247,0.008785822021116219
4248,0.0034690799396681626
4249,-0.014592760180995423
4250,-0.0024132730015083426
4251,0.0009803921568627416
4252,-0.0007541478129713397
4253,-0.003280542986425272
4254,0.023303167420814508
4255,0.009653092006033148
4256,0.002300150829562586
4257,0.012518853695324239
4258,0.0006410256410256387
4259,-0.0032428355957768162
4260,-0.012745098039215697
4261,-0.016402714932126694
4262,-0.02171945701357464
4263,-0.0032805429864253832
4264,-0.00033936651583704736
4265,-0.008295625942684792
4266,0.002488687782805532
4267,0.002828054298642524
4268,-0.00015082956259421243
4269,-0.019306184012066296
4270,-0.002450980392156854
4271,-0.007051282051281971
4272,-0.010859728506787403
4273,-0.0010558069381598756
4274,0.006184012066365097
4275,0.021078431372549056
4276,0.00901206636500762
4277,-0.016289592760180993
4278,0.0006787330316743168
4279,0.0015460030165912464
4280,-0.0065233785822020884
4281,-0.009766214177978905
4282,0.024095022624434415
4283,0.0008295625942684737
4284,-0.004675716440422251
4285,0.004638009049773739
4286,-0.014366515837104021
4287,-0.0013197586726998445
4288,0.015384615384615441
4289,0.0002639517345399689
4290,0.00987933634992455
4291,0.004675716440422306
4292,0.006938159879336325
4293,-0.006975867269984892
4294,-0.009766214177978905
4295,-0.012971342383107098
4296,-0.009426847662141802
4297,0.004298642533936636
4298,-0.0002262443438913464
4299,0.0032428355957768717
4300,0.005806938159879316
4301,-0.015648567119155354
4302,-0.0039969834087481
4303,0.0005279034690799378
4304,0.0013951734539968674
4305,-0.008484162895927627
4306,0.016591251885369585
4307,-0.011689291101055821
4308,0.00976621417797896
4309,-0.0158748114630467
4310,0.008446455505279116
4311,-0.005279034690799378
4312,0.011425339366515908
4313,0.0196455505279034
4314,0.030429864253393668
4315,0.002601809954751122
4316,0.002865761689291091
4317,0.024698340874811486
4318,0.0037707390648566985
4319,-0.02831825037707386
4320,-0.004487179487179527
4321,0.014592760180995423
4322,0.00463800904977385
4323,-0.016553544494721018
4324,-0.011123680241327316
4325,-0.017119155354449522
4326,-0.002149321266968318
4327,0.002262443438914019
4328,0.024698340874811486
4329,0.008936651583710375
4330,-0.0004901960784313708
4331,0.005806938159879316
4332,0.013122171945701422
4333,0.009200603318250344
4334,-0.002262443438914019
4335,0.0065233785822020884
4336,-0.00965309200603326
4337,0.0031674208144796268
4338,-0.012292609351432837
4339,0.01478129713423837
4340,0.009728506787330171
4341,-0.0037707390648566985
4342,-0.0064479638009049545
4343,-0.006938159879336381
4344,-0.013235294117647012
4345,0.017458521870286514
4346,0.002224736048265452
4347,0.0007164404223227727
4348,0.007352941176470562
4349,-0.018702865761689336
4350,0.00463800904977385
4351,-0.001168929110105521
4352,0.0015082956259426794
4353,0.0
4354,-0.006033182503770718
4355,-0.00539215686274519
4356,0.01451734539969829
4357,0.017722473604826594
4358,-0.0003393665158371584
4359,0.02288838612368027
4360,0.02138009049773748
4361,-0.017269984917043735
4362,-0.008333333333333304
4363,-0.02722473604826542
4364,0.00750377073906483
4365,-0.005279034690799378
4366,0.0016214177978884914
4367,0.004864253393665141
4368,-0.013310708898944201
4369,0.016742081447963852
4370,0.0039969834087481
4371,0.011576168929110064
4372,0.0016214177978883804
4373,0.011161387631975828
4374,-0.026809954751131182
4375,-0.009389140271493235
4376,0.0062971342383106865
4377,-0.004336349924585203
4378,-0.0006410256410256387
4379,0.0005279034690799378
4380,0.012066365007541435
4381,0.01240573152337865
4382,0.00475113122171944
4383,0.011802413273001577
4384,0.00041478129713423684
4385,0.0013574660633485225
4386,-0.000980392156862686
4387,0.010067873303167385
4388,-0.0013197586726998445
4389,-0.0019230769230769162
4390,0.0038461538461538325
4391,-0.01583710407239819
4392,0.01478129713423837
4393,0.026055806938159898
4394,-0.02450980392156865
4395,-0.028733031674208154
4396,-0.0031297134238310598
4397,-0.01625188536953237
4398,0.023604826546002933
4399,0.0012443438914027105
4400,-0.005015082956259409
4401,-0.009464555052790424
4402,-0.0031674208144796823
4403,-0.0006410256410256387
4404,0.0013951734539969785
4405,0.011613876319758631
4406,0.0011312217194570096
4407,-0.001470588235294057
4408,-0.011990950226244301
4409,0.009803921568627416
4410,0.014177978883861186
4411,-0.00475113122171944
4412,0.010294117647058898
4413,-0.02654600301659127
4414,-0.012631975867269996
4415,0.010218702865761653
4416,0.004977375565610953
4417,-0.010520361990950244
4418,-0.0006033182503771273
4419,0.002978883861236792
4420,-0.0026018099547511775
4421,-3.7707390648511474e-05
4422,0.009577677224736125
4423,0.0016591251885369473
4424,-0.003883861236802455
4425,0.021719457013574583
4426,0.005806938159879316
4427,0.001998491704373939
4428,-0.006297134238310631
4429,-0.01900452488687787
4430,-0.007918552036199122
4431,-0.004449472096530904
4432,-0.022624434389140247
4433,0.0010180995475111976
4434,-0.007466063348416263
4435,-0.0014328808446455454
4436,0.0038838612368025105
4437,0.004524886877828038
4438,0.0018476621417797823
4439,-0.010972850678732993
4440,-0.006598793363499222
4441,0.0018853695324283493
4442,0.006787330316742057
4443,0.0014705882352941124
4444,0.01150075414781293
4445,-3.7707390648622496e-05
4446,-0.017307692307692357
4447,-0.003016591251885359
4448,0.014064856711915485
4449,-0.006825037707390624
4450,-0.010708898944193024
4451,-0.017911010558069373
4452,-0.0209653092006033
4453,0.007013574660633459
4454,0.008333333333333304
4455,0.013612368024132682
4456,-0.00882352941176473
4457,0.011236802413273073
4458,0.00550527903469078
4459,-0.009012066365007565
4460,0.01063348416289589
4461,-0.012368024132730082
4462,-0.00901206636500751
4463,0.02488687782805432
4464,0.002903469079939547
4465,0.011613876319758631
4466,-0.005505279034690835
4467,-0.004638009049773739
4468,-0.012971342383107098
4469,0.010784313725490158
4470,-0.018061840120663697
4471,0.007918552036199067
4472,-0.008144796380090469
4473,0.006787330316742057
4474,0.012217194570135814
4475,-0.009917043740573117
4476,0.00837104072398187
4477,0.0016968325791855143
4478,0.005656108597285048
4479,0.023567119155354477
4480,-0.014819004524886936
4481,-0.008710407239818974
4482,-0.0078054298642534214
4483,-0.010218702865761653
4484,-0.0075037707390648856
4485,-0.013461538461538414
4486,0.003092006033182493
4487,-0.009502262443438936
4488,-0.009125188536953155
4489,-0.017533936651583704
4490,0.0033936651583710287
4491,-0.0093137254901961
4492,0.0019984917043741612
4493,0.00750377073906483
4494,-0.001470588235294168
4495,-0.0031297134238311153
4496,-0.00618401206636493
4497,-0.007956259426847634
4498,-0.000980392156862686
4499,0.010331825037707465
4500,0.00033936651583710287
4501,-0.0026018099547510665
4502,-0.0003393665158371584
4503,0.007428355957767696
4504,0.0006410256410256387
4505,-0.0013197586726998445
4506,-0.0008672699849170962
4507,0.023190045248868807
4508,-0.008898944193061809
4509,-0.00995475113122174
4510,-0.026885369532428316
4511,-0.001395173453996923
4512,0.0005656108597285048
4513,0.016930618401206687
4514,0.0010558069381599866
4515,0.017307692307692246
4516,-0.0031297134238310598
4517,-0.0039592760180995334
4518,0.0064102564102562765
4519,-0.005241327300150755
4520,-0.02428355957767725
4521,0.008182503770739147
4522,-0.017119155354449522
4523,-0.026960784313725505
4524,0.007843137254902044
4525,-0.006108597285067796
4526,0.0004524886877828038
4527,-0.010972850678732993
4528,-0.01896681749622925
4529,-0.002262443438914019
4530,0.011915535444947167
4531,0.0015837104072397024
4532,-0.018288084464555043
4533,-0.011915535444947167
4534,0.010859728506787292
4535,0.0019230769230769162
4536,0.0036576168929109976
4537,0.005241327300150811
4538,0.0039969834087481
4539,0.0031674208144796268
4540,0.005769230769230749
4541,0.009917043740573228
4542,-0.010784313725490158
4543,-0.017873303167420862
4544,0.005656108597285048
4545,0.020739064856711953
4546,0.008446455505279116
4547,0.002601809954751122
4548,0.009162895927601888
4549,-0.00938914027149318
4550,-0.006711915535444923
4551,-0.005279034690799378
4552,-0.004487179487179527
4553,-0.0027903469079940124
4554,-0.022247360482654577
4555,-0.004072398190045234
4556,-0.010407239819004488
4557,0.005656108597285048
4558,0.01613876319758678
4559,0.002111613876319862
4560,-0.007843137254901933
4561,-0.011651583710407254
4562,0.01387631975867265
4563,-0.006297134238310742
4564,0.011312217194570096
4565,0.010294117647058898
4566,-0.007202111613876294
4567,0.012330316742081515
4568,-0.008898944193061809
4569,-0.008748114630467485
4570,-0.0065233785822020884
4571,-0.004939668174962275
4572,-0.014291101055806998
4573,0.0038084464555052655
4574,0.007315233785822106
4575,-0.016365007541478183
4576,-0.004223227752639447
4577,-0.005392156862745079
4578,0.008597285067873384
4579,-0.010294117647058898
4580,-0.006108597285067907
4581,0.005090497737556543
4582,0.0014705882352941124
4583,0.0062217194570135526
4584,0.014781297134238258
4585,0.008069381598793446
4586,0.01414027149321262
4587,-0.0034313725490195957
4588,-0.009426847662141802
4589,0.005052790346907976
4590,0.0015837104072398134
4591,0.005316742081447945
4592,-0.01357466063348417
4593,-0.010935143288084481
4594,-0.0018853695324283493
4595,0.004298642533936636
4596,0.01625188536953248
4597,0.00889894419306192
4598,-0.013838612368024084
4599,-0.025867269984917007
4600,0.0034690799396680516
4601,0.0036199095022624306
4602,-0.005618401206636536
4603,-0.013499245852187092
4604,-0.0027903469079940124
4605,-0.011161387631975828
4606,0.004336349924585203
4607,-0.001168929110105521
4608,0.010859728506787403
4609,0.0018476621417797823
4610,-0.0004147812971341813
4611,-0.01858974358974358
4612,-0.001395173453996923
4613,-0.012518853695324295
4614,0.009539969834087558
4615,-0.007579185520361964
4616,-0.024849170437405754
4617,0.0010558069381598756
4618,-0.010671191553544457
4619,-0.008408748114630549
4620,0.015535444947209598
4621,0.002187028657616885
4622,0.007390648567119129
4623,-0.0007541478129713397
4624,0.011425339366515797
4625,0.004072398190045234
4626,-0.02213423831070882
4627,0.014856711915535503
4628,-0.0015837104072398134
4629,-0.011123680241327316
4630,-0.008785822021116219
4631,-0.01244343891402716
4632,0.0015460030165912464
4633,0.02963800904977376
4634,-0.011840120663650089
4635,0.002903469079939547
4636,-0.0016591251885370029
4637,0.0037330316742081315
4638,-0.004788838612368118
4639,0.0036576168929109976
4640,-0.00512820512820511
4641,-0.013914027149321329
4642,-0.0003016591251885359
4643,0.007767722473604799
4644,0.009917043740573228
4645,0.002036199095022617
4646,0.004411764705882337
4647,-0.004072398190045234
4648,-0.0050527903469080315
4649,0.005316742081447945
4650,0.007390648567119129
4651,-0.005279034690799378
4652,-0.01734539969834087
4653,0.00475113122171944
4654,-0.014140271493212675
4655,-0.006108597285067796
4656,-0.011236802413273073
4657,-0.011764705882352955
4658,-0.00580693815987926
4659,-0.0030920060331825483
4660,-0.002111613876319751
4661,0.016176470588235348
4662,-0.010143288084464519
4663,-0.017043740573152333
4664,0.01251885369532435
4665,0.0002639517345399689
4666,0.002526395173453988
4667,-0.006372549019607765
4668,0.012933634992458587
4669,-0.015686274509803866
4670,0.01564856711915541
4671,-0.007993966817496256
4672,-0.014555052790346856
4673,-0.013650075414781304
4674,0.00018853695324283493
4675,0.009653092006033148
4676,0.01263197586726994
4677,-0.016817496229260875
4678,0.010294117647058787
4679,0.0012820512820512775
4680,0.011236802413273073
4681,-0.010105580693816063
4682,3.7707390648566985e-05
4683,0.00550527903469078
4684,0.01451734539969829
4685,-0.011123680241327316
4686,-0.024924585218702833
4687,0.025867269984917063
4688,0.01176470588235301
4689,-0.013084464555052744
4690,0.0033182503770738947
4691,-0.016855203619909498
4692,0.010671191553544457
4693,-0.007277526395173428
4694,-0.0018853695324283493
4695,0.023303167420814508
4696,0.008672699849170407
4697,0.0007918552036199067
4698,-0.00995475113122174
4699,0.016440422322775206
4700,-0.0130844645550528
4701,-0.03122171945701363
4702,0.019947209653091935
4703,-0.004901960784313708
4704,0.017307692307692357
4705,-0.001055806938159931
4706,-0.001093514328808387
4707,-0.01368778280542976
4708,-0.008182503770739091
4709,0.005580693815988025
4710,-0.00331825037707395
4711,-0.007541478129713397
4712,-0.006636500754147789
4713,-0.003054298642533926
4714,-0.002488687782805421
4715,0.002790346907993957
4716,-0.0027526395173454454
4717,-0.0078054298642534214
4718,0.00199849170437405
4719,0.01176470588235301
4720,0.016817496229260986
4721,0.011802413273001466
4722,0.007805429864253366
4723,-0.015912518853695268
4724,0.0013197586726998445
4725,0.0038084464555052655
4726,-0.005429864253393701
4727,0.005165912518853677
4728,0.0065233785822021995
4729,-0.004901960784313708
4730,0.0033936651583710287
4731,-0.0062217194570135526
4732,0.0009426847662141746
4733,0.007051282051282026
4734,-0.006108597285067796
4735,-0.009879336349924495
4736,0.0037330316742081315
4737,-0.015686274509803866
4738,-0.002677224736048256
4739,0.007164404223227727
4740,0.004901960784313708
4741,-0.009539969834087558
4742,-0.001395173453996923
4743,-0.006485671191553577
4744,-0.016402714932126694
4745,0.008785822021116219
4746,0.004487179487179471
4747,7.541478129702295e-05
4748,0.016704374057315174
4749,0.0003016591251885359
4750,0.0010558069381599866
4751,-0.014366515837104021
4752,-0.012254901960784326
4753,-0.01432880844645551
4754,-0.018552036199095012
4755,-0.010143288084464575
4756,0.002714932126696823
4757,-0.007390648567119129
4758,-0.015007541478129771
4759,-0.008408748114630438
4760,-0.011048265460030127
4761,-0.008031674208144768
4762,-0.020022624434389125
4763,-0.009992458521870307
4764,-0.008295625942684792
4765,0.023453996983408776
4766,0.0066365007541479
4767,-0.027790346907993924
4768,0.0008295625942684737
4769,0.0031674208144796268
4770,0.005693815987933726
4771,0.015158371040724039
4772,-0.010633484162895834
4773,0.004298642533936636
4774,-0.006711915535445034
4775,0.007730015082956232
4776,-0.0063348416289592535
4777,-0.01809954751131221
4778,0.002601809954751122
4779,0.009917043740573228
4780,-0.003921568627451022
4781,-0.00018853695324283493
4782,0.0017722473604825373
4783,0.0002639517345398579
4784,-0.01858974358974358
4785,-0.009502262443438936
4786,0.005618401206636481
4787,-0.0016214177978883804
4788,0.005995475113122262
4789,0.017835595776772184
4790,0.002111613876319751
4791,0.012292609351432837
4792,-0.004223227752639447
4793,-0.011576168929110064
4794,0.00874811463046754
4795,0.0016591251885369473
4796,0.009841628959276094
4797,-0.004826546003016463
4798,0.00475113122171944
4799,-0.013386123680241335
4800,-0.02401960784313717
4801,-0.00275263951734539
4802,-0.0020361990950225617
4803,-0.011161387631975828
4804,-0.004260935143288069
4805,0.02104072398190049
4806,0.023303167420814508
4807,-0.005844645550527883
4808,-0.01546003016591252
4809,-0.0032428355957767607
4810,0.0013951734539969785
4811,-0.003921568627451022
4812,-0.01459276018099559
4813,-0.01244343891402716
4814,-0.014517345399698345
4815,0.006108597285067852
4816,-0.003921568627450911
4817,0.013310708898944146
4818,-0.0261689291101056
4819,0.0018099547511312153
4820,0.017948717948717885
4821,0.0034313725490197067
4822,-0.015346907993966763
4823,0.01915535444947203
4824,0.007315233785822106
4825,-0.0039969834087481
4826,-0.004185520361990935
4827,-0.011764705882352955
4828,-0.0003393665158371584
4829,0.0013951734539969785
4830,-0.012707390648567074
4831,0.002903469079939547
4832,-0.010859728506787292
4833,-0.007466063348416263
4834,0.01402714932126703
4835,-0.01874057315233779
4836,0.0010935143288084426
4837,-0.0025641025641026105
4838,-0.0035822021116138636
4839,-0.016742081447963852
4840,0.004713423831070873
4841,-0.014027149321266918
4842,0.016365007541478183
4843,0.002187028657616996
4844,0.005165912518853677
4845,-0.011048265460030127
4846,-0.008107088989441846
4847,0.005392156862745079
4848,0.004072398190045234
4849,0.004223227752639502
4850,-0.007051282051282082
4851,0.009728506787330282
4852,0.00018853695324283493
4853,0.003016591251885359
4854,0.00825791855203628
4855,0.0008672699849171517
4856,-0.015573152337858276
4857,0.0004524886877828038
4858,0.008144796380090469
4859,0.0012443438914028215
4860,-0.0004147812971341813
4861,-0.0007918552036198512
4862,-0.01583710407239819
4863,-0.02062594268476614
4864,0.010407239819004599
4865,0.0009803921568627416
4866,0.006862745098039191
4867,-0.004110105580693857
4868,0.00475113122171944
4869,0.008785822021116219
4870,0.01127450980392164
4871,0.009426847662141746
4872,-0.0209653092006033
4873,0.01165158371040731
4874,0.007730015082956232
4875,0.0065610859728507664
4876,-0.012745098039215697
4877,0.01749622926093508
4878,0.01941930618401211
4879,0.007013574660633459
4880,0.015686274509803866
4881,-0.018929110105580738
4882,-0.011726998491704332
4883,0.007918552036199067
4884,-0.0032428355957767607
4885,-0.0027149321266967674
4886,0.0015082956259426794
4887,0.02190799396681753
4888,-0.0062594268476621195
4889,-0.004788838612368063
4890,-0.007164404223227727
4891,0.007654600301659209
4892,0.017835595776772184
4893,-0.005015082956259409
4894,0.006749622926093601
4895,-0.0032805429864253832
4896,-0.019834087481146345
4897,-0.005957767722473584
4898,0.002149321266968318
4899,-0.00550527903469078
4900,0.007390648567119129
4901,-0.0064102564102563875
4902,0.00901206636500762
4903,-0.005656108597285048
4904,-0.016666666666666663
4905,-0.011538461538461497
4906,0.0004901960784313708
4907,-0.01576168929110111
4908,0.012217194570135814
4909,0.0013197586726998445
4910,-0.00512820512820511
4911,0.006636500754147789
4912,-0.014253393665158376
4913,-0.013386123680241335
4914,0.010972850678732993
4915,-0.023453996983408665
4916,-0.004826546003016574
4917,0.01941930618401211
4918,-0.004034690799396723
4919,-0.0031674208144795712
4920,0.009464555052790313
4921,0.00588235294117645
4922,-0.0008295625942684737
4923,-0.0006033182503770163
4924,-0.02021116138763196
4925,-0.0038838612368023995
4926,0.0033559577677224617
4927,-0.0038084464555052655
4928,-0.012631975867269996
4929,-0.0033936651583710287
4930,-0.00437405731523377
4931,-0.0015460030165911909
4932,0.00539215686274519
4933,-3.7707390648511474e-05
4934,-0.009766214177978905
4935,0.0016591251885369473
4936,0.015686274509803866
4937,-0.0017722473604825928
4938,-0.011613876319758631
4939,0.005920060331825017
4940,-0.009087481146304754
4941,0.0225113122171946
4942,-0.019645550527903455
4943,-0.006598793363499222
4944,-0.021832579185520395
4945,-0.00957767722473607
4946,0.0008295625942684737
4947,-0.0012443438914027105
4948,0.004449472096530904
4949,-0.012933634992458587
4950,0.005165912518853677
4951,-0.011726998491704332
4952,0.008785822021116219
4953,-0.015987933634992513
4954,0.01214177978883857
4955,0.002752639517345501
4956,-0.0016214177978884359
4957,0.012745098039215641
4958,0.012368024132730082
4959,-0.008144796380090469
4960,0.0019230769230769162
4961,-0.00882352941176473
4962,0.00275263951734539
4963,-0.001508295625942624
4964,-0.014894419306184015
4965,-0.003657616892910942
4966,0.020286576168929038
4967,0.01851432880844639
4968,0.013084464555052744
4969,-0.003054298642533926
4970,-0.016365007541478016
4971,0.014705882352941124
4972,-0.0050527903469080315
4973,0.004147812971342368
4974,0.0038461538461538325
4975,0.016968325791855254
4976,-0.007239819004524917
4977,-0.006070889894419285
4978,-0.0004524886877828038
4979,-0.002564102564102555
4980,-0.007767722473604799
4981,-0.010784313725490158
4982,0.0037707390648566985
4983,0.014781297134238258
4984,0.013084464555052855
4985,0.01463046757164399
4986,-0.004223227752639447
4987,-0.008785822021116108
4988,-0.005090497737556543
4989,-0.000980392156862686
4990,-0.011236802413272962
4991,0.007805429864253366
4992,-0.02013574660633488
4993,-0.010558069381598811
4994,0.014291101055806998
4995,0.012330316742081515
4996,-0.03122171945701363
4997,0.0006033182503770718
4998,-0.011161387631975939
4999,0.005316742081447945
