transition_index,from_range,to_range,consensus_pair_physical_percentile,pair_percentile_effect,median_pair_physical_score,median_pair_control_score,control_dest_indices
1,range_000251-000450,range_000401-000600,0.15,-0.35,0.0,0.4341103128395865,"297,440,563,70,66,580,200,390,355,522,393,112,50,553,100,43,543,261,203,242"
2,range_000401-000600,range_000551-000750,0.225,-0.275,0.0,0.06398146878991337,"406,366,621,220,330,381,658,189,152,351,274,505,222,593,71,27,335,474,58,454"
3,range_000551-000750,range_000701-000900,0.9,0.4,0.5101265488365586,0.04510422970476771,"443,464,342,183,139,364,48,208,660,58,133,353,348,111,132,192,242,329,52,202"
4,range_000701-000900,range_000851-001050,0.55,0.050000000000000044,0.5874383585345914,0.4629972570182415,"249,580,520,147,200,454,127,297,569,55,522,563,495,466,100,146,593,393,261,101"
5,range_000851-001050,range_001001-001200,0.85,0.35,1.352928874012596,0.46632436430552765,"415,426,591,614,201,481,541,159,25,418,359,57,370,168,239,105,604,577,166,442"
6,range_001001-001200,range_001151-001350,0.3,-0.2,1.7449779549363258,1.9134006024389345,"246,164,218,511,361,89,127,526,512,85,438,618,664,658,630,523,458,392,163,225"
7,range_001151-001350,range_001301-001500,0.35,-0.15000000000000002,0.0,0.0,"102,263,208,275,232,536,592,631,268,218,423,581,519,504,461,253,28,21,301,476"
8,range_001301-001500,range_001451-001650,0.35,-0.15000000000000002,0.13526298081332466,0.25091327780128214,"384,378,342,410,425,156,602,271,175,533,474,428,661,370,286,47,92,444,194,558"
9,range_001451-001650,range_001601-001800,0.5,0.0,0.3491061656632438,0.42927490039224714,"29,219,392,229,652,186,410,144,621,158,401,248,27,633,622,285,227,536,79,409"
10,range_001601-001800,range_001751-001950,0.75,0.25,1.1255949833436798,0.7300383353833505,"222,265,423,176,54,275,632,205,510,158,581,357,463,33,117,619,650,102,476,429"
11,range_001751-001950,range_001901-002100,0.95,0.44999999999999996,1.3688364002566393,0.7803812218725126,"529,290,306,373,651,338,657,605,429,585,597,486,555,437,591,577,257,110,157,332"
12,range_001901-002100,range_002051-002250,0.35,-0.15000000000000002,0.8668920435913614,0.9398905147349847,"96,582,172,175,579,138,529,358,645,32,53,568,328,477,402,234,25,604,170,151"
13,range_002051-002250,range_002201-002400,0.0,-0.5,0.0,2.19869021098099,"580,543,243,512,251,569,570,363,419,311,89,416,283,440,245,490,393,112,343,26"
14,range_002201-002400,range_002351-002550,0.45,-0.04999999999999999,0.5752617624857369,0.6990949175310298,"382,130,230,401,182,391,199,107,39,492,386,218,241,338,355,72,42,596,396,44"
15,range_002351-002550,range_002501-002700,0.05,-0.45,0.0,0.400080177568624,"522,580,97,440,251,563,543,483,200,261,297,495,466,276,127,192,393,400,4,89"
16,range_002501-002700,range_002651-002850,0.45,-0.04999999999999999,0.0,0.0,"102,426,142,590,610,562,131,635,139,431,463,299,231,429,528,194,609,271,274,641"
17,range_002651-002850,range_002801-003000,0.5,0.0,0.47350621331983617,0.4743020421537416,"399,565,493,36,574,378,354,233,561,594,32,211,570,540,545,392,363,391,393,512"
18,range_002801-003000,range_002951-003150,0.55,0.050000000000000044,1.4988006725939458,1.4536709229217264,"485,397,503,53,114,184,484,604,614,535,550,93,252,334,402,583,216,148,420,541"
19,range_002951-003150,range_003101-003300,0.25,-0.25,1.3317964798687891,1.6486941671896758,"407,38,587,132,98,104,174,71,474,479,312,5,275,512,80,497,149,599,370,664"
20,range_003101-003300,range_003251-003450,0.85,0.35,0.626154932803342,0.07214875081297303,"578,5,103,627,657,230,413,135,249,284,610,242,240,536,581,227,194,196,519,179"
21,range_003251-003450,range_003401-003600,0.2,-0.3,0.3564568949980007,0.57791122023017,"416,352,2,619,290,463,423,166,216,299,134,258,418,373,429,37,340,438,79,636"
22,range_003401-003600,range_003551-003750,0.6,0.09999999999999998,0.4835034838250056,0.2991093191077691,"421,218,420,651,331,410,260,629,222,659,349,477,527,623,80,62,66,531,8,172"
23,range_003551-003750,range_003701-003900,0.9,0.4,1.3627428346207908,0.6695819929840738,"647,243,100,578,75,362,284,214,469,115,95,660,526,311,608,561,330,376,55,553"
24,range_003701-003900,range_003851-004050,1.0,0.5,1.7102873757800494,0.7392629559466536,"298,422,631,456,357,287,370,367,395,611,154,228,594,161,88,445,663,165,9,539"
25,range_003851-004050,range_004001-004200,0.75,0.25,2.4136545727266414,1.8655575973068153,"280,87,569,262,617,146,42,214,174,526,388,364,424,352,406,91,189,647,36,496"
26,range_004001-004200,range_004151-004350,0.125,-0.375,0.033624754925302175,0.5088867138175936,"547,617,467,492,188,300,247,167,91,330,335,548,157,557,103,226,634,649,508,536"
27,range_004151-004350,range_004301-004500,0.15,-0.35,0.33880554978546784,0.733765899318327,"237,514,271,198,621,415,619,463,272,650,641,156,349,407,659,417,265,240,395,538"
28,range_004301-004500,range_004451-004650,0.2,-0.3,0.36305614250009455,0.7848933284203454,"117,411,478,640,521,42,107,167,99,505,647,106,627,441,189,458,343,283,554,497"
29,range_004451-004650,range_004601-004800,0.85,0.35,0.027233436366343542,0.0,"278,607,355,335,578,222,425,649,317,443,378,469,308,45,90,218,534,627,238,284"
30,range_004601-004800,range_004751-004950,0.25,-0.25,0.35129512212248326,0.6789188309203675,"49,295,519,586,321,337,98,659,483,492,348,505,663,631,363,454,601,646,622,422"
31,range_004751-004950,range_004901-005100,0.45,-0.04999999999999999,0.154386862981706,0.2868278600141303,"530,234,452,151,169,591,528,255,57,489,162,421,111,110,422,286,620,102,124,541"
32,range_004901-005100,range_005051-005250,0.05,-0.45,0.38617105391724754,0.9820496324868219,"537,411,324,214,3,589,242,311,180,227,205,432,361,499,424,441,5,427,406,285"
33,range_005051-005250,range_005201-005400,0.325,-0.175,0.0,0.0,"297,491,77,146,551,147,479,396,407,493,280,354,409,490,264,251,247,81,305,649"
34,range_005201-005400,range_005351-005550,0.55,0.050000000000000044,0.8254998995223417,0.8101228084301049,"498,300,574,282,543,608,596,521,493,211,199,363,440,321,394,143,283,660,245,163"
35,range_005351-005550,range_005501-005700,0.325,-0.175,0.0,0.0,"191,547,403,581,343,8,236,595,205,470,81,199,610,526,116,324,424,63,427,78"
36,range_005501-005700,range_005651-005850,0.5,0.0,0.24345417515901013,0.26928510361628116,"345,339,494,266,141,319,240,449,150,549,206,338,559,19,552,292,145,444,83,278"
37,range_005651-005850,range_005801-006000,0.35,-0.15000000000000002,0.7771073100064261,1.1273601717392248,"394,494,262,229,78,523,73,537,344,206,87,569,103,343,174,214,496,662,599,117"
38,range_005801-006000,range_005951-006150,0.75,0.25,0.6937658655873954,0.34131761678505323,"480,200,649,319,438,249,641,650,242,449,243,350,626,301,128,182,361,378,95,70"
39,range_005951-006150,range_006101-006300,0.05,-0.45,0.0,0.3672648919117889,"102,645,531,425,55,300,166,414,213,657,153,436,95,318,366,370,223,640,181,498"
40,range_006101-006300,range_006251-006450,0.1,-0.4,0.19355337957803959,0.7095341273734932,"66,465,479,219,77,86,229,606,235,104,382,637,436,604,652,480,154,444,661,481"
41,range_006251-006450,range_006401-006600,0.05,-0.45,0.0,0.5275505212124156,"229,5,425,91,379,610,152,611,416,206,531,655,18,494,660,351,27,115,646,140"
42,range_006401-006600,range_006551-006750,0.4,-0.09999999999999998,0.3994016203067959,0.5915532736863152,"569,140,254,430,473,212,153,637,262,214,24,647,462,318,426,496,440,618,379,570"
43,range_006551-006750,range_006701-006900,0.65,0.15000000000000002,1.2023072561055603,0.9852776864349455,"258,241,267,418,15,155,32,643,104,639,314,33,567,420,168,199,442,160,547,30"
44,range_006701-006900,range_006851-007050,0.95,0.44999999999999996,1.7383655955910389,0.9618192740262654,"212,610,346,22,401,378,623,91,122,197,292,141,353,632,361,406,295,324,554,531"
45,range_006851-007050,range_007001-007200,0.075,-0.425,0.0,0.33330712529886986,"526,488,400,233,112,620,344,346,209,124,413,336,599,569,546,512,499,440,580,496"
46,range_007001-007200,range_007151-007350,0.2,-0.3,0.0,0.057052451719102865,"620,378,315,197,642,200,191,617,628,147,283,573,5,394,518,180,18,229,282,412"
47,range_007151-007350,range_007301-007500,0.4,-0.09999999999999998,0.02727724314602222,0.15009219498128468,"200,261,430,612,440,142,283,74,123,215,388,99,458,71,593,607,110,525,165,602"
48,range_007301-007500,range_007451-007650,0.15,-0.35,0.0,0.15425803122739914,"206,8,545,463,110,649,104,314,336,303,551,290,459,507,221,520,250,335,565,133"
49,range_007451-007650,range_007601-007800,0.55,0.050000000000000044,0.8173383068442917,0.6897915530877119,"640,458,164,147,1,153,496,462,143,187,59,73,317,430,116,524,270,593,601,664"
50,range_007601-007800,range_007751-007950,0.5,0.0,0.20193894188400405,0.1669184515137785,"259,479,444,663,428,337,230,213,404,419,537,606,523,664,519,254,491,561,216,321"
51,range_007751-007950,range_007901-008100,0.3,-0.2,0.3190272512116793,0.49651924884771576,"501,421,502,329,385,412,395,277,471,517,298,415,63,258,131,158,434,623,100,503"
52,range_007901-008100,range_008051-008250,0.35,-0.15000000000000002,0.5000084593975627,0.6118754640337614,"397,12,583,170,616,241,334,572,486,484,487,108,93,471,475,577,332,357,13,500"
53,range_008051-008250,range_008201-008400,0.4,-0.09999999999999998,1.4952213254920792,1.6437652780307754,"382,256,496,575,324,587,343,112,218,483,573,613,245,451,388,297,439,199,478,43"
54,range_008201-008400,range_008351-008550,0.7,0.19999999999999996,0.20849916499937082,0.0,"522,476,543,75,71,570,36,565,304,658,508,35,596,580,350,363,660,574,211,112"
55,range_008351-008550,range_008501-008700,0.9,0.4,0.43947712092317054,0.0,"146,603,570,608,569,245,261,522,81,38,561,363,580,343,454,458,483,523,233,543"
56,range_008501-008700,range_008651-008850,0.75,0.25,0.6755486162996646,0.3254703749737273,"576,488,80,232,10,166,155,659,614,530,22,527,237,532,620,199,289,568,268,416"
57,range_008651-008850,range_008801-009000,0.65,0.15000000000000002,1.2367638553017586,1.0528234625105042,"188,278,213,44,459,661,348,17,618,456,258,297,291,25,600,516,199,149,270,467"
58,range_008801-009000,range_008951-009150,0.175,-0.325,0.0,0.43650424701763213,"513,580,522,261,137,543,196,440,371,425,236,200,143,249,71,483,245,393,569,388"
59,range_008951-009150,range_009101-009300,0.7,0.19999999999999996,0.5689530276391611,0.38783187326798496,"88,142,249,320,352,379,314,2,448,553,217,368,92,345,635,557,292,27,126,663"
60,range_009101-009300,range_009251-009450,0.55,0.050000000000000044,0.7845452340147353,0.8030301762278182,"389,547,546,445,572,469,419,297,173,187,281,559,505,181,630,218,576,372,125,593"
61,range_009251-009450,range_009401-009600,0.9,0.4,0.7974757517479114,0.28277387983088076,"416,171,138,299,234,469,433,217,46,39,457,405,199,259,118,281,254,76,331,492"
62,range_009401-009600,range_009551-009750,0.1,-0.4,0.33841059248543254,1.8075132796898554,"329,343,594,116,392,546,291,640,282,322,311,662,621,439,424,336,246,143,365,95"
63,range_009551-009750,range_009701-009900,0.25,-0.25,0.0,0.0,"538,603,466,470,512,81,74,394,401,106,350,575,36,548,461,593,404,634,283,598"
64,range_009701-009900,range_009851-010050,0.3,-0.2,0.0,0.0,"323,478,510,108,489,414,90,470,643,534,294,31,547,257,199,171,564,449,517,402"
65,range_009851-010050,range_010001-010200,0.7,0.19999999999999996,0.5129282558716401,0.16476517036750737,"279,600,288,47,382,255,612,423,350,178,323,49,285,275,632,536,7,480,429,479"
66,range_010001-010200,range_010151-010350,0.35,-0.15000000000000002,0.15130961037532162,0.18060182346263984,"183,532,515,387,117,85,555,360,488,326,32,52,79,425,383,342,311,317,299,593"
67,range_010151-010350,range_010301-010500,0.6,0.09999999999999998,0.7851495894013583,0.6406459848971177,"255,639,316,205,519,314,339,234,438,349,558,625,635,320,111,511,492,210,3,88"
68,range_010301-010500,range_010451-010650,0.3,-0.2,0.24323252442047125,0.40266612926959783,"140,227,454,571,297,183,499,660,346,92,412,304,103,594,347,631,464,221,494,389"
69,range_010451-010650,range_010601-010800,0.175,-0.325,0.0,0.12977973629994694,"516,5,59,305,135,142,188,269,646,402,39,309,211,360,247,488,606,111,392,42"
70,range_010601-010800,range_010751-010950,1.0,0.5,1.5563169791061053,0.47001453361675455,"380,371,623,90,173,183,16,606,247,235,253,281,226,196,269,98,236,621,392,628"
71,range_010751-010950,range_010901-011100,0.15,-0.35,0.0,0.40668052003687016,"91,621,422,295,648,632,313,88,654,204,314,27,460,320,390,531,449,23,279,33"
72,range_010901-011100,range_011051-011250,0.9,0.4,1.9218384332737948,1.3495268327237455,"163,26,537,586,569,499,566,496,146,376,560,337,450,284,262,147,413,543,491,546"
73,range_011051-011250,range_011201-011400,0.25,-0.25,0.0,0.10188806186266709,"26,586,230,622,337,245,371,365,428,440,543,163,180,214,662,557,254,443,546,499"
74,range_011201-011400,range_011351-011550,0.15,-0.35,0.0,0.2651704639479056,"543,440,200,612,570,512,580,99,492,163,493,603,496,564,343,393,662,569,43,261"
75,range_011351-011550,range_011501-011700,0.9,0.4,1.9179309468407826,1.246559797976773,"41,418,639,101,600,591,542,535,175,25,624,260,129,237,585,340,641,358,88,178"
76,range_011501-011700,range_011651-011850,0.15,-0.35,0.8981569498875879,1.6613432371187042,"7,303,647,23,174,395,367,249,399,468,262,112,576,414,283,59,291,593,513,300"
77,range_011651-011850,range_011801-012000,0.75,0.25,1.0261704332252934,0.5367938551654611,"200,398,440,559,566,580,647,467,318,570,366,192,552,543,393,581,430,50,569,153"
78,range_011801-012000,range_011951-012150,0.65,0.15000000000000002,1.4113073951714015,1.2120844700191702,"575,109,607,645,90,469,536,480,614,107,488,302,457,511,2,23,158,383,259,663"
79,range_011951-012150,range_012101-012300,0.05,-0.45,0.27396526138196514,0.7810720471509671,"494,317,460,528,34,639,260,465,197,609,648,533,381,109,372,124,229,358,534,410"
80,range_012101-012300,range_012251-012450,0.5,0.0,1.6191777907009608,1.7458322149327758,"233,518,580,440,114,468,523,565,649,569,570,55,513,394,350,494,61,445,496,470"
81,range_012251-012450,range_012401-012600,0.25,-0.25,0.0,0.0,"468,526,569,116,276,394,126,580,18,143,233,363,602,248,516,55,543,458,393,570"
82,range_012401-012600,range_012551-012750,0.5,0.0,0.06012723854634351,0.03979725848068473,"450,162,228,510,244,95,633,340,353,47,662,262,35,491,114,439,318,133,182,266"
83,range_012551-012750,range_012701-012900,0.2,-0.3,0.0,0.3444356521464877,"351,522,483,220,580,233,658,146,47,283,223,496,561,51,104,59,399,393,105,570"
84,range_012701-012900,range_012851-013050,0.85,0.35,0.8252732251702404,0.4412405898789715,"100,49,140,410,610,383,197,460,311,249,23,63,42,265,290,391,37,339,436,470"
85,range_012851-013050,range_013001-013200,0.65,0.15000000000000002,0.8931313315110907,0.7139967375402032,"31,539,65,469,428,122,481,360,560,656,525,4,3,6,559,278,258,126,443,637"
86,range_013001-013200,range_013151-013350,0.75,0.25,0.7307521129695262,0.2603135790420955,"570,227,24,376,343,598,73,214,284,546,337,491,523,569,182,174,219,212,262,346"
87,range_013151-013350,range_013301-013500,0.75,0.25,1.6123259312460876,1.2334681795005489,"415,309,288,23,274,591,33,293,655,1,643,181,152,541,383,590,31,223,67,211"
88,range_013301-013500,range_013451-013650,0.55,0.050000000000000044,1.3341598574403997,1.239805560385019,"526,647,18,528,189,543,223,658,50,466,48,548,144,520,569,187,300,26,233,312"
89,range_013451-013650,range_013601-013800,0.8,0.30000000000000004,0.5175943227941183,0.0,"504,600,609,573,403,462,5,7,58,427,634,401,578,513,315,344,279,368,493,537"
90,range_013601-013800,range_013751-013950,0.3,-0.2,0.25677652653110883,0.67596350804096,"37,259,504,348,527,451,145,395,546,360,392,303,457,499,594,353,444,634,121,521"
91,range_013751-013950,range_013901-014100,0.15,-0.35,0.0,0.1947914756354407,"283,603,628,352,539,75,659,171,152,424,505,174,461,634,607,548,243,538,451,364"
92,range_013901-014100,range_014051-014250,0.2,-0.3,1.1307161155690646,1.4183440300900374,"583,420,475,447,239,484,170,14,616,53,148,216,313,185,12,6,604,397,572,656"
93,range_014051-014250,range_014201-014400,0.9,0.4,1.489774491144563,0.9437186769304917,"13,576,172,621,631,279,289,175,415,381,162,103,422,260,254,44,397,169,620,517"
94,range_014201-014400,range_014351-014550,0.55,0.050000000000000044,0.36877930842188417,0.1375307661797438,"462,203,163,78,355,220,339,174,285,570,378,496,1,345,523,336,7,147,390,59"
95,range_014351-014550,range_014501-014700,0.65,0.15000000000000002,1.099695634982377,0.8580027041933851,"579,347,79,431,585,148,377,576,639,10,539,269,651,636,313,80,172,542,354,285"
96,range_014501-014700,range_014651-014850,0.65,0.15000000000000002,1.343719962306046,0.987309978527273,"457,406,36,4,322,395,225,235,461,384,40,505,3,251,376,581,212,491,305,401"
97,range_014651-014850,range_014801-015000,0.075,-0.425,0.0,0.55633171918229,"394,399,483,543,214,189,468,580,261,570,522,15,245,569,143,233,59,393,282,526"
98,range_014801-015000,range_014951-015150,0.8,0.30000000000000004,0.058435832663063784,0.0,"315,660,115,589,490,476,48,73,497,380,50,561,38,493,228,634,5,297,263,24"
99,range_014951-015150,range_015101-015300,0.125,-0.375,0.0,0.2167632562042861,"259,77,540,133,364,581,266,456,203,292,491,304,272,305,515,137,7,476,38,461"
100,range_015101-015300,range_015251-015450,0.1,-0.4,0.0,0.43732165222381175,"55,70,563,440,495,393,146,127,640,50,73,4,153,200,466,1,603,543,559,345"
101,range_015251-015450,range_015401-015600,0.85,0.35,0.3469327312166288,0.025005090884457532,"442,541,172,155,357,636,169,316,289,488,231,325,446,656,452,426,477,201,616,624"
102,range_015401-015600,range_015551-015750,0.05,-0.45,0.33133236616922,1.0338561583574637,"147,658,227,196,81,546,630,468,47,291,647,613,82,143,594,622,46,140,522,188"
103,range_015551-015750,range_015701-015900,0.225,-0.275,0.0,0.07724395431799272,"348,351,124,516,244,212,378,409,191,565,235,308,459,50,238,521,131,180,202,367"
104,range_015701-015900,range_015851-016050,0.1,-0.4,0.0,0.6086229192757406,"560,116,5,445,163,483,522,469,458,177,505,507,543,81,233,84,214,250,580,337"
105,range_015851-016050,range_016001-016200,0.1,-0.4,0.01641383754246858,0.7561054891299301,"599,266,660,223,301,459,344,351,149,409,190,479,196,55,627,215,411,219,492,59"
106,range_016001-016200,range_016151-016350,0.5,0.0,0.04196158762739914,0.0,"321,505,571,512,258,389,167,493,248,455,38,368,271,423,132,181,459,51,380,5"
107,range_016151-016350,range_016301-016500,0.9,0.4,0.695612664378976,0.29151019758304314,"501,577,579,148,568,175,257,597,645,651,377,298,149,629,10,643,155,21,185,14"
108,range_016301-016500,range_016451-016650,0.0,-0.5,0.5022156985214115,2.0206778663295664,"457,445,165,153,91,59,261,467,164,526,543,77,393,658,58,569,607,617,440,505"
109,range_016451-016650,range_016601-016800,0.325,-0.175,0.0,0.0,"660,86,250,518,355,308,601,462,141,343,638,335,20,41,466,135,131,544,208,356"
110,range_016601-016800,range_016751-016950,0.025,-0.475,0.0,1.093569590973294,"59,351,47,283,83,451,163,223,296,230,399,300,522,3,496,497,580,189,123,147"
111,range_016751-016950,range_016901-017100,0.2,-0.3,0.012595684787911716,0.6711165025854536,"658,450,440,233,245,214,343,286,208,636,522,570,83,318,211,497,569,223,255,394"
112,range_016901-017100,range_017051-017250,0.7,0.19999999999999996,0.20411055490371185,0.0,"273,49,662,286,281,219,34,481,83,352,234,164,587,630,204,323,285,264,354,308"
113,range_017051-017250,range_017201-017400,0.4,-0.09999999999999998,0.45240224897309156,0.5090118080063895,"556,90,442,16,435,616,486,422,609,101,216,354,269,408,517,643,53,582,657,267"
114,range_017201-017400,range_017351-017550,0.55,0.050000000000000044,1.2106291140114114,1.0899426202696807,"29,141,181,379,401,345,395,35,264,227,68,364,481,626,140,615,515,327,1,446"
115,range_017351-017550,range_017501-017700,0.2,-0.3,0.0,0.11126226802582068,"640,174,251,262,432,280,363,594,81,180,658,561,177,574,143,165,589,37,296,318"
116,range_017501-017700,range_017651-017850,0.95,0.44999999999999996,1.2687128432916226,0.45083332252116337,"588,435,407,621,299,102,171,33,42,494,623,268,438,128,255,320,442,564,293,654"
117,range_017651-017850,range_017801-018000,0.75,0.25,0.8615915407385787,0.7475863696901057,"485,19,503,535,585,629,307,568,14,471,484,12,186,579,656,96,21,500,481,52"
118,range_017801-018000,range_017951-018150,0.35,-0.15000000000000002,0.7778287155325538,0.8945613474702621,"101,354,576,564,194,256,15,83,553,173,260,327,563,130,0,210,492,290,389,629"
119,range_017951-018150,range_018101-018300,0.2,-0.3,0.0,0.137906964272356,"517,302,240,460,102,169,105,271,156,500,160,655,529,585,369,290,384,166,184,514"
120,range_018101-018300,range_018251-018450,0.3,-0.2,0.34094447570164493,0.41911261212247813,"305,481,92,110,183,203,374,444,549,309,474,132,285,652,222,272,457,161,326,313"
121,range_018251-018450,range_018401-018600,0.175,-0.325,0.0,0.19603459862562742,"230,287,187,513,84,357,594,473,17,419,582,615,8,427,632,86,165,303,103,92"
122,range_018401-018600,range_018551-018750,0.125,-0.375,0.0,0.46309108109237096,"163,399,613,496,24,318,344,262,73,598,305,661,627,569,343,87,174,566,78,147"
123,range_018551-018750,range_018701-018900,0.35,-0.15000000000000002,0.24125115161121846,0.46442862196319346,"136,265,29,378,650,179,291,652,310,536,227,511,431,273,456,266,443,600,527,299"
124,range_018701-018900,range_018851-019050,0.45,-0.04999999999999999,0.567023393281363,0.5837584396211433,"240,193,587,626,178,510,31,390,28,110,40,316,271,198,638,632,659,2,562,568"
125,range_018851-019050,range_019001-019200,0.075,-0.425,0.0,0.6320030562461306,"526,365,18,394,468,164,569,81,245,143,315,458,363,507,348,566,522,89,213,516"
126,range_019001-019200,range_019151-019350,0.55,0.050000000000000044,0.21050588170400195,0.061847567520142116,"208,174,265,599,649,1,251,243,513,262,406,450,337,476,474,27,209,523,355,281"
127,range_019151-019350,range_019301-019500,0.05,-0.45,0.21999864433597352,1.139199791197739,"25,155,629,19,576,442,332,57,656,577,306,14,657,447,614,241,207,597,636,503"
128,range_019301-019500,range_019451-019650,0.35,-0.15000000000000002,0.5743281609273883,0.8478042913966287,"534,332,242,400,553,91,179,469,467,503,519,264,432,471,381,401,610,28,619,439"
129,range_019451-019650,range_019601-019800,0.15,-0.35,0.0,0.555929653008322,"153,600,366,417,440,394,220,393,569,266,84,237,233,543,367,476,163,228,445,143"
130,range_019601-019800,range_019751-019950,0.95,0.44999999999999996,0.03575708920915703,0.0,"293,329,449,275,72,33,635,234,39,285,31,113,552,96,197,655,67,431,551,436"
131,range_019751-019950,range_019901-020100,0.15,-0.35,0.39059783116706476,0.7191082455929105,"565,90,108,499,92,204,562,448,5,461,345,54,11,451,255,357,553,513,196,228"
132,range_019901-020100,range_020051-020250,0.2,-0.3,0.0,0.2100843192858711,"513,320,111,476,439,562,651,574,264,646,507,276,284,165,518,560,1,26,599,255"
133,range_020051-020250,range_020201-020400,0.65,0.15000000000000002,0.25472017857895063,0.1843148726129627,"515,605,44,111,160,299,358,529,178,273,590,198,121,415,354,77,37,637,360,544"
134,range_020201-020400,range_020351-020550,0.2,-0.3,0.06524168608738365,0.3964388620644044,"51,658,584,633,492,196,410,166,42,518,265,171,209,581,476,520,342,112,549,531"
135,range_020351-020550,range_020501-020700,0.2,-0.3,0.0,0.1147449261291762,"154,534,457,353,102,193,654,518,271,361,29,528,119,117,350,327,273,333,320,145"
136,range_020501-020700,range_020651-020850,0.2,-0.3,0.35747594548452105,0.5920738091132889,"125,305,476,249,40,309,28,312,642,330,92,374,494,549,596,205,529,190,172,86"
137,range_020651-020850,range_020801-021000,0.9,0.4,0.777855239696731,0.1687970273890005,"266,61,428,341,330,119,9,478,255,474,48,265,247,445,126,628,275,194,37,536"
138,range_020801-021000,range_020951-021150,0.2,-0.3,0.5182623418305699,0.7804147624133309,"253,28,117,601,22,308,312,303,61,5,419,219,351,600,165,127,395,357,92,278"
139,range_020951-021150,range_021101-021300,0.1,-0.4,0.009932570881923312,1.0348801433031043,"365,496,344,566,570,368,523,343,78,351,262,180,73,291,26,603,618,113,283,599"
140,range_021101-021300,range_021251-021450,0.8,0.30000000000000004,0.1535536850604276,0.0,"620,368,537,519,637,261,468,256,66,483,200,70,516,520,45,376,346,300,436,182"
141,range_021251-021450,range_021401-021600,0.4,-0.09999999999999998,1.2540150842549238,1.3564408941738493,"535,252,217,435,460,610,555,621,241,407,10,651,659,422,564,527,369,558,442,329"
142,range_021401-021600,range_021551-021750,0.9,0.4,2.1274604858318655,1.0524681736743042,"458,348,276,580,63,460,444,522,163,296,164,493,462,99,123,269,246,498,59,393"
143,range_021551-021750,range_021701-021900,0.1,-0.4,0.4066332933579537,0.9539723494888315,"4,179,553,280,646,480,339,407,211,460,612,536,649,505,664,206,190,230,451,196"
144,range_021701-021900,range_021851-022050,0.25,-0.25,0.3633349573744308,0.516992946425715,"372,451,210,86,396,212,278,663,69,562,259,9,173,130,49,304,581,76,61,594"
145,range_021851-022050,range_022001-022200,0.85,0.35,1.2515521586587892,0.4051233633661303,"603,566,376,410,601,563,561,301,282,366,431,95,314,190,227,256,586,493,70,225"
146,range_022001-022200,range_022151-022350,0.3,-0.2,0.0,0.0,"603,245,493,569,261,26,43,78,393,647,365,55,344,253,73,343,308,496,75,633"
147,range_022151-022350,range_022301-022500,0.25,-0.25,1.3674819689854267,1.8426922141907063,"216,572,535,651,484,13,582,377,616,231,397,252,629,178,176,429,53,577,93,583"
148,range_022301-022500,range_022451-022650,0.0,-0.5,0.0,1.6087385926061484,"522,379,505,647,537,209,89,90,404,519,163,346,596,520,59,43,566,38,560,278"
149,range_022451-022650,range_022601-022800,0.7,0.19999999999999996,0.19323776744977803,0.0,"610,134,68,327,362,529,590,302,166,317,360,621,643,14,310,21,532,193,373,465"
150,range_022601-022800,range_022751-022950,0.0,-0.5,0.0,0.6076127095152368,"525,627,129,0,433,536,504,592,181,630,295,524,119,28,56,194,350,175,451,486"
151,range_022751-022950,range_022901-023100,0.3,-0.2,0.6388388366031095,0.8561845881412058,"90,465,98,396,292,238,389,203,263,299,527,625,228,627,215,223,491,643,493,329"
152,range_022901-023100,range_023051-023250,0.65,0.15000000000000002,0.8856105061817399,0.6343869975187342,"458,466,249,522,495,233,644,393,8,99,580,394,371,450,200,440,563,288,479,297"
153,range_023051-023250,range_023201-023400,0.5,0.0,0.7198023108091696,0.610274351116588,"241,537,181,476,418,226,215,312,288,237,187,516,542,455,8,327,538,61,650,251"
154,range_023201-023400,range_023351-023550,0.35,-0.15000000000000002,0.4003046589624364,0.718374498952622,"490,191,74,394,43,534,243,283,245,639,512,193,570,440,569,78,238,194,419,505"
155,range_023351-023550,range_023501-023700,0.2,-0.3,0.17021988718967096,0.4554940329546741,"217,616,28,176,609,652,530,415,231,604,203,600,558,423,271,126,398,384,57,579"
156,range_023501-023700,range_023651-023850,0.15,-0.35,0.0,0.15507658674946762,"579,402,442,614,16,10,530,510,232,616,234,503,386,168,645,398,576,359,488,555"
157,range_023651-023850,range_023801-024000,0.25,-0.25,0.43919519056496803,0.5939645633589479,"653,663,25,395,132,557,193,44,178,643,602,564,510,515,64,426,109,323,205,521"
158,range_023801-024000,range_023951-024150,0.2,-0.3,0.0,0.19347837466909584,"84,302,490,396,299,225,497,74,49,395,560,20,230,559,66,551,527,276,647,104"
159,range_023951-024150,range_024101-024300,0.55,0.050000000000000044,0.027820699572216046,0.0,"302,226,427,586,263,291,345,396,242,389,276,215,275,293,100,94,512,218,199,428"
160,range_024101-024300,range_024251-024450,0.35,-0.15000000000000002,0.0,0.0,"129,187,381,272,614,49,64,423,206,382,124,254,327,197,352,134,564,311,295,69"
161,range_024251-024450,range_024401-024600,0.6,0.09999999999999998,0.4166759244666429,0.2651564825216054,"452,465,643,44,372,142,80,606,222,558,387,623,463,298,645,547,442,40,435,17"
162,range_024401-024600,range_024551-024750,0.6,0.09999999999999998,1.1114817983611922,0.6237206598487672,"112,505,464,570,561,251,603,245,419,301,73,490,543,56,116,295,468,78,283,403"
163,range_024551-024750,range_024701-024900,0.2,-0.3,0.11520305241607495,0.3769116825873116,"474,374,36,275,236,342,213,368,561,565,196,637,466,445,352,519,379,254,263,265"
164,range_024701-024900,range_024851-025050,0.45,-0.04999999999999999,0.5552810820873668,0.6074178759697346,"262,99,200,284,593,467,448,280,183,632,214,496,27,365,561,399,498,608,655,248"
165,range_024851-025050,range_025001-025200,0.9,0.4,0.2791941012416854,0.04814609029812392,"72,247,323,222,352,587,85,324,479,145,444,333,65,132,383,553,106,137,265,451"
166,range_025001-025200,range_025151-025350,0.35,-0.15000000000000002,0.5641517879221366,0.7733873922867838,"274,1,287,212,83,81,37,315,230,237,388,495,607,653,215,490,213,399,463,492"
167,range_025151-025350,range_025301-025500,0.35,-0.15000000000000002,0.0,0.0,"84,309,127,618,208,123,483,209,607,256,468,99,574,443,303,566,634,464,380,617"
168,range_025301-025500,range_025451-025650,0.125,-0.375,0.0,0.25708565478031187,"280,285,187,378,340,116,663,98,491,71,573,238,107,140,599,581,603,443,213,662"
169,range_025451-025650,range_025601-025800,1.0,0.5,1.037667658654636,0.6685770524406405,"155,148,13,313,385,232,486,10,550,325,651,471,584,429,354,509,616,151,185,402"
170,range_025601-025800,range_025751-025950,0.3,-0.2,1.3999428944629777,1.5573851735530733,"650,313,340,37,637,305,455,382,524,633,591,91,353,525,419,5,195,230,188,47"
171,range_025751-025950,range_025901-026100,0.65,0.15000000000000002,0.3270056327065873,0.1827282122067065,"597,552,340,327,52,540,395,80,161,31,406,435,328,198,356,33,44,294,184,624"
172,range_025901-026100,range_026051-026250,0.7,0.19999999999999996,1.0468098490466846,0.8301427294733187,"218,310,350,304,266,285,37,641,632,414,484,527,85,255,61,339,114,379,120,593"
173,range_026051-026250,range_026201-026400,0.8,0.30000000000000004,1.052156222250535,0.6315102472560202,"611,599,388,496,264,183,466,513,468,363,350,335,38,371,133,74,163,658,483,571"
174,range_026201-026400,range_026351-026550,0.95,0.44999999999999996,1.119870606822499,0.23003133267474418,"359,226,37,202,300,641,212,364,642,557,134,59,312,153,140,363,513,525,283,89"
175,range_026351-026550,range_026501-026700,0.0,-0.5,0.09512127864859266,0.5277969206036404,"32,575,503,356,210,271,629,477,659,224,395,431,349,536,421,198,65,435,528,316"
176,range_026501-026700,range_026651-026850,0.3,-0.2,1.1107613766112838,1.4254013320827492,"130,468,78,608,653,163,658,440,424,318,609,81,478,116,59,143,366,556,283,301"
177,range_026651-026850,range_026801-027000,0.8,0.30000000000000004,0.6720864342195089,0.12519480896204843,"580,283,191,243,245,613,569,403,512,464,233,163,543,366,393,419,498,116,608,458"
178,range_026801-027000,range_026951-027150,0.9,0.4,0.6126147719245637,0.18001183396213577,"509,327,110,101,272,310,529,203,396,331,225,37,616,159,420,271,128,412,33,503"
179,range_026951-027150,range_027101-027300,0.65,0.15000000000000002,0.6932272997997558,0.40703223767760544,"533,87,39,303,34,90,238,430,292,662,122,388,523,71,415,459,609,526,407,259"
180,range_027101-027300,range_027251-027450,0.5,0.0,0.09014025752347975,0.05642793322338298,"126,636,601,253,210,144,541,339,117,479,362,374,119,1,58,488,34,263,157,454"
181,range_027251-027450,range_027401-027600,0.35,-0.15000000000000002,0.6120982739587841,0.9521840175021768,"446,457,262,200,618,89,38,106,383,599,644,22,652,594,284,71,586,211,241,97"
182,range_027401-027600,range_027551-027750,0.175,-0.325,0.0,0.2114335516467985,"404,558,218,488,273,34,354,158,471,128,133,587,358,106,54,609,27,258,320,636"
183,range_027551-027750,range_027701-027900,0.55,0.050000000000000044,0.7172458510146483,0.7172246512673062,"53,604,616,629,572,484,420,550,14,503,489,19,541,487,239,535,216,475,583,471"
184,range_027701-027900,range_027851-028050,0.3,-0.2,0.6718025922708528,0.7042258596307438,"420,93,485,487,475,239,216,10,484,334,332,397,471,656,604,170,486,482,328,14"
185,range_027851-028050,range_028001-028200,0.05,-0.45,0.4143953785750282,0.8384222792413523,"579,489,624,14,6,334,252,582,13,532,21,224,268,567,629,583,584,232,446,108"
186,range_028001-028200,range_028151-028350,0.25,-0.25,0.2806588309954275,1.1281571494335676,"49,282,283,613,648,650,599,7,403,59,250,492,164,346,360,313,206,320,244,76"
187,range_028151-028350,range_028301-028500,0.35,-0.15000000000000002,0.0,0.0,"222,72,645,289,202,279,11,597,206,623,632,356,330,20,587,62,414,548,644,44"
188,range_028301-028500,range_028451-028650,0.3,-0.2,0.15617837036562132,0.586184781344051,"399,163,569,580,549,598,113,570,496,599,261,233,174,318,47,73,230,380,246,543"
189,range_028451-028650,range_028601-028800,1.0,0.5,1.0429976000059122,0.0,"364,43,119,121,378,663,223,243,574,308,276,250,230,467,414,459,127,301,242,565"
190,range_028601-028800,range_028751-028950,0.8,0.30000000000000004,1.2565742194406,0.5067423148046151,"291,633,202,34,533,517,376,105,415,356,427,41,244,345,213,556,536,491,414,107"
191,range_028751-028950,range_028901-029100,0.7,0.19999999999999996,0.5725235472029547,0.3077762341599265,"91,439,272,56,262,615,268,467,266,408,595,559,450,618,575,68,418,448,292,600"
192,range_028901-029100,range_029051-029250,0.95,0.44999999999999996,0.902022993194948,0.468456717565386,"182,533,107,145,281,158,11,312,86,576,575,510,650,653,41,357,205,169,396,64"
193,range_029051-029250,range_029201-029400,0.5,0.0,1.405693818983846,1.343800171965154,"580,419,243,95,65,343,78,59,283,512,163,505,490,569,461,245,543,301,496,9"
194,range_029201-029400,range_029351-029550,0.05,-0.45,0.0,0.6246413211161268,"183,362,247,453,469,3,310,519,64,335,578,276,611,263,321,288,279,285,77,92"
195,range_029351-029550,range_029501-029700,0.45,-0.04999999999999999,0.3152774705864179,0.3220383893971528,"513,276,545,467,135,243,660,504,103,90,602,388,94,596,280,0,371,376,352,165"
196,range_029501-029700,range_029651-029850,0.025,-0.475,0.0,0.38386120354599246,"0,127,617,480,116,474,497,180,296,303,167,238,315,573,378,401,173,660,536,619"
197,range_029651-029850,range_029801-030000,0.5,0.0,0.33436682440203364,0.30493159159299543,"620,208,467,125,492,433,645,515,290,441,562,152,104,183,654,554,425,574,395,76"
198,range_029801-030000,range_029951-030150,0.15,-0.35,0.0,0.15763264177912084,"6,444,294,184,314,488,528,17,151,63,32,434,541,527,422,329,501,159,506,121"
199,range_029951-030150,range_030101-030300,0.8,0.30000000000000004,1.6717759198567443,0.6135995638987298,"355,662,324,60,522,497,154,664,296,401,468,126,603,106,478,439,521,218,209,29"
200,range_030101-030300,range_030251-030450,0.45,-0.04999999999999999,1.9036742465651073,1.8407606692629654,"62,306,67,377,629,373,597,53,509,624,577,487,354,325,421,241,591,149,656,331"
201,range_030251-030450,range_030401-030600,0.6,0.09999999999999998,1.1537476468292158,1.0487621639075217,"271,324,507,242,509,213,364,104,260,467,76,511,381,305,451,322,249,546,425,616"
202,range_030401-030600,range_030551-030750,0.225,-0.275,0.0,0.28799553929823996,"293,319,421,79,648,34,510,54,324,551,310,57,609,556,184,63,1,477,414,339"
203,range_030551-030750,range_030701-030900,0.15,-0.35,0.34835067917696977,0.6309525840331525,"77,38,367,380,18,631,574,28,578,26,643,309,512,303,423,290,248,123,294,101"
204,range_030701-030900,range_030851-031050,0.4,-0.09999999999999998,0.09971952961589237,0.2538750562566515,"406,46,295,69,370,158,182,64,91,350,345,480,7,258,57,534,383,277,656,194"
205,range_030851-031050,range_031001-031200,0.15,-0.35,0.09699290822776378,0.4602416124289577,"644,640,451,603,153,218,81,553,190,127,297,309,526,8,413,536,318,495,354,490"
206,range_031001-031200,range_031151-031350,0.6,0.09999999999999998,1.2067547730360926,1.0541922163284496,"170,545,568,290,16,172,176,354,12,32,178,53,328,582,614,372,277,506,407,310"
207,range_031151-031350,range_031301-031500,1.0,0.5,1.8948551533503273,1.1469423603693476,"434,581,225,451,516,271,60,72,126,649,648,614,280,502,36,191,127,144,45,244"
208,range_031301-031500,range_031451-031650,0.25,-0.25,0.0,0.03392260531523268,"490,143,526,464,640,230,96,321,297,244,331,81,63,123,570,343,55,595,146,476"
209,range_031451-031650,range_031601-031800,0.225,-0.275,0.0,0.12260503408288248,"411,557,174,647,112,569,282,580,123,74,36,245,662,153,5,608,508,165,440,318"
210,range_031601-031800,range_031751-031950,0.15,-0.35,0.0,0.47033498763842535,"658,498,300,36,575,371,608,85,538,399,646,245,561,84,557,246,174,569,565,388"
211,range_031751-031950,range_031901-032100,0.425,-0.07500000000000001,0.0,0.0,"630,116,26,609,459,50,599,38,165,250,589,427,571,103,135,160,348,154,649,238"
212,range_031901-032100,range_032051-032250,0.45,-0.04999999999999999,0.3631681678280984,0.48845564156696175,"645,531,306,516,518,177,589,425,502,452,432,497,445,418,3,1,112,476,628,17"
213,range_032051-032250,range_032201-032400,0.9,0.4,1.4075059798241896,0.21977351942828022,"363,664,580,49,520,393,490,261,126,632,309,385,18,570,462,640,246,321,270,163"
214,range_032201-032400,range_032351-032550,0.3,-0.2,0.0,0.0,"233,439,450,394,236,543,78,226,163,203,73,537,508,430,147,498,380,24,72,580"
215,range_032351-032550,range_032501-032700,0.55,0.050000000000000044,1.1543283726748952,1.0623312611605207,"656,302,148,149,186,325,21,12,108,506,313,13,577,588,53,471,487,338,629,241"
216,range_032501-032700,range_032651-032850,0.65,0.15000000000000002,1.7518007386404755,1.3143450248129822,"238,203,1,192,564,77,127,356,94,74,393,637,304,456,543,78,631,70,395,153"
217,range_032651-032850,range_032801-033000,0.325,-0.175,0.0,0.0,"476,95,356,564,432,287,566,519,456,4,469,374,345,578,246,581,268,336,664,647"
218,range_032801-033000,range_032951-033150,0.325,-0.175,0.0,0.0,"448,603,296,492,103,203,599,266,196,463,406,9,537,443,565,392,433,571,61,344"
219,range_032951-033150,range_033101-033300,0.6,0.09999999999999998,0.4346556857561103,0.2634168331332269,"180,336,73,499,394,560,141,543,174,546,586,417,147,253,261,364,472,630,344,399"
220,range_033101-033300,range_033251-033450,0.275,-0.22499999999999998,0.0,0.0,"393,649,153,129,366,84,483,522,233,600,462,394,143,41,430,580,146,543,440,526"
221,range_033251-033450,range_033401-033600,0.5,0.0,0.16744228286208276,0.19291875761869837,"588,429,134,396,431,299,358,152,610,1,173,637,663,606,32,331,49,369,17,412"
222,range_033401-033600,range_033551-033750,0.9,0.4,1.239351842234623,0.7015209767935101,"578,109,601,232,628,373,210,20,527,353,76,621,31,540,119,379,268,141,611,120"
223,range_033551-033750,range_033701-033900,0.2,-0.3,0.005265128624838458,0.20682333112250112,"452,199,274,621,114,503,254,579,591,585,49,42,657,328,286,386,442,605,289,415"
224,range_033701-033900,range_033851-034050,0.25,-0.25,0.7405273705195432,0.9144062458111257,"363,308,147,504,250,71,291,18,266,462,89,652,630,103,297,388,329,202,47,86"
225,range_033851-034050,range_034001-034200,0.35,-0.15000000000000002,0.0,0.0,"41,516,136,249,242,58,575,175,453,646,279,135,263,494,45,508,502,441,373,636"
226,range_034001-034200,range_034151-034350,0.8,0.30000000000000004,0.8744518818399998,0.37061018443359955,"608,72,599,303,382,329,456,594,97,259,521,461,150,175,106,499,60,180,548,152"
227,range_034151-034350,range_034301-034500,0.5,0.0,0.2832677318971038,0.3239715185507969,"574,157,406,111,575,246,292,519,559,459,594,565,410,648,361,278,426,238,110,636"
228,range_034301-034500,range_034451-034650,0.9,0.4,1.0777893649283443,0.5168531119875417,"134,267,333,408,199,418,620,186,22,178,56,62,555,160,494,489,131,277,517,417"
229,range_034451-034650,range_034601-034800,0.45,-0.04999999999999999,0.5120145722390933,0.5577040852605851,"215,140,247,525,36,640,341,581,71,243,443,44,141,264,615,361,495,463,483,171"
230,range_034601-034800,range_034751-034950,0.85,0.35,0.43907298472507134,0.06294473250601083,"337,595,630,243,456,274,335,106,256,355,474,622,333,520,248,102,202,635,213,66"
231,range_034751-034950,range_034901-035100,0.025,-0.475,0.0,0.4618342411160326,"175,583,52,168,597,186,25,542,509,349,643,624,328,269,541,257,501,298,582,12"
232,range_034901-035100,range_035051-035250,0.85,0.35,2.207371761029623,1.0920472456483115,"458,362,336,70,378,297,608,647,584,167,144,283,496,593,89,91,664,77,570,23"
233,range_035051-035250,range_035201-035400,0.1,-0.4,0.5089539161285127,1.575617414712655,"23,372,619,217,431,390,606,290,175,620,416,488,645,349,539,2,638,316,67,289"
234,range_035201-035400,range_035351-035550,0.45,-0.04999999999999999,0.5298855510558647,0.6153349811040134,"546,214,43,560,570,312,174,337,24,343,599,78,45,645,363,537,581,87,75,291"
235,range_035351-035550,range_035501-035700,0.35,-0.15000000000000002,0.0,0.0,"276,97,5,169,330,652,79,125,157,192,70,202,196,432,71,191,177,189,35,571"
236,range_035501-035700,range_035651-035850,0.35,-0.15000000000000002,0.43063329746533013,0.6596249096494544,"338,385,626,590,638,139,402,418,639,277,655,486,216,488,579,349,179,584,585,190"
237,range_035651-035850,range_035801-036000,0.55,0.050000000000000044,0.8513377788855202,0.7768017225603655,"29,470,375,102,477,461,94,82,452,115,125,521,137,632,648,645,425,433,28,5"
238,range_035801-036000,range_035951-036150,0.7,0.19999999999999996,1.3694513956882015,1.1802650024120158,"93,567,604,475,482,184,185,485,572,252,437,52,583,550,12,14,277,108,175,19"
239,range_035951-036150,range_036101-036300,0.0,-0.5,0.0,2.4911508761619934,"389,403,406,569,580,363,570,335,136,343,462,647,283,189,308,282,89,518,563,522"
240,range_036101-036300,range_036251-036450,0.375,-0.125,0.0,0.0,"582,255,585,332,357,289,114,447,659,416,178,529,108,446,148,258,128,370,638,307"
241,range_036251-036450,range_036401-036600,0.75,0.25,1.2792164841670326,0.9944941882816637,"392,453,657,587,646,324,408,633,632,414,381,460,288,374,356,92,372,323,333,194"
242,range_036401-036600,range_036551-036750,0.8,0.30000000000000004,0.5360106422841987,0.30813733274237076,"48,560,649,476,346,133,565,76,45,367,381,582,221,97,507,602,208,16,630,212"
243,range_036551-036750,range_036701-036900,0.45,-0.04999999999999999,0.2669084250784028,0.2983748168271164,"116,21,103,218,619,404,627,467,255,288,66,450,70,213,413,618,371,18,492,58"
244,range_036701-036900,range_036851-037050,0.7,0.19999999999999996,0.7651411148583214,0.282572676467368,"163,462,430,8,522,394,468,602,646,439,399,543,276,233,388,658,569,35,303,54"
245,range_036851-037050,range_037001-037200,0.4,-0.09999999999999998,0.45501151777706966,0.5187333224099394,"450,376,454,493,523,103,561,520,43,147,167,81,427,18,105,214,208,164,266,74"
246,range_037001-037200,range_037151-037350,0.15,-0.35,0.3458066282938866,0.5868004682063563,"61,497,455,258,73,592,371,199,461,344,361,458,664,327,460,376,256,192,43,56"
247,range_037151-037350,range_037301-037500,0.4,-0.09999999999999998,0.24158194384836817,0.30781176619498973,"398,348,303,81,276,367,202,273,77,642,553,445,84,649,536,483,646,292,520,557"
248,range_037301-037500,range_037451-037650,1.0,0.5,0.7353560609067581,0.18718246967188523,"91,353,309,224,652,37,469,258,295,156,47,638,362,621,117,107,453,531,48,532"
249,range_037451-037650,range_037601-037800,0.2,-0.3,0.1932974685073742,0.5838573261636611,"627,177,26,584,365,280,501,87,450,301,208,626,594,273,549,473,613,263,214,376"
250,range_037601-037800,range_037751-037950,0.25,-0.25,0.0015119323590745432,0.24637983617337827,"189,143,586,443,464,115,262,233,188,59,648,496,164,599,87,557,454,182,167,24"
251,range_037751-037950,range_037901-038100,1.0,0.5,1.5664254956152914,0.9367424867895227,"207,657,452,160,232,176,306,555,629,231,217,556,528,437,6,105,377,396,240,369"
252,range_037901-038100,range_038051-038250,0.35,-0.15000000000000002,1.1820415470928467,1.5275717426302848,"29,383,490,602,660,299,529,324,414,628,224,614,488,381,289,574,575,540,198,409"
253,range_038051-038250,range_038201-038400,0.35,-0.15000000000000002,0.025645714404356985,0.43142135553168454,"608,219,75,78,273,55,498,350,399,376,660,398,493,425,141,569,35,212,603,388"
254,range_038201-038400,range_038351-038550,0.275,-0.22499999999999998,0.0,0.0,"158,470,213,18,649,131,226,273,275,415,423,444,348,168,390,7,276,381,502,465"
255,range_038351-038550,range_038501-038700,0.75,0.25,0.28656880851822575,0.13612961656726724,"238,646,617,98,296,409,228,166,441,270,327,91,321,562,202,135,480,131,606,196"
256,range_038501-038700,range_038651-038850,1.0,0.5,1.1300817891636934,0.244321551761148,"150,39,347,478,623,8,441,581,320,628,37,109,202,91,517,531,416,327,474,195"
257,range_038651-038850,range_038801-039000,0.45,-0.04999999999999999,0.7794307195782929,0.8369355389014674,"474,175,460,169,354,452,124,134,539,591,590,442,500,542,110,556,639,510,30,111"
258,range_038801-039000,range_038951-039150,0.6,0.09999999999999998,0.5359978755808503,0.28600024608181757,"553,457,460,294,20,314,139,26,502,290,96,212,193,216,144,292,126,382,166,605"
259,range_038951-039150,range_039101-039300,0.5,0.0,0.4337698274008169,0.6138150933739871,"363,38,461,55,27,378,479,521,137,91,460,248,344,204,602,78,462,163,271,658"
260,range_039101-039300,range_039251-039450,0.9,0.4,1.4452055527516547,0.35841972113147574,"439,350,399,43,220,430,515,90,190,173,458,570,69,298,522,531,81,233,393,218"
261,range_039251-039450,range_039401-039600,0.3,-0.2,0.002025632201745498,0.17679772778748054,"38,468,361,563,458,658,483,464,5,593,409,297,251,73,498,430,537,352,470,99"
262,range_039401-039600,range_039551-039750,0.8,0.30000000000000004,1.1479127968554965,0.9199773012502559,"642,419,191,280,310,512,436,238,549,574,345,489,319,476,177,660,65,8,492,47"
263,range_039551-039750,range_039701-039900,0.05,-0.45,0.0,1.2337993197739165,"570,522,566,561,427,603,55,543,473,87,363,0,608,245,569,75,393,458,59,425"
264,range_039701-039900,range_039851-040050,0.25,-0.25,0.0,0.03257725575237323,"398,442,169,390,639,201,193,486,620,234,160,481,510,102,329,57,298,358,625,426"
265,range_039851-040050,range_040001-040200,0.35,-0.15000000000000002,0.5515047637522478,0.6279553319900678,"321,559,480,384,278,68,538,118,249,466,85,319,51,237,90,25,65,221,128,6"
266,range_040001-040200,range_040151-040350,0.025,-0.475,0.0,0.42893487603709896,"375,113,39,465,150,655,111,63,616,591,293,279,517,524,339,356,330,329,234,210"
267,range_040151-040350,range_040301-040500,0.55,0.050000000000000044,0.5011642176669683,0.4583316238480305,"224,641,57,621,446,517,240,232,111,576,426,32,604,541,14,408,23,229,500,416"
268,range_040301-040500,range_040451-040650,0.1,-0.4,0.30578958833001985,0.5869911072358205,"183,422,410,334,545,44,542,408,642,423,555,190,650,136,533,57,412,635,86,241"
269,range_040451-040650,range_040601-040800,0.1,-0.4,0.21828679622826372,0.68852821746279,"364,254,554,507,618,164,51,235,599,341,368,571,419,86,406,376,414,573,347,3"
270,range_040601-040800,range_040751-040950,0.175,-0.325,0.0,0.34962679593159984,"658,117,570,99,430,634,440,24,574,282,566,608,116,153,300,161,146,213,522,177"
271,range_040751-040950,range_040901-041100,0.075,-0.425,0.0,1.043026178598804,"146,60,589,401,569,458,580,561,55,608,498,261,73,292,363,393,603,562,75,82"
272,range_040901-041100,range_041051-041250,0.125,-0.375,0.0,0.6102453442900246,"405,602,483,658,649,343,191,99,335,220,181,570,522,580,513,228,100,283,253,603"
273,range_041051-041250,range_041201-041400,0.125,-0.375,0.0,0.6784724902454948,"602,464,506,522,43,38,95,46,543,461,173,441,233,319,308,87,346,58,425,650"
274,range_041201-041400,range_041351-041550,0.8,0.30000000000000004,0.5107117406581185,0.16500094741818896,"488,92,564,90,539,661,169,31,655,285,5,631,349,515,624,22,407,37,255,139"
275,range_041351-041550,range_041501-041700,0.65,0.15000000000000002,0.3063020678145261,0.2243842018959058,"419,466,238,225,97,297,234,648,573,335,107,495,106,247,467,191,432,131,581,137"
276,range_041501-041700,range_041651-041850,0.7,0.19999999999999996,0.07524317231345738,0.0,"394,251,164,569,510,18,116,315,595,458,82,27,462,248,543,213,634,526,602,143"
277,range_041651-041850,range_041801-042000,0.35,-0.15000000000000002,0.0,0.0,"63,362,131,28,506,101,370,145,324,453,426,237,590,88,111,395,172,643,169,596"
278,range_041801-042000,range_041951-042150,0.25,-0.25,0.17989924132274454,0.6302965816393364,"364,546,149,632,365,68,424,372,389,448,5,227,401,78,254,211,97,383,140,50"
279,range_041951-042150,range_042101-042300,0.6,0.09999999999999998,0.45071110019489585,0.18759974263578583,"315,445,71,11,615,340,22,2,192,259,385,432,336,423,140,181,246,303,104,363"
280,range_042101-042300,range_042251-042450,0.125,-0.375,0.0,0.3056838837327199,"75,515,344,440,376,213,251,427,454,526,58,363,131,164,214,495,36,464,557,603"
281,range_042251-042450,range_042401-042600,0.8,0.30000000000000004,1.668903907057473,0.5843007514634356,"253,211,312,245,242,443,112,262,118,308,163,215,120,261,116,144,394,357,247,248"
282,range_042401-042600,range_042551-042750,0.125,-0.375,0.0,0.5525211335590084,"8,478,538,34,383,508,389,236,318,18,664,81,587,270,116,140,354,411,84,470"
283,range_042551-042750,range_042701-042900,0.75,0.25,0.49926154677277024,0.15792772479649583,"167,295,206,74,504,204,227,337,194,226,193,660,380,498,537,196,215,662,554,367"
284,range_042701-042900,range_042851-043050,0.45,-0.04999999999999999,0.9602690500552148,1.0320775835515144,"624,8,159,152,609,198,538,362,194,423,273,317,66,590,517,11,119,544,489,310"
285,range_042851-043050,range_043001-043200,0.6,0.09999999999999998,0.8322334138982015,0.6817233327064621,"373,33,408,306,437,621,258,41,641,272,396,85,661,384,169,487,313,310,416,240"
286,range_043001-043200,range_043151-043350,0.45,-0.04999999999999999,0.6476505828595794,0.7097396265944875,"153,124,504,337,630,129,165,613,64,200,174,206,163,498,158,238,146,520,389,43"
287,range_043151-043350,range_043301-043500,0.325,-0.175,0.0,0.0,"533,142,387,643,25,624,422,361,329,72,68,572,120,0,622,398,425,85,620,77"
288,range_043301-043500,range_043451-043650,0.2,-0.3,0.19138230938426568,0.8401562534413802,"393,245,244,399,152,153,574,527,521,526,75,233,345,249,74,432,569,425,462,107"
289,range_043451-043650,range_043601-043800,0.35,-0.15000000000000002,0.0,0.0,"19,14,311,555,224,405,217,556,412,620,79,568,110,176,169,358,88,572,277,175"
290,range_043601-043800,range_043751-043950,0.95,0.44999999999999996,2.005675643764759,0.48337632778394535,"216,411,642,536,347,574,491,195,175,579,135,235,364,419,525,376,100,136,443,401"
291,range_043751-043950,range_043901-044100,0.4,-0.09999999999999998,1.2772442861701832,1.3967087622062653,"489,181,60,358,62,448,149,162,68,224,335,469,198,392,236,607,437,415,417,575"
292,range_043901-044100,range_044051-044250,0.3,-0.2,0.8540540542098255,1.0237366268010977,"41,587,253,657,345,5,36,254,443,276,491,664,123,227,533,521,309,467,428,598"
293,range_044051-044250,range_044201-044400,0.75,0.25,0.055372217824557944,0.0,"508,360,202,8,581,461,627,47,346,173,479,190,327,34,476,319,106,41,86,196"
294,range_044201-044400,range_044351-044550,0.075,-0.425,0.0,1.0251476481621018,"194,505,143,147,220,522,245,393,534,566,399,233,283,154,512,246,10,526,256,554"
295,range_044351-044550,range_044501-044700,0.8,0.30000000000000004,0.43744954733546215,0.1575357889355899,"72,593,250,364,629,360,491,516,5,574,504,180,467,208,340,508,470,616,581,351"
296,range_044501-044700,range_044651-044850,0.5,0.0,0.2509524248123567,0.25736229003384387,"610,327,601,159,504,177,104,357,664,225,341,24,450,266,389,321,630,464,456,659"
297,range_044651-044850,range_044801-045000,0.1,-0.4,0.833486382359563,1.3758453290177886,"482,207,656,639,93,529,377,252,484,185,582,572,148,155,22,128,307,239,614,325"
298,range_044801-045000,range_044951-045150,0.1,-0.4,0.5961050103501884,1.0909507189329608,"314,367,113,355,29,319,562,104,218,414,574,587,406,433,607,144,148,534,162,614"
299,range_044951-045150,range_045101-045300,0.6,0.09999999999999998,0.7962390063958384,0.4240624155424936,"282,608,561,498,246,573,363,399,603,521,75,146,557,562,393,548,536,354,646,461"
300,range_045101-045300,range_045251-045450,0.5,0.0,0.35118503655941646,0.4088099486661938,"320,264,248,348,227,132,442,359,218,192,519,593,196,188,26,47,316,578,28,271"
301,range_045251-045450,range_045401-045600,0.85,0.35,1.0233995811328676,0.48796969110151456,"541,237,328,6,108,489,550,232,222,241,102,274,452,477,277,16,429,172,597,62"
302,range_045401-045600,range_045551-045750,0.4,-0.09999999999999998,1.2035906652564705,1.2881019126680182,"246,75,498,596,63,191,123,543,512,537,594,557,504,608,569,399,406,580,261,282"
303,range_045551-045750,range_045701-045900,0.95,0.44999999999999996,0.661601184260221,0.0,"8,615,220,153,595,343,461,526,383,512,143,73,228,537,468,78,601,566,11,403"
304,range_045701-045900,range_045851-046050,0.75,0.25,0.6407260182502997,0.2676465686949263,"114,477,40,515,438,5,86,109,532,378,217,502,382,20,46,227,433,638,444,479"
305,range_045851-046050,range_046001-046200,0.2,-0.3,0.15374319219926944,0.42175267089223917,"280,276,63,77,439,84,244,107,103,254,640,658,56,347,585,400,115,61,69,492"
306,range_046001-046200,range_046151-046350,0.0,-0.5,0.0,0.8514200614241612,"365,202,622,74,212,630,411,430,147,393,364,322,493,580,337,233,141,143,180,376"
307,range_046151-046350,range_046301-046500,0.275,-0.22499999999999998,0.0,0.024497236816652335,"443,43,464,180,206,163,24,95,580,543,344,219,497,214,647,337,499,560,322,546"
308,range_046301-046500,range_046451-046650,0.2,-0.3,0.0,0.12913239793291892,"45,394,502,115,466,322,640,615,18,83,649,256,413,180,220,664,497,581,573,237"
309,range_046451-046650,range_046601-046800,0.65,0.15000000000000002,0.3497624379452689,0.24311347293388857,"525,460,437,465,524,320,142,269,199,645,606,385,600,367,1,360,42,85,45,266"
310,range_046601-046800,range_046751-046950,0.6,0.09999999999999998,0.618091515411526,0.5659213829977816,"101,549,323,239,364,86,34,517,478,330,390,156,375,428,104,501,272,111,136,113"
311,range_046751-046950,range_046901-047100,0.3,-0.2,0.2951651017394153,0.4224908351018907,"119,455,117,97,417,378,365,646,123,660,244,575,291,174,350,486,35,626,390,413"
312,range_046901-047100,range_047051-047250,0.9,0.4,0.9077629632493299,0.42452016641401336,"375,289,547,240,416,25,588,663,131,487,431,159,605,64,121,40,260,584,568,63"
313,range_047051-047250,range_047201-047400,0.3,-0.2,0.7473528305958744,1.114554327267122,"369,418,405,550,126,653,368,19,88,23,249,581,633,141,404,290,584,286,232,436"
314,range_047201-047400,range_047351-047550,0.2,-0.3,0.5485893891290803,0.9557385532431776,"431,526,81,116,18,468,403,608,366,183,507,276,570,411,262,458,245,5,248,634"
315,range_047351-047550,range_047501-047700,0.75,0.25,0.5723117462218716,0.00692061584150543,"213,346,282,462,662,233,570,277,569,82,543,43,143,394,5,81,248,553,261,262"
316,range_047501-047700,range_047651-047850,0.05,-0.45,0.0,1.1694504208246086,"18,634,468,526,224,394,248,543,363,460,116,462,261,81,516,5,276,569,300,204"
317,range_047651-047850,range_047801-048000,0.85,0.35,0.7428405792265178,0.2883835047212306,"283,523,154,64,153,274,87,499,352,123,490,122,297,634,203,220,116,214,251,270"
318,range_047801-048000,range_047951-048150,0.2,-0.3,0.8277251299977637,1.2742212350698112,"273,489,33,102,274,329,610,609,275,416,650,157,76,544,421,168,654,288,621,224"
319,range_047951-048150,range_048101-048300,0.85,0.35,1.029883684706541,0.8423643346166506,"422,279,1,7,623,529,381,469,134,40,42,66,64,199,275,386,564,652,581,23"
320,range_048101-048300,range_048251-048450,0.6,0.09999999999999998,0.4644411999176577,0.3596976491175976,"337,479,51,519,8,546,279,415,292,451,335,540,133,591,104,585,348,257,439,0"
321,range_048251-048450,range_048401-048600,0.55,0.050000000000000044,0.008072673651986207,0.0,"29,112,65,587,197,633,129,212,379,346,110,204,82,553,545,463,581,418,428,23"
322,range_048401-048600,range_048551-048750,0.3,-0.2,0.4632615616381666,0.8913932548045915,"295,340,67,193,548,49,58,626,11,536,41,611,22,457,304,562,503,273,34,502"
323,range_048551-048750,range_048701-048900,0.15,-0.35,0.019531223162146272,0.4260469143268327,"300,391,646,244,573,608,461,75,282,594,498,36,246,580,561,399,303,261,233,543"
324,range_048701-048900,range_048851-049050,0.9,0.4,1.6601823731583203,0.9079321120080961,"434,306,269,232,621,452,170,373,88,72,267,463,514,22,655,412,105,579,6,2"
325,range_048851-049050,range_049001-049200,0.0,-0.5,0.0,2.028505312960558,"658,520,220,153,147,163,183,526,362,504,219,570,587,427,440,89,344,366,181,24"
326,range_049001-049200,range_049151-049350,0.45,-0.04999999999999999,0.31434779296613763,0.37097128504924104,"132,48,504,527,470,244,293,347,180,345,554,210,453,494,4,542,305,412,38,34"
327,range_049151-049350,range_049301-049500,0.6,0.09999999999999998,0.18427421045868597,0.15940835569142844,"307,178,25,108,471,93,53,582,481,257,151,155,501,241,645,541,639,372,170,377"
328,range_049301-049500,range_049451-049650,0.5,0.0,0.7133990005613806,0.7153043731198645,"310,525,110,61,435,172,494,129,218,62,422,534,452,151,205,372,463,166,138,426"
329,range_049451-049650,range_049601-049800,1.0,0.5,0.7453654804706422,0.0,"140,266,113,379,130,254,381,358,573,286,370,564,265,474,641,346,193,218,489,92"
330,range_049601-049800,range_049751-049950,0.15,-0.35,0.06425699644965048,0.45133522256117226,"211,104,384,566,562,456,166,247,457,498,517,661,220,164,20,493,512,480,483,70"
331,range_049751-049950,range_049901-050100,0.0,-0.5,0.0,0.5696799425228175,"79,562,173,0,218,578,100,615,415,150,367,404,60,226,63,456,436,356,39,278"
332,range_049901-050100,range_050051-050250,0.025,-0.475,0.0,1.0782555935665918,"569,634,348,602,183,526,163,536,116,468,543,460,82,164,191,276,366,603,142,580"
333,range_050051-050250,range_050201-050400,1.0,0.5,0.9711375229193282,0.0,"447,501,583,359,52,175,252,239,14,484,572,184,645,185,550,257,138,13,93,25"
334,range_050201-050400,range_050351-050550,0.6,0.09999999999999998,2.2702873397784806,2.0953164533606055,"172,180,631,286,8,367,511,272,234,565,474,267,619,324,123,202,500,162,134,88"
335,range_050351-050550,range_050501-050700,0.85,0.35,0.31614207034561026,0.0,"574,396,594,499,250,212,664,319,125,358,407,530,627,325,641,48,264,113,248,35"
336,range_050501-050700,range_050651-050850,0.3,-0.2,0.0314282584706977,0.11268612730713787,"24,251,75,523,495,284,233,146,376,99,212,363,430,38,87,74,630,411,147,103"
337,range_050651-050850,range_050801-051000,0.7,0.19999999999999996,1.8556765150800631,1.4688432241658211,"57,241,290,509,584,108,40,377,527,452,268,199,605,567,201,506,386,547,582,568"
338,range_050801-051000,range_050951-051150,0.1,-0.4,0.694948677216769,1.6124616203838993,"261,297,466,522,374,127,495,400,467,580,132,543,393,563,311,607,483,187,164,440"
339,range_050951-051150,range_051101-051300,0.25,-0.25,0.0,0.0,"100,353,189,403,458,24,228,73,226,236,363,394,409,187,490,144,87,461,146,5"
340,range_051101-051300,range_051251-051450,0.55,0.050000000000000044,0.05184057531287394,0.04638863554300628,"288,141,265,248,65,536,223,263,20,22,579,548,372,88,44,119,126,507,646,172"
341,range_051251-051450,range_051401-051600,0.35,-0.15000000000000002,0.19046411512259756,0.32411664768087123,"645,505,0,455,644,284,79,565,175,507,64,325,504,376,246,109,288,536,315,450"
342,range_051401-051600,range_051551-051750,0.9,0.4,0.9900679054256312,0.4650553249210841,"78,547,599,365,73,523,202,92,598,200,411,147,440,569,376,163,496,418,430,360"
343,range_051551-051750,range_051701-051900,0.25,-0.25,0.0,0.002657467819845585,"163,647,140,523,581,87,376,586,146,227,599,569,43,212,284,214,206,283,662,95"
344,range_051701-051900,range_051851-052050,0.45,-0.04999999999999999,0.28049824444706145,0.3848842516008353,"641,541,392,68,113,559,0,132,575,634,276,425,224,275,309,574,72,221,378,192"
345,range_051851-052050,range_052001-052200,0.95,0.44999999999999996,1.3600314749051183,0.742359356883723,"225,82,598,375,443,593,664,145,217,36,43,586,647,123,278,276,264,649,248,646"
346,range_052001-052200,range_052151-052350,0.65,0.15000000000000002,0.5411425803201844,0.3545768840213302,"246,540,642,264,190,236,165,94,134,505,363,594,467,70,112,72,664,47,383,549"
347,range_052151-052350,range_052301-052500,0.25,-0.25,0.05252275215350143,0.34849722920179693,"133,425,498,192,607,144,246,308,562,400,287,388,456,101,112,163,363,209,263,571"
348,range_052301-052500,range_052451-052650,0.5,0.0,0.9606344188649948,0.9259486708864493,"307,201,359,185,313,572,484,487,289,629,108,489,402,541,604,138,334,19,6,529"
349,range_052451-052650,range_052601-052800,0.6,0.09999999999999998,1.3450064985910322,1.2053078611079817,"172,79,557,71,601,133,69,565,421,36,73,116,179,380,536,90,648,516,61,1"
350,range_052601-052800,range_052751-052950,0.65,0.15000000000000002,0.4723883391453048,0.3011538123262646,"27,281,134,431,65,49,477,488,367,604,606,126,509,135,310,316,652,661,223,418"
351,range_052751-052950,range_052901-053100,0.125,-0.375,0.0,0.40697182073488547,"24,47,73,78,598,318,75,376,308,603,3,618,22,586,580,87,449,174,69,337"
352,range_052901-053100,range_053051-053250,0.45,-0.04999999999999999,0.2453881335032392,0.286759031050284,"536,331,507,76,444,561,136,573,41,98,492,374,138,417,137,419,272,184,244,126"
353,range_053051-053250,range_053201-053400,0.65,0.15000000000000002,0.48286371308295495,0.20602333432566128,"23,311,619,54,531,237,636,119,631,111,538,299,525,62,193,414,494,317,229,149"
354,range_053201-053400,range_053351-053550,0.25,-0.25,0.31182685924068676,0.44736589793733805,"507,473,593,238,133,631,195,322,445,122,627,400,27,576,518,83,654,219,242,137"
355,range_053351-053550,range_053501-053700,0.3,-0.2,0.1343415825989095,0.4122211128177946,"491,575,215,111,5,344,448,135,537,140,228,81,144,131,566,586,621,599,249,242"
356,range_053501-053700,range_053651-053850,0.025,-0.475,0.0,0.8840228767998313,"607,135,228,2,24,137,214,84,283,601,106,287,581,432,559,648,456,77,208,43"
357,range_053651-053850,range_053801-054000,0.3,-0.2,0.01215516426298826,0.24011532797641205,"79,172,93,149,585,306,166,101,530,340,339,161,645,405,614,651,384,577,207,375"
358,range_053801-054000,range_053951-054150,0.05,-0.45,0.0370927143418711,0.7742071288158145,"322,34,611,215,133,40,197,345,223,109,641,295,135,253,660,89,426,466,491,610"
359,range_053951-054150,range_054101-054300,0.1,-0.4,0.16717224703807765,0.8796120893042934,"141,468,661,49,171,641,504,243,248,458,495,417,47,392,537,502,658,116,389,215"
360,range_054101-054300,range_054251-054450,0.1,-0.4,0.0,0.5426403906013708,"344,647,36,393,613,524,523,496,318,662,526,522,342,399,411,209,380,580,153,593"
361,range_054251-054450,range_054401-054600,0.275,-0.22499999999999998,0.0,0.027048614475401404,"455,532,527,564,199,610,434,70,126,331,232,655,158,145,2,260,108,531,166,339"
362,range_054401-054600,range_054551-054750,0.5,0.0,0.6975478369814441,0.8297727490457468,"147,55,74,608,547,123,219,579,262,554,129,658,468,112,395,374,553,498,189,81"
363,range_054551-054750,range_054701-054900,0.125,-0.375,0.0,0.4489389997753035,"479,337,183,48,615,217,178,69,104,106,564,117,414,347,531,205,100,223,546,600"
364,range_054701-054900,range_054851-055050,0.5,0.0,0.5562031523027499,0.4659137620287336,"74,38,586,380,496,92,491,618,174,662,436,163,603,135,433,146,580,318,499,613"
365,range_054851-055050,range_055001-055200,0.4,-0.09999999999999998,0.34275402743803196,0.41274670539096814,"465,189,589,191,409,381,124,427,97,135,77,614,247,113,243,99,238,39,228,434"
366,range_055001-055200,range_055151-055350,0.25,-0.25,0.0,0.10936483829971619,"245,393,95,221,104,83,403,445,84,220,649,658,580,177,608,430,569,543,505,59"
367,range_055151-055350,range_055301-055500,0.475,-0.025000000000000022,0.0,0.0,"459,132,250,8,519,29,575,620,384,35,461,124,136,659,70,106,9,562,508,553"
368,range_055301-055500,range_055451-055650,0.25,-0.25,0.29939590423071905,0.6154079193006018,"85,80,422,448,407,142,289,172,259,558,109,199,538,414,541,631,57,435,396,431"
369,range_055451-055650,range_055601-055800,0.15,-0.35,0.08907020357168594,0.37254410008540556,"243,84,496,187,132,223,282,77,308,287,211,573,571,662,505,87,560,254,388,276"
370,range_055601-055800,range_055751-055950,0.4,-0.09999999999999998,0.2028208834587768,0.42984464642546666,"115,483,84,612,424,255,147,206,58,545,391,409,139,182,419,200,314,392,35,560"
371,range_055751-055950,range_055901-056100,0.65,0.15000000000000002,0.7692145940912188,0.65045352279161,"286,326,104,201,635,193,44,241,17,657,579,572,32,420,398,541,397,48,584,532"
372,range_055901-056100,range_056051-056250,0.05,-0.45,0.0,1.7618333154992114,"59,343,608,560,537,123,245,615,522,283,458,454,636,104,561,235,580,337,250,569"
373,range_056051-056250,range_056201-056400,0.3,-0.2,0.11940205124389847,0.26295808665385223,"66,79,293,654,4,320,313,319,622,489,451,602,100,140,473,110,353,120,28,533"
374,range_056201-056400,range_056351-056550,0.1,-0.4,0.0,0.3579830087139273,"291,27,642,299,623,91,361,98,444,349,293,476,500,221,195,159,301,502,505,204"
375,range_056351-056550,range_056501-056700,0.55,0.050000000000000044,1.2610084347595953,1.1723103312681273,"245,569,127,365,213,399,297,394,496,95,388,218,84,637,75,70,87,39,483,553"
376,range_056501-056700,range_056651-056850,0.75,0.25,1.2625688591526762,0.8568342518236125,"359,187,8,179,606,516,481,306,587,576,422,655,410,531,66,524,296,317,289,67"
377,range_056651-056850,range_056801-057000,0.1,-0.4,0.03671596281199109,1.4028336617770212,"153,116,526,464,515,233,468,212,543,394,430,502,599,189,462,81,43,546,507,5"
378,range_056801-057000,range_056951-057150,0.4,-0.09999999999999998,0.13757337061579414,0.18553764946551676,"606,179,414,344,297,206,432,59,399,531,55,116,262,84,132,458,300,71,268,464"
379,range_056951-057150,range_057101-057300,0.3,-0.2,0.0,0.0,"368,253,462,658,474,634,246,55,218,557,536,72,483,351,89,467,413,415,297,492"
380,range_057101-057300,range_057251-057450,0.8,0.30000000000000004,0.6631674171090566,0.10254489138773314,"72,628,138,406,144,646,94,131,321,237,587,593,518,610,392,259,357,335,213,278"
381,range_057251-057450,range_057401-057600,0.85,0.35,0.9630934117872351,0.50621167677222,"75,42,230,164,274,632,92,242,278,465,177,508,212,265,466,291,127,445,367,191"
382,range_057401-057600,range_057551-057750,0.1,-0.4,0.0,0.3065950248558294,"635,531,62,549,249,314,474,472,517,264,466,359,104,112,621,628,113,348,455,467"
383,range_057551-057750,range_057701-057900,0.25,-0.25,0.3544929840411279,0.5743146261886032,"558,42,408,421,207,579,234,506,645,193,623,488,105,332,72,187,625,452,517,114"
384,range_057701-057900,range_057851-058050,0.2,-0.3,0.452970297595888,1.0251919834367085,"102,135,217,92,91,556,192,573,527,609,410,119,324,345,231,268,622,559,145,478"
385,range_057851-058050,range_058001-058200,0.1,-0.4,0.014731377028334776,0.7788845018740407,"213,617,569,464,580,458,468,261,228,204,450,152,607,233,413,505,81,18,459,297"
386,range_058001-058200,range_058151-058350,0.3,-0.2,0.0,0.007961518677958966,"52,616,178,12,155,6,629,13,53,96,349,306,576,326,529,224,359,654,408,14"
387,range_058151-058350,range_058301-058500,0.95,0.44999999999999996,2.1049849324813055,0.9892638059706583,"468,189,11,371,119,364,613,288,210,97,218,258,660,450,401,24,34,592,8,550"
388,range_058301-058500,range_058451-058650,0.45,-0.04999999999999999,0.013324485557044533,0.020798852364486368,"324,3,432,106,512,368,26,562,366,323,559,502,456,56,114,65,46,98,8,490"
389,range_058451-058650,range_058601-058800,0.075,-0.425,0.0,0.3316921375361011,"658,191,594,363,341,274,410,43,518,292,181,251,526,173,355,174,480,233,617,411"
390,range_058601-058800,range_058751-058950,0.85,0.35,0.3934273725004552,0.16718605906818357,"539,544,509,624,104,494,185,540,72,131,500,452,528,641,171,332,407,139,110,353"
391,range_058751-058950,range_058901-059100,0.175,-0.325,0.0,0.21917084408222137,"324,521,258,594,646,608,557,211,246,462,282,430,303,498,75,580,261,354,573,439"
392,range_058901-059100,range_059051-059250,0.375,-0.125,0.0,0.0,"282,246,557,300,498,561,608,628,261,244,565,439,441,211,646,303,35,574,29,540"
393,range_059051-059250,range_059201-059400,0.3,-0.2,0.0,0.0,"143,84,496,570,83,220,526,490,566,430,318,483,153,89,163,658,50,569,297,146"
394,range_059201-059400,range_059351-059550,0.7,0.19999999999999996,1.0460259015939677,0.792385692060638,"114,606,418,548,294,296,636,470,217,339,345,436,85,279,237,326,277,351,23,104"
395,range_059351-059550,range_059501-059700,0.8,0.30000000000000004,1.0542208450070762,0.846222996370155,"358,186,40,642,160,422,544,654,585,542,42,199,659,555,240,470,118,472,529,272"
396,range_059501-059700,range_059651-059850,0.125,-0.375,0.0,0.3412940159856115,"170,303,304,632,191,569,205,296,163,543,513,561,35,233,573,519,596,557,300,318"
397,range_059651-059850,range_059801-060000,0.35,-0.15000000000000002,0.17820811831102562,0.3249380849866841,"305,5,228,275,33,9,248,212,432,357,589,254,8,451,423,250,621,113,256,170"
398,range_059801-060000,range_059951-060150,0.95,0.44999999999999996,1.0044286832190952,0.08032473354831217,"273,505,92,233,493,116,303,247,81,254,603,227,251,220,346,175,72,627,655,219"
399,range_059951-060150,range_060101-060300,0.35,-0.15000000000000002,0.4218327648122471,0.5904475601053709,"165,164,632,644,125,418,618,227,276,119,215,360,287,461,28,180,536,30,351,107"
400,range_060101-060300,range_060251-060450,0.8,0.30000000000000004,1.1522492321753661,0.7498562688407294,"371,280,564,366,649,73,662,618,171,505,566,339,363,283,15,644,338,97,146,490"
401,range_060251-060450,range_060401-060600,1.0,0.5,0.8233355806372045,0.14142916873320643,"597,51,539,532,452,267,572,431,412,41,422,327,193,585,375,623,384,637,465,72"
402,range_060401-060600,range_060551-060750,0.35,-0.15000000000000002,1.466669698914648,1.7913825319263186,"209,20,214,388,288,440,498,143,200,256,391,318,147,445,476,415,43,389,495,75"
403,range_060551-060750,range_060701-060900,0.8,0.30000000000000004,0.28115361337247213,0.0,"249,296,546,499,478,425,607,424,574,648,71,121,312,288,290,3,281,321,244,208"
404,range_060701-060900,range_060851-061050,0.45,-0.04999999999999999,0.38740286991721046,0.524472219816676,"75,599,621,613,563,468,246,190,133,1,167,595,103,34,47,601,522,608,209,520"
405,range_060851-061050,range_061001-061200,0.75,0.25,0.8463096975991097,0.5313445364836118,"655,288,102,470,327,511,612,40,18,628,248,645,353,378,264,180,377,204,597,339"
406,range_061001-061200,range_061151-061350,0.225,-0.275,0.0,0.3488584309992722,"208,640,74,493,107,256,42,613,117,165,454,203,17,116,175,520,458,354,47,26"
407,range_061151-061350,range_061301-061500,0.15,-0.35,0.0,0.18000108314209728,"578,80,332,639,397,473,643,198,429,385,390,12,234,268,133,620,271,654,446,139"
408,range_061301-061500,range_061451-061650,0.75,0.25,1.0736950000225314,0.5845146149197653,"546,203,287,173,348,443,346,611,35,345,448,71,335,361,617,587,633,141,536,213"
409,range_061451-061650,range_061601-061800,0.55,0.050000000000000044,0.08431226162514274,0.08621431077856928,"631,641,552,465,319,202,273,472,275,299,375,180,494,159,176,179,547,39,596,312"
410,range_061601-061800,range_061751-061950,0.55,0.050000000000000044,1.101502583846387,1.0836412854988948,"363,143,260,283,7,569,389,543,518,570,262,440,526,90,245,315,69,153,493,71"
411,range_061751-061950,range_061901-062100,0.95,0.44999999999999996,0.5772224587883767,0.0,"123,61,586,440,393,462,180,171,388,245,352,173,490,399,24,74,580,365,251,65"
412,range_061901-062100,range_062051-062250,0.45,-0.04999999999999999,0.6077095349922493,0.5835992911615249,"115,301,137,658,116,212,145,453,226,563,305,608,458,139,55,56,309,436,497,508"
413,range_062051-062250,range_062201-062400,0.15,-0.35,0.0,0.19519363492542324,"33,547,131,217,605,568,281,623,347,292,193,564,241,128,460,431,32,118,473,425"
414,range_062201-062400,range_062351-062550,0.45,-0.04999999999999999,0.6503518736006176,0.7383095534871359,"142,385,357,125,309,387,616,481,259,150,69,605,118,134,360,44,253,370,494,655"
415,range_062351-062550,range_062501-062700,0.025,-0.475,0.0,1.5117448853755873,"146,238,344,430,66,399,513,297,89,154,658,284,26,206,440,262,147,363,524,73"
416,range_062501-062700,range_062651-062850,0.025,-0.475,0.0,0.9115117883380357,"46,546,256,607,74,376,440,602,627,388,613,337,318,443,658,547,82,167,197,191"
417,range_062651-062850,range_062801-063000,0.3,-0.2,0.6133527375424093,1.1634125173794243,"225,146,378,365,163,404,366,393,399,523,566,498,130,569,543,342,78,508,73,597"
418,range_062801-063000,range_062951-063150,0.6,0.09999999999999998,0.05502547363940399,0.0,"171,23,285,449,637,273,267,30,611,69,154,124,215,578,404,70,145,28,631,355"
419,range_062951-063150,range_063101-063300,0.95,0.44999999999999996,1.9128294091666542,1.0623088931575242,"475,334,482,577,484,535,252,604,170,207,332,397,485,186,597,359,216,489,486,328"
420,range_063101-063300,range_063251-063450,0.4,-0.09999999999999998,1.5691604316403014,1.6805803004166369,"17,4,198,590,241,533,661,331,356,597,407,663,232,277,659,258,52,181,545,436"
421,range_063251-063450,range_063401-063600,0.0,-0.5,0.0,1.8935403016605896,"233,448,483,468,570,245,522,261,55,394,263,264,99,43,393,38,318,526,543,403"
422,range_063401-063600,range_063551-063750,0.475,-0.025000000000000022,0.0,0.0,"407,179,477,105,398,412,545,269,529,329,232,390,481,354,325,298,435,62,506,488"
423,range_063551-063750,range_063701-063900,0.3,-0.2,0.7028661623136798,0.9753360162534818,"406,462,123,570,411,580,523,461,513,573,220,303,363,543,245,75,465,393,318,569"
424,range_063701-063900,range_063851-064050,0.65,0.15000000000000002,0.5060052262608349,0.29263404387752623,"294,94,362,247,364,265,445,374,263,250,70,195,632,120,31,361,451,60,226,301"
425,range_063851-064050,range_064001-064200,0.15,-0.35,0.39721286899031005,0.7759790239280163,"74,116,445,214,209,400,226,324,274,54,97,28,46,401,510,24,318,479,70,39"
426,range_064001-064200,range_064151-064350,0.45,-0.04999999999999999,0.4342818745273753,0.6636268250927817,"291,68,238,158,532,557,640,464,596,580,398,479,288,641,227,350,220,86,92,243"
427,range_064151-064350,range_064301-064500,0.85,0.35,0.05961757944147648,0.0,"296,631,323,253,455,125,65,70,644,453,355,56,451,615,182,302,275,492,319,205"
428,range_064301-064500,range_064451-064650,0.95,0.44999999999999996,0.9232592637410488,0.6014575053427618,"651,57,10,149,446,354,402,584,290,313,21,240,32,286,338,277,605,387,268,185"
429,range_064451-064650,range_064601-064800,0.9,0.4,2.623853027781191,1.6498933050140203,"300,460,565,400,649,193,563,204,472,398,89,380,303,195,214,50,51,77,491,119"
430,range_064601-064800,range_064751-064950,1.0,0.5,1.355136735502316,0.2578351478332276,"382,18,362,560,453,308,304,242,534,266,124,454,367,210,497,83,305,406,351,553"
431,range_064751-064950,range_064901-065100,0.2,-0.3,0.3966252304777474,1.206673050216863,"317,522,153,143,245,69,650,569,346,270,116,462,9,412,525,393,496,225,516,570"
432,range_064901-065100,range_065051-065250,0.325,-0.175,0.0,0.0,"308,130,136,581,410,223,317,23,40,27,275,352,63,183,0,480,518,524,534,382"
433,range_065051-065250,range_065201-065400,0.25,-0.25,0.25732017627468257,0.42985009156402554,"395,510,229,161,367,595,61,509,149,60,588,296,293,37,581,635,323,67,69,314"
434,range_065201-065400,range_065351-065550,0.025,-0.475,0.0,0.5836623622944622,"119,162,181,351,135,161,30,628,331,236,295,194,512,312,247,494,230,202,309,410"
435,range_065351-065550,range_065501-065700,0.1,-0.4,0.0,0.4119792372896617,"451,66,492,194,423,3,119,54,182,275,248,294,335,511,501,32,527,202,28,504"
436,range_065501-065700,range_065651-065850,0.15,-0.35,0.204043212836061,0.4370662962734747,"356,155,308,537,499,86,468,513,147,281,543,424,95,141,164,411,522,622,352,251"
437,range_065651-065850,range_065801-066000,0.3,-0.2,0.794227040484463,1.2623825502907786,"266,305,263,261,46,546,55,537,599,522,220,141,140,622,312,253,37,580,300,291"
438,range_065801-066000,range_065951-066150,0.35,-0.15000000000000002,0.0,0.0,"622,451,39,200,46,516,537,251,265,215,637,630,549,182,300,490,597,141,530,237"
439,range_065951-066150,range_066101-066300,0.8,0.30000000000000004,0.3598569122872963,0.0,"91,560,540,594,270,112,565,253,476,209,304,538,337,127,401,282,450,646,8,543"
440,range_066101-066300,range_066251-066450,0.55,0.050000000000000044,1.0935326675219246,1.0011384877231517,"196,605,538,426,649,556,524,8,103,45,425,451,259,291,641,627,391,181,194,169"
441,range_066251-066450,range_066401-066600,0.1,-0.4,0.28635001673624216,0.8650765750128051,"58,287,599,348,655,401,99,127,301,523,640,554,660,305,34,483,468,107,595,544"
442,range_066401-066600,range_066551-066750,0.9,0.4,1.00497770883079,0.2988432787742036,"575,246,615,595,430,496,146,106,647,214,318,640,296,31,477,287,177,543,244,561"
443,range_066551-066750,range_066701-066900,0.35,-0.15000000000000002,0.5939870266266882,0.9880692465518428,"175,359,97,423,626,270,607,378,192,35,601,165,306,466,472,61,518,563,417,224"
444,range_066701-066900,range_066851-067050,0.45,-0.04999999999999999,0.134657095973802,0.15741948846597864,"20,330,173,431,612,264,15,17,154,293,210,70,109,628,131,106,532,183,64,23"
445,range_066851-067050,range_067001-067200,0.15,-0.35,0.12334844490499661,0.8860520644888112,"649,84,220,393,658,366,75,245,146,261,543,95,570,430,461,569,129,221,367,523"
446,range_067001-067200,range_067151-067350,0.6,0.09999999999999998,0.4881795483195694,0.39445327313036727,"121,65,392,492,582,516,456,22,70,34,219,138,434,215,38,389,595,664,270,500"
447,range_067151-067350,range_067301-067500,0.0,-0.5,0.782635744737171,2.4668751072739683,"427,428,380,245,0,99,263,580,522,570,75,468,569,399,393,73,300,640,318,143"
448,range_067301-067500,range_067451-067650,0.425,-0.07500000000000001,0.0,0.0,"502,210,302,358,241,190,605,623,229,375,412,636,600,638,212,478,304,319,659,130"
449,range_067451-067650,range_067601-067800,0.95,0.44999999999999996,1.228045468407953,0.5220936787029057,"414,339,222,224,407,49,244,555,592,25,391,243,401,232,563,211,256,644,270,83"
450,range_067601-067800,range_067751-067950,0.55,0.050000000000000044,0.31704019674881084,0.3249896231952742,"415,66,61,0,330,554,557,35,105,561,630,586,211,513,97,122,618,608,55,339"
451,range_067751-067950,range_067901-068100,0.1,-0.4,0.0,0.398758694099832,"343,116,504,96,468,123,189,351,83,127,279,256,632,87,113,221,574,388,603,105"
452,range_067901-068100,range_068051-068250,0.65,0.15000000000000002,0.4915509790482685,0.14577474395464166,"151,27,40,265,643,69,561,620,125,562,203,308,602,367,534,221,273,357,94,626"
453,range_068051-068250,range_068201-068400,0.225,-0.275,0.019722771525869563,0.21562558538129165,"192,183,34,632,60,631,157,416,136,56,433,94,314,281,489,285,248,117,426,508"
454,range_068201-068400,range_068351-068550,0.075,-0.425,0.0,0.554654109659267,"55,245,522,603,95,498,4,249,393,101,580,543,363,146,649,38,127,312,495,261"
455,range_068351-068550,range_068501-068700,0.225,-0.275,0.0,0.06176084887620922,"297,189,469,522,70,569,283,559,640,132,608,603,55,366,496,261,116,378,280,563"
456,range_068501-068700,range_068651-068850,0.225,-0.275,0.0,0.03649685373954076,"116,495,608,559,400,50,242,297,543,393,238,127,70,261,522,469,467,192,570,552"
457,range_068651-068850,range_068801-069000,0.6,0.09999999999999998,0.2872327099617434,0.037768218882441806,"74,658,508,500,318,89,236,36,58,242,79,220,26,553,520,146,144,143,77,336"
458,range_068801-069000,range_068951-069150,0.6,0.09999999999999998,0.14397745833647205,0.0,"569,580,283,245,403,261,413,270,177,522,233,363,143,440,526,468,409,394,116,164"
459,range_068951-069150,range_069101-069300,0.25,-0.25,0.002754310333651517,0.18566634863530215,"105,441,249,17,198,472,434,663,34,636,610,25,339,268,623,386,67,218,632,595"
460,range_069101-069300,range_069251-069450,0.55,0.050000000000000044,0.6170693177331102,0.5765324965992574,"42,513,498,335,615,270,78,632,332,581,183,125,546,300,571,75,318,58,74,305"
461,range_069251-069450,range_069401-069600,0.4,-0.09999999999999998,0.2959693469154893,0.4608565609320662,"300,646,526,543,282,608,75,522,394,573,261,58,143,569,245,580,628,323,658,498"
462,range_069401-069600,range_069551-069750,0.05,-0.45,0.5751553177035745,1.2375860845817734,"241,624,232,532,582,102,597,577,415,452,402,277,157,80,370,269,397,426,72,421"
463,range_069551-069750,range_069701-069900,0.25,-0.25,0.6555827324355362,1.2923169735488171,"496,570,566,428,78,344,39,430,598,351,73,262,87,523,364,657,180,24,221,569"
464,range_069701-069900,range_069851-070050,0.45,-0.04999999999999999,0.43583198280139035,0.45136631623336143,"600,422,353,558,126,266,323,267,540,628,534,654,317,37,391,272,90,354,347,524"
465,range_069851-070050,range_070001-070200,0.3,-0.2,0.8168467516801255,1.298020143452454,"662,522,78,364,360,496,499,618,483,143,365,73,491,599,352,428,529,603,449,163"
466,range_070001-070200,range_070151-070350,0.25,-0.25,0.0,0.03360696737523899,"261,495,522,440,607,580,400,200,245,543,563,242,50,153,569,570,456,249,501,393"
467,range_070151-070350,range_070301-070500,0.425,-0.07500000000000001,0.0,0.0,"630,211,457,99,247,311,455,388,36,177,300,492,647,366,363,164,24,235,339,283"
468,range_070301-070500,range_070451-070650,0.45,-0.04999999999999999,1.0564254909888273,1.0561219147247307,"400,356,223,225,332,295,235,622,152,488,275,527,392,494,205,231,202,104,247,656"
469,range_070451-070650,range_070601-070800,0.6,0.09999999999999998,0.8512437097549449,0.7916132473907195,"265,197,592,556,532,86,135,433,321,286,602,173,641,415,42,253,595,442,404,661"
470,range_070601-070800,range_070751-070950,0.9,0.4,0.8936274518420221,0.5275691072634983,"584,207,639,114,358,52,509,286,306,645,591,484,582,390,96,597,624,118,307,654"
471,range_070751-070950,range_070901-071100,0.1,-0.4,0.9313694444353484,1.5301333943137574,"243,54,228,344,630,335,548,354,445,521,410,244,123,497,217,254,23,198,627,45"
472,range_070901-071100,range_071051-071250,0.15,-0.35,0.0,0.43788367583106247,"440,424,319,202,662,617,462,567,135,273,557,45,220,128,365,318,495,563,575,169"
473,range_071051-071250,range_071201-071400,0.175,-0.325,0.0,0.3335978850852266,"453,458,394,214,411,337,425,426,379,662,250,72,227,318,200,175,174,351,496,552"
474,range_071201-071400,range_071351-071550,0.85,0.35,1.886476146015179,1.5093944901039569,"535,93,583,572,349,528,420,257,313,584,155,550,12,13,239,509,14,325,151,486"
475,range_071351-071550,range_071501-071700,0.55,0.050000000000000044,1.9292753520576926,1.7672830102085952,"615,243,504,576,143,495,573,136,221,502,360,644,326,66,151,85,539,87,618,167"
476,range_071501-071700,range_071651-071850,0.8,0.30000000000000004,0.41361560138783676,0.0,"154,401,187,497,409,287,34,95,147,618,262,323,315,105,81,490,111,70,127,9"
477,range_071651-071850,range_071801-072000,0.05,-0.45,0.49496348232044296,1.1728604086732854,"520,147,548,646,462,496,561,569,391,363,43,11,601,335,29,573,343,344,394,107"
478,range_071801-072000,range_071951-072150,0.75,0.25,0.08718453113561565,0.0,"91,630,264,298,511,302,17,518,592,218,355,611,279,159,170,197,31,653,249,612"
479,range_071951-072150,range_072101-072300,0.55,0.050000000000000044,0.3984357400992579,0.3226776712595808,"310,63,621,253,118,534,76,15,29,169,517,3,101,82,538,268,67,88,150,431"
480,range_072101-072300,range_072251-072450,0.45,-0.04999999999999999,0.27291019403250766,0.43621302635926423,"657,32,37,107,408,436,402,138,326,663,258,417,438,88,229,187,510,193,531,259"
481,range_072251-072450,range_072401-072600,0.85,0.35,1.3305831536709438,0.8156530591522901,"334,420,583,14,535,186,567,447,216,604,108,643,429,509,12,656,373,21,584,76"
482,range_072401-072600,range_072551-072750,0.55,0.050000000000000044,2.832403913247043,2.6575187420907325,"340,440,99,492,543,74,580,390,400,454,395,450,70,89,200,563,498,187,297,495"
483,range_072551-072750,range_072701-072900,0.45,-0.04999999999999999,1.6027129651800331,1.6878316057553255,"535,239,334,93,447,567,185,108,624,541,6,616,207,577,307,614,325,583,503,402"
484,range_072701-072900,range_072851-073050,0.0,-0.5,0.4970768617981261,1.0669193494008875,"528,216,118,128,420,207,184,372,437,14,567,148,93,13,349,550,625,12,19,535"
485,range_072851-073050,range_073001-073200,0.85,0.35,0.7410863196484191,0.5093553431866312,"114,108,186,338,471,535,616,529,604,447,252,148,625,232,402,334,155,420,12,149"
486,range_073001-073200,range_073151-073350,0.025,-0.475,0.0,1.261742796832117,"380,356,261,468,563,2,561,245,16,297,238,339,153,94,4,552,363,655,217,448"
487,range_073151-073350,range_073301-073500,0.3,-0.2,0.7559499967942923,1.0867631528841608,"103,474,124,584,341,327,314,193,286,66,612,162,131,17,255,610,349,180,533,158"
488,range_073301-073500,range_073451-073650,0.1,-0.4,0.0,0.5081756296980416,"451,276,140,92,419,95,229,230,632,602,563,4,220,246,86,581,189,47,403,81"
489,range_073451-073650,range_073601-073800,0.95,0.44999999999999996,0.9586799005993533,0.1285152420156236,"122,237,58,589,524,182,103,121,248,287,593,339,193,629,36,350,109,384,646,194"
490,range_073601-073800,range_073751-073950,0.9,0.4,0.6142390268058939,0.06302768555575934,"7,112,221,352,219,270,162,135,5,571,209,551,664,508,195,364,48,1,190,315"
491,range_073751-073950,range_073901-074100,0.1,-0.4,0.6137841126725215,1.135289200441523,"419,423,519,554,137,125,204,106,390,203,611,144,507,128,469,255,626,179,9,273"
492,range_073901-074100,range_074051-074250,0.7,0.19999999999999996,1.159063878320795,0.6080575804332349,"617,355,165,658,536,174,262,243,662,378,653,401,344,337,219,300,459,413,78,454"
493,range_074051-074250,range_074201-074400,0.95,0.44999999999999996,0.33180550017905264,0.0,"388,618,586,430,46,284,589,318,513,180,189,608,365,361,253,427,61,526,662,47"
494,range_074201-074400,range_074351-074550,0.95,0.44999999999999996,0.9156893894327721,0.2780590685656317,"253,3,27,0,620,292,561,22,450,375,246,44,412,250,82,234,461,578,224,275"
495,range_074351-074550,range_074501-074700,0.9,0.4,0.7422771143345885,0.0,"456,570,297,143,5,559,23,74,89,569,347,450,388,70,563,400,192,520,552,457"
496,range_074501-074700,range_074651-074850,0.0,-0.5,0.3863119163506122,0.8415789607316266,"154,607,86,3,127,266,50,384,97,456,98,229,124,611,129,335,481,65,516,426"
497,range_074651-074850,range_074801-075000,0.15,-0.35,0.21134756719471337,0.408314984401795,"174,462,466,246,352,599,58,43,209,557,406,594,126,18,520,220,523,189,214,26"
498,range_074801-075000,range_074951-075150,0.05,-0.45,0.0,0.5670668561044407,"136,4,323,357,215,336,167,516,365,192,61,419,615,253,470,85,40,302,283,107"
499,range_074951-075150,range_075101-075300,0.2,-0.3,1.1988043278159692,1.5305548473988648,"484,452,572,421,277,80,408,588,6,568,57,576,429,231,535,659,539,76,657,643"
500,range_075101-075300,range_075251-075450,0.0,-0.5,0.0,1.0451488653175018,"214,4,342,309,628,188,571,599,226,243,634,549,565,26,276,136,138,471,602,263"
501,range_075251-075450,range_075401-075600,0.1,-0.4,0.20098659914501507,1.0872819818740034,"382,103,647,488,300,462,350,571,54,517,46,256,278,123,101,66,138,162,662,227"
502,range_075401-075600,range_075551-075750,0.225,-0.275,0.0,0.024900470777679228,"14,576,624,541,108,370,442,198,489,96,620,52,76,584,338,529,72,138,307,328"
503,range_075551-075750,range_075701-075900,0.2,-0.3,0.7692230996745172,1.4178356246594441,"599,608,219,357,146,647,25,403,235,561,321,532,89,607,542,282,211,493,400,526"
504,range_075701-075900,range_075851-076050,0.475,-0.025000000000000022,0.0,0.0,"521,459,345,124,122,204,461,165,115,536,280,533,121,248,304,47,308,134,244,11"
505,range_075851-076050,range_076001-076200,0.3,-0.2,0.6214564557771793,0.8645527956528557,"447,651,102,62,426,551,110,489,80,390,584,255,96,271,545,151,486,184,332,338"
506,range_076001-076200,range_076151-076350,0.55,0.050000000000000044,1.0444732896187838,0.9486365583406474,"267,126,66,183,521,144,346,223,154,417,247,330,321,415,212,295,413,279,125,548"
507,range_076151-076350,range_076301-076500,0.125,-0.375,0.0,0.2545084286099508,"253,377,472,419,7,388,249,74,333,492,251,177,400,646,406,559,98,297,490,112"
508,range_076301-076500,range_076451-076650,0.75,0.25,1.3763015571188237,0.9527581555397716,"307,638,198,118,128,267,349,207,616,67,485,224,591,257,6,447,185,529,314,629"
509,range_076451-076650,range_076601-076800,0.2,-0.3,0.726184778671085,1.1034488828731601,"414,349,384,590,88,405,635,641,422,113,6,539,417,22,317,412,434,260,222,131"
510,range_076601-076800,range_076751-076950,0.2,-0.3,0.10788949310656779,0.6071151296668008,"468,526,164,251,259,27,632,394,569,18,634,81,283,143,213,31,458,248,276,315"
511,range_076751-076950,range_076901-077100,0.3,-0.2,0.0,0.0,"344,84,613,147,483,630,466,221,663,558,112,191,24,337,411,308,607,89,450,433"
512,range_076901-077100,range_077051-077250,0.75,0.25,0.4622786759476163,0.18827465703600677,"84,89,355,613,365,256,497,470,312,20,424,100,319,345,103,18,318,480,69,469"
513,range_077051-077250,range_077201-077400,0.25,-0.25,0.3752013018165724,0.7262174768700012,"114,222,319,62,541,358,190,590,128,390,384,605,277,168,656,101,655,12,155,252"
514,range_077201-077400,range_077351-077550,0.3,-0.2,0.5370672612042227,0.6689141669279363,"320,169,94,642,605,657,340,157,145,125,129,596,134,109,332,590,121,210,573,600"
515,range_077351-077550,range_077501-077700,0.1,-0.4,0.26918120233364995,0.8375297357661928,"143,468,363,81,394,543,18,164,220,461,526,153,440,569,276,458,348,280,233,634"
516,range_077501-077700,range_077651-077850,0.95,0.44999999999999996,0.7968761649413397,0.12668032749720748,"624,398,407,532,199,302,639,159,408,57,551,268,481,290,162,148,645,651,530,356"
517,range_077651-077850,range_077801-078000,0.2,-0.3,0.8818529232519344,1.5081427722119147,"430,462,83,664,653,127,388,315,205,18,209,634,536,58,70,563,319,618,109,640"
518,range_077801-078000,range_077951-078150,0.275,-0.22499999999999998,0.0,0.08193001028980602,"374,563,260,98,228,351,291,443,574,165,352,180,456,305,448,278,618,491,561,348"
519,range_077951-078150,range_078101-078300,0.3,-0.2,0.6245244385425428,0.8034121103741731,"394,286,388,318,413,343,78,581,569,580,393,245,233,543,74,153,287,496,200,163"
520,range_078101-078300,range_078251-078450,0.375,-0.125,0.0,0.0,"251,61,355,361,131,376,622,243,228,549,562,292,648,235,479,345,103,84,95,18"
521,range_078251-078450,range_078401-078600,0.95,0.44999999999999996,1.7331419910320527,0.053863334878170493,"476,211,388,209,399,78,233,60,383,628,557,565,664,34,580,283,594,544,646,439"
522,range_078401-078600,range_078551-078750,0.025,-0.475,0.0,0.9248900721910143,"282,287,411,311,214,215,100,430,365,388,462,236,454,552,403,351,340,15,366,362"
523,range_078551-078750,range_078701-078900,0.35,-0.15000000000000002,1.1861827612118376,1.4387972370604363,"120,57,266,296,510,609,85,338,88,631,273,32,109,21,595,395,105,41,63,386"
524,range_078701-078900,range_078851-079050,0.85,0.35,1.2353836024935678,0.7240504672018464,"225,140,311,304,623,121,250,64,423,560,439,392,77,317,374,275,534,595,444,292"
525,range_078851-079050,range_079001-079200,0.8,0.30000000000000004,0.8397292442819383,0.31753440005251354,"9,382,580,495,468,376,537,371,647,661,227,163,394,360,202,291,448,206,265,122"
526,range_079001-079200,range_079151-079350,0.95,0.44999999999999996,1.2099298450031928,0.731498621012395,"601,342,28,587,104,181,77,552,453,223,367,154,279,212,321,383,132,249,141,448"
527,range_079151-079350,range_079301-079500,0.15,-0.35,0.3672386098781996,0.7794958812467524,"157,358,663,373,187,88,550,605,604,606,623,390,110,156,6,190,542,386,217,332"
528,range_079301-079500,range_079451-079650,0.9,0.4,0.7996368944000886,0.47741126513364784,"542,151,503,541,114,184,656,582,138,25,447,377,298,629,420,416,216,307,604,550"
529,range_079451-079650,range_079601-079800,0.15,-0.35,0.3684757750087749,1.4486589724212036,"153,43,343,371,637,145,365,291,288,73,45,253,428,24,440,569,284,164,69,464"
530,range_079601-079800,range_079751-079950,0.375,-0.125,0.0,0.0,"33,96,384,310,272,636,396,309,66,179,1,64,606,375,162,511,7,23,34,313"
531,range_079751-079950,range_079901-080100,0.3,-0.2,0.2888185512448456,0.4987736125901918,"390,643,472,477,446,481,434,166,258,552,422,517,386,463,290,583,53,338,230,460"
532,range_079901-080100,range_080051-080250,0.1,-0.4,0.0406722292366422,0.5239277461140184,"483,444,419,167,55,165,596,664,197,617,104,183,208,235,462,7,113,37,248,362"
533,range_080051-080250,range_080201-080400,0.15,-0.35,0.0,0.11350263919843903,"86,270,36,488,367,224,497,190,256,221,7,150,134,507,230,587,235,472,321,298"
534,range_080201-080400,range_080351-080550,0.8,0.30000000000000004,0.8877489574102805,0.5531815333431315,"604,334,567,482,475,12,185,252,447,186,420,108,485,429,585,93,19,332,170,338"
535,range_080351-080550,range_080501-080700,0.45,-0.04999999999999999,1.7471344661516541,1.7287688402721244,"69,594,0,664,339,394,164,235,40,450,254,488,379,120,462,427,613,591,173,237"
536,range_080501-080700,range_080651-080850,0.45,-0.04999999999999999,0.0,0.0,"658,521,454,308,233,441,490,660,164,4,458,394,299,554,5,483,89,612,655,244"
537,range_080651-080850,range_080801-081000,0.4,-0.09999999999999998,0.34327628088399714,0.3925911704585551,"373,310,626,511,107,449,207,162,181,320,463,266,120,139,248,451,456,492,195,63"
538,range_080801-081000,range_080951-081150,0.0,-0.5,0.0,0.9263348214239717,"468,8,594,200,253,430,569,392,99,565,226,647,383,123,438,189,91,117,3,615"
539,range_080951-081150,range_081101-081300,0.45,-0.04999999999999999,0.36099324289090046,0.3890106813510304,"214,601,336,465,143,399,659,628,467,169,649,123,646,458,403,167,211,81,490,304"
540,range_081101-081300,range_081251-081450,0.225,-0.275,0.0,0.0919037466479173,"389,511,625,364,131,643,578,553,322,249,230,465,368,313,319,229,273,44,31,480"
541,range_081251-081450,range_081401-081600,0.15,-0.35,0.0,0.46660500800186466,"83,61,401,494,454,111,436,551,412,433,260,331,171,488,280,276,34,311,121,508"
542,range_081401-081600,range_081551-081750,0.9,0.4,1.9280023865100484,0.9686927958387337,"351,265,318,557,376,147,169,443,220,206,439,580,365,563,647,436,143,361,473,305"
543,range_081551-081750,range_081701-081900,0.45,-0.04999999999999999,1.6110166457858548,1.8018364545394514,"529,533,444,257,434,231,67,255,354,435,426,171,33,416,267,652,138,555,179,478"
544,range_081701-081900,range_081851-082050,0.0,-0.5,0.0,1.1039378326038845,"575,413,439,303,371,587,658,521,388,146,647,112,644,393,282,43,209,608,75,300"
545,range_081851-082050,range_082001-082200,1.0,0.5,0.6830178120999911,0.0,"66,27,578,347,581,64,152,345,185,657,316,279,524,576,248,436,519,641,92,373"
546,range_082001-082200,range_082151-082350,0.5,0.0,0.7158270030165677,0.7319814566362153,"531,28,510,333,489,353,623,390,564,295,632,181,60,48,433,327,579,299,481,307"
547,range_082151-082350,range_082301-082500,0.15,-0.35,0.25239236560660855,1.018043331917798,"32,360,565,392,523,462,580,615,592,75,123,646,245,36,430,211,393,396,521,526"
548,range_082301-082500,range_082451-082650,0.325,-0.175,0.0,0.0,"335,130,408,281,193,103,445,152,164,212,199,321,82,42,92,144,368,531,530,291"
549,range_082451-082650,range_082601-082800,1.0,0.5,1.5050911289332303,0.4011012321811369,"289,651,281,277,577,118,21,307,535,484,639,657,509,624,506,201,614,486,503,442"
550,range_082601-082800,range_082751-082950,0.1,-0.4,0.7134048577283848,1.5952759085974093,"574,407,462,608,660,260,399,350,35,461,34,498,143,258,628,160,658,522,90,119"
551,range_082751-082950,range_082901-083100,0.425,-0.07500000000000001,0.0,0.0,"177,492,389,631,417,66,4,518,571,527,259,353,457,5,308,661,488,364,612,611"
552,range_082901-083100,range_083051-083250,0.2,-0.3,0.0,0.17965627004558843,"599,311,532,512,221,191,401,631,189,454,72,203,458,336,165,135,648,664,84,230"
553,range_083051-083250,range_083201-083400,0.275,-0.22499999999999998,0.0,0.014958214370661803,"513,109,73,206,586,97,15,424,642,601,598,222,655,292,352,225,476,83,84,90"
554,range_083201-083400,range_083351-083550,0.0,-0.5,0.22770759788422099,0.8153942990711651,"334,405,447,62,421,625,277,314,14,529,577,207,151,514,169,176,313,528,307,162"
555,range_083351-083550,range_083501-083700,0.025,-0.475,0.0,1.1392382466230448,"98,394,97,153,646,214,570,569,403,440,245,543,495,580,399,505,608,189,393,0"
556,range_083501-083700,range_083651-083850,0.8,0.30000000000000004,1.1762287715544901,0.5235261884495523,"177,531,194,335,137,215,444,152,47,521,443,507,410,64,520,174,141,592,256,263"
557,range_083651-083850,range_083801-084000,0.55,0.050000000000000044,1.189613374850205,1.0711288781834956,"217,638,52,93,114,421,166,88,377,314,645,625,415,437,582,532,369,234,416,349"
558,range_083801-084000,range_083951-084150,0.4,-0.09999999999999998,1.4109691024747502,1.5402458490372375,"515,519,646,433,662,300,247,210,520,183,246,476,249,586,177,508,89,146,371,206"
559,range_083951-084150,range_084101-084300,0.175,-0.325,0.0,0.24386924329584964,"319,273,281,371,351,225,581,611,248,471,109,16,660,296,79,579,324,288,574,643"
560,range_084101-084300,range_084251-084450,0.65,0.15000000000000002,0.6258379032244942,0.544992193559737,"505,64,548,177,246,459,490,103,164,266,130,117,540,50,461,317,300,84,270,660"
561,range_084251-084450,range_084401-084600,0.175,-0.325,0.0,0.19430598973167207,"603,608,498,106,644,282,246,658,211,112,283,580,399,146,574,300,303,441,496,55"
562,range_084401-084600,range_084551-084750,0.65,0.15000000000000002,0.0328249623984725,0.0,"17,160,249,371,262,612,302,407,304,236,305,208,315,24,5,508,73,230,81,378"
563,range_084551-084750,range_084701-084900,0.8,0.30000000000000004,0.6315113383062058,0.3002860235236732,"73,401,215,347,424,75,31,537,152,209,112,409,618,454,419,238,83,222,403,269"
564,range_084701-084900,range_084851-085050,0.1,-0.4,0.14402225493747337,0.8497765744328694,"50,112,516,242,69,520,363,400,233,245,71,24,143,238,94,526,153,311,187,144"
565,range_084851-085050,range_085001-085200,0.9,0.4,0.5308384394427267,0.0,"432,478,493,283,180,406,644,143,304,540,205,210,391,74,613,163,458,388,8,123"
566,range_085001-085200,range_085151-085350,1.0,0.5,2.891054742484867,1.9429644109528081,"639,386,643,277,286,2,258,405,402,517,477,269,108,105,32,486,340,310,605,289"
567,range_085151-085350,range_085301-085500,0.65,0.15000000000000002,1.1331007397212043,0.9644971602823793,"651,96,333,475,114,216,501,583,397,12,577,186,277,528,471,232,289,635,10,584"
568,range_085301-085500,range_085451-085650,1.0,0.5,2.278759057266247,0.5453486022422114,"111,163,75,83,343,403,43,99,4,430,658,389,242,1,233,94,9,400,147,208"
569,range_085451-085650,range_085601-085800,0.275,-0.22499999999999998,0.0,0.15814980964951053,"163,543,147,245,200,640,468,78,526,399,261,630,73,647,613,403,393,580,490,214"
570,range_085601-085800,range_085751-085950,0.3,-0.2,1.4862467322623512,1.7689859893533866,"300,166,474,220,406,592,456,171,36,398,188,412,103,505,246,416,361,303,315,479"
571,range_085751-085950,range_085901-086100,0.35,-0.15000000000000002,1.0104351849487752,1.04677518036664,"168,2,199,207,484,113,25,108,16,76,198,387,232,597,286,240,645,307,471,128"
572,range_085901-086100,range_086051-086250,0.3,-0.2,1.0345346081683389,1.6067834729287616,"8,106,388,399,432,246,36,498,557,441,282,442,304,513,393,658,209,245,75,303"
573,range_086051-086250,range_086201-086400,0.35,-0.15000000000000002,0.0,0.0,"439,522,287,394,244,318,152,461,647,646,406,209,75,211,498,233,544,283,424,123"
574,range_086201-086400,range_086351-086550,0.175,-0.325,0.0,0.12431867562759125,"596,383,260,209,192,115,89,81,521,526,220,60,439,589,647,75,483,401,238,174"
575,range_086351-086550,range_086501-086700,0.5,0.0,0.21845589818153352,0.22133174359008034,"78,20,243,664,63,393,284,200,55,90,38,302,151,336,376,147,464,586,472,631"
576,range_086501-086700,range_086651-086850,0.1,-0.4,0.14663514412365808,0.2829633470439641,"128,13,625,535,509,207,359,487,656,489,643,14,6,447,239,334,426,52,241,616"
577,range_086651-086850,range_086801-087000,0.2,-0.3,0.9177406452792737,1.749206589227731,"618,322,655,127,117,58,141,181,5,26,498,492,211,273,70,129,389,335,646,497"
578,range_086801-087000,range_086951-087150,0.15,-0.35,0.0,0.6604041104577365,"662,214,88,424,336,143,495,467,318,430,226,87,655,341,153,174,371,75,200,291"
579,range_086951-087150,range_087101-087300,1.0,0.5,2.584686953114348,1.091822223372009,"336,200,99,192,143,233,362,94,189,84,187,526,495,483,543,136,341,127,512,467"
580,range_087101-087300,range_087251-087450,0.05,-0.45,0.9219897550010842,1.674638283924311,"130,534,502,11,253,379,478,398,225,275,105,126,346,369,533,150,642,85,124,190"
581,range_087251-087450,range_087401-087600,0.35,-0.15000000000000002,1.3699762837426248,1.4383670779054394,"13,509,14,76,338,93,447,500,10,151,656,535,429,332,517,373,232,328,446,19"
582,range_087401-087600,range_087551-087750,0.25,-0.25,0.45728574795735977,0.8467390438469578,"567,53,239,447,93,307,170,616,437,207,359,397,12,487,252,528,185,334,475,572"
583,range_087551-087750,range_087701-087900,0.2,-0.3,0.6261472437927766,1.075840112625215,"310,609,396,168,358,124,381,616,201,327,258,175,436,641,402,621,203,72,34,23"
584,range_087701-087900,range_087851-088050,0.05,-0.45,0.0,1.0776804144805077,"301,331,573,9,533,196,448,255,565,649,512,61,337,605,243,642,247,165,214,524"
585,range_087851-088050,range_088001-088200,0.4,-0.09999999999999998,1.934080361797927,1.7819170496191936,"570,569,163,200,393,543,256,483,147,26,522,598,261,361,520,399,513,74,146,566"
586,range_088001-088200,range_088151-088350,0.25,-0.25,0.5346295481264287,0.9466239331782693,"90,132,194,514,4,129,133,259,263,65,392,321,181,410,632,600,350,224,154,330"
587,range_088151-088350,range_088301-088500,0.8,0.30000000000000004,1.0042050841227879,0.6404601391167868,"407,382,361,0,598,560,378,610,387,609,335,442,42,158,238,201,30,376,419,121"
588,range_088301-088500,range_088451-088650,0.35,-0.15000000000000002,1.235236874255475,1.50343484497601,"411,410,221,300,653,284,618,352,516,456,119,176,84,608,285,415,483,540,43,297"
589,range_088451-088650,range_088601-088800,0.9,0.4,0.20947958310939033,0.0,"171,381,511,517,266,633,547,203,438,265,176,457,433,120,22,329,77,4,311,637"
590,range_088601-088800,range_088751-088950,0.45,-0.04999999999999999,0.42964293192170605,0.45123482839937196,"151,160,148,503,128,25,370,397,576,532,429,625,541,616,402,657,178,57,80,651"
591,range_088751-088950,range_088901-089100,0.55,0.050000000000000044,0.7306711313533869,0.6480114735260897,"230,640,84,432,298,575,517,629,398,153,134,18,68,58,305,36,209,632,112,520"
592,range_088901-089100,range_089051-089250,0.275,-0.22499999999999998,0.0,0.0,"483,547,563,602,658,315,283,74,87,36,335,530,662,84,189,43,75,513,243,55"
593,range_089051-089250,range_089201-089400,0.95,0.44999999999999996,0.9541095876362254,0.057880146421372757,"342,627,401,553,428,232,451,338,80,35,194,398,549,333,548,500,107,204,15,395"
594,range_089201-089400,range_089351-089550,0.6,0.09999999999999998,0.39063568795474574,0.3278721389882836,"608,54,300,561,246,303,261,399,63,508,282,244,388,73,208,574,112,439,569,440"
595,range_089351-089550,range_089501-089700,0.7,0.19999999999999996,0.230161424337211,0.09741848199961092,"258,324,496,29,123,526,236,640,214,163,458,404,36,355,391,283,191,343,106,146"
596,range_089501-089700,range_089651-089850,0.7,0.19999999999999996,0.49013931935736876,0.23707442819788835,"484,657,585,176,72,625,645,16,636,178,616,307,375,168,108,306,289,172,25,416"
597,range_089651-089850,range_089801-090000,0.35,-0.15000000000000002,1.071741323959772,1.4850014071071402,"647,343,546,566,426,45,95,662,618,112,652,346,474,261,523,569,440,146,364,141"
598,range_089801-090000,range_089951-090150,0.35,-0.15000000000000002,0.0,0.0,"247,586,113,24,147,188,546,284,634,543,491,513,608,230,523,496,618,95,246,662"
599,range_089951-090150,range_090101-090300,0.6,0.09999999999999998,1.1226987706415683,0.9372681816771675,"66,295,650,374,307,11,288,156,179,126,353,611,552,585,259,35,306,384,610,554"
600,range_090101-090300,range_090251-090450,0.0,-0.5,0.058911110991201124,1.3385748824095693,"413,570,379,78,543,399,404,89,84,569,238,233,519,133,343,283,440,200,580,221"
601,range_090251-090450,range_090401-090600,0.4,-0.09999999999999998,0.0,0.0,"232,202,631,320,425,547,657,434,122,339,27,125,444,295,507,412,515,181,136,109"
602,range_090401-090600,range_090551-090750,0.55,0.050000000000000044,0.7271625225394263,0.7139238333663938,"261,458,189,570,332,561,200,522,490,647,493,250,18,244,498,460,655,308,394,502"
603,range_090551-090750,range_090701-090900,0.95,0.44999999999999996,2.97563951522425,1.5328100070301527,"635,13,186,274,307,373,172,657,289,326,572,377,556,306,621,402,286,446,334,52"
604,range_090701-090900,range_090851-091050,0.2,-0.3,1.4047739155178676,1.8505844914801322,"225,342,511,17,382,395,503,549,530,330,151,306,224,542,369,534,591,121,310,176"
605,range_090851-091050,range_091001-091200,0.55,0.050000000000000044,0.3609536747002631,0.39867591360941834,"340,116,132,43,146,4,245,388,336,189,226,347,163,427,339,401,578,23,554,87"
606,range_091001-091200,range_091151-091350,0.8,0.30000000000000004,0.05742907475018786,0.0,"254,512,164,227,51,251,363,622,60,220,297,242,92,47,215,300,272,424,443,630"
607,range_091151-091350,range_091301-091500,0.3,-0.2,0.0967554325575617,0.25861105797958656,"70,242,189,634,305,268,84,458,374,320,592,454,283,94,236,188,409,360,152,644"
608,range_091301-091500,range_091451-091650,0.95,0.44999999999999996,1.31926210860339,0.5830821712980881,"127,50,344,4,120,220,387,398,11,413,308,43,333,518,258,301,192,560,367,401"
609,range_091451-091650,range_091601-091800,0.0,-0.5,0.0,1.4305893881119631,"401,399,580,301,35,569,89,458,233,245,464,282,270,60,300,261,522,658,574,430"
610,range_091601-091800,range_091751-091950,0.325,-0.175,0.0,0.0,"39,69,79,126,37,544,226,173,182,3,349,515,437,235,661,621,265,480,553,533"
611,range_091751-091950,range_091901-092100,0.075,-0.425,0.0,0.4081238095989969,"174,167,399,75,353,188,156,394,200,229,221,440,483,468,566,132,81,43,380,280"
612,range_091901-092100,range_092051-092250,0.5,0.0,0.1442033922971539,0.16437494961907162,"549,355,409,247,451,562,300,315,646,22,220,226,293,465,17,225,634,276,645,292"
613,range_092051-092250,range_092201-092400,0.7,0.19999999999999996,1.1118519109420084,0.9098019563264512,"639,277,274,16,625,53,359,160,475,545,96,32,149,358,572,88,201,509,397,402"
614,range_092201-092400,range_092351-092550,0.8,0.30000000000000004,1.611526759087408,0.9144175676401614,"425,204,267,85,61,589,389,36,652,89,592,5,4,123,76,117,39,298,641,502"
615,range_092351-092550,range_092501-092700,0.9,0.4,1.6141970925009184,1.2306874328224788,"576,325,446,257,12,149,207,326,328,588,53,555,331,359,114,429,597,252,162,501"
616,range_092501-092700,range_092651-092850,0.8,0.30000000000000004,2.339043788309393,1.9873708786097695,"126,35,83,545,439,518,206,219,353,525,55,565,8,45,99,284,50,211,366,578"
617,range_092651-092850,range_092801-093000,0.325,-0.175,0.0,0.0,"574,655,365,87,571,215,602,456,353,250,221,58,8,586,499,284,575,66,490,127"
618,range_092801-093000,range_092951-093150,0.6,0.09999999999999998,1.744399740881302,1.5797950283179776,"162,274,158,184,635,576,558,510,636,471,657,545,390,168,391,63,2,286,307,434"
619,range_092951-093150,range_093101-093300,0.9,0.4,1.3036092073117118,0.764916532751535,"126,553,3,85,328,534,494,356,120,525,529,136,329,447,663,551,23,385,437,539"
620,range_093101-093300,range_093251-093450,0.35,-0.15000000000000002,0.21998425265476435,0.3571171657219534,"501,269,584,313,434,307,539,538,107,203,410,506,15,326,210,272,306,333,372,545"
621,range_093251-093450,range_093401-093600,0.6,0.09999999999999998,1.4860216848868855,1.1529430523864463,"543,43,233,173,459,256,78,154,283,244,440,404,242,238,403,274,245,565,393,353"
622,range_093401-093600,range_093551-093750,0.8,0.30000000000000004,0.15061024766159714,0.0,"270,413,541,211,594,280,171,272,297,250,321,563,474,301,367,197,553,70,427,646"
623,range_093551-093750,range_093701-093900,0.4,-0.09999999999999998,0.30905794810406545,0.5311499076370425,"108,170,252,651,582,325,509,201,572,207,477,168,437,157,93,372,398,326,198,373"
624,range_093701-093900,range_093851-094050,0.0,-0.5,0.20327980368520573,0.7421179051455356,"108,408,267,80,2,509,30,446,481,151,539,396,231,655,176,452,397,358,421,437"
625,range_093851-094050,range_094001-094200,0.0,-0.5,0.06204166066612105,1.6526788887001707,"146,245,570,38,253,119,153,569,68,55,220,399,238,350,308,647,46,82,393,483"
626,range_094001-094200,range_094151-094350,0.5,0.0,0.8894154017196664,0.9213231224292084,"35,460,464,366,520,468,58,424,89,441,563,586,376,47,87,662,291,254,192,303"
627,range_094151-094350,range_094301-094500,0.2,-0.3,0.0,0.059514687441013736,"296,345,348,52,66,516,111,646,492,242,90,400,58,300,167,404,270,238,530,601"
628,range_094301-094500,range_094451-094650,0.3,-0.2,1.3676111279539531,1.5014104220497004,"616,651,241,503,420,307,328,13,485,604,157,588,577,487,14,207,529,12,509,216"
629,range_094451-094650,range_094601-094800,0.0,-0.5,1.021485257034087,2.1085557270928126,"233,363,244,291,322,270,413,146,95,337,308,180,211,376,393,73,523,543,284,283"
630,range_094601-094800,range_094751-094950,0.4,-0.09999999999999998,0.0,0.0,"204,111,472,495,133,516,41,438,463,97,575,46,597,412,98,396,456,273,432,595"
631,range_094751-094950,range_094901-095100,0.25,-0.25,0.1598938463490822,0.7279014715609664,"543,526,394,569,248,59,440,164,315,204,507,259,598,468,31,153,81,43,18,245"
632,range_094901-095100,range_095051-095250,0.325,-0.175,0.0,0.0,"278,497,505,236,115,211,95,401,506,291,196,603,197,478,142,339,303,112,589,320"
633,range_095051-095250,range_095201-095400,1.0,0.5,1.5205674627923202,0.20029280548769068,"381,362,538,90,457,48,574,100,593,102,65,66,225,183,360,101,401,509,199,3"
634,range_095201-095400,range_095351-095550,0.5,0.0,0.45253339299963186,0.4457777867090569,"660,378,209,561,26,385,571,98,418,294,547,95,250,262,258,317,259,344,296,358"
635,range_095351-095550,range_095501-095700,0.025,-0.475,0.0,1.013780386578338,"440,142,380,81,99,458,468,366,569,215,164,116,663,403,394,474,192,580,276,175"
636,range_095501-095700,range_095651-095850,0.275,-0.22499999999999998,0.0,0.0,"605,527,119,203,29,349,266,289,166,530,612,350,590,377,42,414,136,435,205,96"
637,range_095651-095850,range_095801-096000,0.45,-0.04999999999999999,0.41246125584020704,0.5077508386164813,"240,567,2,160,183,155,431,100,80,441,500,88,193,514,198,150,576,56,277,517"
638,range_095801-096000,range_095951-096150,0.0,-0.5,0.0,1.2620913049412754,"182,280,98,116,129,276,462,11,365,464,83,97,413,461,152,146,303,7,272,400"
639,range_095951-096150,range_096101-096300,0.35,-0.15000000000000002,1.0120170946919969,1.5900585763045074,"163,458,193,261,283,394,177,343,570,534,505,411,490,245,155,194,65,262,243,295"
640,range_096101-096300,range_096251-096450,0.075,-0.425,0.0,0.721802013700366,"506,373,558,477,314,10,372,57,540,285,138,328,538,423,415,40,62,113,359,88"
641,range_096251-096450,range_096401-096600,0.5,0.0,0.7221851864130999,0.5776899724270128,"416,134,247,254,483,360,180,468,46,499,230,189,411,494,346,530,175,165,393,490"
642,range_096401-096600,range_096551-096750,0.85,0.35,0.4166587174198641,0.0,"133,109,335,207,323,480,433,79,435,653,288,476,278,142,558,68,385,113,49,61"
643,range_096551-096750,range_096701-096900,0.25,-0.25,0.3556194250839599,0.6956130304837247,"258,208,37,161,582,524,45,472,322,353,349,159,309,597,342,175,539,13,545,619"
644,range_096701-096900,range_096851-097050,0.025,-0.475,0.03241341710675309,0.4799598249354062,"584,408,452,168,42,306,532,332,488,579,155,16,405,420,222,582,585,169,234,591"
645,range_096851-097050,range_097001-097200,0.9,0.4,1.3249775107599964,0.6011173527365032,"37,444,664,89,122,104,282,296,84,504,193,256,223,615,463,135,22,398,474,92"
646,range_097001-097200,range_097151-097350,0.6,0.09999999999999998,0.12422763813747834,0.0,"283,554,413,209,462,508,594,200,296,78,135,402,365,81,318,406,38,522,383,403"
647,range_097151-097350,range_097301-097500,0.85,0.35,0.5886783971249022,0.11603338140457839,"200,174,599,413,627,633,664,135,403,662,163,573,376,35,77,273,71,658,95,26"
648,range_097301-097500,range_097451-097650,0.4,-0.09999999999999998,0.42496137237002757,0.5775745398407326,"31,227,335,264,351,54,95,513,189,141,83,219,599,143,661,480,48,276,99,364"
649,range_097451-097650,range_097601-097800,0.95,0.44999999999999996,0.42941097249788296,0.0,"227,1,392,341,473,8,382,383,374,71,77,406,264,391,37,474,633,68,60,46"
650,range_097601-097800,range_097751-097950,0.05,-0.45,0.0,0.928922210247368,"84,516,150,497,434,133,230,26,546,99,189,164,602,270,220,430,95,319,78,171"
651,range_097751-097950,range_097901-098100,0.95,0.44999999999999996,1.686177297267761,0.7040447336315446,"392,356,68,219,338,265,404,304,173,378,201,136,521,20,549,609,552,614,449,51"
652,range_097901-098100,range_098051-098250,0.4,-0.09999999999999998,0.6826812851570283,0.6128904284642478,"327,268,531,555,289,435,385,614,263,110,441,157,210,362,373,354,422,605,231,408"
653,range_098051-098250,range_098201-098400,0.75,0.25,0.5756520127331674,0.4112768146585738,"194,41,111,161,460,223,49,631,39,45,556,218,425,158,621,90,614,438,531,508"
654,range_098201-098400,range_098351-098550,0.45,-0.04999999999999999,0.24942492162164923,0.2884714465484236,"408,421,33,162,40,623,539,556,269,527,326,605,302,10,231,21,333,477,274,150"
655,range_098351-098550,range_098501-098700,0.4,-0.09999999999999998,0.42775316664263713,0.6606777511482835,"112,569,116,146,472,4,630,526,468,602,312,348,561,55,82,164,308,31,43,636"
656,range_098501-098700,range_098651-098850,0.075,-0.425,0.0,0.7525315611903622,"250,298,345,548,92,69,637,195,159,19,465,540,218,234,6,479,373,322,136,596"
657,range_098651-098850,range_098801-099000,0.7,0.19999999999999996,1.596968399329279,1.0369876184135243,"404,225,430,95,367,490,163,464,84,129,143,570,445,543,218,192,90,153,83,393"
658,range_098801-099000,range_098951-099150,0.3,-0.2,0.7305478147775583,1.0028009564403058,"387,524,72,460,289,517,428,525,479,155,259,514,503,179,369,600,638,443,415,340"
659,range_098951-099150,range_099101-099300,0.0,-0.5,0.0,0.9618831371241938,"548,303,35,498,261,350,573,403,513,574,246,470,59,505,393,439,608,282,543,366"
660,range_099101-099300,range_099251-099450,0.325,-0.175,0.0,0.0,"533,316,452,582,285,627,287,633,70,492,453,94,192,45,226,364,602,284,379,64"
661,range_099251-099450,range_099401-099600,0.85,0.35,0.3673932089550097,0.0,"75,368,180,219,43,436,454,342,598,69,214,308,265,352,399,398,123,135,351,153"
662,range_099401-099600,range_099551-099750,0.75,0.25,0.9850723754435718,0.6638102030993405,"450,70,432,210,31,416,466,250,448,127,66,280,306,571,573,641,35,634,473,68"
663,range_099551-099750,range_099701-099900,0.75,0.25,1.1133562688939007,0.770288090381744,"38,251,432,642,109,196,3,615,145,607,215,103,627,564,7,626,106,264,364,272"
