replicate,mean_percentile_effect
0,-0.014307228915662662
1,-0.002259036144578286
2,0.001769578313253084
3,-0.00018825301204816736
4,-0.008207831325301285
5,-0.010015060240963825
6,0.0060240963855421326
7,0.03034638554216862
8,-0.0030120481927710663
9,-0.01746987951807233
10,0.0019578313253012514
11,0.003200301204819289
12,0.011709337349397608
13,-0.022213855421686746
14,-0.00022590361445778973
15,0.0006777108433734247
16,0.010881024096385583
17,-0.0033509036144578896
18,0.014118975903614439
19,0.0037274096385541133
20,-0.01227409638554211
21,0.003953313253012181
22,0.003576807228915624
23,0.008245481927710907
24,-0.007868975903614517
25,-0.010090361445783125
26,0.0048569277108434505
27,0.0183734939759036
28,-0.005798192771084398
29,0.005346385542168597
30,-0.010052710843373502
31,0.004969879518072262
32,0.016792168674698793
33,0.003915662650602392
34,-0.017582831325301196
35,-0.016415662650602403
36,-0.012537650602409633
37,0.0005647590361446131
38,-0.002635542168674676
39,-0.002560240963855487
40,-0.007981927710843328
41,0.02168674698795181
42,0.0030496987951806886
43,0.004216867469879482
44,0.008697289156626486
45,0.0027484939759034877
46,0.01291415662650608
47,-0.008396084337349397
48,-0.007944277108433706
49,0.014495481927710885
50,0.025414156626506035
51,-0.008546686746987942
52,0.01287650602409629
53,-0.0036144578313252462
54,-0.0012424698795181488
55,-0.004894578313253017
56,-0.0003765060240963902
57,0.008697289156626486
58,-0.007115963855421625
59,0.0013930722891565273
60,-0.008207831325301174
61,0.006777108433734913
62,-0.007643072289156505
63,-0.0019954819277109292
64,-0.011408132530120463
65,-0.014533132530120452
66,0.0007530120481927804
67,0.021498493975903532
68,-0.01671686746987955
69,0.0033885542168674565
70,-0.011897590361445776
71,0.0185240963855422
72,0.0042921686746988374
73,-0.01724397590361454
74,0.005685240963855365
75,-0.008810240963855465
76,0.009977409638554202
77,-0.015587349397590378
78,0.0007530120481927804
79,-0.0002635542168674121
80,-0.01351656626506026
81,0.002899096385542199
82,-0.008358433734939774
83,-0.0016942771084337283
84,-0.002108433734939741
85,0.0004141566265060126
86,0.001807228915662762
87,-0.01389307228915665
88,-0.011897590361445831
89,-0.0017319277108433506
90,-0.00022590361445790075
91,0.003275602409638534
92,-0.016415662650602403
93,0.005120481927710863
94,-0.0004894578313252573
95,-0.0028614457831325213
96,-0.007492469879518127
97,0.013780120481927782
98,-0.014683734939758941
99,0.010278614457831292
100,-0.011106927710843373
101,0.006099397590361488
102,-0.004743975903614417
103,-0.021310240963855476
104,0.00756777108433726
105,-0.010090361445783125
106,0.009789156626506035
107,0.0018072289156626509
108,0.014344879518072284
109,0.007831325301204894
110,0.023569277108433817
111,-0.0017695783132530285
112,0.008170180722891551
113,0.012048192771084376
114,-0.0045557228915662495
115,-0.0009412650602409478
116,0.006099397590361377
117,0.005685240963855365
118,-0.011257530120481973
119,-0.011634036144578364
120,-0.01585090361445779
121,0.0033885542168674565
122,-0.009262048192771044
123,0.016302710843373536
124,0.012537650602409744
125,-0.002033132530120496
126,-0.0017319277108433506
127,-0.002522590361445809
128,0.0027861445783132766
129,-0.01302710843373489
130,0.005496987951807308
131,-0.008885542168674654
132,0.013930722891566272
133,-0.00432981927710846
134,0.01882530120481929
135,-0.020481927710843395
136,-0.013328313253012092
137,0.0019201807228915735
138,0.00015060240963848948
139,0.0021837349397590966
140,0.00696536144578308
141,-0.0037650602409638467
142,0.007417168674698771
143,0.008546686746987997
144,0.004442771084337327
145,-0.020368975903614417
146,0.004367469879518082
147,-0.012198795180722921
148,-0.014307228915662662
149,0.016415662650602347
150,0.0004141566265060126
151,0.009450301204819378
152,-0.021875000000000033
153,0.006814759036144591
154,0.02277861445783136
155,-0.014420180722891529
156,-0.013328313253012092
157,-0.011144578313252995
158,-0.0039909638554216365
159,-0.003539156626506057
160,0.012236445783132543
161,-0.008847891566265087
162,-0.021649096385542188
163,-0.004819277108433717
164,0.010391566265060326
165,-0.0069277108433735135
166,0.00835843373493983
167,0.009036144578313254
168,0.034487951807228856
169,-0.022515060240963836
170,0.0025225903614457534
171,0.004480421686747005
172,0.004367469879518082
173,0.005384036144578386
174,-0.006362951807228956
175,0.0034638554216868123
176,0.015549698795180755
177,0.003539156626505946
178,0.009036144578313254
179,-0.008019578313253062
180,0.009149096385542288
181,-0.023644578313253006
182,0.007605421686747049
183,0.0002635542168674121
184,0.00530873493975903
185,-0.004743975903614417
186,0.014382530120481962
187,-0.012387048192771144
188,-0.011106927710843373
189,0.012236445783132543
190,0.016905120481927605
191,-0.0020707831325301185
192,0.0007906626506024583
193,0.015625
194,0.004179216867469804
195,-0.018787650602409667
196,-0.009073795180722877
197,-0.005647590361445798
198,-0.0011671686746987375
199,0.0024472891566265087
200,-0.004668674698795228
201,-0.0037274096385542244
202,0.014382530120481962
203,-0.010240963855421614
204,-0.00060240963855418
205,0.01592620481927709
206,-0.015625
207,0.018411144578313277
208,-0.007003012048192758
209,-0.0053087349397589745
210,0.014118975903614439
211,0.0010542168674698704
212,-0.005082831325301185
213,-0.006739457831325346
214,0.012161144578313299
215,-0.011370481927710785
216,0.00892319277108422
217,0.015850903614457845
218,-0.006588855421686746
219,-0.005158132530120485
220,0.009600903614457867
221,0.00410391566265067
222,-0.01837349397590371
223,0.0012801204819277157
224,-0.0053087349397589745
225,0.017658132530120385
226,0.0036144578313253017
227,0.0007530120481927804
228,0.00395331325301207
229,-0.005346385542168597
230,0.0009412650602409478
231,0.024661144578313254
232,0.002974397590361444
233,0.0036521084337349796
234,0.020067771084337327
235,-0.005835843373493965
236,-0.009299698795180722
237,0.030760542168674743
238,0.01031626506024097
239,0.0019954819277108182
240,0.005572289156626553
241,0.013930722891566272
242,0.02153614457831321
243,0.01046686746987957
244,-0.008207831325301174
245,0.007831325301204894
246,-0.017469879518072218
247,-0.01001506024096388
248,-0.0014683734939759385
249,0.012575301204819311
250,-0.007605421686746938
251,0.0054593373493976305
252,-0.0015813253012048611
253,-0.01645331325301208
254,-0.01099397590361445
255,0.005195783132530107
256,0.005233433734939674
257,-0.008283132530120474
258,-0.0004518072289156905
259,-0.0034262048192771344
260,0.011521084337349441
261,-0.001920180722891518
262,0.003539156626506057
263,-0.010128012048192803
264,-0.019239457831325246
265,0.002033132530120496
266,0.01743222891566265
267,0.001506024096385561
268,-0.0036521084337349796
269,-0.0282003012048192
270,-0.011746987951807175
271,0.013930722891566272
272,0.020406626506023984
273,-0.01743222891566265
274,0.029781626506024117
275,0.002673192771084354
276,0.00018825301204816736
277,0.0048569277108434505
278,-0.0034638554216867568
279,0.003275602409638534
280,0.0048569277108434505
281,-0.0045557228915662495
282,0.005609939759036231
283,-0.026882530120481973
284,0.009337349397590344
285,0.02503765060240959
286,0.0037650602409639022
287,0.004179216867469804
288,0.004216867469879482
289,0.0027861445783132766
290,-0.002484939759036131
291,0.001468373493975883
292,-0.007643072289156616
293,-0.00395331325301207
294,0.005835843373493965
295,-0.007831325301204894
296,-0.003539156626506057
297,-0.01682981927710836
298,-0.007680722891566294
299,0.0016566265060240504
300,-0.010316265060241026
301,-0.016189759036144558
302,0.0009789156626505147
303,-0.0021837349397590966
304,-0.003878012048192825
305,-0.032906626506024106
306,0.007191265060240926
307,-0.025715361445783125
308,-0.012349397590361522
309,-0.0063253012048193336
310,0.014947289156626575
311,-0.016942771084337338
312,-0.010391566265060215
313,0.011332831325301163
314,-0.008471385542168697
315,-0.018938253012048156
316,0.006588855421686746
317,0.007680722891566294
318,-0.0019954819277109292
319,-0.014909638554216842
320,0.0024472891566265087
321,0.0010918674698795483
322,-0.02202560240963858
323,-0.011483433734939763
324,-0.009939759036144524
325,-0.020218373493975927
326,-0.0005647590361445576
327,-0.0214231927710844
328,0.012349397590361466
329,0.0037274096385542244
330,-0.002597891566265109
331,-0.00033885542168676785
332,0.002974397590361444
333,-0.007003012048192758
334,0.02609186746987946
335,-0.007944277108433706
336,0.0004141566265060126
337,0.004932228915662584
338,0.013817771084337349
339,0.009073795180722821
340,-0.015361445783132588
341,0.005195783132530218
342,-0.01652861445783138
343,0.006099397590361488
344,0.012462349397590278
345,-0.006400602409638578
346,0.008734939759036053
347,-0.00493222891566264
348,0.011408132530120518
349,-0.0014683734939759385
350,0.007266566265060281
351,-0.008546686746987942
352,-0.013667168674698804
353,-0.01502259036144582
354,0.00832078313253004
355,0.006249999999999978
356,0.00120481927710836
357,-0.0027484939759037097
358,0.009036144578313254
359,-0.009638554216867434
360,0.019164156626506057
361,0.0011295180722891152
362,0.0002635542168675231
363,-0.007643072289156505
364,-0.0017695783132530285
365,-0.01705572289156615
366,-0.021573795180722943
367,0.0042921686746988374
368,-0.017884036144578286
369,-0.003878012048192825
370,0.005346385542168708
371,-0.007341867469879526
372,-0.024058734939759074
373,0.017432228915662762
374,0.014759036144578297
375,-0.0011295180722891707
376,0.01442018072289164
377,0.00350150602409649
378,-0.014909638554216897
379,-0.0015813253012048611
380,-0.009977409638554202
381,-0.0013930722891567493
382,-0.0029743975903614994
383,-0.007680722891566294
384,-0.008283132530120474
385,-0.0004141566265060126
386,0.002409638554216831
387,0.005233433734939785
388,0.00018825301204816736
389,-0.011634036144578364
390,0.0012801204819277157
391,-0.012688253012048123
392,-0.015210843373493987
393,0.005082831325301185
394,-0.008509036144578264
395,-0.010165662650602425
396,-0.007868975903614517
397,-0.004781626506024095
398,0.01912650602409649
399,-0.0038780120481927693
400,0.002936746987951766
401,-0.007417168674698826
402,-0.01457078313253024
403,0.002936746987951766
404,0.009111445783132499
405,0.0019201807228915735
406,-0.002296686746987908
407,-0.009826807228915713
408,0.00835843373493983
409,0.009186746987951855
410,-0.007115963855421736
411,0.002899096385542199
412,-0.0017695783132530285
413,-0.01649096385542176
414,-0.01204819277108432
415,0.013215361445783058
416,0.01667921686746987
417,0.013403614457831337
418,0.021272590361445798
419,0.005534638554216764
420,0.0
421,0.013968373493975839
422,-0.01366716867469886
423,-0.006362951807228956
424,-0.005496987951807197
425,-0.0033885542168674565
426,-0.006551204819277123
427,-0.01106927710843375
428,-0.005760542168674665
429,-0.0024472891566265087
430,0.005534638554216764
431,0.002673192771084354
432,-0.006024096385542188
433,-0.013817771084337349
434,0.008245481927710907
435,0.01091867469879515
436,0.011408132530120518
437,-0.0032756024096385894
438,0.03004518072289164
439,-0.004819277108433828
440,-0.007304216867469904
441,0.024623493975903687
442,-0.02360692771084333
443,0.0027484939759037097
444,-0.012387048192771144
445,-0.01302710843373489
446,-0.0050075301204818845
447,0.014457831325301207
448,0.006890060240963836
449,0.003200301204819289
450,-0.01539909638554221
451,0.028275602409638556
452,0.0024849397590360756
453,3.765060240967788e-05
454,0.013591867469879504
455,-0.015060240963855442
456,-0.004856927710843395
457,-0.0017695783132529175
458,0.00470632530120485
459,0.02063253012048194
460,0.022515060240963947
461,0.013140060240963924
462,0.017996987951807264
463,-0.004442771084337438
464,0.004781626506024095
465,-0.0007153614457831581
466,-0.01867469879518069
467,-0.01987951807228916
468,-0.010391566265060215
469,-0.015625
470,-0.011031626506024073
471,0.01212349397590351
472,-0.00030120481927709
473,-0.023456325301204783
474,-0.024736445783132555
475,-0.010203313253012103
476,-0.005158132530120485
477,0.009826807228915713
478,0.002070783132530174
479,-0.006024096385542188
480,-0.024962349397590344
481,-0.024397590361445842
482,0.004179216867469915
483,-0.021875000000000033
484,0.01942771084337347
485,-0.0045557228915662495
486,-0.007492469879518016
487,0.0063629518072289
488,-0.007191265060240926
489,-0.021987951807228845
490,0.029179216867469826
491,-0.022477409638554213
492,0.013177710843373491
493,0.00832078313253004
494,-0.001506024096385561
495,0.007492469879518016
496,-0.005647590361445798
497,-0.010353915662650592
498,-0.006099397590361488
499,0.002070783132530174
500,-0.004442771084337327
501,0.004141566265060237
502,-0.01607680722891558
503,0.0036144578313253017
504,-0.010015060240963825
505,0.017808734939759097
506,-0.010579819277108382
507,0.0024472891566265087
508,-0.010128012048192803
509,-0.012575301204819311
510,-0.007906626506024084
511,-0.020331325301204795
512,0.015700301204819245
513,0.003012048192771122
514,-0.007304216867469904
515,0.02940512048192767
516,-0.0020707831325301185
517,0.00865963855421692
518,0.015850903614457845
519,0.016754518072289115
520,0.0009789156626505147
521,0.002635542168674676
522,0.002597891566265109
523,-0.01807228915662651
524,-0.0020331325301204406
525,-0.004179216867469859
526,-0.006890060240963836
527,-0.00432981927710846
528,-0.011257530120481862
529,-0.002936746987951766
530,0.0037650602409639022
531,0.0018448795180722177
532,-0.003237951807228856
533,0.007191265060240926
534,0.00835843373493983
535,0.017394578313252973
536,0.00470632530120485
537,0.007115963855421681
538,-0.0045557228915662495
539,0.011897590361445776
540,-0.004216867469879426
541,-0.002635542168674676
542,-0.009600903614457812
543,-0.023155120481927693
544,-0.019615963855421636
545,0.0021460843373495297
546,0.004781626506024095
547,0.01242469879518071
548,-0.01671686746987955
549,-0.014081325301204872
550,0.0025225903614457534
551,0.006400602409638578
552,-0.015813253012048167
553,-0.01479668674698792
554,-0.007341867469879526
555,0.017846385542168663
556,-0.008057228915662684
557,-0.008960843373494065
558,0.007793674698795217
559,0.01743222891566265
560,-0.010805722891566283
561,-0.022929216867469904
562,-0.0126506024096385
563,-0.011746987951807175
564,0.008245481927710907
565,-0.003124999999999989
566,-0.021460843373493965
567,0.0034638554216868123
568,-0.0013930722891566383
569,0.0025225903614457534
570,0.0013930722891566383
571,-0.03162650602409639
572,0.012048192771084376
573,-0.00591114457831321
574,0.020067771084337327
575,0.00530873493975903
576,-0.008621987951807242
577,0.002597891566265109
578,-0.00425451807228916
579,0.002710843373494032
580,-0.01287650602409629
581,-0.005195783132530107
582,-0.004894578313253017
583,-0.0007153614457831581
584,-0.011784638554216853
585,0.0069277108433735135
586,0.02003012048192776
587,0.006890060240963947
588,-0.0155496987951807
589,-0.007266566265060337
590,0.008170180722891551
591,0.004932228915662584
592,-0.01750753012048195
593,0.007040662650602325
594,-0.01705572289156626
595,0.013780120481927671
596,0.0072289156626504925
597,0.002899096385542199
598,-0.0018072289156626509
599,-0.002259036144578286
600,-0.0039909638554216365
601,0.0016566265060241614
602,-0.004103915662650615
603,0.010579819277108382
604,0.012500000000000067
605,-0.0006400602409638578
606,-0.001016566265060248
607,-0.012537650602409633
608,0.0016189759036144835
609,0.030308734939759052
610,0.006852409638554269
611,0.0028614457831325213
612,0.0042921686746988374
613,0.005233433734939785
614,-0.005459337349397575
615,0.006099397590361488
616,0.00470632530120485
617,0.011445783132530196
618,-0.004894578313253017
619,-0.0157756024096386
620,0.012161144578313188
621,-0.005120481927710807
622,-0.023155120481927693
623,0.0010542168674698704
624,0.004518072289156572
625,-0.008283132530120474
626,-0.0019954819277108182
627,0.017996987951807153
628,-0.009864457831325335
629,-0.0019954819277108182
630,0.007341867469879526
631,0.028012048192771144
632,-0.005572289156626553
633,0.01091867469879515
634,-0.005685240963855365
635,0.010052710843373447
636,-0.011859939759036153
637,-0.005384036144578275
638,-0.001204819277108471
639,-0.01046686746987957
640,-0.007605421686746938
641,-0.023456325301204783
642,0.009036144578313254
643,-0.020783132530120485
644,-0.0045557228915662495
645,0.014307228915662606
646,-0.017921686746987908
647,0.00395331325301207
648,0.031475903614457845
649,-7.530120481918923e-05
650,0.00380271084337358
651,-0.023230421686746994
652,0.0042921686746988374
653,-0.024472891566265087
654,0.022853915662650603
655,0.006174698795180622
656,-0.0019954819277108182
657,0.0024849397590361866
658,-0.009036144578313254
659,-0.00060240963855418
660,0.0015436746987951278
661,-0.000903614457831381
662,-0.008885542168674765
663,0.008396084337349397
664,0.017620481927710818
665,-0.021950301204819334
666,0.01592620481927709
667,0.020707831325301185
668,0.004367469879518082
669,0.011257530120481918
670,-0.01502259036144582
671,-0.01592620481927709
672,-0.002221385542168719
673,-0.002936746987951766
674,-0.005496987951807197
675,-0.0019954819277109292
676,-0.0075301204819276935
677,0.006777108433734913
678,0.0025602409638554313
679,0.011144578313252995
680,-0.003237951807228967
681,0.0219879518072289
682,-0.005045180722891618
683,0.006137048192771055
684,-0.0019578313253011403
685,-0.016189759036144558
686,0.014796686746987864
687,-0.006024096385542188
688,0.003012048192771122
689,-0.004743975903614417
690,0.011219879518072351
691,-0.005421686746988008
692,-0.0007153614457831026
693,0.013478915662650581
694,-0.010768072289156605
695,-0.002108433734939741
696,0.0021837349397590966
697,-0.002899096385542199
698,-0.01084337349397596
699,0.008358433734939719
700,-0.002334337349397586
701,-0.013253012048192792
702,-0.005120481927710807
703,-0.010128012048192803
704,0.005911144578313321
705,-0.008170180722891496
706,-0.012010542168674754
707,-0.007944277108433706
708,-0.01302710843373489
709,0.008094879518072307
710,-0.009036144578313254
711,-0.008810240963855354
712,0.001468373493975883
713,0.0015436746987952388
714,-0.01622740963855418
715,-0.0005271084337349907
716,-0.008283132530120474
717,-0.005459337349397575
718,-0.010730421686746983
719,-0.004819277108433717
720,-0.0027108433734939763
721,0.0066265060240963125
722,-0.003237951807228856
723,-0.017545180722891518
724,-0.001317771084337338
725,-0.012349397590361522
726,0.005007530120482051
727,-0.01242469879518071
728,0.00865963855421692
729,0.004405120481927649
730,0.015625
731,-0.016189759036144558
732,0.0017319277108432951
733,-0.006475903614457823
734,-0.003200301204819289
735,-0.024021084337349285
736,-0.0154743975903614
737,-0.008847891566265087
738,-0.0042921686746988374
739,0.0013177710843373935
740,-0.008885542168674654
741,-0.015361445783132532
742,0.0004894578313252573
743,0.009487951807228945
744,-0.017018072289156583
745,0.003501506024096379
746,0.006438253012048256
747,0.015549698795180755
748,-0.02789909638554211
749,0.016340361445783103
750,0.00018825301204816736
751,0.0008659638554217031
752,-0.013855421686746971
753,0.01076807228915655
754,0.009525602409638512
755,-0.006588855421686746
756,0.014984939759036142
757,-0.0007153614457831581
758,0.0025225903614457534
759,-0.004179216867469915
760,0.01807228915662651
761,-0.028162650602409633
762,0.009751506024096468
763,0.02172439759036149
764,-0.007115963855421736
765,-0.018637048192771066
766,-0.007191265060241037
767,-0.0007530120481927804
768,-0.002183734939759041
769,-0.011483433734939763
770,0.010278614457831403
771,-0.01332831325301198
772,-0.004969879518072207
773,0.014118975903614439
774,-0.0011295180722891707
775,-0.009375000000000022
776,-0.015963855421686768
777,-0.00432981927710846
778,-0.021912650602409656
779,-0.024096385542168697
780,-0.0004894578313253684
781,-0.027484939759036153
782,-0.007643072289156616
783,-0.005496987951807197
784,0.004141566265060237
785,0.001506024096385561
786,-0.01874999999999999
787,-0.0073795180722891485
788,-0.004367469879518027
789,-0.004480421686747005
790,-0.019352409638554224
791,-0.008396084337349452
792,0.015813253012048167
793,-0.006701807228915724
794,-0.009262048192771044
795,0.02673192771084343
796,-0.005346385542168708
797,-0.005496987951807197
798,0.012387048192771144
799,-0.009111445783132555
800,-0.01325301204819268
801,0.0033132530120482118
802,0.016039156626506013
803,0.011408132530120518
804,0.012914156626505968
805,0.015097891566265065
806,-0.008734939759036164
807,-0.014834337349397542
808,0.0012801204819277157
809,0.005195783132530107
810,-0.015737951807228923
811,0.0
812,-0.0013554216867469604
813,0.0042921686746988374
814,-0.002823795180722899
815,0.00045180722891557945
816,0.011445783132530196
817,-0.03012048192771083
818,0.0025225903614457534
819,0.010542168674698815
820,0.027861445783132543
821,0.016189759036144613
822,-0.009977409638554202
823,-0.0009412650602409478
824,0.006890060240963836
825,0.022853915662650603
826,-0.002033132530120496
827,0.026581325301204828
828,0.0214231927710844
829,-0.010391566265060215
830,0.0005647590361446131
831,-0.0056099397590361755
832,0.010655120481927738
833,0.004367469879518082
834,-0.01750753012048195
835,-0.01144578313253014
836,-0.0014307228915663162
837,-0.004292168674698726
838,0.0036897590361445465
839,-0.005873493975903643
840,-0.002522590361445698
841,0.006475903614457712
842,-0.019691265060240937
843,0.002033132530120385
844,-0.009450301204819322
845,-0.006890060240963947
846,-0.0027108433734939763
847,-0.005798192771084398
848,-0.0022966867469880192
849,-0.0010918674698794928
850,-0.024134036144578264
851,-0.01325301204819268
852,-0.003915662650602447
853,-0.0007530120481927804
854,0.019766566265060237
855,0.011897590361445776
856,-0.012914156626506024
857,0.019013554216867457
858,-0.009450301204819267
859,0.010052710843373447
860,-0.0059111445783132655
861,-0.0019954819277109292
862,0.0063253012048192225
863,-0.01671686746987955
864,-0.008019578313253062
865,-0.003915662650602447
866,0.004819277108433773
867,0.026280120481927738
868,0.0007530120481927804
869,-0.002560240963855487
870,-0.022289156626506046
871,-0.004668674698795228
872,0.007868975903614461
873,-0.003200301204819289
874,0.018448795180722843
875,-0.007868975903614517
876,0.0006400602409637468
877,0.011182228915662784
878,-0.010090361445783125
879,0.002409638554216831
880,-0.011031626506024073
881,-0.002108433734939741
882,-0.00432981927710846
883,-0.021272590361445798
884,-0.01799698795180732
885,-0.0010918674698795483
886,-0.0072289156626506035
887,-0.0038780120481927693
888,-0.001355421686747016
889,-0.010617469879518115
890,-0.010881024096385472
891,0.003915662650602392
892,0.010805722891566227
893,0.0248870481927711
894,-0.00018825301204816736
895,-0.011558734939759063
896,-0.0053087349397589745
897,-0.0003765060240963902
898,0.0069277108433735135
899,-0.012537650602409633
900,0.004141566265060237
901,-0.019841867469879537
902,-0.0018072289156626509
903,0.010015060240963769
904,-0.010466867469879515
905,-0.007605421686746938
906,-0.006664156626506046
907,-0.023908132530120474
908,-0.021649096385542188
909,0.014457831325301207
910,-0.01675451807228917
911,-0.002183734939759041
912,0.0189382530120481
913,-0.0007153614457831026
914,-0.010165662650602425
915,-0.0033885542168674565
916,-0.005459337349397575
917,0.0013177710843373935
918,0.011784638554216853
919,-0.00045180722891557945
920,0.0036521084337349796
921,0.003237951807228856
922,-0.0028614457831325213
923,-0.0029367469879517105
924,-0.010956325301204772
925,-0.03445030120481929
926,0.008094879518072307
927,0.012650602409638556
928,0.015587349397590433
929,-0.0005647590361445576
930,0.005835843373493965
931,0.01242469879518071
932,-0.0157003012048193
933,-0.010730421686746983
934,0.008471385542168641
935,0.01502259036144582
936,-0.015361445783132532
937,0.009149096385542177
938,0.010090361445783125
939,0.0075301204819276935
940,0.013930722891566272
941,-0.006852409638554213
942,-0.010542168674698815
943,-0.009939759036144635
944,0.0222891566265061
945,0.017055722891566205
946,0.01622740963855418
947,0.002371987951807264
948,-0.024510542168674654
949,0.014457831325301207
950,-0.001317771084337338
951,0.0016189759036144835
952,0.00395331325301207
953,-0.004103915662650559
954,-0.001506024096385561
955,-0.009563253012048134
956,-0.004442771084337438
957,0.014909638554216786
958,-0.010692771084337305
959,0.0
960,-0.004593373493975927
961,-0.0011671686746987375
962,-0.002296686746987908
963,-0.02435993975903622
964,-0.019427710843373525
965,0.008283132530120474
966,-0.007605421686747105
967,0.010278614457831403
968,-0.019164156626506057
969,-0.0036144578313252462
970,0.013478915662650692
971,0.017055722891566205
972,0.017808734939759097
973,0.008810240963855409
974,-0.011521084337349441
975,-0.0037650602409638467
976,-0.0214231927710844
977,0.021498493975903532
978,-0.008245481927710852
979,-0.013817771084337294
980,-0.002108433734939741
981,0.004781626506024095
982,0.002334337349397475
983,-0.006325301204819278
984,-0.005572289156626498
985,-0.018034638554216886
986,0.01031626506024097
987,-0.006814759036144535
988,-0.010579819277108382
989,0.002033132530120496
990,0.008546686746987886
991,0.018034638554216942
992,-0.008433734939759074
993,0.005685240963855365
994,0.0004141566265060126
995,0.010278614457831403
996,0.0033885542168674565
997,0.0025602409638554313
998,0.014231927710843362
999,0.0037274096385542244
1000,-0.011558734939758952
1001,0.010015060240963769
1002,0.00030120481927709
1003,-0.0018448795180723288
1004,0.029216867469879504
1005,0.0092620481927711
1006,-0.013102409638554191
1007,-0.009374999999999967
1008,0.00530873493975903
1009,-0.005948795180722888
1010,0.006475903614457823
1011,0.000903614457831381
1012,0.013817771084337349
1013,0.0016189759036144835
1014,-0.020971385542168597
1015,0.008433734939759074
1016,0.0017319277108432951
1017,0.008847891566265087
1018,0.015323795180722799
1019,0.005233433734939785
1020,-0.012010542168674754
1021,-0.01242469879518071
1022,-0.01897590361445789
1023,-0.006739457831325346
1024,-0.020293674698795228
1025,-0.0016566265060241059
1026,-0.025037650602409645
1027,-0.0010542168674698704
1028,0.015323795180722799
1029,-0.001016566265060248
1030,0.011784638554216853
1031,-0.008697289156626486
1032,0.01212349397590351
1033,0.006814759036144591
1034,0.01728162650602416
1035,0.002409638554216942
1036,-0.010128012048192803
1037,-0.011558734939758952
1038,0.0019954819277109292
1039,-0.01585090361445779
1040,0.016942771084337394
1041,0.003012048192771122
1042,0.005911144578313321
1043,0.014156626506024117
1044,0.005609939759036231
1045,0.013893072289156705
1046,0.016189759036144613
1047,0.00956325301204819
1048,-0.004781626506024039
1049,0.010391566265060215
1050,-0.006061746987951755
1051,0.005873493975903532
1052,0.022251506024096424
1053,-0.014608433734939807
1054,0.014269578313252929
1055,0.014683734939759052
1056,0.015060240963855387
1057,0.007756024096385539
1058,0.0006777108433734247
1059,-0.008772590361445676
1060,-0.0029743975903614994
1061,0.0048569277108434505
1062,0.0018072289156626509
1063,0.015512048192770966
1064,0.020067771084337438
1065,-0.017545180722891518
1066,0.02217620481927718
1067,-0.014457831325301262
1068,-0.0013554216867469604
1069,0.011483433734939763
1070,-0.008245481927710796
1071,0.00500753012048194
1072,0.005609939759036231
1073,0.006400602409638578
1074,-0.013554216867469882
1075,-0.005722891566265098
1076,-0.013177710843373491
1077,-0.006626506024096368
1078,0.009487951807228945
1079,0.014156626506024117
1080,-0.003124999999999989
1081,0.009902108433734957
1082,0.010090361445783236
1083,0.0057605421686747205
1084,-0.011144578313252995
1085,0.023456325301204783
1086,-0.002484939759036131
1087,-0.015060240963855442
1088,-0.00425451807228916
1089,0.01502259036144582
1090,-0.0035768072289156794
1091,-0.0023343373493975306
1092,0.007191265060241037
1093,-0.0013930722891566383
1094,0.011746987951807286
1095,-0.007944277108433706
1096,0.00440512048192776
1097,-0.014608433734939807
1098,0.01121987951807224
1099,-0.005421686746988008
1100,0.0004518072289156905
1101,0.014231927710843362
1102,-0.005120481927710807
1103,-0.008396084337349452
1104,0.006249999999999978
1105,0.007492469879518127
1106,0.0057605421686747205
1107,0.001769578313252973
1108,-0.010617469879518115
1109,-0.009036144578313254
1110,0.0008659638554217031
1111,0.018938253012048212
1112,0.008094879518072307
1113,-0.015361445783132532
1114,-0.0020707831325301185
1115,-0.002936746987951877
1116,0.0004894578313252573
1117,0.00395331325301207
1118,-0.006024096385542244
1119,0.02594126506024097
1120,0.0019201807228915735
1121,-0.008621987951807242
1122,-0.005233433734939785
1123,-0.015662650602409678
1124,0.01698042168674696
1125,0.0025602409638554313
1126,-0.005948795180722888
1127,0.014947289156626575
1128,-0.01144578313253014
1129,0.006438253012048145
1130,0.001506024096385561
1131,0.0018825301204818956
1132,-0.004480421686747005
1133,-0.01705572289156626
1134,0.010805722891566227
1135,-0.009751506024096357
1136,0.0027484939759037097
1137,0.004179216867469804
1138,-0.007115963855421736
1139,0.0022966867469880192
1140,-0.00033885542168671234
1141,0.005835843373493965
1142,-0.007153614457831303
1143,0.010203313253012047
1144,0.00835843373493983
1145,-0.005798192771084398
1146,0.012010542168674698
1147,-0.0004141566265060126
1148,-0.023230421686746994
1149,0.0039909638554217475
1150,0.0021460843373494187
1151,0.011182228915662673
1152,0.0
1153,0.010993975903614506
1154,-0.0004141566265060126
1155,-0.010542168674698815
1156,0.013365963855421659
1157,-0.0026731927710844094
1158,0.00756777108433726
1159,-0.0026731927710842984
1160,-0.008772590361445787
1161,0.00470632530120485
1162,-0.000301204819277201
1163,-0.0024096385542168863
1164,0.009375000000000022
1165,0.0009412650602409478
1166,-0.006400602409638578
1167,0.010090361445783125
1168,-0.0017319277108433506
1169,-0.03569277108433744
1170,-0.001618975903614428
1171,0.0075301204819276935
1172,0.0005647590361446131
1173,0.006739457831325346
1174,-0.004781626506024039
1175,-0.02838855421686748
1176,0.0002635542168674121
1177,-0.004743975903614528
1178,-0.0016942771084337283
1179,0.030384036144578297
1180,0.028765060240963924
1181,0.007191265060240926
1182,0.00756777108433726
1183,-0.008057228915662684
1184,-0.012198795180722921
1185,-0.008170180722891607
1186,-0.0064759036144577675
1187,0.0006400602409637468
1188,0.009525602409638623
1189,0.004518072289156572
1190,0.012537650602409633
1191,0.008998493975903687
1192,-0.004367469879518027
1193,-0.010655120481927682
1194,0.00850903614457832
1195,-0.006362951807228956
1196,0.008810240963855409
1197,-0.0047063253012047945
1198,-0.026016566265060215
1199,-0.004066265060241048
1200,0.011408132530120518
1201,0.0011295180722891152
1202,-0.0072289156626506035
1203,0.013140060240963924
1204,-0.009939759036144635
1205,0.019691265060240992
1206,0.004066265060240992
1207,-0.01682981927710836
1208,0.0009789156626505147
1209,0.011822289156626531
1210,0.01743222891566265
1211,0.014796686746987975
1212,-0.004743975903614417
1213,-0.008170180722891496
1214,0.012499999999999956
1215,-0.01457078313253013
1216,-0.010278614457831403
1217,-0.005572289156626498
1218,0.004668674698795172
1219,0.0054593373493976305
1220,-0.006701807228915724
1221,0.015625
1222,-0.005534638554216875
1223,0.009826807228915713
1224,0.0057605421686747205
1225,0.015625
1226,-0.008320783132530096
1227,0.011106927710843428
1228,-0.002409638554216831
1229,-0.0033885542168674565
1230,-0.0042921686746988374
1231,-0.00402861445783137
1232,0.008396084337349397
1233,0.022251506024096313
1234,0.014608433734939696
1235,-0.0001506024096386005
1236,-0.014081325301204872
1237,-0.0008283132530119697
1238,0.018938253012048212
1239,0.006099397590361488
1240,-0.0033885542168674565
1241,0.0030873493975903665
1242,-0.010655120481927793
1243,0.00011295180722892262
1244,-0.0009789156626505702
1245,3.765060240956686e-05
1246,-0.005986445783132566
1247,-0.026167168674698815
1248,0.0021460843373494187
1249,0.011257530120481918
1250,0.0027861445783132766
1251,-0.000903614457831381
1252,-0.0011295180722891707
1253,-0.010617469879518115
1254,-0.009224397590361422
1255,0.0008283132530120252
1256,-0.008320783132530152
1257,0.02289156626506028
1258,0.009299698795180777
1259,0.009412650602409589
1260,-0.003840361445783147
1261,-0.004969879518072207
1262,0.01106927710843375
1263,0.008471385542168641
1264,0.021009036144578386
1265,-0.0014683734939759385
1266,-0.010316265060241026
1267,-0.016265060240963858
1268,-0.004066265060240937
1269,-0.020632530120481996
1270,0.0011295180722891152
1271,-0.007831325301204728
1272,-0.022326807228915724
1273,-0.005873493975903588
1274,-0.011182228915662673
1275,0.007153614457831359
1276,0.010617469879517949
1277,-0.012914156626506024
1278,-0.014533132530120452
1279,-0.009337349397590455
1280,-0.005459337349397575
1281,0.002108433734939741
1282,0.0025225903614457534
1283,-0.008546686746987886
1284,0.007643072289156727
1285,-0.016415662650602403
1286,0.004932228915662584
1287,0.004480421686747005
1288,0.013441265060240903
1289,-0.005572289156626553
1290,0.0007906626506023473
1291,0.0007530120481927804
1292,0.014118975903614439
1293,0.005986445783132566
1294,-0.004593373493975927
1295,-0.007304216867469904
1296,0.013215361445783058
1297,0.010052710843373558
1298,0.005948795180722999
1299,-0.02055722891566264
1300,0.0013930722891565273
1301,0.007003012048192758
1302,-0.01494728915662652
1303,-0.005873493975903588
1304,0.007153614457831359
1305,-0.017658132530120496
1306,0.021762048192771166
1307,-0.014683734939759052
1308,-0.003237951807228856
1309,0.013968373493975839
1310,-0.010203313253012103
1311,0.02078313253012054
1312,-0.007944277108433762
1313,-0.009487951807228834
1314,-0.002033132530120496
1315,0.0077936746987951055
1316,-0.0063253012048193336
1317,0.000903614457831381
1318,0.009036144578313254
1319,-0.002823795180722899
1320,0.018750000000000044
1321,-0.008584337349397564
1322,-0.0031626506024096113
1323,-0.007153614457831303
1324,0.023757530120481873
1325,-0.011671686746987875
1326,-0.01242469879518071
1327,-0.008772590361445842
1328,-0.01942771084337347
1329,-0.0001506024096386005
1330,0.01848644578313252
1331,0.012688253012048234
1332,0.0005271084337349352
1333,-0.009299698795180722
1334,0.014646084337349485
1335,-0.002259036144578286
1336,-0.008584337349397675
1337,-0.010165662650602425
1338,-0.00060240963855418
1339,-0.00402861445783137
1340,-0.01807228915662651
1341,-0.015963855421686712
1342,0.012763554216867479
1343,0.00696536144578308
1344,-0.019691265060240937
1345,0.011182228915662673
1346,-0.002635542168674676
1347,-0.0023719879518072085
1348,0.0025602409638555423
1349,0.011897590361445776
1350,0.0008283132530120252
1351,-0.014759036144578352
1352,-0.005647590361445798
1353,0.016453313253012025
1354,-0.006287650602409545
1355,-0.00022590361445778973
1356,-0.01426957831325304
1357,-0.0001506024096386005
1358,0.016792168674698793
1359,0.0018448795180723288
1360,-0.014043674698795139
1361,0.0010542168674698704
1362,0.010240963855421836
1363,-0.001618975903614539
1364,0.001769578313253084
1365,0.0018448795180723288
1366,0.005421686746987953
1367,-0.022703313253012114
1368,-0.0036144578313252462
1369,-0.0009789156626505702
1370,-0.01242469879518071
1371,0.012500000000000067
1372,-0.007793674698795217
1373,0.008847891566265087
1374,0.0066265060240963125
1375,-0.010429216867469893
1376,0.015399096385542155
1377,-0.003501506024096379
1378,-0.02887801204819279
1379,-0.009864457831325224
1380,-0.007944277108433706
1381,0.007115963855421681
1382,0.01167168674698793
1383,-0.014457831325301262
1384,0.0019954819277108182
1385,-0.010542168674698815
1386,-0.004254518072289215
1387,0.003840361445783147
1388,0.002108433734939852
1389,0.0247364457831325
1390,0.020670180722891507
1391,-0.016189759036144558
1392,-0.0026731927710842984
1393,0.005195783132530107
1394,0.004179216867469804
1395,-0.0016566265060241059
1396,-0.0006400602409638023
1397,-0.02978162650602406
1398,0.011445783132530196
1399,0.00986445783132528
1400,0.0034638554216867012
1401,0.013328313253012092
1402,-0.008396084337349452
1403,-0.011822289156626531
1404,0.012462349397590278
1405,0.0030496987951807997
1406,0.008019578313253062
1407,0.024510542168674654
1408,0.005496987951807197
1409,-0.007906626506024084
1410,0.002597891566265109
1411,-0.018222891566264998
1412,-0.012537650602409633
1413,-0.010655120481927682
1414,0.008546686746987997
1415,-0.0036521084337349796
1416,-0.01637801204819278
1417,-0.0012801204819277712
1418,-0.01822289156626511
1419,0.009751506024096468
1420,0.005609939759036231
1421,-0.010052710843373502
1422,-0.025527108433734902
1423,0.021046686746987953
1424,-0.0013930722891565828
1425,0.00033885542168676785
1426,0.008734939759036275
1427,-0.004593373493975816
1428,-0.001054216867469926
1429,0.005082831325301185
1430,-0.005722891566264987
1431,-0.005798192771084398
1432,-0.004254518072289215
1433,0.017168674698795128
1434,0.01607680722891569
1435,0.005647590361445798
1436,0.007417168674698771
1437,-0.0021837349397590966
1438,-0.009111445783132444
1439,-0.014984939759036142
1440,-0.024397590361445787
1441,-0.0004141566265060126
1442,0.006287650602409545
1443,0.00120481927710836
1444,-0.009224397590361422
1445,0.005082831325301185
1446,-0.01611445783132537
1447,0.013102409638554136
1448,-0.015737951807228923
1449,0.00956325301204819
1450,-0.01570030120481919
1451,0.011332831325301163
1452,0.011031626506024073
1453,-0.01472138554216873
1454,0.010805722891566227
1455,0.0036521084337349796
1456,0.0027861445783132766
1457,-0.005685240963855365
1458,-0.0027108433734939763
1459,-0.006626506024096368
1460,0.00696536144578308
1461,0.017507530120481896
1462,0.007417168674698771
1463,-0.008132530120481984
1464,0.009525602409638623
1465,0.010730421686746983
1466,-0.015662650602409622
1467,0.0036144578313253017
1468,0.006513554216867501
1469,0.007718373493975861
1470,-0.005082831325301185
1471,-0.010128012048192803
1472,0.01652861445783138
1473,0.002070783132530174
1474,0.006890060240963836
1475,-0.009299698795180722
1476,-0.006927710843373458
1477,0.0057605421686747205
1478,-0.010429216867469893
1479,-0.010579819277108382
1480,-0.017884036144578286
1481,-0.00395331325301207
1482,0.011558734939759008
1483,-0.0047063253012047945
1484,0.020218373493975927
1485,-0.008094879518072307
1486,0.011408132530120518
1487,0.005271084337349352
1488,-0.01167168674698793
1489,-0.01965361445783126
1490,0.01457078313253013
1491,-0.005835843373493965
1492,0.005722891566265043
1493,-0.010956325301204772
1494,-0.0006777108433734802
1495,-0.001317771084337338
1496,-0.0035768072289156794
1497,-0.01675451807228917
1498,0.0015436746987951278
1499,0.002334337349397475
1500,-0.005233433734939785
1501,0.018147590361445753
1502,0.005346385542168708
1503,0.024661144578313254
1504,0.01746987951807233
1505,0.00425451807228916
1506,0.003915662650602392
1507,0.0007906626506023473
1508,0.014947289156626464
1509,0.007718373493975861
1510,0.0016566265060241614
1511,-0.004743975903614417
1512,0.00011295180722892262
1513,0.0011295180722891152
1514,0.015512048192771077
1515,0.0014307228915662051
1516,-0.013629518072289182
1517,0.0157756024096386
1518,0.007115963855421681
1519,0.011935240963855454
1520,-0.008810240963855465
1521,-0.010504518072289193
1522,0.008170180722891551
1523,-0.006739457831325346
1524,-0.008358433734939774
1525,0.009826807228915602
1526,-0.012914156626506024
1527,-0.007718373493975916
1528,0.0009789156626505147
1529,-0.002936746987951877
1530,-0.009751506024096412
1531,0.004179216867469804
1532,0.0006777108433734247
1533,-0.0030120481927710663
1534,0.01137048192771084
1535,-0.013704819277108482
1536,-0.0033509036144578896
1537,-0.010165662650602425
1538,0.015436746987951833
1539,0.0015813253012048056
1540,-0.006513554216867445
1541,0.007417168674698771
1542,0.009638554216867434
1543,0.0037650602409639022
1544,-0.007492469879518127
1545,0.0016942771084337283
1546,0.00022590361445784524
1547,0.002409638554216942
1548,-0.008471385542168697
1549,0.00530873493975903
1550,0.0022590361445783413
1551,0.00820783132530123
1552,-0.0023719879518073195
1553,-0.0127259036144578
1554,-0.002522590361445698
1555,0.009751506024096468
1556,-0.004969879518072318
1557,0.004066265060240992
1558,-0.007793674698795217
1559,0.019239457831325302
1560,-0.026204819277108382
1561,-0.010617469879518004
1562,-0.01784638554216872
1563,0.005233433734939785
1564,-0.005835843373493965
1565,-0.006362951807228956
1566,0.0018448795180723288
1567,-0.0007153614457831026
1568,0.007191265060240926
1569,-0.017356927710843406
1570,0.00726656626506017
1571,0.00060240963855418
1572,-0.005421686746988008
1573,0.03181475903614461
1574,-0.0048569277108433395
1575,-0.0016942771084337283
1576,0.017093373493975883
1577,0.003012048192771122
1578,-0.01743222891566265
1579,-0.005384036144578386
1580,-0.002033132530120496
1581,0.018561746987951766
1582,-0.0026731927710842984
1583,0.000903614457831381
1584,-0.0013930722891565828
1585,-0.008170180722891496
1586,-0.016942771084337338
1587,0.011634036144578364
1588,-0.005873493975903588
1589,-0.0036897590361446575
1590,0.0051581325301204295
1591,-0.011408132530120463
1592,-0.009337349397590344
1593,0.009713855421686679
1594,-0.010579819277108382
1595,0.011182228915662562
1596,0.019766566265060237
1597,-0.006739457831325346
1598,0.014043674698795194
1599,-0.013968373493975894
1600,-0.0056099397590361755
1601,-0.008283132530120474
1602,0.0015813253012048056
1603,-0.013441265060240959
1604,0.011295180722891596
1605,0.012349397590361466
1606,-0.013968373493975894
1607,0.005271084337349352
1608,0.003200301204819289
1609,-0.0154743975903614
1610,-0.009487951807228834
1611,0.005195783132530218
1612,-0.025188253012048245
1613,0.0011295180722891152
1614,-0.020707831325301185
1615,-0.022364457831325235
1616,-0.006626506024096368
1617,-0.0063253012048193336
1618,0.020707831325301185
1619,-0.004179216867469859
1620,0.009939759036144635
1621,-0.0126506024096385
1622,-0.005798192771084398
1623,0.009713855421686679
1624,-0.008094879518072307
1625,0.01822289156626511
1626,0.009676204819277001
1627,0.009826807228915713
1628,0.006814759036144591
1629,0.0060240963855421326
1630,0.006852409638554158
1631,0.004781626506024095
1632,0.012387048192771144
1633,0.002334337349397586
1634,0.02289156626506028
1635,0.004743975903614417
1636,0.005609939759036231
1637,-0.005007530120481829
1638,0.01652861445783127
1639,-0.020293674698795117
1640,0.0030873493975902555
1641,-0.0032756024096385894
1642,-0.008132530120481873
1643,-0.008094879518072307
1644,-0.010203313253012103
1645,-0.010579819277108382
1646,-0.002221385542168719
1647,0.012274096385542221
1648,0.001506024096385561
1649,-0.04269578313253014
1650,-0.010843373493975905
1651,0.018637048192771122
1652,0.022402108433734913
1653,0.0004894578313252573
1654,0.007944277108433706
1655,0.001769578313252973
1656,0.013478915662650692
1657,-0.005233433734939785
1658,-0.00060240963855418
1659,0.006400602409638578
1660,0.02289156626506028
1661,-0.020444277108433828
1662,-0.0006400602409638578
1663,0.015399096385542155
1664,-0.0032756024096384784
1665,-0.001317771084337338
1666,-0.010429216867469893
1667,-0.009939759036144524
1668,0.00832078313253004
1669,-0.009939759036144635
1670,0.009186746987951855
1671,-0.0039909638554217475
1672,0.006174698795180733
1673,-0.0027861445783132766
1674,-0.01671686746987955
1675,-0.004781626506024095
1676,0.02187500000000009
1677,-0.0073795180722891485
1678,0.009713855421686679
1679,0.002108433734939741
1680,-0.005384036144578275
1681,-0.009224397590361422
1682,0.009638554216867434
1683,-0.007454819277108393
1684,-0.007868975903614517
1685,-0.009977409638554202
1686,0.0007906626506024583
1687,-0.005722891566265098
1688,-0.01167168674698793
1689,0.005986445783132566
1690,-0.007191265060240926
1691,-0.0014683734939758275
1692,-0.0072289156626506035
1693,0.0060240963855421326
1694,-0.0036144578313252462
1695,-0.003915662650602336
1696,0.010542168674698815
1697,-0.003878012048192825
1698,0.0024472891566265087
1699,-0.007341867469879526
1700,0.01302710843373489
1701,-0.0008283132530120807
1702,-0.005120481927710807
1703,0.0018448795180723288
1704,0.000301204819277201
1705,-0.0019954819277109292
1706,0.0031626506024096113
1707,0.012575301204819311
1708,0.005798192771084398
1709,0.003012048192771122
1710,0.00011295180722903364
1711,-0.011106927710843373
1712,0.015135542168674743
1713,-0.008094879518072196
1714,0.0036521084337349796
1715,-0.01099397590361445
1716,0.016566265060240948
1717,0.004066265060240881
1718,-0.01739457831325303
1719,0.027823795180722977
1720,0.0009412650602409478
1721,0.008396084337349397
1722,0.016490963855421703
1723,-0.026393072289156605
1724,-0.006852409638554213
1725,-0.0059111445783132655
1726,0.00850903614457832
1727,0.002673192771084354
1728,0.0018072289156626509
1729,-0.0025602409638554313
1730,-0.0023719879518073195
1731,0.0019954819277108182
1732,0.02232680722891578
1733,0.007492469879518127
1734,0.015060240963855387
1735,-0.021009036144578275
1736,-0.007304216867469904
1737,-0.009375000000000022
1738,-0.0030496987951806886
1739,0.004743975903614528
1740,0.008923192771084443
1741,-0.003539156626506057
1742,-0.01762048192771093
1743,-0.008998493975903632
1744,-0.007944277108433706
1745,-0.0022966867469880192
1746,-0.006890060240963836
1747,-0.002936746987951877
1748,-0.033509036144578286
1749,-0.011144578313252995
1750,-0.00018825301204816736
1751,0.02319277108433726
1752,0.012499999999999956
1753,0.007153614457831359
1754,-0.007868975903614517
1755,-0.0039909638554216365
1756,0.01818524096385543
1757,0.01897590361445789
1758,0.00790662650602414
1759,-0.012161144578313243
1760,0.00696536144578308
1761,0.010881024096385583
1762,0.009638554216867434
1763,-0.02484939759036142
1764,-0.009525602409638512
1765,-0.005459337349397575
1766,0.002899096385542199
1767,0.00425451807228916
1768,-0.004781626506024039
1769,-0.013064759036144569
1770,0.01686746987951815
1771,0.015888554216867412
1772,-0.0008283132530120807
1773,-0.002033132530120496
1774,0.00801957831325295
1775,0.026280120481927738
1776,-0.024284638554216864
1777,-0.013893072289156594
1778,0.004518072289156572
1779,0.00500753012048194
1780,-0.008998493975903632
1781,0.017432228915662762
1782,-0.0004518072289156905
1783,0.0072289156626506035
1784,0.01637801204819278
1785,0.00790662650602414
1786,0.003840361445783036
1787,-0.004103915662650615
1788,-0.014006024096385461
1789,0.011935240963855454
1790,-0.00033885542168676785
1791,0.005948795180722888
1792,-0.005948795180722943
1793,-0.0017695783132529175
1794,-0.006024096385542188
1795,0.012989457831325324
1796,-0.018561746987951877
1797,0.014118975903614439
1798,0.01701807228915664
1799,-0.012951807228915702
1800,-0.0012424698795181488
1801,0.02003012048192765
1802,0.00666415662650599
1803,0.009149096385542288
1804,0.007981927710843273
1805,-0.0063253012048193336
1806,-0.0022590361445782303
1807,-0.01464608433734943
1808,0.003200301204819289
1809,-0.008659638554216864
1810,0.012838855421686834
1811,0.004894578313253017
1812,0.00022590361445784524
1813,-0.0154743975903614
1814,0.01954066265060239
1815,0.0001506024096386005
1816,0.00060240963855418
1817,-0.015587349397590378
1818,0.014081325301204872
1819,0.0010542168674699814
1820,0.011445783132530196
1821,0.011257530120481918
1822,0.019615963855421636
1823,0.019691265060240992
1824,0.0033509036144578896
1825,0.0027484939759035987
1826,0.0015436746987951278
1827,-0.016265060240963858
1828,0.003200301204819289
1829,0.017432228915662762
1830,0.006137048192771166
1831,-0.01682981927710836
1832,0.0185240963855422
1833,-0.004103915662650559
1834,-0.029442771084337294
1835,-0.008584337349397675
1836,-0.0002635542168674121
1837,-0.016641566265060248
1838,0.0008283132530120252
1839,-0.0018072289156626509
1840,-0.013403614457831281
1841,0.0006400602409638578
1842,-0.01920180722891568
1843,0.0030496987951806886
1844,-0.01539909638554221
1845,-0.021310240963855365
1846,0.005911144578313321
1847,0.00440512048192776
1848,0.005233433734939785
1849,0.010805722891566227
1850,-0.019917168674698837
1851,-0.0012424698795180378
1852,-0.01129518072289154
1853,-0.0029743975903614994
1854,0.020594879518072262
1855,-0.004066265060240937
1856,-0.009525602409638512
1857,0.00805722891566274
1858,-0.004856927710843395
1859,0.010015060240963769
1860,0.0005271084337349352
1861,0.005986445783132566
1862,-0.0011295180722891707
1863,-0.011332831325301163
1864,0.009111445783132499
1865,0.0004518072289156905
1866,-0.007944277108433706
1867,-0.018147590361445698
1868,0.003275602409638534
1869,0.012537650602409633
1870,0.005045180722891618
1871,0.0
1872,0.0054593373493976305
1873,0.01121987951807224
1874,-0.01773343373493974
1875,3.765060240956686e-05
1876,0.005233433734939785
1877,0.001506024096385561
1878,0.02123493975903623
1879,0.013855421686747027
1880,0.009450301204819267
1881,-0.007454819277108504
1882,-0.000903614457831381
1883,-0.02936746987951805
1884,0.008094879518072307
1885,-0.0033885542168674565
1886,-0.006551204819277123
1887,-0.002108433734939741
1888,-0.000602409638554291
1889,0.0027484939759035987
1890,-0.003802710843373469
1891,0.008734939759036053
1892,0.004819277108433773
1893,0.0030496987951806886
1894,-0.011144578313252995
1895,-0.009525602409638512
1896,0.0034262048192771344
1897,-0.01777108433734942
1898,0.010504518072289137
1899,-0.021385542168674665
1900,0.013064759036144569
1901,0.010128012048192803
1902,0.011634036144578364
1903,0.011596385542168797
1904,-0.026054216867469893
1905,0.008885542168674654
1906,0.022402108433734913
1907,0.025828313253012047
1908,0.0034638554216867012
1909,0.004442771084337438
1910,0.0010918674698795483
1911,-0.0036521084337349796
1912,0.0027484939759037097
1913,-0.011144578313252995
1914,0.021573795180723
1915,0.014194277108433684
1916,0.011897590361445776
1917,-0.001618975903614539
1918,-0.01890060240963848
1919,0.0214231927710844
1920,0.02183734939759041
1921,0.029329819277108427
1922,0.008546686746987886
1923,0.003840361445783147
1924,-0.00018825301204816736
1925,0.004367469879518082
1926,-0.005120481927710807
1927,-0.008433734939758963
1928,-0.0050075301204819955
1929,-0.011521084337349385
1930,0.006174698795180733
1931,-0.0016942771084337283
1932,-0.007003012048192758
1933,0.018335843373494032
1934,-0.0036144578313252462
1935,0.008734939759036164
1936,0.0048569277108434505
1937,0.0031626506024096113
1938,0.00956325301204819
1939,0.01046686746987957
1940,-0.0050075301204819955
1941,0.019465361445783147
1942,-0.009939759036144635
1943,0.005798192771084398
1944,0.014683734939759052
1945,-0.0047063253012047945
1946,0.012085843373494054
1947,0.03019578313253013
1948,-0.0073795180722891485
1949,-0.019841867469879426
1950,-0.0005271084337349907
1951,0.005271084337349352
1952,0.005082831325301185
1953,0.005722891566265043
1954,-0.009864457831325224
1955,-0.0006400602409638578
1956,-0.002936746987951877
1957,-0.009864457831325224
1958,-0.009299698795180666
1959,0.012048192771084376
1960,0.009224397590361422
1961,-0.007906626506024084
1962,0.016001506024096335
1963,-0.0004894578313253684
1964,0.00726656626506017
1965,-0.007115963855421736
1966,0.013328313253012092
1967,-0.012801204819277101
1968,0.014231927710843362
1969,0.009939759036144635
1970,-0.010956325301204772
1971,-0.01069277108433736
1972,-0.002484939759036131
1973,0.01746987951807233
1974,0.026807228915662562
1975,0.008471385542168641
1976,-0.0009789156626505702
1977,-0.00011295180722892262
1978,0.012612951807228878
1979,0.011483433734939763
1980,0.0031250000000000444
1981,-0.00011295180722892262
1982,-0.009563253012048245
1983,-0.009789156626506035
1984,0.0036144578313253017
1985,-0.008396084337349397
1986,-0.024924698795180722
1987,-0.00463102409638555
1988,-0.01426957831325304
1989,-0.0010542168674698704
1990,0.011332831325301163
1991,-0.0047063253012047945
1992,0.012650602409638556
1993,0.023418674698795217
1994,-0.002899096385542199
1995,-0.020406626506024095
1996,0.011558734939759008
1997,0.00790662650602414
1998,0.009111445783132499
1999,0.014231927710843473
2000,0.002974397590361444
2001,0.00060240963855418
2002,0.008546686746987886
2003,-0.009676204819277057
2004,-0.01705572289156626
2005,-0.014834337349397542
2006,0.0036521084337348686
2007,-0.009073795180722877
2008,0.007341867469879526
2009,-0.004216867469879426
2010,-0.008546686746987886
2011,-0.005195783132530107
2012,-0.014909638554216842
2013,-0.011332831325301163
2014,-0.010429216867469837
2015,0.00045180722891557945
2016,0.013817771084337238
2017,0.0007530120481927804
2018,-0.02123493975903612
2019,-0.010504518072289193
2020,0.0013177710843373935
2021,-0.0021460843373494742
2022,0.017620481927710818
2023,0.0010918674698795483
2024,0.01957831325301207
2025,-0.010542168674698815
2026,-0.008584337349397564
2027,0.009036144578313254
2028,-0.0013930722891566383
2029,0.003200301204819289
2030,0.0027861445783132766
2031,-0.00402861445783137
2032,0.006777108433734913
2033,-0.013591867469879504
2034,0.007567771084337371
2035,-0.013064759036144569
2036,0.003275602409638534
2037,0.013403614457831337
2038,-0.007341867469879526
2039,0.003200301204819289
2040,-0.006513554216867556
2041,-0.009149096385542232
2042,-0.002522590361445809
2043,0.0021837349397589856
2044,0.003012048192771122
2045,0.02609186746987957
2046,-0.01897590361445789
2047,0.02168674698795181
2048,-0.00432981927710846
2049,-0.015587349397590378
2050,0.030986445783132477
2051,0.006739457831325346
2052,0.011106927710843428
2053,-0.008584337349397675
2054,-0.00022590361445778973
2055,0.01848644578313252
2056,0.0022590361445783413
2057,0.020519578313253017
2058,-0.0017695783132530285
2059,0.004141566265060237
2060,-0.0019954819277108182
2061,0.005873493975903532
2062,-0.010052710843373447
2063,-0.021385542168674776
2064,0.0022590361445783413
2065,-0.013064759036144569
2066,0.0030873493975902555
2067,0.00410391566265067
2068,0.015512048192771077
2069,0.002334337349397586
2070,-0.020368975903614417
2071,0.004066265060240992
2072,0.016716867469879437
2073,0.018862951807228856
2074,-0.016039156626506013
2075,0.016603915662650515
2076,-0.0015436746987951278
2077,0.004292168674698726
2078,0.0010165662650603036
2079,0.01366716867469886
2080,0.004781626506023984
2081,-0.015210843373493987
2082,-0.01652861445783138
2083,0.0005647590361446131
2084,0.019013554216867457
2085,-0.012198795180722866
2086,-0.0019954819277108182
2087,0.001167168674698793
2088,-0.021874999999999978
2089,-0.01769578313253012
2090,0.007605421686746938
2091,0.004442771084337327
2092,0.00350150602409649
2093,0.017394578313252973
2094,0.004028614457831314
2095,-0.0023719879518073195
2096,-0.00432981927710846
2097,-0.0031626506024096668
2098,-0.007981927710843495
2099,0.005496987951807197
2100,-0.002861445783132577
2101,0.002974397590361444
2102,-0.0042921686746988374
2103,-0.003426204819277079
2104,0.0019954819277109292
2105,-0.0026731927710842984
2106,0.002936746987951877
2107,0.005384036144578386
2108,-0.007680722891566294
2109,0.0021837349397590966
2110,0.021498493975903532
2111,-0.003915662650602447
2112,-0.01780873493975904
2113,0.0002635542168675231
2114,-0.01001506024096388
2115,-0.0003765060240963902
2116,-0.011182228915662673
2117,-0.01867469879518069
2118,-0.016566265060240948
2119,0.01728162650602416
2120,-0.003915662650602447
2121,0.00120481927710836
2122,0.006438253012048256
2123,0.0022213855421686635
2124,0.016792168674698793
2125,0.017356927710843406
2126,-0.005760542168674776
2127,0.017206325301204806
2128,-0.026167168674698815
2129,7.530120481924474e-05
2130,-0.00018825301204816736
2131,-0.010090361445783125
2132,0.02413403614457832
2133,0.0092620481927711
2134,0.01016566265060237
2135,0.002108433734939741
2136,-0.023230421686747105
2137,0.002899096385542199
2138,-0.004179216867469859
2139,0.00530873493975903
2140,0.020406626506024095
2141,0.013591867469879504
2142,0.004405120481927649
2143,0.009902108433734957
2144,-0.019917168674698837
2145,0.012462349397590278
2146,-0.01980421686746986
2147,-0.02850150602409629
2148,-0.0017319277108433506
2149,-0.0012424698795180378
2150,0.002673192771084354
2151,0.0045557228915662495
2152,0.019164156626506057
2153,0.002371987951807264
2154,0.0004141566265060126
2155,-0.01234939759036141
2156,-0.008810240963855465
2157,-0.007756024096385483
2158,-0.024999999999999967
2159,-0.001920180722891518
2160,0.003275602409638534
2161,-0.008132530120481873
2162,0.0004518072289156905
2163,-0.002936746987951766
2164,-0.005459337349397575
2165,-0.011558734939759063
2166,-0.001618975903614428
2167,0.004668674698795172
2168,0.006174698795180733
2169,-0.009977409638554202
2170,-0.0007906626506024583
2171,0.015512048192771077
2172,0.00022590361445784524
2173,0.009073795180722932
2174,-0.012236445783132543
2175,0.005045180722891618
2176,-0.004969879518072318
2177,-0.005572289156626498
2178,-0.0034638554216867568
2179,0.014231927710843473
2180,-0.003426204819277079
2181,-0.014307228915662662
2182,-0.005233433734939785
2183,0.004216867469879482
2184,-0.013064759036144569
2185,0.003237951807228856
2186,0.005835843373493965
2187,0.005384036144578275
2188,0.012650602409638556
2189,-0.010090361445783125
2190,-0.013064759036144569
2191,-0.004593373493975816
2192,0.004367469879518082
2193,0.0054593373493976305
2194,-0.0009789156626505702
2195,-0.004593373493975927
2196,0.01807228915662651
2197,-0.008433734939758963
2198,0.013478915662650581
2199,0.0063253012048192225
2200,0.0008283132530120252
2201,-0.028614457831325324
2202,-0.0024096385542168863
2203,-0.006061746987951755
2204,0.002070783132530174
2205,0.02168674698795181
2206,0.0025602409638555423
2207,0.0092620481927711
2208,-0.006739457831325346
2209,-0.008320783132530096
2210,0.014231927710843473
2211,-0.014194277108433684
2212,-0.006890060240963836
2213,-0.009713855421686735
2214,0.013855421686747027
2215,0.002070783132530174
2216,-0.002936746987951877
2217,0.006551204819277179
2218,0.00033885542168676785
2219,0.003576807228915624
2220,-0.012612951807228934
2221,-0.008320783132530096
2222,-0.0006400602409638023
2223,-0.005421686746988008
2224,-0.0059111445783132655
2225,-0.006626506024096368
2226,0.005873493975903532
2227,-0.034186746987951766
2228,0.011144578313252995
2229,-0.001317771084337338
2230,-0.0001506024096386005
2231,-0.01807228915662651
2232,0.011897590361445776
2233,0.010881024096385583
2234,0.002974397590361444
2235,0.024661144578313254
2236,-0.0004141566265060126
2237,0.0063253012048192225
2238,-0.0021837349397590966
2239,0.004216867469879482
2240,0.016603915662650515
2241,0.008471385542168641
2242,0.006438253012048256
2243,0.001468373493975883
2244,0.014344879518072284
2245,0.0013554216867469604
2246,0.013704819277108427
2247,-0.013140060240963869
2248,-0.0017319277108433506
2249,0.0036897590361446575
2250,0.01362951807228907
2251,-0.011408132530120352
2252,0.018561746987951877
2253,0.0072289156626506035
2254,0.0025225903614457534
2255,-0.010918674698795205
2256,0.0007530120481927804
2257,-0.01426957831325304
2258,-0.011257530120481973
2259,0.0025602409638555423
2260,0.00790662650602414
2261,-0.0035768072289156794
2262,-0.00045180722891557945
2263,0.013968373493975839
2264,0.013478915662650692
2265,-0.01592620481927709
2266,-0.03475150602409638
2267,-0.002484939759036131
2268,-0.0157003012048193
2269,-0.002259036144578286
2270,0.00896084337349401
2271,0.025075301204819267
2272,0.009073795180722932
2273,-0.009864457831325335
2274,-0.003200301204819289
2275,0.0002635542168675231
2276,0.007643072289156505
2277,-0.003915662650602447
2278,-0.01682981927710847
2279,-0.022402108433734913
2280,0.012763554216867479
2281,0.015248493975903665
2282,0.011746987951807286
2283,-0.006551204819277123
2284,-0.009638554216867434
2285,0.0008283132530120252
2286,-0.004254518072289215
2287,-0.009789156626506035
2288,0.007078313253011892
2289,0.0015436746987951278
2290,-0.002334337349397586
2291,0.007417168674698882
2292,0.013893072289156705
2293,-0.010504518072289193
2294,-0.005572289156626498
2295,-0.0018072289156627064
2296,0.012387048192771144
2297,-0.007906626506024084
2298,0.011219879518072351
2299,-0.009337349397590455
2300,0.006438253012048145
2301,0.0011295180722891152
2302,0.0006400602409638578
2303,0.0013930722891566383
2304,-0.01069277108433736
2305,-0.01667921686746987
2306,0.018448795180722843
2307,0.005647590361445798
2308,-0.01709337349397594
2309,-0.0029743975903614994
2310,-0.01814759036144581
2311,-0.01686746987951815
2312,0.010956325301204828
2313,-0.001016566265060248
2314,0.001167168674698793
2315,0.009676204819277001
2316,-0.01682981927710836
2317,0.0004141566265060126
2318,-0.007718373493975916
2319,0.003539156626506057
2320,-0.006852409638554158
2321,0.014533132530120452
2322,0.005835843373493965
2323,0.011596385542168686
2324,0.0054593373493976305
2325,-0.0072289156626506035
2326,0.01762048192771093
2327,-0.0018448795180723288
2328,0.009412650602409589
2329,-0.010918674698795205
2330,0.004442771084337438
2331,0.018712349397590367
2332,-0.01426957831325304
2333,0.008471385542168641
2334,0.015888554216867412
2335,0.02093373493975903
2336,0.005045180722891618
2337,-0.003802710843373469
2338,0.006852409638554269
2339,0.009412650602409589
2340,0.014043674698795194
2341,-0.01675451807228917
2342,0.00896084337349401
2343,0.0028237951807228434
2344,-0.001317771084337338
2345,0.002033132530120496
2346,0.010730421686746983
2347,0.010956325301204828
2348,0.01182228915662642
2349,-0.008320783132530096
2350,-0.009864457831325335
2351,-0.00060240963855418
2352,0.004480421686747005
2353,0.0214231927710844
2354,-0.01652861445783138
2355,-0.012236445783132543
2356,-0.008132530120481873
2357,-0.011935240963855454
2358,-0.0012801204819277712
2359,-0.008283132530120474
2360,0.0
2361,0.012763554216867479
2362,0.012161144578313188
2363,0.019992469879518082
2364,0.002371987951807264
2365,0.0012801204819277157
2366,0.011558734939759008
2367,-0.01607680722891558
2368,0.011709337349397608
2369,0.010542168674698815
2370,0.004518072289156572
2371,0.017507530120481896
2372,-0.0053087349397589745
2373,0.01622740963855418
2374,0.00591114457831321
2375,0.0069277108433735135
2376,0.008019578313253062
2377,-0.009337349397590344
2378,0.0005647590361446131
2379,-0.01517319277108431
2380,0.0072289156626506035
2381,-0.007605421686746938
2382,-0.023042168674698826
2383,-0.021385542168674776
2384,0.01517319277108431
2385,0.002635542168674676
2386,-0.020067771084337327
2387,0.006400602409638578
2388,0.0036144578313253017
2389,0.0024472891566265087
2390,0.009600903614457867
2391,-0.0053087349397589745
2392,-0.010278614457831292
2393,-0.011031626506024184
2394,0.007718373493975861
2395,-0.004066265060240937
2396,-0.008320783132530096
2397,-0.011822289156626475
2398,0.0033509036144578896
2399,0.01713102409638556
2400,-0.01607680722891558
2401,0.012499999999999956
2402,0.014194277108433795
2403,0.01532379518072291
2404,-0.020896084337349297
2405,-0.004781626506024039
2406,0.008546686746987997
2407,-0.006024096385542188
2408,0.01927710843373498
2409,0.01867469879518069
2410,-0.022100903614457934
2411,0.012349397590361466
2412,0.005572289156626442
2413,-0.006814759036144535
2414,-0.00395331325301207
2415,-0.0008283132530119697
2416,0.0018448795180723288
2417,-0.011935240963855454
2418,-0.005835843373493965
2419,-0.03049698795180722
2420,-0.009149096385542232
2421,0.005722891566265043
2422,-0.002597891566265109
2423,-0.01735692771084335
2424,-0.005685240963855365
2425,-0.0015436746987951278
2426,-0.0004141566265060126
2427,0.00033885542168676785
2428,0.006287650602409656
2429,0.013215361445783058
2430,-0.017545180722891518
2431,0.0016942771084337283
2432,0.009186746987951855
2433,-0.00971385542168679
2434,0.02338102409638554
2435,0.01517319277108431
2436,0.005722891566265043
2437,0.0069277108433735135
2438,0.006249999999999978
2439,-0.013403614457831281
2440,-0.010429216867469837
2441,0.0013554216867470714
2442,-0.010805722891566172
2443,0.011182228915662673
2444,0.007266566265060281
2445,-0.018712349397590367
2446,-0.01144578313253014
2447,-0.002635542168674676
2448,0.004442771084337438
2449,-0.0029743975903613884
2450,0.004216867469879482
2451,0.0011295180722891152
2452,-0.006438253012048145
2453,0.002974397590361444
2454,0.012801204819277157
2455,-0.011634036144578364
2456,-0.009224397590361422
2457,-0.007153614457831303
2458,-0.004066265060241048
2459,0.015210843373493987
2460,-0.005798192771084398
2461,0.023908132530120474
2462,0.0001506024096386005
2463,-0.01713102409638556
2464,0.00530873493975903
2465,-0.002033132530120496
2466,-0.015737951807228923
2467,-0.008170180722891496
2468,0.012462349397590278
2469,0.0004894578313252573
2470,0.008885542168674654
2471,-0.003124999999999989
2472,-0.004442771084337327
2473,-0.008960843373493954
2474,0.002108433734939741
2475,-0.008057228915662573
2476,0.002974397590361444
2477,0.017319277108433728
2478,-0.010692771084337305
2479,0.0004141566265060126
2480,0.005534638554216875
2481,-0.001016566265060248
2482,0.013064759036144458
2483,0.012161144578313299
2484,0.015060240963855387
2485,0.017055722891566205
2486,-0.005873493975903643
2487,-0.020218373493975927
2488,0.003200301204819289
2489,0.020444277108433773
2490,-0.01701807228915664
2491,-0.009902108433734902
2492,0.005045180722891618
2493,-0.008283132530120474
2494,-0.017055722891566316
2495,0.006099397590361488
2496,-0.016641566265060193
2497,0.0037274096385542244
2498,-0.008659638554216864
2499,0.00805722891566274
2500,0.0036521084337349796
2501,-0.006287650602409545
2502,-0.002296686746987908
2503,-0.004141566265060237
2504,-0.011897590361445776
2505,-0.012387048192771033
2506,-0.003802710843373469
2507,-0.017319277108433728
2508,-0.00033885542168676785
2509,-0.010052710843373502
2510,-0.01242469879518071
2511,0.016490963855421703
2512,-0.002259036144578286
2513,0.009487951807228834
2514,-0.006212349397590355
2515,0.012612951807228878
2516,0.009600903614457867
2517,0.005496987951807308
2518,0.010353915662650648
2519,-0.005384036144578275
2520,0.004405120481927649
2521,0.018185240963855542
2522,-0.0005647590361445576
2523,0.0003765060240963347
2524,0.01942771084337358
2525,0.01848644578313252
2526,0.001769578313252973
2527,0.0025225903614457534
2528,-0.010015060240963825
2529,-0.006814759036144535
2530,0.016189759036144613
2531,0.010090361445783236
2532,-0.0003765060240963902
2533,0.014118975903614439
2534,-0.018750000000000044
2535,0.004894578313253017
2536,0.0033885542168674565
2537,-0.005760542168674776
2538,0.007191265060240926
2539,0.007944277108433706
2540,-0.008847891566265087
2541,0.002033132530120496
2542,0.00756777108433726
2543,0.02458584337349401
2544,-0.0033885542168674565
2545,-0.01295180722891559
2546,-0.006325301204819278
2547,0.016942771084337394
2548,-0.024999999999999967
2549,0.017394578313252973
2550,0.009036144578313254
2551,-0.016867469879518038
2552,0.0005647590361446131
2553,-0.002899096385542088
2554,0.0007153614457831026
2555,-0.01494728915662652
2556,0.0004141566265060126
2557,0.012763554216867368
2558,-0.009149096385542177
2559,-0.0008659638554216476
2560,-0.010542168674698815
2561,-0.0070783132530119475
2562,-0.012801204819277101
2563,-0.007756024096385483
2564,-0.008358433734939663
2565,-0.006626506024096368
2566,-0.0017319277108433506
2567,-0.008057228915662684
2568,-0.01645331325301197
2569,-0.0028614457831325213
2570,-0.014683734939759052
2571,0.007831325301204783
2572,-0.0053087349397589745
2573,0.015135542168674854
2574,-0.019352409638554224
2575,-0.025564759036144635
2576,0.007341867469879526
2577,0.012085843373493943
2578,0.01457078313253013
2579,0.0027484939759037097
2580,0.009826807228915602
2581,-0.006777108433734913
2582,-0.008659638554216864
2583,0.0066265060240963125
2584,0.006174698795180622
2585,0.011596385542168686
2586,0.00832078313253004
2587,0.001204819277108471
2588,3.765060240956686e-05
2589,0.0028237951807228434
2590,-0.0006400602409638578
2591,-0.002221385542168719
2592,0.005496987951807197
2593,0.018561746987951877
2594,0.018147590361445753
2595,-0.01995481927710846
2596,-0.0024096385542168863
2597,0.01137048192771084
2598,0.005722891566265043
2599,0.013102409638554247
2600,0.02353162650602414
2601,0.023719879518072307
2602,-0.02631777108433736
2603,0.0024472891566265087
2604,-0.002409638554216831
2605,-0.02865210843373489
2606,-0.0013930722891566383
2607,-0.006287650602409545
2608,0.001167168674698793
2609,0.009186746987951855
2610,-0.0004141566265060126
2611,-0.0016942771084337283
2612,0.009149096385542288
2613,0.003012048192771122
2614,0.007756024096385539
2615,-0.0018072289156627064
2616,-0.015436746987951833
2617,-0.011897590361445776
2618,-0.019766566265060237
2619,-0.006249999999999978
2620,-0.012838855421686723
2621,0.019390060240963902
2622,0.002070783132530174
2623,0.00011295180722892262
2624,-0.006061746987951755
2625,0.01031626506024097
2626,0.009337349397590344
2627,0.0009789156626505147
2628,-0.013441265060240959
2629,0.012688253012048234
2630,0.006287650602409656
2631,0.0060617469879518104
2632,0.0042921686746988374
2633,0.0013554216867469604
2634,0.01046686746987946
2635,-0.010128012048192803
2636,-0.03414909638554209
2637,-0.022590361445783136
2638,-0.0036144578313252462
2639,-0.006137048192771055
2640,0.02353162650602414
2641,-0.0031250000000000444
2642,0.021460843373493965
2643,0.00022590361445784524
2644,-0.010052710843373447
2645,0.011106927710843428
2646,0.0019578313253012514
2647,0.007643072289156727
2648,0.005798192771084398
2649,-0.007718373493975916
2650,-0.009412650602409645
2651,0.0042921686746988374
2652,-0.011897590361445776
2653,-0.006701807228915668
2654,0.0027484939759037097
2655,0.010203313253012047
2656,-0.0014307228915663162
2657,-0.006777108433734913
2658,-0.006551204819277123
2659,0.018637048192771122
2660,0.0019201807228915735
2661,0.001506024096385561
2662,0.006701807228915668
2663,-0.01046686746987957
2664,0.0012424698795181488
2665,-0.003802710843373469
2666,0.0022213855421686635
2667,0.0072289156626504925
2668,0.003012048192771122
2669,-0.022552710843373514
2670,0.0006777108433734247
2671,0.007078313253012114
2672,0.004216867469879482
2673,0.00395331325301207
2674,-0.002296686746987908
2675,0.001167168674698793
2676,0.016603915662650515
2677,0.0012424698795180378
2678,-0.023569277108433706
2679,-0.006024096385542188
2680,0.010052710843373558
2681,-0.008170180722891496
2682,-0.002936746987951766
2683,-0.015662650602409622
2684,0.01106927710843375
2685,-0.018260542168674676
2686,0.00045180722891557945
2687,-3.765060240962237e-05
2688,-0.011031626506024073
2689,-0.003124999999999989
2690,-0.0038780120481927693
2691,-0.01227409638554211
2692,-0.011257530120481973
2693,0.0013554216867469604
2694,-0.0018072289156626509
2695,0.0011295180722891152
2696,-0.01449548192771083
2697,0.022063253012048256
2698,-0.005572289156626498
2699,-0.007605421686746938
2700,-0.023832831325301174
2701,0.006099397590361377
2702,-0.0013554216867469604
2703,-0.007831325301204783
2704,0.0054593373493976305
2705,0.014118975903614439
2706,0.0027484939759035987
2707,-0.008923192771084443
2708,-0.021912650602409545
2709,-0.006852409638554158
2710,-0.0014307228915662606
2711,-0.018185240963855487
2712,0.008772590361445731
2713,0.008697289156626486
2714,0.006890060240963947
2715,-0.021084337349397575
2716,0.0066265060240963125
2717,-0.008847891566265087
2718,-0.002108433734939741
2719,-0.011031626506024073
2720,-0.007793674698795217
2721,-0.011634036144578253
2722,0.01091867469879515
2723,-0.018034638554216886
2724,0.010579819277108382
2725,-0.010391566265060215
2726,-0.004593373493975983
2727,0.002597891566264998
2728,-0.000903614457831381
2729,0.007680722891566294
2730,-0.017545180722891518
2731,0.005835843373493965
2732,0.007078313253012114
2733,-0.005647590361445798
2734,0.009450301204819267
2735,0.02217620481927718
2736,-0.01419427710843374
2737,-0.0014683734939759385
2738,-0.001506024096385561
2739,0.01897590361445789
2740,-0.01291415662650608
2741,-0.0050075301204818845
2742,-0.006852409638554213
2743,-0.010128012048192747
2744,-0.023719879518072307
2745,-0.002936746987951766
2746,-0.007454819277108393
2747,0.004103915662650559
2748,-0.006362951807228956
2749,-0.00018825301204816736
2750,-0.008659638554216864
2751,-0.01630271084337348
2752,-0.0309487951807228
2753,0.01773343373493974
2754,0.020971385542168597
2755,0.009036144578313254
2756,0.018411144578313277
2757,0.0005647590361446131
2758,0.001468373493975883
2759,0.0022590361445783413
2760,0.016114457831325257
2761,0.007341867469879526
2762,-0.004179216867469859
2763,0.0021460843373494187
2764,0.011709337349397608
2765,0.0010918674698794373
2766,0.02063253012048205
2767,-0.010052710843373447
2768,-0.00591114457831321
2769,0.003237951807228856
2770,-0.0002635542168674121
2771,0.019804216867469804
2772,-0.006174698795180733
2773,0.002371987951807264
2774,0.0037274096385542244
2775,-0.013215361445783114
2776,-0.015963855421686768
2777,-0.008847891566265087
2778,-0.010805722891566172
2779,0.02232680722891567
2780,0.012349397590361466
2781,0.0063629518072289
2782,-0.012725903614457912
2783,0.0006777108433735357
2784,0.012462349397590278
2785,-0.008923192771084332
2786,-0.006250000000000033
2787,0.009337349397590344
2788,-0.011182228915662673
2789,0.002597891566265109
2790,-0.010203313253011992
2791,0.00060240963855418
2792,-0.008810240963855465
2793,0.02243975903614459
2794,-0.004781626506024039
2795,0.002334337349397586
2796,0.001468373493975883
2797,0.0045557228915662495
2798,-0.007153614457831303
2799,-0.00011295180722892262
2800,0.007605421686747049
2801,-0.0019954819277109292
2802,-0.011106927710843373
2803,-0.0047063253012047945
2804,-0.0127259036144578
2805,0.01242469879518071
2806,-0.008019578313253062
2807,-0.006137048192771055
2808,0.0019201807228915735
2809,-0.001957831325301196
2810,0.007003012048192758
2811,-0.0006777108433735357
2812,0.011822289156626531
2813,0.0007153614457832136
2814,-0.007492469879518127
2815,0.0025225903614457534
2816,0.00440512048192776
2817,-0.019728915662650615
2818,0.00805722891566274
2819,-0.00402861445783137
2820,0.005534638554216875
2821,-0.010429216867469893
2822,-0.012575301204819311
2823,-0.005722891566265098
2824,-0.010579819277108382
2825,-0.006212349397590355
2826,-0.008471385542168697
2827,0.0075301204819276935
2828,0.0051581325301205405
2829,-0.015286144578313232
2830,-0.009676204819277112
2831,0.021159638554216764
2832,0.020218373493975927
2833,-0.0011671686746987375
2834,-0.016189759036144558
2835,-0.014683734939759052
2836,0.0019578313253012514
2837,0.0033509036144578896
2838,0.002108433734939741
2839,-0.007266566265060226
2840,-0.008358433734939663
2841,0.016265060240963858
2842,0.003501506024096379
2843,-0.0009789156626505702
2844,-0.013855421686746971
2845,0.023870481927710907
2846,-0.010316265060241026
2847,0.00425451807228916
2848,-0.003539156626506057
2849,-0.009864457831325224
2850,-0.016490963855421648
2851,0.004631024096385605
2852,-0.013365963855421714
2853,0.006852409638554269
2854,0.008621987951807242
2855,-0.01539909638554221
2856,-0.013855421686746971
2857,0.0006777108433735357
2858,0.008923192771084332
2859,-0.01592620481927698
2860,-0.0021084337349397964
2861,-0.008960843373493954
2862,-0.02759789156626502
2863,-0.0030496987951806886
2864,-0.0009789156626505702
2865,-0.009299698795180722
2866,-0.006024096385542188
2867,0.009751506024096357
2868,0.002597891566265109
2869,0.004781626506024095
2870,-0.010805722891566172
2871,-0.004254518072289215
2872,0.00022590361445784524
2873,0.006475903614457823
2874,0.018034638554216942
2875,-0.006927710843373458
2876,-0.021724397590361377
2877,-0.011897590361445776
2878,-0.01807228915662651
2879,0.0069277108433735135
2880,-0.012010542168674754
2881,-0.020933734939758974
2882,-0.008885542168674654
2883,-0.011897590361445831
2884,0.010203313253012047
2885,0.010881024096385583
2886,0.003802710843373469
2887,-0.01502259036144582
2888,-0.008094879518072307
2889,-0.013102409638554191
2890,0.007191265060240926
2891,-0.003501506024096379
2892,-0.01069277108433736
2893,-0.0009789156626505702
2894,0.003878012048192825
2895,-0.011935240963855454
2896,0.002673192771084354
2897,-0.021009036144578275
2898,0.009299698795180666
2899,0.001167168674698793
2900,-0.0014307228915663162
2901,-0.0011671686746987375
2902,0.0036144578313253017
2903,-0.0008283132530120807
2904,0.0154743975903614
2905,0.002899096385542088
2906,0.004593373493975816
2907,0.010203313253012047
2908,-0.029631024096385572
2909,-0.0012801204819276601
2910,-0.010429216867469837
2911,0.005986445783132566
2912,-0.013855421686746971
2913,-0.024811746987951855
2914,0.005421686746987953
2915,0.008019578313253062
2916,0.012349397590361355
2917,0.001468373493975883
2918,-0.0015813253012047501
2919,0.0028237951807228434
2920,0.012499999999999956
2921,-0.007153614457831303
2922,-0.0012801204819277712
2923,0.005798192771084398
2924,0.0048569277108434505
2925,0.002108433734939741
2926,-0.03347138554216872
2927,0.021460843373493965
2928,-0.009939759036144635
2929,0.007003012048192758
2930,-0.022439759036144535
2931,0.018222891566264998
2932,-0.015512048192771077
2933,0.013102409638554247
2934,0.011596385542168686
2935,0.011483433734939763
2936,-0.000903614457831381
2937,-0.004216867469879426
2938,0.02232680722891578
2939,0.021009036144578386
2940,-0.0027861445783132766
2941,0.0025225903614457534
2942,0.00696536144578308
2943,-0.012876506024096401
2944,0.003840361445783036
2945,-0.011709337349397553
2946,0.0036144578313253017
2947,-0.008283132530120474
2948,-0.00591114457831321
2949,-0.020557228915662695
2950,0.0034262048192770234
2951,-0.014721385542168619
2952,-0.002861445783132577
2953,-0.0009412650602409478
2954,-0.0037274096385542244
2955,-0.013064759036144513
2956,-0.025903614457831403
2957,-0.010730421686746983
2958,0.011332831325301274
2959,-0.0021460843373493077
2960,0.011445783132530196
2961,0.01152108433734933
2962,-0.022138554216867445
2963,-0.014909638554216842
2964,0.005082831325301185
2965,-0.01682981927710847
2966,-0.004103915662650615
2967,0.003576807228915624
2968,-0.0077936746987951055
2969,0.006588855421686746
2970,-0.01069277108433736
2971,-0.00395331325301207
2972,0.002296686746987908
2973,0.010015060240963769
2974,-0.00553463855421682
2975,0.009337349397590344
2976,0.004518072289156572
2977,0.007003012048192869
2978,-0.01848644578313252
2979,0.0004141566265060126
2980,-0.014721385542168619
2981,0.0027861445783132766
2982,-0.01302710843373489
2983,0.0019954819277108182
2984,0.014344879518072395
2985,0.01167168674698793
2986,-0.001054216867469926
2987,-0.011144578313252995
2988,0.005948795180722888
2989,0.007153614457831359
2990,-0.022063253012048145
2991,-0.0015813253012047501
2992,-0.011634036144578253
2993,0.001204819277108471
2994,0.0033132530120482118
2995,-0.0027484939759035987
2996,0.003275602409638534
2997,-0.038968373493975916
2998,0.011332831325301163
2999,-0.006814759036144535
3000,0.018298192771084354
3001,-0.007115963855421736
3002,0.004179216867469804
3003,-0.014984939759036031
3004,-0.014118975903614439
3005,-0.015963855421686768
3006,0.025677710843373558
3007,0.023268072289156616
3008,0.008697289156626486
3009,0.0031626506024097223
3010,0.0063253012048193336
3011,0.010429216867469893
3012,0.004781626506024095
3013,0.0013930722891566383
3014,-0.008396084337349452
3015,0.013177710843373491
3016,0.009751506024096468
3017,0.0
3018,-0.0006777108433734802
3019,0.01242469879518071
3020,0.01942771084337347
3021,0.004179216867469804
3022,-0.017884036144578286
3023,0.013554216867469826
3024,0.006137048192771055
3025,0.016039156626506013
3026,-0.006099397590361488
3027,0.015963855421686768
3028,0.0033509036144578896
3029,-0.0001506024096386005
3030,-0.01167168674698793
3031,-0.00493222891566264
3032,0.001204819277108471
3033,-0.006475903614457823
3034,0.010655120481927738
3035,0.013478915662650692
3036,-0.0035768072289156794
3037,0.009036144578313254
3038,-0.006551204819277068
3039,0.015097891566265065
3040,0.011257530120481918
3041,-0.0013930722891565828
3042,0.00022590361445784524
3043,0.03049698795180722
3044,-0.01517319277108442
3045,0.015700301204819245
3046,0.0011295180722891152
3047,0.0036897590361446575
3048,0.010052710843373558
3049,-0.0157756024096386
3050,0.0010542168674698704
3051,-0.01649096385542176
3052,0.0036144578313253017
3053,-0.006814759036144535
3054,0.014118975903614439
3055,-0.01137048192771084
3056,-0.008509036144578264
3057,-0.005233433734939785
3058,0.012161144578313188
3059,-0.002484939759036131
3060,-0.011069277108433695
3061,0.009600903614457867
3062,-0.022402108433734913
3063,0.009111445783132499
3064,0.000903614457831381
3065,-0.024510542168674654
3066,-0.010391566265060215
3067,0.0016189759036144835
3068,-0.013780120481927671
3069,0.026920180722891596
3070,0.008245481927710907
3071,0.011596385542168797
3072,0.015210843373493987
3073,-0.005722891566265098
3074,0.008170180722891551
3075,-0.024134036144578264
3076,0.005647590361445798
3077,0.012612951807228878
3078,0.025903614457831292
3079,0.0007906626506023473
3080,-0.01882530120481929
3081,-0.010993975903614395
3082,-0.010768072289156605
3083,-0.0032756024096384784
3084,-7.530120481918923e-05
3085,0.005835843373493965
3086,-0.025188253012048245
3087,-0.01912650602409638
3088,-0.0018825301204819511
3089,0.014608433734939807
3090,-0.017319277108433728
3091,0.005534638554216986
3092,0.014533132530120563
3093,0.00850903614457832
3094,0.009375000000000022
3095,0.007003012048192758
3096,-0.013140060240963869
3097,-0.007944277108433706
3098,-0.006814759036144535
3099,0.016490963855421703
3100,0.0016942771084337283
3101,-0.0037650602409638467
3102,-0.010617469879518115
3103,0.015060240963855387
3104,-0.0013930722891565828
3105,0.01637801204819278
3106,-0.027560240963855454
3107,-0.008132530120481873
3108,0.01242469879518071
3109,-0.0007530120481927804
3110,-0.0036144578313252462
3111,-0.005835843373493965
3112,-0.01517319277108442
3113,-0.012010542168674754
3114,0.007643072289156727
3115,0.019653614457831314
3116,-0.002899096385542199
3117,-0.005421686746988008
3118,0.006249999999999978
3119,0.0060617469879518104
3120,0.0031626506024097223
3121,0.005572289156626442
3122,-0.01622740963855418
3123,0.0013177710843373935
3124,-0.023682228915662573
3125,0.010278614457831292
3126,0.029969879518072284
3127,0.006739457831325346
3128,-0.0077936746987951055
3129,-0.020406626506024095
3130,0.0022213855421686635
3131,-0.012462349397590333
3132,-0.023192771084337316
3133,-0.0069277108433735135
3134,-0.011257530120481973
3135,0.00850903614457832
3136,0.0060240963855421326
3137,-0.019352409638554224
3138,0.01867469879518069
3139,-0.011521084337349385
3140,0.02123493975903623
3141,-0.0050075301204818845
3142,-0.004442771084337327
3143,0.006739457831325346
3144,-0.007266566265060226
3145,0.013253012048192736
3146,0.005120481927710863
3147,-0.006513554216867445
3148,-0.0031250000000000444
3149,-0.010504518072289193
3150,-0.005459337349397575
3151,-0.012236445783132543
3152,0.008697289156626486
3153,0.0004518072289156905
3154,0.00030120481927709
3155,0.005496987951807197
3156,-0.006475903614457934
3157,0.016340361445783214
3158,0.003012048192771122
3159,0.01701807228915675
3160,0.020519578313253017
3161,0.011822289156626531
3162,-0.0024096385542168863
3163,-0.005647590361445798
3164,-0.0008283132530119697
3165,-0.009789156626505924
3166,0.004442771084337438
3167,-0.003539156626506057
3168,0.006777108433734913
3169,-0.006777108433734913
3170,-0.019992469879518027
3171,0.0033885542168674565
3172,-0.004593373493975927
3173,7.530120481924474e-05
3174,-0.0027108433734939763
3175,0.0007906626506023473
3176,0.008847891566265087
3177,-0.0012424698795180378
3178,-0.008621987951807242
3179,-0.0018825301204819511
3180,-0.002635542168674676
3181,0.018749999999999933
3182,0.002334337349397475
3183,-0.0018448795180723288
3184,-0.0077936746987951055
3185,0.012048192771084376
3186,-0.01351656626506026
3187,-0.02891566265060247
3188,0.0010542168674698704
3189,0.0
3190,0.007605421686747049
3191,-0.019390060240963847
3192,-0.0033132530120482673
3193,0.010579819277108493
3194,-0.0038403614457830915
3195,-0.006814759036144535
3196,-0.002710843373493921
3197,0.008772590361445842
3198,0.007115963855421681
3199,0.0004894578313252573
3200,-0.01585090361445779
3201,0.0012801204819277157
3202,-0.0033885542168674565
3203,-0.010918674698795205
3204,0.011408132530120518
3205,-0.01167168674698793
3206,-0.0075301204819276935
3207,-0.011182228915662673
3208,-0.01690512048192777
3209,0.010993975903614506
3210,0.023870481927710907
3211,0.002936746987951766
3212,0.004518072289156572
3213,0.0024849397590360756
3214,0.0018072289156626509
3215,-0.003802710843373469
3216,-0.011408132530120574
3217,-0.005722891566264987
3218,-0.004442771084337271
3219,-0.0014683734939759385
3220,0.0002635542168674121
3221,0.0016566265060241614
3222,-0.010429216867469837
3223,-0.003539156626505946
3224,0.006513554216867501
3225,0.004969879518072262
3226,0.020670180722891618
3227,0.01061746987951806
3228,0.0024849397590360756
3229,0.019804216867469804
3230,-0.0018825301204819511
3231,-0.0019954819277108182
3232,0.00500753012048194
3233,-0.01807228915662651
3234,0.007078313253012003
3235,-0.019164156626506057
3236,0.0185240963855422
3237,0.0006777108433734247
3238,0.008810240963855409
3239,0.0039909638554216365
3240,-0.0010165662650601925
3241,0.01302710843373489
3242,0.007868975903614461
3243,0.01137048192771084
3244,0.006212349397590411
3245,0.001807228915662762
3246,-0.0073795180722891485
3247,-0.0182981927710843
3248,-0.009902108433734846
3249,0.004367469879518082
3250,-0.011106927710843373
3251,0.0010165662650603036
3252,-0.012161144578313299
3253,0.01016566265060237
3254,0.004969879518072373
3255,0.007417168674698882
3256,7.530120481935576e-05
3257,-0.017921686746987908
3258,0.012801204819277157
3259,0.0042921686746988374
3260,-0.003915662650602447
3261,0.0033509036144578896
3262,-0.010203313253011992
3263,-0.004631024096385605
3264,-0.011634036144578364
3265,0.008847891566265087
3266,0.0063629518072289
3267,0.0024472891566265087
3268,-0.01777108433734942
3269,0.004216867469879482
3270,-0.01114457831325305
3271,0.012349397590361466
3272,-0.005722891566265098
3273,0.010353915662650648
3274,0.008132530120481873
3275,-0.002786144578313221
3276,-0.021197289156626553
3277,0.004480421686747005
3278,0.009111445783132499
3279,-0.0007153614457831581
3280,-0.01106927710843375
3281,-0.012612951807228934
3282,0.000301204819277201
3283,-0.011822289156626531
3284,0.005911144578313321
3285,-0.015963855421686768
3286,0.0034638554216868123
3287,-0.008772590361445842
3288,0.000301204819277201
3289,-0.006212349397590355
3290,-0.01419427710843374
3291,-0.001317771084337338
3292,3.765060240967788e-05
3293,-0.01069277108433736
3294,-0.010504518072289193
3295,-0.013140060240963869
3296,0.008245481927710796
3297,-0.01713102409638556
3298,0.011182228915662673
3299,0.009939759036144635
3300,0.004932228915662584
3301,-0.007078313253012114
3302,0.0069277108433735135
3303,-0.010165662650602425
3304,0.01076807228915655
3305,-0.010768072289156605
3306,0.008170180722891551
3307,-0.004103915662650559
3308,-0.016792168674698738
3309,-0.009864457831325335
3310,-0.021837349397590355
3311,0.0025602409638555423
3312,0.0060617469879518104
3313,0.000903614457831381
3314,-0.0021837349397590966
3315,0.013441265060241014
3316,0.004329819277108404
3317,-0.01532379518072291
3318,0.01502259036144582
3319,0.01487198795180722
3320,-0.01592620481927709
3321,-0.010391566265060215
3322,0.01091867469879515
3323,-0.0021460843373494187
3324,-0.011445783132530085
3325,0.020293674698795172
3326,0.0030496987951806886
3327,0.0011295180722891152
3328,0.009036144578313254
3329,0.02594126506024086
3330,0.006249999999999978
3331,-0.013215361445783114
3332,-0.01426957831325304
3333,0.002710843373493921
3334,0.009977409638554202
3335,-0.00018825301204816736
3336,0.013780120481927671
3337,-0.008170180722891496
3338,0.004631024096385605
3339,-0.005346385542168597
3340,-3.765060240962237e-05
3341,-0.0017695783132529175
3342,-0.014947289156626464
3343,-0.02914156626506026
3344,0.00971385542168679
3345,0.019314759036144658
3346,0.012123493975903621
3347,0.002409638554216942
3348,-0.0028614457831325213
3349,0.013328313253012092
3350,0.003012048192771122
3351,-0.00395331325301207
3352,0.0019578313253011403
3353,0.010090361445783125
3354,-0.007304216867469904
3355,-0.011521084337349385
3356,-0.027560240963855342
3357,0.0024472891566265087
3358,0.002070783132530174
3359,-0.008659638554216864
3360,0.013893072289156705
3361,-0.016490963855421648
3362,-0.008659638554216864
3363,0.012349397590361466
3364,0.012349397590361466
3365,0.00530873493975903
3366,0.019804216867469804
3367,0.0030496987951806886
3368,0.014194277108433795
3369,-0.012575301204819311
3370,0.001769578313253084
3371,-0.021686746987951755
3372,-0.002823795180722899
3373,0.016905120481927716
3374,0.018109939759036076
3375,0.013855421686747027
3376,0.002296686746987908
3377,-0.014457831325301151
3378,-0.0063253012048193336
3379,-0.0036521084337348686
3380,-0.022552710843373514
3381,-0.012537650602409689
3382,-0.010391566265060215
3383,0.011332831325301163
3384,-0.014683734939759052
3385,-0.008998493975903632
3386,0.007454819277108449
3387,0.007680722891566294
3388,-0.0027484939759037097
3389,-0.010316265060241026
3390,-0.0023719879518072085
3391,0.007868975903614461
3392,0.007605421686747049
3393,0.014984939759036142
3394,-0.003915662650602447
3395,0.01713102409638556
3396,-0.01167168674698793
3397,-0.013591867469879504
3398,0.02138554216867472
3399,-0.010843373493975905
3400,0.0030496987951806886
3401,0.008546686746987997
3402,-0.0027861445783132766
3403,-0.008019578313253006
3404,-0.0019954819277109292
3405,-0.004254518072289215
3406,-0.002183734939759041
3407,-0.020105421686747005
3408,-0.002259036144578286
3409,-0.006174698795180733
3410,-0.009224397590361422
3411,-0.005082831325301185
3412,0.011596385542168797
3413,0.006551204819277068
3414,0.004743975903614417
3415,-0.00493222891566264
3416,-0.006400602409638578
3417,0.01867469879518069
3418,0.006400602409638578
3419,0.0008659638554217031
3420,0.008810240963855409
3421,0.0072289156626504925
3422,-0.005722891566265098
3423,-0.00033885542168676785
3424,-0.012085843373494054
3425,0.002108433734939852
3426,-0.0012801204819276601
3427,0.005986445783132566
3428,0.03456325301204821
3429,0.005722891566265043
3430,-0.005873493975903588
3431,0.006739457831325235
3432,0.003915662650602392
3433,-0.01780873493975893
3434,0.013140060240963924
3435,-0.006814759036144535
3436,-0.004367469879518027
3437,0.0030873493975902555
3438,0.0024472891566265087
3439,-0.011822289156626531
3440,0.012575301204819311
3441,0.02168674698795181
3442,-0.01106927710843375
3443,-0.01607680722891569
3444,-0.012161144578313243
3445,-0.0030496987951806886
3446,-0.030534638554216842
3447,-0.010429216867469893
3448,-0.005798192771084398
3449,0.0004141566265061236
3450,-0.0011295180722891707
3451,-0.0019954819277107627
3452,0.02759789156626502
3453,0.003802710843373469
3454,-0.005722891566265098
3455,0.007643072289156727
3456,-0.003539156626506057
3457,0.005421686746987953
3458,0.007153614457831359
3459,-0.00060240963855418
3460,0.009224397590361422
3461,0.017959337349397586
3462,0.014608433734939696
3463,-0.01987951807228916
3464,-0.013064759036144569
3465,3.765060240956686e-05
3466,0.002936746987951766
3467,-0.0020331325301204406
3468,0.002334337349397475
3469,0.005647590361445798
3470,0.015737951807228923
3471,-0.01502259036144582
3472,0.01682981927710847
3473,-0.016490963855421592
3474,0.0034638554216868123
3475,-0.0018825301204819511
3476,0.008245481927710907
3477,-0.01701807228915664
3478,-0.025301204819277057
3479,-0.01419427710843374
3480,0.006513554216867501
3481,0.005685240963855365
3482,-0.00011295180722892262
3483,-0.00060240963855418
3484,0.008885542168674654
3485,-0.0018448795180723288
3486,0.0036897590361446575
3487,-0.01739457831325303
3488,0.011784638554216853
3489,-0.012161144578313243
3490,0.005346385542168708
3491,-0.010353915662650592
3492,-0.013328313253012092
3493,0.014721385542168619
3494,-0.005233433734939785
3495,0.007981927710843273
3496,-0.005120481927710807
3497,-0.020745481927710807
3498,-0.009224397590361422
3499,0.0039909638554216365
3500,-0.007906626506024084
3501,0.01652861445783138
3502,0.006852409638554158
3503,0.014194277108433795
3504,-0.001317771084337338
3505,0.004631024096385494
3506,0.01788403614457834
3507,0.008433734939759074
3508,-0.01351656626506026
3509,-0.0032756024096385894
3510,-0.019615963855421636
3511,0.0051581325301204295
3512,0.0022213855421686635
3513,-0.01600150602409639
3514,0.0013177710843373935
3515,0.004141566265060237
3516,0.004969879518072262
3517,-0.01227409638554211
3518,0.011332831325301274
3519,0.0057605421686747205
3520,0.00045180722891557945
3521,0.004442771084337438
3522,-0.0154743975903614
3523,0.004593373493975927
3524,-0.015587349397590378
3525,-0.003915662650602447
3526,-0.0033885542168674565
3527,-0.020707831325301185
3528,-0.0014683734939759385
3529,0.015662650602409567
3530,0.012311746987951788
3531,-0.017545180722891518
3532,0.006777108433734913
3533,-0.0001506024096386005
3534,-0.014608433734939752
3535,0.001468373493975883
3536,-0.01137048192771084
3537,0.003878012048192714
3538,-0.002259036144578286
3539,0.009036144578313254
3540,-0.01287650602409629
3541,-0.01716867469879524
3542,-0.01980421686746986
3543,-0.0035015060240964346
3544,0.0022966867469880192
3545,0.005647590361445798
3546,-0.025602409638554202
3547,0.008734939759036164
3548,-0.008659638554216864
3549,-0.022251506024096368
3550,-0.01637801204819278
3551,0.02277861445783136
3552,-0.005986445783132566
3553,-0.01957831325301207
3554,0.0060240963855421326
3555,-0.010542168674698815
3556,-0.008998493975903632
3557,0.014081325301204872
3558,-0.013403614457831281
3559,-0.019013554216867457
3560,-0.0003765060240963902
3561,-0.016189759036144558
3562,-0.007756024096385483
3563,-0.0019954819277109292
3564,0.007718373493975861
3565,-0.01295180722891559
3566,0.0036144578313253017
3567,-0.005346385542168597
3568,0.01987951807228916
3569,0.007643072289156616
3570,-0.01611445783132537
3571,0.0018448795180722177
3572,0.018750000000000044
3573,-0.0003765060240963902
3574,-0.0024472891566265087
3575,-0.008245481927710796
3576,-0.007831325301204783
3577,-0.010316265060241026
3578,-0.004631024096385605
3579,-0.006551204819277123
3580,0.019766566265060237
3581,-0.008847891566265087
3582,-0.0026731927710842984
3583,-0.004969879518072207
3584,-0.01965361445783126
3585,-0.007944277108433706
3586,-0.006174698795180733
3587,0.015135542168674632
3588,-0.0005647590361445576
3589,0.019013554216867457
3590,-0.010203313253011992
3591,0.012537650602409633
3592,-0.006212349397590355
3593,-0.0015436746987951278
3594,0.003539156626506057
3595,-0.015963855421686768
3596,0.030572289156626575
3597,0.001506024096385561
3598,0.0019954819277108182
3599,0.005007530120482051
3600,0.01106927710843364
3601,-0.0059111445783132655
3602,-0.002221385542168608
3603,-0.010391566265060215
3604,-0.012838855421686723
3605,0.005233433734939785
3606,-0.01822289156626511
3607,0.005421686746987953
3608,-0.0069277108433735135
3609,-0.02025602409638555
3610,0.016490963855421703
3611,0.0063253012048192225
3612,-0.0024096385542168863
3613,0.01351656626506026
3614,-0.008358433734939774
3615,-0.0014683734939758275
3616,0.016114457831325257
3617,-0.0036897590361445465
3618,-0.006626506024096368
3619,-0.01897590361445789
3620,-0.009826807228915602
3621,0.0016942771084337283
3622,0.010730421686746983
3623,0.007266566265060281
3624,0.014683734939759052
3625,-0.0007906626506024028
3626,-0.004781626506024039
3627,-0.001204819277108471
3628,0.016566265060240948
3629,0.0157756024096386
3630,0.01197289156626502
3631,0.016453313253012136
3632,0.008396084337349508
3633,0.003275602409638534
3634,0.004442771084337327
3635,0.013253012048192736
3636,-0.0014683734939759385
3637,0.021423192771084287
3638,-0.01607680722891558
3639,0.00971385542168679
3640,0.02033132530120485
3641,0.012838855421686723
3642,-0.0023343373493975306
3643,0.014194277108433795
3644,-0.007756024096385483
3645,-0.01449548192771083
3646,0.003501506024096379
3647,-0.006664156626506046
3648,0.0016189759036144835
3649,0.0018825301204818956
3650,0.002899096385542199
3651,-0.003915662650602447
3652,-0.0031626506024096668
3653,-0.001317771084337338
3654,-0.013817771084337294
3655,0.009337349397590344
3656,-0.007191265060240926
3657,0.008810240963855409
3658,-0.008546686746987886
3659,-0.010881024096385583
3660,0.012048192771084376
3661,-0.005798192771084398
3662,-0.01351656626506026
3663,0.007454819277108449
3664,0.005873493975903532
3665,-0.01344126506024107
3666,-0.013140060240963869
3667,0.009751506024096468
3668,-0.01487198795180722
3669,0.0016566265060241614
3670,-0.008019578313253006
3671,-0.0214231927710844
3672,0.006475903614457712
3673,-0.00493222891566264
3674,-0.014307228915662662
3675,0.009977409638554202
3676,-0.01106927710843375
3677,0.007981927710843273
3678,-0.023493975903614517
3679,-0.01167168674698793
3680,-0.0017319277108433506
3681,-0.021837349397590355
3682,0.012499999999999956
3683,-0.009262048192771044
3684,0.006099397590361488
3685,-0.005948795180722943
3686,0.009676204819277001
3687,0.0069277108433735135
3688,-0.0008659638554217586
3689,-0.0010918674698795483
3690,-0.0023719879518073195
3691,-0.006890060240963947
3692,0.010391566265060326
3693,0.0028614457831325213
3694,-0.009262048192771044
3695,0.006174698795180733
3696,0.0033885542168674565
3697,-0.017281626506024106
3698,-0.01287650602409629
3699,0.0012424698795180378
3700,0.00956325301204819
3701,0.007944277108433706
3702,-0.002334337349397586
3703,0.010278614457831292
3704,-0.025414156626506035
3705,-0.022778614457831303
3706,0.009789156626506035
3707,-0.0037650602409638467
3708,0.007831325301204783
3709,0.004631024096385494
3710,0.012198795180722977
3711,0.0028614457831326323
3712,0.014043674698795194
3713,-0.0005647590361445576
3714,-0.008471385542168697
3715,0.008847891566265087
3716,0.00022590361445784524
3717,0.001506024096385561
3718,-0.014156626506024172
3719,-0.01728162650602405
3720,-0.027560240963855454
3721,-0.009525602409638512
3722,0.014533132530120452
3723,0.010956325301204828
3724,-0.0016942771084337283
3725,0.019201807228915624
3726,-0.00425451807228916
3727,-0.011031626506024073
3728,0.0004518072289156905
3729,-0.003426204819277079
3730,-0.00493222891566264
3731,-0.0028614457831325213
3732,-0.007793674698795217
3733,-0.0002635542168674121
3734,-0.013554216867469882
3735,-0.004405120481927649
3736,-0.007003012048192814
3737,0.006438253012048145
3738,-0.01777108433734942
3739,0.016265060240963858
3740,0.002334337349397586
3741,-0.01848644578313252
3742,0.006588855421686746
3743,-0.003124999999999989
3744,-0.005233433734939785
3745,0.0060240963855421326
3746,-0.002108433734939741
3747,-0.010278614457831292
3748,-0.012462349397590333
3749,0.006513554216867501
3750,-0.009751506024096412
3751,0.0015813253012048056
3752,0.01091867469879515
3753,0.006551204819277179
3754,-0.015436746987951833
3755,-0.0033509036144578896
3756,0.009751506024096468
3757,0.011822289156626531
3758,0.008772590361445731
3759,0.01426957831325304
3760,0.01912650602409638
3761,-0.007454819277108393
3762,-0.0016566265060240504
3763,0.0039909638554216365
3764,-0.0008283132530119697
3765,0.015963855421686768
3766,-7.530120481930025e-05
3767,-0.007793674698795217
3768,-0.00022590361445778973
3769,-0.0050075301204819955
3770,0.007981927710843273
3771,-0.005948795180722888
3772,0.012387048192771144
3773,-0.011822289156626475
3774,0.003012048192771122
3775,-0.028463855421686723
3776,-0.002033132530120496
3777,-0.016415662650602403
3778,-0.018034638554216886
3779,-7.530120481918923e-05
3780,0.0012424698795181488
3781,-0.0001506024096386005
3782,0.03606927710843377
3783,-0.01359186746987956
3784,-0.024209337349397564
3785,0.02063253012048194
3786,-0.005496987951807197
3787,0.00030120481927709
3788,0.001167168674698793
3789,0.016265060240963858
3790,0.018260542168674676
3791,0.021159638554216986
3792,-0.00560993975903612
3793,0.01927710843373498
3794,0.018599397590361444
3795,-0.01600150602409639
3796,-0.009864457831325335
3797,-0.010956325301204772
3798,0.009036144578313254
3799,0.02217620481927718
3800,0.013365963855421659
3801,-0.005798192771084398
3802,-0.00018825301204816736
3803,0.00030120481927709
3804,-0.004932228915662695
3805,-0.009789156626506035
3806,-0.0006777108433734802
3807,-0.0024849397590361866
3808,0.00395331325301207
3809,0.0018825301204818956
3810,-0.0030120481927710663
3811,0.024510542168674654
3812,0.005271084337349352
3813,0.013441265060241014
3814,0.021197289156626553
3815,-0.006852409638554158
3816,0.0028237951807228434
3817,0.0015813253012048056
3818,-0.011521084337349385
3819,0.00030120481927709
3820,-0.01129518072289154
3821,-0.012688253012048234
3822,0.000903614457831381
3823,-0.010843373493975794
3824,-0.00463102409638555
3825,-0.0033885542168674565
3826,0.01351656626506026
3827,-0.007605421686746994
3828,0.000903614457831381
3829,0.01487198795180722
3830,0.001204819277108471
3831,-0.010240963855421725
3832,0.017959337349397586
3833,0.020858433734939785
3834,-0.015813253012048167
3835,-0.009600903614457812
3836,-0.01829819277108441
3837,0.011295180722891596
3838,-0.0053087349397589745
3839,0.012914156626505968
3840,0.013667168674698749
3841,0.010090361445783125
3842,0.004066265060240992
3843,-0.014307228915662662
3844,-0.013554216867469882
3845,0.0005647590361446131
3846,0.004518072289156572
3847,-0.004367469879518027
3848,-0.005873493975903588
3849,-0.003878012048192825
3850,0.0060617469879518104
3851,-0.005271084337349408
3852,0.00030120481927709
3853,0.0012801204819277157
3854,0.008885542168674654
3855,0.01487198795180722
3856,-0.00033885542168676785
3857,0.012537650602409744
3858,0.016566265060240948
3859,-0.017921686746987908
3860,-0.005045180722891618
3861,0.005045180722891618
3862,0.0002635542168675231
3863,0.011859939759036098
3864,-0.005798192771084398
3865,0.007756024096385539
3866,-0.014834337349397597
3867,-0.010316265060241026
3868,-0.007417168674698826
3869,-0.022515060240963836
3870,0.0025602409638555423
3871,-0.019277108433735035
3872,0.012161144578313188
3873,0.009487951807228945
3874,0.005911144578313321
3875,-0.0021460843373493077
3876,-0.004969879518072318
3877,0.017658132530120496
3878,0.013742469879518104
3879,-0.010617469879518115
3880,-0.002597891566264998
3881,0.014194277108433795
3882,-0.013365963855421714
3883,-0.000903614457831381
3884,-0.0036521084337349796
3885,-0.006588855421686746
3886,-0.009638554216867434
3887,-0.008847891566265087
3888,0.02518825301204819
3889,3.765060240956686e-05
3890,-0.012462349397590333
3891,-0.00971385542168679
3892,0.00440512048192776
3893,0.00986445783132528
3894,0.0036521084337349796
3895,-0.015662650602409622
3896,0.004743975903614417
3897,-0.0044051204819277046
3898,0.02063253012048194
3899,-0.007417168674698826
3900,-0.013365963855421714
3901,0.013667168674698749
3902,-0.0015813253012048611
3903,0.007718373493975861
3904,0.002974397590361444
3905,-0.005760542168674665
3906,0.010240963855421725
3907,0.01091867469879515
3908,-0.02025602409638555
3909,-0.009224397590361422
3910,0.0033509036144578896
3911,0.0005271084337349352
3912,-0.0036521084337348686
3913,0.002635542168674676
3914,0.0027861445783132766
3915,-0.004969879518072207
3916,0.0006400602409638578
3917,-0.011332831325301163
3918,-0.006814759036144535
3919,-0.005384036144578275
3920,0.009149096385542177
3921,-0.0021837349397590966
3922,-0.00591114457831321
3923,-0.022326807228915724
3924,-0.006475903614457934
3925,0.0016189759036144835
3926,-0.001204819277108471
3927,-0.008697289156626542
3928,-0.008659638554216864
3929,-0.0073795180722891485
3930,-0.013855421686746971
3931,0.014533132530120452
3932,-0.0075301204819276935
3933,-0.0006777108433734802
3934,0.019766566265060237
3935,-0.006475903614457823
3936,0.009713855421686679
3937,-0.005722891566265098
3938,-0.013591867469879504
3939,-0.010617469879518115
3940,-0.003802710843373469
3941,-0.010203313253011992
3942,-0.008734939759036164
3943,-0.010203313253011992
3944,0.009789156626506035
3945,-0.002823795180722899
3946,-0.004781626506024095
3947,-0.013140060240963869
3948,0.015587349397590433
3949,-0.01404367469879525
3950,0.0022590361445783413
3951,0.0033885542168674565
3952,-0.002484939759036131
3953,0.017507530120481896
3954,0.0016189759036144835
3955,0.01227409638554211
3956,-0.0014307228915663162
3957,0.0003765060240963347
3958,-0.019728915662650615
3959,-0.020331325301204795
3960,0.004329819277108404
3961,-3.765060240962237e-05
3962,0.003275602409638534
3963,-0.007680722891566294
3964,0.008433734939759074
3965,-0.008207831325301285
3966,-0.010278614457831403
3967,-0.01487198795180722
3968,0.005685240963855476
3969,-0.01720632530120475
3970,0.030760542168674743
3971,0.024924698795180777
3972,-0.015060240963855442
3973,-0.002296686746987908
3974,-0.008283132530120474
3975,-0.00560993975903612
3976,0.005496987951807197
3977,0.01197289156626502
3978,0.013403614457831337
3979,0.024058734939759074
3980,-0.013365963855421714
3981,-0.009186746987951855
3982,-0.005685240963855365
3983,0.005082831325301185
3984,0.005986445783132566
3985,-0.004179216867469859
3986,-0.010353915662650592
3987,0.014382530120481962
3988,-0.008509036144578375
3989,0.007793674698795217
3990,0.01728162650602416
3991,0.011634036144578364
3992,0.000903614457831381
3993,-0.0126506024096385
3994,0.012876506024096401
3995,0.01167168674698793
3996,-0.003426204819277079
3997,0.008734939759036053
3998,-0.002183734939759041
3999,-0.004969879518072207
4000,-0.011558734939758952
4001,0.005572289156626553
4002,0.006475903614457712
4003,0.013780120481927671
4004,-0.007567771084337316
4005,-0.0069277108433735135
4006,-0.006438253012048145
4007,0.01291415662650608
4008,-0.004781626506024039
4009,0.009751506024096468
4010,0.018862951807228856
4011,0.001204819277108471
4012,0.005534638554216764
4013,-0.015210843373493987
4014,0.00018825301204816736
4015,-0.013478915662650692
4016,0.015361445783132588
4017,0.0057605421686747205
4018,0.0022213855421686635
4019,0.027560240963855454
4020,-0.007153614457831303
4021,0.009299698795180666
4022,-0.0004518072289156905
4023,-0.01524849397590361
4024,-0.01630271084337337
4025,-0.0037274096385542244
4026,0.003012048192771122
4027,0.0051581325301204295
4028,-0.0045557228915662495
4029,0.018185240963855542
4030,0.00470632530120485
4031,0.02018072289156625
4032,0.013780120481927671
4033,0.0127259036144578
4034,-0.010015060240963825
4035,0.00956325301204819
4036,0.0009789156626506257
4037,0.017846385542168663
4038,-0.004856927710843395
4039,0.006475903614457823
4040,0.016905120481927716
4041,-0.006137048192771166
4042,-0.007304216867469848
4043,-0.01637801204819278
4044,-0.010052710843373447
4045,0.014344879518072284
4046,0.006513554216867501
4047,0.0018448795180723288
4048,0.013667168674698749
4049,0.004668674698795172
4050,0.00726656626506017
4051,0.015286144578313232
4052,-0.004743975903614417
4053,0.007944277108433817
4054,-0.005873493975903588
4055,0.0008659638554217031
4056,0.028275602409638556
4057,0.018109939759036187
4058,0.0010918674698795483
4059,0.007944277108433706
4060,-0.00033885542168671234
4061,-0.011859939759036153
4062,0.012989457831325324
4063,-0.006024096385542188
4064,-0.008621987951807186
4065,0.013253012048192736
4066,0.0019578313253012514
4067,-0.01069277108433736
4068,-0.0035768072289156794
4069,0.028313253012048123
4070,-0.0030120481927710663
4071,-0.014909638554216842
4072,3.765060240956686e-05
4073,-0.014683734939759052
4074,0.009902108433734957
4075,-0.006400602409638578
4076,0.007492469879518127
4077,-0.00022590361445778973
4078,0.010542168674698815
4079,-0.011144578313252995
4080,-0.013704819277108371
4081,0.00022590361445784524
4082,-0.006664156626505935
4083,0.0008659638554217031
4084,-0.013780120481927671
4085,-0.01329066265060247
4086,0.005421686746987953
4087,0.004066265060240992
4088,-0.007906626506024084
4089,0.02398343373493983
4090,-0.008471385542168697
4091,-0.0008659638554216476
4092,-0.0006777108433734802
4093,-0.005760542168674665
4094,0.003878012048192714
4095,-0.011897590361445776
4096,0.02684487951807224
4097,-0.007304216867469904
4098,-0.0021460843373494187
4099,-0.005120481927710807
4100,-0.012010542168674754
4101,-0.019164156626505946
4102,0.017959337349397586
4103,0.017168674698795128
4104,0.005572289156626442
4105,0.0010918674698795483
4106,0.028463855421686723
4107,0.011219879518072351
4108,0.0012424698795181488
4109,-0.006024096385542188
4110,-0.019239457831325246
4111,0.008132530120481873
4112,0.006890060240963836
4113,-0.001317771084337338
4114,0.010391566265060326
4115,0.015286144578313232
4116,-0.0036521084337349796
4117,-0.004969879518072207
4118,-0.0006400602409638578
4119,-0.0042921686746988374
4120,0.022100903614457712
4121,0.0015813253012048056
4122,0.005609939759036231
4123,-0.009977409638554202
4124,0.004819277108433773
4125,0.006739457831325235
4126,-0.009224397590361422
4127,-0.010203313253012103
4128,-0.019766566265060237
4129,0.0024472891566265087
4130,0.0006777108433734247
4131,0.0006400602409638578
4132,-0.010956325301204772
4133,0.004894578313253017
4134,0.001468373493975883
4135,-0.0032756024096385894
4136,-0.0011295180722891707
4137,-0.009375000000000022
4138,0.001468373493975883
4139,-0.010730421686746983
4140,-0.009977409638554202
4141,-0.004518072289156627
4142,-0.00425451807228916
4143,-0.005948795180722943
4144,0.007756024096385539
4145,0.005007530120482051
4146,0.01807228915662651
4147,-0.0047063253012047945
4148,-0.00395331325301207
4149,-0.011182228915662673
4150,0.01197289156626502
4151,-0.005647590361445798
4152,-0.00218373493975893
4153,-0.005986445783132566
4154,0.021159638554216875
4155,0.001506024096385561
4156,0.004631024096385494
4157,-0.013328313253012092
4158,-0.0028614457831325213
4159,0.004141566265060237
4160,-0.01660391566265057
4161,0.028012048192771144
4162,-0.009036144578313254
4163,-0.006701807228915724
4164,-0.007605421686746938
4165,-0.011483433734939763
4166,-0.0027861445783132766
4167,0.001468373493975883
4168,-0.013667168674698804
4169,0.00470632530120485
4170,-0.002296686746987908
4171,-0.001920180722891518
4172,-0.012123493975903565
4173,-0.013704819277108482
4174,-0.014307228915662662
4175,0.00591114457831321
4176,0.002635542168674676
4177,0.006551204819277179
4178,0.011257530120481918
4179,-0.023719879518072307
4180,-0.002560240963855487
4181,0.012801204819277157
4182,-0.02887801204819268
4183,-0.00402861445783137
4184,-0.006701807228915668
4185,-0.006890060240963836
4186,-0.008245481927710852
4187,0.004819277108433773
4188,0.00045180722891557945
4189,-0.01159638554216863
4190,-0.008094879518072307
4191,-0.01517319277108431
4192,-0.01577560240963849
4193,-0.003539156626506057
4194,-0.007944277108433762
4195,-0.026016566265060215
4196,0.006212349397590411
4197,0.014043674698795194
4198,-0.003200301204819289
4199,0.0033509036144578896
4200,-0.00493222891566264
4201,-0.005459337349397575
4202,0.02259036144578308
4203,0.001167168674698793
4204,0.0008659638554217031
4205,-0.016189759036144558
4206,-0.00022590361445778973
4207,-0.0017695783132529175
4208,-0.008094879518072307
4209,-0.003802710843373469
4210,0.0014307228915662051
4211,-0.009299698795180722
4212,0.0012424698795180378
4213,0.0008283132530120252
4214,0.014495481927710885
4215,-0.008433734939759074
4216,-0.004103915662650559
4217,-0.0053087349397589745
4218,-0.007680722891566294
4219,-0.020707831325301296
4220,-0.01001506024096388
4221,0.018938253012048212
4222,-0.0006777108433734802
4223,0.01212349397590351
4224,-0.012123493975903621
4225,0.008132530120481873
4226,-0.0006777108433734802
4227,0.008245481927710907
4228,-0.007680722891566294
4229,-0.0073795180722891485
4230,0.00289909638554231
4231,-0.0017319277108433506
4232,-0.009299698795180722
4233,-0.011709337349397553
4234,0.009073795180722821
4235,0.002033132530120385
4236,-0.011709337349397553
4237,0.001769578313253084
4238,0.007793674698795328
4239,-0.014043674698795139
4240,-0.003124999999999989
4241,0.009375000000000022
4242,0.0030873493975903665
4243,-0.008697289156626486
4244,0.020105421686747005
4245,0.0012424698795181488
4246,-0.0008283132530120807
4247,-0.010956325301204772
4248,-0.0037650602409638467
4249,-0.01671686746987955
4250,0.004819277108433773
4251,-0.0031250000000000444
4252,-0.017243975903614428
4253,-0.017921686746987908
4254,0.0159262048192772
4255,0.00801957831325295
4256,-0.007191265060240926
4257,-0.011106927710843373
4258,0.0004894578313253684
4259,0.0028614457831326323
4260,0.0001506024096386005
4261,-0.008847891566265087
4262,-0.019390060240963847
4263,0.007793674698795217
4264,-0.006362951807228956
4265,-0.013102409638554302
4266,0.000903614457831381
4267,-0.0001506024096386005
4268,0.006137048192771166
4269,-0.014984939759036142
4270,-0.012499999999999956
4271,-0.007266566265060337
4272,0.004894578313253017
4273,-0.001204819277108471
4274,-0.0007906626506024028
4275,0.009412650602409589
4276,-0.025865963855421725
4277,-0.003652108433735035
4278,0.021799698795180733
4279,0.0012424698795180378
4280,0.008697289156626598
4281,0.00350150602409649
4282,0.004819277108433773
4283,0.002936746987951766
4284,0.006852409638554269
4285,-0.009375000000000022
4286,0.00060240963855418
4287,-0.005496987951807197
4288,-0.002033132530120496
4289,0.01137048192771084
4290,0.005572289156626553
4291,-0.0051581325301204295
4292,0.022703313253012003
4293,-0.006588855421686746
4294,-0.0021460843373494187
4295,0.007831325301204894
4296,-0.01227409638554211
4297,-0.01585090361445779
4298,0.019804216867469804
4299,0.0036897590361445465
4300,0.02243975903614459
4301,-0.011859939759036153
4302,0.009902108433734957
4303,0.025677710843373447
4304,-0.01739457831325303
4305,0.008923192771084443
4306,-0.00030120481927709
4307,0.013253012048192736
4308,0.010203313253012047
4309,-0.0014307228915662606
4310,0.014759036144578297
4311,0.012048192771084376
4312,-0.021611445783132566
4313,-0.013855421686746971
4314,0.006739457831325235
4315,0.0069277108433734025
4316,-0.015813253012048167
4317,0.0033132530120482118
4318,-0.009299698795180722
4319,-0.0038780120481927693
4320,0.0016189759036144835
4321,-0.0008283132530119697
4322,0.010579819277108493
4323,-0.016566265060240948
4324,0.0015813253012048056
4325,0.004329819277108404
4326,0.013817771084337238
4327,-0.0033132530120481563
4328,-0.0014683734939759385
4329,0.00666415662650599
4330,0.010203313253012047
4331,-0.02484939759036142
4332,-0.009073795180722877
4333,0.005045180722891507
4334,-0.0053087349397589745
4335,-0.008207831325301285
4336,0.002409638554216942
4337,-0.009450301204819267
4338,0.008923192771084332
4339,-0.013215361445783114
4340,0.004405120481927649
4341,0.002033132530120496
4342,-0.01878765060240961
4343,-0.0019954819277108182
4344,0.011558734939759119
4345,0.007944277108433706
4346,0.005346385542168708
4347,-0.016189759036144558
4348,0.00395331325301207
4349,0.011935240963855342
4350,-0.013253012048192792
4351,-0.005534638554216875
4352,0.010956325301204828
4353,-0.002033132530120496
4354,-0.0044051204819277046
4355,0.005195783132530218
4356,-0.006739457831325346
4357,-0.002221385542168719
4358,-0.006588855421686746
4359,-0.006513554216867445
4360,-0.003802710843373469
4361,0.006588855421686746
4362,-0.0182981927710843
4363,-0.005873493975903588
4364,-0.01746987951807233
4365,0.00850903614457832
4366,0.0054593373493976305
4367,-0.012801204819277101
4368,0.017432228915662762
4369,-0.013441265060240903
4370,-0.001204819277108471
4371,0.004781626506024095
4372,0.015436746987951833
4373,-0.000903614457831381
4374,-0.009036144578313254
4375,-0.01607680722891569
4376,-0.001317771084337338
4377,-0.0023719879518072085
4378,-0.025112951807228945
4379,0.00805722891566274
4380,-0.022100903614457768
4381,0.014608433734939807
4382,0.02138554216867472
4383,-0.01389307228915665
4384,0.00350150602409649
4385,-0.011935240963855454
4386,0.01487198795180722
4387,-0.008245481927710796
4388,0.014307228915662606
4389,-0.0033132530120481563
4390,0.00530873493975903
4391,0.008697289156626486
4392,-0.008509036144578264
4393,0.01822289156626511
4394,0.01984186746987948
4395,0.005195783132530218
4396,-0.00022590361445778973
4397,0.004894578313253017
4398,-0.005346385542168597
4399,0.00865963855421692
4400,0.011935240963855565
4401,0.007793674698795217
4402,-0.02676957831325305
4403,0.00060240963855418
4404,0.00022590361445784524
4405,0.008810240963855409
4406,0.0001506024096386005
4407,-0.004593373493975816
4408,-0.003426204819277079
4409,0.0025225903614457534
4410,-0.009864457831325224
4411,-0.01882530120481929
4412,0.0019201807228915735
4413,-0.014382530120482018
4414,-0.011483433734939763
4415,0.0039909638554217475
4416,0.0007153614457832136
4417,0.01137048192771084
4418,-0.005233433734939785
4419,0.014006024096385516
4420,-0.014194277108433684
4421,0.006475903614457712
4422,-0.009902108433734902
4423,-0.015963855421686768
4424,0.0004141566265060126
4425,-0.002936746987951877
4426,0.0004141566265060126
4427,0.0051581325301204295
4428,0.007944277108433706
4429,-0.021799698795180678
4430,0.018524096385542088
4431,-0.010843373493975794
4432,-0.01197289156626502
4433,0.018900602409638534
4434,0.004593373493975816
4435,-0.013403614457831281
4436,0.0048569277108433395
4437,-0.009939759036144635
4438,-0.005948795180722888
4439,-0.0035015060240964346
4440,0.010805722891566227
4441,0.0031250000000000444
4442,-0.0004141566265060126
4443,-0.009487951807228945
4444,-0.009563253012048245
4445,-0.0007530120481927804
4446,-0.019126506024096435
4447,0.0010542168674699814
4448,-0.006890060240963947
4449,-0.009299698795180666
4450,-0.005045180722891618
4451,-0.021536144578313265
4452,0.01762048192771093
4453,0.004631024096385494
4454,-0.00689006024096378
4455,-0.012499999999999956
4456,-0.008433734939758963
4457,0.026167168674698815
4458,0.002597891566265109
4459,0.008094879518072307
4460,0.026468373493976016
4461,-0.01927710843373498
4462,-0.012537650602409689
4463,-0.010542168674698815
4464,-0.013365963855421714
4465,-0.007454819277108393
4466,-0.006965361445783136
4467,-0.002635542168674676
4468,0.013102409638554247
4469,-0.007605421686746938
4470,7.530120481924474e-05
4471,-0.0044051204819277046
4472,0.009450301204819267
4473,-0.0036521084337349796
4474,-0.006061746987951755
4475,-0.00030120481927709
4476,-0.004518072289156627
4477,0.0010542168674698704
4478,-0.0073795180722891485
4479,-0.00060240963855418
4480,-0.015323795180722799
4481,0.004028614457831314
4482,-0.0005647590361445576
4483,-0.004216867469879537
4484,0.002334337349397586
4485,-0.008019578313253062
4486,-0.007191265060241037
4487,0.010730421686746983
4488,0.009751506024096357
4489,0.0021837349397589856
4490,0.007605421686747049
4491,-0.00030120481927697895
4492,-0.025000000000000022
4493,-0.01649096385542176
4494,-0.012499999999999956
4495,0.002635542168674676
4496,-0.009676204819277057
4497,0.0157756024096386
4498,0.0036897590361445465
4499,0.01106927710843375
4500,-0.0018448795180723288
4501,0.0045557228915662495
4502,0.007341867469879526
4503,0.005271084337349352
4504,-0.017545180722891518
4505,-0.009676204819277112
4506,-0.0017319277108433506
4507,0.004066265060240992
4508,0.003275602409638534
4509,-0.010278614457831292
4510,-0.009638554216867545
4511,0.007003012048192869
4512,0.0009789156626505147
4513,0.001807228915662762
4514,-0.002899096385542199
4515,0.011634036144578364
4516,0.01984186746987948
4517,-0.0009789156626506812
4518,-0.008283132530120474
4519,0.001468373493975883
4520,0.0001506024096386005
4521,0.02439759036144573
4522,-0.0005271084337349907
4523,-0.008320783132530096
4524,-0.0030120481927710663
4525,0.001807228915662762
4526,-0.005195783132530107
4527,0.003501506024096379
4528,0.012838855421686723
4529,-0.006099397590361377
4530,0.0028614457831325213
4531,0.0022213855421686635
4532,0.015850903614457845
4533,0.004631024096385494
4534,-0.0007530120481927804
4535,0.007793674698795217
4536,-0.01950301204819277
4537,0.006174698795180733
4538,0.008734939759036053
4539,0.018109939759036076
4540,0.0010542168674699814
4541,0.009450301204819267
4542,-0.026204819277108382
4543,-0.024322289156626486
4544,-0.011483433734939763
4545,-0.014683734939759052
4546,-0.005986445783132566
4547,-0.032906626506024106
4548,-0.001618975903614428
4549,0.009826807228915602
4550,-0.0056099397590361755
4551,0.004668674698795172
4552,-0.014909638554216897
4553,-0.012876506024096401
4554,0.01016566265060237
4555,-0.016039156626506013
4556,-0.014156626506024061
4557,0.004819277108433773
4558,-0.003087349397590311
4559,0.0007906626506023473
4560,-0.02963102409638546
4561,0.01031626506024097
4562,-0.01291415662650608
4563,0.004254518072289271
4564,0.005421686746987953
4565,0.0
4566,-0.00493222891566264
4567,-0.017319277108433728
4568,-0.014382530120481851
4569,0.018448795180722843
4570,-0.021460843373493965
4571,0.006701807228915779
4572,-0.00060240963855418
4573,-0.011031626506024073
4574,-0.011746987951807175
4575,-0.002108433734939741
4576,0.015737951807229034
4577,-0.0127259036144578
4578,0.016114457831325257
4579,0.009826807228915602
4580,0.0039909638554217475
4581,-0.007003012048192814
4582,0.0042921686746988374
4583,-0.0037650602409638467
4584,0.0
4585,0.004743975903614417
4586,-0.0002635542168674676
4587,0.03320783132530125
4588,-0.0033885542168674565
4589,-0.0018448795180722177
4590,0.00832078313253004
4591,0.004028614457831314
4592,-0.013968373493975894
4593,0.004932228915662584
4594,-0.008170180722891496
4595,-0.009902108433734902
4596,0.016415662650602347
4597,0.010881024096385583
4598,-0.0026731927710842984
4599,0.009977409638554202
4600,0.005609939759036231
4601,-0.014043674698795139
4602,0.005647590361445798
4603,0.005534638554216875
4604,-0.011521084337349385
4605,0.00030120481927709
4606,0.011784638554216853
4607,0.0
4608,0.00820783132530123
4609,7.530120481924474e-05
4610,0.0063629518072289
4611,-0.005760542168674776
4612,0.0022213855421686635
4613,-0.0126506024096385
4614,-0.0033509036144578896
4615,-0.007454819277108504
4616,0.000301204819277201
4617,0.0004141566265060126
4618,-0.020143072289156627
4619,0.011445783132530196
4620,0.03241716867469879
4621,0.003501506024096379
4622,0.01137048192771084
4623,0.011483433734939763
4624,-0.020331325301204795
4625,0.006551204819277179
4626,0.0005647590361446131
4627,-0.008546686746987886
4628,0.02048192771084334
4629,-0.006588855421686746
4630,0.009073795180722821
4631,-0.01404367469879525
4632,-0.0035768072289156794
4633,0.012650602409638556
4634,0.004969879518072262
4635,-0.001920180722891518
4636,-0.01773343373493974
4637,-0.004668674698795228
4638,0.009186746987951855
4639,-0.002108433734939741
4640,-0.01720632530120475
4641,-0.0030873493975903665
4642,-0.005873493975903588
4643,0.006551204819277179
4644,0.009600903614457867
4645,0.00470632530120485
4646,0.01532379518072291
4647,0.007153614457831359
4648,-0.007191265060240926
4649,0.004631024096385605
4650,0.003012048192771122
4651,0.015361445783132477
4652,-0.00591114457831321
4653,0.0004518072289156905
4654,0.0013930722891566383
4655,-0.00033885542168676785
4656,-0.0006777108433734802
4657,0.011144578313253106
4658,0.007454819277108449
4659,-0.008396084337349452
4660,0.004518072289156683
4661,0.009337349397590455
4662,0.004066265060240992
4663,0.018448795180722843
4664,0.00530873493975903
4665,-0.0008283132530120807
4666,0.0005647590361446131
4667,-0.010391566265060215
4668,-0.01539909638554221
4669,-0.000903614457831381
4670,-0.003840361445783147
4671,-0.0004894578313253684
4672,0.002710843373494032
4673,-0.007454819277108504
4674,-0.022326807228915724
4675,0.009299698795180777
4676,0.002033132530120496
4677,-0.0037274096385542244
4678,-0.014834337349397597
4679,-0.0007153614457831026
4680,0.01686746987951815
4681,0.002673192771084354
4682,0.0036144578313253017
4683,-0.01227409638554211
4684,-0.0010165662650601925
4685,-0.018185240963855487
4686,-0.0013930722891566383
4687,0.005233433734939785
4688,-0.025677710843373502
4689,0.012838855421686723
4690,0.011144578313252995
4691,0.000903614457831381
4692,0.006777108433734913
4693,0.012462349397590389
4694,0.014646084337349485
4695,-0.01942771084337347
4696,0.0159262048192772
4697,0.01746987951807233
4698,0.002635542168674676
4699,0.006890060240963836
4700,0.006287650602409656
4701,-0.01426957831325304
4702,-0.009563253012048245
4703,0.00956325301204819
4704,0.0008659638554217031
4705,-0.001920180722891518
4706,-0.0018825301204819511
4707,0.009450301204819267
4708,0.0219879518072289
4709,0.021498493975903532
4710,-0.006626506024096368
4711,-0.008207831325301174
4712,0.00865963855421692
4713,-0.006099397590361377
4714,0.003275602409638534
4715,0.0034638554216867012
4716,-0.002823795180722899
4717,-0.010165662650602425
4718,0.017319277108433728
4719,0.0033885542168674565
4720,-0.014721385542168619
4721,0.030685240963855387
4722,0.013140060240963924
4723,-0.0026731927710842984
4724,-0.007454819277108393
4725,-0.0037650602409638467
4726,-0.012801204819277046
4727,0.011106927710843428
4728,0.0057605421686747205
4729,0.010504518072289137
4730,-0.012123493975903621
4731,-0.012123493975903565
4732,-0.007417168674698826
4733,0.0030496987951807997
4734,0.01442018072289164
4735,0.013177710843373491
4736,0.0159262048192772
4737,-0.007605421686746994
4738,0.0018825301204818956
4739,-0.002710843373493921
4740,0.0034262048192771344
4741,0.012951807228915646
4742,-0.025941265060241026
4743,-0.014457831325301262
4744,0.006475903614457823
4745,0.014118975903614439
4746,-0.024134036144578375
4747,0.009412650602409589
4748,-0.002597891566265109
4749,0.010805722891566227
4750,0.00011295180722892262
4751,0.02018072289156625
4752,-0.012236445783132543
4753,-0.012537650602409689
4754,0.014683734939759052
4755,0.02503765060240959
4756,-0.0042921686746988374
4757,0.00022590361445784524
4758,0.005195783132530107
4759,-0.01487198795180722
4760,-0.004819277108433828
4761,-0.00022590361445790075
4762,-0.0004141566265060126
4763,0.007417168674698771
4764,-0.002033132530120496
4765,0.002409638554216942
4766,0.006588855421686746
4767,0.002108433734939741
4768,0.011332831325301163
4769,0.004668674698795172
4770,0.014231927710843362
4771,-0.014194277108433684
4772,-0.014457831325301262
4773,-0.004367469879518027
4774,-0.01810993975903613
4775,0.004141566265060237
4776,-0.01758283132530114
4777,0.0005647590361446131
4778,-0.025112951807228945
4779,-0.007304216867469904
4780,-0.0020707831325301185
4781,0.003012048192771122
4782,0.010993975903614506
4783,0.00971385542168679
4784,0.00011295180722903364
4785,-0.005873493975903588
4786,-0.02356927710843376
4787,-0.014043674698795139
4788,-0.0033509036144578896
4789,0.01897590361445789
4790,0.0016189759036144835
4791,0.028765060240963924
4792,0.010692771084337416
4793,-0.011897590361445776
4794,0.018034638554216942
4795,-0.010316265060241026
4796,0.005271084337349352
4797,0.0033885542168674565
4798,0.0039909638554216365
4799,0.010655120481927738
4800,0.009751506024096468
4801,0.001167168674698793
4802,-0.011935240963855454
4803,0.00956325301204819
4804,-0.003915662650602447
4805,-0.005572289156626553
4806,0.014382530120481851
4807,0.008170180722891551
4808,0.020745481927710863
4809,0.007981927710843384
4810,0.0157756024096386
4811,0.017243975903614484
4812,-0.00022590361445778973
4813,0.01046686746987946
4814,-0.0059111445783132655
4815,0.0034638554216868123
4816,0.004254518072289271
4817,-0.0017695783132530285
4818,-0.012010542168674754
4819,-0.01698042168674696
4820,0.020707831325301185
4821,-0.009186746987951855
4822,-0.0012801204819277712
4823,0.013328313253012092
4824,-0.004179216867469859
4825,-0.020670180722891618
4826,0.0066265060240964235
4827,-0.005045180722891618
4828,-0.0190888554216867
4829,-0.014118975903614439
4830,0.016792168674698793
4831,-0.011972891566265131
4832,-0.009864457831325335
4833,-0.004141566265060237
4834,0.012236445783132543
4835,0.007981927710843384
4836,-0.0127259036144578
4837,-0.01897590361445778
4838,-0.0032756024096385894
4839,0.008847891566265087
4840,0.0030873493975903665
4841,0.01682981927710847
4842,-0.007040662650602325
4843,-0.01419427710843374
4844,-0.005233433734939785
4845,-0.0190888554216867
4846,0.00820783132530123
4847,-0.01769578313253012
4848,-0.0030496987951806886
4849,0.014646084337349485
4850,0.01807228915662651
4851,0.02217620481927718
4852,-0.011257530120481973
4853,0.0063629518072289
4854,0.00896084337349401
4855,0.012048192771084376
4856,0.028765060240963924
4857,0.012951807228915646
4858,-0.0028614457831325213
4859,-0.004518072289156627
4860,-0.024924698795180722
4861,0.01818524096385543
4862,0.01046686746987957
4863,0.005120481927710863
4864,0.003840361445783036
4865,0.006400602409638578
4866,-0.010353915662650592
4867,-0.010052710843373502
4868,0.002070783132530174
4869,0.0010542168674697594
4870,0.005421686746987953
4871,0.011031626506023962
4872,0.005722891566265043
4873,0.009789156626506035
4874,0.011445783132530196
4875,0.00060240963855418
4876,-0.02055722891566264
4877,0.0060240963855421326
4878,-0.023343373493975916
4879,0.0008283132530121362
4880,-0.0023719879518073195
4881,-0.0014683734939759385
4882,0.0009789156626505147
4883,-0.0042921686746988374
4884,-0.0011671686746988486
4885,-0.013177710843373491
4886,0.005685240963855476
4887,-0.007756024096385483
4888,0.0005271084337349352
4889,-0.020444277108433828
4890,-0.0012424698795180378
4891,0.007793674698795217
4892,0.009149096385542288
4893,0.0001506024096386005
4894,0.007115963855421681
4895,-0.0059111445783132655
4896,0.01652861445783138
4897,0.0025225903614457534
4898,0.009939759036144524
4899,0.003840361445783147
4900,0.014006024096385516
4901,0.009299698795180777
4902,0.004631024096385494
4903,0.004593373493975816
4904,0.000903614457831381
4905,-0.0038403614457830915
4906,0.01728162650602416
4907,0.002597891566265109
4908,0.002409638554216942
4909,-0.0015813253012048611
4910,-0.013441265060240903
4911,0.002673192771084354
4912,0.01351656626506026
4913,0.008546686746988108
4914,-0.010240963855421614
4915,-0.012725903614457912
4916,0.010579819277108493
4917,-0.024924698795180722
4918,-0.002334337349397586
4919,0.0005271084337349352
4920,-0.004856927710843395
4921,-0.005685240963855365
4922,0.0034638554216868123
4923,0.014156626506024117
4924,-0.013253012048192792
4925,-0.010466867469879515
4926,0.0034638554216868123
4927,0.007680722891566294
4928,-0.007756024096385594
4929,0.01592620481927709
4930,-0.022402108433734913
4931,0.00805722891566274
4932,0.0127259036144578
4933,-0.023305722891566294
4934,0.005647590361445798
4935,-0.020368975903614417
4936,0.0001506024096386005
4937,-0.009751506024096412
4938,-0.0017695783132529175
4939,0.0022966867469880192
4940,0.00591114457831321
4941,-0.004480421686747005
4942,0.0019954819277109292
4943,0.0002635542168675231
4944,0.0013930722891566383
4945,-0.013140060240963869
4946,0.00120481927710836
4947,0.00865963855421692
4948,0.01362951807228907
4949,0.018034638554216942
4950,0.005572289156626553
4951,-0.007115963855421625
4952,-0.010128012048192803
4953,0.016039156626506013
4954,-0.010391566265060215
4955,-0.00060240963855418
4956,-0.002484939759036131
4957,0.0017319277108432951
4958,0.00896084337349401
4959,0.004329819277108404
4960,-0.0010542168674698704
4961,-0.0008659638554216476
4962,-0.0155496987951807
4963,0.011859939759036098
4964,-0.003840361445783147
4965,-0.013817771084337349
4966,0.00896084337349401
4967,0.011257530120481918
4968,-0.01585090361445779
4969,0.009525602409638623
4970,0.01517319277108431
4971,0.00022590361445784524
4972,0.008471385542168641
4973,-0.0014307228915662606
4974,0.0017319277108432951
4975,0.014721385542168619
4976,0.0028237951807228434
4977,0.002635542168674676
4978,-0.001317771084337338
4979,-0.0034638554216867012
4980,0.005835843373493965
4981,-0.011709337349397664
4982,0.0019578313253011403
4983,-0.015813253012048167
4984,0.002635542168674676
4985,0.011408132530120518
4986,0.011897590361445887
4987,-0.01197289156626502
4988,-0.005082831325301185
4989,0.002899096385542199
4990,-0.017319277108433728
4991,0.00865963855421692
4992,0.01137048192771073
4993,-0.014382530120481962
4994,-0.01227409638554211
4995,-0.0030496987951806886
4996,0.009450301204819267
4997,-0.008320783132530096
4998,-0.0036144578313252462
4999,0.00045180722891557945
