transition_index,from_range,to_range,consensus_pair_physical_percentile,pair_percentile_effect,median_pair_physical_score,median_pair_control_score,control_dest_indices
1,range_000176-000375,range_000326-000525,0.8,0.30000000000000004,0.7433802100200819,0.27346182186593077,"585,217,270,266,590,415,393,297,232,504,391,269,54,431,548,540,260,176,455,631"
2,range_000326-000525,range_000476-000675,0.15,-0.35,0.1258237310256399,0.515004079151338,"380,230,216,180,319,629,590,306,621,649,248,634,501,165,415,351,17,596,402,117"
3,range_000476-000675,range_000626-000825,0.1,-0.4,0.011715140124574128,0.6250547675229767,"78,651,450,389,147,134,612,56,336,87,192,117,168,567,458,398,566,532,399,154"
4,range_000626-000825,range_000776-000975,0.9,0.4,0.6481960574279811,0.23735758391904052,"360,525,483,95,560,213,349,664,69,558,106,524,484,482,244,369,277,473,511,507"
5,range_000776-000975,range_000926-001125,0.45,-0.04999999999999999,0.7928850335887014,0.8947433135310505,"186,494,635,307,381,240,632,337,178,444,557,201,592,206,324,435,166,106,218,301"
6,range_000926-001125,range_001076-001275,0.25,-0.25,0.15249852665436456,0.3345603971617256,"370,405,620,202,146,422,334,482,176,639,115,208,118,152,654,437,457,329,454,616"
7,range_001076-001275,range_001226-001425,0.45,-0.04999999999999999,0.6179011026573865,0.7556791101245512,"35,471,101,257,501,87,384,89,48,320,285,304,36,553,328,78,516,23,233,410"
8,range_001226-001425,range_001376-001575,0.175,-0.325,0.0,0.046956152874686075,"602,587,66,357,209,414,351,304,392,222,406,475,433,113,262,413,245,508,138,275"
9,range_001376-001575,range_001526-001725,0.275,-0.22499999999999998,0.0,0.0,"23,393,640,258,650,213,532,376,161,484,391,332,402,256,273,322,649,486,142,22"
10,range_001526-001725,range_001676-001875,0.4,-0.09999999999999998,0.4457397284603564,0.6318680238019347,"643,642,380,205,581,362,112,453,128,230,333,524,544,553,533,397,23,590,417,546"
11,range_001676-001875,range_001826-002025,0.4,-0.09999999999999998,0.39594147261891344,0.5163129588218138,"249,187,32,298,259,258,257,44,548,150,101,111,484,49,387,661,206,505,623,162"
12,range_001826-002025,range_001976-002175,0.05,-0.45,0.0,0.6917650597378998,"169,561,254,360,96,148,31,509,447,201,516,389,165,502,432,83,505,92,363,331"
13,range_001976-002175,range_002126-002325,0.5,0.0,0.1693074604361756,0.18000220813675447,"39,420,91,438,38,265,606,156,199,63,171,153,224,81,146,259,158,287,29,445"
14,range_002126-002325,range_002276-002475,0.85,0.35,0.8892005613355625,0.5833498352129943,"553,405,454,158,39,109,655,360,188,258,422,415,286,248,654,259,622,132,437,152"
15,range_002276-002475,range_002426-002625,0.3,-0.2,0.15170060412339192,0.3891504871501119,"91,305,551,146,120,242,259,329,553,358,314,636,294,391,156,616,195,132,528,335"
16,range_002426-002625,range_002576-002775,0.25,-0.25,0.27049781656280175,0.5851644522182633,"344,111,447,526,380,453,367,362,37,126,540,104,33,506,322,194,166,77,342,484"
17,range_002576-002775,range_002726-002925,0.4,-0.09999999999999998,0.21009036639657536,0.3031418571446013,"192,180,137,478,63,593,629,249,159,84,250,87,316,107,661,281,110,461,429,618"
18,range_002726-002925,range_002876-003075,0.95,0.44999999999999996,0.3366154043680559,0.0,"230,70,92,490,216,37,590,471,45,166,338,585,641,354,399,136,547,84,380,201"
19,range_002876-003075,range_003026-003225,0.95,0.44999999999999996,0.859466740378188,0.40605172701512465,"202,535,655,156,93,185,626,487,576,146,639,158,132,208,94,583,228,233,152,482"
20,range_003026-003225,range_003176-003375,0.2,-0.3,0.527663550408718,0.8126846725846891,"184,486,409,555,511,445,10,229,443,620,447,333,306,415,299,218,624,343,217,255"
21,range_003176-003375,range_003326-003525,1.0,0.5,1.1529052249768477,0.5915203994452874,"631,67,349,195,268,479,2,639,306,311,94,582,279,549,244,277,259,343,86,151"
22,range_003326-003525,range_003476-003675,0.55,0.050000000000000044,0.352832577142196,0.29854847977191296,"435,266,635,408,654,590,76,281,442,62,460,158,588,372,52,264,328,461,54,202"
23,range_003476-003675,range_003626-003825,0.9,0.4,1.7745180443375135,0.8529378511343317,"11,559,128,413,428,175,270,103,140,177,4,377,111,163,455,545,538,364,73,369"
24,range_003626-003825,range_003776-003975,0.275,-0.22499999999999998,0.0,0.0,"450,466,46,465,55,74,599,414,602,183,593,220,481,523,87,567,299,570,534,134"
25,range_003776-003975,range_003926-004125,0.5,0.0,1.3550306910029724,1.269109007000651,"420,448,606,505,558,617,540,562,112,251,584,289,387,415,554,328,349,636,270,5"
26,range_003926-004125,range_004076-004275,0.8,0.30000000000000004,1.3224215599138045,1.0205608027945174,"606,628,545,349,198,404,381,513,399,148,663,356,210,252,342,235,39,530,145,254"
27,range_004076-004275,range_004226-004425,0.3,-0.2,0.0,0.0,"429,468,603,496,430,414,657,612,634,154,567,571,523,516,315,502,164,50,209,431"
28,range_004226-004425,range_004376-004575,0.7,0.19999999999999996,1.7147948548727223,1.48898098927426,"70,455,16,553,665,289,341,207,591,198,328,604,326,305,540,224,272,402,314,13"
29,range_004376-004575,range_004526-004725,0.05,-0.45,0.6156121334305499,1.4467672749595764,"346,519,463,124,637,528,400,316,231,243,72,129,64,429,520,183,127,55,121,465"
30,range_004526-004725,range_004676-004875,0.2,-0.3,0.023342834819671487,0.8744241448479564,"234,179,448,571,549,451,66,51,209,389,225,566,561,510,508,414,110,412,129,523"
31,range_004676-004875,range_004826-005025,0.95,0.44999999999999996,0.5957942909094063,0.0,"521,181,260,104,380,89,606,180,270,310,637,111,522,391,388,216,82,348,258,426"
32,range_004826-005025,range_004976-005175,0.1,-0.4,0.16586007597388547,0.5843414545349274,"107,376,142,621,367,277,391,442,287,69,188,448,206,232,281,266,578,5,430,589"
33,range_004976-005175,range_005126-005325,0.45,-0.04999999999999999,0.4386157302772855,0.450070655943961,"271,653,247,339,70,507,617,260,435,217,655,589,398,583,199,178,407,479,524,474"
34,range_005126-005325,range_005276-005475,0.3,-0.2,0.14280522892107048,0.5775243626076259,"278,384,86,397,433,574,600,211,220,226,612,262,595,423,578,281,78,79,599,641"
35,range_005276-005475,range_005426-005625,0.2,-0.3,0.01224251788661306,0.5404758620354059,"600,66,574,602,541,571,659,392,399,406,214,423,462,647,351,46,50,200,410,212"
36,range_005426-005625,range_005576-005775,0.8,0.30000000000000004,0.18499258125533022,0.0,"82,463,509,629,559,128,169,596,163,396,456,551,232,301,119,662,264,291,635,238"
37,range_005576-005775,range_005726-005925,0.9,0.4,0.7721781974633986,0.2737276219904407,"97,1,229,256,585,326,474,194,630,136,267,249,65,380,303,589,431,540,439,125"
38,range_005726-005925,range_005876-006075,0.05,-0.45,0.0,1.0410939555947862,"24,78,567,28,459,166,122,167,504,226,313,110,199,183,189,590,480,662,607,593"
39,range_005876-006075,range_006026-006225,0.1,-0.4,0.0,0.7498078016328253,"323,28,413,245,174,204,207,322,336,382,234,180,449,147,644,416,246,56,398,613"
40,range_006026-006225,range_006176-006375,0.35,-0.15000000000000002,0.5361570403350264,0.6825771552510447,"544,357,611,392,209,600,574,179,75,571,423,567,587,212,432,60,66,523,384,4"
41,range_006176-006375,range_006326-006525,0.15,-0.35,0.0,0.5068155337552409,"97,395,262,292,599,470,615,392,316,357,406,612,79,523,384,0,552,440,567,209"
42,range_006326-006525,range_006476-006675,0.75,0.25,0.07253647466273172,0.0,"131,410,223,297,452,284,511,190,282,534,178,467,299,516,641,615,396,308,509,379"
43,range_006476-006675,range_006626-006825,0.5,0.0,0.6918476913817349,0.7317162802489963,"315,386,223,592,185,446,469,179,620,366,300,205,360,451,10,188,273,628,105,70"
44,range_006626-006825,range_006776-006975,0.35,-0.15000000000000002,0.6339593923564475,0.9147909127564453,"234,189,4,302,599,566,230,538,113,28,389,612,506,262,647,392,510,177,458,515"
45,range_006776-006975,range_006926-007125,0.2,-0.3,0.0,0.14352993137167627,"510,302,79,587,134,381,209,464,594,227,103,389,508,222,612,167,71,607,0,441"
46,range_006926-007125,range_007076-007275,0.275,-0.22499999999999998,0.0,0.0,"567,423,651,385,216,613,212,169,618,197,542,241,75,11,619,352,593,235,413,182"
47,range_007076-007275,range_007226-007425,0.2,-0.3,0.0,0.088957376995968,"175,73,523,168,267,87,299,382,347,571,60,570,534,647,361,263,209,458,192,481"
48,range_007226-007425,range_007376-007575,0.95,0.44999999999999996,0.5970047332397173,0.0,"612,657,204,537,382,28,399,140,129,550,493,83,441,197,364,427,545,569,278,284"
49,range_007376-007575,range_007526-007725,0.25,-0.25,0.659563827689311,1.1302314619131963,"603,234,609,469,192,246,267,594,226,498,297,214,566,154,567,600,361,262,610,110"
50,range_007526-007725,range_007676-007875,0.35,-0.15000000000000002,0.0,0.0,"638,203,263,27,340,399,349,210,412,255,363,580,182,178,425,594,432,411,129,592"
51,range_007676-007875,range_007826-008025,0.45,-0.04999999999999999,0.05752762774436151,0.13713065621630496,"250,191,571,412,566,66,221,414,174,226,222,262,594,225,25,302,513,385,214,209"
52,range_007826-008025,range_007976-008175,0.25,-0.25,0.0,0.04926881960231416,"562,550,304,123,596,332,413,170,311,589,182,235,636,165,277,88,31,124,18,497"
53,range_007976-008175,range_008126-008325,0.25,-0.25,0.18933267220284844,0.48323410442305526,"655,521,475,548,664,430,279,631,595,640,328,81,40,160,106,2,158,514,14,404"
54,range_008126-008325,range_008276-008475,1.0,0.5,2.629887197716165,0.6680193976629742,"477,510,116,254,440,612,528,110,570,395,494,9,351,40,296,410,545,441,366,566"
55,range_008276-008475,range_008426-008625,0.05,-0.45,0.34087866962439756,1.125356562699943,"0,287,508,428,238,221,538,383,234,357,278,337,627,124,516,392,657,510,302,227"
56,range_008426-008625,range_008576-008775,0.85,0.35,1.7178560385304704,1.122135745637717,"359,489,604,448,495,528,88,153,447,244,248,287,266,547,235,188,601,271,381,311"
57,range_008576-008775,range_008726-008925,0.2,-0.3,0.6124078838900835,0.8932159055537844,"495,486,88,380,157,285,104,30,623,614,596,629,292,553,521,547,92,367,467,193"
58,range_008726-008925,range_008876-009075,0.6,0.09999999999999998,0.49203132409423916,0.23119379642762586,"630,426,433,298,532,655,383,20,333,95,140,114,418,133,253,181,251,582,454,324"
59,range_008876-009075,range_009026-009225,0.6,0.09999999999999998,1.6375576574278035,1.4295475786144896,"75,192,74,304,599,523,522,89,406,209,612,189,462,608,336,278,226,25,465,47"
60,range_009026-009225,range_009176-009375,0.45,-0.04999999999999999,0.7715130952532099,0.8507799296415239,"480,402,488,367,239,341,547,579,242,499,105,2,330,385,397,80,479,218,92,100"
61,range_009176-009375,range_009326-009525,0.2,-0.3,0.45309118324822795,0.6827706238908681,"558,335,640,325,224,141,591,473,408,590,659,107,34,119,409,543,5,290,49,461"
62,range_009326-009525,range_009476-009675,0.05,-0.45,0.2128912066077517,0.7593217848599054,"552,354,200,524,573,105,264,634,595,14,2,191,124,323,122,526,386,509,431,401"
63,range_009476-009675,range_009626-009825,0.35,-0.15000000000000002,0.9019412881576764,1.4025148243329517,"296,466,53,569,510,545,210,211,192,74,498,17,585,570,97,226,154,168,635,629"
64,range_009626-009825,range_009776-009975,0.2,-0.3,0.0,0.19631459327860531,"570,225,46,658,435,164,127,394,218,600,608,108,226,162,567,635,496,110,651,494"
65,range_009776-009975,range_009926-010125,0.7,0.19999999999999996,0.9198828738639404,0.5712802501481775,"508,580,594,612,563,221,140,378,395,316,356,549,429,167,404,450,288,183,544,622"
66,range_009926-010125,range_010076-010275,0.7,0.19999999999999996,1.1325247897758315,0.833486922903631,"43,428,155,242,34,581,546,5,44,252,403,521,166,507,565,469,20,123,650,299"
67,range_010076-010275,range_010226-010425,0.2,-0.3,0.43092044908196236,0.6956491365537423,"34,507,244,604,132,161,22,447,530,373,310,311,408,14,624,281,109,375,20,577"
68,range_010226-010425,range_010376-010575,0.9,0.4,1.0529865781400187,0.5218253646428217,"242,291,289,539,259,16,325,176,120,12,232,341,556,584,153,551,195,224,531,639"
69,range_010376-010575,range_010526-010725,0.025,-0.475,0.0,0.7894149167553477,"241,619,312,284,537,123,459,189,102,638,428,100,498,174,550,135,566,441,195,127"
70,range_010526-010725,range_010676-010875,0.6,0.09999999999999998,1.2871315828517595,1.0213833646530581,"134,651,618,627,215,147,581,183,555,406,466,196,189,87,102,285,479,241,182,470"
71,range_010676-010875,range_010826-011025,0.15,-0.35,0.8332397576302197,1.3435852310911116,"228,397,286,660,248,415,484,556,317,150,114,94,274,436,152,369,184,341,242,370"
72,range_010826-011025,range_010976-011175,0.95,0.44999999999999996,2.3023097720994894,1.1292717309119742,"561,327,214,595,283,36,462,394,563,468,544,538,424,570,514,237,211,541,371,600"
73,range_010976-011175,range_011126-011325,0.85,0.35,0.20033716315494435,0.0,"450,55,570,567,523,599,263,134,175,414,183,87,618,466,250,182,110,103,571,352"
74,range_011126-011325,range_011276-011475,0.25,-0.25,0.2426207088821383,0.48331724695186484,"523,140,189,427,129,263,103,364,175,378,87,47,24,183,226,466,426,618,25,368"
75,range_011276-011475,range_011426-011625,0.75,0.25,1.05829858172611,0.8360780050119914,"480,338,416,428,167,299,453,517,253,519,627,117,301,379,662,347,351,149,319,463"
76,range_011426-011625,range_011576-011775,0.2,-0.3,0.6856342943697367,0.8871714991473585,"221,465,602,236,232,97,587,214,550,209,99,300,0,51,189,183,520,2,441,212"
77,range_011576-011775,range_011726-011925,1.0,0.5,2.5927598396657863,1.38272791398026,"516,134,300,507,247,258,1,313,561,123,103,112,216,344,416,657,514,354,395,596"
78,range_011726-011925,range_011876-012075,0.55,0.050000000000000044,0.39756594394342415,0.3665106420377372,"559,425,215,237,357,513,192,338,459,413,307,66,423,626,99,503,45,638,546,538"
79,range_011876-012075,range_012026-012225,0.75,0.25,1.2161441641734962,0.7885980791270912,"343,137,165,509,46,507,425,632,465,54,372,359,541,331,131,155,617,187,330,197"
80,range_012026-012225,range_012176-012375,0.05,-0.45,0.14170443109458944,0.8995489993762421,"239,131,275,366,490,125,389,509,399,398,633,212,62,572,596,97,200,36,104,282"
81,range_012176-012375,range_012326-012525,0.2,-0.3,1.115145273312374,1.8742375047081206,"66,651,493,262,246,392,253,593,388,389,43,496,357,372,395,229,600,363,368,466"
82,range_012326-012525,range_012476-012675,0.15,-0.35,0.0,0.1527546862011137,"425,450,68,212,60,364,357,220,513,363,25,246,0,117,130,385,392,462,399,426"
83,range_012476-012675,range_012626-012825,0.225,-0.275,0.0,0.05148119709528521,"364,210,140,346,59,428,37,58,386,47,393,293,107,502,458,383,30,541,365,288"
84,range_012626-012825,range_012776-012975,0.125,-0.375,0.0,0.6597920444184123,"612,189,210,571,226,414,423,634,209,262,302,603,488,566,523,130,25,51,266,74"
85,range_012776-012975,range_012926-013125,0.325,-0.175,0.0,0.0,"473,29,295,370,142,588,224,355,207,639,281,188,171,443,157,655,606,611,271,460"
86,range_012926-013125,range_013076-013275,0.8,0.30000000000000004,1.787856672410152,1.0282935365290202,"413,471,468,113,31,609,300,164,167,110,25,51,421,212,189,432,663,516,351,523"
87,range_013076-013275,range_013226-013425,0.4,-0.09999999999999998,0.742349936854159,0.914502540251547,"157,148,579,136,244,117,125,655,578,488,582,303,569,171,158,596,418,623,104,218"
88,range_013226-013425,range_013376-013575,0.125,-0.375,0.0,0.670815527317688,"566,640,144,602,155,651,414,412,119,513,571,25,567,192,313,212,209,459,523,512"
89,range_013376-013575,range_013526-013725,0.45,-0.04999999999999999,0.03012120156013456,0.0,"635,663,62,27,424,251,538,178,456,119,574,465,431,76,336,211,445,243,285,187"
90,range_013526-013725,range_013676-013875,1.0,0.5,1.790436645692503,0.7852683178673181,"151,422,328,270,397,554,330,259,565,358,13,360,408,586,213,207,650,558,376,665"
91,range_013676-013875,range_013826-014025,0.05,-0.45,1.0540784654431248,2.344350999632501,"213,78,651,657,410,508,262,446,263,450,282,385,440,502,227,236,55,246,571,37"
92,range_013826-014025,range_013976-014175,0.35,-0.15000000000000002,0.0,0.0,"170,15,560,294,40,645,14,242,19,149,448,360,367,249,611,489,408,585,317,376"
93,range_013976-014175,range_014126-014325,0.3,-0.2,0.36198924435771546,0.459462250915415,"583,153,536,622,233,588,121,151,231,431,592,443,10,501,269,310,257,202,149,155"
94,range_014126-014325,range_014276-014475,0.3,-0.2,0.3229713964687292,0.6902615110195414,"413,29,395,439,533,476,52,421,593,661,221,145,104,497,534,247,507,425,296,635"
95,range_014276-014475,range_014426-014625,0.1,-0.4,0.0,0.2754141304255724,"305,573,170,549,527,338,18,337,121,382,109,76,325,276,57,61,542,583,171,195"
96,range_014426-014625,range_014576-014775,0.25,-0.25,0.23852583308705194,0.6115532081838709,"53,288,406,236,124,205,592,52,27,623,657,501,137,206,153,479,595,143,160,119"
97,range_014576-014775,range_014726-014925,0.5,0.0,0.05545655106828441,0.08426720939419227,"540,133,37,311,342,180,61,322,419,474,430,637,518,335,403,194,661,640,19,249"
98,range_014726-014925,range_014876-015075,0.8,0.30000000000000004,1.290765099228048,0.471343104652477,"24,493,537,483,84,0,192,211,470,31,439,489,663,466,168,613,596,165,446,254"
99,range_014876-015075,range_015026-015225,0.275,-0.22499999999999998,0.0,0.0,"60,164,356,623,56,221,378,644,570,73,345,406,275,55,612,394,148,278,340,168"
100,range_015026-015225,range_015176-015375,0.35,-0.15000000000000002,0.9055548693062999,1.1915690603571245,"187,420,248,132,240,339,369,63,265,273,573,20,142,528,605,151,584,391,13,150"
101,range_015176-015375,range_015326-015525,0.35,-0.15000000000000002,0.8981207230439617,1.071203314530263,"543,419,462,615,494,470,641,469,58,627,173,216,598,177,205,496,241,545,633,254"
102,range_015326-015525,range_015476-015675,0.25,-0.25,0.0,0.0,"465,560,396,284,225,537,508,416,249,52,268,313,36,293,659,555,642,270,348,191"
103,range_015476-015675,range_015626-015825,0.9,0.4,1.3280909425404437,0.6569612537419591,"467,596,36,535,44,325,363,307,319,646,658,488,354,223,61,396,609,649,145,239"
104,range_015626-015825,range_015776-015975,0.75,0.25,0.9844797294893658,0.5145035081734242,"181,139,89,188,483,429,421,165,541,480,512,180,32,299,659,169,601,400,613,85"
105,range_015776-015975,range_015926-016125,0.15,-0.35,0.08881069696350129,0.26061200543253904,"184,151,244,333,626,584,231,436,198,265,393,248,310,277,553,650,454,588,21,23"
106,range_015926-016125,range_016076-016275,0.15,-0.35,0.0,0.5402681694285711,"392,587,432,388,83,351,566,574,571,545,609,462,477,36,25,357,214,514,659,304"
107,range_016076-016275,range_016226-016425,0.5,0.0,0.279271277492847,0.21808371470676746,"301,546,413,259,3,469,192,619,615,478,425,28,476,204,554,340,22,368,390,220"
108,range_016226-016425,range_016376-016575,0.65,0.15000000000000002,0.5624684880379471,0.39013991555271027,"492,228,577,258,654,438,187,202,176,21,70,665,81,233,564,77,485,370,317,360"
109,range_016376-016575,range_016526-016725,0.75,0.25,2.5933555960613477,1.5845695081091402,"566,385,541,602,598,277,209,37,74,424,603,255,510,167,155,147,375,183,144,459"
110,range_016526-016725,range_016676-016875,0.75,0.25,1.6135471436006472,1.2470639321948318,"333,377,76,9,41,375,350,454,92,573,251,98,415,531,629,217,548,242,562,171"
111,range_016676-016875,range_016826-017025,0.95,0.44999999999999996,1.5097562037455123,0.7597021839418154,"259,308,375,383,373,372,447,310,367,17,218,402,121,320,180,8,360,229,645,266"
112,range_016826-017025,range_016976-017175,0.4,-0.09999999999999998,0.6375665585325596,0.8995420704720734,"188,566,236,603,60,66,254,173,226,425,61,222,392,174,237,545,414,356,200,215"
113,range_016976-017175,range_017126-017325,0.8,0.30000000000000004,0.9562430494284774,0.4216328000368797,"436,257,268,93,447,68,430,503,529,22,142,511,531,10,14,575,359,279,176,19"
114,range_017126-017325,range_017276-017475,0.15,-0.35,0.5367953548624954,0.9995776008514616,"285,532,342,431,27,287,572,418,539,193,241,6,249,223,427,136,94,18,610,611"
115,range_017276-017475,range_017426-017625,0.25,-0.25,1.5934359567091505,2.166843495685712,"587,103,242,566,281,203,588,516,74,190,318,167,48,327,445,337,522,399,446,293"
116,range_017426-017625,range_017576-017775,0.85,0.35,0.06904091958067272,0.0,"615,128,255,1,32,206,469,497,478,167,312,401,284,18,328,516,271,27,396,9"
117,range_017576-017775,range_017726-017925,0.75,0.25,0.813413597447627,0.37160871406940127,"604,269,272,665,438,472,583,639,96,224,153,232,146,235,422,565,185,305,132,334"
118,range_017726-017925,range_017876-018075,0.35,-0.15000000000000002,1.2841217969856416,1.4370617520949551,"373,545,204,349,440,85,423,433,180,520,524,256,287,601,261,148,497,51,547,293"
119,range_017876-018075,range_018026-018225,0.225,-0.275,0.0,0.07300767725676618,"5,291,630,30,149,333,542,15,655,185,359,274,61,633,240,311,434,106,437,22"
120,range_018026-018225,range_018176-018375,0.025,-0.475,0.0,0.9507520626125592,"399,567,571,545,245,610,75,214,209,410,587,281,66,203,36,392,304,246,619,544"
121,range_018176-018375,range_018326-018525,0.45,-0.04999999999999999,0.0,0.0,"398,572,49,328,615,453,193,373,560,239,428,614,380,259,527,455,224,511,403,251"
122,range_018326-018525,range_018476-018675,0.125,-0.375,0.0,0.5270848847535833,"103,4,412,343,450,189,651,570,379,481,471,599,230,662,220,55,561,25,183,523"
123,range_018476-018675,range_018626-018825,0.325,-0.175,0.0,0.0,"449,330,385,239,82,537,444,200,531,28,439,210,144,154,502,38,623,165,665,357"
124,range_018626-018825,range_018776-018975,0.65,0.15000000000000002,0.32770932657159707,0.11047217061971615,"41,351,261,325,59,229,282,8,107,253,601,193,417,377,624,403,205,290,421,661"
125,range_018776-018975,range_018926-019125,0.1,-0.4,0.08149455107178105,0.3878003849712457,"322,58,560,411,526,195,331,52,95,269,54,142,2,452,36,433,92,321,491,541"
126,range_018926-019125,range_019076-019275,0.45,-0.04999999999999999,0.3648445181216973,0.4805461705672945,"537,651,394,110,226,50,75,392,43,239,254,378,423,631,222,144,159,249,426,429"
127,range_019076-019275,range_019226-019425,0.2,-0.3,0.13581049004066,0.5643667988414722,"16,191,663,69,411,68,264,453,179,497,451,301,609,477,413,562,285,36,598,390"
128,range_019226-019425,range_019376-019575,0.4,-0.09999999999999998,0.30824930084688246,0.4178018027323124,"638,434,474,427,44,275,336,533,352,580,216,357,624,437,79,280,299,340,100,647"
129,range_019376-019575,range_019526-019725,0.55,0.050000000000000044,0.49253815890826097,0.4760913805958262,"462,504,493,537,38,101,223,102,253,544,630,155,340,206,395,628,459,376,410,497"
130,range_019526-019725,range_019676-019875,0.5,0.0,0.2723660341520592,0.30002091361102085,"116,393,89,607,539,88,6,97,298,615,589,642,2,108,478,595,387,382,317,431"
131,range_019676-019875,range_019826-020025,0.55,0.050000000000000044,0.8871058178597957,0.6440994124261841,"262,110,571,214,51,493,523,45,226,246,75,44,649,209,189,31,423,450,280,255"
132,range_019826-020025,range_019976-020175,0.35,-0.15000000000000002,0.38993706239571396,0.6026332697123707,"349,169,70,575,217,431,259,480,511,242,160,20,171,10,18,191,507,318,426,534"
133,range_019976-020175,range_020126-020325,0.7,0.19999999999999996,1.342165943854491,0.7683143152813016,"28,319,55,351,99,352,196,490,24,103,450,538,466,345,237,43,453,481,489,220"
134,range_020126-020325,range_020276-020475,0.75,0.25,0.2697440907169963,0.16223256845476702,"275,338,471,92,561,508,254,480,337,196,122,474,530,406,212,638,587,229,302,432"
135,range_020276-020475,range_020426-020625,0.1,-0.4,0.0,0.2764161362945816,"493,590,273,318,48,497,210,40,280,548,157,649,314,411,260,271,88,402,611,205"
136,range_020426-020625,range_020576-020775,0.2,-0.3,0.0,0.17358347150374598,"209,212,389,189,75,243,537,174,441,423,550,312,353,181,292,513,612,566,64,519"
137,range_020576-020775,range_020726-020925,0.225,-0.275,0.0,0.10365695372692373,"159,404,53,647,346,24,570,518,392,302,496,466,204,280,462,181,4,223,189,319"
138,range_020726-020925,range_020876-021075,0.175,-0.325,0.0,0.24881055616625625,"262,571,470,263,412,167,450,523,182,413,440,11,392,459,246,400,493,466,31,465"
139,range_020876-021075,range_021026-021225,0.8,0.30000000000000004,0.3405392986243175,0.0,"58,98,488,382,88,581,3,76,223,225,310,443,38,460,150,489,665,662,430,321"
140,range_021026-021225,range_021176-021375,0.2,-0.3,0.32367353629518403,0.6975743725634975,"502,2,9,621,454,307,477,237,515,587,211,431,225,42,399,203,231,300,264,473"
141,range_021176-021375,range_021326-021525,0.075,-0.425,0.0,0.5609837203853032,"584,247,274,23,195,169,314,198,606,63,430,258,199,96,152,525,69,324,325,81"
142,range_021326-021525,range_021476-021675,0.05,-0.45,0.0,1.1285303925300463,"594,31,268,60,164,647,165,612,414,262,571,50,496,222,523,28,450,634,110,192"
143,range_021476-021675,range_021626-021825,0.375,-0.125,0.0,0.0,"248,316,42,18,302,413,296,234,291,163,555,225,558,346,656,263,301,71,345,560"
144,range_021626-021825,range_021776-021975,0.275,-0.22499999999999998,0.0,0.0,"440,222,262,580,340,365,288,400,316,103,638,456,75,522,60,401,79,164,323,467"
145,range_021776-021975,range_021926-022125,0.85,0.35,1.4687256544500389,1.0997461788053546,"358,109,628,625,484,568,654,93,370,118,620,639,14,437,176,156,12,665,170,202"
146,range_021926-022125,range_022076-022275,0.9,0.4,2.031526739136244,1.127488604072545,"434,649,461,447,218,108,543,107,475,557,179,80,248,88,203,558,377,284,268,323"
147,range_022076-022275,range_022226-022425,0.225,-0.275,0.0,0.10422479621087652,"296,102,418,200,631,272,490,86,280,323,519,236,636,532,185,544,643,297,165,520"
148,range_022226-022425,range_022376-022575,0.95,0.44999999999999996,1.38094052552064,0.5475699842756384,"59,353,136,161,366,128,633,216,41,126,408,553,601,572,35,18,431,641,119,280"
149,range_022376-022575,range_022526-022725,0.35,-0.15000000000000002,1.0355428533535607,1.2981154344057217,"644,296,400,250,609,368,304,386,337,351,619,533,13,340,443,300,496,520,4,256"
150,range_022526-022725,range_022676-022875,0.1,-0.4,0.15173048463138375,1.6788807651763027,"87,336,335,0,74,462,369,1,189,466,209,182,8,579,636,346,412,637,51,598"
151,range_022676-022875,range_022826-023025,0.2,-0.3,0.0,0.09035644820255881,"311,403,387,604,420,22,294,573,297,266,306,407,492,139,607,104,15,591,455,636"
152,range_022826-023025,range_022976-023175,0.025,-0.475,0.0,1.178220171230866,"475,25,338,4,246,281,189,401,546,75,540,661,55,599,602,410,354,211,493,122"
153,range_022976-023175,range_023126-023325,0.9,0.4,1.3653327961563557,0.2705108875607791,"1,497,365,133,538,217,549,416,424,24,268,664,443,76,465,260,177,610,49,243"
154,range_023126-023325,range_023276-023475,0.8,0.30000000000000004,0.7683372254902424,0.4213377610859609,"385,227,298,500,166,630,197,45,642,111,368,592,497,538,547,31,65,52,292,123"
155,range_023276-023475,range_023426-023625,0.45,-0.04999999999999999,0.48339838965968257,0.5341820275095781,"551,257,202,645,391,7,482,12,358,654,317,660,535,405,329,484,422,334,115,118"
156,range_023426-023625,range_023576-023775,0.35,-0.15000000000000002,0.7535166939030852,0.9127526943494315,"307,181,615,373,402,437,456,248,13,108,121,269,554,443,562,627,70,409,388,404"
157,range_023576-023775,range_023726-023925,0.1,-0.4,0.0,0.2445254813864467,"493,376,390,519,10,3,358,489,588,144,124,304,17,44,591,661,644,273,271,478"
158,range_023726-023925,range_023876-024075,0.85,0.35,1.9355474471476608,0.8937963940378137,"99,470,571,344,567,637,412,250,428,612,414,427,282,241,465,174,43,384,651,368"
159,range_023876-024075,range_024026-024225,0.65,0.15000000000000002,1.4989787292523367,1.1794895680779494,"80,180,201,178,525,482,231,665,188,251,446,125,632,381,205,49,18,119,281,659"
160,range_024026-024225,range_024176-024375,0.4,-0.09999999999999998,0.5423721559750572,0.654755637743787,"438,176,274,185,420,39,38,448,454,91,536,393,242,14,473,626,277,575,295,132"
161,range_024176-024375,range_024326-024525,0.05,-0.45,0.06885887974280966,1.1546930108477045,"280,130,73,516,136,64,90,326,60,561,490,263,357,36,481,83,378,608,603,113"
162,range_024326-024525,range_024476-024675,0.35,-0.15000000000000002,0.0,0.0,"121,244,539,635,297,382,409,295,407,388,524,381,624,596,310,617,40,421,442,448"
163,range_024476-024675,range_024626-024825,0.45,-0.04999999999999999,1.1884755302376602,1.2193508844234389,"273,439,31,78,498,394,222,423,496,603,466,602,599,75,346,468,226,246,570,129"
164,range_024626-024825,range_024776-024975,0.4,-0.09999999999999998,0.0,0.0,"414,496,126,154,663,468,657,516,571,567,612,603,28,82,183,102,429,143,75,365"
165,range_024776-024975,range_024926-025125,0.025,-0.475,0.0,0.4093839390897388,"387,484,35,291,420,621,2,233,371,575,531,582,437,325,586,235,39,611,409,376"
166,range_024926-025125,range_025076-025275,0.35,-0.15000000000000002,0.4565010990627933,0.6462302563393822,"467,73,428,607,378,412,523,275,500,437,48,134,308,470,581,618,75,287,313,209"
167,range_025076-025275,range_025226-025425,0.6,0.09999999999999998,0.11155752207494558,0.0,"419,243,492,626,61,519,274,177,307,464,292,148,446,495,96,336,411,545,194,586"
168,range_025226-025425,range_025376-025575,0.6,0.09999999999999998,1.0103182275589653,0.9415867933938826,"185,63,582,307,626,483,420,446,573,355,289,272,294,526,181,266,528,322,271,457"
169,range_025376-025575,range_025526-025725,0.35,-0.15000000000000002,0.8253127277201064,0.9646819566973425,"374,305,576,329,94,20,334,486,184,358,259,551,120,577,21,314,660,265,622,77"
170,range_025526-025725,range_025676-025875,0.8,0.30000000000000004,1.2364171187298618,0.8604563246387401,"377,607,393,472,63,620,362,248,342,142,141,59,186,629,579,482,255,650,81,405"
171,range_025676-025875,range_025826-026025,0.15,-0.35,0.0,0.35370179254710843,"260,637,126,638,640,316,157,647,544,600,383,480,550,216,444,612,534,380,538,45"
172,range_025826-026025,range_025976-026175,0.85,0.35,0.8206461171369722,0.3753593057079419,"81,32,590,385,126,496,148,549,264,418,437,350,399,551,627,254,631,301,506,207"
173,range_025976-026175,range_026126-026325,0.6,0.09999999999999998,0.11948981312813678,0.0,"425,209,508,212,385,65,571,254,64,127,82,302,641,78,25,226,647,414,602,394"
174,range_026126-026325,range_026276-026475,0.225,-0.275,0.0,0.04651326726324836,"45,126,144,345,596,366,220,522,155,413,622,458,516,399,404,514,347,3,47,491"
175,range_026276-026475,range_026426-026625,0.95,0.44999999999999996,1.4642252872179868,0.7490606011466812,"137,158,225,59,207,512,463,515,531,354,143,544,253,509,610,141,362,435,84,83"
176,range_026426-026625,range_026576-026775,0.7,0.19999999999999996,1.2324745777212673,0.7500420266483088,"30,665,39,275,227,537,163,468,545,600,381,44,483,463,229,61,524,213,148,645"
177,range_026576-026775,range_026726-026925,0.8,0.30000000000000004,0.3091467376937128,0.0,"618,192,239,461,430,118,363,252,90,284,113,64,594,51,326,137,458,432,140,488"
178,range_026726-026925,range_026876-027075,0.125,-0.375,0.0,0.3661437970424556,"461,338,96,595,62,519,321,408,153,615,258,342,213,265,658,528,97,108,375,229"
179,range_026876-027075,range_027026-027225,0.125,-0.375,0.0,0.5121337163953488,"288,497,368,210,537,296,593,342,304,657,572,499,610,346,22,35,215,557,465,111"
180,range_027026-027225,range_027176-027375,0.95,0.44999999999999996,1.1625113385354218,0.32923507384517176,"526,580,382,469,142,521,418,311,312,280,322,76,259,97,552,346,504,331,42,136"
181,range_027176-027375,range_027326-027525,0.9,0.4,1.3793666740527326,0.4604872067409579,"143,629,495,138,557,260,532,610,377,127,159,416,315,497,195,297,413,514,241,622"
182,range_027326-027525,range_027476-027675,0.25,-0.25,0.0,0.0,"466,412,450,74,599,345,263,45,73,344,262,523,110,78,55,570,361,11,607,24"
183,range_027476-027675,range_027626-027825,0.9,0.4,2.6263897741613866,2.1714451700345583,"408,359,373,257,170,355,324,120,33,565,305,251,577,334,650,233,310,415,242,604"
184,range_027626-027825,range_027776-027975,0.0,-0.5,0.5543487216047187,2.4237089336614623,"204,43,73,159,365,11,134,464,533,598,608,172,378,523,440,220,364,299,45,481"
185,range_027776-027975,range_027926-028125,0.2,-0.3,0.0,0.11957414931479651,"381,65,163,118,595,476,433,291,643,131,386,321,456,305,343,623,491,661,360,655"
186,range_027926-028125,range_028076-028275,0.075,-0.425,0.0,0.3965655340140762,"601,539,223,59,228,500,564,461,611,151,271,365,42,336,353,141,65,390,259,126"
187,range_028076-028275,range_028226-028425,0.65,0.15000000000000002,1.0851230603978623,0.8536110369553396,"376,223,519,245,102,593,311,330,256,564,517,159,309,623,328,243,615,239,308,122"
188,range_028226-028425,range_028376-028575,0.9,0.4,1.5010499539045985,0.5980520877095352,"608,99,245,60,278,211,545,250,462,254,508,303,25,644,275,458,414,587,566,349"
189,range_028376-028575,range_028526-028725,0.9,0.4,0.6711522026784248,0.04212528830194255,"510,275,78,211,401,653,73,129,24,441,267,347,154,234,406,458,513,563,164,28"
190,range_028526-028725,range_028676-028875,0.125,-0.375,0.0,0.27600989437499196,"348,205,508,544,45,365,278,412,602,450,416,510,413,385,363,361,55,4,227,50"
191,range_028676-028875,range_028826-029025,0.45,-0.04999999999999999,0.2879233358511335,0.31053196111601034,"66,113,254,83,217,459,513,514,643,174,571,306,427,50,293,221,222,462,589,392"
192,range_028826-029025,range_028976-029175,0.6,0.09999999999999998,0.48567455463385967,0.41781099937175736,"644,549,444,456,585,480,299,331,6,8,239,92,80,54,1,224,639,166,371,248"
193,range_028976-029175,range_029126-029325,0.9,0.4,1.1294430243998945,0.7182459176330145,"463,427,266,300,284,469,514,38,390,182,119,663,497,165,403,117,472,477,613,641"
194,range_029126-029325,range_029276-029475,0.65,0.15000000000000002,0.23461817535053042,0.16914624817313872,"404,492,556,224,106,32,456,91,67,543,181,521,92,631,449,57,624,269,455,526"
195,range_029276-029475,range_029426-029625,0.15,-0.35,0.00900828994032372,0.809068443527791,"414,262,246,663,470,280,211,323,560,84,566,570,580,447,394,450,602,561,498,209"
196,range_029426-029625,range_029576-029775,0.35,-0.15000000000000002,0.0,0.0,"4,239,245,227,382,222,569,431,416,125,143,426,432,79,69,46,154,51,517,110"
197,range_029576-029775,range_029726-029925,0.75,0.25,0.3424362784246828,0.0,"157,263,74,570,627,662,140,55,183,481,285,75,599,43,250,608,159,569,128,47"
198,range_029726-029925,range_029876-030075,0.95,0.44999999999999996,0.6627977842905867,0.0,"293,400,168,462,395,243,3,26,437,56,594,440,634,144,614,126,404,363,58,131"
199,range_029876-030075,range_030026-030225,0.55,0.050000000000000044,0.3520748175123303,0.30015213222185627,"572,387,362,64,601,610,627,396,434,564,119,292,65,235,283,642,76,86,503,645"
200,range_030026-030225,range_030176-030375,0.175,-0.325,0.0,0.14529873357016962,"215,261,450,641,278,608,612,388,653,174,282,36,221,300,481,324,82,563,79,275"
201,range_030176-030375,range_030326-030525,0.9,0.4,0.6556861609600755,0.1832064498379782,"646,438,81,39,408,295,485,472,486,454,577,333,409,23,584,665,233,224,369,62"
202,range_030326-030525,range_030476-030675,0.75,0.25,1.428059352651924,0.9848859028553786,"574,269,306,600,654,62,126,307,372,59,223,104,187,136,57,39,436,320,346,96"
203,range_030476-030675,range_030626-030825,0.25,-0.25,0.0,0.0,"40,2,413,9,662,517,80,552,101,97,509,17,483,136,533,324,526,279,648,627"
204,range_030626-030825,range_030776-030975,0.9,0.4,0.8407431052016742,0.48555677238400347,"606,648,160,417,631,61,107,500,565,614,409,45,276,9,69,81,297,586,135,254"
205,range_030776-030975,range_030926-031125,0.15,-0.35,0.0,0.19174019751434798,"571,432,357,392,387,587,351,254,561,160,544,66,477,304,523,399,340,406,600,245"
206,range_030926-031125,range_031076-031275,0.35,-0.15000000000000002,0.0,0.0,"258,582,268,33,636,455,187,161,63,171,369,485,591,501,575,620,176,151,142,645"
207,range_031076-031275,range_031226-031425,0.35,-0.15000000000000002,0.7761942808628983,1.3269071073373104,"651,523,3,55,398,365,263,549,570,183,147,662,250,481,504,345,437,414,571,546"
208,range_031226-031425,range_031376-031575,0.95,0.44999999999999996,3.1722671129943594,1.6290111085396857,"45,489,284,171,296,372,189,241,341,413,498,308,462,602,581,75,396,130,135,383"
209,range_031376-031575,range_031526-031725,0.35,-0.15000000000000002,0.7428186095491666,0.8037155128254729,"313,516,140,107,54,327,223,261,135,562,196,5,661,427,83,379,252,653,182,297"
210,range_031526-031725,range_031676-031875,0.85,0.35,1.0457668042692954,0.5354593739354727,"139,53,65,56,552,517,412,634,545,365,373,544,230,24,657,598,502,600,89,533"
211,range_031676-031875,range_031826-032025,0.5,0.0,0.49055416438787436,0.448918256685091,"612,226,245,246,354,599,475,566,25,75,440,278,414,222,297,356,663,262,574,580"
212,range_031826-032025,range_031976-032175,0.8,0.30000000000000004,0.9034669882748243,0.32505983301950725,"253,581,1,98,270,247,417,515,37,265,560,494,308,619,527,330,283,141,255,642"
213,range_031976-032175,range_032126-032325,0.9,0.4,1.652155084957955,1.0007947033558917,"73,182,500,46,246,174,47,465,110,91,43,662,11,523,648,167,593,417,410,92"
214,range_032126-032325,range_032276-032475,0.275,-0.22499999999999998,0.0,0.0,"294,570,302,66,462,544,580,498,357,378,356,599,603,561,90,385,55,74,450,651"
215,range_032276-032475,range_032426-032625,0.1,-0.4,0.02778558446473329,0.4855218123962791,"318,270,2,497,48,429,84,131,304,178,96,534,369,71,351,325,128,3,401,245"
216,range_032426-032625,range_032576-032775,0.95,0.44999999999999996,1.1347110080700147,0.7752389188065851,"20,248,446,564,6,375,592,276,371,506,436,266,332,507,178,596,541,88,325,611"
217,range_032576-032775,range_032726-032925,0.9,0.4,1.116241401526792,0.5975958335072495,"399,592,481,612,613,357,287,361,290,134,587,368,302,632,278,159,508,403,71,360"
218,range_032726-032925,range_032876-033075,0.65,0.15000000000000002,0.3030735001696466,0.16426423355151532,"427,51,253,544,619,127,24,313,426,401,394,119,263,489,447,459,508,464,131,154"
219,range_032876-033075,range_033026-033225,0.75,0.25,1.8073102573360675,1.1396516872257374,"250,43,571,599,345,25,74,570,458,254,481,378,0,200,103,129,24,450,428,368"
220,range_033026-033225,range_033176-033375,0.35,-0.15000000000000002,0.017833469966585438,0.26369034650878503,"417,581,246,0,254,392,308,47,464,642,209,285,385,465,619,71,75,647,637,167"
221,range_033176-033375,range_033326-033525,0.2,-0.3,0.0,0.1723474156103828,"569,354,570,423,56,78,598,75,87,594,79,567,608,504,52,603,192,522,612,245"
222,range_033326-033525,range_033476-033675,0.4,-0.09999999999999998,0.9733769681043791,0.9799158852913457,"451,153,360,555,631,629,418,308,111,251,85,1,178,460,291,162,367,94,381,635"
223,range_033476-033675,range_033626-033825,0.15,-0.35,0.3962028234889392,0.7234745440511474,"98,404,344,191,335,26,643,607,284,308,617,655,61,106,324,375,490,397,270,54"
224,range_033626-033825,range_033776-033975,0.55,0.050000000000000044,0.7919154073022012,0.5439632202577653,"9,659,431,549,324,542,194,376,520,173,340,191,121,507,509,50,512,367,18,547"
225,range_033776-033975,range_033926-034125,0.85,0.35,0.5963859675076069,0.0,"394,567,631,395,603,245,459,502,173,450,401,79,440,168,580,378,64,462,280,398"
226,range_033926-034125,range_034076-034275,0.15,-0.35,0.0,0.2580711438570229,"362,70,175,458,459,360,366,28,6,31,100,47,167,587,252,439,468,243,663,569"
227,range_034076-034275,range_034226-034425,0.7,0.19999999999999996,1.0393262453328063,0.7289868399647311,"61,650,617,578,122,430,434,542,588,247,575,181,484,503,259,279,206,586,591,492"
228,range_034226-034425,range_034376-034575,0.1,-0.4,0.5896186384945886,1.4291551599119985,"499,140,53,75,489,129,523,183,73,74,426,267,613,364,599,416,250,299,550,43"
229,range_034376-034575,range_034526-034725,0.6,0.09999999999999998,0.3481102484350349,0.2257166391197173,"587,532,47,172,322,147,579,424,489,480,340,110,0,440,70,426,612,517,210,382"
230,range_034526-034725,range_034676-034875,0.95,0.44999999999999996,0.8791016052952858,0.0199172495432181,"83,657,299,663,135,649,510,316,491,347,100,424,389,661,157,394,327,644,93,181"
231,range_034676-034875,range_034826-035025,0.25,-0.25,0.08041792180164853,0.3177594943114759,"616,290,93,521,317,15,422,536,314,646,305,617,393,149,405,445,455,358,501,259"
232,range_034826-035025,range_034976-035175,0.1,-0.4,0.22194002666913148,0.8103222400914949,"157,207,49,41,335,588,10,514,52,306,270,499,581,324,650,104,329,342,555,169"
233,range_034976-035175,range_035126-035325,0.3,-0.2,1.7844466610279457,2.113643774675091,"175,189,90,43,25,301,246,209,465,647,215,450,292,262,596,414,539,516,571,46"
234,range_035126-035325,range_035276-035475,0.075,-0.425,0.0,0.5544270617504276,"532,38,10,511,170,478,420,306,658,528,383,555,88,32,310,446,142,629,107,456"
235,range_035276-035475,range_035426-035625,0.7,0.19999999999999996,0.6999197455551853,0.4434615819464236,"88,549,89,516,347,122,357,166,140,395,123,534,608,619,428,225,262,613,83,539"
236,range_035426-035625,range_035576-035775,0.6,0.09999999999999998,0.12488703505800992,0.0,"50,394,269,651,563,340,522,569,356,187,323,638,110,414,523,144,440,288,262,647"
237,range_035576-035775,range_035726-035925,0.6,0.09999999999999998,0.5254920881880331,0.30080702402725557,"76,499,556,553,656,152,371,32,322,18,61,15,360,408,526,342,35,611,506,420"
238,range_035726-035925,range_035876-036075,0.85,0.35,1.241050986291615,0.3697165192573023,"2,477,435,111,62,318,506,443,479,398,625,484,165,348,644,532,629,659,198,31"
239,range_035876-036075,range_036026-036225,0.15,-0.35,0.14202704570961486,0.42533858682939096,"626,370,633,329,503,369,13,437,122,586,583,72,93,611,526,172,109,604,224,11"
240,range_036026-036225,range_036176-036375,0.7,0.19999999999999996,1.5351317435728244,1.184637306119392,"351,398,320,663,31,116,129,581,117,167,275,384,429,427,154,637,87,451,344,349"
241,range_036176-036375,range_036326-036525,1.0,0.5,1.1389892941289135,0.40113685547403666,"658,315,492,542,641,125,381,326,8,193,252,404,211,489,141,153,201,48,273,1"
242,range_036326-036525,range_036476-036675,0.35,-0.15000000000000002,1.041281203817569,1.354828560084811,"364,403,210,110,278,306,45,304,498,138,78,83,175,226,113,400,357,55,282,298"
243,range_036476-036675,range_036626-036825,0.8,0.30000000000000004,0.6493247935588896,0.46983081531390536,"418,362,213,295,562,579,376,473,388,355,257,171,96,15,199,229,92,526,437,596"
244,range_036626-036825,range_036776-036975,0.45,-0.04999999999999999,0.8333798577671501,0.8981415681442699,"571,60,587,432,433,205,54,387,357,595,174,471,508,209,66,588,139,73,222,544"
245,range_036776-036975,range_036926-037125,0.375,-0.125,0.0,0.0,"87,60,214,599,262,278,300,406,410,597,384,545,200,304,498,600,221,75,508,399"
246,range_036926-037125,range_037076-037275,0.1,-0.4,0.5454976761760242,1.0145768738447531,"415,133,554,372,631,142,328,589,565,643,305,10,322,407,553,188,294,107,393,290"
247,range_037076-037275,range_037226-037425,0.4,-0.09999999999999998,0.8061500994450713,0.9284485780156756,"433,636,61,657,440,373,268,502,144,11,555,538,512,10,96,648,203,492,462,545"
248,range_037226-037425,range_037376-037575,0.175,-0.325,0.0,0.26223323919091573,"398,24,196,638,280,467,594,394,345,465,284,412,82,491,155,368,400,134,558,352"
249,range_037376-037575,range_037526-037725,0.85,0.35,1.5998867935273287,0.6941353430597398,"222,78,234,644,385,51,144,632,209,346,651,237,432,220,390,116,24,357,537,189"
250,range_037526-037725,range_037676-037875,0.1,-0.4,1.0449749197652478,1.5193749732630657,"223,163,636,436,321,409,381,454,628,479,72,111,34,579,85,294,644,388,158,559"
251,range_037676-037875,range_037826-038025,0.25,-0.25,0.33539628615962785,0.8151785358836596,"618,580,127,302,378,409,263,28,78,212,223,79,394,164,510,193,366,88,191,357"
252,range_037826-038025,range_037976-038175,0.175,-0.325,0.0,0.07921324254956547,"372,543,335,645,467,274,422,456,306,106,121,503,525,560,193,443,339,264,541,224"
253,range_037976-038175,range_038126-038325,0.025,-0.475,0.0,0.6465526553107481,"439,498,426,173,433,177,281,410,222,140,399,567,79,303,170,464,0,545,423,74"
254,range_038126-038325,range_038276-038475,0.25,-0.25,0.0,0.009769347381763183,"296,647,103,514,378,110,570,113,508,241,357,200,397,480,643,399,481,235,566,50"
255,range_038276-038475,range_038426-038625,0.225,-0.275,0.0,0.060806718011094434,"61,5,333,33,586,142,319,404,558,632,624,415,477,454,407,437,318,41,628,438"
256,range_038426-038625,range_038576-038775,0.0,-0.5,0.05561949418859929,1.4015147269980521,"226,110,174,293,215,603,209,64,389,177,25,243,523,571,647,336,222,212,427,587"
257,range_038576-038775,range_038726-038925,0.0,-0.5,0.0,1.711116269560268,"462,647,28,600,429,663,498,179,657,459,488,214,427,496,164,361,414,78,523,590"
258,range_038726-038925,range_038876-039075,0.3,-0.2,0.0,0.0,"333,13,454,371,29,114,499,387,630,34,206,325,556,109,166,310,442,86,656,362"
259,range_038876-039075,range_039026-039225,0.75,0.25,0.7845069077218346,0.46132080139114057,"161,143,1,373,344,238,342,642,294,534,44,621,656,428,218,430,49,402,489,52"
260,range_039026-039225,range_039176-039375,0.25,-0.25,0.4266174300029041,0.7636166238250944,"296,414,638,204,468,647,164,212,603,28,165,663,496,567,612,50,429,657,102,74"
261,range_039176-039375,range_039326-039525,0.95,0.44999999999999996,1.2694146806265278,0.13022088991022335,"599,354,384,661,304,75,193,561,399,212,302,36,603,211,462,508,587,246,338,596"
262,range_039326-039525,range_039476-039675,0.275,-0.22499999999999998,0.0,0.0,"571,400,523,412,440,450,182,466,60,222,75,414,594,31,459,110,563,45,602,608"
263,range_039476-039675,range_039626-039825,0.35,-0.15000000000000002,0.870863873842875,1.0387052933327876,"235,390,190,410,37,92,245,353,346,447,125,300,9,39,62,179,225,425,601,224"
264,range_039626-039825,range_039776-039975,0.3,-0.2,0.035461904234895834,0.6563751326031075,"55,459,292,514,246,571,212,523,222,164,73,51,301,519,567,411,647,465,462,189"
265,range_039776-039975,range_039926-040125,0.1,-0.4,0.0,0.3061382575914964,"452,71,509,380,179,135,237,195,354,516,217,555,20,300,163,80,284,410,85,596"
266,range_039926-040125,range_040076-040275,0.55,0.050000000000000044,0.16661964404583246,0.12260474060617643,"294,509,72,160,597,443,82,290,559,449,59,76,369,219,67,349,326,308,343,331"
267,range_040076-040275,range_040226-040425,0.1,-0.4,0.28902519044411074,0.6378758010400367,"391,333,388,16,118,387,487,582,35,652,584,67,187,539,559,248,2,12,195,407"
268,range_040226-040425,range_040376-040575,0.25,-0.25,0.5794389461004174,0.8708421104488835,"123,328,149,613,250,285,380,445,483,9,211,352,216,254,153,561,3,635,321,435"
269,range_040376-040575,range_040526-040725,0.9,0.4,0.7716890514290021,0.5212125070502749,"430,1,641,243,336,211,200,247,158,213,504,534,252,425,353,480,619,253,197,204"
270,range_040526-040725,range_040676-040875,0.05,-0.45,0.0,0.9846895057503813,"510,25,103,221,386,440,366,237,578,203,581,165,249,651,214,458,563,394,426,638"
271,range_040676-040875,range_040826-041025,0.0,-0.5,0.0,0.9038149280853773,"545,90,634,75,493,165,304,423,203,226,647,537,563,292,82,135,234,466,523,110"
272,range_040826-041025,range_040976-041175,0.0,-0.5,0.0,1.1299709436832197,"599,313,319,346,384,78,414,544,130,221,566,389,353,352,214,147,37,74,212,196"
273,range_040976-041175,range_041126-041325,0.275,-0.22499999999999998,0.0,0.0,"326,422,40,611,350,652,171,244,35,375,86,44,156,195,469,248,589,511,181,185"
274,range_041126-041325,range_041276-041475,0.5,0.0,1.1374860952601085,1.1733342634516577,"516,155,417,502,383,368,197,51,594,623,136,387,100,312,423,154,618,644,104,416"
275,range_041276-041475,range_041426-041625,0.4,-0.09999999999999998,0.05613537777639706,0.21108141571900735,"571,222,603,110,215,599,226,209,392,177,25,357,338,74,651,567,189,55,236,647"
276,range_041426-041625,range_041576-041775,0.225,-0.275,0.0,0.09985809748029673,"343,59,198,307,22,16,68,436,150,341,10,449,660,170,235,294,620,438,529,172"
277,range_041576-041775,range_041726-041925,0.55,0.050000000000000044,0.6290143302680423,0.5381310733829621,"266,45,379,175,513,109,52,129,424,155,390,432,183,459,221,90,212,78,250,291"
278,range_041726-041925,range_041876-042075,0.9,0.4,0.7766482810132208,0.39654597076927633,"642,38,342,494,382,109,68,244,381,162,29,311,82,524,383,57,495,18,658,349"
279,range_041876-042075,range_042026-042225,0.2,-0.3,0.7336878008861837,1.7109468104956198,"599,550,416,414,441,85,164,316,357,189,110,73,418,549,452,510,262,79,183,168"
280,range_042026-042225,range_042176-042375,0.9,0.4,0.15858815160231593,0.0,"266,433,515,443,431,637,590,155,141,527,46,139,627,634,85,581,310,29,499,494"
281,range_042176-042375,range_042326-042525,0.4,-0.09999999999999998,0.634133255318967,0.6719076440811306,"46,73,192,570,108,610,82,35,365,641,215,538,226,25,237,236,174,577,261,106"
282,range_042326-042525,range_042476-042675,0.85,0.35,0.7546181062741737,0.2730688610542893,"360,157,121,362,238,560,372,517,381,664,193,160,504,86,418,251,348,180,266,492"
283,range_042476-042675,range_042626-042825,0.75,0.25,0.5164075591189836,0.33315098892484024,"308,310,497,52,44,601,94,11,344,82,527,259,123,1,216,396,6,143,97,474"
284,range_042626-042825,range_042776-042975,0.3,-0.2,0.008418297947381586,0.44998623656475045,"365,220,417,241,46,43,103,345,602,175,545,250,71,642,523,262,123,189,587,352"
285,range_042776-042975,range_042926-043125,0.65,0.15000000000000002,0.5760249588627343,0.4764894604839027,"181,478,557,162,393,453,433,331,442,367,160,443,12,408,163,386,76,388,332,176"
286,range_042926-043125,range_043076-043275,0.85,0.35,0.9081065008960308,0.610424704305655,"409,373,415,69,573,169,274,68,235,631,589,244,120,455,30,219,626,199,617,388"
287,range_043076-043275,range_043226-043425,0.8,0.30000000000000004,1.409819900321102,0.5110775270115284,"578,174,164,347,228,308,653,597,56,361,389,534,2,157,313,635,346,204,216,493"
288,range_043226-043425,range_043376-043575,0.6,0.09999999999999998,0.8492617189338263,0.7504693430336566,"306,397,63,531,171,540,30,307,256,13,68,448,355,62,248,479,622,22,114,259"
289,range_043376-043575,range_043526-043725,0.85,0.35,1.3794954284103145,0.824778132591133,"478,152,362,129,344,382,124,148,140,460,83,340,373,495,477,312,18,372,136,171"
290,range_043526-043725,range_043676-043875,0.1,-0.4,0.0,0.3238939130961703,"544,504,342,464,529,204,175,23,366,596,238,4,399,319,410,279,88,560,412,427"
291,range_043676-043875,range_043826-044025,0.125,-0.375,0.0,0.5713503820530212,"9,560,36,585,113,466,217,439,378,315,392,364,53,5,99,468,612,603,609,498"
292,range_043826-044025,range_043976-044175,0.225,-0.275,0.0,0.010624930794994977,"411,64,174,389,137,212,423,90,390,181,0,600,647,214,209,25,52,316,404,571"
293,range_043976-044175,range_044126-044325,1.0,0.5,0.8653209897639662,0.0,"518,417,254,400,154,402,520,282,31,181,6,522,452,3,141,148,590,126,138,471"
294,range_044126-044325,range_044276-044475,0.8,0.30000000000000004,0.3591791426597102,0.20965709158868046,"554,454,457,20,665,114,626,529,415,577,484,151,525,150,176,536,437,187,120,228"
295,range_044276-044475,range_044426-044625,0.1,-0.4,1.0184864041274593,1.9090646487872283,"571,135,74,458,262,327,414,594,45,429,459,617,603,189,647,633,623,79,635,468"
296,range_044426-044625,range_044576-044775,0.2,-0.3,0.0,0.2501078264217344,"262,571,609,566,459,392,385,414,523,263,394,395,66,587,647,574,246,254,214,516"
297,range_044576-044775,range_044726-044925,0.325,-0.175,0.0,0.0,"145,39,474,596,190,506,632,386,163,662,483,131,281,129,137,249,453,519,321,76"
298,range_044726-044925,range_044876-045075,0.55,0.050000000000000044,0.4347440753495381,0.4101198268447216,"380,93,396,145,276,111,469,597,410,197,131,663,332,402,207,494,76,1,476,467"
299,range_044876-045075,range_045026-045225,0.075,-0.425,0.0,0.3373868080482326,"444,313,210,280,625,629,331,27,225,190,500,82,177,99,410,252,630,532,496,6"
300,range_045026-045225,range_045176-045375,0.35,-0.15000000000000002,0.08127215901342,0.17829623930015973,"559,42,552,554,65,252,511,92,388,131,505,57,204,169,143,592,330,476,195,634"
301,range_045176-045375,range_045326-045525,0.75,0.25,1.1105340064156992,0.39954320303813773,"412,39,464,28,507,30,145,49,280,561,459,448,128,532,638,117,534,87,347,345"
302,range_045326-045525,range_045476-045675,0.075,-0.425,0.0,0.40422621983485096,"283,541,76,463,559,131,111,624,207,515,6,382,270,489,390,613,115,58,380,253"
303,range_045476-045675,range_045626-045825,0.65,0.15000000000000002,0.8379033650945,0.4408167337011647,"108,562,222,587,36,608,513,462,245,545,514,278,56,9,423,189,566,647,523,200"
304,range_045626-045825,range_045776-045975,1.0,0.5,1.4890723522510207,0.044010948521846394,"537,609,336,246,75,498,262,57,399,602,384,189,520,414,544,651,214,566,514,440"
305,range_045776-045975,range_045926-046125,0.0,-0.5,0.0,0.9741739827188002,"11,476,608,659,613,404,522,366,82,494,618,452,493,378,83,395,389,107,38,490"
306,range_045926-046125,range_046076-046275,0.9,0.4,0.6529098762436207,0.0,"542,434,448,259,650,397,57,281,258,380,223,277,256,330,553,633,655,577,38,181"
307,range_046076-046275,range_046226-046425,0.15,-0.35,0.0,0.23010693536225482,"581,287,138,513,394,172,555,31,45,229,580,280,210,532,471,113,192,587,493,130"
308,range_046226-046425,range_046376-046575,0.25,-0.25,0.12527932011839812,0.19109028862086655,"135,587,537,353,11,508,580,192,648,363,337,138,285,423,60,561,413,38,45,212"
309,range_046376-046575,range_046526-046725,0.45,-0.04999999999999999,0.7825758205312634,0.8567330866749585,"551,29,274,455,67,19,358,58,627,54,448,233,556,492,142,294,72,622,198,375"
310,range_046526-046725,range_046676-046875,0.2,-0.3,0.5209711918226488,0.956900710768467,"71,220,594,399,376,30,585,607,423,493,404,386,263,45,0,490,587,99,561,117"
311,range_046676-046875,range_046826-047025,0.55,0.050000000000000044,0.08291799465373109,0.07617317520215255,"361,127,642,623,342,4,379,529,292,293,504,411,191,97,488,592,357,269,463,491"
312,range_046826-047025,range_046976-047175,0.45,-0.04999999999999999,0.24016655017998284,0.2744139988373975,"50,550,498,608,394,468,364,570,189,344,508,563,400,221,55,137,410,223,182,227"
313,range_046976-047175,range_047126-047325,1.0,0.5,1.379032562359758,0.5230558679951354,"195,244,72,358,582,372,446,281,12,658,381,611,529,271,397,484,286,231,298,276"
314,range_047126-047325,range_047276-047475,0.4,-0.09999999999999998,1.2054123390827238,1.2801354809068486,"385,509,195,285,515,663,6,556,12,469,182,573,190,499,3,475,116,373,331,43"
315,range_047276-047475,range_047426-047625,0.4,-0.09999999999999998,0.10466015434858852,0.18708796690571255,"618,624,66,356,558,378,375,99,160,627,469,395,413,354,512,304,260,110,440,127"
316,range_047426-047625,range_047576-047775,0.9,0.4,2.0385531997025725,1.538245199436909,"583,536,224,576,118,202,15,81,186,535,259,654,184,605,156,422,420,33,568,645"
317,range_047576-047775,range_047726-047925,0.05,-0.45,1.0218023692741078,2.1407577656643797,"471,550,180,278,352,222,378,552,191,111,451,347,344,66,432,25,386,379,400,90"
318,range_047726-047925,range_047876-048075,0.325,-0.175,0.0,0.0,"477,194,22,169,252,275,505,270,267,36,384,97,200,475,363,426,624,587,411,648"
319,range_047876-048075,range_048026-048225,0.175,-0.325,0.0,0.31566833028325075,"512,537,263,110,75,130,221,192,243,412,352,498,246,25,159,136,189,602,648,580"
320,range_048026-048225,range_048176-048375,0.2,-0.3,0.0,0.11246803646606512,"22,248,242,591,387,489,2,21,306,82,54,297,261,474,396,430,643,533,132,590"
321,range_048176-048375,range_048326-048525,0.7,0.19999999999999996,0.4782400488595859,0.38402363437551584,"377,92,532,397,476,205,229,22,70,281,479,591,505,482,171,627,418,555,202,274"
322,range_048326-048525,range_048476-048675,0.9,0.4,1.0794780632818304,0.5823309310308309,"6,541,419,300,577,125,559,176,579,10,119,453,418,535,461,396,633,589,34,136"
323,range_048476-048675,range_048626-048825,0.2,-0.3,0.4999170136367089,0.7297279331498195,"100,6,544,538,72,190,200,142,600,642,122,514,173,532,230,431,515,261,188,254"
324,range_048626-048825,range_048776-048975,0.025,-0.475,0.0,0.5760813932413091,"348,170,103,380,365,288,553,89,361,585,549,519,291,592,175,171,45,435,140,539"
325,range_048776-048975,range_048926-049125,0.025,-0.475,0.0,0.9887478839415693,"338,75,490,24,103,364,139,618,500,567,653,462,284,100,440,278,432,545,619,601"
326,range_048926-049125,range_049076-049275,0.25,-0.25,0.4789938141096637,0.936100916876415,"75,432,502,441,347,262,598,356,191,51,168,456,214,128,243,119,493,550,444,42"
327,range_049076-049275,range_049226-049425,0.425,-0.07500000000000001,0.0,0.0,"238,53,437,659,260,161,339,590,33,294,540,23,205,607,261,338,494,26,251,632"
328,range_049226-049425,range_049376-049575,0.25,-0.25,0.32355632251217087,0.7360838318962137,"463,108,92,403,284,613,360,48,6,606,37,18,72,417,521,374,195,476,435,19"
329,range_049376-049575,range_049526-049725,0.3,-0.2,0.313154603816603,0.42619513791289276,"161,449,270,367,507,565,311,163,22,476,562,33,287,115,61,474,69,166,125,206"
330,range_049526-049725,range_049676-049875,0.4,-0.09999999999999998,0.17582946373978303,0.27436893599222634,"491,133,238,495,316,139,499,593,417,643,632,223,655,477,610,581,641,426,431,182"
331,range_049676-049875,range_049826-050025,0.175,-0.325,0.0,0.11483462695463187,"619,365,36,300,549,88,40,505,319,315,662,507,453,255,572,372,535,642,200,421"
332,range_049826-050025,range_049976-050175,0.35,-0.15000000000000002,0.21937732237552746,0.33257060233950225,"586,244,233,72,252,11,562,530,373,509,524,30,415,33,277,142,163,589,93,198"
333,range_049976-050175,range_050126-050325,0.7,0.19999999999999996,0.6422982185334152,0.448205002511191,"141,543,613,320,585,436,61,306,294,659,94,274,383,217,661,505,235,419,133,53"
334,range_050126-050325,range_050276-050475,0.0,-0.5,0.0,2.0838053693712464,"127,559,5,621,363,597,401,563,209,79,474,571,352,552,580,262,78,159,513,458"
335,range_050276-050475,range_050426-050625,0.2,-0.3,0.9667476632086994,1.648088877767438,"648,31,593,657,572,103,618,561,594,448,243,221,464,154,466,439,55,28,637,292"
336,range_050426-050625,range_050576-050775,0.175,-0.325,0.0,0.3647944217700881,"567,79,641,262,173,566,353,214,361,302,463,459,612,647,651,74,414,75,189,4"
337,range_050576-050775,range_050726-050925,0.25,-0.25,0.0,0.0,"569,168,473,426,198,60,347,221,243,549,440,442,538,322,157,234,113,44,100,127"
338,range_050726-050925,range_050876-051075,0.35,-0.15000000000000002,0.1398207798899024,0.2907817506545384,"586,409,433,283,463,321,324,218,104,201,543,65,88,630,541,52,116,41,650,418"
339,range_050876-051075,range_051026-051225,0.2,-0.3,0.35831851834065,0.7757714586164475,"510,288,523,493,356,323,316,236,522,563,467,638,413,651,290,608,400,378,564,394"
340,range_051026-051225,range_051176-051375,0.95,0.44999999999999996,1.3182606795577887,0.0,"363,523,79,290,127,236,563,651,571,227,493,215,356,564,316,510,443,323,414,400"
341,range_051176-051375,range_051326-051525,0.7,0.19999999999999996,0.8435944609739867,0.41804401337230807,"276,241,116,47,181,324,377,198,568,173,631,303,588,255,101,172,277,387,617,516"
342,range_051326-051525,range_051476-051675,0.125,-0.375,0.0,0.4948371483867897,"27,573,452,204,129,321,549,54,428,71,297,169,104,546,80,200,532,544,126,555"
343,range_051476-051675,range_051626-051825,0.45,-0.04999999999999999,0.1172347955449136,0.17715287212222125,"609,188,495,231,655,302,490,93,38,147,309,301,71,385,399,633,462,4,437,395"
344,range_051626-051825,range_051776-051975,0.7,0.19999999999999996,0.9708772011580775,0.7216306788239151,"450,466,262,46,263,637,618,74,412,570,599,55,542,523,182,45,440,78,73,602"
345,range_051776-051975,range_051926-052125,0.6,0.09999999999999998,0.36861727491530366,0.2736962951163092,"410,135,383,614,385,154,316,657,542,399,537,304,131,48,360,227,621,520,53,555"
346,range_051926-052125,range_052076-052275,0.7,0.19999999999999996,0.6664239022358921,0.28334764533348866,"254,139,30,506,424,249,451,574,553,182,58,272,298,443,40,365,135,644,175,304"
347,range_052076-052275,range_052226-052425,0.075,-0.425,0.0,0.3160276336793644,"143,513,497,469,39,213,559,58,90,230,64,196,140,190,636,380,138,416,554,336"
348,range_052226-052425,range_052376-052575,0.25,-0.25,0.16899857222566486,0.3509102263866777,"196,200,503,12,298,315,656,3,384,336,520,452,634,312,165,227,519,257,437,610"
349,range_052376-052575,range_052526-052725,0.025,-0.475,0.0,0.431410937720977,"172,582,606,38,622,633,259,626,86,295,161,611,540,620,478,101,272,557,207,176"
350,range_052526-052725,range_052676-052875,0.3,-0.2,0.446171690087632,0.7974788262915717,"644,262,139,384,392,544,638,138,421,571,440,36,263,446,237,255,305,31,387,602"
351,range_052676-052875,range_052826-053025,0.325,-0.175,0.0,0.0,"281,11,552,312,64,84,489,220,175,210,29,509,4,466,475,113,185,54,76,17"
352,range_052826-053025,range_052976-053175,0.25,-0.25,0.30081565191078435,0.5801449523627342,"548,158,162,323,452,425,541,80,113,644,634,574,388,65,387,41,606,469,544,660"
353,range_052976-053175,range_053126-053325,0.1,-0.4,0.08701556742071509,0.8734626151331604,"182,312,168,508,509,612,0,162,75,221,498,137,567,220,189,510,99,282,563,50"
354,range_053126-053325,range_053276-053475,0.75,0.25,0.3361538705646008,0.0,"246,441,541,597,221,651,278,226,384,406,36,300,462,159,75,108,303,508,477,407"
355,range_053276-053475,range_053426-053625,0.9,0.4,0.9618633266479009,0.18396770953759847,"134,180,379,386,427,210,638,107,542,41,215,550,540,340,250,528,206,629,102,137"
356,range_053426-053625,range_053576-053775,0.85,0.35,0.5116715900292894,0.05365304276078655,"0,394,145,603,570,638,230,401,189,164,226,527,412,608,25,112,23,432,250,75"
357,range_053576-053775,range_053726-053925,0.7,0.19999999999999996,1.6486776018041662,1.31530550190209,"265,15,199,39,621,391,575,146,625,586,628,457,16,208,81,248,132,484,233,185"
358,range_053726-053925,range_053876-054075,0.0,-0.5,0.0,2.1361382266774434,"567,569,459,226,392,28,462,197,468,657,111,75,516,406,126,414,154,164,412,69"
359,range_053876-054075,range_054026-054225,0.325,-0.175,0.0,0.0,"264,499,239,446,375,665,390,404,283,436,38,541,642,463,248,145,552,223,320,26"
360,range_054026-054225,range_054176-054375,0.45,-0.04999999999999999,1.1084523706813099,1.1497425441867046,"167,38,600,398,46,300,189,246,212,75,602,278,614,73,285,504,116,135,458,100"
361,range_054176-054375,range_054326-054525,0.9,0.4,0.6157706329739936,0.0,"45,25,50,179,563,296,440,234,138,378,49,400,79,379,180,220,496,221,66,284"
362,range_054326-054525,range_054476-054675,0.45,-0.04999999999999999,0.5383274296509049,0.5478502239757733,"288,198,513,520,42,144,48,497,3,201,41,163,336,406,285,384,220,657,229,655"
363,range_054476-054675,range_054626-054825,0.55,0.050000000000000044,0.1655960421970122,0.10552120841576568,"122,90,267,408,217,102,443,313,117,421,204,657,238,612,506,177,211,78,474,269"
364,range_054626-054825,range_054776-054975,0.125,-0.375,0.0,0.21551017043053183,"474,352,379,440,428,175,194,612,246,470,465,498,0,566,47,312,226,302,167,53"
365,range_054776-054975,range_054926-055125,0.2,-0.3,0.013722884675814805,0.40939012406068553,"92,411,470,319,542,624,102,531,157,288,401,97,238,237,171,336,15,65,545,105"
366,range_054926-055125,range_055076-055275,0.15,-0.35,0.1273170728662505,0.4692396136159142,"132,330,38,477,615,421,58,306,80,617,534,271,644,331,541,290,140,596,559,249"
367,range_055076-055275,range_055226-055425,0.4,-0.09999999999999998,0.5453003006138188,0.746673066063317,"288,346,42,105,266,332,392,278,75,488,226,214,414,395,130,84,440,450,51,461"
368,range_055226-055425,range_055376-055575,1.0,0.5,0.9741520817285458,0.47322775460687283,"30,548,349,515,142,261,23,119,49,320,656,139,273,294,83,324,331,57,201,18"
369,range_055376-055575,range_055526-055725,0.05,-0.45,0.3479396049238823,0.9396635473018189,"386,206,404,199,435,279,631,228,13,349,207,63,474,325,511,324,270,186,12,114"
370,range_055526-055725,range_055676-055875,0.025,-0.475,0.0,1.7191947265176677,"564,196,303,587,521,253,433,496,609,602,599,41,246,557,345,214,121,549,357,612"
371,range_055676-055875,range_055826-056025,0.15,-0.35,0.6740643853521846,1.7735326040809405,"587,345,566,361,154,252,513,209,352,124,562,392,180,384,621,406,323,567,423,466"
372,range_055826-056025,range_055976-056175,0.8,0.30000000000000004,0.01987367383648049,0.0,"281,299,353,34,6,592,52,359,524,641,390,474,336,618,53,509,490,383,502,484"
373,range_055976-056175,range_056126-056325,0.2,-0.3,0.1037766067091614,0.28085795157358895,"115,487,485,482,625,7,405,329,472,654,91,616,228,14,81,33,605,21,422,620"
374,range_056126-056325,range_056276-056475,0.05,-0.45,0.9779551149022014,2.3010329675515644,"217,323,51,2,79,127,571,427,523,145,401,563,148,392,288,50,222,527,385,651"
375,range_056276-056475,range_056426-056625,0.4,-0.09999999999999998,0.0,0.0,"271,388,62,206,444,274,270,295,434,307,530,198,188,57,636,639,492,10,532,584"
376,range_056426-056625,range_056576-056775,0.2,-0.3,0.39599426214973305,1.0231060778602643,"0,648,78,571,209,343,140,43,189,531,263,618,608,602,220,313,46,252,123,480"
377,range_056576-056775,range_056726-056925,0.8,0.30000000000000004,0.5420218419723692,0.23711957117682075,"193,219,128,417,612,275,215,365,544,458,123,462,285,60,299,252,517,470,234,533"
378,range_056726-056925,range_056876-057075,0.4,-0.09999999999999998,0.0,0.0,"174,612,392,183,462,498,550,567,316,221,440,227,346,414,215,22,0,398,241,563"
379,range_056876-057075,range_057026-057225,0.5,0.0,0.355631714468899,0.2857834527612113,"50,481,465,608,522,122,495,490,466,24,316,456,212,134,79,246,227,175,60,364"
380,range_057026-057225,range_057176-057375,0.85,0.35,0.8163419979243607,0.4858196311165202,"108,223,193,634,301,145,606,59,81,286,601,477,88,495,105,524,411,579,390,111"
381,range_057176-057375,range_057326-057525,0.9,0.4,1.408804844013456,0.6838026640923626,"63,527,561,38,26,84,280,338,136,530,188,398,203,190,638,65,158,17,332,70"
382,range_057326-057525,range_057476-057675,0.25,-0.25,0.0,0.006948901164044244,"262,413,504,427,209,398,195,608,284,167,71,70,215,46,356,230,494,406,368,128"
383,range_057476-057675,range_057626-057825,0.4,-0.09999999999999998,0.05147090828981183,0.0717397471982668,"157,564,320,644,300,120,628,133,472,258,353,503,49,235,463,148,627,366,590,431"
384,range_057626-057825,range_057776-057975,0.2,-0.3,0.15968719049075636,0.48278948597556715,"137,112,285,370,104,458,347,148,123,140,311,499,434,53,527,145,444,504,664,27"
385,range_057776-057975,range_057926-058125,0.3,-0.2,0.4568631773744401,0.5861950349775593,"369,644,585,121,348,478,114,350,294,161,58,107,106,457,231,455,122,240,111,153"
386,range_057926-058125,range_058076-058275,0.7,0.19999999999999996,0.7849771649686448,0.557438274670562,"588,473,67,207,555,592,376,373,62,529,10,232,218,273,274,341,418,360,256,169"
387,range_058076-058275,range_058226-058425,0.15,-0.35,0.0,0.22120349350077984,"205,351,571,477,209,160,304,597,587,206,253,644,432,609,254,214,462,659,200,574"
388,range_058226-058425,range_058376-058575,0.5,0.0,0.6272716946891966,0.4408166728082052,"481,562,281,250,155,608,299,550,441,50,523,34,433,349,28,399,211,126,108,569"
389,range_058376-058575,range_058526-058725,0.7,0.19999999999999996,0.1763993126918924,0.0,"64,50,523,571,292,189,336,293,502,215,4,87,243,262,136,411,647,570,468,74"
390,range_058526-058725,range_058676-058875,0.65,0.15000000000000002,0.28411264824151966,0.25572404377779756,"138,123,116,248,515,9,340,30,107,491,401,252,479,216,622,204,614,526,323,277"
391,range_058676-058875,range_058826-059025,1.0,0.5,1.3517551037793816,0.19458970506050846,"203,474,572,642,635,658,153,302,82,364,163,71,339,512,550,66,562,52,648,119"
392,range_058826-059025,range_058976-059175,0.3,-0.2,1.4107048077444186,1.4623956396107043,"543,63,229,467,238,157,373,617,252,310,290,247,133,479,362,606,277,640,30,654"
393,range_058976-059175,range_059126-059325,0.55,0.050000000000000044,0.9559855388725695,0.8775301942531839,"440,602,299,222,414,566,594,469,638,174,493,516,569,316,363,50,643,236,79,563"
394,range_059126-059325,range_059276-059475,0.35,-0.15000000000000002,0.0,0.0,"117,135,345,28,189,378,234,468,210,164,56,520,602,340,431,638,346,618,423,76"
395,range_059276-059475,range_059426-059625,0.2,-0.3,0.027808856479140682,0.3491068141425987,"507,124,18,158,251,308,188,543,53,539,347,306,153,640,443,231,149,528,517,499"
396,range_059426-059625,range_059576-059775,0.15,-0.35,0.387052155913337,0.8254586652721119,"615,280,426,84,232,382,517,9,365,225,230,300,364,458,181,548,623,42,142,245"
397,range_059576-059775,range_059726-059925,0.8,0.30000000000000004,0.454898633362815,0.0,"160,322,368,443,442,102,170,219,610,99,35,271,512,476,655,135,474,293,17,592"
398,range_059726-059925,range_059876-060075,1.0,0.5,1.0289588341561107,0.07022736551642199,"25,69,513,498,302,356,312,182,0,382,140,546,512,612,47,473,348,439,354,215"
399,range_059876-060075,range_060026-060225,0.1,-0.4,0.0,0.6033167599771694,"619,495,348,43,4,453,328,186,206,41,65,255,611,148,165,435,299,123,342,524"
400,range_060026-060225,range_060176-060375,0.125,-0.375,0.0,0.31428448169870554,"594,495,60,227,288,501,356,222,457,316,510,470,127,523,412,79,75,450,138,263"
401,range_060176-060375,range_060326-060525,0.75,0.25,0.5655682522168757,0.11364219358146034,"249,188,642,152,228,166,629,529,119,223,92,658,261,294,147,3,108,26,589,595"
402,range_060326-060525,range_060476-060675,0.1,-0.4,0.16320930037298384,0.8924451614929675,"596,612,197,425,508,211,215,432,550,64,243,416,580,648,599,640,606,389,581,214"
403,range_060476-060675,range_060626-060825,0.2,-0.3,0.0,0.1102930191965521,"463,119,603,342,226,612,167,337,191,51,236,613,103,608,250,570,651,493,508,441"
404,range_060626-060825,range_060776-060975,0.9,0.4,1.0810503544086487,0.6054082077793914,"521,7,91,329,654,487,186,208,646,12,317,150,577,156,228,620,202,81,482,370"
405,range_060776-060975,range_060926-061125,0.6,0.09999999999999998,2.4595476218831673,1.9363587833260216,"446,87,637,416,577,50,561,539,298,319,128,159,357,481,103,379,154,507,383,254"
406,range_060926-061125,range_061076-061275,0.95,0.44999999999999996,1.193393725818276,0.0,"164,541,368,53,314,309,236,50,108,234,71,502,201,324,168,479,522,497,477,598"
407,range_061076-061275,range_061226-061425,0.0,-0.5,0.0,0.6471296266622615,"483,656,153,326,554,448,435,585,330,634,320,314,338,199,149,526,22,128,2,428"
408,range_061226-061425,range_061376-061575,0.25,-0.25,0.2580361526746979,0.4722491474985822,"283,52,442,197,549,138,277,143,482,606,211,88,547,524,581,22,325,661,451,107"
409,range_061376-061575,range_061526-061725,0.7,0.19999999999999996,1.136199256245021,0.4115381543980992,"547,148,424,300,97,297,147,364,549,398,467,137,593,52,216,637,38,85,533,131"
410,range_061526-061725,range_061676-061875,0.25,-0.25,0.08731931176436335,0.478552047615701,"325,528,656,199,119,426,338,453,104,560,396,68,69,252,143,554,98,260,238,84"
411,range_061676-061875,range_061826-062025,0.25,-0.25,0.5476824478773377,0.8741097729267553,"608,4,600,21,60,394,567,316,508,432,518,145,25,168,392,378,569,214,496,423"
412,range_061826-062025,range_061976-062175,0.25,-0.25,0.0,0.0,"316,637,394,47,128,587,22,90,506,493,46,354,275,309,366,514,100,211,446,241"
413,range_061976-062175,range_062126-062325,0.65,0.15000000000000002,1.146577871200826,0.6791597665500244,"74,602,642,220,304,105,599,138,450,214,470,55,567,651,571,523,570,496,262,597"
414,range_062126-062325,range_062276-062475,0.45,-0.04999999999999999,2.6844634291420855,2.8186611285499725,"170,208,34,12,565,146,314,660,77,622,21,334,33,16,152,575,289,91,14,652"
415,range_062276-062475,range_062426-062625,0.4,-0.09999999999999998,1.9386557184928146,2.0892783765731675,"61,640,493,174,212,395,250,385,75,67,302,245,599,499,508,64,220,450,468,458"
416,range_062426-062625,range_062576-062775,0.35,-0.15000000000000002,0.0,0.0,"612,138,378,45,196,449,494,509,47,207,90,589,400,480,563,304,4,312,462,308"
417,range_062576-062775,range_062726-062925,0.7,0.19999999999999996,0.565102588928221,0.4404421890728987,"266,318,557,375,274,185,178,438,483,202,543,179,461,333,269,273,2,620,93,634"
418,range_062726-062925,range_062876-063075,0.25,-0.25,0.3932866895355387,0.7889545391246072,"380,306,610,242,325,135,429,522,537,555,169,432,395,352,406,460,122,635,550,148"
419,range_062876-063075,range_063026-063225,0.8,0.30000000000000004,0.5833710902919681,0.2770915035468746,"558,21,93,665,151,16,371,405,565,170,265,358,20,132,654,15,12,34,231,77"
420,range_063026-063225,range_063176-063375,0.85,0.35,1.978259026097772,1.3452034335279066,"316,512,43,342,537,615,156,284,439,598,205,318,469,53,136,549,445,519,638,308"
421,range_063176-063375,range_063326-063525,0.55,0.050000000000000044,1.377101755470413,1.2441821972967273,"654,622,576,358,132,334,39,176,482,621,535,536,639,665,371,146,228,12,370,583"
422,range_063326-063525,range_063476-063675,0.55,0.050000000000000044,2.041229685188035,1.8497498105840462,"222,112,542,599,292,608,406,50,574,236,399,168,42,245,273,64,75,450,46,312"
423,range_063476-063675,range_063626-063825,0.225,-0.275,0.0,0.18414503539700972,"601,552,592,346,433,258,140,470,43,629,155,342,489,82,514,165,623,517,380,63"
424,range_063626-063825,range_063776-063975,0.1,-0.4,0.0,0.2920042225720231,"154,497,198,90,480,312,89,610,236,574,468,82,255,398,180,126,29,122,594,205"
425,range_063776-063975,range_063926-064125,0.6,0.09999999999999998,0.17186912915647612,0.140719702688908,"1,446,145,327,276,460,285,92,17,69,30,443,190,659,509,88,47,270,35,478"
426,range_063926-064125,range_064076-064275,0.1,-0.4,0.12875519457461287,0.45062469726895693,"159,220,570,175,458,55,75,140,450,129,73,364,24,183,581,78,480,593,100,533"
427,range_064076-064275,range_064226-064425,0.4,-0.09999999999999998,0.0,0.0,"0,352,380,56,498,581,412,246,508,411,464,11,652,344,100,364,602,46,389,222"
428,range_064226-064425,range_064376-064575,0.7,0.19999999999999996,0.1118544287206497,0.023982971994807166,"136,30,353,438,460,89,155,579,451,321,44,191,193,1,491,442,542,176,410,661"
429,range_064376-064575,range_064526-064725,0.55,0.050000000000000044,0.4343342092204384,0.24131075348974781,"315,154,657,571,567,414,516,249,164,523,663,502,262,612,102,462,498,566,214,481"
430,range_064526-064725,range_064676-064875,0.3,-0.2,0.42730744763133405,0.9767411178405521,"278,249,548,464,414,262,310,571,50,164,221,95,263,502,531,246,359,194,481,55"
431,range_064676-064875,range_064826-065025,0.075,-0.425,0.0,0.7717983768637485,"414,657,28,468,315,394,154,102,462,318,311,164,567,481,27,288,209,516,612,496"
432,range_064826-065025,range_064976-065175,0.225,-0.275,0.0,0.03154793176653743,"315,209,262,523,392,406,544,571,246,648,79,222,25,276,75,596,493,462,375,557"
433,range_064976-065175,range_065126-065325,0.55,0.050000000000000044,0.27363289822588993,0.22383485371730488,"157,272,479,62,371,158,30,307,161,405,279,393,96,341,645,334,268,58,665,326"
434,range_065126-065325,range_065276-065475,0.55,0.050000000000000044,0.7857731854224413,0.6493749936951861,"448,590,332,643,330,170,351,476,62,306,541,511,383,446,14,558,613,255,18,266"
435,range_065276-065475,range_065426-065625,0.35,-0.15000000000000002,0.08416789514522287,0.33618927972247686,"38,398,619,593,572,292,353,573,319,629,362,509,126,103,470,163,237,474,280,415"
436,range_065426-065625,range_065576-065775,0.3,-0.2,0.08275259187792634,0.1893712451885547,"646,611,281,628,114,449,360,233,93,556,199,639,472,529,15,120,565,202,161,185"
437,range_065576-065775,range_065726-065925,0.0,-0.5,0.0,0.6714007007889925,"297,363,532,65,522,315,601,154,309,384,64,463,318,648,526,559,646,82,236,235"
438,range_065726-065925,range_065876-066075,0.7,0.19999999999999996,0.4983532670075208,0.08069610145166761,"10,526,590,106,307,600,488,151,171,239,541,210,653,596,255,377,325,119,60,326"
439,range_065876-066075,range_066026-066225,0.175,-0.325,0.0,0.27665988007575104,"103,44,480,357,365,183,51,312,481,66,499,426,467,510,364,609,572,31,494,396"
440,range_066026-066225,range_066176-066375,0.35,-0.15000000000000002,0.02113003328854257,0.11824769868413963,"523,75,246,550,263,412,236,651,79,222,563,392,97,519,450,493,461,25,400,60"
441,range_066176-066375,range_066326-066525,0.8,0.30000000000000004,0.5433422464318556,0.14559207324732584,"500,590,561,336,2,273,495,615,3,69,477,84,403,497,58,607,390,48,155,562"
442,range_066326-066525,range_066476-066675,0.95,0.44999999999999996,1.0097668100787762,0.6126086046977638,"67,328,150,586,581,38,326,553,558,373,650,631,232,624,564,640,526,314,338,166"
443,range_066476-066675,range_066626-066825,0.5,0.0,0.38784873732133024,0.3898105622791995,"582,311,287,548,3,621,297,26,277,611,242,274,224,362,636,627,198,306,504,86"
444,range_066626-066825,range_066776-066975,0.7,0.19999999999999996,1.042243081083353,0.8686984660924943,"430,543,77,2,34,588,153,341,29,584,12,405,32,202,562,118,604,149,152,33"
445,range_066776-066975,range_066926-067125,0.15,-0.35,0.6762112280982465,1.6345293492445556,"214,658,221,262,84,227,25,385,130,210,215,571,414,302,211,220,189,226,45,266"
446,range_066926-067125,range_067076-067275,0.35,-0.15000000000000002,0.0,0.0,"359,551,358,106,333,330,240,328,101,2,112,195,207,565,503,591,259,532,656,577"
447,range_067076-067275,range_067226-067425,0.4,-0.09999999999999998,0.48552305271443846,0.5626450601517252,"565,518,232,95,529,5,240,273,420,125,176,261,335,381,161,34,143,372,58,658"
448,range_067226-067425,range_067376-067575,0.9,0.4,1.1649592094942502,0.534129495286253,"484,96,257,655,235,350,391,339,305,376,38,152,355,582,387,289,251,525,617,505"
449,range_067376-067575,range_067526-067725,0.9,0.4,2.1158376120182862,1.0687621575740265,"383,220,637,74,414,216,175,134,651,570,599,481,229,55,183,159,465,312,147,69"
450,range_067526-067725,range_067676-067875,0.6,0.09999999999999998,2.192985452745319,2.097344404566964,"126,93,6,240,332,601,178,644,318,367,260,645,559,139,176,386,488,325,641,179"
451,range_067676-067875,range_067826-068025,0.4,-0.09999999999999998,0.781799123189132,0.9333439206836769,"150,656,125,153,657,432,506,304,136,288,561,88,539,609,519,515,361,378,243,429"
452,range_067826-068025,range_067976-068175,0.3,-0.2,0.0,0.0,"122,543,524,381,559,108,281,294,52,642,483,61,499,271,664,588,264,253,34,659"
453,range_067976-068175,range_068126-068325,0.1,-0.4,0.21517049622827447,0.45223515267892533,"14,652,628,152,186,16,341,146,521,118,371,202,525,645,370,77,150,20,187,654"
454,range_068126-068325,range_068276-068475,0.45,-0.04999999999999999,0.7439323785808781,0.8381052988177314,"434,224,501,482,271,21,188,273,160,223,443,6,36,289,626,590,200,372,8,294"
455,range_068276-068475,range_068426-068625,0.1,-0.4,0.0,0.7525514401889061,"11,101,527,123,110,65,145,135,238,650,173,167,148,245,433,129,162,240,102,642"
456,range_068426-068625,range_068576-068775,0.4,-0.09999999999999998,0.12020304083989167,0.23126476085335965,"283,67,171,586,595,446,329,282,531,49,172,494,641,402,20,160,247,637,515,581"
457,range_068576-068775,range_068726-068925,0.95,0.44999999999999996,1.728387753392957,0.8502414375835048,"478,632,130,337,655,300,410,543,637,271,16,150,284,584,301,540,644,408,98,313"
458,range_068726-068925,range_068876-069075,0.6,0.09999999999999998,0.43285055443677645,0.23624347266264362,"282,615,348,357,653,323,491,287,66,424,215,578,349,204,394,243,638,135,304,612"
459,range_068876-069075,range_069026-069225,1.0,0.5,0.7359748879233118,0.0,"316,204,83,612,411,215,50,25,493,336,635,651,119,587,66,441,516,236,638,130"
460,range_069026-069225,range_069176-069375,0.2,-0.3,0.35317224805613573,0.6520717052903378,"396,379,587,123,504,257,68,649,432,315,204,240,6,548,421,470,254,538,86,249"
461,range_069176-069375,range_069326-069525,0.45,-0.04999999999999999,0.650971162941118,0.7261603255121849,"214,74,114,378,657,72,658,42,599,11,55,53,148,183,608,31,400,361,149,58"
462,range_069326-069525,range_069476-069675,0.5,0.0,0.0629055653365015,0.0736101543469592,"188,6,236,64,598,240,227,275,297,623,593,260,175,98,538,19,136,159,48,190"
463,range_069476-069675,range_069626-069825,0.05,-0.45,0.10704987049560655,0.4715431889290622,"284,644,363,3,265,413,565,587,427,663,148,99,88,53,249,159,439,309,537,175"
464,range_069626-069825,range_069776-069975,0.65,0.15000000000000002,0.06747681772982213,0.0,"45,168,378,36,381,426,282,140,275,241,60,302,296,214,47,480,580,315,345,316"
465,range_069776-069975,range_069926-070125,0.55,0.050000000000000044,0.25526442279283834,0.21044928061937232,"450,24,481,262,74,263,284,134,55,570,345,523,414,175,78,571,182,73,299,183"
466,range_069926-070125,range_070076-070275,0.5,0.0,1.150622877709859,1.1001968782963014,"139,356,97,157,520,587,273,113,117,418,238,390,245,155,136,596,210,328,586,406"
467,range_070076-070275,range_070226-070425,0.65,0.15000000000000002,1.032478366304495,0.5362074828813579,"488,110,638,414,173,602,74,50,246,640,339,623,328,250,321,66,225,174,214,401"
468,range_070226-070425,range_070376-070575,0.85,0.35,0.6727752164960851,0.28607474827040824,"484,641,421,42,531,135,347,572,538,147,119,41,490,179,136,319,167,601,3,300"
469,range_070376-070575,range_070526-070725,0.1,-0.4,0.0,0.40072388070306036,"215,608,99,97,110,603,79,522,563,510,222,493,44,177,571,523,323,226,552,187"
470,range_070526-070725,range_070676-070875,0.225,-0.275,0.0,0.05267156743914126,"580,316,569,87,637,345,638,481,500,226,340,234,603,263,375,563,566,416,183,364"
471,range_070676-070875,range_070826-071025,0.8,0.30000000000000004,0.5948104971045785,0.29488934657944704,"452,163,446,664,42,206,629,624,86,106,255,213,292,121,397,562,283,582,435,240"
472,range_070826-071025,range_070976-071175,0.45,-0.04999999999999999,0.7139836520395225,0.8032172628095067,"258,412,134,192,398,429,292,596,145,2,489,304,550,52,48,108,552,229,380,68"
473,range_070976-071175,range_071126-071325,0.1,-0.4,0.0,0.7746717827029606,"567,43,24,412,651,56,213,250,449,500,263,392,352,182,284,414,71,626,226,128"
474,range_071126-071325,range_071276-071475,0.2,-0.3,0.0,0.21084605109502,"176,519,411,111,158,524,205,68,85,539,381,270,172,321,323,595,661,434,306,629"
475,range_071276-071475,range_071426-071625,0.35,-0.15000000000000002,0.18555013277347,0.6010028846835138,"50,541,494,309,220,563,647,378,490,396,221,275,502,293,379,190,462,491,662,122"
476,range_071426-071625,range_071576-071775,0.1,-0.4,0.2702991448976568,0.9477796455286083,"412,563,417,177,72,250,254,524,647,226,657,312,79,234,113,557,540,283,28,491"
477,range_071576-071775,range_071726-071925,0.4,-0.09999999999999998,0.030742047441507124,0.08728770264778998,"54,278,488,447,259,138,168,65,595,243,35,384,34,440,610,159,313,433,56,139"
478,range_071726-071925,range_071876-072075,0.375,-0.125,0.0,0.02719348136330177,"332,198,461,80,339,579,247,626,289,591,260,551,624,503,279,326,219,131,256,448"
479,range_071876-072075,range_072026-072225,0.3,-0.2,0.4936515047017915,0.6976082668874459,"518,459,327,78,97,182,125,347,292,69,250,440,89,581,340,42,303,169,561,247"
480,range_072026-072225,range_072176-072375,0.7,0.19999999999999996,0.4259747430420884,0.1980167812706728,"263,43,0,129,183,123,87,450,466,250,570,533,55,426,458,499,25,74,110,73"
481,range_072176-072375,range_072326-072525,0.95,0.44999999999999996,2.46699500592589,1.4947450429712221,"442,93,559,40,49,460,390,454,17,139,101,228,634,32,289,133,565,269,208,294"
482,range_072326-072525,range_072476-072675,0.95,0.44999999999999996,1.6971538959679653,0.8881149040836402,"208,342,511,265,217,505,291,101,109,339,620,495,391,358,420,372,507,21,360,94"
483,range_072476-072675,range_072626-072825,0.2,-0.3,0.04523835810504911,0.17314191674546434,"600,607,637,642,298,279,187,362,251,201,190,614,141,584,150,579,473,328,83,634"
484,range_072626-072825,range_072776-072975,0.75,0.25,0.45376463461173,0.3208633876551116,"605,208,652,568,184,259,454,176,639,146,33,625,118,224,575,334,374,93,170,622"
485,range_072776-072975,range_072926-073125,0.2,-0.3,0.3496988136699498,0.872697455607607,"17,351,608,504,496,559,226,538,310,386,124,278,433,188,470,508,113,154,413,612"
486,range_072926-073125,range_073076-073275,0.05,-0.45,0.0,0.4326086064897916,"184,115,91,118,625,535,405,12,15,639,369,77,233,265,185,558,228,605,583,7"
487,range_073076-073275,range_073226-073425,0.15,-0.35,1.5498600437210566,2.1474443902596234,"53,100,351,562,171,47,280,615,465,632,623,92,275,345,183,128,347,499,217,167"
488,range_073226-073425,range_073376-073575,0.325,-0.175,0.0,0.0,"255,283,531,342,265,23,98,22,409,585,124,541,172,233,216,583,386,260,503,553"
489,range_073376-073575,range_073526-073725,0.3,-0.2,0.36452933351801375,0.4084531424245641,"66,537,588,165,312,628,177,436,166,629,300,395,384,399,304,204,89,353,69,542"
490,range_073526-073725,range_073676-073875,0.55,0.050000000000000044,0.2817888365823713,0.2476037287127794,"390,416,230,112,600,326,365,117,339,194,225,593,36,410,204,331,133,419,52,140"
491,range_073676-073875,range_073826-074025,0.15,-0.35,0.14107591097498526,0.3174589602359623,"630,178,19,57,448,106,430,107,269,501,277,624,611,617,655,367,231,578,607,187"
492,range_073826-074025,range_073976-074175,0.3,-0.2,0.6740766876998026,0.8264919121474841,"389,316,642,99,569,327,537,236,225,377,204,196,394,366,357,653,356,278,502,406"
493,range_073976-074175,range_074126-074325,0.5,0.0,0.4130479068974785,0.39808707231837276,"171,471,27,517,624,537,78,354,43,187,477,348,332,623,126,399,341,124,225,343"
494,range_074126-074325,range_074276-074475,1.0,0.5,1.4762919564114159,0.5137302171830522,"362,629,579,326,342,158,301,17,434,305,172,319,88,89,272,52,586,98,646,193"
495,range_074276-074475,range_074426-074625,0.55,0.050000000000000044,0.6606416829478401,0.6596700656534344,"544,275,423,464,273,416,320,477,296,61,64,351,282,399,46,245,220,549,154,47"
496,range_074426-074625,range_074576-074775,0.55,0.050000000000000044,0.2928065235866914,0.4582395907738446,"310,191,596,277,211,412,399,137,216,366,127,48,4,63,124,327,270,254,598,142"
497,range_074576-074775,range_074726-074925,0.55,0.050000000000000044,0.9829116152054131,0.9652948320619243,"392,571,262,523,414,563,234,603,468,246,25,126,452,74,209,28,174,56,569,651"
498,range_074726-074925,range_074876-075075,0.1,-0.4,0.5840119771936884,1.1756832495979146,"283,276,261,377,579,260,322,557,206,92,80,217,255,456,17,180,640,259,162,632"
499,range_074876-075075,range_075026-075225,0.15,-0.35,0.11120378323660861,0.7818615299185179,"159,75,74,480,599,78,43,570,129,55,183,73,458,550,637,481,140,263,110,613"
500,range_075026-075225,range_075176-075375,0.1,-0.4,0.493975648958732,1.0280826141458541,"187,604,358,664,388,152,407,369,445,355,242,257,186,109,535,487,584,553,151,295"
501,range_075176-075375,range_075326-075525,0.4,-0.09999999999999998,0.9841315429594597,1.1366902326037303,"457,380,629,408,464,604,439,364,154,103,159,623,278,445,609,631,153,389,102,627"
502,range_075326-075525,range_075476-075675,0.2,-0.3,0.0,0.09851111744110355,"597,460,92,338,43,461,131,352,396,584,125,167,333,579,285,524,361,318,349,451"
503,range_075476-075675,range_075626-075825,0.2,-0.3,0.3735637402448381,1.2432792159052894,"55,220,546,466,74,25,263,183,128,651,230,413,364,450,474,598,159,78,87,599"
504,range_075626-075825,range_075776-075975,0.75,0.25,0.8432739844738721,0.4746662952384576,"107,35,5,239,641,369,592,572,116,393,349,305,330,1,303,518,163,489,268,586"
505,range_075776-075975,range_075926-076125,0.05,-0.45,0.02949473987399568,1.073120957870378,"587,28,180,222,647,196,629,178,302,214,640,74,215,90,221,245,471,246,75,450"
506,range_075926-076125,range_076076-076275,0.2,-0.3,0.0,0.054928080490635,"573,642,427,148,562,338,199,137,227,124,308,547,347,312,401,439,294,554,235,353"
507,range_076076-076275,range_076226-076425,0.8,0.30000000000000004,0.8985285885095945,0.5305050227104116,"227,52,364,493,336,279,254,658,147,78,440,141,128,569,468,491,125,519,427,547"
508,range_076226-076425,range_076376-076575,0.9,0.4,0.8650924728989462,0.2538280204744639,"581,421,380,297,495,519,401,520,627,372,442,347,353,609,340,458,539,352,301,323"
509,range_076376-076575,range_076526-076725,0.9,0.4,1.8378378281574506,1.0647075377162007,"470,441,566,638,410,215,439,212,66,71,353,561,491,593,82,99,55,365,110,64"
510,range_076526-076725,range_076676-076875,0.55,0.050000000000000044,1.7365160842655938,1.7276930660741643,"142,326,106,181,57,359,253,271,415,206,436,387,229,573,624,633,589,67,630,332"
511,range_076676-076875,range_076826-077025,0.45,-0.04999999999999999,1.1110017917235135,1.053080776168478,"427,490,354,103,359,656,363,596,277,497,232,175,292,580,4,361,46,212,500,83"
512,range_076826-077025,range_076976-077175,0.15,-0.35,0.0,0.5308207014704505,"566,192,163,116,209,571,155,189,75,522,599,159,56,647,414,602,78,82,216,282"
513,range_076976-077175,range_077126-077325,0.4,-0.09999999999999998,0.0,0.0,"144,215,627,587,400,365,609,42,461,173,203,328,429,395,361,46,569,268,572,145"
514,range_077126-077325,range_077276-077475,0.35,-0.15000000000000002,0.4125296351050701,0.5106205122985541,"494,238,565,551,159,656,76,287,276,403,400,177,42,312,619,44,273,355,197,10"
515,range_077276-077475,range_077426-077625,0.7,0.19999999999999996,0.47504141555068824,0.2455190658997707,"483,53,363,536,319,527,589,166,26,354,379,248,22,446,574,548,596,5,169,104"
516,range_077426-077625,range_077576-077775,0.35,-0.15000000000000002,0.1835209434179519,0.49483538075627365,"426,317,614,461,319,499,233,623,350,491,644,611,475,35,649,242,364,556,180,662"
517,range_077576-077775,range_077726-077925,0.075,-0.425,0.0,0.6438547300576777,"587,498,647,53,571,414,416,174,226,354,209,212,302,470,28,79,603,246,245,113"
518,range_077726-077925,range_077876-078075,0.35,-0.15000000000000002,0.12254937375937881,0.377193675076553,"357,149,479,219,550,476,364,471,197,300,222,319,0,240,382,342,166,124,275,574"
519,range_077876-078075,range_078026-078225,0.2,-0.3,0.0,0.18183425484025542,"225,32,36,599,441,28,45,493,127,0,413,87,567,232,302,644,76,501,312,240"
520,range_078026-078225,range_078176-078375,0.75,0.25,1.1991157139545574,0.9072097179759995,"62,503,621,492,259,279,542,185,149,624,21,665,341,158,152,420,33,551,224,77"
521,range_078176-078375,range_078326-078525,0.9,0.4,2.2046537024344226,1.3333770693405986,"288,301,421,502,345,20,569,635,84,552,215,328,137,204,320,347,57,461,500,295"
522,range_078326-078525,range_078476-078675,0.85,0.35,0.2145385171637288,0.0,"79,262,563,571,316,288,323,97,493,236,394,651,227,469,356,127,510,346,608,76"
523,range_078476-078675,range_078626-078825,0.4,-0.09999999999999998,1.6892597980881403,1.7207169936199282,"151,418,372,67,483,655,390,119,18,286,19,453,62,30,39,235,37,260,592,636"
524,range_078626-078825,range_078776-078975,0.2,-0.3,0.6145367196784458,0.8195797476461262,"541,367,22,408,604,333,248,456,180,543,195,539,218,39,72,40,19,376,448,187"
525,range_078776-078975,range_078926-079125,0.0,-0.5,0.02169141245493834,1.9594327608986633,"263,466,55,74,73,285,599,364,414,450,394,134,481,24,593,25,110,570,619,47"
526,range_078926-079125,range_079076-079275,0.375,-0.125,0.0,0.0,"439,157,488,629,630,384,421,556,646,621,552,210,363,125,301,144,592,381,199,641"
527,range_079076-079275,range_079226-079425,0.075,-0.425,0.0,0.5521124368280278,"542,160,575,17,611,430,591,640,106,248,88,268,484,19,377,373,149,332,95,460"
528,range_079226-079425,range_079376-079575,0.6,0.09999999999999998,0.5709996265056977,0.43257463643392585,"484,518,585,151,88,376,69,461,96,286,564,444,375,260,337,628,331,256,62,229"
529,range_079376-079575,range_079526-079725,0.25,-0.25,0.7231875221493058,0.8594619323141237,"581,635,178,557,664,349,553,307,554,660,476,298,362,324,54,109,268,322,547,231"
530,range_079526-079725,range_079676-079875,0.5,0.0,0.4596656929856609,0.5283787874642587,"392,580,72,43,212,216,194,390,468,284,376,553,214,50,459,302,609,282,41,663"
531,range_079676-079875,range_079826-080025,0.025,-0.475,0.0,0.8006746792022443,"182,45,496,368,308,413,3,174,337,400,245,192,73,427,356,493,315,494,168,129"
532,range_079826-080025,range_079976-080175,0.95,0.44999999999999996,0.9407348867798819,0.27234383684361674,"241,423,417,462,555,190,495,278,633,509,61,632,433,100,280,219,352,144,456,113"
533,range_079976-080175,range_080126-080325,1.0,0.5,1.2193716619543582,0.045709076308205324,"157,441,494,246,412,209,662,619,627,147,96,385,416,95,66,347,421,177,637,214"
534,range_080126-080325,range_080276-080475,0.75,0.25,0.9954148182480452,0.7548220986934787,"455,445,584,67,551,81,656,472,268,271,575,57,63,402,358,305,120,279,109,565"
535,range_080276-080475,range_080426-080625,0.025,-0.475,0.0,2.4913900793843218,"24,582,414,47,122,189,73,345,598,159,365,523,570,75,25,78,450,134,624,71"
536,range_080426-080625,range_080576-080775,0.65,0.15000000000000002,1.4585614626319614,1.055311639529985,"124,236,343,601,338,638,296,423,426,221,513,254,106,628,495,302,92,416,192,127"
537,range_080576-080775,range_080726-080925,0.325,-0.175,0.0,0.0,"226,110,496,364,408,569,439,165,319,313,200,25,36,227,50,345,431,386,143,192"
538,range_080726-080925,range_080876-081075,0.85,0.35,0.6799617503532317,0.2749457399366579,"11,338,89,315,663,346,180,157,136,477,377,509,83,572,299,264,133,562,130,162"
539,range_080876-081075,range_081026-081225,1.0,0.5,0.7839712233041589,0.06197765668247383,"58,380,467,324,645,242,438,97,562,20,383,301,294,428,473,627,161,80,646,447"
540,range_081026-081225,range_081176-081375,0.35,-0.15000000000000002,0.5204179381414397,0.7170195893903668,"392,406,384,571,245,66,357,278,304,209,587,75,609,423,297,60,602,410,574,214"
541,range_081176-081375,range_081326-081525,0.35,-0.15000000000000002,0.0,0.0,"643,611,372,515,458,204,288,280,353,41,38,71,134,217,54,92,229,313,518,107"
542,range_081326-081525,range_081476-081675,0.075,-0.425,0.0,0.4103455586829524,"503,199,136,346,69,102,227,40,626,382,296,44,421,406,397,595,36,117,229,435"
543,range_081476-081675,range_081626-081825,0.65,0.15000000000000002,0.2528677304994828,0.12738454928417786,"433,391,463,103,250,437,629,43,148,341,3,615,65,84,284,24,644,419,286,635"
544,range_081626-081825,range_081776-081975,0.275,-0.22499999999999998,0.0,0.0,"71,600,66,75,354,261,304,40,226,357,211,237,406,74,174,17,99,432,246,587"
545,range_081776-081975,range_081926-082125,0.4,-0.09999999999999998,0.48890770458749755,0.5775784656605198,"219,198,95,185,591,256,339,157,13,624,460,359,231,5,218,658,606,287,564,633"
546,range_081926-082125,range_082076-082275,0.1,-0.4,0.4405600339540909,0.7866141461728057,"309,239,517,351,145,82,291,353,85,310,8,185,248,225,620,29,421,629,404,437"
547,range_082076-082275,range_082226-082425,0.25,-0.25,0.2069643383176964,0.48649272061055443,"166,265,561,495,559,180,243,530,379,510,273,288,476,136,637,129,441,366,48,242"
548,range_082226-082425,range_082376-082575,0.3,-0.2,0.06793873172813324,0.18047765416187173,"141,332,65,311,572,217,517,277,18,64,148,325,308,225,129,588,619,350,251,460"
549,range_082376-082575,range_082526-082725,0.025,-0.475,0.0,0.6444854551247493,"107,523,471,566,561,571,66,128,25,209,414,225,214,602,113,0,230,51,470,657"
550,range_082526-082725,range_082676-082875,0.85,0.35,1.4835273104027242,0.9625747738757306,"335,93,158,142,369,620,584,146,317,535,233,626,350,457,370,454,445,268,257,329"
551,range_082676-082875,range_082826-083025,0.6,0.09999999999999998,1.510537379860544,1.408993246347365,"104,306,105,196,596,313,171,229,89,94,408,176,517,141,312,593,58,68,463,33"
552,range_082826-083025,range_082976-083175,0.6,0.09999999999999998,0.4879805161409306,0.3496504033518226,"73,510,79,50,75,571,262,222,346,356,236,291,60,634,227,432,134,523,400,469"
553,range_082976-083175,range_083126-083325,0.2,-0.3,0.0,0.33066525252594486,"640,259,112,337,453,480,581,402,131,301,293,600,27,386,416,290,483,419,284,57"
554,range_083126-083325,range_083276-083475,0.45,-0.04999999999999999,0.15226555382088536,0.18799067123578983,"529,430,171,391,539,381,624,371,272,195,660,503,536,460,163,37,482,326,268,358"
555,range_083276-083475,range_083426-083625,0.8,0.30000000000000004,0.9042364066629696,0.5368102776537275,"372,351,321,435,467,540,396,641,620,390,447,536,63,172,511,44,448,294,248,65"
556,range_083426-083625,range_083576-083775,0.5,0.0,0.7335666310421957,0.5748803780464227,"322,187,321,407,646,72,318,530,287,595,525,475,17,188,435,503,279,81,325,573"
557,range_083576-083775,range_083726-083925,0.4,-0.09999999999999998,0.24677932634082958,0.5389778699591821,"628,109,576,374,178,114,16,577,536,332,208,317,146,156,437,586,654,626,525,665"
558,range_083726-083925,range_083876-084075,0.3,-0.2,0.5465317981328791,0.9459731203047456,"236,544,300,383,9,8,539,659,52,480,527,167,426,609,108,629,119,404,546,109"
559,range_083876-084075,range_084026-084225,0.175,-0.325,0.0,0.21424494225951574,"580,79,651,288,571,262,522,394,392,401,346,159,76,569,316,400,127,78,441,60"
560,range_084026-084225,range_084176-084375,0.7,0.19999999999999996,0.6362001022844505,0.0,"110,90,634,263,154,347,101,85,286,53,87,211,66,399,5,643,369,396,481,292"
561,range_084176-084375,range_084326-084525,0.85,0.35,1.000566286503366,0.5470170982339282,"319,321,426,596,69,119,611,417,100,512,439,601,331,318,276,402,390,488,444,353"
562,range_084326-084525,range_084476-084675,0.7,0.19999999999999996,1.3851977397442572,1.0013079142500851,"642,521,42,425,523,647,79,538,97,440,450,8,32,261,300,278,282,110,174,117"
563,range_084476-084675,range_084626-084825,1.0,0.5,1.508459228710729,0.0,"608,378,2,594,145,144,226,110,401,50,97,468,469,647,74,221,209,189,495,392"
564,range_084626-084825,range_084776-084975,0.1,-0.4,0.2987576628583064,0.597883839795949,"132,178,655,422,289,438,360,444,233,198,633,158,621,377,149,665,295,437,248,170"
565,range_084776-084975,range_084926-085125,0.65,0.15000000000000002,1.9876860948342892,1.839476434796348,"53,508,537,246,60,406,245,174,602,66,209,214,262,516,440,357,588,304,462,222"
566,range_084926-085125,range_085076-085275,0.3,-0.2,0.0,0.0,"221,614,450,550,357,164,481,194,520,73,55,609,278,28,545,79,468,309,651,226"
567,range_085076-085275,range_085226-085425,0.35,-0.15000000000000002,2.547977039690665,2.6086455623102403,"374,551,485,486,616,422,605,370,639,81,482,405,7,329,14,652,152,487,146,314"
568,range_085226-085425,range_085376-085575,0.55,0.050000000000000044,2.1794454426548007,1.8922446550862801,"22,510,523,356,470,79,495,230,651,378,456,346,412,506,379,280,467,468,440,363"
569,range_085376-085575,range_085526-085725,1.0,0.5,0.5503346608944116,0.0,"323,490,189,493,75,60,262,356,144,363,316,608,481,288,212,638,236,651,440,222"
570,range_085526-085725,range_085676-085875,0.65,0.15000000000000002,0.18770496034544298,0.12617686831119887,"220,466,159,71,189,75,250,598,183,87,103,175,263,608,427,78,602,651,368,345"
571,range_085676-085875,range_085826-086025,0.0,-0.5,0.6643024999732029,2.3920636812110256,"531,11,453,592,499,70,633,325,85,539,157,629,362,373,169,332,266,207,640,330"
572,range_085826-086025,range_085976-086175,0.7,0.19999999999999996,1.5626044088075206,1.226294772355144,"244,153,664,583,589,318,332,306,171,21,324,122,536,660,195,150,260,180,298,219"
573,range_085976-086175,range_086126-086325,0.15,-0.35,0.5595134870910635,1.4599491664695794,"471,203,644,182,412,350,75,246,399,450,172,108,302,657,466,282,242,45,498,245"
574,range_086126-086325,range_086276-086475,0.6,0.09999999999999998,0.5749745293181965,0.46996438481294733,"335,158,184,149,16,93,628,233,132,326,553,584,655,639,422,198,359,333,176,7"
575,range_086276-086475,range_086426-086625,0.95,0.44999999999999996,1.1676020989064364,0.6341011345589622,"184,405,12,208,146,620,118,77,335,91,485,334,81,535,660,265,233,115,487,150"
576,range_086426-086625,range_086576-086775,0.45,-0.04999999999999999,0.5565223690064693,0.606983432745898,"358,620,156,15,625,422,535,415,360,405,132,176,622,12,654,616,109,650,207,652"
577,range_086576-086775,range_086726-086925,0.025,-0.475,0.0,1.6463429955487716,"647,154,126,250,414,254,270,385,164,332,603,516,255,105,220,413,345,74,209,50"
578,range_086726-086925,range_086876-087075,0.25,-0.25,0.0,0.01939878242582168,"148,606,475,301,403,70,218,390,541,405,206,497,310,68,213,642,193,63,595,42"
579,range_086876-087075,range_087026-087225,0.5,0.0,1.6483100314120207,1.587354454741056,"481,378,183,134,24,227,73,442,503,450,25,345,211,229,103,498,223,220,510,440"
580,range_087026-087225,range_087176-087375,0.05,-0.45,0.18727546628585248,0.8966391429218687,"119,241,344,367,204,155,4,452,403,497,273,351,116,435,630,402,223,436,331,386"
581,range_087176-087375,range_087326-087525,0.7,0.19999999999999996,1.069032156705661,0.7846385205732938,"362,622,277,355,604,539,372,476,326,21,289,442,208,535,49,181,202,35,554,259"
582,range_087326-087525,range_087476-087675,0.3,-0.2,0.44793746843114396,1.0784831379885351,"414,395,84,214,420,144,52,130,390,571,87,42,547,209,356,373,566,601,488,262"
583,range_087476-087675,range_087626-087825,0.3,-0.2,0.7449169512994106,1.007759633122849,"555,405,532,305,525,35,172,460,355,286,152,198,559,23,30,343,86,371,94,277"
584,range_087626-087825,range_087776-087975,0.3,-0.2,0.30457676737342726,0.5743762330255684,"624,308,559,531,101,344,633,634,300,201,375,515,435,294,553,644,387,19,460,452"
585,range_087776-087975,range_087926-088125,0.125,-0.375,0.0,0.1598851764203636,"488,383,84,137,600,255,411,438,141,82,324,362,446,452,298,297,338,547,194,252"
586,range_087926-088125,range_088076-088275,0.55,0.050000000000000044,1.190842843740623,0.8591257388391591,"567,633,607,651,464,449,379,140,87,159,174,498,615,154,613,246,25,427,230,75"
587,range_088076-088275,range_088226-088425,1.0,0.5,0.9948032542272136,0.0,"245,60,399,354,262,372,554,209,304,66,406,205,300,174,523,189,246,561,211,36"
588,range_088226-088425,range_088376-088575,0.0,-0.5,0.0,0.641933083280247,"261,254,356,425,283,659,412,443,613,303,573,538,648,557,113,601,140,215,164,180"
589,range_088376-088575,range_088526-088725,0.25,-0.25,0.09690781699178881,0.536269369227275,"0,649,556,280,249,508,400,254,356,285,236,432,243,157,413,497,151,144,267,601"
590,range_088526-088725,range_088676-088875,0.3,-0.2,0.0,0.0,"438,242,160,281,606,326,339,244,235,139,49,23,58,171,543,529,121,546,369,169"
591,range_088676-088875,range_088826-089025,0.2,-0.3,0.37477328639078933,0.556013651795854,"85,640,381,297,112,547,12,362,505,95,644,507,163,548,106,351,396,386,610,217"
592,range_088826-089025,range_088976-089175,0.7,0.19999999999999996,0.2739012531645896,0.12261779134931629,"366,191,56,282,84,406,174,462,567,323,602,87,399,192,361,254,459,48,44,412"
593,range_088976-089175,range_089126-089325,0.8,0.30000000000000004,0.3811460750881538,0.07848286866214263,"416,254,383,285,169,398,89,323,516,216,347,459,293,563,297,662,235,102,148,229"
594,range_089126-089325,range_089276-089475,0.1,-0.4,0.06830220180228753,0.8671243227298183,"418,543,163,546,506,489,88,111,342,425,161,613,611,448,157,582,331,153,380,445"
595,range_089276-089475,range_089426-089625,0.4,-0.09999999999999998,0.6107065849394702,0.7206737928692684,"242,232,555,266,534,461,381,330,318,578,235,98,20,18,308,443,484,5,85,402"
596,range_089426-089625,range_089576-089775,0.95,0.44999999999999996,1.117684760821172,0.7646381645724459,"344,11,16,562,558,201,348,242,453,258,128,123,475,404,112,500,253,308,108,124"
597,range_089576-089775,range_089726-089925,0.95,0.44999999999999996,1.236029104093175,0.5022156007070003,"186,630,315,464,581,40,557,427,27,261,337,264,352,379,361,48,31,368,643,61"
598,range_089726-089925,range_089876-090075,0.9,0.4,0.7363466158793999,0.0,"220,241,570,481,134,78,250,414,175,167,100,299,159,74,466,378,504,398,55,215"
599,range_089876-090075,range_090026-090225,0.25,-0.25,1.4236652882720764,1.7733563784283413,"190,93,579,503,437,179,148,643,526,488,207,26,117,363,559,64,85,252,18,223"
600,range_090026-090225,range_090176-090375,0.2,-0.3,0.5318095358597407,0.7519969522070622,"448,520,352,70,197,419,314,320,403,264,148,338,196,369,390,321,141,319,194,270"
601,range_090176-090375,range_090326-090525,0.8,0.30000000000000004,1.310201303008114,0.6605603666122364,"641,85,429,450,128,37,296,80,64,28,446,423,466,570,496,263,384,236,46,327"
602,range_090326-090525,range_090476-090675,0.65,0.15000000000000002,0.20281897048445527,0.04857264646500744,"103,299,8,100,385,147,468,538,587,533,278,384,303,90,510,275,177,399,113,304"
603,range_090476-090675,range_090626-090825,0.15,-0.35,1.7248948716632762,2.1047685608370594,"438,617,369,16,161,584,305,132,185,120,575,556,259,415,621,565,81,531,109,628"
604,range_090626-090825,range_090776-090975,0.6,0.09999999999999998,1.0953110261729653,1.000225875295819,"482,146,485,118,625,583,535,202,422,156,20,91,14,620,660,158,265,646,652,521"
605,range_090776-090975,range_090926-091125,0.35,-0.15000000000000002,1.4504785453454137,1.5827155515206273,"255,286,624,264,10,370,274,42,217,585,166,367,256,268,156,2,579,52,381,123"
606,range_090926-091125,range_091076-091275,0.0,-0.5,0.22982641980708157,0.9917126455881545,"227,282,495,345,159,466,113,215,470,580,212,493,394,145,164,412,241,347,246,46"
607,range_091076-091275,range_091226-091425,0.85,0.35,0.6440933465514784,0.05097242542996487,"213,474,495,22,159,427,619,100,31,523,46,246,172,212,364,360,657,637,570,128"
608,range_091226-091425,range_091376-091575,0.15,-0.35,0.3093996426501894,0.7701878133971722,"157,382,623,336,346,119,513,460,429,491,546,586,560,194,342,9,509,230,155,359"
609,range_091376-091575,range_091526-091725,0.6,0.09999999999999998,0.7700492022545496,0.4958613525889439,"389,234,470,657,107,595,597,576,421,164,469,210,508,594,634,598,116,324,102,183"
610,range_091526-091725,range_091676-091875,0.5,0.0,0.2705734883069624,0.297965121260402,"155,121,252,139,71,596,400,100,182,380,506,285,18,641,463,165,312,260,547,353"
611,range_091676-091875,range_091826-092025,0.9,0.4,1.8346253897033715,0.683824500635031,"327,138,450,475,303,388,41,347,122,9,160,324,519,107,86,112,280,56,205,200"
612,range_091826-092025,range_091976-092175,0.55,0.050000000000000044,0.3303103694811037,0.3400639878184603,"352,52,331,495,419,629,424,417,167,59,649,500,237,218,362,363,347,123,248,385"
613,range_091976-092175,range_092126-092325,0.55,0.050000000000000044,0.7755586811369871,0.6011776308067627,"630,446,245,280,377,190,219,211,652,243,488,627,171,580,131,578,17,154,353,443"
614,range_092126-092325,range_092276-092475,0.6,0.09999999999999998,0.41389448184109756,0.30578517568925456,"242,133,397,89,642,333,98,586,37,377,12,88,41,321,76,22,59,409,153,38"
615,range_092276-092475,range_092426-092625,1.0,0.5,1.4206085995171005,0.29571846648155026,"387,279,98,366,36,96,1,301,292,243,462,505,112,38,479,296,484,424,463,442"
616,range_092426-092625,range_092576-092775,0.0,-0.5,0.44017761495939134,1.9389771992438456,"638,180,239,313,566,0,637,505,635,212,194,544,174,79,74,571,155,641,644,470"
617,range_092576-092775,range_092726-092925,1.0,0.5,2.08170965027232,0.2633549101903414,"309,170,24,250,467,125,300,56,354,365,137,465,103,247,41,76,293,239,409,348"
618,range_092726-092925,range_092876-093075,0.4,-0.09999999999999998,0.017476912973525657,0.0,"344,250,466,345,87,571,450,220,567,24,78,110,263,414,159,75,134,182,523,471"
619,range_092876-093075,range_093026-093225,0.95,0.44999999999999996,1.7933160561976031,0.45240132875841044,"403,389,555,536,38,235,264,547,377,199,336,287,590,321,510,102,585,384,401,148"
620,range_093026-093225,range_093176-093375,0.1,-0.4,0.3003974661568884,1.7386724959720152,"599,129,220,140,458,578,571,597,74,466,416,523,494,345,103,250,254,480,322,413"
621,range_093176-093375,range_093326-093525,0.7,0.19999999999999996,0.18486004552474486,0.0,"639,14,7,265,485,605,233,152,422,482,388,341,486,575,415,329,576,551,16,146"
622,range_093326-093525,range_093476-093675,0.55,0.050000000000000044,1.6630235418113606,1.5421633861409259,"554,194,480,80,401,533,94,595,639,70,433,322,6,36,135,280,494,522,41,53"
623,range_093476-093675,range_093626-093825,0.25,-0.25,0.24646938452559317,0.3803058162094739,"582,532,445,460,257,374,484,556,573,381,531,244,35,30,478,528,235,586,26,530"
624,range_093626-093825,range_093776-093975,0.25,-0.25,0.4828440727995657,0.8186465338475706,"539,437,543,445,111,149,583,397,29,54,443,286,67,86,161,430,151,21,76,170"
625,range_093776-093975,range_093926-094125,0.0,-0.5,0.0,1.5966628212482061,"241,550,523,122,613,651,499,450,441,4,567,414,429,164,71,368,26,481,87,417"
626,range_093926-094125,range_094076-094275,0.75,0.25,0.5800256700021389,0.27279417144580914,"503,408,126,397,108,166,609,57,81,337,321,112,124,659,435,406,157,366,614,574"
627,range_094076-094275,range_094226-094425,0.35,-0.15000000000000002,0.0306513037334805,0.2163183193629265,"513,343,510,246,237,182,222,100,67,166,192,307,465,43,113,45,468,603,346,637"
628,range_094226-094425,range_094376-094575,0.15,-0.35,0.0,0.3168429589931001,"366,443,493,288,645,646,29,522,421,90,149,502,549,525,287,8,495,168,124,516"
629,range_094376-094575,range_094526-094725,0.25,-0.25,0.17091567298910368,0.377962456457789,"16,242,591,30,21,81,581,531,650,444,551,49,525,157,261,195,39,206,305,482"
630,range_094526-094725,range_094676-094875,0.15,-0.35,0.2533157708686603,0.9742931512467576,"598,177,239,138,427,380,424,71,215,38,211,463,274,2,26,125,66,363,90,56"
631,range_094676-094875,range_094826-095025,0.55,0.050000000000000044,0.2375973265484804,0.02893142911224616,"340,190,248,308,659,488,196,116,104,3,219,260,296,312,48,600,253,431,203,294"
632,range_094826-095025,range_094976-095175,0.9,0.4,0.8073298817159608,0.17709535365559848,"332,62,494,377,34,172,543,112,61,489,197,13,273,664,444,397,617,95,446,476"
633,range_094976-095175,range_095126-095325,1.0,0.5,1.6607652585903496,0.6670643320528145,"643,490,169,508,441,132,99,464,80,312,316,573,489,400,4,592,18,470,101,394"
634,range_095126-095325,range_095276-095475,0.275,-0.22499999999999998,0.0,0.0,"659,336,353,292,401,601,10,247,656,251,461,201,45,383,225,191,440,159,270,177"
635,range_095276-095475,range_095426-095625,0.7,0.19999999999999996,0.5188729715543322,0.25582280147431957,"139,287,340,255,596,196,480,522,413,252,494,245,304,427,116,43,332,604,502,593"
636,range_095426-095625,range_095576-095775,1.0,0.5,1.2787178803445913,0.06958305713389779,"448,176,646,652,461,606,434,32,455,337,556,348,49,381,377,44,259,321,478,158"
637,range_095576-095775,range_095726-095925,0.45,-0.04999999999999999,0.37956543988696423,0.4503499871458809,"138,571,345,159,4,480,182,129,180,110,215,24,365,618,499,368,470,216,465,523"
638,range_095726-095925,range_095876-096075,0.75,0.25,2.208489241326349,1.7759915009159992,"20,184,208,652,583,660,202,118,115,334,486,14,146,482,575,93,422,584,420,374"
639,range_095876-096075,range_096026-096225,0.0,-0.5,0.9402877861731451,2.8817982424791166,"466,302,25,263,189,417,432,364,288,596,60,311,394,523,209,55,406,571,316,262"
640,range_096026-096225,range_096176-096375,0.275,-0.22499999999999998,0.0,0.019207140912271374,"131,145,547,295,123,600,323,239,133,10,464,82,207,264,282,31,463,190,520,506"
641,range_096176-096375,range_096326-096525,0.35,-0.15000000000000002,0.05479020338234588,0.159235074937462,"375,511,317,661,391,530,331,58,235,291,17,332,504,589,106,52,629,290,277,604"
642,range_096326-096525,range_096476-096675,0.3,-0.2,0.3701681485132397,0.6808314591848381,"489,526,630,595,659,349,623,553,251,455,155,492,233,6,445,391,5,438,271,149"
643,range_096476-096675,range_096626-096825,0.4,-0.09999999999999998,0.5027067294881942,0.7654462826812196,"386,41,308,59,322,367,584,54,98,546,18,105,281,529,478,416,472,70,206,532"
644,range_096626-096825,range_096776-096975,0.125,-0.375,0.0,0.3341967676769264,"529,5,613,333,376,339,621,503,169,23,270,484,489,240,332,555,560,617,142,33"
645,range_096776-096975,range_096926-097125,0.15,-0.35,0.040100060936672836,0.8043636197710785,"24,46,602,69,175,449,87,599,414,450,466,89,465,313,284,593,299,134,413,235"
646,range_096926-097125,range_097076-097275,0.95,0.44999999999999996,0.41462774793369744,0.0,"603,394,59,378,48,337,230,459,534,123,312,416,566,468,579,662,440,607,45,464"
647,range_097076-097275,range_097226-097425,0.85,0.35,0.8248480135240069,0.3775875679508295,"31,537,545,68,319,336,596,82,550,103,561,247,544,144,462,439,288,71,663,117"
648,range_097226-097425,range_097376-097575,0.55,0.050000000000000044,0.41320855186717587,0.34898322683748684,"267,473,522,105,72,101,452,253,144,506,243,294,585,136,660,478,380,283,659,530"
649,range_097376-097575,range_097526-097725,0.35,-0.15000000000000002,0.1198755912565877,0.19031023838627384,"451,596,205,500,483,460,517,588,524,142,321,436,219,476,458,163,196,509,187,136"
650,range_097526-097725,range_097676-097875,0.9,0.4,2.2505427341745565,1.1522938460186098,"273,139,494,502,520,320,237,459,168,182,347,513,516,594,30,406,222,336,392,603"
651,range_097676-097875,range_097826-098025,0.05,-0.45,2.0326273328659688,2.5111763365753026,"622,487,184,422,370,170,551,639,115,486,605,233,20,208,120,577,371,329,81,14"
652,range_097826-098025,range_097976-098175,0.1,-0.4,1.010924440107501,2.2314135435361857,"74,241,450,598,220,25,87,55,570,215,578,129,480,494,613,185,414,24,599,368"
653,range_097976-098175,range_098126-098325,0.2,-0.3,0.0,0.1309347462135409,"272,387,57,622,367,158,207,588,430,195,611,420,478,551,583,372,244,68,536,289"
654,range_098126-098325,range_098276-098475,0.0,-0.5,0.0,1.0947139446496208,"465,69,637,197,345,25,221,24,189,534,47,368,147,571,523,569,608,607,103,414"
655,range_098276-098475,range_098426-098625,0.225,-0.275,0.0,0.06375886011786448,"372,560,373,72,473,505,457,590,367,80,415,525,418,1,319,36,9,191,290,141"
656,range_098426-098625,range_098576-098775,0.4,-0.09999999999999998,0.8103603562718081,0.9897487958495019,"496,631,82,117,506,50,28,430,126,78,567,571,602,537,173,313,66,395,52,209"
657,range_098576-098775,range_098726-098925,0.7,0.19999999999999996,0.7434730195562719,0.3690190783660381,"601,451,477,97,166,13,70,475,473,480,350,409,637,123,615,442,76,342,621,445"
658,range_098726-098925,range_098876-099075,0.45,-0.04999999999999999,0.7923341915511569,0.8057315679451058,"100,633,403,556,634,318,231,404,331,506,7,632,435,514,191,349,272,579,122,539"
659,range_098876-099075,range_099026-099225,0.5,0.0,0.6725011800572206,0.6191631781308429,"154,4,299,425,393,22,316,573,41,401,130,501,346,234,552,85,493,344,216,285"
660,range_099026-099225,range_099176-099375,0.15,-0.35,0.9786428876928759,1.9301945526616697,"55,9,588,222,523,106,513,87,34,404,544,647,450,464,642,462,563,432,612,214"
661,range_099176-099375,range_099326-099525,0.7,0.19999999999999996,0.5652877189714385,0.2731715634717674,"230,309,496,600,50,74,491,25,423,164,183,174,110,495,537,117,327,610,370,540"
662,range_099326-099525,range_099476-099675,0.1,-0.4,0.03346886761447549,0.5558650861460613,"280,22,489,323,3,287,196,252,586,643,70,424,213,193,633,52,499,555,456,506"
663,range_099476-099675,range_099626-099825,0.075,-0.425,0.0,0.6294734434956555,"207,428,354,480,373,141,35,383,597,8,479,390,521,577,52,22,337,433,231,85"
664,range_099626-099825,range_099776-099975,0.175,-0.325,0.0,0.24117248245939887,"510,212,610,297,502,221,302,17,194,278,384,261,330,220,192,433,387,283,127,168"
