source_family,source_file,range_index,range_name,start_segment,end_segment
B50_original,D:\hpc_project\tdc_unified_core\results\b59_1a_global_physical_order\b51_global_physical_order\B51_hpc_selected_20260817_223017_seed_59101\stages\b50\b50_state_dataset.csv,0,range_000001-000200,1,200
B50_original,D:\hpc_project\tdc_unified_core\results\b59_1a_global_physical_order\b51_global_physical_order\B51_hpc_selected_20260817_223017_seed_59101\stages\b50\b50_state_dataset.csv,1,range_000151-000350,151,350
B50_original,D:\hpc_project\tdc_unified_core\results\b59_1a_global_physical_order\b51_global_physical_order\B51_hpc_selected_20260817_223017_seed_59101\stages\b50\b50_state_dataset.csv,2,range_000301-000500,301,500
B50_original,D:\hpc_project\tdc_unified_core\results\b59_1a_global_physical_order\b51_global_physical_order\B51_hpc_selected_20260817_223017_seed_59101\stages\b50\b50_state_dataset.csv,3,range_000451-000650,451,650
B50_original,D:\hpc_project\tdc_unified_core\results\b59_1a_global_physical_order\b51_global_physical_order\B51_hpc_selected_20260817_223017_seed_59101\stages\b50\b50_state_dataset.csv,4,range_000601-000800,601,800
B50_original,D:\hpc_project\tdc_unified_core\results\b59_1a_global_physical_order\b51_global_physical_order\B51_hpc_selected_20260817_223017_seed_59101\stages\b50\b50_state_dataset.csv,5,range_000751-000950,751,950
B50_original,D:\hpc_project\tdc_unified_core\results\b59_1a_global_physical_order\b51_global_physical_order\B51_hpc_selected_20260817_223017_seed_59101\stages\b50\b50_state_dataset.csv,6,range_000901-001100,901,1100
B50_original,D:\hpc_project\tdc_unified_core\results\b59_1a_global_physical_order\b51_global_physical_order\B51_hpc_selected_20260817_223017_seed_59101\stages\b50\b50_state_dataset.csv,7,range_001051-001250,1051,1250
B50_original,D:\hpc_project\tdc_unified_core\results\b59_1a_global_physical_order\b51_global_physical_order\B51_hpc_selected_20260817_223017_seed_59101\stages\b50\b50_state_dataset.csv,8,range_001201-001400,1201,1400
B50_original,D:\hpc_project\tdc_unified_core\results\b59_1a_global_physical_order\b51_global_physical_order\B51_hpc_selected_20260817_223017_seed_59101\stages\b50\b50_state_dataset.csv,9,range_001351-001550,1351,1550
B50_original,D:\hpc_project\tdc_unified_core\results\b59_1a_global_physical_order\b51_global_physical_order\B51_hpc_selected_20260817_223017_seed_59101\stages\b50\b50_state_dataset.csv,10,range_001501-001700,1501,1700
B50_original,D:\hpc_project\tdc_unified_core\results\b59_1a_global_physical_order\b51_global_physical_order\B51_hpc_selected_20260817_223017_seed_59101\stages\b50\b50_state_dataset.csv,11,range_001651-001850,1651,1850
B50_original,D:\hpc_project\tdc_unified_core\results\b59_1a_global_physical_order\b51_global_physical_order\B51_hpc_selected_20260817_223017_seed_59101\stages\b50\b50_state_dataset.csv,12,range_001801-002000,1801,2000
B50_original,D:\hpc_project\tdc_unified_core\results\b59_1a_global_physical_order\b51_global_physical_order\B51_hpc_selected_20260817_223017_seed_59101\stages\b50\b50_state_dataset.csv,13,range_001951-002150,1951,2150
B50_original,D:\hpc_project\tdc_unified_core\results\b59_1a_global_physical_order\b51_global_physical_order\B51_hpc_selected_20260817_223017_seed_59101\stages\b50\b50_state_dataset.csv,14,range_002101-002300,2101,2300
B50_original,D:\hpc_project\tdc_unified_core\results\b59_1a_global_physical_order\b51_global_physical_order\B51_hpc_selected_20260817_223017_seed_59101\stages\b50\b50_state_dataset.csv,15,range_002251-002450,2251,2450
B50_original,D:\hpc_project\tdc_unified_core\results\b59_1a_global_physical_order\b51_global_physical_order\B51_hpc_selected_20260817_223017_seed_59101\stages\b50\b50_state_dataset.csv,16,range_002401-002600,2401,2600
B50_original,D:\hpc_project\tdc_unified_core\results\b59_1a_global_physical_order\b51_global_physical_order\B51_hpc_selected_20260817_223017_seed_59101\stages\b50\b50_state_dataset.csv,17,range_002551-002750,2551,2750
B50_original,D:\hpc_project\tdc_unified_core\results\b59_1a_global_physical_order\b51_global_physical_order\B51_hpc_selected_20260817_223017_seed_59101\stages\b50\b50_state_dataset.csv,18,range_002701-002900,2701,2900
B50_original,D:\hpc_project\tdc_unified_core\results\b59_1a_global_physical_order\b51_global_physical_order\B51_hpc_selected_20260817_223017_seed_59101\stages\b50\b50_state_dataset.csv,19,range_002851-003050,2851,3050
B50_original,D:\hpc_project\tdc_unified_core\results\b59_1a_global_physical_order\b51_global_physical_order\B51_hpc_selected_20260817_223017_seed_59101\stages\b50\b50_state_dataset.csv,20,range_003001-003200,3001,3200
B50_original,D:\hpc_project\tdc_unified_core\results\b59_1a_global_physical_order\b51_global_physical_order\B51_hpc_selected_20260817_223017_seed_59101\stages\b50\b50_state_dataset.csv,21,range_003151-003350,3151,3350
B50_original,D:\hpc_project\tdc_unified_core\results\b59_1a_global_physical_order\b51_global_physical_order\B51_hpc_selected_20260817_223017_seed_59101\stages\b50\b50_state_dataset.csv,22,range_003301-003500,3301,3500
B50_original,D:\hpc_project\tdc_unified_core\results\b59_1a_global_physical_order\b51_global_physical_order\B51_hpc_selected_20260817_223017_seed_59101\stages\b50\b50_state_dataset.csv,23,range_003451-003650,3451,3650
B50_original,D:\hpc_project\tdc_unified_core\results\b59_1a_global_physical_order\b51_global_physical_order\B51_hpc_selected_20260817_223017_seed_59101\stages\b50\b50_state_dataset.csv,24,range_003601-003800,3601,3800
B50_original,D:\hpc_project\tdc_unified_core\results\b59_1a_global_physical_order\b51_global_physical_order\B51_hpc_selected_20260817_223017_seed_59101\stages\b50\b50_state_dataset.csv,25,range_003751-003950,3751,3950
B50_original,D:\hpc_project\tdc_unified_core\results\b59_1a_global_physical_order\b51_global_physical_order\B51_hpc_selected_20260817_223017_seed_59101\stages\b50\b50_state_dataset.csv,26,range_003901-004100,3901,4100
B50_original,D:\hpc_project\tdc_unified_core\results\b59_1a_global_physical_order\b51_global_physical_order\B51_hpc_selected_20260817_223017_seed_59101\stages\b50\b50_state_dataset.csv,27,range_004051-004250,4051,4250
B50_original,D:\hpc_project\tdc_unified_core\results\b59_1a_global_physical_order\b51_global_physical_order\B51_hpc_selected_20260817_223017_seed_59101\stages\b50\b50_state_dataset.csv,28,range_004201-004400,4201,4400
B50_original,D:\hpc_project\tdc_unified_core\results\b59_1a_global_physical_order\b51_global_physical_order\B51_hpc_selected_20260817_223017_seed_59101\stages\b50\b50_state_dataset.csv,29,range_004351-004550,4351,4550
B50_original,D:\hpc_project\tdc_unified_core\results\b59_1a_global_physical_order\b51_global_physical_order\B51_hpc_selected_20260817_223017_seed_59101\stages\b50\b50_state_dataset.csv,30,range_004501-004700,4501,4700
B50_original,D:\hpc_project\tdc_unified_core\results\b59_1a_global_physical_order\b51_global_physical_order\B51_hpc_selected_20260817_223017_seed_59101\stages\b50\b50_state_dataset.csv,31,range_004651-004850,4651,4850
B50_original,D:\hpc_project\tdc_unified_core\results\b59_1a_global_physical_order\b51_global_physical_order\B51_hpc_selected_20260817_223017_seed_59101\stages\b50\b50_state_dataset.csv,32,range_004801-005000,4801,5000
B50_original,D:\hpc_project\tdc_unified_core\results\b59_1a_global_physical_order\b51_global_physical_order\B51_hpc_selected_20260817_223017_seed_59101\stages\b50\b50_state_dataset.csv,33,range_004951-005150,4951,5150
B50_original,D:\hpc_project\tdc_unified_core\results\b59_1a_global_physical_order\b51_global_physical_order\B51_hpc_selected_20260817_223017_seed_59101\stages\b50\b50_state_dataset.csv,34,range_005101-005300,5101,5300
B50_original,D:\hpc_project\tdc_unified_core\results\b59_1a_global_physical_order\b51_global_physical_order\B51_hpc_selected_20260817_223017_seed_59101\stages\b50\b50_state_dataset.csv,35,range_005251-005450,5251,5450
B50_original,D:\hpc_project\tdc_unified_core\results\b59_1a_global_physical_order\b51_global_physical_order\B51_hpc_selected_20260817_223017_seed_59101\stages\b50\b50_state_dataset.csv,36,range_005401-005600,5401,5600
B50_original,D:\hpc_project\tdc_unified_core\results\b59_1a_global_physical_order\b51_global_physical_order\B51_hpc_selected_20260817_223017_seed_59101\stages\b50\b50_state_dataset.csv,37,range_005551-005750,5551,5750
B50_original,D:\hpc_project\tdc_unified_core\results\b59_1a_global_physical_order\b51_global_physical_order\B51_hpc_selected_20260817_223017_seed_59101\stages\b50\b50_state_dataset.csv,38,range_005701-005900,5701,5900
B50_original,D:\hpc_project\tdc_unified_core\results\b59_1a_global_physical_order\b51_global_physical_order\B51_hpc_selected_20260817_223017_seed_59101\stages\b50\b50_state_dataset.csv,39,range_005851-006050,5851,6050
B50_original,D:\hpc_project\tdc_unified_core\results\b59_1a_global_physical_order\b51_global_physical_order\B51_hpc_selected_20260817_223017_seed_59101\stages\b50\b50_state_dataset.csv,40,range_006001-006200,6001,6200
B50_original,D:\hpc_project\tdc_unified_core\results\b59_1a_global_physical_order\b51_global_physical_order\B51_hpc_selected_20260817_223017_seed_59101\stages\b50\b50_state_dataset.csv,41,range_006151-006350,6151,6350
B50_original,D:\hpc_project\tdc_unified_core\results\b59_1a_global_physical_order\b51_global_physical_order\B51_hpc_selected_20260817_223017_seed_59101\stages\b50\b50_state_dataset.csv,42,range_006301-006500,6301,6500
B50_original,D:\hpc_project\tdc_unified_core\results\b59_1a_global_physical_order\b51_global_physical_order\B51_hpc_selected_20260817_223017_seed_59101\stages\b50\b50_state_dataset.csv,43,range_006451-006650,6451,6650
B50_original,D:\hpc_project\tdc_unified_core\results\b59_1a_global_physical_order\b51_global_physical_order\B51_hpc_selected_20260817_223017_seed_59101\stages\b50\b50_state_dataset.csv,44,range_006601-006800,6601,6800
B50_original,D:\hpc_project\tdc_unified_core\results\b59_1a_global_physical_order\b51_global_physical_order\B51_hpc_selected_20260817_223017_seed_59101\stages\b50\b50_state_dataset.csv,45,range_006751-006950,6751,6950
B50_original,D:\hpc_project\tdc_unified_core\results\b59_1a_global_physical_order\b51_global_physical_order\B51_hpc_selected_20260817_223017_seed_59101\stages\b50\b50_state_dataset.csv,46,range_006901-007100,6901,7100
B50_original,D:\hpc_project\tdc_unified_core\results\b59_1a_global_physical_order\b51_global_physical_order\B51_hpc_selected_20260817_223017_seed_59101\stages\b50\b50_state_dataset.csv,47,range_007051-007250,7051,7250
B50_original,D:\hpc_project\tdc_unified_core\results\b59_1a_global_physical_order\b51_global_physical_order\B51_hpc_selected_20260817_223017_seed_59101\stages\b50\b50_state_dataset.csv,48,range_007201-007400,7201,7400
B50_original,D:\hpc_project\tdc_unified_core\results\b59_1a_global_physical_order\b51_global_physical_order\B51_hpc_selected_20260817_223017_seed_59101\stages\b50\b50_state_dataset.csv,49,range_007351-007550,7351,7550
B50_original,D:\hpc_project\tdc_unified_core\results\b59_1a_global_physical_order\b51_global_physical_order\B51_hpc_selected_20260817_223017_seed_59101\stages\b50\b50_state_dataset.csv,50,range_007501-007700,7501,7700
B50_original,D:\hpc_project\tdc_unified_core\results\b59_1a_global_physical_order\b51_global_physical_order\B51_hpc_selected_20260817_223017_seed_59101\stages\b50\b50_state_dataset.csv,51,range_007651-007850,7651,7850
B50_original,D:\hpc_project\tdc_unified_core\results\b59_1a_global_physical_order\b51_global_physical_order\B51_hpc_selected_20260817_223017_seed_59101\stages\b50\b50_state_dataset.csv,52,range_007801-008000,7801,8000
B50_original,D:\hpc_project\tdc_unified_core\results\b59_1a_global_physical_order\b51_global_physical_order\B51_hpc_selected_20260817_223017_seed_59101\stages\b50\b50_state_dataset.csv,53,range_007951-008150,7951,8150
B50_original,D:\hpc_project\tdc_unified_core\results\b59_1a_global_physical_order\b51_global_physical_order\B51_hpc_selected_20260817_223017_seed_59101\stages\b50\b50_state_dataset.csv,54,range_008101-008300,8101,8300
B50_original,D:\hpc_project\tdc_unified_core\results\b59_1a_global_physical_order\b51_global_physical_order\B51_hpc_selected_20260817_223017_seed_59101\stages\b50\b50_state_dataset.csv,55,range_008251-008450,8251,8450
B50_original,D:\hpc_project\tdc_unified_core\results\b59_1a_global_physical_order\b51_global_physical_order\B51_hpc_selected_20260817_223017_seed_59101\stages\b50\b50_state_dataset.csv,56,range_008401-008600,8401,8600
B50_original,D:\hpc_project\tdc_unified_core\results\b59_1a_global_physical_order\b51_global_physical_order\B51_hpc_selected_20260817_223017_seed_59101\stages\b50\b50_state_dataset.csv,57,range_008551-008750,8551,8750
B50_original,D:\hpc_project\tdc_unified_core\results\b59_1a_global_physical_order\b51_global_physical_order\B51_hpc_selected_20260817_223017_seed_59101\stages\b50\b50_state_dataset.csv,58,range_008701-008900,8701,8900
B50_original,D:\hpc_project\tdc_unified_core\results\b59_1a_global_physical_order\b51_global_physical_order\B51_hpc_selected_20260817_223017_seed_59101\stages\b50\b50_state_dataset.csv,59,range_008851-009050,8851,9050
B50_original,D:\hpc_project\tdc_unified_core\results\b59_1a_global_physical_order\b51_global_physical_order\B51_hpc_selected_20260817_223017_seed_59101\stages\b50\b50_state_dataset.csv,60,range_009001-009200,9001,9200
B50_original,D:\hpc_project\tdc_unified_core\results\b59_1a_global_physical_order\b51_global_physical_order\B51_hpc_selected_20260817_223017_seed_59101\stages\b50\b50_state_dataset.csv,61,range_009151-009350,9151,9350
B50_original,D:\hpc_project\tdc_unified_core\results\b59_1a_global_physical_order\b51_global_physical_order\B51_hpc_selected_20260817_223017_seed_59101\stages\b50\b50_state_dataset.csv,62,range_009301-009500,9301,9500
B50_original,D:\hpc_project\tdc_unified_core\results\b59_1a_global_physical_order\b51_global_physical_order\B51_hpc_selected_20260817_223017_seed_59101\stages\b50\b50_state_dataset.csv,63,range_009451-009650,9451,9650
B50_original,D:\hpc_project\tdc_unified_core\results\b59_1a_global_physical_order\b51_global_physical_order\B51_hpc_selected_20260817_223017_seed_59101\stages\b50\b50_state_dataset.csv,64,range_009601-009800,9601,9800
B50_original,D:\hpc_project\tdc_unified_core\results\b59_1a_global_physical_order\b51_global_physical_order\B51_hpc_selected_20260817_223017_seed_59101\stages\b50\b50_state_dataset.csv,65,range_009751-009950,9751,9950
B50_original,D:\hpc_project\tdc_unified_core\results\b59_1a_global_physical_order\b51_global_physical_order\B51_hpc_selected_20260817_223017_seed_59101\stages\b50\b50_state_dataset.csv,66,range_009901-010100,9901,10100
B50_original,D:\hpc_project\tdc_unified_core\results\b59_1a_global_physical_order\b51_global_physical_order\B51_hpc_selected_20260817_223017_seed_59101\stages\b50\b50_state_dataset.csv,67,range_010051-010250,10051,10250
B50_original,D:\hpc_project\tdc_unified_core\results\b59_1a_global_physical_order\b51_global_physical_order\B51_hpc_selected_20260817_223017_seed_59101\stages\b50\b50_state_dataset.csv,68,range_010201-010400,10201,10400
B50_original,D:\hpc_project\tdc_unified_core\results\b59_1a_global_physical_order\b51_global_physical_order\B51_hpc_selected_20260817_223017_seed_59101\stages\b50\b50_state_dataset.csv,69,range_010351-010550,10351,10550
B50_original,D:\hpc_project\tdc_unified_core\results\b59_1a_global_physical_order\b51_global_physical_order\B51_hpc_selected_20260817_223017_seed_59101\stages\b50\b50_state_dataset.csv,70,range_010501-010700,10501,10700
B50_original,D:\hpc_project\tdc_unified_core\results\b59_1a_global_physical_order\b51_global_physical_order\B51_hpc_selected_20260817_223017_seed_59101\stages\b50\b50_state_dataset.csv,71,range_010651-010850,10651,10850
B50_original,D:\hpc_project\tdc_unified_core\results\b59_1a_global_physical_order\b51_global_physical_order\B51_hpc_selected_20260817_223017_seed_59101\stages\b50\b50_state_dataset.csv,72,range_010801-011000,10801,11000
B50_original,D:\hpc_project\tdc_unified_core\results\b59_1a_global_physical_order\b51_global_physical_order\B51_hpc_selected_20260817_223017_seed_59101\stages\b50\b50_state_dataset.csv,73,range_010951-011150,10951,11150
B50_original,D:\hpc_project\tdc_unified_core\results\b59_1a_global_physical_order\b51_global_physical_order\B51_hpc_selected_20260817_223017_seed_59101\stages\b50\b50_state_dataset.csv,74,range_011101-011300,11101,11300
B50_original,D:\hpc_project\tdc_unified_core\results\b59_1a_global_physical_order\b51_global_physical_order\B51_hpc_selected_20260817_223017_seed_59101\stages\b50\b50_state_dataset.csv,75,range_011251-011450,11251,11450
B50_original,D:\hpc_project\tdc_unified_core\results\b59_1a_global_physical_order\b51_global_physical_order\B51_hpc_selected_20260817_223017_seed_59101\stages\b50\b50_state_dataset.csv,76,range_011401-011600,11401,11600
B50_original,D:\hpc_project\tdc_unified_core\results\b59_1a_global_physical_order\b51_global_physical_order\B51_hpc_selected_20260817_223017_seed_59101\stages\b50\b50_state_dataset.csv,77,range_011551-011750,11551,11750
B50_original,D:\hpc_project\tdc_unified_core\results\b59_1a_global_physical_order\b51_global_physical_order\B51_hpc_selected_20260817_223017_seed_59101\stages\b50\b50_state_dataset.csv,78,range_011701-011900,11701,11900
B50_original,D:\hpc_project\tdc_unified_core\results\b59_1a_global_physical_order\b51_global_physical_order\B51_hpc_selected_20260817_223017_seed_59101\stages\b50\b50_state_dataset.csv,79,range_011851-012050,11851,12050
B50_original,D:\hpc_project\tdc_unified_core\results\b59_1a_global_physical_order\b51_global_physical_order\B51_hpc_selected_20260817_223017_seed_59101\stages\b50\b50_state_dataset.csv,80,range_012001-012200,12001,12200
B50_original,D:\hpc_project\tdc_unified_core\results\b59_1a_global_physical_order\b51_global_physical_order\B51_hpc_selected_20260817_223017_seed_59101\stages\b50\b50_state_dataset.csv,81,range_012151-012350,12151,12350
B50_original,D:\hpc_project\tdc_unified_core\results\b59_1a_global_physical_order\b51_global_physical_order\B51_hpc_selected_20260817_223017_seed_59101\stages\b50\b50_state_dataset.csv,82,range_012301-012500,12301,12500
B50_original,D:\hpc_project\tdc_unified_core\results\b59_1a_global_physical_order\b51_global_physical_order\B51_hpc_selected_20260817_223017_seed_59101\stages\b50\b50_state_dataset.csv,83,range_012451-012650,12451,12650
B50_original,D:\hpc_project\tdc_unified_core\results\b59_1a_global_physical_order\b51_global_physical_order\B51_hpc_selected_20260817_223017_seed_59101\stages\b50\b50_state_dataset.csv,84,range_012601-012800,12601,12800
B50_original,D:\hpc_project\tdc_unified_core\results\b59_1a_global_physical_order\b51_global_physical_order\B51_hpc_selected_20260817_223017_seed_59101\stages\b50\b50_state_dataset.csv,85,range_012751-012950,12751,12950
B50_original,D:\hpc_project\tdc_unified_core\results\b59_1a_global_physical_order\b51_global_physical_order\B51_hpc_selected_20260817_223017_seed_59101\stages\b50\b50_state_dataset.csv,86,range_012901-013100,12901,13100
B50_original,D:\hpc_project\tdc_unified_core\results\b59_1a_global_physical_order\b51_global_physical_order\B51_hpc_selected_20260817_223017_seed_59101\stages\b50\b50_state_dataset.csv,87,range_013051-013250,13051,13250
B50_original,D:\hpc_project\tdc_unified_core\results\b59_1a_global_physical_order\b51_global_physical_order\B51_hpc_selected_20260817_223017_seed_59101\stages\b50\b50_state_dataset.csv,88,range_013201-013400,13201,13400
B50_original,D:\hpc_project\tdc_unified_core\results\b59_1a_global_physical_order\b51_global_physical_order\B51_hpc_selected_20260817_223017_seed_59101\stages\b50\b50_state_dataset.csv,89,range_013351-013550,13351,13550
B50_original,D:\hpc_project\tdc_unified_core\results\b59_1a_global_physical_order\b51_global_physical_order\B51_hpc_selected_20260817_223017_seed_59101\stages\b50\b50_state_dataset.csv,90,range_013501-013700,13501,13700
B50_original,D:\hpc_project\tdc_unified_core\results\b59_1a_global_physical_order\b51_global_physical_order\B51_hpc_selected_20260817_223017_seed_59101\stages\b50\b50_state_dataset.csv,91,range_013651-013850,13651,13850
B50_original,D:\hpc_project\tdc_unified_core\results\b59_1a_global_physical_order\b51_global_physical_order\B51_hpc_selected_20260817_223017_seed_59101\stages\b50\b50_state_dataset.csv,92,range_013801-014000,13801,14000
B50_original,D:\hpc_project\tdc_unified_core\results\b59_1a_global_physical_order\b51_global_physical_order\B51_hpc_selected_20260817_223017_seed_59101\stages\b50\b50_state_dataset.csv,93,range_013951-014150,13951,14150
B50_original,D:\hpc_project\tdc_unified_core\results\b59_1a_global_physical_order\b51_global_physical_order\B51_hpc_selected_20260817_223017_seed_59101\stages\b50\b50_state_dataset.csv,94,range_014101-014300,14101,14300
B50_original,D:\hpc_project\tdc_unified_core\results\b59_1a_global_physical_order\b51_global_physical_order\B51_hpc_selected_20260817_223017_seed_59101\stages\b50\b50_state_dataset.csv,95,range_014251-014450,14251,14450
B50_original,D:\hpc_project\tdc_unified_core\results\b59_1a_global_physical_order\b51_global_physical_order\B51_hpc_selected_20260817_223017_seed_59101\stages\b50\b50_state_dataset.csv,96,range_014401-014600,14401,14600
B50_original,D:\hpc_project\tdc_unified_core\results\b59_1a_global_physical_order\b51_global_physical_order\B51_hpc_selected_20260817_223017_seed_59101\stages\b50\b50_state_dataset.csv,97,range_014551-014750,14551,14750
B50_original,D:\hpc_project\tdc_unified_core\results\b59_1a_global_physical_order\b51_global_physical_order\B51_hpc_selected_20260817_223017_seed_59101\stages\b50\b50_state_dataset.csv,98,range_014701-014900,14701,14900
B50_original,D:\hpc_project\tdc_unified_core\results\b59_1a_global_physical_order\b51_global_physical_order\B51_hpc_selected_20260817_223017_seed_59101\stages\b50\b50_state_dataset.csv,99,range_014851-015050,14851,15050
B50_original,D:\hpc_project\tdc_unified_core\results\b59_1a_global_physical_order\b51_global_physical_order\B51_hpc_selected_20260817_223017_seed_59101\stages\b50\b50_state_dataset.csv,100,range_015001-015200,15001,15200
B50_original,D:\hpc_project\tdc_unified_core\results\b59_1a_global_physical_order\b51_global_physical_order\B51_hpc_selected_20260817_223017_seed_59101\stages\b50\b50_state_dataset.csv,101,range_015151-015350,15151,15350
B50_original,D:\hpc_project\tdc_unified_core\results\b59_1a_global_physical_order\b51_global_physical_order\B51_hpc_selected_20260817_223017_seed_59101\stages\b50\b50_state_dataset.csv,102,range_015301-015500,15301,15500
B50_original,D:\hpc_project\tdc_unified_core\results\b59_1a_global_physical_order\b51_global_physical_order\B51_hpc_selected_20260817_223017_seed_59101\stages\b50\b50_state_dataset.csv,103,range_015451-015650,15451,15650
B50_original,D:\hpc_project\tdc_unified_core\results\b59_1a_global_physical_order\b51_global_physical_order\B51_hpc_selected_20260817_223017_seed_59101\stages\b50\b50_state_dataset.csv,104,range_015601-015800,15601,15800
B50_original,D:\hpc_project\tdc_unified_core\results\b59_1a_global_physical_order\b51_global_physical_order\B51_hpc_selected_20260817_223017_seed_59101\stages\b50\b50_state_dataset.csv,105,range_015751-015950,15751,15950
B50_original,D:\hpc_project\tdc_unified_core\results\b59_1a_global_physical_order\b51_global_physical_order\B51_hpc_selected_20260817_223017_seed_59101\stages\b50\b50_state_dataset.csv,106,range_015901-016100,15901,16100
B50_original,D:\hpc_project\tdc_unified_core\results\b59_1a_global_physical_order\b51_global_physical_order\B51_hpc_selected_20260817_223017_seed_59101\stages\b50\b50_state_dataset.csv,107,range_016051-016250,16051,16250
B50_original,D:\hpc_project\tdc_unified_core\results\b59_1a_global_physical_order\b51_global_physical_order\B51_hpc_selected_20260817_223017_seed_59101\stages\b50\b50_state_dataset.csv,108,range_016201-016400,16201,16400
B50_original,D:\hpc_project\tdc_unified_core\results\b59_1a_global_physical_order\b51_global_physical_order\B51_hpc_selected_20260817_223017_seed_59101\stages\b50\b50_state_dataset.csv,109,range_016351-016550,16351,16550
B50_original,D:\hpc_project\tdc_unified_core\results\b59_1a_global_physical_order\b51_global_physical_order\B51_hpc_selected_20260817_223017_seed_59101\stages\b50\b50_state_dataset.csv,110,range_016501-016700,16501,16700
B50_original,D:\hpc_project\tdc_unified_core\results\b59_1a_global_physical_order\b51_global_physical_order\B51_hpc_selected_20260817_223017_seed_59101\stages\b50\b50_state_dataset.csv,111,range_016651-016850,16651,16850
B50_original,D:\hpc_project\tdc_unified_core\results\b59_1a_global_physical_order\b51_global_physical_order\B51_hpc_selected_20260817_223017_seed_59101\stages\b50\b50_state_dataset.csv,112,range_016801-017000,16801,17000
B50_original,D:\hpc_project\tdc_unified_core\results\b59_1a_global_physical_order\b51_global_physical_order\B51_hpc_selected_20260817_223017_seed_59101\stages\b50\b50_state_dataset.csv,113,range_016951-017150,16951,17150
B50_original,D:\hpc_project\tdc_unified_core\results\b59_1a_global_physical_order\b51_global_physical_order\B51_hpc_selected_20260817_223017_seed_59101\stages\b50\b50_state_dataset.csv,114,range_017101-017300,17101,17300
B50_original,D:\hpc_project\tdc_unified_core\results\b59_1a_global_physical_order\b51_global_physical_order\B51_hpc_selected_20260817_223017_seed_59101\stages\b50\b50_state_dataset.csv,115,range_017251-017450,17251,17450
B50_original,D:\hpc_project\tdc_unified_core\results\b59_1a_global_physical_order\b51_global_physical_order\B51_hpc_selected_20260817_223017_seed_59101\stages\b50\b50_state_dataset.csv,116,range_017401-017600,17401,17600
B50_original,D:\hpc_project\tdc_unified_core\results\b59_1a_global_physical_order\b51_global_physical_order\B51_hpc_selected_20260817_223017_seed_59101\stages\b50\b50_state_dataset.csv,117,range_017551-017750,17551,17750
B50_original,D:\hpc_project\tdc_unified_core\results\b59_1a_global_physical_order\b51_global_physical_order\B51_hpc_selected_20260817_223017_seed_59101\stages\b50\b50_state_dataset.csv,118,range_017701-017900,17701,17900
B50_original,D:\hpc_project\tdc_unified_core\results\b59_1a_global_physical_order\b51_global_physical_order\B51_hpc_selected_20260817_223017_seed_59101\stages\b50\b50_state_dataset.csv,119,range_017851-018050,17851,18050
B50_original,D:\hpc_project\tdc_unified_core\results\b59_1a_global_physical_order\b51_global_physical_order\B51_hpc_selected_20260817_223017_seed_59101\stages\b50\b50_state_dataset.csv,120,range_018001-018200,18001,18200
B50_original,D:\hpc_project\tdc_unified_core\results\b59_1a_global_physical_order\b51_global_physical_order\B51_hpc_selected_20260817_223017_seed_59101\stages\b50\b50_state_dataset.csv,121,range_018151-018350,18151,18350
B50_original,D:\hpc_project\tdc_unified_core\results\b59_1a_global_physical_order\b51_global_physical_order\B51_hpc_selected_20260817_223017_seed_59101\stages\b50\b50_state_dataset.csv,122,range_018301-018500,18301,18500
B50_original,D:\hpc_project\tdc_unified_core\results\b59_1a_global_physical_order\b51_global_physical_order\B51_hpc_selected_20260817_223017_seed_59101\stages\b50\b50_state_dataset.csv,123,range_018451-018650,18451,18650
B50_original,D:\hpc_project\tdc_unified_core\results\b59_1a_global_physical_order\b51_global_physical_order\B51_hpc_selected_20260817_223017_seed_59101\stages\b50\b50_state_dataset.csv,124,range_018601-018800,18601,18800
B50_original,D:\hpc_project\tdc_unified_core\results\b59_1a_global_physical_order\b51_global_physical_order\B51_hpc_selected_20260817_223017_seed_59101\stages\b50\b50_state_dataset.csv,125,range_018751-018950,18751,18950
B50_original,D:\hpc_project\tdc_unified_core\results\b59_1a_global_physical_order\b51_global_physical_order\B51_hpc_selected_20260817_223017_seed_59101\stages\b50\b50_state_dataset.csv,126,range_018901-019100,18901,19100
B50_original,D:\hpc_project\tdc_unified_core\results\b59_1a_global_physical_order\b51_global_physical_order\B51_hpc_selected_20260817_223017_seed_59101\stages\b50\b50_state_dataset.csv,127,range_019051-019250,19051,19250
B50_original,D:\hpc_project\tdc_unified_core\results\b59_1a_global_physical_order\b51_global_physical_order\B51_hpc_selected_20260817_223017_seed_59101\stages\b50\b50_state_dataset.csv,128,range_019201-019400,19201,19400
B50_original,D:\hpc_project\tdc_unified_core\results\b59_1a_global_physical_order\b51_global_physical_order\B51_hpc_selected_20260817_223017_seed_59101\stages\b50\b50_state_dataset.csv,129,range_019351-019550,19351,19550
B50_original,D:\hpc_project\tdc_unified_core\results\b59_1a_global_physical_order\b51_global_physical_order\B51_hpc_selected_20260817_223017_seed_59101\stages\b50\b50_state_dataset.csv,130,range_019501-019700,19501,19700
B50_original,D:\hpc_project\tdc_unified_core\results\b59_1a_global_physical_order\b51_global_physical_order\B51_hpc_selected_20260817_223017_seed_59101\stages\b50\b50_state_dataset.csv,131,range_019651-019850,19651,19850
B50_original,D:\hpc_project\tdc_unified_core\results\b59_1a_global_physical_order\b51_global_physical_order\B51_hpc_selected_20260817_223017_seed_59101\stages\b50\b50_state_dataset.csv,132,range_019801-020000,19801,20000
B50_original,D:\hpc_project\tdc_unified_core\results\b59_1a_global_physical_order\b51_global_physical_order\B51_hpc_selected_20260817_223017_seed_59101\stages\b50\b50_state_dataset.csv,133,range_019951-020150,19951,20150
B50_original,D:\hpc_project\tdc_unified_core\results\b59_1a_global_physical_order\b51_global_physical_order\B51_hpc_selected_20260817_223017_seed_59101\stages\b50\b50_state_dataset.csv,134,range_020101-020300,20101,20300
B50_original,D:\hpc_project\tdc_unified_core\results\b59_1a_global_physical_order\b51_global_physical_order\B51_hpc_selected_20260817_223017_seed_59101\stages\b50\b50_state_dataset.csv,135,range_020251-020450,20251,20450
B50_original,D:\hpc_project\tdc_unified_core\results\b59_1a_global_physical_order\b51_global_physical_order\B51_hpc_selected_20260817_223017_seed_59101\stages\b50\b50_state_dataset.csv,136,range_020401-020600,20401,20600
B50_original,D:\hpc_project\tdc_unified_core\results\b59_1a_global_physical_order\b51_global_physical_order\B51_hpc_selected_20260817_223017_seed_59101\stages\b50\b50_state_dataset.csv,137,range_020551-020750,20551,20750
B50_original,D:\hpc_project\tdc_unified_core\results\b59_1a_global_physical_order\b51_global_physical_order\B51_hpc_selected_20260817_223017_seed_59101\stages\b50\b50_state_dataset.csv,138,range_020701-020900,20701,20900
B50_original,D:\hpc_project\tdc_unified_core\results\b59_1a_global_physical_order\b51_global_physical_order\B51_hpc_selected_20260817_223017_seed_59101\stages\b50\b50_state_dataset.csv,139,range_020851-021050,20851,21050
B50_original,D:\hpc_project\tdc_unified_core\results\b59_1a_global_physical_order\b51_global_physical_order\B51_hpc_selected_20260817_223017_seed_59101\stages\b50\b50_state_dataset.csv,140,range_021001-021200,21001,21200
B50_original,D:\hpc_project\tdc_unified_core\results\b59_1a_global_physical_order\b51_global_physical_order\B51_hpc_selected_20260817_223017_seed_59101\stages\b50\b50_state_dataset.csv,141,range_021151-021350,21151,21350
B50_original,D:\hpc_project\tdc_unified_core\results\b59_1a_global_physical_order\b51_global_physical_order\B51_hpc_selected_20260817_223017_seed_59101\stages\b50\b50_state_dataset.csv,142,range_021301-021500,21301,21500
B50_original,D:\hpc_project\tdc_unified_core\results\b59_1a_global_physical_order\b51_global_physical_order\B51_hpc_selected_20260817_223017_seed_59101\stages\b50\b50_state_dataset.csv,143,range_021451-021650,21451,21650
B50_original,D:\hpc_project\tdc_unified_core\results\b59_1a_global_physical_order\b51_global_physical_order\B51_hpc_selected_20260817_223017_seed_59101\stages\b50\b50_state_dataset.csv,144,range_021601-021800,21601,21800
B50_original,D:\hpc_project\tdc_unified_core\results\b59_1a_global_physical_order\b51_global_physical_order\B51_hpc_selected_20260817_223017_seed_59101\stages\b50\b50_state_dataset.csv,145,range_021751-021950,21751,21950
B50_original,D:\hpc_project\tdc_unified_core\results\b59_1a_global_physical_order\b51_global_physical_order\B51_hpc_selected_20260817_223017_seed_59101\stages\b50\b50_state_dataset.csv,146,range_021901-022100,21901,22100
B50_original,D:\hpc_project\tdc_unified_core\results\b59_1a_global_physical_order\b51_global_physical_order\B51_hpc_selected_20260817_223017_seed_59101\stages\b50\b50_state_dataset.csv,147,range_022051-022250,22051,22250
B50_original,D:\hpc_project\tdc_unified_core\results\b59_1a_global_physical_order\b51_global_physical_order\B51_hpc_selected_20260817_223017_seed_59101\stages\b50\b50_state_dataset.csv,148,range_022201-022400,22201,22400
B50_original,D:\hpc_project\tdc_unified_core\results\b59_1a_global_physical_order\b51_global_physical_order\B51_hpc_selected_20260817_223017_seed_59101\stages\b50\b50_state_dataset.csv,149,range_022351-022550,22351,22550
B50_original,D:\hpc_project\tdc_unified_core\results\b59_1a_global_physical_order\b51_global_physical_order\B51_hpc_selected_20260817_223017_seed_59101\stages\b50\b50_state_dataset.csv,150,range_022501-022700,22501,22700
B50_original,D:\hpc_project\tdc_unified_core\results\b59_1a_global_physical_order\b51_global_physical_order\B51_hpc_selected_20260817_223017_seed_59101\stages\b50\b50_state_dataset.csv,151,range_022651-022850,22651,22850
B50_original,D:\hpc_project\tdc_unified_core\results\b59_1a_global_physical_order\b51_global_physical_order\B51_hpc_selected_20260817_223017_seed_59101\stages\b50\b50_state_dataset.csv,152,range_022801-023000,22801,23000
B50_original,D:\hpc_project\tdc_unified_core\results\b59_1a_global_physical_order\b51_global_physical_order\B51_hpc_selected_20260817_223017_seed_59101\stages\b50\b50_state_dataset.csv,153,range_022951-023150,22951,23150
B50_original,D:\hpc_project\tdc_unified_core\results\b59_1a_global_physical_order\b51_global_physical_order\B51_hpc_selected_20260817_223017_seed_59101\stages\b50\b50_state_dataset.csv,154,range_023101-023300,23101,23300
B50_original,D:\hpc_project\tdc_unified_core\results\b59_1a_global_physical_order\b51_global_physical_order\B51_hpc_selected_20260817_223017_seed_59101\stages\b50\b50_state_dataset.csv,155,range_023251-023450,23251,23450
B50_original,D:\hpc_project\tdc_unified_core\results\b59_1a_global_physical_order\b51_global_physical_order\B51_hpc_selected_20260817_223017_seed_59101\stages\b50\b50_state_dataset.csv,156,range_023401-023600,23401,23600
B50_original,D:\hpc_project\tdc_unified_core\results\b59_1a_global_physical_order\b51_global_physical_order\B51_hpc_selected_20260817_223017_seed_59101\stages\b50\b50_state_dataset.csv,157,range_023551-023750,23551,23750
B50_original,D:\hpc_project\tdc_unified_core\results\b59_1a_global_physical_order\b51_global_physical_order\B51_hpc_selected_20260817_223017_seed_59101\stages\b50\b50_state_dataset.csv,158,range_023701-023900,23701,23900
B50_original,D:\hpc_project\tdc_unified_core\results\b59_1a_global_physical_order\b51_global_physical_order\B51_hpc_selected_20260817_223017_seed_59101\stages\b50\b50_state_dataset.csv,159,range_023851-024050,23851,24050
B50_original,D:\hpc_project\tdc_unified_core\results\b59_1a_global_physical_order\b51_global_physical_order\B51_hpc_selected_20260817_223017_seed_59101\stages\b50\b50_state_dataset.csv,160,range_024001-024200,24001,24200
B50_original,D:\hpc_project\tdc_unified_core\results\b59_1a_global_physical_order\b51_global_physical_order\B51_hpc_selected_20260817_223017_seed_59101\stages\b50\b50_state_dataset.csv,161,range_024151-024350,24151,24350
B50_original,D:\hpc_project\tdc_unified_core\results\b59_1a_global_physical_order\b51_global_physical_order\B51_hpc_selected_20260817_223017_seed_59101\stages\b50\b50_state_dataset.csv,162,range_024301-024500,24301,24500
B50_original,D:\hpc_project\tdc_unified_core\results\b59_1a_global_physical_order\b51_global_physical_order\B51_hpc_selected_20260817_223017_seed_59101\stages\b50\b50_state_dataset.csv,163,range_024451-024650,24451,24650
B50_original,D:\hpc_project\tdc_unified_core\results\b59_1a_global_physical_order\b51_global_physical_order\B51_hpc_selected_20260817_223017_seed_59101\stages\b50\b50_state_dataset.csv,164,range_024601-024800,24601,24800
B50_original,D:\hpc_project\tdc_unified_core\results\b59_1a_global_physical_order\b51_global_physical_order\B51_hpc_selected_20260817_223017_seed_59101\stages\b50\b50_state_dataset.csv,165,range_024751-024950,24751,24950
B50_original,D:\hpc_project\tdc_unified_core\results\b59_1a_global_physical_order\b51_global_physical_order\B51_hpc_selected_20260817_223017_seed_59101\stages\b50\b50_state_dataset.csv,166,range_024901-025100,24901,25100
B50_original,D:\hpc_project\tdc_unified_core\results\b59_1a_global_physical_order\b51_global_physical_order\B51_hpc_selected_20260817_223017_seed_59101\stages\b50\b50_state_dataset.csv,167,range_025051-025250,25051,25250
B50_original,D:\hpc_project\tdc_unified_core\results\b59_1a_global_physical_order\b51_global_physical_order\B51_hpc_selected_20260817_223017_seed_59101\stages\b50\b50_state_dataset.csv,168,range_025201-025400,25201,25400
B50_original,D:\hpc_project\tdc_unified_core\results\b59_1a_global_physical_order\b51_global_physical_order\B51_hpc_selected_20260817_223017_seed_59101\stages\b50\b50_state_dataset.csv,169,range_025351-025550,25351,25550
B50_original,D:\hpc_project\tdc_unified_core\results\b59_1a_global_physical_order\b51_global_physical_order\B51_hpc_selected_20260817_223017_seed_59101\stages\b50\b50_state_dataset.csv,170,range_025501-025700,25501,25700
B50_original,D:\hpc_project\tdc_unified_core\results\b59_1a_global_physical_order\b51_global_physical_order\B51_hpc_selected_20260817_223017_seed_59101\stages\b50\b50_state_dataset.csv,171,range_025651-025850,25651,25850
B50_original,D:\hpc_project\tdc_unified_core\results\b59_1a_global_physical_order\b51_global_physical_order\B51_hpc_selected_20260817_223017_seed_59101\stages\b50\b50_state_dataset.csv,172,range_025801-026000,25801,26000
B50_original,D:\hpc_project\tdc_unified_core\results\b59_1a_global_physical_order\b51_global_physical_order\B51_hpc_selected_20260817_223017_seed_59101\stages\b50\b50_state_dataset.csv,173,range_025951-026150,25951,26150
B50_original,D:\hpc_project\tdc_unified_core\results\b59_1a_global_physical_order\b51_global_physical_order\B51_hpc_selected_20260817_223017_seed_59101\stages\b50\b50_state_dataset.csv,174,range_026101-026300,26101,26300
B50_original,D:\hpc_project\tdc_unified_core\results\b59_1a_global_physical_order\b51_global_physical_order\B51_hpc_selected_20260817_223017_seed_59101\stages\b50\b50_state_dataset.csv,175,range_026251-026450,26251,26450
B50_original,D:\hpc_project\tdc_unified_core\results\b59_1a_global_physical_order\b51_global_physical_order\B51_hpc_selected_20260817_223017_seed_59101\stages\b50\b50_state_dataset.csv,176,range_026401-026600,26401,26600
B50_original,D:\hpc_project\tdc_unified_core\results\b59_1a_global_physical_order\b51_global_physical_order\B51_hpc_selected_20260817_223017_seed_59101\stages\b50\b50_state_dataset.csv,177,range_026551-026750,26551,26750
B50_original,D:\hpc_project\tdc_unified_core\results\b59_1a_global_physical_order\b51_global_physical_order\B51_hpc_selected_20260817_223017_seed_59101\stages\b50\b50_state_dataset.csv,178,range_026701-026900,26701,26900
B50_original,D:\hpc_project\tdc_unified_core\results\b59_1a_global_physical_order\b51_global_physical_order\B51_hpc_selected_20260817_223017_seed_59101\stages\b50\b50_state_dataset.csv,179,range_026851-027050,26851,27050
B50_original,D:\hpc_project\tdc_unified_core\results\b59_1a_global_physical_order\b51_global_physical_order\B51_hpc_selected_20260817_223017_seed_59101\stages\b50\b50_state_dataset.csv,180,range_027001-027200,27001,27200
B50_original,D:\hpc_project\tdc_unified_core\results\b59_1a_global_physical_order\b51_global_physical_order\B51_hpc_selected_20260817_223017_seed_59101\stages\b50\b50_state_dataset.csv,181,range_027151-027350,27151,27350
B50_original,D:\hpc_project\tdc_unified_core\results\b59_1a_global_physical_order\b51_global_physical_order\B51_hpc_selected_20260817_223017_seed_59101\stages\b50\b50_state_dataset.csv,182,range_027301-027500,27301,27500
B50_original,D:\hpc_project\tdc_unified_core\results\b59_1a_global_physical_order\b51_global_physical_order\B51_hpc_selected_20260817_223017_seed_59101\stages\b50\b50_state_dataset.csv,183,range_027451-027650,27451,27650
B50_original,D:\hpc_project\tdc_unified_core\results\b59_1a_global_physical_order\b51_global_physical_order\B51_hpc_selected_20260817_223017_seed_59101\stages\b50\b50_state_dataset.csv,184,range_027601-027800,27601,27800
B50_original,D:\hpc_project\tdc_unified_core\results\b59_1a_global_physical_order\b51_global_physical_order\B51_hpc_selected_20260817_223017_seed_59101\stages\b50\b50_state_dataset.csv,185,range_027751-027950,27751,27950
B50_original,D:\hpc_project\tdc_unified_core\results\b59_1a_global_physical_order\b51_global_physical_order\B51_hpc_selected_20260817_223017_seed_59101\stages\b50\b50_state_dataset.csv,186,range_027901-028100,27901,28100
B50_original,D:\hpc_project\tdc_unified_core\results\b59_1a_global_physical_order\b51_global_physical_order\B51_hpc_selected_20260817_223017_seed_59101\stages\b50\b50_state_dataset.csv,187,range_028051-028250,28051,28250
B50_original,D:\hpc_project\tdc_unified_core\results\b59_1a_global_physical_order\b51_global_physical_order\B51_hpc_selected_20260817_223017_seed_59101\stages\b50\b50_state_dataset.csv,188,range_028201-028400,28201,28400
B50_original,D:\hpc_project\tdc_unified_core\results\b59_1a_global_physical_order\b51_global_physical_order\B51_hpc_selected_20260817_223017_seed_59101\stages\b50\b50_state_dataset.csv,189,range_028351-028550,28351,28550
B50_original,D:\hpc_project\tdc_unified_core\results\b59_1a_global_physical_order\b51_global_physical_order\B51_hpc_selected_20260817_223017_seed_59101\stages\b50\b50_state_dataset.csv,190,range_028501-028700,28501,28700
B50_original,D:\hpc_project\tdc_unified_core\results\b59_1a_global_physical_order\b51_global_physical_order\B51_hpc_selected_20260817_223017_seed_59101\stages\b50\b50_state_dataset.csv,191,range_028651-028850,28651,28850
B50_original,D:\hpc_project\tdc_unified_core\results\b59_1a_global_physical_order\b51_global_physical_order\B51_hpc_selected_20260817_223017_seed_59101\stages\b50\b50_state_dataset.csv,192,range_028801-029000,28801,29000
B50_original,D:\hpc_project\tdc_unified_core\results\b59_1a_global_physical_order\b51_global_physical_order\B51_hpc_selected_20260817_223017_seed_59101\stages\b50\b50_state_dataset.csv,193,range_028951-029150,28951,29150
B50_original,D:\hpc_project\tdc_unified_core\results\b59_1a_global_physical_order\b51_global_physical_order\B51_hpc_selected_20260817_223017_seed_59101\stages\b50\b50_state_dataset.csv,194,range_029101-029300,29101,29300
B50_original,D:\hpc_project\tdc_unified_core\results\b59_1a_global_physical_order\b51_global_physical_order\B51_hpc_selected_20260817_223017_seed_59101\stages\b50\b50_state_dataset.csv,195,range_029251-029450,29251,29450
B50_original,D:\hpc_project\tdc_unified_core\results\b59_1a_global_physical_order\b51_global_physical_order\B51_hpc_selected_20260817_223017_seed_59101\stages\b50\b50_state_dataset.csv,196,range_029401-029600,29401,29600
B50_original,D:\hpc_project\tdc_unified_core\results\b59_1a_global_physical_order\b51_global_physical_order\B51_hpc_selected_20260817_223017_seed_59101\stages\b50\b50_state_dataset.csv,197,range_029551-029750,29551,29750
B50_original,D:\hpc_project\tdc_unified_core\results\b59_1a_global_physical_order\b51_global_physical_order\B51_hpc_selected_20260817_223017_seed_59101\stages\b50\b50_state_dataset.csv,198,range_029701-029900,29701,29900
B50_original,D:\hpc_project\tdc_unified_core\results\b59_1a_global_physical_order\b51_global_physical_order\B51_hpc_selected_20260817_223017_seed_59101\stages\b50\b50_state_dataset.csv,199,range_029851-030050,29851,30050
B50_original,D:\hpc_project\tdc_unified_core\results\b59_1a_global_physical_order\b51_global_physical_order\B51_hpc_selected_20260817_223017_seed_59101\stages\b50\b50_state_dataset.csv,200,range_030001-030200,30001,30200
B50_original,D:\hpc_project\tdc_unified_core\results\b59_1a_global_physical_order\b51_global_physical_order\B51_hpc_selected_20260817_223017_seed_59101\stages\b50\b50_state_dataset.csv,201,range_030151-030350,30151,30350
B50_original,D:\hpc_project\tdc_unified_core\results\b59_1a_global_physical_order\b51_global_physical_order\B51_hpc_selected_20260817_223017_seed_59101\stages\b50\b50_state_dataset.csv,202,range_030301-030500,30301,30500
B50_original,D:\hpc_project\tdc_unified_core\results\b59_1a_global_physical_order\b51_global_physical_order\B51_hpc_selected_20260817_223017_seed_59101\stages\b50\b50_state_dataset.csv,203,range_030451-030650,30451,30650
B50_original,D:\hpc_project\tdc_unified_core\results\b59_1a_global_physical_order\b51_global_physical_order\B51_hpc_selected_20260817_223017_seed_59101\stages\b50\b50_state_dataset.csv,204,range_030601-030800,30601,30800
B50_original,D:\hpc_project\tdc_unified_core\results\b59_1a_global_physical_order\b51_global_physical_order\B51_hpc_selected_20260817_223017_seed_59101\stages\b50\b50_state_dataset.csv,205,range_030751-030950,30751,30950
B50_original,D:\hpc_project\tdc_unified_core\results\b59_1a_global_physical_order\b51_global_physical_order\B51_hpc_selected_20260817_223017_seed_59101\stages\b50\b50_state_dataset.csv,206,range_030901-031100,30901,31100
B50_original,D:\hpc_project\tdc_unified_core\results\b59_1a_global_physical_order\b51_global_physical_order\B51_hpc_selected_20260817_223017_seed_59101\stages\b50\b50_state_dataset.csv,207,range_031051-031250,31051,31250
B50_original,D:\hpc_project\tdc_unified_core\results\b59_1a_global_physical_order\b51_global_physical_order\B51_hpc_selected_20260817_223017_seed_59101\stages\b50\b50_state_dataset.csv,208,range_031201-031400,31201,31400
B50_original,D:\hpc_project\tdc_unified_core\results\b59_1a_global_physical_order\b51_global_physical_order\B51_hpc_selected_20260817_223017_seed_59101\stages\b50\b50_state_dataset.csv,209,range_031351-031550,31351,31550
B50_original,D:\hpc_project\tdc_unified_core\results\b59_1a_global_physical_order\b51_global_physical_order\B51_hpc_selected_20260817_223017_seed_59101\stages\b50\b50_state_dataset.csv,210,range_031501-031700,31501,31700
B50_original,D:\hpc_project\tdc_unified_core\results\b59_1a_global_physical_order\b51_global_physical_order\B51_hpc_selected_20260817_223017_seed_59101\stages\b50\b50_state_dataset.csv,211,range_031651-031850,31651,31850
B50_original,D:\hpc_project\tdc_unified_core\results\b59_1a_global_physical_order\b51_global_physical_order\B51_hpc_selected_20260817_223017_seed_59101\stages\b50\b50_state_dataset.csv,212,range_031801-032000,31801,32000
B50_original,D:\hpc_project\tdc_unified_core\results\b59_1a_global_physical_order\b51_global_physical_order\B51_hpc_selected_20260817_223017_seed_59101\stages\b50\b50_state_dataset.csv,213,range_031951-032150,31951,32150
B50_original,D:\hpc_project\tdc_unified_core\results\b59_1a_global_physical_order\b51_global_physical_order\B51_hpc_selected_20260817_223017_seed_59101\stages\b50\b50_state_dataset.csv,214,range_032101-032300,32101,32300
B50_original,D:\hpc_project\tdc_unified_core\results\b59_1a_global_physical_order\b51_global_physical_order\B51_hpc_selected_20260817_223017_seed_59101\stages\b50\b50_state_dataset.csv,215,range_032251-032450,32251,32450
B50_original,D:\hpc_project\tdc_unified_core\results\b59_1a_global_physical_order\b51_global_physical_order\B51_hpc_selected_20260817_223017_seed_59101\stages\b50\b50_state_dataset.csv,216,range_032401-032600,32401,32600
B50_original,D:\hpc_project\tdc_unified_core\results\b59_1a_global_physical_order\b51_global_physical_order\B51_hpc_selected_20260817_223017_seed_59101\stages\b50\b50_state_dataset.csv,217,range_032551-032750,32551,32750
B50_original,D:\hpc_project\tdc_unified_core\results\b59_1a_global_physical_order\b51_global_physical_order\B51_hpc_selected_20260817_223017_seed_59101\stages\b50\b50_state_dataset.csv,218,range_032701-032900,32701,32900
B50_original,D:\hpc_project\tdc_unified_core\results\b59_1a_global_physical_order\b51_global_physical_order\B51_hpc_selected_20260817_223017_seed_59101\stages\b50\b50_state_dataset.csv,219,range_032851-033050,32851,33050
B50_original,D:\hpc_project\tdc_unified_core\results\b59_1a_global_physical_order\b51_global_physical_order\B51_hpc_selected_20260817_223017_seed_59101\stages\b50\b50_state_dataset.csv,220,range_033001-033200,33001,33200
B50_original,D:\hpc_project\tdc_unified_core\results\b59_1a_global_physical_order\b51_global_physical_order\B51_hpc_selected_20260817_223017_seed_59101\stages\b50\b50_state_dataset.csv,221,range_033151-033350,33151,33350
B50_original,D:\hpc_project\tdc_unified_core\results\b59_1a_global_physical_order\b51_global_physical_order\B51_hpc_selected_20260817_223017_seed_59101\stages\b50\b50_state_dataset.csv,222,range_033301-033500,33301,33500
B50_original,D:\hpc_project\tdc_unified_core\results\b59_1a_global_physical_order\b51_global_physical_order\B51_hpc_selected_20260817_223017_seed_59101\stages\b50\b50_state_dataset.csv,223,range_033451-033650,33451,33650
B50_original,D:\hpc_project\tdc_unified_core\results\b59_1a_global_physical_order\b51_global_physical_order\B51_hpc_selected_20260817_223017_seed_59101\stages\b50\b50_state_dataset.csv,224,range_033601-033800,33601,33800
B50_original,D:\hpc_project\tdc_unified_core\results\b59_1a_global_physical_order\b51_global_physical_order\B51_hpc_selected_20260817_223017_seed_59101\stages\b50\b50_state_dataset.csv,225,range_033751-033950,33751,33950
B50_original,D:\hpc_project\tdc_unified_core\results\b59_1a_global_physical_order\b51_global_physical_order\B51_hpc_selected_20260817_223017_seed_59101\stages\b50\b50_state_dataset.csv,226,range_033901-034100,33901,34100
B50_original,D:\hpc_project\tdc_unified_core\results\b59_1a_global_physical_order\b51_global_physical_order\B51_hpc_selected_20260817_223017_seed_59101\stages\b50\b50_state_dataset.csv,227,range_034051-034250,34051,34250
B50_original,D:\hpc_project\tdc_unified_core\results\b59_1a_global_physical_order\b51_global_physical_order\B51_hpc_selected_20260817_223017_seed_59101\stages\b50\b50_state_dataset.csv,228,range_034201-034400,34201,34400
B50_original,D:\hpc_project\tdc_unified_core\results\b59_1a_global_physical_order\b51_global_physical_order\B51_hpc_selected_20260817_223017_seed_59101\stages\b50\b50_state_dataset.csv,229,range_034351-034550,34351,34550
B50_original,D:\hpc_project\tdc_unified_core\results\b59_1a_global_physical_order\b51_global_physical_order\B51_hpc_selected_20260817_223017_seed_59101\stages\b50\b50_state_dataset.csv,230,range_034501-034700,34501,34700
B50_original,D:\hpc_project\tdc_unified_core\results\b59_1a_global_physical_order\b51_global_physical_order\B51_hpc_selected_20260817_223017_seed_59101\stages\b50\b50_state_dataset.csv,231,range_034651-034850,34651,34850
B50_original,D:\hpc_project\tdc_unified_core\results\b59_1a_global_physical_order\b51_global_physical_order\B51_hpc_selected_20260817_223017_seed_59101\stages\b50\b50_state_dataset.csv,232,range_034801-035000,34801,35000
B50_original,D:\hpc_project\tdc_unified_core\results\b59_1a_global_physical_order\b51_global_physical_order\B51_hpc_selected_20260817_223017_seed_59101\stages\b50\b50_state_dataset.csv,233,range_034951-035150,34951,35150
B50_original,D:\hpc_project\tdc_unified_core\results\b59_1a_global_physical_order\b51_global_physical_order\B51_hpc_selected_20260817_223017_seed_59101\stages\b50\b50_state_dataset.csv,234,range_035101-035300,35101,35300
B50_original,D:\hpc_project\tdc_unified_core\results\b59_1a_global_physical_order\b51_global_physical_order\B51_hpc_selected_20260817_223017_seed_59101\stages\b50\b50_state_dataset.csv,235,range_035251-035450,35251,35450
B50_original,D:\hpc_project\tdc_unified_core\results\b59_1a_global_physical_order\b51_global_physical_order\B51_hpc_selected_20260817_223017_seed_59101\stages\b50\b50_state_dataset.csv,236,range_035401-035600,35401,35600
B50_original,D:\hpc_project\tdc_unified_core\results\b59_1a_global_physical_order\b51_global_physical_order\B51_hpc_selected_20260817_223017_seed_59101\stages\b50\b50_state_dataset.csv,237,range_035551-035750,35551,35750
B50_original,D:\hpc_project\tdc_unified_core\results\b59_1a_global_physical_order\b51_global_physical_order\B51_hpc_selected_20260817_223017_seed_59101\stages\b50\b50_state_dataset.csv,238,range_035701-035900,35701,35900
B50_original,D:\hpc_project\tdc_unified_core\results\b59_1a_global_physical_order\b51_global_physical_order\B51_hpc_selected_20260817_223017_seed_59101\stages\b50\b50_state_dataset.csv,239,range_035851-036050,35851,36050
B50_original,D:\hpc_project\tdc_unified_core\results\b59_1a_global_physical_order\b51_global_physical_order\B51_hpc_selected_20260817_223017_seed_59101\stages\b50\b50_state_dataset.csv,240,range_036001-036200,36001,36200
B50_original,D:\hpc_project\tdc_unified_core\results\b59_1a_global_physical_order\b51_global_physical_order\B51_hpc_selected_20260817_223017_seed_59101\stages\b50\b50_state_dataset.csv,241,range_036151-036350,36151,36350
B50_original,D:\hpc_project\tdc_unified_core\results\b59_1a_global_physical_order\b51_global_physical_order\B51_hpc_selected_20260817_223017_seed_59101\stages\b50\b50_state_dataset.csv,242,range_036301-036500,36301,36500
B50_original,D:\hpc_project\tdc_unified_core\results\b59_1a_global_physical_order\b51_global_physical_order\B51_hpc_selected_20260817_223017_seed_59101\stages\b50\b50_state_dataset.csv,243,range_036451-036650,36451,36650
B50_original,D:\hpc_project\tdc_unified_core\results\b59_1a_global_physical_order\b51_global_physical_order\B51_hpc_selected_20260817_223017_seed_59101\stages\b50\b50_state_dataset.csv,244,range_036601-036800,36601,36800
B50_original,D:\hpc_project\tdc_unified_core\results\b59_1a_global_physical_order\b51_global_physical_order\B51_hpc_selected_20260817_223017_seed_59101\stages\b50\b50_state_dataset.csv,245,range_036751-036950,36751,36950
B50_original,D:\hpc_project\tdc_unified_core\results\b59_1a_global_physical_order\b51_global_physical_order\B51_hpc_selected_20260817_223017_seed_59101\stages\b50\b50_state_dataset.csv,246,range_036901-037100,36901,37100
B50_original,D:\hpc_project\tdc_unified_core\results\b59_1a_global_physical_order\b51_global_physical_order\B51_hpc_selected_20260817_223017_seed_59101\stages\b50\b50_state_dataset.csv,247,range_037051-037250,37051,37250
B50_original,D:\hpc_project\tdc_unified_core\results\b59_1a_global_physical_order\b51_global_physical_order\B51_hpc_selected_20260817_223017_seed_59101\stages\b50\b50_state_dataset.csv,248,range_037201-037400,37201,37400
B50_original,D:\hpc_project\tdc_unified_core\results\b59_1a_global_physical_order\b51_global_physical_order\B51_hpc_selected_20260817_223017_seed_59101\stages\b50\b50_state_dataset.csv,249,range_037351-037550,37351,37550
B50_original,D:\hpc_project\tdc_unified_core\results\b59_1a_global_physical_order\b51_global_physical_order\B51_hpc_selected_20260817_223017_seed_59101\stages\b50\b50_state_dataset.csv,250,range_037501-037700,37501,37700
B50_original,D:\hpc_project\tdc_unified_core\results\b59_1a_global_physical_order\b51_global_physical_order\B51_hpc_selected_20260817_223017_seed_59101\stages\b50\b50_state_dataset.csv,251,range_037651-037850,37651,37850
B50_original,D:\hpc_project\tdc_unified_core\results\b59_1a_global_physical_order\b51_global_physical_order\B51_hpc_selected_20260817_223017_seed_59101\stages\b50\b50_state_dataset.csv,252,range_037801-038000,37801,38000
B50_original,D:\hpc_project\tdc_unified_core\results\b59_1a_global_physical_order\b51_global_physical_order\B51_hpc_selected_20260817_223017_seed_59101\stages\b50\b50_state_dataset.csv,253,range_037951-038150,37951,38150
B50_original,D:\hpc_project\tdc_unified_core\results\b59_1a_global_physical_order\b51_global_physical_order\B51_hpc_selected_20260817_223017_seed_59101\stages\b50\b50_state_dataset.csv,254,range_038101-038300,38101,38300
B50_original,D:\hpc_project\tdc_unified_core\results\b59_1a_global_physical_order\b51_global_physical_order\B51_hpc_selected_20260817_223017_seed_59101\stages\b50\b50_state_dataset.csv,255,range_038251-038450,38251,38450
B50_original,D:\hpc_project\tdc_unified_core\results\b59_1a_global_physical_order\b51_global_physical_order\B51_hpc_selected_20260817_223017_seed_59101\stages\b50\b50_state_dataset.csv,256,range_038401-038600,38401,38600
B50_original,D:\hpc_project\tdc_unified_core\results\b59_1a_global_physical_order\b51_global_physical_order\B51_hpc_selected_20260817_223017_seed_59101\stages\b50\b50_state_dataset.csv,257,range_038551-038750,38551,38750
B50_original,D:\hpc_project\tdc_unified_core\results\b59_1a_global_physical_order\b51_global_physical_order\B51_hpc_selected_20260817_223017_seed_59101\stages\b50\b50_state_dataset.csv,258,range_038701-038900,38701,38900
B50_original,D:\hpc_project\tdc_unified_core\results\b59_1a_global_physical_order\b51_global_physical_order\B51_hpc_selected_20260817_223017_seed_59101\stages\b50\b50_state_dataset.csv,259,range_038851-039050,38851,39050
B50_original,D:\hpc_project\tdc_unified_core\results\b59_1a_global_physical_order\b51_global_physical_order\B51_hpc_selected_20260817_223017_seed_59101\stages\b50\b50_state_dataset.csv,260,range_039001-039200,39001,39200
B50_original,D:\hpc_project\tdc_unified_core\results\b59_1a_global_physical_order\b51_global_physical_order\B51_hpc_selected_20260817_223017_seed_59101\stages\b50\b50_state_dataset.csv,261,range_039151-039350,39151,39350
B50_original,D:\hpc_project\tdc_unified_core\results\b59_1a_global_physical_order\b51_global_physical_order\B51_hpc_selected_20260817_223017_seed_59101\stages\b50\b50_state_dataset.csv,262,range_039301-039500,39301,39500
B50_original,D:\hpc_project\tdc_unified_core\results\b59_1a_global_physical_order\b51_global_physical_order\B51_hpc_selected_20260817_223017_seed_59101\stages\b50\b50_state_dataset.csv,263,range_039451-039650,39451,39650
B50_original,D:\hpc_project\tdc_unified_core\results\b59_1a_global_physical_order\b51_global_physical_order\B51_hpc_selected_20260817_223017_seed_59101\stages\b50\b50_state_dataset.csv,264,range_039601-039800,39601,39800
B50_original,D:\hpc_project\tdc_unified_core\results\b59_1a_global_physical_order\b51_global_physical_order\B51_hpc_selected_20260817_223017_seed_59101\stages\b50\b50_state_dataset.csv,265,range_039751-039950,39751,39950
B50_original,D:\hpc_project\tdc_unified_core\results\b59_1a_global_physical_order\b51_global_physical_order\B51_hpc_selected_20260817_223017_seed_59101\stages\b50\b50_state_dataset.csv,266,range_039901-040100,39901,40100
B50_original,D:\hpc_project\tdc_unified_core\results\b59_1a_global_physical_order\b51_global_physical_order\B51_hpc_selected_20260817_223017_seed_59101\stages\b50\b50_state_dataset.csv,267,range_040051-040250,40051,40250
B50_original,D:\hpc_project\tdc_unified_core\results\b59_1a_global_physical_order\b51_global_physical_order\B51_hpc_selected_20260817_223017_seed_59101\stages\b50\b50_state_dataset.csv,268,range_040201-040400,40201,40400
B50_original,D:\hpc_project\tdc_unified_core\results\b59_1a_global_physical_order\b51_global_physical_order\B51_hpc_selected_20260817_223017_seed_59101\stages\b50\b50_state_dataset.csv,269,range_040351-040550,40351,40550
B50_original,D:\hpc_project\tdc_unified_core\results\b59_1a_global_physical_order\b51_global_physical_order\B51_hpc_selected_20260817_223017_seed_59101\stages\b50\b50_state_dataset.csv,270,range_040501-040700,40501,40700
B50_original,D:\hpc_project\tdc_unified_core\results\b59_1a_global_physical_order\b51_global_physical_order\B51_hpc_selected_20260817_223017_seed_59101\stages\b50\b50_state_dataset.csv,271,range_040651-040850,40651,40850
B50_original,D:\hpc_project\tdc_unified_core\results\b59_1a_global_physical_order\b51_global_physical_order\B51_hpc_selected_20260817_223017_seed_59101\stages\b50\b50_state_dataset.csv,272,range_040801-041000,40801,41000
B50_original,D:\hpc_project\tdc_unified_core\results\b59_1a_global_physical_order\b51_global_physical_order\B51_hpc_selected_20260817_223017_seed_59101\stages\b50\b50_state_dataset.csv,273,range_040951-041150,40951,41150
B50_original,D:\hpc_project\tdc_unified_core\results\b59_1a_global_physical_order\b51_global_physical_order\B51_hpc_selected_20260817_223017_seed_59101\stages\b50\b50_state_dataset.csv,274,range_041101-041300,41101,41300
B50_original,D:\hpc_project\tdc_unified_core\results\b59_1a_global_physical_order\b51_global_physical_order\B51_hpc_selected_20260817_223017_seed_59101\stages\b50\b50_state_dataset.csv,275,range_041251-041450,41251,41450
B50_original,D:\hpc_project\tdc_unified_core\results\b59_1a_global_physical_order\b51_global_physical_order\B51_hpc_selected_20260817_223017_seed_59101\stages\b50\b50_state_dataset.csv,276,range_041401-041600,41401,41600
B50_original,D:\hpc_project\tdc_unified_core\results\b59_1a_global_physical_order\b51_global_physical_order\B51_hpc_selected_20260817_223017_seed_59101\stages\b50\b50_state_dataset.csv,277,range_041551-041750,41551,41750
B50_original,D:\hpc_project\tdc_unified_core\results\b59_1a_global_physical_order\b51_global_physical_order\B51_hpc_selected_20260817_223017_seed_59101\stages\b50\b50_state_dataset.csv,278,range_041701-041900,41701,41900
B50_original,D:\hpc_project\tdc_unified_core\results\b59_1a_global_physical_order\b51_global_physical_order\B51_hpc_selected_20260817_223017_seed_59101\stages\b50\b50_state_dataset.csv,279,range_041851-042050,41851,42050
B50_original,D:\hpc_project\tdc_unified_core\results\b59_1a_global_physical_order\b51_global_physical_order\B51_hpc_selected_20260817_223017_seed_59101\stages\b50\b50_state_dataset.csv,280,range_042001-042200,42001,42200
B50_original,D:\hpc_project\tdc_unified_core\results\b59_1a_global_physical_order\b51_global_physical_order\B51_hpc_selected_20260817_223017_seed_59101\stages\b50\b50_state_dataset.csv,281,range_042151-042350,42151,42350
B50_original,D:\hpc_project\tdc_unified_core\results\b59_1a_global_physical_order\b51_global_physical_order\B51_hpc_selected_20260817_223017_seed_59101\stages\b50\b50_state_dataset.csv,282,range_042301-042500,42301,42500
B50_original,D:\hpc_project\tdc_unified_core\results\b59_1a_global_physical_order\b51_global_physical_order\B51_hpc_selected_20260817_223017_seed_59101\stages\b50\b50_state_dataset.csv,283,range_042451-042650,42451,42650
B50_original,D:\hpc_project\tdc_unified_core\results\b59_1a_global_physical_order\b51_global_physical_order\B51_hpc_selected_20260817_223017_seed_59101\stages\b50\b50_state_dataset.csv,284,range_042601-042800,42601,42800
B50_original,D:\hpc_project\tdc_unified_core\results\b59_1a_global_physical_order\b51_global_physical_order\B51_hpc_selected_20260817_223017_seed_59101\stages\b50\b50_state_dataset.csv,285,range_042751-042950,42751,42950
B50_original,D:\hpc_project\tdc_unified_core\results\b59_1a_global_physical_order\b51_global_physical_order\B51_hpc_selected_20260817_223017_seed_59101\stages\b50\b50_state_dataset.csv,286,range_042901-043100,42901,43100
B50_original,D:\hpc_project\tdc_unified_core\results\b59_1a_global_physical_order\b51_global_physical_order\B51_hpc_selected_20260817_223017_seed_59101\stages\b50\b50_state_dataset.csv,287,range_043051-043250,43051,43250
B50_original,D:\hpc_project\tdc_unified_core\results\b59_1a_global_physical_order\b51_global_physical_order\B51_hpc_selected_20260817_223017_seed_59101\stages\b50\b50_state_dataset.csv,288,range_043201-043400,43201,43400
B50_original,D:\hpc_project\tdc_unified_core\results\b59_1a_global_physical_order\b51_global_physical_order\B51_hpc_selected_20260817_223017_seed_59101\stages\b50\b50_state_dataset.csv,289,range_043351-043550,43351,43550
B50_original,D:\hpc_project\tdc_unified_core\results\b59_1a_global_physical_order\b51_global_physical_order\B51_hpc_selected_20260817_223017_seed_59101\stages\b50\b50_state_dataset.csv,290,range_043501-043700,43501,43700
B50_original,D:\hpc_project\tdc_unified_core\results\b59_1a_global_physical_order\b51_global_physical_order\B51_hpc_selected_20260817_223017_seed_59101\stages\b50\b50_state_dataset.csv,291,range_043651-043850,43651,43850
B50_original,D:\hpc_project\tdc_unified_core\results\b59_1a_global_physical_order\b51_global_physical_order\B51_hpc_selected_20260817_223017_seed_59101\stages\b50\b50_state_dataset.csv,292,range_043801-044000,43801,44000
B50_original,D:\hpc_project\tdc_unified_core\results\b59_1a_global_physical_order\b51_global_physical_order\B51_hpc_selected_20260817_223017_seed_59101\stages\b50\b50_state_dataset.csv,293,range_043951-044150,43951,44150
B50_original,D:\hpc_project\tdc_unified_core\results\b59_1a_global_physical_order\b51_global_physical_order\B51_hpc_selected_20260817_223017_seed_59101\stages\b50\b50_state_dataset.csv,294,range_044101-044300,44101,44300
B50_original,D:\hpc_project\tdc_unified_core\results\b59_1a_global_physical_order\b51_global_physical_order\B51_hpc_selected_20260817_223017_seed_59101\stages\b50\b50_state_dataset.csv,295,range_044251-044450,44251,44450
B50_original,D:\hpc_project\tdc_unified_core\results\b59_1a_global_physical_order\b51_global_physical_order\B51_hpc_selected_20260817_223017_seed_59101\stages\b50\b50_state_dataset.csv,296,range_044401-044600,44401,44600
B50_original,D:\hpc_project\tdc_unified_core\results\b59_1a_global_physical_order\b51_global_physical_order\B51_hpc_selected_20260817_223017_seed_59101\stages\b50\b50_state_dataset.csv,297,range_044551-044750,44551,44750
B50_original,D:\hpc_project\tdc_unified_core\results\b59_1a_global_physical_order\b51_global_physical_order\B51_hpc_selected_20260817_223017_seed_59101\stages\b50\b50_state_dataset.csv,298,range_044701-044900,44701,44900
B50_original,D:\hpc_project\tdc_unified_core\results\b59_1a_global_physical_order\b51_global_physical_order\B51_hpc_selected_20260817_223017_seed_59101\stages\b50\b50_state_dataset.csv,299,range_044851-045050,44851,45050
B50_original,D:\hpc_project\tdc_unified_core\results\b59_1a_global_physical_order\b51_global_physical_order\B51_hpc_selected_20260817_223017_seed_59101\stages\b50\b50_state_dataset.csv,300,range_045001-045200,45001,45200
B50_original,D:\hpc_project\tdc_unified_core\results\b59_1a_global_physical_order\b51_global_physical_order\B51_hpc_selected_20260817_223017_seed_59101\stages\b50\b50_state_dataset.csv,301,range_045151-045350,45151,45350
B50_original,D:\hpc_project\tdc_unified_core\results\b59_1a_global_physical_order\b51_global_physical_order\B51_hpc_selected_20260817_223017_seed_59101\stages\b50\b50_state_dataset.csv,302,range_045301-045500,45301,45500
B50_original,D:\hpc_project\tdc_unified_core\results\b59_1a_global_physical_order\b51_global_physical_order\B51_hpc_selected_20260817_223017_seed_59101\stages\b50\b50_state_dataset.csv,303,range_045451-045650,45451,45650
B50_original,D:\hpc_project\tdc_unified_core\results\b59_1a_global_physical_order\b51_global_physical_order\B51_hpc_selected_20260817_223017_seed_59101\stages\b50\b50_state_dataset.csv,304,range_045601-045800,45601,45800
B50_original,D:\hpc_project\tdc_unified_core\results\b59_1a_global_physical_order\b51_global_physical_order\B51_hpc_selected_20260817_223017_seed_59101\stages\b50\b50_state_dataset.csv,305,range_045751-045950,45751,45950
B50_original,D:\hpc_project\tdc_unified_core\results\b59_1a_global_physical_order\b51_global_physical_order\B51_hpc_selected_20260817_223017_seed_59101\stages\b50\b50_state_dataset.csv,306,range_045901-046100,45901,46100
B50_original,D:\hpc_project\tdc_unified_core\results\b59_1a_global_physical_order\b51_global_physical_order\B51_hpc_selected_20260817_223017_seed_59101\stages\b50\b50_state_dataset.csv,307,range_046051-046250,46051,46250
B50_original,D:\hpc_project\tdc_unified_core\results\b59_1a_global_physical_order\b51_global_physical_order\B51_hpc_selected_20260817_223017_seed_59101\stages\b50\b50_state_dataset.csv,308,range_046201-046400,46201,46400
B50_original,D:\hpc_project\tdc_unified_core\results\b59_1a_global_physical_order\b51_global_physical_order\B51_hpc_selected_20260817_223017_seed_59101\stages\b50\b50_state_dataset.csv,309,range_046351-046550,46351,46550
B50_original,D:\hpc_project\tdc_unified_core\results\b59_1a_global_physical_order\b51_global_physical_order\B51_hpc_selected_20260817_223017_seed_59101\stages\b50\b50_state_dataset.csv,310,range_046501-046700,46501,46700
B50_original,D:\hpc_project\tdc_unified_core\results\b59_1a_global_physical_order\b51_global_physical_order\B51_hpc_selected_20260817_223017_seed_59101\stages\b50\b50_state_dataset.csv,311,range_046651-046850,46651,46850
B50_original,D:\hpc_project\tdc_unified_core\results\b59_1a_global_physical_order\b51_global_physical_order\B51_hpc_selected_20260817_223017_seed_59101\stages\b50\b50_state_dataset.csv,312,range_046801-047000,46801,47000
B50_original,D:\hpc_project\tdc_unified_core\results\b59_1a_global_physical_order\b51_global_physical_order\B51_hpc_selected_20260817_223017_seed_59101\stages\b50\b50_state_dataset.csv,313,range_046951-047150,46951,47150
B50_original,D:\hpc_project\tdc_unified_core\results\b59_1a_global_physical_order\b51_global_physical_order\B51_hpc_selected_20260817_223017_seed_59101\stages\b50\b50_state_dataset.csv,314,range_047101-047300,47101,47300
B50_original,D:\hpc_project\tdc_unified_core\results\b59_1a_global_physical_order\b51_global_physical_order\B51_hpc_selected_20260817_223017_seed_59101\stages\b50\b50_state_dataset.csv,315,range_047251-047450,47251,47450
B50_original,D:\hpc_project\tdc_unified_core\results\b59_1a_global_physical_order\b51_global_physical_order\B51_hpc_selected_20260817_223017_seed_59101\stages\b50\b50_state_dataset.csv,316,range_047401-047600,47401,47600
B50_original,D:\hpc_project\tdc_unified_core\results\b59_1a_global_physical_order\b51_global_physical_order\B51_hpc_selected_20260817_223017_seed_59101\stages\b50\b50_state_dataset.csv,317,range_047551-047750,47551,47750
B50_original,D:\hpc_project\tdc_unified_core\results\b59_1a_global_physical_order\b51_global_physical_order\B51_hpc_selected_20260817_223017_seed_59101\stages\b50\b50_state_dataset.csv,318,range_047701-047900,47701,47900
B50_original,D:\hpc_project\tdc_unified_core\results\b59_1a_global_physical_order\b51_global_physical_order\B51_hpc_selected_20260817_223017_seed_59101\stages\b50\b50_state_dataset.csv,319,range_047851-048050,47851,48050
B50_original,D:\hpc_project\tdc_unified_core\results\b59_1a_global_physical_order\b51_global_physical_order\B51_hpc_selected_20260817_223017_seed_59101\stages\b50\b50_state_dataset.csv,320,range_048001-048200,48001,48200
B50_original,D:\hpc_project\tdc_unified_core\results\b59_1a_global_physical_order\b51_global_physical_order\B51_hpc_selected_20260817_223017_seed_59101\stages\b50\b50_state_dataset.csv,321,range_048151-048350,48151,48350
B50_original,D:\hpc_project\tdc_unified_core\results\b59_1a_global_physical_order\b51_global_physical_order\B51_hpc_selected_20260817_223017_seed_59101\stages\b50\b50_state_dataset.csv,322,range_048301-048500,48301,48500
B50_original,D:\hpc_project\tdc_unified_core\results\b59_1a_global_physical_order\b51_global_physical_order\B51_hpc_selected_20260817_223017_seed_59101\stages\b50\b50_state_dataset.csv,323,range_048451-048650,48451,48650
B50_original,D:\hpc_project\tdc_unified_core\results\b59_1a_global_physical_order\b51_global_physical_order\B51_hpc_selected_20260817_223017_seed_59101\stages\b50\b50_state_dataset.csv,324,range_048601-048800,48601,48800
B50_original,D:\hpc_project\tdc_unified_core\results\b59_1a_global_physical_order\b51_global_physical_order\B51_hpc_selected_20260817_223017_seed_59101\stages\b50\b50_state_dataset.csv,325,range_048751-048950,48751,48950
B50_original,D:\hpc_project\tdc_unified_core\results\b59_1a_global_physical_order\b51_global_physical_order\B51_hpc_selected_20260817_223017_seed_59101\stages\b50\b50_state_dataset.csv,326,range_048901-049100,48901,49100
B50_original,D:\hpc_project\tdc_unified_core\results\b59_1a_global_physical_order\b51_global_physical_order\B51_hpc_selected_20260817_223017_seed_59101\stages\b50\b50_state_dataset.csv,327,range_049051-049250,49051,49250
B50_original,D:\hpc_project\tdc_unified_core\results\b59_1a_global_physical_order\b51_global_physical_order\B51_hpc_selected_20260817_223017_seed_59101\stages\b50\b50_state_dataset.csv,328,range_049201-049400,49201,49400
B50_original,D:\hpc_project\tdc_unified_core\results\b59_1a_global_physical_order\b51_global_physical_order\B51_hpc_selected_20260817_223017_seed_59101\stages\b50\b50_state_dataset.csv,329,range_049351-049550,49351,49550
B50_original,D:\hpc_project\tdc_unified_core\results\b59_1a_global_physical_order\b51_global_physical_order\B51_hpc_selected_20260817_223017_seed_59101\stages\b50\b50_state_dataset.csv,330,range_049501-049700,49501,49700
B50_original,D:\hpc_project\tdc_unified_core\results\b59_1a_global_physical_order\b51_global_physical_order\B51_hpc_selected_20260817_223017_seed_59101\stages\b50\b50_state_dataset.csv,331,range_049651-049850,49651,49850
B50_original,D:\hpc_project\tdc_unified_core\results\b59_1a_global_physical_order\b51_global_physical_order\B51_hpc_selected_20260817_223017_seed_59101\stages\b50\b50_state_dataset.csv,332,range_049801-050000,49801,50000
B50_original,D:\hpc_project\tdc_unified_core\results\b59_1a_global_physical_order\b51_global_physical_order\B51_hpc_selected_20260817_223017_seed_59101\stages\b50\b50_state_dataset.csv,333,range_049951-050150,49951,50150
B50_original,D:\hpc_project\tdc_unified_core\results\b59_1a_global_physical_order\b51_global_physical_order\B51_hpc_selected_20260817_223017_seed_59101\stages\b50\b50_state_dataset.csv,334,range_050101-050300,50101,50300
B50_original,D:\hpc_project\tdc_unified_core\results\b59_1a_global_physical_order\b51_global_physical_order\B51_hpc_selected_20260817_223017_seed_59101\stages\b50\b50_state_dataset.csv,335,range_050251-050450,50251,50450
B50_original,D:\hpc_project\tdc_unified_core\results\b59_1a_global_physical_order\b51_global_physical_order\B51_hpc_selected_20260817_223017_seed_59101\stages\b50\b50_state_dataset.csv,336,range_050401-050600,50401,50600
B50_original,D:\hpc_project\tdc_unified_core\results\b59_1a_global_physical_order\b51_global_physical_order\B51_hpc_selected_20260817_223017_seed_59101\stages\b50\b50_state_dataset.csv,337,range_050551-050750,50551,50750
B50_original,D:\hpc_project\tdc_unified_core\results\b59_1a_global_physical_order\b51_global_physical_order\B51_hpc_selected_20260817_223017_seed_59101\stages\b50\b50_state_dataset.csv,338,range_050701-050900,50701,50900
B50_original,D:\hpc_project\tdc_unified_core\results\b59_1a_global_physical_order\b51_global_physical_order\B51_hpc_selected_20260817_223017_seed_59101\stages\b50\b50_state_dataset.csv,339,range_050851-051050,50851,51050
B50_original,D:\hpc_project\tdc_unified_core\results\b59_1a_global_physical_order\b51_global_physical_order\B51_hpc_selected_20260817_223017_seed_59101\stages\b50\b50_state_dataset.csv,340,range_051001-051200,51001,51200
B50_original,D:\hpc_project\tdc_unified_core\results\b59_1a_global_physical_order\b51_global_physical_order\B51_hpc_selected_20260817_223017_seed_59101\stages\b50\b50_state_dataset.csv,341,range_051151-051350,51151,51350
B50_original,D:\hpc_project\tdc_unified_core\results\b59_1a_global_physical_order\b51_global_physical_order\B51_hpc_selected_20260817_223017_seed_59101\stages\b50\b50_state_dataset.csv,342,range_051301-051500,51301,51500
B50_original,D:\hpc_project\tdc_unified_core\results\b59_1a_global_physical_order\b51_global_physical_order\B51_hpc_selected_20260817_223017_seed_59101\stages\b50\b50_state_dataset.csv,343,range_051451-051650,51451,51650
B50_original,D:\hpc_project\tdc_unified_core\results\b59_1a_global_physical_order\b51_global_physical_order\B51_hpc_selected_20260817_223017_seed_59101\stages\b50\b50_state_dataset.csv,344,range_051601-051800,51601,51800
B50_original,D:\hpc_project\tdc_unified_core\results\b59_1a_global_physical_order\b51_global_physical_order\B51_hpc_selected_20260817_223017_seed_59101\stages\b50\b50_state_dataset.csv,345,range_051751-051950,51751,51950
B50_original,D:\hpc_project\tdc_unified_core\results\b59_1a_global_physical_order\b51_global_physical_order\B51_hpc_selected_20260817_223017_seed_59101\stages\b50\b50_state_dataset.csv,346,range_051901-052100,51901,52100
B50_original,D:\hpc_project\tdc_unified_core\results\b59_1a_global_physical_order\b51_global_physical_order\B51_hpc_selected_20260817_223017_seed_59101\stages\b50\b50_state_dataset.csv,347,range_052051-052250,52051,52250
B50_original,D:\hpc_project\tdc_unified_core\results\b59_1a_global_physical_order\b51_global_physical_order\B51_hpc_selected_20260817_223017_seed_59101\stages\b50\b50_state_dataset.csv,348,range_052201-052400,52201,52400
B50_original,D:\hpc_project\tdc_unified_core\results\b59_1a_global_physical_order\b51_global_physical_order\B51_hpc_selected_20260817_223017_seed_59101\stages\b50\b50_state_dataset.csv,349,range_052351-052550,52351,52550
B50_original,D:\hpc_project\tdc_unified_core\results\b59_1a_global_physical_order\b51_global_physical_order\B51_hpc_selected_20260817_223017_seed_59101\stages\b50\b50_state_dataset.csv,350,range_052501-052700,52501,52700
B50_original,D:\hpc_project\tdc_unified_core\results\b59_1a_global_physical_order\b51_global_physical_order\B51_hpc_selected_20260817_223017_seed_59101\stages\b50\b50_state_dataset.csv,351,range_052651-052850,52651,52850
B50_original,D:\hpc_project\tdc_unified_core\results\b59_1a_global_physical_order\b51_global_physical_order\B51_hpc_selected_20260817_223017_seed_59101\stages\b50\b50_state_dataset.csv,352,range_052801-053000,52801,53000
B50_original,D:\hpc_project\tdc_unified_core\results\b59_1a_global_physical_order\b51_global_physical_order\B51_hpc_selected_20260817_223017_seed_59101\stages\b50\b50_state_dataset.csv,353,range_052951-053150,52951,53150
B50_original,D:\hpc_project\tdc_unified_core\results\b59_1a_global_physical_order\b51_global_physical_order\B51_hpc_selected_20260817_223017_seed_59101\stages\b50\b50_state_dataset.csv,354,range_053101-053300,53101,53300
B50_original,D:\hpc_project\tdc_unified_core\results\b59_1a_global_physical_order\b51_global_physical_order\B51_hpc_selected_20260817_223017_seed_59101\stages\b50\b50_state_dataset.csv,355,range_053251-053450,53251,53450
B50_original,D:\hpc_project\tdc_unified_core\results\b59_1a_global_physical_order\b51_global_physical_order\B51_hpc_selected_20260817_223017_seed_59101\stages\b50\b50_state_dataset.csv,356,range_053401-053600,53401,53600
B50_original,D:\hpc_project\tdc_unified_core\results\b59_1a_global_physical_order\b51_global_physical_order\B51_hpc_selected_20260817_223017_seed_59101\stages\b50\b50_state_dataset.csv,357,range_053551-053750,53551,53750
B50_original,D:\hpc_project\tdc_unified_core\results\b59_1a_global_physical_order\b51_global_physical_order\B51_hpc_selected_20260817_223017_seed_59101\stages\b50\b50_state_dataset.csv,358,range_053701-053900,53701,53900
B50_original,D:\hpc_project\tdc_unified_core\results\b59_1a_global_physical_order\b51_global_physical_order\B51_hpc_selected_20260817_223017_seed_59101\stages\b50\b50_state_dataset.csv,359,range_053851-054050,53851,54050
B50_original,D:\hpc_project\tdc_unified_core\results\b59_1a_global_physical_order\b51_global_physical_order\B51_hpc_selected_20260817_223017_seed_59101\stages\b50\b50_state_dataset.csv,360,range_054001-054200,54001,54200
B50_original,D:\hpc_project\tdc_unified_core\results\b59_1a_global_physical_order\b51_global_physical_order\B51_hpc_selected_20260817_223017_seed_59101\stages\b50\b50_state_dataset.csv,361,range_054151-054350,54151,54350
B50_original,D:\hpc_project\tdc_unified_core\results\b59_1a_global_physical_order\b51_global_physical_order\B51_hpc_selected_20260817_223017_seed_59101\stages\b50\b50_state_dataset.csv,362,range_054301-054500,54301,54500
B50_original,D:\hpc_project\tdc_unified_core\results\b59_1a_global_physical_order\b51_global_physical_order\B51_hpc_selected_20260817_223017_seed_59101\stages\b50\b50_state_dataset.csv,363,range_054451-054650,54451,54650
B50_original,D:\hpc_project\tdc_unified_core\results\b59_1a_global_physical_order\b51_global_physical_order\B51_hpc_selected_20260817_223017_seed_59101\stages\b50\b50_state_dataset.csv,364,range_054601-054800,54601,54800
B50_original,D:\hpc_project\tdc_unified_core\results\b59_1a_global_physical_order\b51_global_physical_order\B51_hpc_selected_20260817_223017_seed_59101\stages\b50\b50_state_dataset.csv,365,range_054751-054950,54751,54950
B50_original,D:\hpc_project\tdc_unified_core\results\b59_1a_global_physical_order\b51_global_physical_order\B51_hpc_selected_20260817_223017_seed_59101\stages\b50\b50_state_dataset.csv,366,range_054901-055100,54901,55100
B50_original,D:\hpc_project\tdc_unified_core\results\b59_1a_global_physical_order\b51_global_physical_order\B51_hpc_selected_20260817_223017_seed_59101\stages\b50\b50_state_dataset.csv,367,range_055051-055250,55051,55250
B50_original,D:\hpc_project\tdc_unified_core\results\b59_1a_global_physical_order\b51_global_physical_order\B51_hpc_selected_20260817_223017_seed_59101\stages\b50\b50_state_dataset.csv,368,range_055201-055400,55201,55400
B50_original,D:\hpc_project\tdc_unified_core\results\b59_1a_global_physical_order\b51_global_physical_order\B51_hpc_selected_20260817_223017_seed_59101\stages\b50\b50_state_dataset.csv,369,range_055351-055550,55351,55550
B50_original,D:\hpc_project\tdc_unified_core\results\b59_1a_global_physical_order\b51_global_physical_order\B51_hpc_selected_20260817_223017_seed_59101\stages\b50\b50_state_dataset.csv,370,range_055501-055700,55501,55700
B50_original,D:\hpc_project\tdc_unified_core\results\b59_1a_global_physical_order\b51_global_physical_order\B51_hpc_selected_20260817_223017_seed_59101\stages\b50\b50_state_dataset.csv,371,range_055651-055850,55651,55850
B50_original,D:\hpc_project\tdc_unified_core\results\b59_1a_global_physical_order\b51_global_physical_order\B51_hpc_selected_20260817_223017_seed_59101\stages\b50\b50_state_dataset.csv,372,range_055801-056000,55801,56000
B50_original,D:\hpc_project\tdc_unified_core\results\b59_1a_global_physical_order\b51_global_physical_order\B51_hpc_selected_20260817_223017_seed_59101\stages\b50\b50_state_dataset.csv,373,range_055951-056150,55951,56150
B50_original,D:\hpc_project\tdc_unified_core\results\b59_1a_global_physical_order\b51_global_physical_order\B51_hpc_selected_20260817_223017_seed_59101\stages\b50\b50_state_dataset.csv,374,range_056101-056300,56101,56300
B50_original,D:\hpc_project\tdc_unified_core\results\b59_1a_global_physical_order\b51_global_physical_order\B51_hpc_selected_20260817_223017_seed_59101\stages\b50\b50_state_dataset.csv,375,range_056251-056450,56251,56450
B50_original,D:\hpc_project\tdc_unified_core\results\b59_1a_global_physical_order\b51_global_physical_order\B51_hpc_selected_20260817_223017_seed_59101\stages\b50\b50_state_dataset.csv,376,range_056401-056600,56401,56600
B50_original,D:\hpc_project\tdc_unified_core\results\b59_1a_global_physical_order\b51_global_physical_order\B51_hpc_selected_20260817_223017_seed_59101\stages\b50\b50_state_dataset.csv,377,range_056551-056750,56551,56750
B50_original,D:\hpc_project\tdc_unified_core\results\b59_1a_global_physical_order\b51_global_physical_order\B51_hpc_selected_20260817_223017_seed_59101\stages\b50\b50_state_dataset.csv,378,range_056701-056900,56701,56900
B50_original,D:\hpc_project\tdc_unified_core\results\b59_1a_global_physical_order\b51_global_physical_order\B51_hpc_selected_20260817_223017_seed_59101\stages\b50\b50_state_dataset.csv,379,range_056851-057050,56851,57050
B50_original,D:\hpc_project\tdc_unified_core\results\b59_1a_global_physical_order\b51_global_physical_order\B51_hpc_selected_20260817_223017_seed_59101\stages\b50\b50_state_dataset.csv,380,range_057001-057200,57001,57200
B50_original,D:\hpc_project\tdc_unified_core\results\b59_1a_global_physical_order\b51_global_physical_order\B51_hpc_selected_20260817_223017_seed_59101\stages\b50\b50_state_dataset.csv,381,range_057151-057350,57151,57350
B50_original,D:\hpc_project\tdc_unified_core\results\b59_1a_global_physical_order\b51_global_physical_order\B51_hpc_selected_20260817_223017_seed_59101\stages\b50\b50_state_dataset.csv,382,range_057301-057500,57301,57500
B50_original,D:\hpc_project\tdc_unified_core\results\b59_1a_global_physical_order\b51_global_physical_order\B51_hpc_selected_20260817_223017_seed_59101\stages\b50\b50_state_dataset.csv,383,range_057451-057650,57451,57650
B50_original,D:\hpc_project\tdc_unified_core\results\b59_1a_global_physical_order\b51_global_physical_order\B51_hpc_selected_20260817_223017_seed_59101\stages\b50\b50_state_dataset.csv,384,range_057601-057800,57601,57800
B50_original,D:\hpc_project\tdc_unified_core\results\b59_1a_global_physical_order\b51_global_physical_order\B51_hpc_selected_20260817_223017_seed_59101\stages\b50\b50_state_dataset.csv,385,range_057751-057950,57751,57950
B50_original,D:\hpc_project\tdc_unified_core\results\b59_1a_global_physical_order\b51_global_physical_order\B51_hpc_selected_20260817_223017_seed_59101\stages\b50\b50_state_dataset.csv,386,range_057901-058100,57901,58100
B50_original,D:\hpc_project\tdc_unified_core\results\b59_1a_global_physical_order\b51_global_physical_order\B51_hpc_selected_20260817_223017_seed_59101\stages\b50\b50_state_dataset.csv,387,range_058051-058250,58051,58250
B50_original,D:\hpc_project\tdc_unified_core\results\b59_1a_global_physical_order\b51_global_physical_order\B51_hpc_selected_20260817_223017_seed_59101\stages\b50\b50_state_dataset.csv,388,range_058201-058400,58201,58400
B50_original,D:\hpc_project\tdc_unified_core\results\b59_1a_global_physical_order\b51_global_physical_order\B51_hpc_selected_20260817_223017_seed_59101\stages\b50\b50_state_dataset.csv,389,range_058351-058550,58351,58550
B50_original,D:\hpc_project\tdc_unified_core\results\b59_1a_global_physical_order\b51_global_physical_order\B51_hpc_selected_20260817_223017_seed_59101\stages\b50\b50_state_dataset.csv,390,range_058501-058700,58501,58700
B50_original,D:\hpc_project\tdc_unified_core\results\b59_1a_global_physical_order\b51_global_physical_order\B51_hpc_selected_20260817_223017_seed_59101\stages\b50\b50_state_dataset.csv,391,range_058651-058850,58651,58850
B50_original,D:\hpc_project\tdc_unified_core\results\b59_1a_global_physical_order\b51_global_physical_order\B51_hpc_selected_20260817_223017_seed_59101\stages\b50\b50_state_dataset.csv,392,range_058801-059000,58801,59000
B50_original,D:\hpc_project\tdc_unified_core\results\b59_1a_global_physical_order\b51_global_physical_order\B51_hpc_selected_20260817_223017_seed_59101\stages\b50\b50_state_dataset.csv,393,range_058951-059150,58951,59150
B50_original,D:\hpc_project\tdc_unified_core\results\b59_1a_global_physical_order\b51_global_physical_order\B51_hpc_selected_20260817_223017_seed_59101\stages\b50\b50_state_dataset.csv,394,range_059101-059300,59101,59300
B50_original,D:\hpc_project\tdc_unified_core\results\b59_1a_global_physical_order\b51_global_physical_order\B51_hpc_selected_20260817_223017_seed_59101\stages\b50\b50_state_dataset.csv,395,range_059251-059450,59251,59450
B50_original,D:\hpc_project\tdc_unified_core\results\b59_1a_global_physical_order\b51_global_physical_order\B51_hpc_selected_20260817_223017_seed_59101\stages\b50\b50_state_dataset.csv,396,range_059401-059600,59401,59600
B50_original,D:\hpc_project\tdc_unified_core\results\b59_1a_global_physical_order\b51_global_physical_order\B51_hpc_selected_20260817_223017_seed_59101\stages\b50\b50_state_dataset.csv,397,range_059551-059750,59551,59750
B50_original,D:\hpc_project\tdc_unified_core\results\b59_1a_global_physical_order\b51_global_physical_order\B51_hpc_selected_20260817_223017_seed_59101\stages\b50\b50_state_dataset.csv,398,range_059701-059900,59701,59900
B50_original,D:\hpc_project\tdc_unified_core\results\b59_1a_global_physical_order\b51_global_physical_order\B51_hpc_selected_20260817_223017_seed_59101\stages\b50\b50_state_dataset.csv,399,range_059851-060050,59851,60050
B50_original,D:\hpc_project\tdc_unified_core\results\b59_1a_global_physical_order\b51_global_physical_order\B51_hpc_selected_20260817_223017_seed_59101\stages\b50\b50_state_dataset.csv,400,range_060001-060200,60001,60200
B50_original,D:\hpc_project\tdc_unified_core\results\b59_1a_global_physical_order\b51_global_physical_order\B51_hpc_selected_20260817_223017_seed_59101\stages\b50\b50_state_dataset.csv,401,range_060151-060350,60151,60350
B50_original,D:\hpc_project\tdc_unified_core\results\b59_1a_global_physical_order\b51_global_physical_order\B51_hpc_selected_20260817_223017_seed_59101\stages\b50\b50_state_dataset.csv,402,range_060301-060500,60301,60500
B50_original,D:\hpc_project\tdc_unified_core\results\b59_1a_global_physical_order\b51_global_physical_order\B51_hpc_selected_20260817_223017_seed_59101\stages\b50\b50_state_dataset.csv,403,range_060451-060650,60451,60650
B50_original,D:\hpc_project\tdc_unified_core\results\b59_1a_global_physical_order\b51_global_physical_order\B51_hpc_selected_20260817_223017_seed_59101\stages\b50\b50_state_dataset.csv,404,range_060601-060800,60601,60800
B50_original,D:\hpc_project\tdc_unified_core\results\b59_1a_global_physical_order\b51_global_physical_order\B51_hpc_selected_20260817_223017_seed_59101\stages\b50\b50_state_dataset.csv,405,range_060751-060950,60751,60950
B50_original,D:\hpc_project\tdc_unified_core\results\b59_1a_global_physical_order\b51_global_physical_order\B51_hpc_selected_20260817_223017_seed_59101\stages\b50\b50_state_dataset.csv,406,range_060901-061100,60901,61100
B50_original,D:\hpc_project\tdc_unified_core\results\b59_1a_global_physical_order\b51_global_physical_order\B51_hpc_selected_20260817_223017_seed_59101\stages\b50\b50_state_dataset.csv,407,range_061051-061250,61051,61250
B50_original,D:\hpc_project\tdc_unified_core\results\b59_1a_global_physical_order\b51_global_physical_order\B51_hpc_selected_20260817_223017_seed_59101\stages\b50\b50_state_dataset.csv,408,range_061201-061400,61201,61400
B50_original,D:\hpc_project\tdc_unified_core\results\b59_1a_global_physical_order\b51_global_physical_order\B51_hpc_selected_20260817_223017_seed_59101\stages\b50\b50_state_dataset.csv,409,range_061351-061550,61351,61550
B50_original,D:\hpc_project\tdc_unified_core\results\b59_1a_global_physical_order\b51_global_physical_order\B51_hpc_selected_20260817_223017_seed_59101\stages\b50\b50_state_dataset.csv,410,range_061501-061700,61501,61700
B50_original,D:\hpc_project\tdc_unified_core\results\b59_1a_global_physical_order\b51_global_physical_order\B51_hpc_selected_20260817_223017_seed_59101\stages\b50\b50_state_dataset.csv,411,range_061651-061850,61651,61850
B50_original,D:\hpc_project\tdc_unified_core\results\b59_1a_global_physical_order\b51_global_physical_order\B51_hpc_selected_20260817_223017_seed_59101\stages\b50\b50_state_dataset.csv,412,range_061801-062000,61801,62000
B50_original,D:\hpc_project\tdc_unified_core\results\b59_1a_global_physical_order\b51_global_physical_order\B51_hpc_selected_20260817_223017_seed_59101\stages\b50\b50_state_dataset.csv,413,range_061951-062150,61951,62150
B50_original,D:\hpc_project\tdc_unified_core\results\b59_1a_global_physical_order\b51_global_physical_order\B51_hpc_selected_20260817_223017_seed_59101\stages\b50\b50_state_dataset.csv,414,range_062101-062300,62101,62300
B50_original,D:\hpc_project\tdc_unified_core\results\b59_1a_global_physical_order\b51_global_physical_order\B51_hpc_selected_20260817_223017_seed_59101\stages\b50\b50_state_dataset.csv,415,range_062251-062450,62251,62450
B50_original,D:\hpc_project\tdc_unified_core\results\b59_1a_global_physical_order\b51_global_physical_order\B51_hpc_selected_20260817_223017_seed_59101\stages\b50\b50_state_dataset.csv,416,range_062401-062600,62401,62600
B50_original,D:\hpc_project\tdc_unified_core\results\b59_1a_global_physical_order\b51_global_physical_order\B51_hpc_selected_20260817_223017_seed_59101\stages\b50\b50_state_dataset.csv,417,range_062551-062750,62551,62750
B50_original,D:\hpc_project\tdc_unified_core\results\b59_1a_global_physical_order\b51_global_physical_order\B51_hpc_selected_20260817_223017_seed_59101\stages\b50\b50_state_dataset.csv,418,range_062701-062900,62701,62900
B50_original,D:\hpc_project\tdc_unified_core\results\b59_1a_global_physical_order\b51_global_physical_order\B51_hpc_selected_20260817_223017_seed_59101\stages\b50\b50_state_dataset.csv,419,range_062851-063050,62851,63050
B50_original,D:\hpc_project\tdc_unified_core\results\b59_1a_global_physical_order\b51_global_physical_order\B51_hpc_selected_20260817_223017_seed_59101\stages\b50\b50_state_dataset.csv,420,range_063001-063200,63001,63200
B50_original,D:\hpc_project\tdc_unified_core\results\b59_1a_global_physical_order\b51_global_physical_order\B51_hpc_selected_20260817_223017_seed_59101\stages\b50\b50_state_dataset.csv,421,range_063151-063350,63151,63350
B50_original,D:\hpc_project\tdc_unified_core\results\b59_1a_global_physical_order\b51_global_physical_order\B51_hpc_selected_20260817_223017_seed_59101\stages\b50\b50_state_dataset.csv,422,range_063301-063500,63301,63500
B50_original,D:\hpc_project\tdc_unified_core\results\b59_1a_global_physical_order\b51_global_physical_order\B51_hpc_selected_20260817_223017_seed_59101\stages\b50\b50_state_dataset.csv,423,range_063451-063650,63451,63650
B50_original,D:\hpc_project\tdc_unified_core\results\b59_1a_global_physical_order\b51_global_physical_order\B51_hpc_selected_20260817_223017_seed_59101\stages\b50\b50_state_dataset.csv,424,range_063601-063800,63601,63800
B50_original,D:\hpc_project\tdc_unified_core\results\b59_1a_global_physical_order\b51_global_physical_order\B51_hpc_selected_20260817_223017_seed_59101\stages\b50\b50_state_dataset.csv,425,range_063751-063950,63751,63950
B50_original,D:\hpc_project\tdc_unified_core\results\b59_1a_global_physical_order\b51_global_physical_order\B51_hpc_selected_20260817_223017_seed_59101\stages\b50\b50_state_dataset.csv,426,range_063901-064100,63901,64100
B50_original,D:\hpc_project\tdc_unified_core\results\b59_1a_global_physical_order\b51_global_physical_order\B51_hpc_selected_20260817_223017_seed_59101\stages\b50\b50_state_dataset.csv,427,range_064051-064250,64051,64250
B50_original,D:\hpc_project\tdc_unified_core\results\b59_1a_global_physical_order\b51_global_physical_order\B51_hpc_selected_20260817_223017_seed_59101\stages\b50\b50_state_dataset.csv,428,range_064201-064400,64201,64400
B50_original,D:\hpc_project\tdc_unified_core\results\b59_1a_global_physical_order\b51_global_physical_order\B51_hpc_selected_20260817_223017_seed_59101\stages\b50\b50_state_dataset.csv,429,range_064351-064550,64351,64550
B50_original,D:\hpc_project\tdc_unified_core\results\b59_1a_global_physical_order\b51_global_physical_order\B51_hpc_selected_20260817_223017_seed_59101\stages\b50\b50_state_dataset.csv,430,range_064501-064700,64501,64700
B50_original,D:\hpc_project\tdc_unified_core\results\b59_1a_global_physical_order\b51_global_physical_order\B51_hpc_selected_20260817_223017_seed_59101\stages\b50\b50_state_dataset.csv,431,range_064651-064850,64651,64850
B50_original,D:\hpc_project\tdc_unified_core\results\b59_1a_global_physical_order\b51_global_physical_order\B51_hpc_selected_20260817_223017_seed_59101\stages\b50\b50_state_dataset.csv,432,range_064801-065000,64801,65000
B50_original,D:\hpc_project\tdc_unified_core\results\b59_1a_global_physical_order\b51_global_physical_order\B51_hpc_selected_20260817_223017_seed_59101\stages\b50\b50_state_dataset.csv,433,range_064951-065150,64951,65150
B50_original,D:\hpc_project\tdc_unified_core\results\b59_1a_global_physical_order\b51_global_physical_order\B51_hpc_selected_20260817_223017_seed_59101\stages\b50\b50_state_dataset.csv,434,range_065101-065300,65101,65300
B50_original,D:\hpc_project\tdc_unified_core\results\b59_1a_global_physical_order\b51_global_physical_order\B51_hpc_selected_20260817_223017_seed_59101\stages\b50\b50_state_dataset.csv,435,range_065251-065450,65251,65450
B50_original,D:\hpc_project\tdc_unified_core\results\b59_1a_global_physical_order\b51_global_physical_order\B51_hpc_selected_20260817_223017_seed_59101\stages\b50\b50_state_dataset.csv,436,range_065401-065600,65401,65600
B50_original,D:\hpc_project\tdc_unified_core\results\b59_1a_global_physical_order\b51_global_physical_order\B51_hpc_selected_20260817_223017_seed_59101\stages\b50\b50_state_dataset.csv,437,range_065551-065750,65551,65750
B50_original,D:\hpc_project\tdc_unified_core\results\b59_1a_global_physical_order\b51_global_physical_order\B51_hpc_selected_20260817_223017_seed_59101\stages\b50\b50_state_dataset.csv,438,range_065701-065900,65701,65900
B50_original,D:\hpc_project\tdc_unified_core\results\b59_1a_global_physical_order\b51_global_physical_order\B51_hpc_selected_20260817_223017_seed_59101\stages\b50\b50_state_dataset.csv,439,range_065851-066050,65851,66050
B50_original,D:\hpc_project\tdc_unified_core\results\b59_1a_global_physical_order\b51_global_physical_order\B51_hpc_selected_20260817_223017_seed_59101\stages\b50\b50_state_dataset.csv,440,range_066001-066200,66001,66200
B50_original,D:\hpc_project\tdc_unified_core\results\b59_1a_global_physical_order\b51_global_physical_order\B51_hpc_selected_20260817_223017_seed_59101\stages\b50\b50_state_dataset.csv,441,range_066151-066350,66151,66350
B50_original,D:\hpc_project\tdc_unified_core\results\b59_1a_global_physical_order\b51_global_physical_order\B51_hpc_selected_20260817_223017_seed_59101\stages\b50\b50_state_dataset.csv,442,range_066301-066500,66301,66500
B50_original,D:\hpc_project\tdc_unified_core\results\b59_1a_global_physical_order\b51_global_physical_order\B51_hpc_selected_20260817_223017_seed_59101\stages\b50\b50_state_dataset.csv,443,range_066451-066650,66451,66650
B50_original,D:\hpc_project\tdc_unified_core\results\b59_1a_global_physical_order\b51_global_physical_order\B51_hpc_selected_20260817_223017_seed_59101\stages\b50\b50_state_dataset.csv,444,range_066601-066800,66601,66800
B50_original,D:\hpc_project\tdc_unified_core\results\b59_1a_global_physical_order\b51_global_physical_order\B51_hpc_selected_20260817_223017_seed_59101\stages\b50\b50_state_dataset.csv,445,range_066751-066950,66751,66950
B50_original,D:\hpc_project\tdc_unified_core\results\b59_1a_global_physical_order\b51_global_physical_order\B51_hpc_selected_20260817_223017_seed_59101\stages\b50\b50_state_dataset.csv,446,range_066901-067100,66901,67100
B50_original,D:\hpc_project\tdc_unified_core\results\b59_1a_global_physical_order\b51_global_physical_order\B51_hpc_selected_20260817_223017_seed_59101\stages\b50\b50_state_dataset.csv,447,range_067051-067250,67051,67250
B50_original,D:\hpc_project\tdc_unified_core\results\b59_1a_global_physical_order\b51_global_physical_order\B51_hpc_selected_20260817_223017_seed_59101\stages\b50\b50_state_dataset.csv,448,range_067201-067400,67201,67400
B50_original,D:\hpc_project\tdc_unified_core\results\b59_1a_global_physical_order\b51_global_physical_order\B51_hpc_selected_20260817_223017_seed_59101\stages\b50\b50_state_dataset.csv,449,range_067351-067550,67351,67550
B50_original,D:\hpc_project\tdc_unified_core\results\b59_1a_global_physical_order\b51_global_physical_order\B51_hpc_selected_20260817_223017_seed_59101\stages\b50\b50_state_dataset.csv,450,range_067501-067700,67501,67700
B50_original,D:\hpc_project\tdc_unified_core\results\b59_1a_global_physical_order\b51_global_physical_order\B51_hpc_selected_20260817_223017_seed_59101\stages\b50\b50_state_dataset.csv,451,range_067651-067850,67651,67850
B50_original,D:\hpc_project\tdc_unified_core\results\b59_1a_global_physical_order\b51_global_physical_order\B51_hpc_selected_20260817_223017_seed_59101\stages\b50\b50_state_dataset.csv,452,range_067801-068000,67801,68000
B50_original,D:\hpc_project\tdc_unified_core\results\b59_1a_global_physical_order\b51_global_physical_order\B51_hpc_selected_20260817_223017_seed_59101\stages\b50\b50_state_dataset.csv,453,range_067951-068150,67951,68150
B50_original,D:\hpc_project\tdc_unified_core\results\b59_1a_global_physical_order\b51_global_physical_order\B51_hpc_selected_20260817_223017_seed_59101\stages\b50\b50_state_dataset.csv,454,range_068101-068300,68101,68300
B50_original,D:\hpc_project\tdc_unified_core\results\b59_1a_global_physical_order\b51_global_physical_order\B51_hpc_selected_20260817_223017_seed_59101\stages\b50\b50_state_dataset.csv,455,range_068251-068450,68251,68450
B50_original,D:\hpc_project\tdc_unified_core\results\b59_1a_global_physical_order\b51_global_physical_order\B51_hpc_selected_20260817_223017_seed_59101\stages\b50\b50_state_dataset.csv,456,range_068401-068600,68401,68600
B50_original,D:\hpc_project\tdc_unified_core\results\b59_1a_global_physical_order\b51_global_physical_order\B51_hpc_selected_20260817_223017_seed_59101\stages\b50\b50_state_dataset.csv,457,range_068551-068750,68551,68750
B50_original,D:\hpc_project\tdc_unified_core\results\b59_1a_global_physical_order\b51_global_physical_order\B51_hpc_selected_20260817_223017_seed_59101\stages\b50\b50_state_dataset.csv,458,range_068701-068900,68701,68900
B50_original,D:\hpc_project\tdc_unified_core\results\b59_1a_global_physical_order\b51_global_physical_order\B51_hpc_selected_20260817_223017_seed_59101\stages\b50\b50_state_dataset.csv,459,range_068851-069050,68851,69050
B50_original,D:\hpc_project\tdc_unified_core\results\b59_1a_global_physical_order\b51_global_physical_order\B51_hpc_selected_20260817_223017_seed_59101\stages\b50\b50_state_dataset.csv,460,range_069001-069200,69001,69200
B50_original,D:\hpc_project\tdc_unified_core\results\b59_1a_global_physical_order\b51_global_physical_order\B51_hpc_selected_20260817_223017_seed_59101\stages\b50\b50_state_dataset.csv,461,range_069151-069350,69151,69350
B50_original,D:\hpc_project\tdc_unified_core\results\b59_1a_global_physical_order\b51_global_physical_order\B51_hpc_selected_20260817_223017_seed_59101\stages\b50\b50_state_dataset.csv,462,range_069301-069500,69301,69500
B50_original,D:\hpc_project\tdc_unified_core\results\b59_1a_global_physical_order\b51_global_physical_order\B51_hpc_selected_20260817_223017_seed_59101\stages\b50\b50_state_dataset.csv,463,range_069451-069650,69451,69650
B50_original,D:\hpc_project\tdc_unified_core\results\b59_1a_global_physical_order\b51_global_physical_order\B51_hpc_selected_20260817_223017_seed_59101\stages\b50\b50_state_dataset.csv,464,range_069601-069800,69601,69800
B50_original,D:\hpc_project\tdc_unified_core\results\b59_1a_global_physical_order\b51_global_physical_order\B51_hpc_selected_20260817_223017_seed_59101\stages\b50\b50_state_dataset.csv,465,range_069751-069950,69751,69950
B50_original,D:\hpc_project\tdc_unified_core\results\b59_1a_global_physical_order\b51_global_physical_order\B51_hpc_selected_20260817_223017_seed_59101\stages\b50\b50_state_dataset.csv,466,range_069901-070100,69901,70100
B50_original,D:\hpc_project\tdc_unified_core\results\b59_1a_global_physical_order\b51_global_physical_order\B51_hpc_selected_20260817_223017_seed_59101\stages\b50\b50_state_dataset.csv,467,range_070051-070250,70051,70250
B50_original,D:\hpc_project\tdc_unified_core\results\b59_1a_global_physical_order\b51_global_physical_order\B51_hpc_selected_20260817_223017_seed_59101\stages\b50\b50_state_dataset.csv,468,range_070201-070400,70201,70400
B50_original,D:\hpc_project\tdc_unified_core\results\b59_1a_global_physical_order\b51_global_physical_order\B51_hpc_selected_20260817_223017_seed_59101\stages\b50\b50_state_dataset.csv,469,range_070351-070550,70351,70550
B50_original,D:\hpc_project\tdc_unified_core\results\b59_1a_global_physical_order\b51_global_physical_order\B51_hpc_selected_20260817_223017_seed_59101\stages\b50\b50_state_dataset.csv,470,range_070501-070700,70501,70700
B50_original,D:\hpc_project\tdc_unified_core\results\b59_1a_global_physical_order\b51_global_physical_order\B51_hpc_selected_20260817_223017_seed_59101\stages\b50\b50_state_dataset.csv,471,range_070651-070850,70651,70850
B50_original,D:\hpc_project\tdc_unified_core\results\b59_1a_global_physical_order\b51_global_physical_order\B51_hpc_selected_20260817_223017_seed_59101\stages\b50\b50_state_dataset.csv,472,range_070801-071000,70801,71000
B50_original,D:\hpc_project\tdc_unified_core\results\b59_1a_global_physical_order\b51_global_physical_order\B51_hpc_selected_20260817_223017_seed_59101\stages\b50\b50_state_dataset.csv,473,range_070951-071150,70951,71150
B50_original,D:\hpc_project\tdc_unified_core\results\b59_1a_global_physical_order\b51_global_physical_order\B51_hpc_selected_20260817_223017_seed_59101\stages\b50\b50_state_dataset.csv,474,range_071101-071300,71101,71300
B50_original,D:\hpc_project\tdc_unified_core\results\b59_1a_global_physical_order\b51_global_physical_order\B51_hpc_selected_20260817_223017_seed_59101\stages\b50\b50_state_dataset.csv,475,range_071251-071450,71251,71450
B50_original,D:\hpc_project\tdc_unified_core\results\b59_1a_global_physical_order\b51_global_physical_order\B51_hpc_selected_20260817_223017_seed_59101\stages\b50\b50_state_dataset.csv,476,range_071401-071600,71401,71600
B50_original,D:\hpc_project\tdc_unified_core\results\b59_1a_global_physical_order\b51_global_physical_order\B51_hpc_selected_20260817_223017_seed_59101\stages\b50\b50_state_dataset.csv,477,range_071551-071750,71551,71750
B50_original,D:\hpc_project\tdc_unified_core\results\b59_1a_global_physical_order\b51_global_physical_order\B51_hpc_selected_20260817_223017_seed_59101\stages\b50\b50_state_dataset.csv,478,range_071701-071900,71701,71900
B50_original,D:\hpc_project\tdc_unified_core\results\b59_1a_global_physical_order\b51_global_physical_order\B51_hpc_selected_20260817_223017_seed_59101\stages\b50\b50_state_dataset.csv,479,range_071851-072050,71851,72050
B50_original,D:\hpc_project\tdc_unified_core\results\b59_1a_global_physical_order\b51_global_physical_order\B51_hpc_selected_20260817_223017_seed_59101\stages\b50\b50_state_dataset.csv,480,range_072001-072200,72001,72200
B50_original,D:\hpc_project\tdc_unified_core\results\b59_1a_global_physical_order\b51_global_physical_order\B51_hpc_selected_20260817_223017_seed_59101\stages\b50\b50_state_dataset.csv,481,range_072151-072350,72151,72350
B50_original,D:\hpc_project\tdc_unified_core\results\b59_1a_global_physical_order\b51_global_physical_order\B51_hpc_selected_20260817_223017_seed_59101\stages\b50\b50_state_dataset.csv,482,range_072301-072500,72301,72500
B50_original,D:\hpc_project\tdc_unified_core\results\b59_1a_global_physical_order\b51_global_physical_order\B51_hpc_selected_20260817_223017_seed_59101\stages\b50\b50_state_dataset.csv,483,range_072451-072650,72451,72650
B50_original,D:\hpc_project\tdc_unified_core\results\b59_1a_global_physical_order\b51_global_physical_order\B51_hpc_selected_20260817_223017_seed_59101\stages\b50\b50_state_dataset.csv,484,range_072601-072800,72601,72800
B50_original,D:\hpc_project\tdc_unified_core\results\b59_1a_global_physical_order\b51_global_physical_order\B51_hpc_selected_20260817_223017_seed_59101\stages\b50\b50_state_dataset.csv,485,range_072751-072950,72751,72950
B50_original,D:\hpc_project\tdc_unified_core\results\b59_1a_global_physical_order\b51_global_physical_order\B51_hpc_selected_20260817_223017_seed_59101\stages\b50\b50_state_dataset.csv,486,range_072901-073100,72901,73100
B50_original,D:\hpc_project\tdc_unified_core\results\b59_1a_global_physical_order\b51_global_physical_order\B51_hpc_selected_20260817_223017_seed_59101\stages\b50\b50_state_dataset.csv,487,range_073051-073250,73051,73250
B50_original,D:\hpc_project\tdc_unified_core\results\b59_1a_global_physical_order\b51_global_physical_order\B51_hpc_selected_20260817_223017_seed_59101\stages\b50\b50_state_dataset.csv,488,range_073201-073400,73201,73400
B50_original,D:\hpc_project\tdc_unified_core\results\b59_1a_global_physical_order\b51_global_physical_order\B51_hpc_selected_20260817_223017_seed_59101\stages\b50\b50_state_dataset.csv,489,range_073351-073550,73351,73550
B50_original,D:\hpc_project\tdc_unified_core\results\b59_1a_global_physical_order\b51_global_physical_order\B51_hpc_selected_20260817_223017_seed_59101\stages\b50\b50_state_dataset.csv,490,range_073501-073700,73501,73700
B50_original,D:\hpc_project\tdc_unified_core\results\b59_1a_global_physical_order\b51_global_physical_order\B51_hpc_selected_20260817_223017_seed_59101\stages\b50\b50_state_dataset.csv,491,range_073651-073850,73651,73850
B50_original,D:\hpc_project\tdc_unified_core\results\b59_1a_global_physical_order\b51_global_physical_order\B51_hpc_selected_20260817_223017_seed_59101\stages\b50\b50_state_dataset.csv,492,range_073801-074000,73801,74000
B50_original,D:\hpc_project\tdc_unified_core\results\b59_1a_global_physical_order\b51_global_physical_order\B51_hpc_selected_20260817_223017_seed_59101\stages\b50\b50_state_dataset.csv,493,range_073951-074150,73951,74150
B50_original,D:\hpc_project\tdc_unified_core\results\b59_1a_global_physical_order\b51_global_physical_order\B51_hpc_selected_20260817_223017_seed_59101\stages\b50\b50_state_dataset.csv,494,range_074101-074300,74101,74300
B50_original,D:\hpc_project\tdc_unified_core\results\b59_1a_global_physical_order\b51_global_physical_order\B51_hpc_selected_20260817_223017_seed_59101\stages\b50\b50_state_dataset.csv,495,range_074251-074450,74251,74450
B50_original,D:\hpc_project\tdc_unified_core\results\b59_1a_global_physical_order\b51_global_physical_order\B51_hpc_selected_20260817_223017_seed_59101\stages\b50\b50_state_dataset.csv,496,range_074401-074600,74401,74600
B50_original,D:\hpc_project\tdc_unified_core\results\b59_1a_global_physical_order\b51_global_physical_order\B51_hpc_selected_20260817_223017_seed_59101\stages\b50\b50_state_dataset.csv,497,range_074551-074750,74551,74750
B50_original,D:\hpc_project\tdc_unified_core\results\b59_1a_global_physical_order\b51_global_physical_order\B51_hpc_selected_20260817_223017_seed_59101\stages\b50\b50_state_dataset.csv,498,range_074701-074900,74701,74900
B50_original,D:\hpc_project\tdc_unified_core\results\b59_1a_global_physical_order\b51_global_physical_order\B51_hpc_selected_20260817_223017_seed_59101\stages\b50\b50_state_dataset.csv,499,range_074851-075050,74851,75050
B50_original,D:\hpc_project\tdc_unified_core\results\b59_1a_global_physical_order\b51_global_physical_order\B51_hpc_selected_20260817_223017_seed_59101\stages\b50\b50_state_dataset.csv,500,range_075001-075200,75001,75200
B50_original,D:\hpc_project\tdc_unified_core\results\b59_1a_global_physical_order\b51_global_physical_order\B51_hpc_selected_20260817_223017_seed_59101\stages\b50\b50_state_dataset.csv,501,range_075151-075350,75151,75350
B50_original,D:\hpc_project\tdc_unified_core\results\b59_1a_global_physical_order\b51_global_physical_order\B51_hpc_selected_20260817_223017_seed_59101\stages\b50\b50_state_dataset.csv,502,range_075301-075500,75301,75500
B50_original,D:\hpc_project\tdc_unified_core\results\b59_1a_global_physical_order\b51_global_physical_order\B51_hpc_selected_20260817_223017_seed_59101\stages\b50\b50_state_dataset.csv,503,range_075451-075650,75451,75650
B50_original,D:\hpc_project\tdc_unified_core\results\b59_1a_global_physical_order\b51_global_physical_order\B51_hpc_selected_20260817_223017_seed_59101\stages\b50\b50_state_dataset.csv,504,range_075601-075800,75601,75800
B50_original,D:\hpc_project\tdc_unified_core\results\b59_1a_global_physical_order\b51_global_physical_order\B51_hpc_selected_20260817_223017_seed_59101\stages\b50\b50_state_dataset.csv,505,range_075751-075950,75751,75950
B50_original,D:\hpc_project\tdc_unified_core\results\b59_1a_global_physical_order\b51_global_physical_order\B51_hpc_selected_20260817_223017_seed_59101\stages\b50\b50_state_dataset.csv,506,range_075901-076100,75901,76100
B50_original,D:\hpc_project\tdc_unified_core\results\b59_1a_global_physical_order\b51_global_physical_order\B51_hpc_selected_20260817_223017_seed_59101\stages\b50\b50_state_dataset.csv,507,range_076051-076250,76051,76250
B50_original,D:\hpc_project\tdc_unified_core\results\b59_1a_global_physical_order\b51_global_physical_order\B51_hpc_selected_20260817_223017_seed_59101\stages\b50\b50_state_dataset.csv,508,range_076201-076400,76201,76400
B50_original,D:\hpc_project\tdc_unified_core\results\b59_1a_global_physical_order\b51_global_physical_order\B51_hpc_selected_20260817_223017_seed_59101\stages\b50\b50_state_dataset.csv,509,range_076351-076550,76351,76550
B50_original,D:\hpc_project\tdc_unified_core\results\b59_1a_global_physical_order\b51_global_physical_order\B51_hpc_selected_20260817_223017_seed_59101\stages\b50\b50_state_dataset.csv,510,range_076501-076700,76501,76700
B50_original,D:\hpc_project\tdc_unified_core\results\b59_1a_global_physical_order\b51_global_physical_order\B51_hpc_selected_20260817_223017_seed_59101\stages\b50\b50_state_dataset.csv,511,range_076651-076850,76651,76850
B50_original,D:\hpc_project\tdc_unified_core\results\b59_1a_global_physical_order\b51_global_physical_order\B51_hpc_selected_20260817_223017_seed_59101\stages\b50\b50_state_dataset.csv,512,range_076801-077000,76801,77000
B50_original,D:\hpc_project\tdc_unified_core\results\b59_1a_global_physical_order\b51_global_physical_order\B51_hpc_selected_20260817_223017_seed_59101\stages\b50\b50_state_dataset.csv,513,range_076951-077150,76951,77150
B50_original,D:\hpc_project\tdc_unified_core\results\b59_1a_global_physical_order\b51_global_physical_order\B51_hpc_selected_20260817_223017_seed_59101\stages\b50\b50_state_dataset.csv,514,range_077101-077300,77101,77300
B50_original,D:\hpc_project\tdc_unified_core\results\b59_1a_global_physical_order\b51_global_physical_order\B51_hpc_selected_20260817_223017_seed_59101\stages\b50\b50_state_dataset.csv,515,range_077251-077450,77251,77450
B50_original,D:\hpc_project\tdc_unified_core\results\b59_1a_global_physical_order\b51_global_physical_order\B51_hpc_selected_20260817_223017_seed_59101\stages\b50\b50_state_dataset.csv,516,range_077401-077600,77401,77600
B50_original,D:\hpc_project\tdc_unified_core\results\b59_1a_global_physical_order\b51_global_physical_order\B51_hpc_selected_20260817_223017_seed_59101\stages\b50\b50_state_dataset.csv,517,range_077551-077750,77551,77750
B50_original,D:\hpc_project\tdc_unified_core\results\b59_1a_global_physical_order\b51_global_physical_order\B51_hpc_selected_20260817_223017_seed_59101\stages\b50\b50_state_dataset.csv,518,range_077701-077900,77701,77900
B50_original,D:\hpc_project\tdc_unified_core\results\b59_1a_global_physical_order\b51_global_physical_order\B51_hpc_selected_20260817_223017_seed_59101\stages\b50\b50_state_dataset.csv,519,range_077851-078050,77851,78050
B50_original,D:\hpc_project\tdc_unified_core\results\b59_1a_global_physical_order\b51_global_physical_order\B51_hpc_selected_20260817_223017_seed_59101\stages\b50\b50_state_dataset.csv,520,range_078001-078200,78001,78200
B50_original,D:\hpc_project\tdc_unified_core\results\b59_1a_global_physical_order\b51_global_physical_order\B51_hpc_selected_20260817_223017_seed_59101\stages\b50\b50_state_dataset.csv,521,range_078151-078350,78151,78350
B50_original,D:\hpc_project\tdc_unified_core\results\b59_1a_global_physical_order\b51_global_physical_order\B51_hpc_selected_20260817_223017_seed_59101\stages\b50\b50_state_dataset.csv,522,range_078301-078500,78301,78500
B50_original,D:\hpc_project\tdc_unified_core\results\b59_1a_global_physical_order\b51_global_physical_order\B51_hpc_selected_20260817_223017_seed_59101\stages\b50\b50_state_dataset.csv,523,range_078451-078650,78451,78650
B50_original,D:\hpc_project\tdc_unified_core\results\b59_1a_global_physical_order\b51_global_physical_order\B51_hpc_selected_20260817_223017_seed_59101\stages\b50\b50_state_dataset.csv,524,range_078601-078800,78601,78800
B50_original,D:\hpc_project\tdc_unified_core\results\b59_1a_global_physical_order\b51_global_physical_order\B51_hpc_selected_20260817_223017_seed_59101\stages\b50\b50_state_dataset.csv,525,range_078751-078950,78751,78950
B50_original,D:\hpc_project\tdc_unified_core\results\b59_1a_global_physical_order\b51_global_physical_order\B51_hpc_selected_20260817_223017_seed_59101\stages\b50\b50_state_dataset.csv,526,range_078901-079100,78901,79100
B50_original,D:\hpc_project\tdc_unified_core\results\b59_1a_global_physical_order\b51_global_physical_order\B51_hpc_selected_20260817_223017_seed_59101\stages\b50\b50_state_dataset.csv,527,range_079051-079250,79051,79250
B50_original,D:\hpc_project\tdc_unified_core\results\b59_1a_global_physical_order\b51_global_physical_order\B51_hpc_selected_20260817_223017_seed_59101\stages\b50\b50_state_dataset.csv,528,range_079201-079400,79201,79400
B50_original,D:\hpc_project\tdc_unified_core\results\b59_1a_global_physical_order\b51_global_physical_order\B51_hpc_selected_20260817_223017_seed_59101\stages\b50\b50_state_dataset.csv,529,range_079351-079550,79351,79550
B50_original,D:\hpc_project\tdc_unified_core\results\b59_1a_global_physical_order\b51_global_physical_order\B51_hpc_selected_20260817_223017_seed_59101\stages\b50\b50_state_dataset.csv,530,range_079501-079700,79501,79700
B50_original,D:\hpc_project\tdc_unified_core\results\b59_1a_global_physical_order\b51_global_physical_order\B51_hpc_selected_20260817_223017_seed_59101\stages\b50\b50_state_dataset.csv,531,range_079651-079850,79651,79850
B50_original,D:\hpc_project\tdc_unified_core\results\b59_1a_global_physical_order\b51_global_physical_order\B51_hpc_selected_20260817_223017_seed_59101\stages\b50\b50_state_dataset.csv,532,range_079801-080000,79801,80000
B50_original,D:\hpc_project\tdc_unified_core\results\b59_1a_global_physical_order\b51_global_physical_order\B51_hpc_selected_20260817_223017_seed_59101\stages\b50\b50_state_dataset.csv,533,range_079951-080150,79951,80150
B50_original,D:\hpc_project\tdc_unified_core\results\b59_1a_global_physical_order\b51_global_physical_order\B51_hpc_selected_20260817_223017_seed_59101\stages\b50\b50_state_dataset.csv,534,range_080101-080300,80101,80300
B50_original,D:\hpc_project\tdc_unified_core\results\b59_1a_global_physical_order\b51_global_physical_order\B51_hpc_selected_20260817_223017_seed_59101\stages\b50\b50_state_dataset.csv,535,range_080251-080450,80251,80450
B50_original,D:\hpc_project\tdc_unified_core\results\b59_1a_global_physical_order\b51_global_physical_order\B51_hpc_selected_20260817_223017_seed_59101\stages\b50\b50_state_dataset.csv,536,range_080401-080600,80401,80600
B50_original,D:\hpc_project\tdc_unified_core\results\b59_1a_global_physical_order\b51_global_physical_order\B51_hpc_selected_20260817_223017_seed_59101\stages\b50\b50_state_dataset.csv,537,range_080551-080750,80551,80750
B50_original,D:\hpc_project\tdc_unified_core\results\b59_1a_global_physical_order\b51_global_physical_order\B51_hpc_selected_20260817_223017_seed_59101\stages\b50\b50_state_dataset.csv,538,range_080701-080900,80701,80900
B50_original,D:\hpc_project\tdc_unified_core\results\b59_1a_global_physical_order\b51_global_physical_order\B51_hpc_selected_20260817_223017_seed_59101\stages\b50\b50_state_dataset.csv,539,range_080851-081050,80851,81050
B50_original,D:\hpc_project\tdc_unified_core\results\b59_1a_global_physical_order\b51_global_physical_order\B51_hpc_selected_20260817_223017_seed_59101\stages\b50\b50_state_dataset.csv,540,range_081001-081200,81001,81200
B50_original,D:\hpc_project\tdc_unified_core\results\b59_1a_global_physical_order\b51_global_physical_order\B51_hpc_selected_20260817_223017_seed_59101\stages\b50\b50_state_dataset.csv,541,range_081151-081350,81151,81350
B50_original,D:\hpc_project\tdc_unified_core\results\b59_1a_global_physical_order\b51_global_physical_order\B51_hpc_selected_20260817_223017_seed_59101\stages\b50\b50_state_dataset.csv,542,range_081301-081500,81301,81500
B50_original,D:\hpc_project\tdc_unified_core\results\b59_1a_global_physical_order\b51_global_physical_order\B51_hpc_selected_20260817_223017_seed_59101\stages\b50\b50_state_dataset.csv,543,range_081451-081650,81451,81650
B50_original,D:\hpc_project\tdc_unified_core\results\b59_1a_global_physical_order\b51_global_physical_order\B51_hpc_selected_20260817_223017_seed_59101\stages\b50\b50_state_dataset.csv,544,range_081601-081800,81601,81800
B50_original,D:\hpc_project\tdc_unified_core\results\b59_1a_global_physical_order\b51_global_physical_order\B51_hpc_selected_20260817_223017_seed_59101\stages\b50\b50_state_dataset.csv,545,range_081751-081950,81751,81950
B50_original,D:\hpc_project\tdc_unified_core\results\b59_1a_global_physical_order\b51_global_physical_order\B51_hpc_selected_20260817_223017_seed_59101\stages\b50\b50_state_dataset.csv,546,range_081901-082100,81901,82100
B50_original,D:\hpc_project\tdc_unified_core\results\b59_1a_global_physical_order\b51_global_physical_order\B51_hpc_selected_20260817_223017_seed_59101\stages\b50\b50_state_dataset.csv,547,range_082051-082250,82051,82250
B50_original,D:\hpc_project\tdc_unified_core\results\b59_1a_global_physical_order\b51_global_physical_order\B51_hpc_selected_20260817_223017_seed_59101\stages\b50\b50_state_dataset.csv,548,range_082201-082400,82201,82400
B50_original,D:\hpc_project\tdc_unified_core\results\b59_1a_global_physical_order\b51_global_physical_order\B51_hpc_selected_20260817_223017_seed_59101\stages\b50\b50_state_dataset.csv,549,range_082351-082550,82351,82550
B50_original,D:\hpc_project\tdc_unified_core\results\b59_1a_global_physical_order\b51_global_physical_order\B51_hpc_selected_20260817_223017_seed_59101\stages\b50\b50_state_dataset.csv,550,range_082501-082700,82501,82700
B50_original,D:\hpc_project\tdc_unified_core\results\b59_1a_global_physical_order\b51_global_physical_order\B51_hpc_selected_20260817_223017_seed_59101\stages\b50\b50_state_dataset.csv,551,range_082651-082850,82651,82850
B50_original,D:\hpc_project\tdc_unified_core\results\b59_1a_global_physical_order\b51_global_physical_order\B51_hpc_selected_20260817_223017_seed_59101\stages\b50\b50_state_dataset.csv,552,range_082801-083000,82801,83000
B50_original,D:\hpc_project\tdc_unified_core\results\b59_1a_global_physical_order\b51_global_physical_order\B51_hpc_selected_20260817_223017_seed_59101\stages\b50\b50_state_dataset.csv,553,range_082951-083150,82951,83150
B50_original,D:\hpc_project\tdc_unified_core\results\b59_1a_global_physical_order\b51_global_physical_order\B51_hpc_selected_20260817_223017_seed_59101\stages\b50\b50_state_dataset.csv,554,range_083101-083300,83101,83300
B50_original,D:\hpc_project\tdc_unified_core\results\b59_1a_global_physical_order\b51_global_physical_order\B51_hpc_selected_20260817_223017_seed_59101\stages\b50\b50_state_dataset.csv,555,range_083251-083450,83251,83450
B50_original,D:\hpc_project\tdc_unified_core\results\b59_1a_global_physical_order\b51_global_physical_order\B51_hpc_selected_20260817_223017_seed_59101\stages\b50\b50_state_dataset.csv,556,range_083401-083600,83401,83600
B50_original,D:\hpc_project\tdc_unified_core\results\b59_1a_global_physical_order\b51_global_physical_order\B51_hpc_selected_20260817_223017_seed_59101\stages\b50\b50_state_dataset.csv,557,range_083551-083750,83551,83750
B50_original,D:\hpc_project\tdc_unified_core\results\b59_1a_global_physical_order\b51_global_physical_order\B51_hpc_selected_20260817_223017_seed_59101\stages\b50\b50_state_dataset.csv,558,range_083701-083900,83701,83900
B50_original,D:\hpc_project\tdc_unified_core\results\b59_1a_global_physical_order\b51_global_physical_order\B51_hpc_selected_20260817_223017_seed_59101\stages\b50\b50_state_dataset.csv,559,range_083851-084050,83851,84050
B50_original,D:\hpc_project\tdc_unified_core\results\b59_1a_global_physical_order\b51_global_physical_order\B51_hpc_selected_20260817_223017_seed_59101\stages\b50\b50_state_dataset.csv,560,range_084001-084200,84001,84200
B50_original,D:\hpc_project\tdc_unified_core\results\b59_1a_global_physical_order\b51_global_physical_order\B51_hpc_selected_20260817_223017_seed_59101\stages\b50\b50_state_dataset.csv,561,range_084151-084350,84151,84350
B50_original,D:\hpc_project\tdc_unified_core\results\b59_1a_global_physical_order\b51_global_physical_order\B51_hpc_selected_20260817_223017_seed_59101\stages\b50\b50_state_dataset.csv,562,range_084301-084500,84301,84500
B50_original,D:\hpc_project\tdc_unified_core\results\b59_1a_global_physical_order\b51_global_physical_order\B51_hpc_selected_20260817_223017_seed_59101\stages\b50\b50_state_dataset.csv,563,range_084451-084650,84451,84650
B50_original,D:\hpc_project\tdc_unified_core\results\b59_1a_global_physical_order\b51_global_physical_order\B51_hpc_selected_20260817_223017_seed_59101\stages\b50\b50_state_dataset.csv,564,range_084601-084800,84601,84800
B50_original,D:\hpc_project\tdc_unified_core\results\b59_1a_global_physical_order\b51_global_physical_order\B51_hpc_selected_20260817_223017_seed_59101\stages\b50\b50_state_dataset.csv,565,range_084751-084950,84751,84950
B50_original,D:\hpc_project\tdc_unified_core\results\b59_1a_global_physical_order\b51_global_physical_order\B51_hpc_selected_20260817_223017_seed_59101\stages\b50\b50_state_dataset.csv,566,range_084901-085100,84901,85100
B50_original,D:\hpc_project\tdc_unified_core\results\b59_1a_global_physical_order\b51_global_physical_order\B51_hpc_selected_20260817_223017_seed_59101\stages\b50\b50_state_dataset.csv,567,range_085051-085250,85051,85250
B50_original,D:\hpc_project\tdc_unified_core\results\b59_1a_global_physical_order\b51_global_physical_order\B51_hpc_selected_20260817_223017_seed_59101\stages\b50\b50_state_dataset.csv,568,range_085201-085400,85201,85400
B50_original,D:\hpc_project\tdc_unified_core\results\b59_1a_global_physical_order\b51_global_physical_order\B51_hpc_selected_20260817_223017_seed_59101\stages\b50\b50_state_dataset.csv,569,range_085351-085550,85351,85550
B50_original,D:\hpc_project\tdc_unified_core\results\b59_1a_global_physical_order\b51_global_physical_order\B51_hpc_selected_20260817_223017_seed_59101\stages\b50\b50_state_dataset.csv,570,range_085501-085700,85501,85700
B50_original,D:\hpc_project\tdc_unified_core\results\b59_1a_global_physical_order\b51_global_physical_order\B51_hpc_selected_20260817_223017_seed_59101\stages\b50\b50_state_dataset.csv,571,range_085651-085850,85651,85850
B50_original,D:\hpc_project\tdc_unified_core\results\b59_1a_global_physical_order\b51_global_physical_order\B51_hpc_selected_20260817_223017_seed_59101\stages\b50\b50_state_dataset.csv,572,range_085801-086000,85801,86000
B50_original,D:\hpc_project\tdc_unified_core\results\b59_1a_global_physical_order\b51_global_physical_order\B51_hpc_selected_20260817_223017_seed_59101\stages\b50\b50_state_dataset.csv,573,range_085951-086150,85951,86150
B50_original,D:\hpc_project\tdc_unified_core\results\b59_1a_global_physical_order\b51_global_physical_order\B51_hpc_selected_20260817_223017_seed_59101\stages\b50\b50_state_dataset.csv,574,range_086101-086300,86101,86300
B50_original,D:\hpc_project\tdc_unified_core\results\b59_1a_global_physical_order\b51_global_physical_order\B51_hpc_selected_20260817_223017_seed_59101\stages\b50\b50_state_dataset.csv,575,range_086251-086450,86251,86450
B50_original,D:\hpc_project\tdc_unified_core\results\b59_1a_global_physical_order\b51_global_physical_order\B51_hpc_selected_20260817_223017_seed_59101\stages\b50\b50_state_dataset.csv,576,range_086401-086600,86401,86600
B50_original,D:\hpc_project\tdc_unified_core\results\b59_1a_global_physical_order\b51_global_physical_order\B51_hpc_selected_20260817_223017_seed_59101\stages\b50\b50_state_dataset.csv,577,range_086551-086750,86551,86750
B50_original,D:\hpc_project\tdc_unified_core\results\b59_1a_global_physical_order\b51_global_physical_order\B51_hpc_selected_20260817_223017_seed_59101\stages\b50\b50_state_dataset.csv,578,range_086701-086900,86701,86900
B50_original,D:\hpc_project\tdc_unified_core\results\b59_1a_global_physical_order\b51_global_physical_order\B51_hpc_selected_20260817_223017_seed_59101\stages\b50\b50_state_dataset.csv,579,range_086851-087050,86851,87050
B50_original,D:\hpc_project\tdc_unified_core\results\b59_1a_global_physical_order\b51_global_physical_order\B51_hpc_selected_20260817_223017_seed_59101\stages\b50\b50_state_dataset.csv,580,range_087001-087200,87001,87200
B50_original,D:\hpc_project\tdc_unified_core\results\b59_1a_global_physical_order\b51_global_physical_order\B51_hpc_selected_20260817_223017_seed_59101\stages\b50\b50_state_dataset.csv,581,range_087151-087350,87151,87350
B50_original,D:\hpc_project\tdc_unified_core\results\b59_1a_global_physical_order\b51_global_physical_order\B51_hpc_selected_20260817_223017_seed_59101\stages\b50\b50_state_dataset.csv,582,range_087301-087500,87301,87500
B50_original,D:\hpc_project\tdc_unified_core\results\b59_1a_global_physical_order\b51_global_physical_order\B51_hpc_selected_20260817_223017_seed_59101\stages\b50\b50_state_dataset.csv,583,range_087451-087650,87451,87650
B50_original,D:\hpc_project\tdc_unified_core\results\b59_1a_global_physical_order\b51_global_physical_order\B51_hpc_selected_20260817_223017_seed_59101\stages\b50\b50_state_dataset.csv,584,range_087601-087800,87601,87800
B50_original,D:\hpc_project\tdc_unified_core\results\b59_1a_global_physical_order\b51_global_physical_order\B51_hpc_selected_20260817_223017_seed_59101\stages\b50\b50_state_dataset.csv,585,range_087751-087950,87751,87950
B50_original,D:\hpc_project\tdc_unified_core\results\b59_1a_global_physical_order\b51_global_physical_order\B51_hpc_selected_20260817_223017_seed_59101\stages\b50\b50_state_dataset.csv,586,range_087901-088100,87901,88100
B50_original,D:\hpc_project\tdc_unified_core\results\b59_1a_global_physical_order\b51_global_physical_order\B51_hpc_selected_20260817_223017_seed_59101\stages\b50\b50_state_dataset.csv,587,range_088051-088250,88051,88250
B50_original,D:\hpc_project\tdc_unified_core\results\b59_1a_global_physical_order\b51_global_physical_order\B51_hpc_selected_20260817_223017_seed_59101\stages\b50\b50_state_dataset.csv,588,range_088201-088400,88201,88400
B50_original,D:\hpc_project\tdc_unified_core\results\b59_1a_global_physical_order\b51_global_physical_order\B51_hpc_selected_20260817_223017_seed_59101\stages\b50\b50_state_dataset.csv,589,range_088351-088550,88351,88550
B50_original,D:\hpc_project\tdc_unified_core\results\b59_1a_global_physical_order\b51_global_physical_order\B51_hpc_selected_20260817_223017_seed_59101\stages\b50\b50_state_dataset.csv,590,range_088501-088700,88501,88700
B50_original,D:\hpc_project\tdc_unified_core\results\b59_1a_global_physical_order\b51_global_physical_order\B51_hpc_selected_20260817_223017_seed_59101\stages\b50\b50_state_dataset.csv,591,range_088651-088850,88651,88850
B50_original,D:\hpc_project\tdc_unified_core\results\b59_1a_global_physical_order\b51_global_physical_order\B51_hpc_selected_20260817_223017_seed_59101\stages\b50\b50_state_dataset.csv,592,range_088801-089000,88801,89000
B50_original,D:\hpc_project\tdc_unified_core\results\b59_1a_global_physical_order\b51_global_physical_order\B51_hpc_selected_20260817_223017_seed_59101\stages\b50\b50_state_dataset.csv,593,range_088951-089150,88951,89150
B50_original,D:\hpc_project\tdc_unified_core\results\b59_1a_global_physical_order\b51_global_physical_order\B51_hpc_selected_20260817_223017_seed_59101\stages\b50\b50_state_dataset.csv,594,range_089101-089300,89101,89300
B50_original,D:\hpc_project\tdc_unified_core\results\b59_1a_global_physical_order\b51_global_physical_order\B51_hpc_selected_20260817_223017_seed_59101\stages\b50\b50_state_dataset.csv,595,range_089251-089450,89251,89450
B50_original,D:\hpc_project\tdc_unified_core\results\b59_1a_global_physical_order\b51_global_physical_order\B51_hpc_selected_20260817_223017_seed_59101\stages\b50\b50_state_dataset.csv,596,range_089401-089600,89401,89600
B50_original,D:\hpc_project\tdc_unified_core\results\b59_1a_global_physical_order\b51_global_physical_order\B51_hpc_selected_20260817_223017_seed_59101\stages\b50\b50_state_dataset.csv,597,range_089551-089750,89551,89750
B50_original,D:\hpc_project\tdc_unified_core\results\b59_1a_global_physical_order\b51_global_physical_order\B51_hpc_selected_20260817_223017_seed_59101\stages\b50\b50_state_dataset.csv,598,range_089701-089900,89701,89900
B50_original,D:\hpc_project\tdc_unified_core\results\b59_1a_global_physical_order\b51_global_physical_order\B51_hpc_selected_20260817_223017_seed_59101\stages\b50\b50_state_dataset.csv,599,range_089851-090050,89851,90050
B50_original,D:\hpc_project\tdc_unified_core\results\b59_1a_global_physical_order\b51_global_physical_order\B51_hpc_selected_20260817_223017_seed_59101\stages\b50\b50_state_dataset.csv,600,range_090001-090200,90001,90200
B50_original,D:\hpc_project\tdc_unified_core\results\b59_1a_global_physical_order\b51_global_physical_order\B51_hpc_selected_20260817_223017_seed_59101\stages\b50\b50_state_dataset.csv,601,range_090151-090350,90151,90350
B50_original,D:\hpc_project\tdc_unified_core\results\b59_1a_global_physical_order\b51_global_physical_order\B51_hpc_selected_20260817_223017_seed_59101\stages\b50\b50_state_dataset.csv,602,range_090301-090500,90301,90500
B50_original,D:\hpc_project\tdc_unified_core\results\b59_1a_global_physical_order\b51_global_physical_order\B51_hpc_selected_20260817_223017_seed_59101\stages\b50\b50_state_dataset.csv,603,range_090451-090650,90451,90650
B50_original,D:\hpc_project\tdc_unified_core\results\b59_1a_global_physical_order\b51_global_physical_order\B51_hpc_selected_20260817_223017_seed_59101\stages\b50\b50_state_dataset.csv,604,range_090601-090800,90601,90800
B50_original,D:\hpc_project\tdc_unified_core\results\b59_1a_global_physical_order\b51_global_physical_order\B51_hpc_selected_20260817_223017_seed_59101\stages\b50\b50_state_dataset.csv,605,range_090751-090950,90751,90950
B50_original,D:\hpc_project\tdc_unified_core\results\b59_1a_global_physical_order\b51_global_physical_order\B51_hpc_selected_20260817_223017_seed_59101\stages\b50\b50_state_dataset.csv,606,range_090901-091100,90901,91100
B50_original,D:\hpc_project\tdc_unified_core\results\b59_1a_global_physical_order\b51_global_physical_order\B51_hpc_selected_20260817_223017_seed_59101\stages\b50\b50_state_dataset.csv,607,range_091051-091250,91051,91250
B50_original,D:\hpc_project\tdc_unified_core\results\b59_1a_global_physical_order\b51_global_physical_order\B51_hpc_selected_20260817_223017_seed_59101\stages\b50\b50_state_dataset.csv,608,range_091201-091400,91201,91400
B50_original,D:\hpc_project\tdc_unified_core\results\b59_1a_global_physical_order\b51_global_physical_order\B51_hpc_selected_20260817_223017_seed_59101\stages\b50\b50_state_dataset.csv,609,range_091351-091550,91351,91550
B50_original,D:\hpc_project\tdc_unified_core\results\b59_1a_global_physical_order\b51_global_physical_order\B51_hpc_selected_20260817_223017_seed_59101\stages\b50\b50_state_dataset.csv,610,range_091501-091700,91501,91700
B50_original,D:\hpc_project\tdc_unified_core\results\b59_1a_global_physical_order\b51_global_physical_order\B51_hpc_selected_20260817_223017_seed_59101\stages\b50\b50_state_dataset.csv,611,range_091651-091850,91651,91850
B50_original,D:\hpc_project\tdc_unified_core\results\b59_1a_global_physical_order\b51_global_physical_order\B51_hpc_selected_20260817_223017_seed_59101\stages\b50\b50_state_dataset.csv,612,range_091801-092000,91801,92000
B50_original,D:\hpc_project\tdc_unified_core\results\b59_1a_global_physical_order\b51_global_physical_order\B51_hpc_selected_20260817_223017_seed_59101\stages\b50\b50_state_dataset.csv,613,range_091951-092150,91951,92150
B50_original,D:\hpc_project\tdc_unified_core\results\b59_1a_global_physical_order\b51_global_physical_order\B51_hpc_selected_20260817_223017_seed_59101\stages\b50\b50_state_dataset.csv,614,range_092101-092300,92101,92300
B50_original,D:\hpc_project\tdc_unified_core\results\b59_1a_global_physical_order\b51_global_physical_order\B51_hpc_selected_20260817_223017_seed_59101\stages\b50\b50_state_dataset.csv,615,range_092251-092450,92251,92450
B50_original,D:\hpc_project\tdc_unified_core\results\b59_1a_global_physical_order\b51_global_physical_order\B51_hpc_selected_20260817_223017_seed_59101\stages\b50\b50_state_dataset.csv,616,range_092401-092600,92401,92600
B50_original,D:\hpc_project\tdc_unified_core\results\b59_1a_global_physical_order\b51_global_physical_order\B51_hpc_selected_20260817_223017_seed_59101\stages\b50\b50_state_dataset.csv,617,range_092551-092750,92551,92750
B50_original,D:\hpc_project\tdc_unified_core\results\b59_1a_global_physical_order\b51_global_physical_order\B51_hpc_selected_20260817_223017_seed_59101\stages\b50\b50_state_dataset.csv,618,range_092701-092900,92701,92900
B50_original,D:\hpc_project\tdc_unified_core\results\b59_1a_global_physical_order\b51_global_physical_order\B51_hpc_selected_20260817_223017_seed_59101\stages\b50\b50_state_dataset.csv,619,range_092851-093050,92851,93050
B50_original,D:\hpc_project\tdc_unified_core\results\b59_1a_global_physical_order\b51_global_physical_order\B51_hpc_selected_20260817_223017_seed_59101\stages\b50\b50_state_dataset.csv,620,range_093001-093200,93001,93200
B50_original,D:\hpc_project\tdc_unified_core\results\b59_1a_global_physical_order\b51_global_physical_order\B51_hpc_selected_20260817_223017_seed_59101\stages\b50\b50_state_dataset.csv,621,range_093151-093350,93151,93350
B50_original,D:\hpc_project\tdc_unified_core\results\b59_1a_global_physical_order\b51_global_physical_order\B51_hpc_selected_20260817_223017_seed_59101\stages\b50\b50_state_dataset.csv,622,range_093301-093500,93301,93500
B50_original,D:\hpc_project\tdc_unified_core\results\b59_1a_global_physical_order\b51_global_physical_order\B51_hpc_selected_20260817_223017_seed_59101\stages\b50\b50_state_dataset.csv,623,range_093451-093650,93451,93650
B50_original,D:\hpc_project\tdc_unified_core\results\b59_1a_global_physical_order\b51_global_physical_order\B51_hpc_selected_20260817_223017_seed_59101\stages\b50\b50_state_dataset.csv,624,range_093601-093800,93601,93800
B50_original,D:\hpc_project\tdc_unified_core\results\b59_1a_global_physical_order\b51_global_physical_order\B51_hpc_selected_20260817_223017_seed_59101\stages\b50\b50_state_dataset.csv,625,range_093751-093950,93751,93950
B50_original,D:\hpc_project\tdc_unified_core\results\b59_1a_global_physical_order\b51_global_physical_order\B51_hpc_selected_20260817_223017_seed_59101\stages\b50\b50_state_dataset.csv,626,range_093901-094100,93901,94100
B50_original,D:\hpc_project\tdc_unified_core\results\b59_1a_global_physical_order\b51_global_physical_order\B51_hpc_selected_20260817_223017_seed_59101\stages\b50\b50_state_dataset.csv,627,range_094051-094250,94051,94250
B50_original,D:\hpc_project\tdc_unified_core\results\b59_1a_global_physical_order\b51_global_physical_order\B51_hpc_selected_20260817_223017_seed_59101\stages\b50\b50_state_dataset.csv,628,range_094201-094400,94201,94400
B50_original,D:\hpc_project\tdc_unified_core\results\b59_1a_global_physical_order\b51_global_physical_order\B51_hpc_selected_20260817_223017_seed_59101\stages\b50\b50_state_dataset.csv,629,range_094351-094550,94351,94550
B50_original,D:\hpc_project\tdc_unified_core\results\b59_1a_global_physical_order\b51_global_physical_order\B51_hpc_selected_20260817_223017_seed_59101\stages\b50\b50_state_dataset.csv,630,range_094501-094700,94501,94700
B50_original,D:\hpc_project\tdc_unified_core\results\b59_1a_global_physical_order\b51_global_physical_order\B51_hpc_selected_20260817_223017_seed_59101\stages\b50\b50_state_dataset.csv,631,range_094651-094850,94651,94850
B50_original,D:\hpc_project\tdc_unified_core\results\b59_1a_global_physical_order\b51_global_physical_order\B51_hpc_selected_20260817_223017_seed_59101\stages\b50\b50_state_dataset.csv,632,range_094801-095000,94801,95000
B50_original,D:\hpc_project\tdc_unified_core\results\b59_1a_global_physical_order\b51_global_physical_order\B51_hpc_selected_20260817_223017_seed_59101\stages\b50\b50_state_dataset.csv,633,range_094951-095150,94951,95150
B50_original,D:\hpc_project\tdc_unified_core\results\b59_1a_global_physical_order\b51_global_physical_order\B51_hpc_selected_20260817_223017_seed_59101\stages\b50\b50_state_dataset.csv,634,range_095101-095300,95101,95300
B50_original,D:\hpc_project\tdc_unified_core\results\b59_1a_global_physical_order\b51_global_physical_order\B51_hpc_selected_20260817_223017_seed_59101\stages\b50\b50_state_dataset.csv,635,range_095251-095450,95251,95450
B50_original,D:\hpc_project\tdc_unified_core\results\b59_1a_global_physical_order\b51_global_physical_order\B51_hpc_selected_20260817_223017_seed_59101\stages\b50\b50_state_dataset.csv,636,range_095401-095600,95401,95600
B50_original,D:\hpc_project\tdc_unified_core\results\b59_1a_global_physical_order\b51_global_physical_order\B51_hpc_selected_20260817_223017_seed_59101\stages\b50\b50_state_dataset.csv,637,range_095551-095750,95551,95750
B50_original,D:\hpc_project\tdc_unified_core\results\b59_1a_global_physical_order\b51_global_physical_order\B51_hpc_selected_20260817_223017_seed_59101\stages\b50\b50_state_dataset.csv,638,range_095701-095900,95701,95900
B50_original,D:\hpc_project\tdc_unified_core\results\b59_1a_global_physical_order\b51_global_physical_order\B51_hpc_selected_20260817_223017_seed_59101\stages\b50\b50_state_dataset.csv,639,range_095851-096050,95851,96050
B50_original,D:\hpc_project\tdc_unified_core\results\b59_1a_global_physical_order\b51_global_physical_order\B51_hpc_selected_20260817_223017_seed_59101\stages\b50\b50_state_dataset.csv,640,range_096001-096200,96001,96200
B50_original,D:\hpc_project\tdc_unified_core\results\b59_1a_global_physical_order\b51_global_physical_order\B51_hpc_selected_20260817_223017_seed_59101\stages\b50\b50_state_dataset.csv,641,range_096151-096350,96151,96350
B50_original,D:\hpc_project\tdc_unified_core\results\b59_1a_global_physical_order\b51_global_physical_order\B51_hpc_selected_20260817_223017_seed_59101\stages\b50\b50_state_dataset.csv,642,range_096301-096500,96301,96500
B50_original,D:\hpc_project\tdc_unified_core\results\b59_1a_global_physical_order\b51_global_physical_order\B51_hpc_selected_20260817_223017_seed_59101\stages\b50\b50_state_dataset.csv,643,range_096451-096650,96451,96650
B50_original,D:\hpc_project\tdc_unified_core\results\b59_1a_global_physical_order\b51_global_physical_order\B51_hpc_selected_20260817_223017_seed_59101\stages\b50\b50_state_dataset.csv,644,range_096601-096800,96601,96800
B50_original,D:\hpc_project\tdc_unified_core\results\b59_1a_global_physical_order\b51_global_physical_order\B51_hpc_selected_20260817_223017_seed_59101\stages\b50\b50_state_dataset.csv,645,range_096751-096950,96751,96950
B50_original,D:\hpc_project\tdc_unified_core\results\b59_1a_global_physical_order\b51_global_physical_order\B51_hpc_selected_20260817_223017_seed_59101\stages\b50\b50_state_dataset.csv,646,range_096901-097100,96901,97100
B50_original,D:\hpc_project\tdc_unified_core\results\b59_1a_global_physical_order\b51_global_physical_order\B51_hpc_selected_20260817_223017_seed_59101\stages\b50\b50_state_dataset.csv,647,range_097051-097250,97051,97250
B50_original,D:\hpc_project\tdc_unified_core\results\b59_1a_global_physical_order\b51_global_physical_order\B51_hpc_selected_20260817_223017_seed_59101\stages\b50\b50_state_dataset.csv,648,range_097201-097400,97201,97400
B50_original,D:\hpc_project\tdc_unified_core\results\b59_1a_global_physical_order\b51_global_physical_order\B51_hpc_selected_20260817_223017_seed_59101\stages\b50\b50_state_dataset.csv,649,range_097351-097550,97351,97550
B50_original,D:\hpc_project\tdc_unified_core\results\b59_1a_global_physical_order\b51_global_physical_order\B51_hpc_selected_20260817_223017_seed_59101\stages\b50\b50_state_dataset.csv,650,range_097501-097700,97501,97700
B50_original,D:\hpc_project\tdc_unified_core\results\b59_1a_global_physical_order\b51_global_physical_order\B51_hpc_selected_20260817_223017_seed_59101\stages\b50\b50_state_dataset.csv,651,range_097651-097850,97651,97850
B50_original,D:\hpc_project\tdc_unified_core\results\b59_1a_global_physical_order\b51_global_physical_order\B51_hpc_selected_20260817_223017_seed_59101\stages\b50\b50_state_dataset.csv,652,range_097801-098000,97801,98000
B50_original,D:\hpc_project\tdc_unified_core\results\b59_1a_global_physical_order\b51_global_physical_order\B51_hpc_selected_20260817_223017_seed_59101\stages\b50\b50_state_dataset.csv,653,range_097951-098150,97951,98150
B50_original,D:\hpc_project\tdc_unified_core\results\b59_1a_global_physical_order\b51_global_physical_order\B51_hpc_selected_20260817_223017_seed_59101\stages\b50\b50_state_dataset.csv,654,range_098101-098300,98101,98300
B50_original,D:\hpc_project\tdc_unified_core\results\b59_1a_global_physical_order\b51_global_physical_order\B51_hpc_selected_20260817_223017_seed_59101\stages\b50\b50_state_dataset.csv,655,range_098251-098450,98251,98450
B50_original,D:\hpc_project\tdc_unified_core\results\b59_1a_global_physical_order\b51_global_physical_order\B51_hpc_selected_20260817_223017_seed_59101\stages\b50\b50_state_dataset.csv,656,range_098401-098600,98401,98600
B50_original,D:\hpc_project\tdc_unified_core\results\b59_1a_global_physical_order\b51_global_physical_order\B51_hpc_selected_20260817_223017_seed_59101\stages\b50\b50_state_dataset.csv,657,range_098551-098750,98551,98750
B50_original,D:\hpc_project\tdc_unified_core\results\b59_1a_global_physical_order\b51_global_physical_order\B51_hpc_selected_20260817_223017_seed_59101\stages\b50\b50_state_dataset.csv,658,range_098701-098900,98701,98900
B50_original,D:\hpc_project\tdc_unified_core\results\b59_1a_global_physical_order\b51_global_physical_order\B51_hpc_selected_20260817_223017_seed_59101\stages\b50\b50_state_dataset.csv,659,range_098851-099050,98851,99050
B50_original,D:\hpc_project\tdc_unified_core\results\b59_1a_global_physical_order\b51_global_physical_order\B51_hpc_selected_20260817_223017_seed_59101\stages\b50\b50_state_dataset.csv,660,range_099001-099200,99001,99200
B50_original,D:\hpc_project\tdc_unified_core\results\b59_1a_global_physical_order\b51_global_physical_order\B51_hpc_selected_20260817_223017_seed_59101\stages\b50\b50_state_dataset.csv,661,range_099151-099350,99151,99350
B50_original,D:\hpc_project\tdc_unified_core\results\b59_1a_global_physical_order\b51_global_physical_order\B51_hpc_selected_20260817_223017_seed_59101\stages\b50\b50_state_dataset.csv,662,range_099301-099500,99301,99500
B50_original,D:\hpc_project\tdc_unified_core\results\b59_1a_global_physical_order\b51_global_physical_order\B51_hpc_selected_20260817_223017_seed_59101\stages\b50\b50_state_dataset.csv,663,range_099451-099650,99451,99650
B50_original,D:\hpc_project\tdc_unified_core\results\b59_1a_global_physical_order\b51_global_physical_order\B51_hpc_selected_20260817_223017_seed_59101\stages\b50\b50_state_dataset.csv,664,range_099601-099800,99601,99800
B50_original,D:\hpc_project\tdc_unified_core\results\b59_1a_global_physical_order\b51_global_physical_order\B51_hpc_selected_20260817_223017_seed_59101\stages\b50\b50_state_dataset.csv,665,range_099751-099950,99751,99950
B50.7_plus75,d:\hpc_project\tdc_unified_core\results\b50_7_external_offset\b50_7_offset_window_plan.csv,0,range_000076-000275,76,275
B50.7_plus75,d:\hpc_project\tdc_unified_core\results\b50_7_external_offset\b50_7_offset_window_plan.csv,1,range_000226-000425,226,425
B50.7_plus75,d:\hpc_project\tdc_unified_core\results\b50_7_external_offset\b50_7_offset_window_plan.csv,2,range_000376-000575,376,575
B50.7_plus75,d:\hpc_project\tdc_unified_core\results\b50_7_external_offset\b50_7_offset_window_plan.csv,3,range_000526-000725,526,725
B50.7_plus75,d:\hpc_project\tdc_unified_core\results\b50_7_external_offset\b50_7_offset_window_plan.csv,4,range_000676-000875,676,875
B50.7_plus75,d:\hpc_project\tdc_unified_core\results\b50_7_external_offset\b50_7_offset_window_plan.csv,5,range_000826-001025,826,1025
B50.7_plus75,d:\hpc_project\tdc_unified_core\results\b50_7_external_offset\b50_7_offset_window_plan.csv,6,range_000976-001175,976,1175
B50.7_plus75,d:\hpc_project\tdc_unified_core\results\b50_7_external_offset\b50_7_offset_window_plan.csv,7,range_001126-001325,1126,1325
B50.7_plus75,d:\hpc_project\tdc_unified_core\results\b50_7_external_offset\b50_7_offset_window_plan.csv,8,range_001276-001475,1276,1475
B50.7_plus75,d:\hpc_project\tdc_unified_core\results\b50_7_external_offset\b50_7_offset_window_plan.csv,9,range_001426-001625,1426,1625
B50.7_plus75,d:\hpc_project\tdc_unified_core\results\b50_7_external_offset\b50_7_offset_window_plan.csv,10,range_001576-001775,1576,1775
B50.7_plus75,d:\hpc_project\tdc_unified_core\results\b50_7_external_offset\b50_7_offset_window_plan.csv,11,range_001726-001925,1726,1925
B50.7_plus75,d:\hpc_project\tdc_unified_core\results\b50_7_external_offset\b50_7_offset_window_plan.csv,12,range_001876-002075,1876,2075
B50.7_plus75,d:\hpc_project\tdc_unified_core\results\b50_7_external_offset\b50_7_offset_window_plan.csv,13,range_002026-002225,2026,2225
B50.7_plus75,d:\hpc_project\tdc_unified_core\results\b50_7_external_offset\b50_7_offset_window_plan.csv,14,range_002176-002375,2176,2375
B50.7_plus75,d:\hpc_project\tdc_unified_core\results\b50_7_external_offset\b50_7_offset_window_plan.csv,15,range_002326-002525,2326,2525
B50.7_plus75,d:\hpc_project\tdc_unified_core\results\b50_7_external_offset\b50_7_offset_window_plan.csv,16,range_002476-002675,2476,2675
B50.7_plus75,d:\hpc_project\tdc_unified_core\results\b50_7_external_offset\b50_7_offset_window_plan.csv,17,range_002626-002825,2626,2825
B50.7_plus75,d:\hpc_project\tdc_unified_core\results\b50_7_external_offset\b50_7_offset_window_plan.csv,18,range_002776-002975,2776,2975
B50.7_plus75,d:\hpc_project\tdc_unified_core\results\b50_7_external_offset\b50_7_offset_window_plan.csv,19,range_002926-003125,2926,3125
B50.7_plus75,d:\hpc_project\tdc_unified_core\results\b50_7_external_offset\b50_7_offset_window_plan.csv,20,range_003076-003275,3076,3275
B50.7_plus75,d:\hpc_project\tdc_unified_core\results\b50_7_external_offset\b50_7_offset_window_plan.csv,21,range_003226-003425,3226,3425
B50.7_plus75,d:\hpc_project\tdc_unified_core\results\b50_7_external_offset\b50_7_offset_window_plan.csv,22,range_003376-003575,3376,3575
B50.7_plus75,d:\hpc_project\tdc_unified_core\results\b50_7_external_offset\b50_7_offset_window_plan.csv,23,range_003526-003725,3526,3725
B50.7_plus75,d:\hpc_project\tdc_unified_core\results\b50_7_external_offset\b50_7_offset_window_plan.csv,24,range_003676-003875,3676,3875
B50.7_plus75,d:\hpc_project\tdc_unified_core\results\b50_7_external_offset\b50_7_offset_window_plan.csv,25,range_003826-004025,3826,4025
B50.7_plus75,d:\hpc_project\tdc_unified_core\results\b50_7_external_offset\b50_7_offset_window_plan.csv,26,range_003976-004175,3976,4175
B50.7_plus75,d:\hpc_project\tdc_unified_core\results\b50_7_external_offset\b50_7_offset_window_plan.csv,27,range_004126-004325,4126,4325
B50.7_plus75,d:\hpc_project\tdc_unified_core\results\b50_7_external_offset\b50_7_offset_window_plan.csv,28,range_004276-004475,4276,4475
B50.7_plus75,d:\hpc_project\tdc_unified_core\results\b50_7_external_offset\b50_7_offset_window_plan.csv,29,range_004426-004625,4426,4625
B50.7_plus75,d:\hpc_project\tdc_unified_core\results\b50_7_external_offset\b50_7_offset_window_plan.csv,30,range_004576-004775,4576,4775
B50.7_plus75,d:\hpc_project\tdc_unified_core\results\b50_7_external_offset\b50_7_offset_window_plan.csv,31,range_004726-004925,4726,4925
B50.7_plus75,d:\hpc_project\tdc_unified_core\results\b50_7_external_offset\b50_7_offset_window_plan.csv,32,range_004876-005075,4876,5075
B50.7_plus75,d:\hpc_project\tdc_unified_core\results\b50_7_external_offset\b50_7_offset_window_plan.csv,33,range_005026-005225,5026,5225
B50.7_plus75,d:\hpc_project\tdc_unified_core\results\b50_7_external_offset\b50_7_offset_window_plan.csv,34,range_005176-005375,5176,5375
B50.7_plus75,d:\hpc_project\tdc_unified_core\results\b50_7_external_offset\b50_7_offset_window_plan.csv,35,range_005326-005525,5326,5525
B50.7_plus75,d:\hpc_project\tdc_unified_core\results\b50_7_external_offset\b50_7_offset_window_plan.csv,36,range_005476-005675,5476,5675
B50.7_plus75,d:\hpc_project\tdc_unified_core\results\b50_7_external_offset\b50_7_offset_window_plan.csv,37,range_005626-005825,5626,5825
B50.7_plus75,d:\hpc_project\tdc_unified_core\results\b50_7_external_offset\b50_7_offset_window_plan.csv,38,range_005776-005975,5776,5975
B50.7_plus75,d:\hpc_project\tdc_unified_core\results\b50_7_external_offset\b50_7_offset_window_plan.csv,39,range_005926-006125,5926,6125
B50.7_plus75,d:\hpc_project\tdc_unified_core\results\b50_7_external_offset\b50_7_offset_window_plan.csv,40,range_006076-006275,6076,6275
B50.7_plus75,d:\hpc_project\tdc_unified_core\results\b50_7_external_offset\b50_7_offset_window_plan.csv,41,range_006226-006425,6226,6425
B50.7_plus75,d:\hpc_project\tdc_unified_core\results\b50_7_external_offset\b50_7_offset_window_plan.csv,42,range_006376-006575,6376,6575
B50.7_plus75,d:\hpc_project\tdc_unified_core\results\b50_7_external_offset\b50_7_offset_window_plan.csv,43,range_006526-006725,6526,6725
B50.7_plus75,d:\hpc_project\tdc_unified_core\results\b50_7_external_offset\b50_7_offset_window_plan.csv,44,range_006676-006875,6676,6875
B50.7_plus75,d:\hpc_project\tdc_unified_core\results\b50_7_external_offset\b50_7_offset_window_plan.csv,45,range_006826-007025,6826,7025
B50.7_plus75,d:\hpc_project\tdc_unified_core\results\b50_7_external_offset\b50_7_offset_window_plan.csv,46,range_006976-007175,6976,7175
B50.7_plus75,d:\hpc_project\tdc_unified_core\results\b50_7_external_offset\b50_7_offset_window_plan.csv,47,range_007126-007325,7126,7325
B50.7_plus75,d:\hpc_project\tdc_unified_core\results\b50_7_external_offset\b50_7_offset_window_plan.csv,48,range_007276-007475,7276,7475
B50.7_plus75,d:\hpc_project\tdc_unified_core\results\b50_7_external_offset\b50_7_offset_window_plan.csv,49,range_007426-007625,7426,7625
B50.7_plus75,d:\hpc_project\tdc_unified_core\results\b50_7_external_offset\b50_7_offset_window_plan.csv,50,range_007576-007775,7576,7775
B50.7_plus75,d:\hpc_project\tdc_unified_core\results\b50_7_external_offset\b50_7_offset_window_plan.csv,51,range_007726-007925,7726,7925
B50.7_plus75,d:\hpc_project\tdc_unified_core\results\b50_7_external_offset\b50_7_offset_window_plan.csv,52,range_007876-008075,7876,8075
B50.7_plus75,d:\hpc_project\tdc_unified_core\results\b50_7_external_offset\b50_7_offset_window_plan.csv,53,range_008026-008225,8026,8225
B50.7_plus75,d:\hpc_project\tdc_unified_core\results\b50_7_external_offset\b50_7_offset_window_plan.csv,54,range_008176-008375,8176,8375
B50.7_plus75,d:\hpc_project\tdc_unified_core\results\b50_7_external_offset\b50_7_offset_window_plan.csv,55,range_008326-008525,8326,8525
B50.7_plus75,d:\hpc_project\tdc_unified_core\results\b50_7_external_offset\b50_7_offset_window_plan.csv,56,range_008476-008675,8476,8675
B50.7_plus75,d:\hpc_project\tdc_unified_core\results\b50_7_external_offset\b50_7_offset_window_plan.csv,57,range_008626-008825,8626,8825
B50.7_plus75,d:\hpc_project\tdc_unified_core\results\b50_7_external_offset\b50_7_offset_window_plan.csv,58,range_008776-008975,8776,8975
B50.7_plus75,d:\hpc_project\tdc_unified_core\results\b50_7_external_offset\b50_7_offset_window_plan.csv,59,range_008926-009125,8926,9125
B50.7_plus75,d:\hpc_project\tdc_unified_core\results\b50_7_external_offset\b50_7_offset_window_plan.csv,60,range_009076-009275,9076,9275
B50.7_plus75,d:\hpc_project\tdc_unified_core\results\b50_7_external_offset\b50_7_offset_window_plan.csv,61,range_009226-009425,9226,9425
B50.7_plus75,d:\hpc_project\tdc_unified_core\results\b50_7_external_offset\b50_7_offset_window_plan.csv,62,range_009376-009575,9376,9575
B50.7_plus75,d:\hpc_project\tdc_unified_core\results\b50_7_external_offset\b50_7_offset_window_plan.csv,63,range_009526-009725,9526,9725
B50.7_plus75,d:\hpc_project\tdc_unified_core\results\b50_7_external_offset\b50_7_offset_window_plan.csv,64,range_009676-009875,9676,9875
B50.7_plus75,d:\hpc_project\tdc_unified_core\results\b50_7_external_offset\b50_7_offset_window_plan.csv,65,range_009826-010025,9826,10025
B50.7_plus75,d:\hpc_project\tdc_unified_core\results\b50_7_external_offset\b50_7_offset_window_plan.csv,66,range_009976-010175,9976,10175
B50.7_plus75,d:\hpc_project\tdc_unified_core\results\b50_7_external_offset\b50_7_offset_window_plan.csv,67,range_010126-010325,10126,10325
B50.7_plus75,d:\hpc_project\tdc_unified_core\results\b50_7_external_offset\b50_7_offset_window_plan.csv,68,range_010276-010475,10276,10475
B50.7_plus75,d:\hpc_project\tdc_unified_core\results\b50_7_external_offset\b50_7_offset_window_plan.csv,69,range_010426-010625,10426,10625
B50.7_plus75,d:\hpc_project\tdc_unified_core\results\b50_7_external_offset\b50_7_offset_window_plan.csv,70,range_010576-010775,10576,10775
B50.7_plus75,d:\hpc_project\tdc_unified_core\results\b50_7_external_offset\b50_7_offset_window_plan.csv,71,range_010726-010925,10726,10925
B50.7_plus75,d:\hpc_project\tdc_unified_core\results\b50_7_external_offset\b50_7_offset_window_plan.csv,72,range_010876-011075,10876,11075
B50.7_plus75,d:\hpc_project\tdc_unified_core\results\b50_7_external_offset\b50_7_offset_window_plan.csv,73,range_011026-011225,11026,11225
B50.7_plus75,d:\hpc_project\tdc_unified_core\results\b50_7_external_offset\b50_7_offset_window_plan.csv,74,range_011176-011375,11176,11375
B50.7_plus75,d:\hpc_project\tdc_unified_core\results\b50_7_external_offset\b50_7_offset_window_plan.csv,75,range_011326-011525,11326,11525
B50.7_plus75,d:\hpc_project\tdc_unified_core\results\b50_7_external_offset\b50_7_offset_window_plan.csv,76,range_011476-011675,11476,11675
B50.7_plus75,d:\hpc_project\tdc_unified_core\results\b50_7_external_offset\b50_7_offset_window_plan.csv,77,range_011626-011825,11626,11825
B50.7_plus75,d:\hpc_project\tdc_unified_core\results\b50_7_external_offset\b50_7_offset_window_plan.csv,78,range_011776-011975,11776,11975
B50.7_plus75,d:\hpc_project\tdc_unified_core\results\b50_7_external_offset\b50_7_offset_window_plan.csv,79,range_011926-012125,11926,12125
B50.7_plus75,d:\hpc_project\tdc_unified_core\results\b50_7_external_offset\b50_7_offset_window_plan.csv,80,range_012076-012275,12076,12275
B50.7_plus75,d:\hpc_project\tdc_unified_core\results\b50_7_external_offset\b50_7_offset_window_plan.csv,81,range_012226-012425,12226,12425
B50.7_plus75,d:\hpc_project\tdc_unified_core\results\b50_7_external_offset\b50_7_offset_window_plan.csv,82,range_012376-012575,12376,12575
B50.7_plus75,d:\hpc_project\tdc_unified_core\results\b50_7_external_offset\b50_7_offset_window_plan.csv,83,range_012526-012725,12526,12725
B50.7_plus75,d:\hpc_project\tdc_unified_core\results\b50_7_external_offset\b50_7_offset_window_plan.csv,84,range_012676-012875,12676,12875
B50.7_plus75,d:\hpc_project\tdc_unified_core\results\b50_7_external_offset\b50_7_offset_window_plan.csv,85,range_012826-013025,12826,13025
B50.7_plus75,d:\hpc_project\tdc_unified_core\results\b50_7_external_offset\b50_7_offset_window_plan.csv,86,range_012976-013175,12976,13175
B50.7_plus75,d:\hpc_project\tdc_unified_core\results\b50_7_external_offset\b50_7_offset_window_plan.csv,87,range_013126-013325,13126,13325
B50.7_plus75,d:\hpc_project\tdc_unified_core\results\b50_7_external_offset\b50_7_offset_window_plan.csv,88,range_013276-013475,13276,13475
B50.7_plus75,d:\hpc_project\tdc_unified_core\results\b50_7_external_offset\b50_7_offset_window_plan.csv,89,range_013426-013625,13426,13625
B50.7_plus75,d:\hpc_project\tdc_unified_core\results\b50_7_external_offset\b50_7_offset_window_plan.csv,90,range_013576-013775,13576,13775
B50.7_plus75,d:\hpc_project\tdc_unified_core\results\b50_7_external_offset\b50_7_offset_window_plan.csv,91,range_013726-013925,13726,13925
B50.7_plus75,d:\hpc_project\tdc_unified_core\results\b50_7_external_offset\b50_7_offset_window_plan.csv,92,range_013876-014075,13876,14075
B50.7_plus75,d:\hpc_project\tdc_unified_core\results\b50_7_external_offset\b50_7_offset_window_plan.csv,93,range_014026-014225,14026,14225
B50.7_plus75,d:\hpc_project\tdc_unified_core\results\b50_7_external_offset\b50_7_offset_window_plan.csv,94,range_014176-014375,14176,14375
B50.7_plus75,d:\hpc_project\tdc_unified_core\results\b50_7_external_offset\b50_7_offset_window_plan.csv,95,range_014326-014525,14326,14525
B50.7_plus75,d:\hpc_project\tdc_unified_core\results\b50_7_external_offset\b50_7_offset_window_plan.csv,96,range_014476-014675,14476,14675
B50.7_plus75,d:\hpc_project\tdc_unified_core\results\b50_7_external_offset\b50_7_offset_window_plan.csv,97,range_014626-014825,14626,14825
B50.7_plus75,d:\hpc_project\tdc_unified_core\results\b50_7_external_offset\b50_7_offset_window_plan.csv,98,range_014776-014975,14776,14975
B50.7_plus75,d:\hpc_project\tdc_unified_core\results\b50_7_external_offset\b50_7_offset_window_plan.csv,99,range_014926-015125,14926,15125
B50.7_plus75,d:\hpc_project\tdc_unified_core\results\b50_7_external_offset\b50_7_offset_window_plan.csv,100,range_015076-015275,15076,15275
B50.7_plus75,d:\hpc_project\tdc_unified_core\results\b50_7_external_offset\b50_7_offset_window_plan.csv,101,range_015226-015425,15226,15425
B50.7_plus75,d:\hpc_project\tdc_unified_core\results\b50_7_external_offset\b50_7_offset_window_plan.csv,102,range_015376-015575,15376,15575
B50.7_plus75,d:\hpc_project\tdc_unified_core\results\b50_7_external_offset\b50_7_offset_window_plan.csv,103,range_015526-015725,15526,15725
B50.7_plus75,d:\hpc_project\tdc_unified_core\results\b50_7_external_offset\b50_7_offset_window_plan.csv,104,range_015676-015875,15676,15875
B50.7_plus75,d:\hpc_project\tdc_unified_core\results\b50_7_external_offset\b50_7_offset_window_plan.csv,105,range_015826-016025,15826,16025
B50.7_plus75,d:\hpc_project\tdc_unified_core\results\b50_7_external_offset\b50_7_offset_window_plan.csv,106,range_015976-016175,15976,16175
B50.7_plus75,d:\hpc_project\tdc_unified_core\results\b50_7_external_offset\b50_7_offset_window_plan.csv,107,range_016126-016325,16126,16325
B50.7_plus75,d:\hpc_project\tdc_unified_core\results\b50_7_external_offset\b50_7_offset_window_plan.csv,108,range_016276-016475,16276,16475
B50.7_plus75,d:\hpc_project\tdc_unified_core\results\b50_7_external_offset\b50_7_offset_window_plan.csv,109,range_016426-016625,16426,16625
B50.7_plus75,d:\hpc_project\tdc_unified_core\results\b50_7_external_offset\b50_7_offset_window_plan.csv,110,range_016576-016775,16576,16775
B50.7_plus75,d:\hpc_project\tdc_unified_core\results\b50_7_external_offset\b50_7_offset_window_plan.csv,111,range_016726-016925,16726,16925
B50.7_plus75,d:\hpc_project\tdc_unified_core\results\b50_7_external_offset\b50_7_offset_window_plan.csv,112,range_016876-017075,16876,17075
B50.7_plus75,d:\hpc_project\tdc_unified_core\results\b50_7_external_offset\b50_7_offset_window_plan.csv,113,range_017026-017225,17026,17225
B50.7_plus75,d:\hpc_project\tdc_unified_core\results\b50_7_external_offset\b50_7_offset_window_plan.csv,114,range_017176-017375,17176,17375
B50.7_plus75,d:\hpc_project\tdc_unified_core\results\b50_7_external_offset\b50_7_offset_window_plan.csv,115,range_017326-017525,17326,17525
B50.7_plus75,d:\hpc_project\tdc_unified_core\results\b50_7_external_offset\b50_7_offset_window_plan.csv,116,range_017476-017675,17476,17675
B50.7_plus75,d:\hpc_project\tdc_unified_core\results\b50_7_external_offset\b50_7_offset_window_plan.csv,117,range_017626-017825,17626,17825
B50.7_plus75,d:\hpc_project\tdc_unified_core\results\b50_7_external_offset\b50_7_offset_window_plan.csv,118,range_017776-017975,17776,17975
B50.7_plus75,d:\hpc_project\tdc_unified_core\results\b50_7_external_offset\b50_7_offset_window_plan.csv,119,range_017926-018125,17926,18125
B50.7_plus75,d:\hpc_project\tdc_unified_core\results\b50_7_external_offset\b50_7_offset_window_plan.csv,120,range_018076-018275,18076,18275
B50.7_plus75,d:\hpc_project\tdc_unified_core\results\b50_7_external_offset\b50_7_offset_window_plan.csv,121,range_018226-018425,18226,18425
B50.7_plus75,d:\hpc_project\tdc_unified_core\results\b50_7_external_offset\b50_7_offset_window_plan.csv,122,range_018376-018575,18376,18575
B50.7_plus75,d:\hpc_project\tdc_unified_core\results\b50_7_external_offset\b50_7_offset_window_plan.csv,123,range_018526-018725,18526,18725
B50.7_plus75,d:\hpc_project\tdc_unified_core\results\b50_7_external_offset\b50_7_offset_window_plan.csv,124,range_018676-018875,18676,18875
B50.7_plus75,d:\hpc_project\tdc_unified_core\results\b50_7_external_offset\b50_7_offset_window_plan.csv,125,range_018826-019025,18826,19025
B50.7_plus75,d:\hpc_project\tdc_unified_core\results\b50_7_external_offset\b50_7_offset_window_plan.csv,126,range_018976-019175,18976,19175
B50.7_plus75,d:\hpc_project\tdc_unified_core\results\b50_7_external_offset\b50_7_offset_window_plan.csv,127,range_019126-019325,19126,19325
B50.7_plus75,d:\hpc_project\tdc_unified_core\results\b50_7_external_offset\b50_7_offset_window_plan.csv,128,range_019276-019475,19276,19475
B50.7_plus75,d:\hpc_project\tdc_unified_core\results\b50_7_external_offset\b50_7_offset_window_plan.csv,129,range_019426-019625,19426,19625
B50.7_plus75,d:\hpc_project\tdc_unified_core\results\b50_7_external_offset\b50_7_offset_window_plan.csv,130,range_019576-019775,19576,19775
B50.7_plus75,d:\hpc_project\tdc_unified_core\results\b50_7_external_offset\b50_7_offset_window_plan.csv,131,range_019726-019925,19726,19925
B50.7_plus75,d:\hpc_project\tdc_unified_core\results\b50_7_external_offset\b50_7_offset_window_plan.csv,132,range_019876-020075,19876,20075
B50.7_plus75,d:\hpc_project\tdc_unified_core\results\b50_7_external_offset\b50_7_offset_window_plan.csv,133,range_020026-020225,20026,20225
B50.7_plus75,d:\hpc_project\tdc_unified_core\results\b50_7_external_offset\b50_7_offset_window_plan.csv,134,range_020176-020375,20176,20375
B50.7_plus75,d:\hpc_project\tdc_unified_core\results\b50_7_external_offset\b50_7_offset_window_plan.csv,135,range_020326-020525,20326,20525
B50.7_plus75,d:\hpc_project\tdc_unified_core\results\b50_7_external_offset\b50_7_offset_window_plan.csv,136,range_020476-020675,20476,20675
B50.7_plus75,d:\hpc_project\tdc_unified_core\results\b50_7_external_offset\b50_7_offset_window_plan.csv,137,range_020626-020825,20626,20825
B50.7_plus75,d:\hpc_project\tdc_unified_core\results\b50_7_external_offset\b50_7_offset_window_plan.csv,138,range_020776-020975,20776,20975
B50.7_plus75,d:\hpc_project\tdc_unified_core\results\b50_7_external_offset\b50_7_offset_window_plan.csv,139,range_020926-021125,20926,21125
B50.7_plus75,d:\hpc_project\tdc_unified_core\results\b50_7_external_offset\b50_7_offset_window_plan.csv,140,range_021076-021275,21076,21275
B50.7_plus75,d:\hpc_project\tdc_unified_core\results\b50_7_external_offset\b50_7_offset_window_plan.csv,141,range_021226-021425,21226,21425
B50.7_plus75,d:\hpc_project\tdc_unified_core\results\b50_7_external_offset\b50_7_offset_window_plan.csv,142,range_021376-021575,21376,21575
B50.7_plus75,d:\hpc_project\tdc_unified_core\results\b50_7_external_offset\b50_7_offset_window_plan.csv,143,range_021526-021725,21526,21725
B50.7_plus75,d:\hpc_project\tdc_unified_core\results\b50_7_external_offset\b50_7_offset_window_plan.csv,144,range_021676-021875,21676,21875
B50.7_plus75,d:\hpc_project\tdc_unified_core\results\b50_7_external_offset\b50_7_offset_window_plan.csv,145,range_021826-022025,21826,22025
B50.7_plus75,d:\hpc_project\tdc_unified_core\results\b50_7_external_offset\b50_7_offset_window_plan.csv,146,range_021976-022175,21976,22175
B50.7_plus75,d:\hpc_project\tdc_unified_core\results\b50_7_external_offset\b50_7_offset_window_plan.csv,147,range_022126-022325,22126,22325
B50.7_plus75,d:\hpc_project\tdc_unified_core\results\b50_7_external_offset\b50_7_offset_window_plan.csv,148,range_022276-022475,22276,22475
B50.7_plus75,d:\hpc_project\tdc_unified_core\results\b50_7_external_offset\b50_7_offset_window_plan.csv,149,range_022426-022625,22426,22625
B50.7_plus75,d:\hpc_project\tdc_unified_core\results\b50_7_external_offset\b50_7_offset_window_plan.csv,150,range_022576-022775,22576,22775
B50.7_plus75,d:\hpc_project\tdc_unified_core\results\b50_7_external_offset\b50_7_offset_window_plan.csv,151,range_022726-022925,22726,22925
B50.7_plus75,d:\hpc_project\tdc_unified_core\results\b50_7_external_offset\b50_7_offset_window_plan.csv,152,range_022876-023075,22876,23075
B50.7_plus75,d:\hpc_project\tdc_unified_core\results\b50_7_external_offset\b50_7_offset_window_plan.csv,153,range_023026-023225,23026,23225
B50.7_plus75,d:\hpc_project\tdc_unified_core\results\b50_7_external_offset\b50_7_offset_window_plan.csv,154,range_023176-023375,23176,23375
B50.7_plus75,d:\hpc_project\tdc_unified_core\results\b50_7_external_offset\b50_7_offset_window_plan.csv,155,range_023326-023525,23326,23525
B50.7_plus75,d:\hpc_project\tdc_unified_core\results\b50_7_external_offset\b50_7_offset_window_plan.csv,156,range_023476-023675,23476,23675
B50.7_plus75,d:\hpc_project\tdc_unified_core\results\b50_7_external_offset\b50_7_offset_window_plan.csv,157,range_023626-023825,23626,23825
B50.7_plus75,d:\hpc_project\tdc_unified_core\results\b50_7_external_offset\b50_7_offset_window_plan.csv,158,range_023776-023975,23776,23975
B50.7_plus75,d:\hpc_project\tdc_unified_core\results\b50_7_external_offset\b50_7_offset_window_plan.csv,159,range_023926-024125,23926,24125
B50.7_plus75,d:\hpc_project\tdc_unified_core\results\b50_7_external_offset\b50_7_offset_window_plan.csv,160,range_024076-024275,24076,24275
B50.7_plus75,d:\hpc_project\tdc_unified_core\results\b50_7_external_offset\b50_7_offset_window_plan.csv,161,range_024226-024425,24226,24425
B50.7_plus75,d:\hpc_project\tdc_unified_core\results\b50_7_external_offset\b50_7_offset_window_plan.csv,162,range_024376-024575,24376,24575
B50.7_plus75,d:\hpc_project\tdc_unified_core\results\b50_7_external_offset\b50_7_offset_window_plan.csv,163,range_024526-024725,24526,24725
B50.7_plus75,d:\hpc_project\tdc_unified_core\results\b50_7_external_offset\b50_7_offset_window_plan.csv,164,range_024676-024875,24676,24875
B50.7_plus75,d:\hpc_project\tdc_unified_core\results\b50_7_external_offset\b50_7_offset_window_plan.csv,165,range_024826-025025,24826,25025
B50.7_plus75,d:\hpc_project\tdc_unified_core\results\b50_7_external_offset\b50_7_offset_window_plan.csv,166,range_024976-025175,24976,25175
B50.7_plus75,d:\hpc_project\tdc_unified_core\results\b50_7_external_offset\b50_7_offset_window_plan.csv,167,range_025126-025325,25126,25325
B50.7_plus75,d:\hpc_project\tdc_unified_core\results\b50_7_external_offset\b50_7_offset_window_plan.csv,168,range_025276-025475,25276,25475
B50.7_plus75,d:\hpc_project\tdc_unified_core\results\b50_7_external_offset\b50_7_offset_window_plan.csv,169,range_025426-025625,25426,25625
B50.7_plus75,d:\hpc_project\tdc_unified_core\results\b50_7_external_offset\b50_7_offset_window_plan.csv,170,range_025576-025775,25576,25775
B50.7_plus75,d:\hpc_project\tdc_unified_core\results\b50_7_external_offset\b50_7_offset_window_plan.csv,171,range_025726-025925,25726,25925
B50.7_plus75,d:\hpc_project\tdc_unified_core\results\b50_7_external_offset\b50_7_offset_window_plan.csv,172,range_025876-026075,25876,26075
B50.7_plus75,d:\hpc_project\tdc_unified_core\results\b50_7_external_offset\b50_7_offset_window_plan.csv,173,range_026026-026225,26026,26225
B50.7_plus75,d:\hpc_project\tdc_unified_core\results\b50_7_external_offset\b50_7_offset_window_plan.csv,174,range_026176-026375,26176,26375
B50.7_plus75,d:\hpc_project\tdc_unified_core\results\b50_7_external_offset\b50_7_offset_window_plan.csv,175,range_026326-026525,26326,26525
B50.7_plus75,d:\hpc_project\tdc_unified_core\results\b50_7_external_offset\b50_7_offset_window_plan.csv,176,range_026476-026675,26476,26675
B50.7_plus75,d:\hpc_project\tdc_unified_core\results\b50_7_external_offset\b50_7_offset_window_plan.csv,177,range_026626-026825,26626,26825
B50.7_plus75,d:\hpc_project\tdc_unified_core\results\b50_7_external_offset\b50_7_offset_window_plan.csv,178,range_026776-026975,26776,26975
B50.7_plus75,d:\hpc_project\tdc_unified_core\results\b50_7_external_offset\b50_7_offset_window_plan.csv,179,range_026926-027125,26926,27125
B50.7_plus75,d:\hpc_project\tdc_unified_core\results\b50_7_external_offset\b50_7_offset_window_plan.csv,180,range_027076-027275,27076,27275
B50.7_plus75,d:\hpc_project\tdc_unified_core\results\b50_7_external_offset\b50_7_offset_window_plan.csv,181,range_027226-027425,27226,27425
B50.7_plus75,d:\hpc_project\tdc_unified_core\results\b50_7_external_offset\b50_7_offset_window_plan.csv,182,range_027376-027575,27376,27575
B50.7_plus75,d:\hpc_project\tdc_unified_core\results\b50_7_external_offset\b50_7_offset_window_plan.csv,183,range_027526-027725,27526,27725
B50.7_plus75,d:\hpc_project\tdc_unified_core\results\b50_7_external_offset\b50_7_offset_window_plan.csv,184,range_027676-027875,27676,27875
B50.7_plus75,d:\hpc_project\tdc_unified_core\results\b50_7_external_offset\b50_7_offset_window_plan.csv,185,range_027826-028025,27826,28025
B50.7_plus75,d:\hpc_project\tdc_unified_core\results\b50_7_external_offset\b50_7_offset_window_plan.csv,186,range_027976-028175,27976,28175
B50.7_plus75,d:\hpc_project\tdc_unified_core\results\b50_7_external_offset\b50_7_offset_window_plan.csv,187,range_028126-028325,28126,28325
B50.7_plus75,d:\hpc_project\tdc_unified_core\results\b50_7_external_offset\b50_7_offset_window_plan.csv,188,range_028276-028475,28276,28475
B50.7_plus75,d:\hpc_project\tdc_unified_core\results\b50_7_external_offset\b50_7_offset_window_plan.csv,189,range_028426-028625,28426,28625
B50.7_plus75,d:\hpc_project\tdc_unified_core\results\b50_7_external_offset\b50_7_offset_window_plan.csv,190,range_028576-028775,28576,28775
B50.7_plus75,d:\hpc_project\tdc_unified_core\results\b50_7_external_offset\b50_7_offset_window_plan.csv,191,range_028726-028925,28726,28925
B50.7_plus75,d:\hpc_project\tdc_unified_core\results\b50_7_external_offset\b50_7_offset_window_plan.csv,192,range_028876-029075,28876,29075
B50.7_plus75,d:\hpc_project\tdc_unified_core\results\b50_7_external_offset\b50_7_offset_window_plan.csv,193,range_029026-029225,29026,29225
B50.7_plus75,d:\hpc_project\tdc_unified_core\results\b50_7_external_offset\b50_7_offset_window_plan.csv,194,range_029176-029375,29176,29375
B50.7_plus75,d:\hpc_project\tdc_unified_core\results\b50_7_external_offset\b50_7_offset_window_plan.csv,195,range_029326-029525,29326,29525
B50.7_plus75,d:\hpc_project\tdc_unified_core\results\b50_7_external_offset\b50_7_offset_window_plan.csv,196,range_029476-029675,29476,29675
B50.7_plus75,d:\hpc_project\tdc_unified_core\results\b50_7_external_offset\b50_7_offset_window_plan.csv,197,range_029626-029825,29626,29825
B50.7_plus75,d:\hpc_project\tdc_unified_core\results\b50_7_external_offset\b50_7_offset_window_plan.csv,198,range_029776-029975,29776,29975
B50.7_plus75,d:\hpc_project\tdc_unified_core\results\b50_7_external_offset\b50_7_offset_window_plan.csv,199,range_029926-030125,29926,30125
B50.7_plus75,d:\hpc_project\tdc_unified_core\results\b50_7_external_offset\b50_7_offset_window_plan.csv,200,range_030076-030275,30076,30275
B50.7_plus75,d:\hpc_project\tdc_unified_core\results\b50_7_external_offset\b50_7_offset_window_plan.csv,201,range_030226-030425,30226,30425
B50.7_plus75,d:\hpc_project\tdc_unified_core\results\b50_7_external_offset\b50_7_offset_window_plan.csv,202,range_030376-030575,30376,30575
B50.7_plus75,d:\hpc_project\tdc_unified_core\results\b50_7_external_offset\b50_7_offset_window_plan.csv,203,range_030526-030725,30526,30725
B50.7_plus75,d:\hpc_project\tdc_unified_core\results\b50_7_external_offset\b50_7_offset_window_plan.csv,204,range_030676-030875,30676,30875
B50.7_plus75,d:\hpc_project\tdc_unified_core\results\b50_7_external_offset\b50_7_offset_window_plan.csv,205,range_030826-031025,30826,31025
B50.7_plus75,d:\hpc_project\tdc_unified_core\results\b50_7_external_offset\b50_7_offset_window_plan.csv,206,range_030976-031175,30976,31175
B50.7_plus75,d:\hpc_project\tdc_unified_core\results\b50_7_external_offset\b50_7_offset_window_plan.csv,207,range_031126-031325,31126,31325
B50.7_plus75,d:\hpc_project\tdc_unified_core\results\b50_7_external_offset\b50_7_offset_window_plan.csv,208,range_031276-031475,31276,31475
B50.7_plus75,d:\hpc_project\tdc_unified_core\results\b50_7_external_offset\b50_7_offset_window_plan.csv,209,range_031426-031625,31426,31625
B50.7_plus75,d:\hpc_project\tdc_unified_core\results\b50_7_external_offset\b50_7_offset_window_plan.csv,210,range_031576-031775,31576,31775
B50.7_plus75,d:\hpc_project\tdc_unified_core\results\b50_7_external_offset\b50_7_offset_window_plan.csv,211,range_031726-031925,31726,31925
B50.7_plus75,d:\hpc_project\tdc_unified_core\results\b50_7_external_offset\b50_7_offset_window_plan.csv,212,range_031876-032075,31876,32075
B50.7_plus75,d:\hpc_project\tdc_unified_core\results\b50_7_external_offset\b50_7_offset_window_plan.csv,213,range_032026-032225,32026,32225
B50.7_plus75,d:\hpc_project\tdc_unified_core\results\b50_7_external_offset\b50_7_offset_window_plan.csv,214,range_032176-032375,32176,32375
B50.7_plus75,d:\hpc_project\tdc_unified_core\results\b50_7_external_offset\b50_7_offset_window_plan.csv,215,range_032326-032525,32326,32525
B50.7_plus75,d:\hpc_project\tdc_unified_core\results\b50_7_external_offset\b50_7_offset_window_plan.csv,216,range_032476-032675,32476,32675
B50.7_plus75,d:\hpc_project\tdc_unified_core\results\b50_7_external_offset\b50_7_offset_window_plan.csv,217,range_032626-032825,32626,32825
B50.7_plus75,d:\hpc_project\tdc_unified_core\results\b50_7_external_offset\b50_7_offset_window_plan.csv,218,range_032776-032975,32776,32975
B50.7_plus75,d:\hpc_project\tdc_unified_core\results\b50_7_external_offset\b50_7_offset_window_plan.csv,219,range_032926-033125,32926,33125
B50.7_plus75,d:\hpc_project\tdc_unified_core\results\b50_7_external_offset\b50_7_offset_window_plan.csv,220,range_033076-033275,33076,33275
B50.7_plus75,d:\hpc_project\tdc_unified_core\results\b50_7_external_offset\b50_7_offset_window_plan.csv,221,range_033226-033425,33226,33425
B50.7_plus75,d:\hpc_project\tdc_unified_core\results\b50_7_external_offset\b50_7_offset_window_plan.csv,222,range_033376-033575,33376,33575
B50.7_plus75,d:\hpc_project\tdc_unified_core\results\b50_7_external_offset\b50_7_offset_window_plan.csv,223,range_033526-033725,33526,33725
B50.7_plus75,d:\hpc_project\tdc_unified_core\results\b50_7_external_offset\b50_7_offset_window_plan.csv,224,range_033676-033875,33676,33875
B50.7_plus75,d:\hpc_project\tdc_unified_core\results\b50_7_external_offset\b50_7_offset_window_plan.csv,225,range_033826-034025,33826,34025
B50.7_plus75,d:\hpc_project\tdc_unified_core\results\b50_7_external_offset\b50_7_offset_window_plan.csv,226,range_033976-034175,33976,34175
B50.7_plus75,d:\hpc_project\tdc_unified_core\results\b50_7_external_offset\b50_7_offset_window_plan.csv,227,range_034126-034325,34126,34325
B50.7_plus75,d:\hpc_project\tdc_unified_core\results\b50_7_external_offset\b50_7_offset_window_plan.csv,228,range_034276-034475,34276,34475
B50.7_plus75,d:\hpc_project\tdc_unified_core\results\b50_7_external_offset\b50_7_offset_window_plan.csv,229,range_034426-034625,34426,34625
B50.7_plus75,d:\hpc_project\tdc_unified_core\results\b50_7_external_offset\b50_7_offset_window_plan.csv,230,range_034576-034775,34576,34775
B50.7_plus75,d:\hpc_project\tdc_unified_core\results\b50_7_external_offset\b50_7_offset_window_plan.csv,231,range_034726-034925,34726,34925
B50.7_plus75,d:\hpc_project\tdc_unified_core\results\b50_7_external_offset\b50_7_offset_window_plan.csv,232,range_034876-035075,34876,35075
B50.7_plus75,d:\hpc_project\tdc_unified_core\results\b50_7_external_offset\b50_7_offset_window_plan.csv,233,range_035026-035225,35026,35225
B50.7_plus75,d:\hpc_project\tdc_unified_core\results\b50_7_external_offset\b50_7_offset_window_plan.csv,234,range_035176-035375,35176,35375
B50.7_plus75,d:\hpc_project\tdc_unified_core\results\b50_7_external_offset\b50_7_offset_window_plan.csv,235,range_035326-035525,35326,35525
B50.7_plus75,d:\hpc_project\tdc_unified_core\results\b50_7_external_offset\b50_7_offset_window_plan.csv,236,range_035476-035675,35476,35675
B50.7_plus75,d:\hpc_project\tdc_unified_core\results\b50_7_external_offset\b50_7_offset_window_plan.csv,237,range_035626-035825,35626,35825
B50.7_plus75,d:\hpc_project\tdc_unified_core\results\b50_7_external_offset\b50_7_offset_window_plan.csv,238,range_035776-035975,35776,35975
B50.7_plus75,d:\hpc_project\tdc_unified_core\results\b50_7_external_offset\b50_7_offset_window_plan.csv,239,range_035926-036125,35926,36125
B50.7_plus75,d:\hpc_project\tdc_unified_core\results\b50_7_external_offset\b50_7_offset_window_plan.csv,240,range_036076-036275,36076,36275
B50.7_plus75,d:\hpc_project\tdc_unified_core\results\b50_7_external_offset\b50_7_offset_window_plan.csv,241,range_036226-036425,36226,36425
B50.7_plus75,d:\hpc_project\tdc_unified_core\results\b50_7_external_offset\b50_7_offset_window_plan.csv,242,range_036376-036575,36376,36575
B50.7_plus75,d:\hpc_project\tdc_unified_core\results\b50_7_external_offset\b50_7_offset_window_plan.csv,243,range_036526-036725,36526,36725
B50.7_plus75,d:\hpc_project\tdc_unified_core\results\b50_7_external_offset\b50_7_offset_window_plan.csv,244,range_036676-036875,36676,36875
B50.7_plus75,d:\hpc_project\tdc_unified_core\results\b50_7_external_offset\b50_7_offset_window_plan.csv,245,range_036826-037025,36826,37025
B50.7_plus75,d:\hpc_project\tdc_unified_core\results\b50_7_external_offset\b50_7_offset_window_plan.csv,246,range_036976-037175,36976,37175
B50.7_plus75,d:\hpc_project\tdc_unified_core\results\b50_7_external_offset\b50_7_offset_window_plan.csv,247,range_037126-037325,37126,37325
B50.7_plus75,d:\hpc_project\tdc_unified_core\results\b50_7_external_offset\b50_7_offset_window_plan.csv,248,range_037276-037475,37276,37475
B50.7_plus75,d:\hpc_project\tdc_unified_core\results\b50_7_external_offset\b50_7_offset_window_plan.csv,249,range_037426-037625,37426,37625
B50.7_plus75,d:\hpc_project\tdc_unified_core\results\b50_7_external_offset\b50_7_offset_window_plan.csv,250,range_037576-037775,37576,37775
B50.7_plus75,d:\hpc_project\tdc_unified_core\results\b50_7_external_offset\b50_7_offset_window_plan.csv,251,range_037726-037925,37726,37925
B50.7_plus75,d:\hpc_project\tdc_unified_core\results\b50_7_external_offset\b50_7_offset_window_plan.csv,252,range_037876-038075,37876,38075
B50.7_plus75,d:\hpc_project\tdc_unified_core\results\b50_7_external_offset\b50_7_offset_window_plan.csv,253,range_038026-038225,38026,38225
B50.7_plus75,d:\hpc_project\tdc_unified_core\results\b50_7_external_offset\b50_7_offset_window_plan.csv,254,range_038176-038375,38176,38375
B50.7_plus75,d:\hpc_project\tdc_unified_core\results\b50_7_external_offset\b50_7_offset_window_plan.csv,255,range_038326-038525,38326,38525
B50.7_plus75,d:\hpc_project\tdc_unified_core\results\b50_7_external_offset\b50_7_offset_window_plan.csv,256,range_038476-038675,38476,38675
B50.7_plus75,d:\hpc_project\tdc_unified_core\results\b50_7_external_offset\b50_7_offset_window_plan.csv,257,range_038626-038825,38626,38825
B50.7_plus75,d:\hpc_project\tdc_unified_core\results\b50_7_external_offset\b50_7_offset_window_plan.csv,258,range_038776-038975,38776,38975
B50.7_plus75,d:\hpc_project\tdc_unified_core\results\b50_7_external_offset\b50_7_offset_window_plan.csv,259,range_038926-039125,38926,39125
B50.7_plus75,d:\hpc_project\tdc_unified_core\results\b50_7_external_offset\b50_7_offset_window_plan.csv,260,range_039076-039275,39076,39275
B50.7_plus75,d:\hpc_project\tdc_unified_core\results\b50_7_external_offset\b50_7_offset_window_plan.csv,261,range_039226-039425,39226,39425
B50.7_plus75,d:\hpc_project\tdc_unified_core\results\b50_7_external_offset\b50_7_offset_window_plan.csv,262,range_039376-039575,39376,39575
B50.7_plus75,d:\hpc_project\tdc_unified_core\results\b50_7_external_offset\b50_7_offset_window_plan.csv,263,range_039526-039725,39526,39725
B50.7_plus75,d:\hpc_project\tdc_unified_core\results\b50_7_external_offset\b50_7_offset_window_plan.csv,264,range_039676-039875,39676,39875
B50.7_plus75,d:\hpc_project\tdc_unified_core\results\b50_7_external_offset\b50_7_offset_window_plan.csv,265,range_039826-040025,39826,40025
B50.7_plus75,d:\hpc_project\tdc_unified_core\results\b50_7_external_offset\b50_7_offset_window_plan.csv,266,range_039976-040175,39976,40175
B50.7_plus75,d:\hpc_project\tdc_unified_core\results\b50_7_external_offset\b50_7_offset_window_plan.csv,267,range_040126-040325,40126,40325
B50.7_plus75,d:\hpc_project\tdc_unified_core\results\b50_7_external_offset\b50_7_offset_window_plan.csv,268,range_040276-040475,40276,40475
B50.7_plus75,d:\hpc_project\tdc_unified_core\results\b50_7_external_offset\b50_7_offset_window_plan.csv,269,range_040426-040625,40426,40625
B50.7_plus75,d:\hpc_project\tdc_unified_core\results\b50_7_external_offset\b50_7_offset_window_plan.csv,270,range_040576-040775,40576,40775
B50.7_plus75,d:\hpc_project\tdc_unified_core\results\b50_7_external_offset\b50_7_offset_window_plan.csv,271,range_040726-040925,40726,40925
B50.7_plus75,d:\hpc_project\tdc_unified_core\results\b50_7_external_offset\b50_7_offset_window_plan.csv,272,range_040876-041075,40876,41075
B50.7_plus75,d:\hpc_project\tdc_unified_core\results\b50_7_external_offset\b50_7_offset_window_plan.csv,273,range_041026-041225,41026,41225
B50.7_plus75,d:\hpc_project\tdc_unified_core\results\b50_7_external_offset\b50_7_offset_window_plan.csv,274,range_041176-041375,41176,41375
B50.7_plus75,d:\hpc_project\tdc_unified_core\results\b50_7_external_offset\b50_7_offset_window_plan.csv,275,range_041326-041525,41326,41525
B50.7_plus75,d:\hpc_project\tdc_unified_core\results\b50_7_external_offset\b50_7_offset_window_plan.csv,276,range_041476-041675,41476,41675
B50.7_plus75,d:\hpc_project\tdc_unified_core\results\b50_7_external_offset\b50_7_offset_window_plan.csv,277,range_041626-041825,41626,41825
B50.7_plus75,d:\hpc_project\tdc_unified_core\results\b50_7_external_offset\b50_7_offset_window_plan.csv,278,range_041776-041975,41776,41975
B50.7_plus75,d:\hpc_project\tdc_unified_core\results\b50_7_external_offset\b50_7_offset_window_plan.csv,279,range_041926-042125,41926,42125
B50.7_plus75,d:\hpc_project\tdc_unified_core\results\b50_7_external_offset\b50_7_offset_window_plan.csv,280,range_042076-042275,42076,42275
B50.7_plus75,d:\hpc_project\tdc_unified_core\results\b50_7_external_offset\b50_7_offset_window_plan.csv,281,range_042226-042425,42226,42425
B50.7_plus75,d:\hpc_project\tdc_unified_core\results\b50_7_external_offset\b50_7_offset_window_plan.csv,282,range_042376-042575,42376,42575
B50.7_plus75,d:\hpc_project\tdc_unified_core\results\b50_7_external_offset\b50_7_offset_window_plan.csv,283,range_042526-042725,42526,42725
B50.7_plus75,d:\hpc_project\tdc_unified_core\results\b50_7_external_offset\b50_7_offset_window_plan.csv,284,range_042676-042875,42676,42875
B50.7_plus75,d:\hpc_project\tdc_unified_core\results\b50_7_external_offset\b50_7_offset_window_plan.csv,285,range_042826-043025,42826,43025
B50.7_plus75,d:\hpc_project\tdc_unified_core\results\b50_7_external_offset\b50_7_offset_window_plan.csv,286,range_042976-043175,42976,43175
B50.7_plus75,d:\hpc_project\tdc_unified_core\results\b50_7_external_offset\b50_7_offset_window_plan.csv,287,range_043126-043325,43126,43325
B50.7_plus75,d:\hpc_project\tdc_unified_core\results\b50_7_external_offset\b50_7_offset_window_plan.csv,288,range_043276-043475,43276,43475
B50.7_plus75,d:\hpc_project\tdc_unified_core\results\b50_7_external_offset\b50_7_offset_window_plan.csv,289,range_043426-043625,43426,43625
B50.7_plus75,d:\hpc_project\tdc_unified_core\results\b50_7_external_offset\b50_7_offset_window_plan.csv,290,range_043576-043775,43576,43775
B50.7_plus75,d:\hpc_project\tdc_unified_core\results\b50_7_external_offset\b50_7_offset_window_plan.csv,291,range_043726-043925,43726,43925
B50.7_plus75,d:\hpc_project\tdc_unified_core\results\b50_7_external_offset\b50_7_offset_window_plan.csv,292,range_043876-044075,43876,44075
B50.7_plus75,d:\hpc_project\tdc_unified_core\results\b50_7_external_offset\b50_7_offset_window_plan.csv,293,range_044026-044225,44026,44225
B50.7_plus75,d:\hpc_project\tdc_unified_core\results\b50_7_external_offset\b50_7_offset_window_plan.csv,294,range_044176-044375,44176,44375
B50.7_plus75,d:\hpc_project\tdc_unified_core\results\b50_7_external_offset\b50_7_offset_window_plan.csv,295,range_044326-044525,44326,44525
B50.7_plus75,d:\hpc_project\tdc_unified_core\results\b50_7_external_offset\b50_7_offset_window_plan.csv,296,range_044476-044675,44476,44675
B50.7_plus75,d:\hpc_project\tdc_unified_core\results\b50_7_external_offset\b50_7_offset_window_plan.csv,297,range_044626-044825,44626,44825
B50.7_plus75,d:\hpc_project\tdc_unified_core\results\b50_7_external_offset\b50_7_offset_window_plan.csv,298,range_044776-044975,44776,44975
B50.7_plus75,d:\hpc_project\tdc_unified_core\results\b50_7_external_offset\b50_7_offset_window_plan.csv,299,range_044926-045125,44926,45125
B50.7_plus75,d:\hpc_project\tdc_unified_core\results\b50_7_external_offset\b50_7_offset_window_plan.csv,300,range_045076-045275,45076,45275
B50.7_plus75,d:\hpc_project\tdc_unified_core\results\b50_7_external_offset\b50_7_offset_window_plan.csv,301,range_045226-045425,45226,45425
B50.7_plus75,d:\hpc_project\tdc_unified_core\results\b50_7_external_offset\b50_7_offset_window_plan.csv,302,range_045376-045575,45376,45575
B50.7_plus75,d:\hpc_project\tdc_unified_core\results\b50_7_external_offset\b50_7_offset_window_plan.csv,303,range_045526-045725,45526,45725
B50.7_plus75,d:\hpc_project\tdc_unified_core\results\b50_7_external_offset\b50_7_offset_window_plan.csv,304,range_045676-045875,45676,45875
B50.7_plus75,d:\hpc_project\tdc_unified_core\results\b50_7_external_offset\b50_7_offset_window_plan.csv,305,range_045826-046025,45826,46025
B50.7_plus75,d:\hpc_project\tdc_unified_core\results\b50_7_external_offset\b50_7_offset_window_plan.csv,306,range_045976-046175,45976,46175
B50.7_plus75,d:\hpc_project\tdc_unified_core\results\b50_7_external_offset\b50_7_offset_window_plan.csv,307,range_046126-046325,46126,46325
B50.7_plus75,d:\hpc_project\tdc_unified_core\results\b50_7_external_offset\b50_7_offset_window_plan.csv,308,range_046276-046475,46276,46475
B50.7_plus75,d:\hpc_project\tdc_unified_core\results\b50_7_external_offset\b50_7_offset_window_plan.csv,309,range_046426-046625,46426,46625
B50.7_plus75,d:\hpc_project\tdc_unified_core\results\b50_7_external_offset\b50_7_offset_window_plan.csv,310,range_046576-046775,46576,46775
B50.7_plus75,d:\hpc_project\tdc_unified_core\results\b50_7_external_offset\b50_7_offset_window_plan.csv,311,range_046726-046925,46726,46925
B50.7_plus75,d:\hpc_project\tdc_unified_core\results\b50_7_external_offset\b50_7_offset_window_plan.csv,312,range_046876-047075,46876,47075
B50.7_plus75,d:\hpc_project\tdc_unified_core\results\b50_7_external_offset\b50_7_offset_window_plan.csv,313,range_047026-047225,47026,47225
B50.7_plus75,d:\hpc_project\tdc_unified_core\results\b50_7_external_offset\b50_7_offset_window_plan.csv,314,range_047176-047375,47176,47375
B50.7_plus75,d:\hpc_project\tdc_unified_core\results\b50_7_external_offset\b50_7_offset_window_plan.csv,315,range_047326-047525,47326,47525
B50.7_plus75,d:\hpc_project\tdc_unified_core\results\b50_7_external_offset\b50_7_offset_window_plan.csv,316,range_047476-047675,47476,47675
B50.7_plus75,d:\hpc_project\tdc_unified_core\results\b50_7_external_offset\b50_7_offset_window_plan.csv,317,range_047626-047825,47626,47825
B50.7_plus75,d:\hpc_project\tdc_unified_core\results\b50_7_external_offset\b50_7_offset_window_plan.csv,318,range_047776-047975,47776,47975
B50.7_plus75,d:\hpc_project\tdc_unified_core\results\b50_7_external_offset\b50_7_offset_window_plan.csv,319,range_047926-048125,47926,48125
B50.7_plus75,d:\hpc_project\tdc_unified_core\results\b50_7_external_offset\b50_7_offset_window_plan.csv,320,range_048076-048275,48076,48275
B50.7_plus75,d:\hpc_project\tdc_unified_core\results\b50_7_external_offset\b50_7_offset_window_plan.csv,321,range_048226-048425,48226,48425
B50.7_plus75,d:\hpc_project\tdc_unified_core\results\b50_7_external_offset\b50_7_offset_window_plan.csv,322,range_048376-048575,48376,48575
B50.7_plus75,d:\hpc_project\tdc_unified_core\results\b50_7_external_offset\b50_7_offset_window_plan.csv,323,range_048526-048725,48526,48725
B50.7_plus75,d:\hpc_project\tdc_unified_core\results\b50_7_external_offset\b50_7_offset_window_plan.csv,324,range_048676-048875,48676,48875
B50.7_plus75,d:\hpc_project\tdc_unified_core\results\b50_7_external_offset\b50_7_offset_window_plan.csv,325,range_048826-049025,48826,49025
B50.7_plus75,d:\hpc_project\tdc_unified_core\results\b50_7_external_offset\b50_7_offset_window_plan.csv,326,range_048976-049175,48976,49175
B50.7_plus75,d:\hpc_project\tdc_unified_core\results\b50_7_external_offset\b50_7_offset_window_plan.csv,327,range_049126-049325,49126,49325
B50.7_plus75,d:\hpc_project\tdc_unified_core\results\b50_7_external_offset\b50_7_offset_window_plan.csv,328,range_049276-049475,49276,49475
B50.7_plus75,d:\hpc_project\tdc_unified_core\results\b50_7_external_offset\b50_7_offset_window_plan.csv,329,range_049426-049625,49426,49625
B50.7_plus75,d:\hpc_project\tdc_unified_core\results\b50_7_external_offset\b50_7_offset_window_plan.csv,330,range_049576-049775,49576,49775
B50.7_plus75,d:\hpc_project\tdc_unified_core\results\b50_7_external_offset\b50_7_offset_window_plan.csv,331,range_049726-049925,49726,49925
B50.7_plus75,d:\hpc_project\tdc_unified_core\results\b50_7_external_offset\b50_7_offset_window_plan.csv,332,range_049876-050075,49876,50075
B50.7_plus75,d:\hpc_project\tdc_unified_core\results\b50_7_external_offset\b50_7_offset_window_plan.csv,333,range_050026-050225,50026,50225
B50.7_plus75,d:\hpc_project\tdc_unified_core\results\b50_7_external_offset\b50_7_offset_window_plan.csv,334,range_050176-050375,50176,50375
B50.7_plus75,d:\hpc_project\tdc_unified_core\results\b50_7_external_offset\b50_7_offset_window_plan.csv,335,range_050326-050525,50326,50525
B50.7_plus75,d:\hpc_project\tdc_unified_core\results\b50_7_external_offset\b50_7_offset_window_plan.csv,336,range_050476-050675,50476,50675
B50.7_plus75,d:\hpc_project\tdc_unified_core\results\b50_7_external_offset\b50_7_offset_window_plan.csv,337,range_050626-050825,50626,50825
B50.7_plus75,d:\hpc_project\tdc_unified_core\results\b50_7_external_offset\b50_7_offset_window_plan.csv,338,range_050776-050975,50776,50975
B50.7_plus75,d:\hpc_project\tdc_unified_core\results\b50_7_external_offset\b50_7_offset_window_plan.csv,339,range_050926-051125,50926,51125
B50.7_plus75,d:\hpc_project\tdc_unified_core\results\b50_7_external_offset\b50_7_offset_window_plan.csv,340,range_051076-051275,51076,51275
B50.7_plus75,d:\hpc_project\tdc_unified_core\results\b50_7_external_offset\b50_7_offset_window_plan.csv,341,range_051226-051425,51226,51425
B50.7_plus75,d:\hpc_project\tdc_unified_core\results\b50_7_external_offset\b50_7_offset_window_plan.csv,342,range_051376-051575,51376,51575
B50.7_plus75,d:\hpc_project\tdc_unified_core\results\b50_7_external_offset\b50_7_offset_window_plan.csv,343,range_051526-051725,51526,51725
B50.7_plus75,d:\hpc_project\tdc_unified_core\results\b50_7_external_offset\b50_7_offset_window_plan.csv,344,range_051676-051875,51676,51875
B50.7_plus75,d:\hpc_project\tdc_unified_core\results\b50_7_external_offset\b50_7_offset_window_plan.csv,345,range_051826-052025,51826,52025
B50.7_plus75,d:\hpc_project\tdc_unified_core\results\b50_7_external_offset\b50_7_offset_window_plan.csv,346,range_051976-052175,51976,52175
B50.7_plus75,d:\hpc_project\tdc_unified_core\results\b50_7_external_offset\b50_7_offset_window_plan.csv,347,range_052126-052325,52126,52325
B50.7_plus75,d:\hpc_project\tdc_unified_core\results\b50_7_external_offset\b50_7_offset_window_plan.csv,348,range_052276-052475,52276,52475
B50.7_plus75,d:\hpc_project\tdc_unified_core\results\b50_7_external_offset\b50_7_offset_window_plan.csv,349,range_052426-052625,52426,52625
B50.7_plus75,d:\hpc_project\tdc_unified_core\results\b50_7_external_offset\b50_7_offset_window_plan.csv,350,range_052576-052775,52576,52775
B50.7_plus75,d:\hpc_project\tdc_unified_core\results\b50_7_external_offset\b50_7_offset_window_plan.csv,351,range_052726-052925,52726,52925
B50.7_plus75,d:\hpc_project\tdc_unified_core\results\b50_7_external_offset\b50_7_offset_window_plan.csv,352,range_052876-053075,52876,53075
B50.7_plus75,d:\hpc_project\tdc_unified_core\results\b50_7_external_offset\b50_7_offset_window_plan.csv,353,range_053026-053225,53026,53225
B50.7_plus75,d:\hpc_project\tdc_unified_core\results\b50_7_external_offset\b50_7_offset_window_plan.csv,354,range_053176-053375,53176,53375
B50.7_plus75,d:\hpc_project\tdc_unified_core\results\b50_7_external_offset\b50_7_offset_window_plan.csv,355,range_053326-053525,53326,53525
B50.7_plus75,d:\hpc_project\tdc_unified_core\results\b50_7_external_offset\b50_7_offset_window_plan.csv,356,range_053476-053675,53476,53675
B50.7_plus75,d:\hpc_project\tdc_unified_core\results\b50_7_external_offset\b50_7_offset_window_plan.csv,357,range_053626-053825,53626,53825
B50.7_plus75,d:\hpc_project\tdc_unified_core\results\b50_7_external_offset\b50_7_offset_window_plan.csv,358,range_053776-053975,53776,53975
B50.7_plus75,d:\hpc_project\tdc_unified_core\results\b50_7_external_offset\b50_7_offset_window_plan.csv,359,range_053926-054125,53926,54125
B50.7_plus75,d:\hpc_project\tdc_unified_core\results\b50_7_external_offset\b50_7_offset_window_plan.csv,360,range_054076-054275,54076,54275
B50.7_plus75,d:\hpc_project\tdc_unified_core\results\b50_7_external_offset\b50_7_offset_window_plan.csv,361,range_054226-054425,54226,54425
B50.7_plus75,d:\hpc_project\tdc_unified_core\results\b50_7_external_offset\b50_7_offset_window_plan.csv,362,range_054376-054575,54376,54575
B50.7_plus75,d:\hpc_project\tdc_unified_core\results\b50_7_external_offset\b50_7_offset_window_plan.csv,363,range_054526-054725,54526,54725
B50.7_plus75,d:\hpc_project\tdc_unified_core\results\b50_7_external_offset\b50_7_offset_window_plan.csv,364,range_054676-054875,54676,54875
B50.7_plus75,d:\hpc_project\tdc_unified_core\results\b50_7_external_offset\b50_7_offset_window_plan.csv,365,range_054826-055025,54826,55025
B50.7_plus75,d:\hpc_project\tdc_unified_core\results\b50_7_external_offset\b50_7_offset_window_plan.csv,366,range_054976-055175,54976,55175
B50.7_plus75,d:\hpc_project\tdc_unified_core\results\b50_7_external_offset\b50_7_offset_window_plan.csv,367,range_055126-055325,55126,55325
B50.7_plus75,d:\hpc_project\tdc_unified_core\results\b50_7_external_offset\b50_7_offset_window_plan.csv,368,range_055276-055475,55276,55475
B50.7_plus75,d:\hpc_project\tdc_unified_core\results\b50_7_external_offset\b50_7_offset_window_plan.csv,369,range_055426-055625,55426,55625
B50.7_plus75,d:\hpc_project\tdc_unified_core\results\b50_7_external_offset\b50_7_offset_window_plan.csv,370,range_055576-055775,55576,55775
B50.7_plus75,d:\hpc_project\tdc_unified_core\results\b50_7_external_offset\b50_7_offset_window_plan.csv,371,range_055726-055925,55726,55925
B50.7_plus75,d:\hpc_project\tdc_unified_core\results\b50_7_external_offset\b50_7_offset_window_plan.csv,372,range_055876-056075,55876,56075
B50.7_plus75,d:\hpc_project\tdc_unified_core\results\b50_7_external_offset\b50_7_offset_window_plan.csv,373,range_056026-056225,56026,56225
B50.7_plus75,d:\hpc_project\tdc_unified_core\results\b50_7_external_offset\b50_7_offset_window_plan.csv,374,range_056176-056375,56176,56375
B50.7_plus75,d:\hpc_project\tdc_unified_core\results\b50_7_external_offset\b50_7_offset_window_plan.csv,375,range_056326-056525,56326,56525
B50.7_plus75,d:\hpc_project\tdc_unified_core\results\b50_7_external_offset\b50_7_offset_window_plan.csv,376,range_056476-056675,56476,56675
B50.7_plus75,d:\hpc_project\tdc_unified_core\results\b50_7_external_offset\b50_7_offset_window_plan.csv,377,range_056626-056825,56626,56825
B50.7_plus75,d:\hpc_project\tdc_unified_core\results\b50_7_external_offset\b50_7_offset_window_plan.csv,378,range_056776-056975,56776,56975
B50.7_plus75,d:\hpc_project\tdc_unified_core\results\b50_7_external_offset\b50_7_offset_window_plan.csv,379,range_056926-057125,56926,57125
B50.7_plus75,d:\hpc_project\tdc_unified_core\results\b50_7_external_offset\b50_7_offset_window_plan.csv,380,range_057076-057275,57076,57275
B50.7_plus75,d:\hpc_project\tdc_unified_core\results\b50_7_external_offset\b50_7_offset_window_plan.csv,381,range_057226-057425,57226,57425
B50.7_plus75,d:\hpc_project\tdc_unified_core\results\b50_7_external_offset\b50_7_offset_window_plan.csv,382,range_057376-057575,57376,57575
B50.7_plus75,d:\hpc_project\tdc_unified_core\results\b50_7_external_offset\b50_7_offset_window_plan.csv,383,range_057526-057725,57526,57725
B50.7_plus75,d:\hpc_project\tdc_unified_core\results\b50_7_external_offset\b50_7_offset_window_plan.csv,384,range_057676-057875,57676,57875
B50.7_plus75,d:\hpc_project\tdc_unified_core\results\b50_7_external_offset\b50_7_offset_window_plan.csv,385,range_057826-058025,57826,58025
B50.7_plus75,d:\hpc_project\tdc_unified_core\results\b50_7_external_offset\b50_7_offset_window_plan.csv,386,range_057976-058175,57976,58175
B50.7_plus75,d:\hpc_project\tdc_unified_core\results\b50_7_external_offset\b50_7_offset_window_plan.csv,387,range_058126-058325,58126,58325
B50.7_plus75,d:\hpc_project\tdc_unified_core\results\b50_7_external_offset\b50_7_offset_window_plan.csv,388,range_058276-058475,58276,58475
B50.7_plus75,d:\hpc_project\tdc_unified_core\results\b50_7_external_offset\b50_7_offset_window_plan.csv,389,range_058426-058625,58426,58625
B50.7_plus75,d:\hpc_project\tdc_unified_core\results\b50_7_external_offset\b50_7_offset_window_plan.csv,390,range_058576-058775,58576,58775
B50.7_plus75,d:\hpc_project\tdc_unified_core\results\b50_7_external_offset\b50_7_offset_window_plan.csv,391,range_058726-058925,58726,58925
B50.7_plus75,d:\hpc_project\tdc_unified_core\results\b50_7_external_offset\b50_7_offset_window_plan.csv,392,range_058876-059075,58876,59075
B50.7_plus75,d:\hpc_project\tdc_unified_core\results\b50_7_external_offset\b50_7_offset_window_plan.csv,393,range_059026-059225,59026,59225
B50.7_plus75,d:\hpc_project\tdc_unified_core\results\b50_7_external_offset\b50_7_offset_window_plan.csv,394,range_059176-059375,59176,59375
B50.7_plus75,d:\hpc_project\tdc_unified_core\results\b50_7_external_offset\b50_7_offset_window_plan.csv,395,range_059326-059525,59326,59525
B50.7_plus75,d:\hpc_project\tdc_unified_core\results\b50_7_external_offset\b50_7_offset_window_plan.csv,396,range_059476-059675,59476,59675
B50.7_plus75,d:\hpc_project\tdc_unified_core\results\b50_7_external_offset\b50_7_offset_window_plan.csv,397,range_059626-059825,59626,59825
B50.7_plus75,d:\hpc_project\tdc_unified_core\results\b50_7_external_offset\b50_7_offset_window_plan.csv,398,range_059776-059975,59776,59975
B50.7_plus75,d:\hpc_project\tdc_unified_core\results\b50_7_external_offset\b50_7_offset_window_plan.csv,399,range_059926-060125,59926,60125
B50.7_plus75,d:\hpc_project\tdc_unified_core\results\b50_7_external_offset\b50_7_offset_window_plan.csv,400,range_060076-060275,60076,60275
B50.7_plus75,d:\hpc_project\tdc_unified_core\results\b50_7_external_offset\b50_7_offset_window_plan.csv,401,range_060226-060425,60226,60425
B50.7_plus75,d:\hpc_project\tdc_unified_core\results\b50_7_external_offset\b50_7_offset_window_plan.csv,402,range_060376-060575,60376,60575
B50.7_plus75,d:\hpc_project\tdc_unified_core\results\b50_7_external_offset\b50_7_offset_window_plan.csv,403,range_060526-060725,60526,60725
B50.7_plus75,d:\hpc_project\tdc_unified_core\results\b50_7_external_offset\b50_7_offset_window_plan.csv,404,range_060676-060875,60676,60875
B50.7_plus75,d:\hpc_project\tdc_unified_core\results\b50_7_external_offset\b50_7_offset_window_plan.csv,405,range_060826-061025,60826,61025
B50.7_plus75,d:\hpc_project\tdc_unified_core\results\b50_7_external_offset\b50_7_offset_window_plan.csv,406,range_060976-061175,60976,61175
B50.7_plus75,d:\hpc_project\tdc_unified_core\results\b50_7_external_offset\b50_7_offset_window_plan.csv,407,range_061126-061325,61126,61325
B50.7_plus75,d:\hpc_project\tdc_unified_core\results\b50_7_external_offset\b50_7_offset_window_plan.csv,408,range_061276-061475,61276,61475
B50.7_plus75,d:\hpc_project\tdc_unified_core\results\b50_7_external_offset\b50_7_offset_window_plan.csv,409,range_061426-061625,61426,61625
B50.7_plus75,d:\hpc_project\tdc_unified_core\results\b50_7_external_offset\b50_7_offset_window_plan.csv,410,range_061576-061775,61576,61775
B50.7_plus75,d:\hpc_project\tdc_unified_core\results\b50_7_external_offset\b50_7_offset_window_plan.csv,411,range_061726-061925,61726,61925
B50.7_plus75,d:\hpc_project\tdc_unified_core\results\b50_7_external_offset\b50_7_offset_window_plan.csv,412,range_061876-062075,61876,62075
B50.7_plus75,d:\hpc_project\tdc_unified_core\results\b50_7_external_offset\b50_7_offset_window_plan.csv,413,range_062026-062225,62026,62225
B50.7_plus75,d:\hpc_project\tdc_unified_core\results\b50_7_external_offset\b50_7_offset_window_plan.csv,414,range_062176-062375,62176,62375
B50.7_plus75,d:\hpc_project\tdc_unified_core\results\b50_7_external_offset\b50_7_offset_window_plan.csv,415,range_062326-062525,62326,62525
B50.7_plus75,d:\hpc_project\tdc_unified_core\results\b50_7_external_offset\b50_7_offset_window_plan.csv,416,range_062476-062675,62476,62675
B50.7_plus75,d:\hpc_project\tdc_unified_core\results\b50_7_external_offset\b50_7_offset_window_plan.csv,417,range_062626-062825,62626,62825
B50.7_plus75,d:\hpc_project\tdc_unified_core\results\b50_7_external_offset\b50_7_offset_window_plan.csv,418,range_062776-062975,62776,62975
B50.7_plus75,d:\hpc_project\tdc_unified_core\results\b50_7_external_offset\b50_7_offset_window_plan.csv,419,range_062926-063125,62926,63125
B50.7_plus75,d:\hpc_project\tdc_unified_core\results\b50_7_external_offset\b50_7_offset_window_plan.csv,420,range_063076-063275,63076,63275
B50.7_plus75,d:\hpc_project\tdc_unified_core\results\b50_7_external_offset\b50_7_offset_window_plan.csv,421,range_063226-063425,63226,63425
B50.7_plus75,d:\hpc_project\tdc_unified_core\results\b50_7_external_offset\b50_7_offset_window_plan.csv,422,range_063376-063575,63376,63575
B50.7_plus75,d:\hpc_project\tdc_unified_core\results\b50_7_external_offset\b50_7_offset_window_plan.csv,423,range_063526-063725,63526,63725
B50.7_plus75,d:\hpc_project\tdc_unified_core\results\b50_7_external_offset\b50_7_offset_window_plan.csv,424,range_063676-063875,63676,63875
B50.7_plus75,d:\hpc_project\tdc_unified_core\results\b50_7_external_offset\b50_7_offset_window_plan.csv,425,range_063826-064025,63826,64025
B50.7_plus75,d:\hpc_project\tdc_unified_core\results\b50_7_external_offset\b50_7_offset_window_plan.csv,426,range_063976-064175,63976,64175
B50.7_plus75,d:\hpc_project\tdc_unified_core\results\b50_7_external_offset\b50_7_offset_window_plan.csv,427,range_064126-064325,64126,64325
B50.7_plus75,d:\hpc_project\tdc_unified_core\results\b50_7_external_offset\b50_7_offset_window_plan.csv,428,range_064276-064475,64276,64475
B50.7_plus75,d:\hpc_project\tdc_unified_core\results\b50_7_external_offset\b50_7_offset_window_plan.csv,429,range_064426-064625,64426,64625
B50.7_plus75,d:\hpc_project\tdc_unified_core\results\b50_7_external_offset\b50_7_offset_window_plan.csv,430,range_064576-064775,64576,64775
B50.7_plus75,d:\hpc_project\tdc_unified_core\results\b50_7_external_offset\b50_7_offset_window_plan.csv,431,range_064726-064925,64726,64925
B50.7_plus75,d:\hpc_project\tdc_unified_core\results\b50_7_external_offset\b50_7_offset_window_plan.csv,432,range_064876-065075,64876,65075
B50.7_plus75,d:\hpc_project\tdc_unified_core\results\b50_7_external_offset\b50_7_offset_window_plan.csv,433,range_065026-065225,65026,65225
B50.7_plus75,d:\hpc_project\tdc_unified_core\results\b50_7_external_offset\b50_7_offset_window_plan.csv,434,range_065176-065375,65176,65375
B50.7_plus75,d:\hpc_project\tdc_unified_core\results\b50_7_external_offset\b50_7_offset_window_plan.csv,435,range_065326-065525,65326,65525
B50.7_plus75,d:\hpc_project\tdc_unified_core\results\b50_7_external_offset\b50_7_offset_window_plan.csv,436,range_065476-065675,65476,65675
B50.7_plus75,d:\hpc_project\tdc_unified_core\results\b50_7_external_offset\b50_7_offset_window_plan.csv,437,range_065626-065825,65626,65825
B50.7_plus75,d:\hpc_project\tdc_unified_core\results\b50_7_external_offset\b50_7_offset_window_plan.csv,438,range_065776-065975,65776,65975
B50.7_plus75,d:\hpc_project\tdc_unified_core\results\b50_7_external_offset\b50_7_offset_window_plan.csv,439,range_065926-066125,65926,66125
B50.7_plus75,d:\hpc_project\tdc_unified_core\results\b50_7_external_offset\b50_7_offset_window_plan.csv,440,range_066076-066275,66076,66275
B50.7_plus75,d:\hpc_project\tdc_unified_core\results\b50_7_external_offset\b50_7_offset_window_plan.csv,441,range_066226-066425,66226,66425
B50.7_plus75,d:\hpc_project\tdc_unified_core\results\b50_7_external_offset\b50_7_offset_window_plan.csv,442,range_066376-066575,66376,66575
B50.7_plus75,d:\hpc_project\tdc_unified_core\results\b50_7_external_offset\b50_7_offset_window_plan.csv,443,range_066526-066725,66526,66725
B50.7_plus75,d:\hpc_project\tdc_unified_core\results\b50_7_external_offset\b50_7_offset_window_plan.csv,444,range_066676-066875,66676,66875
B50.7_plus75,d:\hpc_project\tdc_unified_core\results\b50_7_external_offset\b50_7_offset_window_plan.csv,445,range_066826-067025,66826,67025
B50.7_plus75,d:\hpc_project\tdc_unified_core\results\b50_7_external_offset\b50_7_offset_window_plan.csv,446,range_066976-067175,66976,67175
B50.7_plus75,d:\hpc_project\tdc_unified_core\results\b50_7_external_offset\b50_7_offset_window_plan.csv,447,range_067126-067325,67126,67325
B50.7_plus75,d:\hpc_project\tdc_unified_core\results\b50_7_external_offset\b50_7_offset_window_plan.csv,448,range_067276-067475,67276,67475
B50.7_plus75,d:\hpc_project\tdc_unified_core\results\b50_7_external_offset\b50_7_offset_window_plan.csv,449,range_067426-067625,67426,67625
B50.7_plus75,d:\hpc_project\tdc_unified_core\results\b50_7_external_offset\b50_7_offset_window_plan.csv,450,range_067576-067775,67576,67775
B50.7_plus75,d:\hpc_project\tdc_unified_core\results\b50_7_external_offset\b50_7_offset_window_plan.csv,451,range_067726-067925,67726,67925
B50.7_plus75,d:\hpc_project\tdc_unified_core\results\b50_7_external_offset\b50_7_offset_window_plan.csv,452,range_067876-068075,67876,68075
B50.7_plus75,d:\hpc_project\tdc_unified_core\results\b50_7_external_offset\b50_7_offset_window_plan.csv,453,range_068026-068225,68026,68225
B50.7_plus75,d:\hpc_project\tdc_unified_core\results\b50_7_external_offset\b50_7_offset_window_plan.csv,454,range_068176-068375,68176,68375
B50.7_plus75,d:\hpc_project\tdc_unified_core\results\b50_7_external_offset\b50_7_offset_window_plan.csv,455,range_068326-068525,68326,68525
B50.7_plus75,d:\hpc_project\tdc_unified_core\results\b50_7_external_offset\b50_7_offset_window_plan.csv,456,range_068476-068675,68476,68675
B50.7_plus75,d:\hpc_project\tdc_unified_core\results\b50_7_external_offset\b50_7_offset_window_plan.csv,457,range_068626-068825,68626,68825
B50.7_plus75,d:\hpc_project\tdc_unified_core\results\b50_7_external_offset\b50_7_offset_window_plan.csv,458,range_068776-068975,68776,68975
B50.7_plus75,d:\hpc_project\tdc_unified_core\results\b50_7_external_offset\b50_7_offset_window_plan.csv,459,range_068926-069125,68926,69125
B50.7_plus75,d:\hpc_project\tdc_unified_core\results\b50_7_external_offset\b50_7_offset_window_plan.csv,460,range_069076-069275,69076,69275
B50.7_plus75,d:\hpc_project\tdc_unified_core\results\b50_7_external_offset\b50_7_offset_window_plan.csv,461,range_069226-069425,69226,69425
B50.7_plus75,d:\hpc_project\tdc_unified_core\results\b50_7_external_offset\b50_7_offset_window_plan.csv,462,range_069376-069575,69376,69575
B50.7_plus75,d:\hpc_project\tdc_unified_core\results\b50_7_external_offset\b50_7_offset_window_plan.csv,463,range_069526-069725,69526,69725
B50.7_plus75,d:\hpc_project\tdc_unified_core\results\b50_7_external_offset\b50_7_offset_window_plan.csv,464,range_069676-069875,69676,69875
B50.7_plus75,d:\hpc_project\tdc_unified_core\results\b50_7_external_offset\b50_7_offset_window_plan.csv,465,range_069826-070025,69826,70025
B50.7_plus75,d:\hpc_project\tdc_unified_core\results\b50_7_external_offset\b50_7_offset_window_plan.csv,466,range_069976-070175,69976,70175
B50.7_plus75,d:\hpc_project\tdc_unified_core\results\b50_7_external_offset\b50_7_offset_window_plan.csv,467,range_070126-070325,70126,70325
B50.7_plus75,d:\hpc_project\tdc_unified_core\results\b50_7_external_offset\b50_7_offset_window_plan.csv,468,range_070276-070475,70276,70475
B50.7_plus75,d:\hpc_project\tdc_unified_core\results\b50_7_external_offset\b50_7_offset_window_plan.csv,469,range_070426-070625,70426,70625
B50.7_plus75,d:\hpc_project\tdc_unified_core\results\b50_7_external_offset\b50_7_offset_window_plan.csv,470,range_070576-070775,70576,70775
B50.7_plus75,d:\hpc_project\tdc_unified_core\results\b50_7_external_offset\b50_7_offset_window_plan.csv,471,range_070726-070925,70726,70925
B50.7_plus75,d:\hpc_project\tdc_unified_core\results\b50_7_external_offset\b50_7_offset_window_plan.csv,472,range_070876-071075,70876,71075
B50.7_plus75,d:\hpc_project\tdc_unified_core\results\b50_7_external_offset\b50_7_offset_window_plan.csv,473,range_071026-071225,71026,71225
B50.7_plus75,d:\hpc_project\tdc_unified_core\results\b50_7_external_offset\b50_7_offset_window_plan.csv,474,range_071176-071375,71176,71375
B50.7_plus75,d:\hpc_project\tdc_unified_core\results\b50_7_external_offset\b50_7_offset_window_plan.csv,475,range_071326-071525,71326,71525
B50.7_plus75,d:\hpc_project\tdc_unified_core\results\b50_7_external_offset\b50_7_offset_window_plan.csv,476,range_071476-071675,71476,71675
B50.7_plus75,d:\hpc_project\tdc_unified_core\results\b50_7_external_offset\b50_7_offset_window_plan.csv,477,range_071626-071825,71626,71825
B50.7_plus75,d:\hpc_project\tdc_unified_core\results\b50_7_external_offset\b50_7_offset_window_plan.csv,478,range_071776-071975,71776,71975
B50.7_plus75,d:\hpc_project\tdc_unified_core\results\b50_7_external_offset\b50_7_offset_window_plan.csv,479,range_071926-072125,71926,72125
B50.7_plus75,d:\hpc_project\tdc_unified_core\results\b50_7_external_offset\b50_7_offset_window_plan.csv,480,range_072076-072275,72076,72275
B50.7_plus75,d:\hpc_project\tdc_unified_core\results\b50_7_external_offset\b50_7_offset_window_plan.csv,481,range_072226-072425,72226,72425
B50.7_plus75,d:\hpc_project\tdc_unified_core\results\b50_7_external_offset\b50_7_offset_window_plan.csv,482,range_072376-072575,72376,72575
B50.7_plus75,d:\hpc_project\tdc_unified_core\results\b50_7_external_offset\b50_7_offset_window_plan.csv,483,range_072526-072725,72526,72725
B50.7_plus75,d:\hpc_project\tdc_unified_core\results\b50_7_external_offset\b50_7_offset_window_plan.csv,484,range_072676-072875,72676,72875
B50.7_plus75,d:\hpc_project\tdc_unified_core\results\b50_7_external_offset\b50_7_offset_window_plan.csv,485,range_072826-073025,72826,73025
B50.7_plus75,d:\hpc_project\tdc_unified_core\results\b50_7_external_offset\b50_7_offset_window_plan.csv,486,range_072976-073175,72976,73175
B50.7_plus75,d:\hpc_project\tdc_unified_core\results\b50_7_external_offset\b50_7_offset_window_plan.csv,487,range_073126-073325,73126,73325
B50.7_plus75,d:\hpc_project\tdc_unified_core\results\b50_7_external_offset\b50_7_offset_window_plan.csv,488,range_073276-073475,73276,73475
B50.7_plus75,d:\hpc_project\tdc_unified_core\results\b50_7_external_offset\b50_7_offset_window_plan.csv,489,range_073426-073625,73426,73625
B50.7_plus75,d:\hpc_project\tdc_unified_core\results\b50_7_external_offset\b50_7_offset_window_plan.csv,490,range_073576-073775,73576,73775
B50.7_plus75,d:\hpc_project\tdc_unified_core\results\b50_7_external_offset\b50_7_offset_window_plan.csv,491,range_073726-073925,73726,73925
B50.7_plus75,d:\hpc_project\tdc_unified_core\results\b50_7_external_offset\b50_7_offset_window_plan.csv,492,range_073876-074075,73876,74075
B50.7_plus75,d:\hpc_project\tdc_unified_core\results\b50_7_external_offset\b50_7_offset_window_plan.csv,493,range_074026-074225,74026,74225
B50.7_plus75,d:\hpc_project\tdc_unified_core\results\b50_7_external_offset\b50_7_offset_window_plan.csv,494,range_074176-074375,74176,74375
B50.7_plus75,d:\hpc_project\tdc_unified_core\results\b50_7_external_offset\b50_7_offset_window_plan.csv,495,range_074326-074525,74326,74525
B50.7_plus75,d:\hpc_project\tdc_unified_core\results\b50_7_external_offset\b50_7_offset_window_plan.csv,496,range_074476-074675,74476,74675
B50.7_plus75,d:\hpc_project\tdc_unified_core\results\b50_7_external_offset\b50_7_offset_window_plan.csv,497,range_074626-074825,74626,74825
B50.7_plus75,d:\hpc_project\tdc_unified_core\results\b50_7_external_offset\b50_7_offset_window_plan.csv,498,range_074776-074975,74776,74975
B50.7_plus75,d:\hpc_project\tdc_unified_core\results\b50_7_external_offset\b50_7_offset_window_plan.csv,499,range_074926-075125,74926,75125
B50.7_plus75,d:\hpc_project\tdc_unified_core\results\b50_7_external_offset\b50_7_offset_window_plan.csv,500,range_075076-075275,75076,75275
B50.7_plus75,d:\hpc_project\tdc_unified_core\results\b50_7_external_offset\b50_7_offset_window_plan.csv,501,range_075226-075425,75226,75425
B50.7_plus75,d:\hpc_project\tdc_unified_core\results\b50_7_external_offset\b50_7_offset_window_plan.csv,502,range_075376-075575,75376,75575
B50.7_plus75,d:\hpc_project\tdc_unified_core\results\b50_7_external_offset\b50_7_offset_window_plan.csv,503,range_075526-075725,75526,75725
B50.7_plus75,d:\hpc_project\tdc_unified_core\results\b50_7_external_offset\b50_7_offset_window_plan.csv,504,range_075676-075875,75676,75875
B50.7_plus75,d:\hpc_project\tdc_unified_core\results\b50_7_external_offset\b50_7_offset_window_plan.csv,505,range_075826-076025,75826,76025
B50.7_plus75,d:\hpc_project\tdc_unified_core\results\b50_7_external_offset\b50_7_offset_window_plan.csv,506,range_075976-076175,75976,76175
B50.7_plus75,d:\hpc_project\tdc_unified_core\results\b50_7_external_offset\b50_7_offset_window_plan.csv,507,range_076126-076325,76126,76325
B50.7_plus75,d:\hpc_project\tdc_unified_core\results\b50_7_external_offset\b50_7_offset_window_plan.csv,508,range_076276-076475,76276,76475
B50.7_plus75,d:\hpc_project\tdc_unified_core\results\b50_7_external_offset\b50_7_offset_window_plan.csv,509,range_076426-076625,76426,76625
B50.7_plus75,d:\hpc_project\tdc_unified_core\results\b50_7_external_offset\b50_7_offset_window_plan.csv,510,range_076576-076775,76576,76775
B50.7_plus75,d:\hpc_project\tdc_unified_core\results\b50_7_external_offset\b50_7_offset_window_plan.csv,511,range_076726-076925,76726,76925
B50.7_plus75,d:\hpc_project\tdc_unified_core\results\b50_7_external_offset\b50_7_offset_window_plan.csv,512,range_076876-077075,76876,77075
B50.7_plus75,d:\hpc_project\tdc_unified_core\results\b50_7_external_offset\b50_7_offset_window_plan.csv,513,range_077026-077225,77026,77225
B50.7_plus75,d:\hpc_project\tdc_unified_core\results\b50_7_external_offset\b50_7_offset_window_plan.csv,514,range_077176-077375,77176,77375
B50.7_plus75,d:\hpc_project\tdc_unified_core\results\b50_7_external_offset\b50_7_offset_window_plan.csv,515,range_077326-077525,77326,77525
B50.7_plus75,d:\hpc_project\tdc_unified_core\results\b50_7_external_offset\b50_7_offset_window_plan.csv,516,range_077476-077675,77476,77675
B50.7_plus75,d:\hpc_project\tdc_unified_core\results\b50_7_external_offset\b50_7_offset_window_plan.csv,517,range_077626-077825,77626,77825
B50.7_plus75,d:\hpc_project\tdc_unified_core\results\b50_7_external_offset\b50_7_offset_window_plan.csv,518,range_077776-077975,77776,77975
B50.7_plus75,d:\hpc_project\tdc_unified_core\results\b50_7_external_offset\b50_7_offset_window_plan.csv,519,range_077926-078125,77926,78125
B50.7_plus75,d:\hpc_project\tdc_unified_core\results\b50_7_external_offset\b50_7_offset_window_plan.csv,520,range_078076-078275,78076,78275
B50.7_plus75,d:\hpc_project\tdc_unified_core\results\b50_7_external_offset\b50_7_offset_window_plan.csv,521,range_078226-078425,78226,78425
B50.7_plus75,d:\hpc_project\tdc_unified_core\results\b50_7_external_offset\b50_7_offset_window_plan.csv,522,range_078376-078575,78376,78575
B50.7_plus75,d:\hpc_project\tdc_unified_core\results\b50_7_external_offset\b50_7_offset_window_plan.csv,523,range_078526-078725,78526,78725
B50.7_plus75,d:\hpc_project\tdc_unified_core\results\b50_7_external_offset\b50_7_offset_window_plan.csv,524,range_078676-078875,78676,78875
B50.7_plus75,d:\hpc_project\tdc_unified_core\results\b50_7_external_offset\b50_7_offset_window_plan.csv,525,range_078826-079025,78826,79025
B50.7_plus75,d:\hpc_project\tdc_unified_core\results\b50_7_external_offset\b50_7_offset_window_plan.csv,526,range_078976-079175,78976,79175
B50.7_plus75,d:\hpc_project\tdc_unified_core\results\b50_7_external_offset\b50_7_offset_window_plan.csv,527,range_079126-079325,79126,79325
B50.7_plus75,d:\hpc_project\tdc_unified_core\results\b50_7_external_offset\b50_7_offset_window_plan.csv,528,range_079276-079475,79276,79475
B50.7_plus75,d:\hpc_project\tdc_unified_core\results\b50_7_external_offset\b50_7_offset_window_plan.csv,529,range_079426-079625,79426,79625
B50.7_plus75,d:\hpc_project\tdc_unified_core\results\b50_7_external_offset\b50_7_offset_window_plan.csv,530,range_079576-079775,79576,79775
B50.7_plus75,d:\hpc_project\tdc_unified_core\results\b50_7_external_offset\b50_7_offset_window_plan.csv,531,range_079726-079925,79726,79925
B50.7_plus75,d:\hpc_project\tdc_unified_core\results\b50_7_external_offset\b50_7_offset_window_plan.csv,532,range_079876-080075,79876,80075
B50.7_plus75,d:\hpc_project\tdc_unified_core\results\b50_7_external_offset\b50_7_offset_window_plan.csv,533,range_080026-080225,80026,80225
B50.7_plus75,d:\hpc_project\tdc_unified_core\results\b50_7_external_offset\b50_7_offset_window_plan.csv,534,range_080176-080375,80176,80375
B50.7_plus75,d:\hpc_project\tdc_unified_core\results\b50_7_external_offset\b50_7_offset_window_plan.csv,535,range_080326-080525,80326,80525
B50.7_plus75,d:\hpc_project\tdc_unified_core\results\b50_7_external_offset\b50_7_offset_window_plan.csv,536,range_080476-080675,80476,80675
B50.7_plus75,d:\hpc_project\tdc_unified_core\results\b50_7_external_offset\b50_7_offset_window_plan.csv,537,range_080626-080825,80626,80825
B50.7_plus75,d:\hpc_project\tdc_unified_core\results\b50_7_external_offset\b50_7_offset_window_plan.csv,538,range_080776-080975,80776,80975
B50.7_plus75,d:\hpc_project\tdc_unified_core\results\b50_7_external_offset\b50_7_offset_window_plan.csv,539,range_080926-081125,80926,81125
B50.7_plus75,d:\hpc_project\tdc_unified_core\results\b50_7_external_offset\b50_7_offset_window_plan.csv,540,range_081076-081275,81076,81275
B50.7_plus75,d:\hpc_project\tdc_unified_core\results\b50_7_external_offset\b50_7_offset_window_plan.csv,541,range_081226-081425,81226,81425
B50.7_plus75,d:\hpc_project\tdc_unified_core\results\b50_7_external_offset\b50_7_offset_window_plan.csv,542,range_081376-081575,81376,81575
B50.7_plus75,d:\hpc_project\tdc_unified_core\results\b50_7_external_offset\b50_7_offset_window_plan.csv,543,range_081526-081725,81526,81725
B50.7_plus75,d:\hpc_project\tdc_unified_core\results\b50_7_external_offset\b50_7_offset_window_plan.csv,544,range_081676-081875,81676,81875
B50.7_plus75,d:\hpc_project\tdc_unified_core\results\b50_7_external_offset\b50_7_offset_window_plan.csv,545,range_081826-082025,81826,82025
B50.7_plus75,d:\hpc_project\tdc_unified_core\results\b50_7_external_offset\b50_7_offset_window_plan.csv,546,range_081976-082175,81976,82175
B50.7_plus75,d:\hpc_project\tdc_unified_core\results\b50_7_external_offset\b50_7_offset_window_plan.csv,547,range_082126-082325,82126,82325
B50.7_plus75,d:\hpc_project\tdc_unified_core\results\b50_7_external_offset\b50_7_offset_window_plan.csv,548,range_082276-082475,82276,82475
B50.7_plus75,d:\hpc_project\tdc_unified_core\results\b50_7_external_offset\b50_7_offset_window_plan.csv,549,range_082426-082625,82426,82625
B50.7_plus75,d:\hpc_project\tdc_unified_core\results\b50_7_external_offset\b50_7_offset_window_plan.csv,550,range_082576-082775,82576,82775
B50.7_plus75,d:\hpc_project\tdc_unified_core\results\b50_7_external_offset\b50_7_offset_window_plan.csv,551,range_082726-082925,82726,82925
B50.7_plus75,d:\hpc_project\tdc_unified_core\results\b50_7_external_offset\b50_7_offset_window_plan.csv,552,range_082876-083075,82876,83075
B50.7_plus75,d:\hpc_project\tdc_unified_core\results\b50_7_external_offset\b50_7_offset_window_plan.csv,553,range_083026-083225,83026,83225
B50.7_plus75,d:\hpc_project\tdc_unified_core\results\b50_7_external_offset\b50_7_offset_window_plan.csv,554,range_083176-083375,83176,83375
B50.7_plus75,d:\hpc_project\tdc_unified_core\results\b50_7_external_offset\b50_7_offset_window_plan.csv,555,range_083326-083525,83326,83525
B50.7_plus75,d:\hpc_project\tdc_unified_core\results\b50_7_external_offset\b50_7_offset_window_plan.csv,556,range_083476-083675,83476,83675
B50.7_plus75,d:\hpc_project\tdc_unified_core\results\b50_7_external_offset\b50_7_offset_window_plan.csv,557,range_083626-083825,83626,83825
B50.7_plus75,d:\hpc_project\tdc_unified_core\results\b50_7_external_offset\b50_7_offset_window_plan.csv,558,range_083776-083975,83776,83975
B50.7_plus75,d:\hpc_project\tdc_unified_core\results\b50_7_external_offset\b50_7_offset_window_plan.csv,559,range_083926-084125,83926,84125
B50.7_plus75,d:\hpc_project\tdc_unified_core\results\b50_7_external_offset\b50_7_offset_window_plan.csv,560,range_084076-084275,84076,84275
B50.7_plus75,d:\hpc_project\tdc_unified_core\results\b50_7_external_offset\b50_7_offset_window_plan.csv,561,range_084226-084425,84226,84425
B50.7_plus75,d:\hpc_project\tdc_unified_core\results\b50_7_external_offset\b50_7_offset_window_plan.csv,562,range_084376-084575,84376,84575
B50.7_plus75,d:\hpc_project\tdc_unified_core\results\b50_7_external_offset\b50_7_offset_window_plan.csv,563,range_084526-084725,84526,84725
B50.7_plus75,d:\hpc_project\tdc_unified_core\results\b50_7_external_offset\b50_7_offset_window_plan.csv,564,range_084676-084875,84676,84875
B50.7_plus75,d:\hpc_project\tdc_unified_core\results\b50_7_external_offset\b50_7_offset_window_plan.csv,565,range_084826-085025,84826,85025
B50.7_plus75,d:\hpc_project\tdc_unified_core\results\b50_7_external_offset\b50_7_offset_window_plan.csv,566,range_084976-085175,84976,85175
B50.7_plus75,d:\hpc_project\tdc_unified_core\results\b50_7_external_offset\b50_7_offset_window_plan.csv,567,range_085126-085325,85126,85325
B50.7_plus75,d:\hpc_project\tdc_unified_core\results\b50_7_external_offset\b50_7_offset_window_plan.csv,568,range_085276-085475,85276,85475
B50.7_plus75,d:\hpc_project\tdc_unified_core\results\b50_7_external_offset\b50_7_offset_window_plan.csv,569,range_085426-085625,85426,85625
B50.7_plus75,d:\hpc_project\tdc_unified_core\results\b50_7_external_offset\b50_7_offset_window_plan.csv,570,range_085576-085775,85576,85775
B50.7_plus75,d:\hpc_project\tdc_unified_core\results\b50_7_external_offset\b50_7_offset_window_plan.csv,571,range_085726-085925,85726,85925
B50.7_plus75,d:\hpc_project\tdc_unified_core\results\b50_7_external_offset\b50_7_offset_window_plan.csv,572,range_085876-086075,85876,86075
B50.7_plus75,d:\hpc_project\tdc_unified_core\results\b50_7_external_offset\b50_7_offset_window_plan.csv,573,range_086026-086225,86026,86225
B50.7_plus75,d:\hpc_project\tdc_unified_core\results\b50_7_external_offset\b50_7_offset_window_plan.csv,574,range_086176-086375,86176,86375
B50.7_plus75,d:\hpc_project\tdc_unified_core\results\b50_7_external_offset\b50_7_offset_window_plan.csv,575,range_086326-086525,86326,86525
B50.7_plus75,d:\hpc_project\tdc_unified_core\results\b50_7_external_offset\b50_7_offset_window_plan.csv,576,range_086476-086675,86476,86675
B50.7_plus75,d:\hpc_project\tdc_unified_core\results\b50_7_external_offset\b50_7_offset_window_plan.csv,577,range_086626-086825,86626,86825
B50.7_plus75,d:\hpc_project\tdc_unified_core\results\b50_7_external_offset\b50_7_offset_window_plan.csv,578,range_086776-086975,86776,86975
B50.7_plus75,d:\hpc_project\tdc_unified_core\results\b50_7_external_offset\b50_7_offset_window_plan.csv,579,range_086926-087125,86926,87125
B50.7_plus75,d:\hpc_project\tdc_unified_core\results\b50_7_external_offset\b50_7_offset_window_plan.csv,580,range_087076-087275,87076,87275
B50.7_plus75,d:\hpc_project\tdc_unified_core\results\b50_7_external_offset\b50_7_offset_window_plan.csv,581,range_087226-087425,87226,87425
B50.7_plus75,d:\hpc_project\tdc_unified_core\results\b50_7_external_offset\b50_7_offset_window_plan.csv,582,range_087376-087575,87376,87575
B50.7_plus75,d:\hpc_project\tdc_unified_core\results\b50_7_external_offset\b50_7_offset_window_plan.csv,583,range_087526-087725,87526,87725
B50.7_plus75,d:\hpc_project\tdc_unified_core\results\b50_7_external_offset\b50_7_offset_window_plan.csv,584,range_087676-087875,87676,87875
B50.7_plus75,d:\hpc_project\tdc_unified_core\results\b50_7_external_offset\b50_7_offset_window_plan.csv,585,range_087826-088025,87826,88025
B50.7_plus75,d:\hpc_project\tdc_unified_core\results\b50_7_external_offset\b50_7_offset_window_plan.csv,586,range_087976-088175,87976,88175
B50.7_plus75,d:\hpc_project\tdc_unified_core\results\b50_7_external_offset\b50_7_offset_window_plan.csv,587,range_088126-088325,88126,88325
B50.7_plus75,d:\hpc_project\tdc_unified_core\results\b50_7_external_offset\b50_7_offset_window_plan.csv,588,range_088276-088475,88276,88475
B50.7_plus75,d:\hpc_project\tdc_unified_core\results\b50_7_external_offset\b50_7_offset_window_plan.csv,589,range_088426-088625,88426,88625
B50.7_plus75,d:\hpc_project\tdc_unified_core\results\b50_7_external_offset\b50_7_offset_window_plan.csv,590,range_088576-088775,88576,88775
B50.7_plus75,d:\hpc_project\tdc_unified_core\results\b50_7_external_offset\b50_7_offset_window_plan.csv,591,range_088726-088925,88726,88925
B50.7_plus75,d:\hpc_project\tdc_unified_core\results\b50_7_external_offset\b50_7_offset_window_plan.csv,592,range_088876-089075,88876,89075
B50.7_plus75,d:\hpc_project\tdc_unified_core\results\b50_7_external_offset\b50_7_offset_window_plan.csv,593,range_089026-089225,89026,89225
B50.7_plus75,d:\hpc_project\tdc_unified_core\results\b50_7_external_offset\b50_7_offset_window_plan.csv,594,range_089176-089375,89176,89375
B50.7_plus75,d:\hpc_project\tdc_unified_core\results\b50_7_external_offset\b50_7_offset_window_plan.csv,595,range_089326-089525,89326,89525
B50.7_plus75,d:\hpc_project\tdc_unified_core\results\b50_7_external_offset\b50_7_offset_window_plan.csv,596,range_089476-089675,89476,89675
B50.7_plus75,d:\hpc_project\tdc_unified_core\results\b50_7_external_offset\b50_7_offset_window_plan.csv,597,range_089626-089825,89626,89825
B50.7_plus75,d:\hpc_project\tdc_unified_core\results\b50_7_external_offset\b50_7_offset_window_plan.csv,598,range_089776-089975,89776,89975
B50.7_plus75,d:\hpc_project\tdc_unified_core\results\b50_7_external_offset\b50_7_offset_window_plan.csv,599,range_089926-090125,89926,90125
B50.7_plus75,d:\hpc_project\tdc_unified_core\results\b50_7_external_offset\b50_7_offset_window_plan.csv,600,range_090076-090275,90076,90275
B50.7_plus75,d:\hpc_project\tdc_unified_core\results\b50_7_external_offset\b50_7_offset_window_plan.csv,601,range_090226-090425,90226,90425
B50.7_plus75,d:\hpc_project\tdc_unified_core\results\b50_7_external_offset\b50_7_offset_window_plan.csv,602,range_090376-090575,90376,90575
B50.7_plus75,d:\hpc_project\tdc_unified_core\results\b50_7_external_offset\b50_7_offset_window_plan.csv,603,range_090526-090725,90526,90725
B50.7_plus75,d:\hpc_project\tdc_unified_core\results\b50_7_external_offset\b50_7_offset_window_plan.csv,604,range_090676-090875,90676,90875
B50.7_plus75,d:\hpc_project\tdc_unified_core\results\b50_7_external_offset\b50_7_offset_window_plan.csv,605,range_090826-091025,90826,91025
B50.7_plus75,d:\hpc_project\tdc_unified_core\results\b50_7_external_offset\b50_7_offset_window_plan.csv,606,range_090976-091175,90976,91175
B50.7_plus75,d:\hpc_project\tdc_unified_core\results\b50_7_external_offset\b50_7_offset_window_plan.csv,607,range_091126-091325,91126,91325
B50.7_plus75,d:\hpc_project\tdc_unified_core\results\b50_7_external_offset\b50_7_offset_window_plan.csv,608,range_091276-091475,91276,91475
B50.7_plus75,d:\hpc_project\tdc_unified_core\results\b50_7_external_offset\b50_7_offset_window_plan.csv,609,range_091426-091625,91426,91625
B50.7_plus75,d:\hpc_project\tdc_unified_core\results\b50_7_external_offset\b50_7_offset_window_plan.csv,610,range_091576-091775,91576,91775
B50.7_plus75,d:\hpc_project\tdc_unified_core\results\b50_7_external_offset\b50_7_offset_window_plan.csv,611,range_091726-091925,91726,91925
B50.7_plus75,d:\hpc_project\tdc_unified_core\results\b50_7_external_offset\b50_7_offset_window_plan.csv,612,range_091876-092075,91876,92075
B50.7_plus75,d:\hpc_project\tdc_unified_core\results\b50_7_external_offset\b50_7_offset_window_plan.csv,613,range_092026-092225,92026,92225
B50.7_plus75,d:\hpc_project\tdc_unified_core\results\b50_7_external_offset\b50_7_offset_window_plan.csv,614,range_092176-092375,92176,92375
B50.7_plus75,d:\hpc_project\tdc_unified_core\results\b50_7_external_offset\b50_7_offset_window_plan.csv,615,range_092326-092525,92326,92525
B50.7_plus75,d:\hpc_project\tdc_unified_core\results\b50_7_external_offset\b50_7_offset_window_plan.csv,616,range_092476-092675,92476,92675
B50.7_plus75,d:\hpc_project\tdc_unified_core\results\b50_7_external_offset\b50_7_offset_window_plan.csv,617,range_092626-092825,92626,92825
B50.7_plus75,d:\hpc_project\tdc_unified_core\results\b50_7_external_offset\b50_7_offset_window_plan.csv,618,range_092776-092975,92776,92975
B50.7_plus75,d:\hpc_project\tdc_unified_core\results\b50_7_external_offset\b50_7_offset_window_plan.csv,619,range_092926-093125,92926,93125
B50.7_plus75,d:\hpc_project\tdc_unified_core\results\b50_7_external_offset\b50_7_offset_window_plan.csv,620,range_093076-093275,93076,93275
B50.7_plus75,d:\hpc_project\tdc_unified_core\results\b50_7_external_offset\b50_7_offset_window_plan.csv,621,range_093226-093425,93226,93425
B50.7_plus75,d:\hpc_project\tdc_unified_core\results\b50_7_external_offset\b50_7_offset_window_plan.csv,622,range_093376-093575,93376,93575
B50.7_plus75,d:\hpc_project\tdc_unified_core\results\b50_7_external_offset\b50_7_offset_window_plan.csv,623,range_093526-093725,93526,93725
B50.7_plus75,d:\hpc_project\tdc_unified_core\results\b50_7_external_offset\b50_7_offset_window_plan.csv,624,range_093676-093875,93676,93875
B50.7_plus75,d:\hpc_project\tdc_unified_core\results\b50_7_external_offset\b50_7_offset_window_plan.csv,625,range_093826-094025,93826,94025
B50.7_plus75,d:\hpc_project\tdc_unified_core\results\b50_7_external_offset\b50_7_offset_window_plan.csv,626,range_093976-094175,93976,94175
B50.7_plus75,d:\hpc_project\tdc_unified_core\results\b50_7_external_offset\b50_7_offset_window_plan.csv,627,range_094126-094325,94126,94325
B50.7_plus75,d:\hpc_project\tdc_unified_core\results\b50_7_external_offset\b50_7_offset_window_plan.csv,628,range_094276-094475,94276,94475
B50.7_plus75,d:\hpc_project\tdc_unified_core\results\b50_7_external_offset\b50_7_offset_window_plan.csv,629,range_094426-094625,94426,94625
B50.7_plus75,d:\hpc_project\tdc_unified_core\results\b50_7_external_offset\b50_7_offset_window_plan.csv,630,range_094576-094775,94576,94775
B50.7_plus75,d:\hpc_project\tdc_unified_core\results\b50_7_external_offset\b50_7_offset_window_plan.csv,631,range_094726-094925,94726,94925
B50.7_plus75,d:\hpc_project\tdc_unified_core\results\b50_7_external_offset\b50_7_offset_window_plan.csv,632,range_094876-095075,94876,95075
B50.7_plus75,d:\hpc_project\tdc_unified_core\results\b50_7_external_offset\b50_7_offset_window_plan.csv,633,range_095026-095225,95026,95225
B50.7_plus75,d:\hpc_project\tdc_unified_core\results\b50_7_external_offset\b50_7_offset_window_plan.csv,634,range_095176-095375,95176,95375
B50.7_plus75,d:\hpc_project\tdc_unified_core\results\b50_7_external_offset\b50_7_offset_window_plan.csv,635,range_095326-095525,95326,95525
B50.7_plus75,d:\hpc_project\tdc_unified_core\results\b50_7_external_offset\b50_7_offset_window_plan.csv,636,range_095476-095675,95476,95675
B50.7_plus75,d:\hpc_project\tdc_unified_core\results\b50_7_external_offset\b50_7_offset_window_plan.csv,637,range_095626-095825,95626,95825
B50.7_plus75,d:\hpc_project\tdc_unified_core\results\b50_7_external_offset\b50_7_offset_window_plan.csv,638,range_095776-095975,95776,95975
B50.7_plus75,d:\hpc_project\tdc_unified_core\results\b50_7_external_offset\b50_7_offset_window_plan.csv,639,range_095926-096125,95926,96125
B50.7_plus75,d:\hpc_project\tdc_unified_core\results\b50_7_external_offset\b50_7_offset_window_plan.csv,640,range_096076-096275,96076,96275
B50.7_plus75,d:\hpc_project\tdc_unified_core\results\b50_7_external_offset\b50_7_offset_window_plan.csv,641,range_096226-096425,96226,96425
B50.7_plus75,d:\hpc_project\tdc_unified_core\results\b50_7_external_offset\b50_7_offset_window_plan.csv,642,range_096376-096575,96376,96575
B50.7_plus75,d:\hpc_project\tdc_unified_core\results\b50_7_external_offset\b50_7_offset_window_plan.csv,643,range_096526-096725,96526,96725
B50.7_plus75,d:\hpc_project\tdc_unified_core\results\b50_7_external_offset\b50_7_offset_window_plan.csv,644,range_096676-096875,96676,96875
B50.7_plus75,d:\hpc_project\tdc_unified_core\results\b50_7_external_offset\b50_7_offset_window_plan.csv,645,range_096826-097025,96826,97025
B50.7_plus75,d:\hpc_project\tdc_unified_core\results\b50_7_external_offset\b50_7_offset_window_plan.csv,646,range_096976-097175,96976,97175
B50.7_plus75,d:\hpc_project\tdc_unified_core\results\b50_7_external_offset\b50_7_offset_window_plan.csv,647,range_097126-097325,97126,97325
B50.7_plus75,d:\hpc_project\tdc_unified_core\results\b50_7_external_offset\b50_7_offset_window_plan.csv,648,range_097276-097475,97276,97475
B50.7_plus75,d:\hpc_project\tdc_unified_core\results\b50_7_external_offset\b50_7_offset_window_plan.csv,649,range_097426-097625,97426,97625
B50.7_plus75,d:\hpc_project\tdc_unified_core\results\b50_7_external_offset\b50_7_offset_window_plan.csv,650,range_097576-097775,97576,97775
B50.7_plus75,d:\hpc_project\tdc_unified_core\results\b50_7_external_offset\b50_7_offset_window_plan.csv,651,range_097726-097925,97726,97925
B50.7_plus75,d:\hpc_project\tdc_unified_core\results\b50_7_external_offset\b50_7_offset_window_plan.csv,652,range_097876-098075,97876,98075
B50.7_plus75,d:\hpc_project\tdc_unified_core\results\b50_7_external_offset\b50_7_offset_window_plan.csv,653,range_098026-098225,98026,98225
B50.7_plus75,d:\hpc_project\tdc_unified_core\results\b50_7_external_offset\b50_7_offset_window_plan.csv,654,range_098176-098375,98176,98375
B50.7_plus75,d:\hpc_project\tdc_unified_core\results\b50_7_external_offset\b50_7_offset_window_plan.csv,655,range_098326-098525,98326,98525
B50.7_plus75,d:\hpc_project\tdc_unified_core\results\b50_7_external_offset\b50_7_offset_window_plan.csv,656,range_098476-098675,98476,98675
B50.7_plus75,d:\hpc_project\tdc_unified_core\results\b50_7_external_offset\b50_7_offset_window_plan.csv,657,range_098626-098825,98626,98825
B50.7_plus75,d:\hpc_project\tdc_unified_core\results\b50_7_external_offset\b50_7_offset_window_plan.csv,658,range_098776-098975,98776,98975
B50.7_plus75,d:\hpc_project\tdc_unified_core\results\b50_7_external_offset\b50_7_offset_window_plan.csv,659,range_098926-099125,98926,99125
B50.7_plus75,d:\hpc_project\tdc_unified_core\results\b50_7_external_offset\b50_7_offset_window_plan.csv,660,range_099076-099275,99076,99275
B50.7_plus75,d:\hpc_project\tdc_unified_core\results\b50_7_external_offset\b50_7_offset_window_plan.csv,661,range_099226-099425,99226,99425
B50.7_plus75,d:\hpc_project\tdc_unified_core\results\b50_7_external_offset\b50_7_offset_window_plan.csv,662,range_099376-099575,99376,99575
B50.7_plus75,d:\hpc_project\tdc_unified_core\results\b50_7_external_offset\b50_7_offset_window_plan.csv,663,range_099526-099725,99526,99725
B50.7_plus75,d:\hpc_project\tdc_unified_core\results\b50_7_external_offset\b50_7_offset_window_plan.csv,664,range_099676-099875,99676,99875
B50.8_offset_p025,d:\hpc_project\tdc_unified_core\results\b50_8_multi_offset\offset_p025\b50_7_offset_window_plan.csv,0,range_000026-000225,26,225
B50.8_offset_p025,d:\hpc_project\tdc_unified_core\results\b50_8_multi_offset\offset_p025\b50_7_offset_window_plan.csv,1,range_000176-000375,176,375
B50.8_offset_p025,d:\hpc_project\tdc_unified_core\results\b50_8_multi_offset\offset_p025\b50_7_offset_window_plan.csv,2,range_000326-000525,326,525
B50.8_offset_p025,d:\hpc_project\tdc_unified_core\results\b50_8_multi_offset\offset_p025\b50_7_offset_window_plan.csv,3,range_000476-000675,476,675
B50.8_offset_p025,d:\hpc_project\tdc_unified_core\results\b50_8_multi_offset\offset_p025\b50_7_offset_window_plan.csv,4,range_000626-000825,626,825
B50.8_offset_p025,d:\hpc_project\tdc_unified_core\results\b50_8_multi_offset\offset_p025\b50_7_offset_window_plan.csv,5,range_000776-000975,776,975
B50.8_offset_p025,d:\hpc_project\tdc_unified_core\results\b50_8_multi_offset\offset_p025\b50_7_offset_window_plan.csv,6,range_000926-001125,926,1125
B50.8_offset_p025,d:\hpc_project\tdc_unified_core\results\b50_8_multi_offset\offset_p025\b50_7_offset_window_plan.csv,7,range_001076-001275,1076,1275
B50.8_offset_p025,d:\hpc_project\tdc_unified_core\results\b50_8_multi_offset\offset_p025\b50_7_offset_window_plan.csv,8,range_001226-001425,1226,1425
B50.8_offset_p025,d:\hpc_project\tdc_unified_core\results\b50_8_multi_offset\offset_p025\b50_7_offset_window_plan.csv,9,range_001376-001575,1376,1575
B50.8_offset_p025,d:\hpc_project\tdc_unified_core\results\b50_8_multi_offset\offset_p025\b50_7_offset_window_plan.csv,10,range_001526-001725,1526,1725
B50.8_offset_p025,d:\hpc_project\tdc_unified_core\results\b50_8_multi_offset\offset_p025\b50_7_offset_window_plan.csv,11,range_001676-001875,1676,1875
B50.8_offset_p025,d:\hpc_project\tdc_unified_core\results\b50_8_multi_offset\offset_p025\b50_7_offset_window_plan.csv,12,range_001826-002025,1826,2025
B50.8_offset_p025,d:\hpc_project\tdc_unified_core\results\b50_8_multi_offset\offset_p025\b50_7_offset_window_plan.csv,13,range_001976-002175,1976,2175
B50.8_offset_p025,d:\hpc_project\tdc_unified_core\results\b50_8_multi_offset\offset_p025\b50_7_offset_window_plan.csv,14,range_002126-002325,2126,2325
B50.8_offset_p025,d:\hpc_project\tdc_unified_core\results\b50_8_multi_offset\offset_p025\b50_7_offset_window_plan.csv,15,range_002276-002475,2276,2475
B50.8_offset_p025,d:\hpc_project\tdc_unified_core\results\b50_8_multi_offset\offset_p025\b50_7_offset_window_plan.csv,16,range_002426-002625,2426,2625
B50.8_offset_p025,d:\hpc_project\tdc_unified_core\results\b50_8_multi_offset\offset_p025\b50_7_offset_window_plan.csv,17,range_002576-002775,2576,2775
B50.8_offset_p025,d:\hpc_project\tdc_unified_core\results\b50_8_multi_offset\offset_p025\b50_7_offset_window_plan.csv,18,range_002726-002925,2726,2925
B50.8_offset_p025,d:\hpc_project\tdc_unified_core\results\b50_8_multi_offset\offset_p025\b50_7_offset_window_plan.csv,19,range_002876-003075,2876,3075
B50.8_offset_p025,d:\hpc_project\tdc_unified_core\results\b50_8_multi_offset\offset_p025\b50_7_offset_window_plan.csv,20,range_003026-003225,3026,3225
B50.8_offset_p025,d:\hpc_project\tdc_unified_core\results\b50_8_multi_offset\offset_p025\b50_7_offset_window_plan.csv,21,range_003176-003375,3176,3375
B50.8_offset_p025,d:\hpc_project\tdc_unified_core\results\b50_8_multi_offset\offset_p025\b50_7_offset_window_plan.csv,22,range_003326-003525,3326,3525
B50.8_offset_p025,d:\hpc_project\tdc_unified_core\results\b50_8_multi_offset\offset_p025\b50_7_offset_window_plan.csv,23,range_003476-003675,3476,3675
B50.8_offset_p025,d:\hpc_project\tdc_unified_core\results\b50_8_multi_offset\offset_p025\b50_7_offset_window_plan.csv,24,range_003626-003825,3626,3825
B50.8_offset_p025,d:\hpc_project\tdc_unified_core\results\b50_8_multi_offset\offset_p025\b50_7_offset_window_plan.csv,25,range_003776-003975,3776,3975
B50.8_offset_p025,d:\hpc_project\tdc_unified_core\results\b50_8_multi_offset\offset_p025\b50_7_offset_window_plan.csv,26,range_003926-004125,3926,4125
B50.8_offset_p025,d:\hpc_project\tdc_unified_core\results\b50_8_multi_offset\offset_p025\b50_7_offset_window_plan.csv,27,range_004076-004275,4076,4275
B50.8_offset_p025,d:\hpc_project\tdc_unified_core\results\b50_8_multi_offset\offset_p025\b50_7_offset_window_plan.csv,28,range_004226-004425,4226,4425
B50.8_offset_p025,d:\hpc_project\tdc_unified_core\results\b50_8_multi_offset\offset_p025\b50_7_offset_window_plan.csv,29,range_004376-004575,4376,4575
B50.8_offset_p025,d:\hpc_project\tdc_unified_core\results\b50_8_multi_offset\offset_p025\b50_7_offset_window_plan.csv,30,range_004526-004725,4526,4725
B50.8_offset_p025,d:\hpc_project\tdc_unified_core\results\b50_8_multi_offset\offset_p025\b50_7_offset_window_plan.csv,31,range_004676-004875,4676,4875
B50.8_offset_p025,d:\hpc_project\tdc_unified_core\results\b50_8_multi_offset\offset_p025\b50_7_offset_window_plan.csv,32,range_004826-005025,4826,5025
B50.8_offset_p025,d:\hpc_project\tdc_unified_core\results\b50_8_multi_offset\offset_p025\b50_7_offset_window_plan.csv,33,range_004976-005175,4976,5175
B50.8_offset_p025,d:\hpc_project\tdc_unified_core\results\b50_8_multi_offset\offset_p025\b50_7_offset_window_plan.csv,34,range_005126-005325,5126,5325
B50.8_offset_p025,d:\hpc_project\tdc_unified_core\results\b50_8_multi_offset\offset_p025\b50_7_offset_window_plan.csv,35,range_005276-005475,5276,5475
B50.8_offset_p025,d:\hpc_project\tdc_unified_core\results\b50_8_multi_offset\offset_p025\b50_7_offset_window_plan.csv,36,range_005426-005625,5426,5625
B50.8_offset_p025,d:\hpc_project\tdc_unified_core\results\b50_8_multi_offset\offset_p025\b50_7_offset_window_plan.csv,37,range_005576-005775,5576,5775
B50.8_offset_p025,d:\hpc_project\tdc_unified_core\results\b50_8_multi_offset\offset_p025\b50_7_offset_window_plan.csv,38,range_005726-005925,5726,5925
B50.8_offset_p025,d:\hpc_project\tdc_unified_core\results\b50_8_multi_offset\offset_p025\b50_7_offset_window_plan.csv,39,range_005876-006075,5876,6075
B50.8_offset_p025,d:\hpc_project\tdc_unified_core\results\b50_8_multi_offset\offset_p025\b50_7_offset_window_plan.csv,40,range_006026-006225,6026,6225
B50.8_offset_p025,d:\hpc_project\tdc_unified_core\results\b50_8_multi_offset\offset_p025\b50_7_offset_window_plan.csv,41,range_006176-006375,6176,6375
B50.8_offset_p025,d:\hpc_project\tdc_unified_core\results\b50_8_multi_offset\offset_p025\b50_7_offset_window_plan.csv,42,range_006326-006525,6326,6525
B50.8_offset_p025,d:\hpc_project\tdc_unified_core\results\b50_8_multi_offset\offset_p025\b50_7_offset_window_plan.csv,43,range_006476-006675,6476,6675
B50.8_offset_p025,d:\hpc_project\tdc_unified_core\results\b50_8_multi_offset\offset_p025\b50_7_offset_window_plan.csv,44,range_006626-006825,6626,6825
B50.8_offset_p025,d:\hpc_project\tdc_unified_core\results\b50_8_multi_offset\offset_p025\b50_7_offset_window_plan.csv,45,range_006776-006975,6776,6975
B50.8_offset_p025,d:\hpc_project\tdc_unified_core\results\b50_8_multi_offset\offset_p025\b50_7_offset_window_plan.csv,46,range_006926-007125,6926,7125
B50.8_offset_p025,d:\hpc_project\tdc_unified_core\results\b50_8_multi_offset\offset_p025\b50_7_offset_window_plan.csv,47,range_007076-007275,7076,7275
B50.8_offset_p025,d:\hpc_project\tdc_unified_core\results\b50_8_multi_offset\offset_p025\b50_7_offset_window_plan.csv,48,range_007226-007425,7226,7425
B50.8_offset_p025,d:\hpc_project\tdc_unified_core\results\b50_8_multi_offset\offset_p025\b50_7_offset_window_plan.csv,49,range_007376-007575,7376,7575
B50.8_offset_p025,d:\hpc_project\tdc_unified_core\results\b50_8_multi_offset\offset_p025\b50_7_offset_window_plan.csv,50,range_007526-007725,7526,7725
B50.8_offset_p025,d:\hpc_project\tdc_unified_core\results\b50_8_multi_offset\offset_p025\b50_7_offset_window_plan.csv,51,range_007676-007875,7676,7875
B50.8_offset_p025,d:\hpc_project\tdc_unified_core\results\b50_8_multi_offset\offset_p025\b50_7_offset_window_plan.csv,52,range_007826-008025,7826,8025
B50.8_offset_p025,d:\hpc_project\tdc_unified_core\results\b50_8_multi_offset\offset_p025\b50_7_offset_window_plan.csv,53,range_007976-008175,7976,8175
B50.8_offset_p025,d:\hpc_project\tdc_unified_core\results\b50_8_multi_offset\offset_p025\b50_7_offset_window_plan.csv,54,range_008126-008325,8126,8325
B50.8_offset_p025,d:\hpc_project\tdc_unified_core\results\b50_8_multi_offset\offset_p025\b50_7_offset_window_plan.csv,55,range_008276-008475,8276,8475
B50.8_offset_p025,d:\hpc_project\tdc_unified_core\results\b50_8_multi_offset\offset_p025\b50_7_offset_window_plan.csv,56,range_008426-008625,8426,8625
B50.8_offset_p025,d:\hpc_project\tdc_unified_core\results\b50_8_multi_offset\offset_p025\b50_7_offset_window_plan.csv,57,range_008576-008775,8576,8775
B50.8_offset_p025,d:\hpc_project\tdc_unified_core\results\b50_8_multi_offset\offset_p025\b50_7_offset_window_plan.csv,58,range_008726-008925,8726,8925
B50.8_offset_p025,d:\hpc_project\tdc_unified_core\results\b50_8_multi_offset\offset_p025\b50_7_offset_window_plan.csv,59,range_008876-009075,8876,9075
B50.8_offset_p025,d:\hpc_project\tdc_unified_core\results\b50_8_multi_offset\offset_p025\b50_7_offset_window_plan.csv,60,range_009026-009225,9026,9225
B50.8_offset_p025,d:\hpc_project\tdc_unified_core\results\b50_8_multi_offset\offset_p025\b50_7_offset_window_plan.csv,61,range_009176-009375,9176,9375
B50.8_offset_p025,d:\hpc_project\tdc_unified_core\results\b50_8_multi_offset\offset_p025\b50_7_offset_window_plan.csv,62,range_009326-009525,9326,9525
B50.8_offset_p025,d:\hpc_project\tdc_unified_core\results\b50_8_multi_offset\offset_p025\b50_7_offset_window_plan.csv,63,range_009476-009675,9476,9675
B50.8_offset_p025,d:\hpc_project\tdc_unified_core\results\b50_8_multi_offset\offset_p025\b50_7_offset_window_plan.csv,64,range_009626-009825,9626,9825
B50.8_offset_p025,d:\hpc_project\tdc_unified_core\results\b50_8_multi_offset\offset_p025\b50_7_offset_window_plan.csv,65,range_009776-009975,9776,9975
B50.8_offset_p025,d:\hpc_project\tdc_unified_core\results\b50_8_multi_offset\offset_p025\b50_7_offset_window_plan.csv,66,range_009926-010125,9926,10125
B50.8_offset_p025,d:\hpc_project\tdc_unified_core\results\b50_8_multi_offset\offset_p025\b50_7_offset_window_plan.csv,67,range_010076-010275,10076,10275
B50.8_offset_p025,d:\hpc_project\tdc_unified_core\results\b50_8_multi_offset\offset_p025\b50_7_offset_window_plan.csv,68,range_010226-010425,10226,10425
B50.8_offset_p025,d:\hpc_project\tdc_unified_core\results\b50_8_multi_offset\offset_p025\b50_7_offset_window_plan.csv,69,range_010376-010575,10376,10575
B50.8_offset_p025,d:\hpc_project\tdc_unified_core\results\b50_8_multi_offset\offset_p025\b50_7_offset_window_plan.csv,70,range_010526-010725,10526,10725
B50.8_offset_p025,d:\hpc_project\tdc_unified_core\results\b50_8_multi_offset\offset_p025\b50_7_offset_window_plan.csv,71,range_010676-010875,10676,10875
B50.8_offset_p025,d:\hpc_project\tdc_unified_core\results\b50_8_multi_offset\offset_p025\b50_7_offset_window_plan.csv,72,range_010826-011025,10826,11025
B50.8_offset_p025,d:\hpc_project\tdc_unified_core\results\b50_8_multi_offset\offset_p025\b50_7_offset_window_plan.csv,73,range_010976-011175,10976,11175
B50.8_offset_p025,d:\hpc_project\tdc_unified_core\results\b50_8_multi_offset\offset_p025\b50_7_offset_window_plan.csv,74,range_011126-011325,11126,11325
B50.8_offset_p025,d:\hpc_project\tdc_unified_core\results\b50_8_multi_offset\offset_p025\b50_7_offset_window_plan.csv,75,range_011276-011475,11276,11475
B50.8_offset_p025,d:\hpc_project\tdc_unified_core\results\b50_8_multi_offset\offset_p025\b50_7_offset_window_plan.csv,76,range_011426-011625,11426,11625
B50.8_offset_p025,d:\hpc_project\tdc_unified_core\results\b50_8_multi_offset\offset_p025\b50_7_offset_window_plan.csv,77,range_011576-011775,11576,11775
B50.8_offset_p025,d:\hpc_project\tdc_unified_core\results\b50_8_multi_offset\offset_p025\b50_7_offset_window_plan.csv,78,range_011726-011925,11726,11925
B50.8_offset_p025,d:\hpc_project\tdc_unified_core\results\b50_8_multi_offset\offset_p025\b50_7_offset_window_plan.csv,79,range_011876-012075,11876,12075
B50.8_offset_p025,d:\hpc_project\tdc_unified_core\results\b50_8_multi_offset\offset_p025\b50_7_offset_window_plan.csv,80,range_012026-012225,12026,12225
B50.8_offset_p025,d:\hpc_project\tdc_unified_core\results\b50_8_multi_offset\offset_p025\b50_7_offset_window_plan.csv,81,range_012176-012375,12176,12375
B50.8_offset_p025,d:\hpc_project\tdc_unified_core\results\b50_8_multi_offset\offset_p025\b50_7_offset_window_plan.csv,82,range_012326-012525,12326,12525
B50.8_offset_p025,d:\hpc_project\tdc_unified_core\results\b50_8_multi_offset\offset_p025\b50_7_offset_window_plan.csv,83,range_012476-012675,12476,12675
B50.8_offset_p025,d:\hpc_project\tdc_unified_core\results\b50_8_multi_offset\offset_p025\b50_7_offset_window_plan.csv,84,range_012626-012825,12626,12825
B50.8_offset_p025,d:\hpc_project\tdc_unified_core\results\b50_8_multi_offset\offset_p025\b50_7_offset_window_plan.csv,85,range_012776-012975,12776,12975
B50.8_offset_p025,d:\hpc_project\tdc_unified_core\results\b50_8_multi_offset\offset_p025\b50_7_offset_window_plan.csv,86,range_012926-013125,12926,13125
B50.8_offset_p025,d:\hpc_project\tdc_unified_core\results\b50_8_multi_offset\offset_p025\b50_7_offset_window_plan.csv,87,range_013076-013275,13076,13275
B50.8_offset_p025,d:\hpc_project\tdc_unified_core\results\b50_8_multi_offset\offset_p025\b50_7_offset_window_plan.csv,88,range_013226-013425,13226,13425
B50.8_offset_p025,d:\hpc_project\tdc_unified_core\results\b50_8_multi_offset\offset_p025\b50_7_offset_window_plan.csv,89,range_013376-013575,13376,13575
B50.8_offset_p025,d:\hpc_project\tdc_unified_core\results\b50_8_multi_offset\offset_p025\b50_7_offset_window_plan.csv,90,range_013526-013725,13526,13725
B50.8_offset_p025,d:\hpc_project\tdc_unified_core\results\b50_8_multi_offset\offset_p025\b50_7_offset_window_plan.csv,91,range_013676-013875,13676,13875
B50.8_offset_p025,d:\hpc_project\tdc_unified_core\results\b50_8_multi_offset\offset_p025\b50_7_offset_window_plan.csv,92,range_013826-014025,13826,14025
B50.8_offset_p025,d:\hpc_project\tdc_unified_core\results\b50_8_multi_offset\offset_p025\b50_7_offset_window_plan.csv,93,range_013976-014175,13976,14175
B50.8_offset_p025,d:\hpc_project\tdc_unified_core\results\b50_8_multi_offset\offset_p025\b50_7_offset_window_plan.csv,94,range_014126-014325,14126,14325
B50.8_offset_p025,d:\hpc_project\tdc_unified_core\results\b50_8_multi_offset\offset_p025\b50_7_offset_window_plan.csv,95,range_014276-014475,14276,14475
B50.8_offset_p025,d:\hpc_project\tdc_unified_core\results\b50_8_multi_offset\offset_p025\b50_7_offset_window_plan.csv,96,range_014426-014625,14426,14625
B50.8_offset_p025,d:\hpc_project\tdc_unified_core\results\b50_8_multi_offset\offset_p025\b50_7_offset_window_plan.csv,97,range_014576-014775,14576,14775
B50.8_offset_p025,d:\hpc_project\tdc_unified_core\results\b50_8_multi_offset\offset_p025\b50_7_offset_window_plan.csv,98,range_014726-014925,14726,14925
B50.8_offset_p025,d:\hpc_project\tdc_unified_core\results\b50_8_multi_offset\offset_p025\b50_7_offset_window_plan.csv,99,range_014876-015075,14876,15075
B50.8_offset_p025,d:\hpc_project\tdc_unified_core\results\b50_8_multi_offset\offset_p025\b50_7_offset_window_plan.csv,100,range_015026-015225,15026,15225
B50.8_offset_p025,d:\hpc_project\tdc_unified_core\results\b50_8_multi_offset\offset_p025\b50_7_offset_window_plan.csv,101,range_015176-015375,15176,15375
B50.8_offset_p025,d:\hpc_project\tdc_unified_core\results\b50_8_multi_offset\offset_p025\b50_7_offset_window_plan.csv,102,range_015326-015525,15326,15525
B50.8_offset_p025,d:\hpc_project\tdc_unified_core\results\b50_8_multi_offset\offset_p025\b50_7_offset_window_plan.csv,103,range_015476-015675,15476,15675
B50.8_offset_p025,d:\hpc_project\tdc_unified_core\results\b50_8_multi_offset\offset_p025\b50_7_offset_window_plan.csv,104,range_015626-015825,15626,15825
B50.8_offset_p025,d:\hpc_project\tdc_unified_core\results\b50_8_multi_offset\offset_p025\b50_7_offset_window_plan.csv,105,range_015776-015975,15776,15975
B50.8_offset_p025,d:\hpc_project\tdc_unified_core\results\b50_8_multi_offset\offset_p025\b50_7_offset_window_plan.csv,106,range_015926-016125,15926,16125
B50.8_offset_p025,d:\hpc_project\tdc_unified_core\results\b50_8_multi_offset\offset_p025\b50_7_offset_window_plan.csv,107,range_016076-016275,16076,16275
B50.8_offset_p025,d:\hpc_project\tdc_unified_core\results\b50_8_multi_offset\offset_p025\b50_7_offset_window_plan.csv,108,range_016226-016425,16226,16425
B50.8_offset_p025,d:\hpc_project\tdc_unified_core\results\b50_8_multi_offset\offset_p025\b50_7_offset_window_plan.csv,109,range_016376-016575,16376,16575
B50.8_offset_p025,d:\hpc_project\tdc_unified_core\results\b50_8_multi_offset\offset_p025\b50_7_offset_window_plan.csv,110,range_016526-016725,16526,16725
B50.8_offset_p025,d:\hpc_project\tdc_unified_core\results\b50_8_multi_offset\offset_p025\b50_7_offset_window_plan.csv,111,range_016676-016875,16676,16875
B50.8_offset_p025,d:\hpc_project\tdc_unified_core\results\b50_8_multi_offset\offset_p025\b50_7_offset_window_plan.csv,112,range_016826-017025,16826,17025
B50.8_offset_p025,d:\hpc_project\tdc_unified_core\results\b50_8_multi_offset\offset_p025\b50_7_offset_window_plan.csv,113,range_016976-017175,16976,17175
B50.8_offset_p025,d:\hpc_project\tdc_unified_core\results\b50_8_multi_offset\offset_p025\b50_7_offset_window_plan.csv,114,range_017126-017325,17126,17325
B50.8_offset_p025,d:\hpc_project\tdc_unified_core\results\b50_8_multi_offset\offset_p025\b50_7_offset_window_plan.csv,115,range_017276-017475,17276,17475
B50.8_offset_p025,d:\hpc_project\tdc_unified_core\results\b50_8_multi_offset\offset_p025\b50_7_offset_window_plan.csv,116,range_017426-017625,17426,17625
B50.8_offset_p025,d:\hpc_project\tdc_unified_core\results\b50_8_multi_offset\offset_p025\b50_7_offset_window_plan.csv,117,range_017576-017775,17576,17775
B50.8_offset_p025,d:\hpc_project\tdc_unified_core\results\b50_8_multi_offset\offset_p025\b50_7_offset_window_plan.csv,118,range_017726-017925,17726,17925
B50.8_offset_p025,d:\hpc_project\tdc_unified_core\results\b50_8_multi_offset\offset_p025\b50_7_offset_window_plan.csv,119,range_017876-018075,17876,18075
B50.8_offset_p025,d:\hpc_project\tdc_unified_core\results\b50_8_multi_offset\offset_p025\b50_7_offset_window_plan.csv,120,range_018026-018225,18026,18225
B50.8_offset_p025,d:\hpc_project\tdc_unified_core\results\b50_8_multi_offset\offset_p025\b50_7_offset_window_plan.csv,121,range_018176-018375,18176,18375
B50.8_offset_p025,d:\hpc_project\tdc_unified_core\results\b50_8_multi_offset\offset_p025\b50_7_offset_window_plan.csv,122,range_018326-018525,18326,18525
B50.8_offset_p025,d:\hpc_project\tdc_unified_core\results\b50_8_multi_offset\offset_p025\b50_7_offset_window_plan.csv,123,range_018476-018675,18476,18675
B50.8_offset_p025,d:\hpc_project\tdc_unified_core\results\b50_8_multi_offset\offset_p025\b50_7_offset_window_plan.csv,124,range_018626-018825,18626,18825
B50.8_offset_p025,d:\hpc_project\tdc_unified_core\results\b50_8_multi_offset\offset_p025\b50_7_offset_window_plan.csv,125,range_018776-018975,18776,18975
B50.8_offset_p025,d:\hpc_project\tdc_unified_core\results\b50_8_multi_offset\offset_p025\b50_7_offset_window_plan.csv,126,range_018926-019125,18926,19125
B50.8_offset_p025,d:\hpc_project\tdc_unified_core\results\b50_8_multi_offset\offset_p025\b50_7_offset_window_plan.csv,127,range_019076-019275,19076,19275
B50.8_offset_p025,d:\hpc_project\tdc_unified_core\results\b50_8_multi_offset\offset_p025\b50_7_offset_window_plan.csv,128,range_019226-019425,19226,19425
B50.8_offset_p025,d:\hpc_project\tdc_unified_core\results\b50_8_multi_offset\offset_p025\b50_7_offset_window_plan.csv,129,range_019376-019575,19376,19575
B50.8_offset_p025,d:\hpc_project\tdc_unified_core\results\b50_8_multi_offset\offset_p025\b50_7_offset_window_plan.csv,130,range_019526-019725,19526,19725
B50.8_offset_p025,d:\hpc_project\tdc_unified_core\results\b50_8_multi_offset\offset_p025\b50_7_offset_window_plan.csv,131,range_019676-019875,19676,19875
B50.8_offset_p025,d:\hpc_project\tdc_unified_core\results\b50_8_multi_offset\offset_p025\b50_7_offset_window_plan.csv,132,range_019826-020025,19826,20025
B50.8_offset_p025,d:\hpc_project\tdc_unified_core\results\b50_8_multi_offset\offset_p025\b50_7_offset_window_plan.csv,133,range_019976-020175,19976,20175
B50.8_offset_p025,d:\hpc_project\tdc_unified_core\results\b50_8_multi_offset\offset_p025\b50_7_offset_window_plan.csv,134,range_020126-020325,20126,20325
B50.8_offset_p025,d:\hpc_project\tdc_unified_core\results\b50_8_multi_offset\offset_p025\b50_7_offset_window_plan.csv,135,range_020276-020475,20276,20475
B50.8_offset_p025,d:\hpc_project\tdc_unified_core\results\b50_8_multi_offset\offset_p025\b50_7_offset_window_plan.csv,136,range_020426-020625,20426,20625
B50.8_offset_p025,d:\hpc_project\tdc_unified_core\results\b50_8_multi_offset\offset_p025\b50_7_offset_window_plan.csv,137,range_020576-020775,20576,20775
B50.8_offset_p025,d:\hpc_project\tdc_unified_core\results\b50_8_multi_offset\offset_p025\b50_7_offset_window_plan.csv,138,range_020726-020925,20726,20925
B50.8_offset_p025,d:\hpc_project\tdc_unified_core\results\b50_8_multi_offset\offset_p025\b50_7_offset_window_plan.csv,139,range_020876-021075,20876,21075
B50.8_offset_p025,d:\hpc_project\tdc_unified_core\results\b50_8_multi_offset\offset_p025\b50_7_offset_window_plan.csv,140,range_021026-021225,21026,21225
B50.8_offset_p025,d:\hpc_project\tdc_unified_core\results\b50_8_multi_offset\offset_p025\b50_7_offset_window_plan.csv,141,range_021176-021375,21176,21375
B50.8_offset_p025,d:\hpc_project\tdc_unified_core\results\b50_8_multi_offset\offset_p025\b50_7_offset_window_plan.csv,142,range_021326-021525,21326,21525
B50.8_offset_p025,d:\hpc_project\tdc_unified_core\results\b50_8_multi_offset\offset_p025\b50_7_offset_window_plan.csv,143,range_021476-021675,21476,21675
B50.8_offset_p025,d:\hpc_project\tdc_unified_core\results\b50_8_multi_offset\offset_p025\b50_7_offset_window_plan.csv,144,range_021626-021825,21626,21825
B50.8_offset_p025,d:\hpc_project\tdc_unified_core\results\b50_8_multi_offset\offset_p025\b50_7_offset_window_plan.csv,145,range_021776-021975,21776,21975
B50.8_offset_p025,d:\hpc_project\tdc_unified_core\results\b50_8_multi_offset\offset_p025\b50_7_offset_window_plan.csv,146,range_021926-022125,21926,22125
B50.8_offset_p025,d:\hpc_project\tdc_unified_core\results\b50_8_multi_offset\offset_p025\b50_7_offset_window_plan.csv,147,range_022076-022275,22076,22275
B50.8_offset_p025,d:\hpc_project\tdc_unified_core\results\b50_8_multi_offset\offset_p025\b50_7_offset_window_plan.csv,148,range_022226-022425,22226,22425
B50.8_offset_p025,d:\hpc_project\tdc_unified_core\results\b50_8_multi_offset\offset_p025\b50_7_offset_window_plan.csv,149,range_022376-022575,22376,22575
B50.8_offset_p025,d:\hpc_project\tdc_unified_core\results\b50_8_multi_offset\offset_p025\b50_7_offset_window_plan.csv,150,range_022526-022725,22526,22725
B50.8_offset_p025,d:\hpc_project\tdc_unified_core\results\b50_8_multi_offset\offset_p025\b50_7_offset_window_plan.csv,151,range_022676-022875,22676,22875
B50.8_offset_p025,d:\hpc_project\tdc_unified_core\results\b50_8_multi_offset\offset_p025\b50_7_offset_window_plan.csv,152,range_022826-023025,22826,23025
B50.8_offset_p025,d:\hpc_project\tdc_unified_core\results\b50_8_multi_offset\offset_p025\b50_7_offset_window_plan.csv,153,range_022976-023175,22976,23175
B50.8_offset_p025,d:\hpc_project\tdc_unified_core\results\b50_8_multi_offset\offset_p025\b50_7_offset_window_plan.csv,154,range_023126-023325,23126,23325
B50.8_offset_p025,d:\hpc_project\tdc_unified_core\results\b50_8_multi_offset\offset_p025\b50_7_offset_window_plan.csv,155,range_023276-023475,23276,23475
B50.8_offset_p025,d:\hpc_project\tdc_unified_core\results\b50_8_multi_offset\offset_p025\b50_7_offset_window_plan.csv,156,range_023426-023625,23426,23625
B50.8_offset_p025,d:\hpc_project\tdc_unified_core\results\b50_8_multi_offset\offset_p025\b50_7_offset_window_plan.csv,157,range_023576-023775,23576,23775
B50.8_offset_p025,d:\hpc_project\tdc_unified_core\results\b50_8_multi_offset\offset_p025\b50_7_offset_window_plan.csv,158,range_023726-023925,23726,23925
B50.8_offset_p025,d:\hpc_project\tdc_unified_core\results\b50_8_multi_offset\offset_p025\b50_7_offset_window_plan.csv,159,range_023876-024075,23876,24075
B50.8_offset_p025,d:\hpc_project\tdc_unified_core\results\b50_8_multi_offset\offset_p025\b50_7_offset_window_plan.csv,160,range_024026-024225,24026,24225
B50.8_offset_p025,d:\hpc_project\tdc_unified_core\results\b50_8_multi_offset\offset_p025\b50_7_offset_window_plan.csv,161,range_024176-024375,24176,24375
B50.8_offset_p025,d:\hpc_project\tdc_unified_core\results\b50_8_multi_offset\offset_p025\b50_7_offset_window_plan.csv,162,range_024326-024525,24326,24525
B50.8_offset_p025,d:\hpc_project\tdc_unified_core\results\b50_8_multi_offset\offset_p025\b50_7_offset_window_plan.csv,163,range_024476-024675,24476,24675
B50.8_offset_p025,d:\hpc_project\tdc_unified_core\results\b50_8_multi_offset\offset_p025\b50_7_offset_window_plan.csv,164,range_024626-024825,24626,24825
B50.8_offset_p025,d:\hpc_project\tdc_unified_core\results\b50_8_multi_offset\offset_p025\b50_7_offset_window_plan.csv,165,range_024776-024975,24776,24975
B50.8_offset_p025,d:\hpc_project\tdc_unified_core\results\b50_8_multi_offset\offset_p025\b50_7_offset_window_plan.csv,166,range_024926-025125,24926,25125
B50.8_offset_p025,d:\hpc_project\tdc_unified_core\results\b50_8_multi_offset\offset_p025\b50_7_offset_window_plan.csv,167,range_025076-025275,25076,25275
B50.8_offset_p025,d:\hpc_project\tdc_unified_core\results\b50_8_multi_offset\offset_p025\b50_7_offset_window_plan.csv,168,range_025226-025425,25226,25425
B50.8_offset_p025,d:\hpc_project\tdc_unified_core\results\b50_8_multi_offset\offset_p025\b50_7_offset_window_plan.csv,169,range_025376-025575,25376,25575
B50.8_offset_p025,d:\hpc_project\tdc_unified_core\results\b50_8_multi_offset\offset_p025\b50_7_offset_window_plan.csv,170,range_025526-025725,25526,25725
B50.8_offset_p025,d:\hpc_project\tdc_unified_core\results\b50_8_multi_offset\offset_p025\b50_7_offset_window_plan.csv,171,range_025676-025875,25676,25875
B50.8_offset_p025,d:\hpc_project\tdc_unified_core\results\b50_8_multi_offset\offset_p025\b50_7_offset_window_plan.csv,172,range_025826-026025,25826,26025
B50.8_offset_p025,d:\hpc_project\tdc_unified_core\results\b50_8_multi_offset\offset_p025\b50_7_offset_window_plan.csv,173,range_025976-026175,25976,26175
B50.8_offset_p025,d:\hpc_project\tdc_unified_core\results\b50_8_multi_offset\offset_p025\b50_7_offset_window_plan.csv,174,range_026126-026325,26126,26325
B50.8_offset_p025,d:\hpc_project\tdc_unified_core\results\b50_8_multi_offset\offset_p025\b50_7_offset_window_plan.csv,175,range_026276-026475,26276,26475
B50.8_offset_p025,d:\hpc_project\tdc_unified_core\results\b50_8_multi_offset\offset_p025\b50_7_offset_window_plan.csv,176,range_026426-026625,26426,26625
B50.8_offset_p025,d:\hpc_project\tdc_unified_core\results\b50_8_multi_offset\offset_p025\b50_7_offset_window_plan.csv,177,range_026576-026775,26576,26775
B50.8_offset_p025,d:\hpc_project\tdc_unified_core\results\b50_8_multi_offset\offset_p025\b50_7_offset_window_plan.csv,178,range_026726-026925,26726,26925
B50.8_offset_p025,d:\hpc_project\tdc_unified_core\results\b50_8_multi_offset\offset_p025\b50_7_offset_window_plan.csv,179,range_026876-027075,26876,27075
B50.8_offset_p025,d:\hpc_project\tdc_unified_core\results\b50_8_multi_offset\offset_p025\b50_7_offset_window_plan.csv,180,range_027026-027225,27026,27225
B50.8_offset_p025,d:\hpc_project\tdc_unified_core\results\b50_8_multi_offset\offset_p025\b50_7_offset_window_plan.csv,181,range_027176-027375,27176,27375
B50.8_offset_p025,d:\hpc_project\tdc_unified_core\results\b50_8_multi_offset\offset_p025\b50_7_offset_window_plan.csv,182,range_027326-027525,27326,27525
B50.8_offset_p025,d:\hpc_project\tdc_unified_core\results\b50_8_multi_offset\offset_p025\b50_7_offset_window_plan.csv,183,range_027476-027675,27476,27675
B50.8_offset_p025,d:\hpc_project\tdc_unified_core\results\b50_8_multi_offset\offset_p025\b50_7_offset_window_plan.csv,184,range_027626-027825,27626,27825
B50.8_offset_p025,d:\hpc_project\tdc_unified_core\results\b50_8_multi_offset\offset_p025\b50_7_offset_window_plan.csv,185,range_027776-027975,27776,27975
B50.8_offset_p025,d:\hpc_project\tdc_unified_core\results\b50_8_multi_offset\offset_p025\b50_7_offset_window_plan.csv,186,range_027926-028125,27926,28125
B50.8_offset_p025,d:\hpc_project\tdc_unified_core\results\b50_8_multi_offset\offset_p025\b50_7_offset_window_plan.csv,187,range_028076-028275,28076,28275
B50.8_offset_p025,d:\hpc_project\tdc_unified_core\results\b50_8_multi_offset\offset_p025\b50_7_offset_window_plan.csv,188,range_028226-028425,28226,28425
B50.8_offset_p025,d:\hpc_project\tdc_unified_core\results\b50_8_multi_offset\offset_p025\b50_7_offset_window_plan.csv,189,range_028376-028575,28376,28575
B50.8_offset_p025,d:\hpc_project\tdc_unified_core\results\b50_8_multi_offset\offset_p025\b50_7_offset_window_plan.csv,190,range_028526-028725,28526,28725
B50.8_offset_p025,d:\hpc_project\tdc_unified_core\results\b50_8_multi_offset\offset_p025\b50_7_offset_window_plan.csv,191,range_028676-028875,28676,28875
B50.8_offset_p025,d:\hpc_project\tdc_unified_core\results\b50_8_multi_offset\offset_p025\b50_7_offset_window_plan.csv,192,range_028826-029025,28826,29025
B50.8_offset_p025,d:\hpc_project\tdc_unified_core\results\b50_8_multi_offset\offset_p025\b50_7_offset_window_plan.csv,193,range_028976-029175,28976,29175
B50.8_offset_p025,d:\hpc_project\tdc_unified_core\results\b50_8_multi_offset\offset_p025\b50_7_offset_window_plan.csv,194,range_029126-029325,29126,29325
B50.8_offset_p025,d:\hpc_project\tdc_unified_core\results\b50_8_multi_offset\offset_p025\b50_7_offset_window_plan.csv,195,range_029276-029475,29276,29475
B50.8_offset_p025,d:\hpc_project\tdc_unified_core\results\b50_8_multi_offset\offset_p025\b50_7_offset_window_plan.csv,196,range_029426-029625,29426,29625
B50.8_offset_p025,d:\hpc_project\tdc_unified_core\results\b50_8_multi_offset\offset_p025\b50_7_offset_window_plan.csv,197,range_029576-029775,29576,29775
B50.8_offset_p025,d:\hpc_project\tdc_unified_core\results\b50_8_multi_offset\offset_p025\b50_7_offset_window_plan.csv,198,range_029726-029925,29726,29925
B50.8_offset_p025,d:\hpc_project\tdc_unified_core\results\b50_8_multi_offset\offset_p025\b50_7_offset_window_plan.csv,199,range_029876-030075,29876,30075
B50.8_offset_p025,d:\hpc_project\tdc_unified_core\results\b50_8_multi_offset\offset_p025\b50_7_offset_window_plan.csv,200,range_030026-030225,30026,30225
B50.8_offset_p025,d:\hpc_project\tdc_unified_core\results\b50_8_multi_offset\offset_p025\b50_7_offset_window_plan.csv,201,range_030176-030375,30176,30375
B50.8_offset_p025,d:\hpc_project\tdc_unified_core\results\b50_8_multi_offset\offset_p025\b50_7_offset_window_plan.csv,202,range_030326-030525,30326,30525
B50.8_offset_p025,d:\hpc_project\tdc_unified_core\results\b50_8_multi_offset\offset_p025\b50_7_offset_window_plan.csv,203,range_030476-030675,30476,30675
B50.8_offset_p025,d:\hpc_project\tdc_unified_core\results\b50_8_multi_offset\offset_p025\b50_7_offset_window_plan.csv,204,range_030626-030825,30626,30825
B50.8_offset_p025,d:\hpc_project\tdc_unified_core\results\b50_8_multi_offset\offset_p025\b50_7_offset_window_plan.csv,205,range_030776-030975,30776,30975
B50.8_offset_p025,d:\hpc_project\tdc_unified_core\results\b50_8_multi_offset\offset_p025\b50_7_offset_window_plan.csv,206,range_030926-031125,30926,31125
B50.8_offset_p025,d:\hpc_project\tdc_unified_core\results\b50_8_multi_offset\offset_p025\b50_7_offset_window_plan.csv,207,range_031076-031275,31076,31275
B50.8_offset_p025,d:\hpc_project\tdc_unified_core\results\b50_8_multi_offset\offset_p025\b50_7_offset_window_plan.csv,208,range_031226-031425,31226,31425
B50.8_offset_p025,d:\hpc_project\tdc_unified_core\results\b50_8_multi_offset\offset_p025\b50_7_offset_window_plan.csv,209,range_031376-031575,31376,31575
B50.8_offset_p025,d:\hpc_project\tdc_unified_core\results\b50_8_multi_offset\offset_p025\b50_7_offset_window_plan.csv,210,range_031526-031725,31526,31725
B50.8_offset_p025,d:\hpc_project\tdc_unified_core\results\b50_8_multi_offset\offset_p025\b50_7_offset_window_plan.csv,211,range_031676-031875,31676,31875
B50.8_offset_p025,d:\hpc_project\tdc_unified_core\results\b50_8_multi_offset\offset_p025\b50_7_offset_window_plan.csv,212,range_031826-032025,31826,32025
B50.8_offset_p025,d:\hpc_project\tdc_unified_core\results\b50_8_multi_offset\offset_p025\b50_7_offset_window_plan.csv,213,range_031976-032175,31976,32175
B50.8_offset_p025,d:\hpc_project\tdc_unified_core\results\b50_8_multi_offset\offset_p025\b50_7_offset_window_plan.csv,214,range_032126-032325,32126,32325
B50.8_offset_p025,d:\hpc_project\tdc_unified_core\results\b50_8_multi_offset\offset_p025\b50_7_offset_window_plan.csv,215,range_032276-032475,32276,32475
B50.8_offset_p025,d:\hpc_project\tdc_unified_core\results\b50_8_multi_offset\offset_p025\b50_7_offset_window_plan.csv,216,range_032426-032625,32426,32625
B50.8_offset_p025,d:\hpc_project\tdc_unified_core\results\b50_8_multi_offset\offset_p025\b50_7_offset_window_plan.csv,217,range_032576-032775,32576,32775
B50.8_offset_p025,d:\hpc_project\tdc_unified_core\results\b50_8_multi_offset\offset_p025\b50_7_offset_window_plan.csv,218,range_032726-032925,32726,32925
B50.8_offset_p025,d:\hpc_project\tdc_unified_core\results\b50_8_multi_offset\offset_p025\b50_7_offset_window_plan.csv,219,range_032876-033075,32876,33075
B50.8_offset_p025,d:\hpc_project\tdc_unified_core\results\b50_8_multi_offset\offset_p025\b50_7_offset_window_plan.csv,220,range_033026-033225,33026,33225
B50.8_offset_p025,d:\hpc_project\tdc_unified_core\results\b50_8_multi_offset\offset_p025\b50_7_offset_window_plan.csv,221,range_033176-033375,33176,33375
B50.8_offset_p025,d:\hpc_project\tdc_unified_core\results\b50_8_multi_offset\offset_p025\b50_7_offset_window_plan.csv,222,range_033326-033525,33326,33525
B50.8_offset_p025,d:\hpc_project\tdc_unified_core\results\b50_8_multi_offset\offset_p025\b50_7_offset_window_plan.csv,223,range_033476-033675,33476,33675
B50.8_offset_p025,d:\hpc_project\tdc_unified_core\results\b50_8_multi_offset\offset_p025\b50_7_offset_window_plan.csv,224,range_033626-033825,33626,33825
B50.8_offset_p025,d:\hpc_project\tdc_unified_core\results\b50_8_multi_offset\offset_p025\b50_7_offset_window_plan.csv,225,range_033776-033975,33776,33975
B50.8_offset_p025,d:\hpc_project\tdc_unified_core\results\b50_8_multi_offset\offset_p025\b50_7_offset_window_plan.csv,226,range_033926-034125,33926,34125
B50.8_offset_p025,d:\hpc_project\tdc_unified_core\results\b50_8_multi_offset\offset_p025\b50_7_offset_window_plan.csv,227,range_034076-034275,34076,34275
B50.8_offset_p025,d:\hpc_project\tdc_unified_core\results\b50_8_multi_offset\offset_p025\b50_7_offset_window_plan.csv,228,range_034226-034425,34226,34425
B50.8_offset_p025,d:\hpc_project\tdc_unified_core\results\b50_8_multi_offset\offset_p025\b50_7_offset_window_plan.csv,229,range_034376-034575,34376,34575
B50.8_offset_p025,d:\hpc_project\tdc_unified_core\results\b50_8_multi_offset\offset_p025\b50_7_offset_window_plan.csv,230,range_034526-034725,34526,34725
B50.8_offset_p025,d:\hpc_project\tdc_unified_core\results\b50_8_multi_offset\offset_p025\b50_7_offset_window_plan.csv,231,range_034676-034875,34676,34875
B50.8_offset_p025,d:\hpc_project\tdc_unified_core\results\b50_8_multi_offset\offset_p025\b50_7_offset_window_plan.csv,232,range_034826-035025,34826,35025
B50.8_offset_p025,d:\hpc_project\tdc_unified_core\results\b50_8_multi_offset\offset_p025\b50_7_offset_window_plan.csv,233,range_034976-035175,34976,35175
B50.8_offset_p025,d:\hpc_project\tdc_unified_core\results\b50_8_multi_offset\offset_p025\b50_7_offset_window_plan.csv,234,range_035126-035325,35126,35325
B50.8_offset_p025,d:\hpc_project\tdc_unified_core\results\b50_8_multi_offset\offset_p025\b50_7_offset_window_plan.csv,235,range_035276-035475,35276,35475
B50.8_offset_p025,d:\hpc_project\tdc_unified_core\results\b50_8_multi_offset\offset_p025\b50_7_offset_window_plan.csv,236,range_035426-035625,35426,35625
B50.8_offset_p025,d:\hpc_project\tdc_unified_core\results\b50_8_multi_offset\offset_p025\b50_7_offset_window_plan.csv,237,range_035576-035775,35576,35775
B50.8_offset_p025,d:\hpc_project\tdc_unified_core\results\b50_8_multi_offset\offset_p025\b50_7_offset_window_plan.csv,238,range_035726-035925,35726,35925
B50.8_offset_p025,d:\hpc_project\tdc_unified_core\results\b50_8_multi_offset\offset_p025\b50_7_offset_window_plan.csv,239,range_035876-036075,35876,36075
B50.8_offset_p025,d:\hpc_project\tdc_unified_core\results\b50_8_multi_offset\offset_p025\b50_7_offset_window_plan.csv,240,range_036026-036225,36026,36225
B50.8_offset_p025,d:\hpc_project\tdc_unified_core\results\b50_8_multi_offset\offset_p025\b50_7_offset_window_plan.csv,241,range_036176-036375,36176,36375
B50.8_offset_p025,d:\hpc_project\tdc_unified_core\results\b50_8_multi_offset\offset_p025\b50_7_offset_window_plan.csv,242,range_036326-036525,36326,36525
B50.8_offset_p025,d:\hpc_project\tdc_unified_core\results\b50_8_multi_offset\offset_p025\b50_7_offset_window_plan.csv,243,range_036476-036675,36476,36675
B50.8_offset_p025,d:\hpc_project\tdc_unified_core\results\b50_8_multi_offset\offset_p025\b50_7_offset_window_plan.csv,244,range_036626-036825,36626,36825
B50.8_offset_p025,d:\hpc_project\tdc_unified_core\results\b50_8_multi_offset\offset_p025\b50_7_offset_window_plan.csv,245,range_036776-036975,36776,36975
B50.8_offset_p025,d:\hpc_project\tdc_unified_core\results\b50_8_multi_offset\offset_p025\b50_7_offset_window_plan.csv,246,range_036926-037125,36926,37125
B50.8_offset_p025,d:\hpc_project\tdc_unified_core\results\b50_8_multi_offset\offset_p025\b50_7_offset_window_plan.csv,247,range_037076-037275,37076,37275
B50.8_offset_p025,d:\hpc_project\tdc_unified_core\results\b50_8_multi_offset\offset_p025\b50_7_offset_window_plan.csv,248,range_037226-037425,37226,37425
B50.8_offset_p025,d:\hpc_project\tdc_unified_core\results\b50_8_multi_offset\offset_p025\b50_7_offset_window_plan.csv,249,range_037376-037575,37376,37575
B50.8_offset_p025,d:\hpc_project\tdc_unified_core\results\b50_8_multi_offset\offset_p025\b50_7_offset_window_plan.csv,250,range_037526-037725,37526,37725
B50.8_offset_p025,d:\hpc_project\tdc_unified_core\results\b50_8_multi_offset\offset_p025\b50_7_offset_window_plan.csv,251,range_037676-037875,37676,37875
B50.8_offset_p025,d:\hpc_project\tdc_unified_core\results\b50_8_multi_offset\offset_p025\b50_7_offset_window_plan.csv,252,range_037826-038025,37826,38025
B50.8_offset_p025,d:\hpc_project\tdc_unified_core\results\b50_8_multi_offset\offset_p025\b50_7_offset_window_plan.csv,253,range_037976-038175,37976,38175
B50.8_offset_p025,d:\hpc_project\tdc_unified_core\results\b50_8_multi_offset\offset_p025\b50_7_offset_window_plan.csv,254,range_038126-038325,38126,38325
B50.8_offset_p025,d:\hpc_project\tdc_unified_core\results\b50_8_multi_offset\offset_p025\b50_7_offset_window_plan.csv,255,range_038276-038475,38276,38475
B50.8_offset_p025,d:\hpc_project\tdc_unified_core\results\b50_8_multi_offset\offset_p025\b50_7_offset_window_plan.csv,256,range_038426-038625,38426,38625
B50.8_offset_p025,d:\hpc_project\tdc_unified_core\results\b50_8_multi_offset\offset_p025\b50_7_offset_window_plan.csv,257,range_038576-038775,38576,38775
B50.8_offset_p025,d:\hpc_project\tdc_unified_core\results\b50_8_multi_offset\offset_p025\b50_7_offset_window_plan.csv,258,range_038726-038925,38726,38925
B50.8_offset_p025,d:\hpc_project\tdc_unified_core\results\b50_8_multi_offset\offset_p025\b50_7_offset_window_plan.csv,259,range_038876-039075,38876,39075
B50.8_offset_p025,d:\hpc_project\tdc_unified_core\results\b50_8_multi_offset\offset_p025\b50_7_offset_window_plan.csv,260,range_039026-039225,39026,39225
B50.8_offset_p025,d:\hpc_project\tdc_unified_core\results\b50_8_multi_offset\offset_p025\b50_7_offset_window_plan.csv,261,range_039176-039375,39176,39375
B50.8_offset_p025,d:\hpc_project\tdc_unified_core\results\b50_8_multi_offset\offset_p025\b50_7_offset_window_plan.csv,262,range_039326-039525,39326,39525
B50.8_offset_p025,d:\hpc_project\tdc_unified_core\results\b50_8_multi_offset\offset_p025\b50_7_offset_window_plan.csv,263,range_039476-039675,39476,39675
B50.8_offset_p025,d:\hpc_project\tdc_unified_core\results\b50_8_multi_offset\offset_p025\b50_7_offset_window_plan.csv,264,range_039626-039825,39626,39825
B50.8_offset_p025,d:\hpc_project\tdc_unified_core\results\b50_8_multi_offset\offset_p025\b50_7_offset_window_plan.csv,265,range_039776-039975,39776,39975
B50.8_offset_p025,d:\hpc_project\tdc_unified_core\results\b50_8_multi_offset\offset_p025\b50_7_offset_window_plan.csv,266,range_039926-040125,39926,40125
B50.8_offset_p025,d:\hpc_project\tdc_unified_core\results\b50_8_multi_offset\offset_p025\b50_7_offset_window_plan.csv,267,range_040076-040275,40076,40275
B50.8_offset_p025,d:\hpc_project\tdc_unified_core\results\b50_8_multi_offset\offset_p025\b50_7_offset_window_plan.csv,268,range_040226-040425,40226,40425
B50.8_offset_p025,d:\hpc_project\tdc_unified_core\results\b50_8_multi_offset\offset_p025\b50_7_offset_window_plan.csv,269,range_040376-040575,40376,40575
B50.8_offset_p025,d:\hpc_project\tdc_unified_core\results\b50_8_multi_offset\offset_p025\b50_7_offset_window_plan.csv,270,range_040526-040725,40526,40725
B50.8_offset_p025,d:\hpc_project\tdc_unified_core\results\b50_8_multi_offset\offset_p025\b50_7_offset_window_plan.csv,271,range_040676-040875,40676,40875
B50.8_offset_p025,d:\hpc_project\tdc_unified_core\results\b50_8_multi_offset\offset_p025\b50_7_offset_window_plan.csv,272,range_040826-041025,40826,41025
B50.8_offset_p025,d:\hpc_project\tdc_unified_core\results\b50_8_multi_offset\offset_p025\b50_7_offset_window_plan.csv,273,range_040976-041175,40976,41175
B50.8_offset_p025,d:\hpc_project\tdc_unified_core\results\b50_8_multi_offset\offset_p025\b50_7_offset_window_plan.csv,274,range_041126-041325,41126,41325
B50.8_offset_p025,d:\hpc_project\tdc_unified_core\results\b50_8_multi_offset\offset_p025\b50_7_offset_window_plan.csv,275,range_041276-041475,41276,41475
B50.8_offset_p025,d:\hpc_project\tdc_unified_core\results\b50_8_multi_offset\offset_p025\b50_7_offset_window_plan.csv,276,range_041426-041625,41426,41625
B50.8_offset_p025,d:\hpc_project\tdc_unified_core\results\b50_8_multi_offset\offset_p025\b50_7_offset_window_plan.csv,277,range_041576-041775,41576,41775
B50.8_offset_p025,d:\hpc_project\tdc_unified_core\results\b50_8_multi_offset\offset_p025\b50_7_offset_window_plan.csv,278,range_041726-041925,41726,41925
B50.8_offset_p025,d:\hpc_project\tdc_unified_core\results\b50_8_multi_offset\offset_p025\b50_7_offset_window_plan.csv,279,range_041876-042075,41876,42075
B50.8_offset_p025,d:\hpc_project\tdc_unified_core\results\b50_8_multi_offset\offset_p025\b50_7_offset_window_plan.csv,280,range_042026-042225,42026,42225
B50.8_offset_p025,d:\hpc_project\tdc_unified_core\results\b50_8_multi_offset\offset_p025\b50_7_offset_window_plan.csv,281,range_042176-042375,42176,42375
B50.8_offset_p025,d:\hpc_project\tdc_unified_core\results\b50_8_multi_offset\offset_p025\b50_7_offset_window_plan.csv,282,range_042326-042525,42326,42525
B50.8_offset_p025,d:\hpc_project\tdc_unified_core\results\b50_8_multi_offset\offset_p025\b50_7_offset_window_plan.csv,283,range_042476-042675,42476,42675
B50.8_offset_p025,d:\hpc_project\tdc_unified_core\results\b50_8_multi_offset\offset_p025\b50_7_offset_window_plan.csv,284,range_042626-042825,42626,42825
B50.8_offset_p025,d:\hpc_project\tdc_unified_core\results\b50_8_multi_offset\offset_p025\b50_7_offset_window_plan.csv,285,range_042776-042975,42776,42975
B50.8_offset_p025,d:\hpc_project\tdc_unified_core\results\b50_8_multi_offset\offset_p025\b50_7_offset_window_plan.csv,286,range_042926-043125,42926,43125
B50.8_offset_p025,d:\hpc_project\tdc_unified_core\results\b50_8_multi_offset\offset_p025\b50_7_offset_window_plan.csv,287,range_043076-043275,43076,43275
B50.8_offset_p025,d:\hpc_project\tdc_unified_core\results\b50_8_multi_offset\offset_p025\b50_7_offset_window_plan.csv,288,range_043226-043425,43226,43425
B50.8_offset_p025,d:\hpc_project\tdc_unified_core\results\b50_8_multi_offset\offset_p025\b50_7_offset_window_plan.csv,289,range_043376-043575,43376,43575
B50.8_offset_p025,d:\hpc_project\tdc_unified_core\results\b50_8_multi_offset\offset_p025\b50_7_offset_window_plan.csv,290,range_043526-043725,43526,43725
B50.8_offset_p025,d:\hpc_project\tdc_unified_core\results\b50_8_multi_offset\offset_p025\b50_7_offset_window_plan.csv,291,range_043676-043875,43676,43875
B50.8_offset_p025,d:\hpc_project\tdc_unified_core\results\b50_8_multi_offset\offset_p025\b50_7_offset_window_plan.csv,292,range_043826-044025,43826,44025
B50.8_offset_p025,d:\hpc_project\tdc_unified_core\results\b50_8_multi_offset\offset_p025\b50_7_offset_window_plan.csv,293,range_043976-044175,43976,44175
B50.8_offset_p025,d:\hpc_project\tdc_unified_core\results\b50_8_multi_offset\offset_p025\b50_7_offset_window_plan.csv,294,range_044126-044325,44126,44325
B50.8_offset_p025,d:\hpc_project\tdc_unified_core\results\b50_8_multi_offset\offset_p025\b50_7_offset_window_plan.csv,295,range_044276-044475,44276,44475
B50.8_offset_p025,d:\hpc_project\tdc_unified_core\results\b50_8_multi_offset\offset_p025\b50_7_offset_window_plan.csv,296,range_044426-044625,44426,44625
B50.8_offset_p025,d:\hpc_project\tdc_unified_core\results\b50_8_multi_offset\offset_p025\b50_7_offset_window_plan.csv,297,range_044576-044775,44576,44775
B50.8_offset_p025,d:\hpc_project\tdc_unified_core\results\b50_8_multi_offset\offset_p025\b50_7_offset_window_plan.csv,298,range_044726-044925,44726,44925
B50.8_offset_p025,d:\hpc_project\tdc_unified_core\results\b50_8_multi_offset\offset_p025\b50_7_offset_window_plan.csv,299,range_044876-045075,44876,45075
B50.8_offset_p025,d:\hpc_project\tdc_unified_core\results\b50_8_multi_offset\offset_p025\b50_7_offset_window_plan.csv,300,range_045026-045225,45026,45225
B50.8_offset_p025,d:\hpc_project\tdc_unified_core\results\b50_8_multi_offset\offset_p025\b50_7_offset_window_plan.csv,301,range_045176-045375,45176,45375
B50.8_offset_p025,d:\hpc_project\tdc_unified_core\results\b50_8_multi_offset\offset_p025\b50_7_offset_window_plan.csv,302,range_045326-045525,45326,45525
B50.8_offset_p025,d:\hpc_project\tdc_unified_core\results\b50_8_multi_offset\offset_p025\b50_7_offset_window_plan.csv,303,range_045476-045675,45476,45675
B50.8_offset_p025,d:\hpc_project\tdc_unified_core\results\b50_8_multi_offset\offset_p025\b50_7_offset_window_plan.csv,304,range_045626-045825,45626,45825
B50.8_offset_p025,d:\hpc_project\tdc_unified_core\results\b50_8_multi_offset\offset_p025\b50_7_offset_window_plan.csv,305,range_045776-045975,45776,45975
B50.8_offset_p025,d:\hpc_project\tdc_unified_core\results\b50_8_multi_offset\offset_p025\b50_7_offset_window_plan.csv,306,range_045926-046125,45926,46125
B50.8_offset_p025,d:\hpc_project\tdc_unified_core\results\b50_8_multi_offset\offset_p025\b50_7_offset_window_plan.csv,307,range_046076-046275,46076,46275
B50.8_offset_p025,d:\hpc_project\tdc_unified_core\results\b50_8_multi_offset\offset_p025\b50_7_offset_window_plan.csv,308,range_046226-046425,46226,46425
B50.8_offset_p025,d:\hpc_project\tdc_unified_core\results\b50_8_multi_offset\offset_p025\b50_7_offset_window_plan.csv,309,range_046376-046575,46376,46575
B50.8_offset_p025,d:\hpc_project\tdc_unified_core\results\b50_8_multi_offset\offset_p025\b50_7_offset_window_plan.csv,310,range_046526-046725,46526,46725
B50.8_offset_p025,d:\hpc_project\tdc_unified_core\results\b50_8_multi_offset\offset_p025\b50_7_offset_window_plan.csv,311,range_046676-046875,46676,46875
B50.8_offset_p025,d:\hpc_project\tdc_unified_core\results\b50_8_multi_offset\offset_p025\b50_7_offset_window_plan.csv,312,range_046826-047025,46826,47025
B50.8_offset_p025,d:\hpc_project\tdc_unified_core\results\b50_8_multi_offset\offset_p025\b50_7_offset_window_plan.csv,313,range_046976-047175,46976,47175
B50.8_offset_p025,d:\hpc_project\tdc_unified_core\results\b50_8_multi_offset\offset_p025\b50_7_offset_window_plan.csv,314,range_047126-047325,47126,47325
B50.8_offset_p025,d:\hpc_project\tdc_unified_core\results\b50_8_multi_offset\offset_p025\b50_7_offset_window_plan.csv,315,range_047276-047475,47276,47475
B50.8_offset_p025,d:\hpc_project\tdc_unified_core\results\b50_8_multi_offset\offset_p025\b50_7_offset_window_plan.csv,316,range_047426-047625,47426,47625
B50.8_offset_p025,d:\hpc_project\tdc_unified_core\results\b50_8_multi_offset\offset_p025\b50_7_offset_window_plan.csv,317,range_047576-047775,47576,47775
B50.8_offset_p025,d:\hpc_project\tdc_unified_core\results\b50_8_multi_offset\offset_p025\b50_7_offset_window_plan.csv,318,range_047726-047925,47726,47925
B50.8_offset_p025,d:\hpc_project\tdc_unified_core\results\b50_8_multi_offset\offset_p025\b50_7_offset_window_plan.csv,319,range_047876-048075,47876,48075
B50.8_offset_p025,d:\hpc_project\tdc_unified_core\results\b50_8_multi_offset\offset_p025\b50_7_offset_window_plan.csv,320,range_048026-048225,48026,48225
B50.8_offset_p025,d:\hpc_project\tdc_unified_core\results\b50_8_multi_offset\offset_p025\b50_7_offset_window_plan.csv,321,range_048176-048375,48176,48375
B50.8_offset_p025,d:\hpc_project\tdc_unified_core\results\b50_8_multi_offset\offset_p025\b50_7_offset_window_plan.csv,322,range_048326-048525,48326,48525
B50.8_offset_p025,d:\hpc_project\tdc_unified_core\results\b50_8_multi_offset\offset_p025\b50_7_offset_window_plan.csv,323,range_048476-048675,48476,48675
B50.8_offset_p025,d:\hpc_project\tdc_unified_core\results\b50_8_multi_offset\offset_p025\b50_7_offset_window_plan.csv,324,range_048626-048825,48626,48825
B50.8_offset_p025,d:\hpc_project\tdc_unified_core\results\b50_8_multi_offset\offset_p025\b50_7_offset_window_plan.csv,325,range_048776-048975,48776,48975
B50.8_offset_p025,d:\hpc_project\tdc_unified_core\results\b50_8_multi_offset\offset_p025\b50_7_offset_window_plan.csv,326,range_048926-049125,48926,49125
B50.8_offset_p025,d:\hpc_project\tdc_unified_core\results\b50_8_multi_offset\offset_p025\b50_7_offset_window_plan.csv,327,range_049076-049275,49076,49275
B50.8_offset_p025,d:\hpc_project\tdc_unified_core\results\b50_8_multi_offset\offset_p025\b50_7_offset_window_plan.csv,328,range_049226-049425,49226,49425
B50.8_offset_p025,d:\hpc_project\tdc_unified_core\results\b50_8_multi_offset\offset_p025\b50_7_offset_window_plan.csv,329,range_049376-049575,49376,49575
B50.8_offset_p025,d:\hpc_project\tdc_unified_core\results\b50_8_multi_offset\offset_p025\b50_7_offset_window_plan.csv,330,range_049526-049725,49526,49725
B50.8_offset_p025,d:\hpc_project\tdc_unified_core\results\b50_8_multi_offset\offset_p025\b50_7_offset_window_plan.csv,331,range_049676-049875,49676,49875
B50.8_offset_p025,d:\hpc_project\tdc_unified_core\results\b50_8_multi_offset\offset_p025\b50_7_offset_window_plan.csv,332,range_049826-050025,49826,50025
B50.8_offset_p025,d:\hpc_project\tdc_unified_core\results\b50_8_multi_offset\offset_p025\b50_7_offset_window_plan.csv,333,range_049976-050175,49976,50175
B50.8_offset_p025,d:\hpc_project\tdc_unified_core\results\b50_8_multi_offset\offset_p025\b50_7_offset_window_plan.csv,334,range_050126-050325,50126,50325
B50.8_offset_p025,d:\hpc_project\tdc_unified_core\results\b50_8_multi_offset\offset_p025\b50_7_offset_window_plan.csv,335,range_050276-050475,50276,50475
B50.8_offset_p025,d:\hpc_project\tdc_unified_core\results\b50_8_multi_offset\offset_p025\b50_7_offset_window_plan.csv,336,range_050426-050625,50426,50625
B50.8_offset_p025,d:\hpc_project\tdc_unified_core\results\b50_8_multi_offset\offset_p025\b50_7_offset_window_plan.csv,337,range_050576-050775,50576,50775
B50.8_offset_p025,d:\hpc_project\tdc_unified_core\results\b50_8_multi_offset\offset_p025\b50_7_offset_window_plan.csv,338,range_050726-050925,50726,50925
B50.8_offset_p025,d:\hpc_project\tdc_unified_core\results\b50_8_multi_offset\offset_p025\b50_7_offset_window_plan.csv,339,range_050876-051075,50876,51075
B50.8_offset_p025,d:\hpc_project\tdc_unified_core\results\b50_8_multi_offset\offset_p025\b50_7_offset_window_plan.csv,340,range_051026-051225,51026,51225
B50.8_offset_p025,d:\hpc_project\tdc_unified_core\results\b50_8_multi_offset\offset_p025\b50_7_offset_window_plan.csv,341,range_051176-051375,51176,51375
B50.8_offset_p025,d:\hpc_project\tdc_unified_core\results\b50_8_multi_offset\offset_p025\b50_7_offset_window_plan.csv,342,range_051326-051525,51326,51525
B50.8_offset_p025,d:\hpc_project\tdc_unified_core\results\b50_8_multi_offset\offset_p025\b50_7_offset_window_plan.csv,343,range_051476-051675,51476,51675
B50.8_offset_p025,d:\hpc_project\tdc_unified_core\results\b50_8_multi_offset\offset_p025\b50_7_offset_window_plan.csv,344,range_051626-051825,51626,51825
B50.8_offset_p025,d:\hpc_project\tdc_unified_core\results\b50_8_multi_offset\offset_p025\b50_7_offset_window_plan.csv,345,range_051776-051975,51776,51975
B50.8_offset_p025,d:\hpc_project\tdc_unified_core\results\b50_8_multi_offset\offset_p025\b50_7_offset_window_plan.csv,346,range_051926-052125,51926,52125
B50.8_offset_p025,d:\hpc_project\tdc_unified_core\results\b50_8_multi_offset\offset_p025\b50_7_offset_window_plan.csv,347,range_052076-052275,52076,52275
B50.8_offset_p025,d:\hpc_project\tdc_unified_core\results\b50_8_multi_offset\offset_p025\b50_7_offset_window_plan.csv,348,range_052226-052425,52226,52425
B50.8_offset_p025,d:\hpc_project\tdc_unified_core\results\b50_8_multi_offset\offset_p025\b50_7_offset_window_plan.csv,349,range_052376-052575,52376,52575
B50.8_offset_p025,d:\hpc_project\tdc_unified_core\results\b50_8_multi_offset\offset_p025\b50_7_offset_window_plan.csv,350,range_052526-052725,52526,52725
B50.8_offset_p025,d:\hpc_project\tdc_unified_core\results\b50_8_multi_offset\offset_p025\b50_7_offset_window_plan.csv,351,range_052676-052875,52676,52875
B50.8_offset_p025,d:\hpc_project\tdc_unified_core\results\b50_8_multi_offset\offset_p025\b50_7_offset_window_plan.csv,352,range_052826-053025,52826,53025
B50.8_offset_p025,d:\hpc_project\tdc_unified_core\results\b50_8_multi_offset\offset_p025\b50_7_offset_window_plan.csv,353,range_052976-053175,52976,53175
B50.8_offset_p025,d:\hpc_project\tdc_unified_core\results\b50_8_multi_offset\offset_p025\b50_7_offset_window_plan.csv,354,range_053126-053325,53126,53325
B50.8_offset_p025,d:\hpc_project\tdc_unified_core\results\b50_8_multi_offset\offset_p025\b50_7_offset_window_plan.csv,355,range_053276-053475,53276,53475
B50.8_offset_p025,d:\hpc_project\tdc_unified_core\results\b50_8_multi_offset\offset_p025\b50_7_offset_window_plan.csv,356,range_053426-053625,53426,53625
B50.8_offset_p025,d:\hpc_project\tdc_unified_core\results\b50_8_multi_offset\offset_p025\b50_7_offset_window_plan.csv,357,range_053576-053775,53576,53775
B50.8_offset_p025,d:\hpc_project\tdc_unified_core\results\b50_8_multi_offset\offset_p025\b50_7_offset_window_plan.csv,358,range_053726-053925,53726,53925
B50.8_offset_p025,d:\hpc_project\tdc_unified_core\results\b50_8_multi_offset\offset_p025\b50_7_offset_window_plan.csv,359,range_053876-054075,53876,54075
B50.8_offset_p025,d:\hpc_project\tdc_unified_core\results\b50_8_multi_offset\offset_p025\b50_7_offset_window_plan.csv,360,range_054026-054225,54026,54225
B50.8_offset_p025,d:\hpc_project\tdc_unified_core\results\b50_8_multi_offset\offset_p025\b50_7_offset_window_plan.csv,361,range_054176-054375,54176,54375
B50.8_offset_p025,d:\hpc_project\tdc_unified_core\results\b50_8_multi_offset\offset_p025\b50_7_offset_window_plan.csv,362,range_054326-054525,54326,54525
B50.8_offset_p025,d:\hpc_project\tdc_unified_core\results\b50_8_multi_offset\offset_p025\b50_7_offset_window_plan.csv,363,range_054476-054675,54476,54675
B50.8_offset_p025,d:\hpc_project\tdc_unified_core\results\b50_8_multi_offset\offset_p025\b50_7_offset_window_plan.csv,364,range_054626-054825,54626,54825
B50.8_offset_p025,d:\hpc_project\tdc_unified_core\results\b50_8_multi_offset\offset_p025\b50_7_offset_window_plan.csv,365,range_054776-054975,54776,54975
B50.8_offset_p025,d:\hpc_project\tdc_unified_core\results\b50_8_multi_offset\offset_p025\b50_7_offset_window_plan.csv,366,range_054926-055125,54926,55125
B50.8_offset_p025,d:\hpc_project\tdc_unified_core\results\b50_8_multi_offset\offset_p025\b50_7_offset_window_plan.csv,367,range_055076-055275,55076,55275
B50.8_offset_p025,d:\hpc_project\tdc_unified_core\results\b50_8_multi_offset\offset_p025\b50_7_offset_window_plan.csv,368,range_055226-055425,55226,55425
B50.8_offset_p025,d:\hpc_project\tdc_unified_core\results\b50_8_multi_offset\offset_p025\b50_7_offset_window_plan.csv,369,range_055376-055575,55376,55575
B50.8_offset_p025,d:\hpc_project\tdc_unified_core\results\b50_8_multi_offset\offset_p025\b50_7_offset_window_plan.csv,370,range_055526-055725,55526,55725
B50.8_offset_p025,d:\hpc_project\tdc_unified_core\results\b50_8_multi_offset\offset_p025\b50_7_offset_window_plan.csv,371,range_055676-055875,55676,55875
B50.8_offset_p025,d:\hpc_project\tdc_unified_core\results\b50_8_multi_offset\offset_p025\b50_7_offset_window_plan.csv,372,range_055826-056025,55826,56025
B50.8_offset_p025,d:\hpc_project\tdc_unified_core\results\b50_8_multi_offset\offset_p025\b50_7_offset_window_plan.csv,373,range_055976-056175,55976,56175
B50.8_offset_p025,d:\hpc_project\tdc_unified_core\results\b50_8_multi_offset\offset_p025\b50_7_offset_window_plan.csv,374,range_056126-056325,56126,56325
B50.8_offset_p025,d:\hpc_project\tdc_unified_core\results\b50_8_multi_offset\offset_p025\b50_7_offset_window_plan.csv,375,range_056276-056475,56276,56475
B50.8_offset_p025,d:\hpc_project\tdc_unified_core\results\b50_8_multi_offset\offset_p025\b50_7_offset_window_plan.csv,376,range_056426-056625,56426,56625
B50.8_offset_p025,d:\hpc_project\tdc_unified_core\results\b50_8_multi_offset\offset_p025\b50_7_offset_window_plan.csv,377,range_056576-056775,56576,56775
B50.8_offset_p025,d:\hpc_project\tdc_unified_core\results\b50_8_multi_offset\offset_p025\b50_7_offset_window_plan.csv,378,range_056726-056925,56726,56925
B50.8_offset_p025,d:\hpc_project\tdc_unified_core\results\b50_8_multi_offset\offset_p025\b50_7_offset_window_plan.csv,379,range_056876-057075,56876,57075
B50.8_offset_p025,d:\hpc_project\tdc_unified_core\results\b50_8_multi_offset\offset_p025\b50_7_offset_window_plan.csv,380,range_057026-057225,57026,57225
B50.8_offset_p025,d:\hpc_project\tdc_unified_core\results\b50_8_multi_offset\offset_p025\b50_7_offset_window_plan.csv,381,range_057176-057375,57176,57375
B50.8_offset_p025,d:\hpc_project\tdc_unified_core\results\b50_8_multi_offset\offset_p025\b50_7_offset_window_plan.csv,382,range_057326-057525,57326,57525
B50.8_offset_p025,d:\hpc_project\tdc_unified_core\results\b50_8_multi_offset\offset_p025\b50_7_offset_window_plan.csv,383,range_057476-057675,57476,57675
B50.8_offset_p025,d:\hpc_project\tdc_unified_core\results\b50_8_multi_offset\offset_p025\b50_7_offset_window_plan.csv,384,range_057626-057825,57626,57825
B50.8_offset_p025,d:\hpc_project\tdc_unified_core\results\b50_8_multi_offset\offset_p025\b50_7_offset_window_plan.csv,385,range_057776-057975,57776,57975
B50.8_offset_p025,d:\hpc_project\tdc_unified_core\results\b50_8_multi_offset\offset_p025\b50_7_offset_window_plan.csv,386,range_057926-058125,57926,58125
B50.8_offset_p025,d:\hpc_project\tdc_unified_core\results\b50_8_multi_offset\offset_p025\b50_7_offset_window_plan.csv,387,range_058076-058275,58076,58275
B50.8_offset_p025,d:\hpc_project\tdc_unified_core\results\b50_8_multi_offset\offset_p025\b50_7_offset_window_plan.csv,388,range_058226-058425,58226,58425
B50.8_offset_p025,d:\hpc_project\tdc_unified_core\results\b50_8_multi_offset\offset_p025\b50_7_offset_window_plan.csv,389,range_058376-058575,58376,58575
B50.8_offset_p025,d:\hpc_project\tdc_unified_core\results\b50_8_multi_offset\offset_p025\b50_7_offset_window_plan.csv,390,range_058526-058725,58526,58725
B50.8_offset_p025,d:\hpc_project\tdc_unified_core\results\b50_8_multi_offset\offset_p025\b50_7_offset_window_plan.csv,391,range_058676-058875,58676,58875
B50.8_offset_p025,d:\hpc_project\tdc_unified_core\results\b50_8_multi_offset\offset_p025\b50_7_offset_window_plan.csv,392,range_058826-059025,58826,59025
B50.8_offset_p025,d:\hpc_project\tdc_unified_core\results\b50_8_multi_offset\offset_p025\b50_7_offset_window_plan.csv,393,range_058976-059175,58976,59175
B50.8_offset_p025,d:\hpc_project\tdc_unified_core\results\b50_8_multi_offset\offset_p025\b50_7_offset_window_plan.csv,394,range_059126-059325,59126,59325
B50.8_offset_p025,d:\hpc_project\tdc_unified_core\results\b50_8_multi_offset\offset_p025\b50_7_offset_window_plan.csv,395,range_059276-059475,59276,59475
B50.8_offset_p025,d:\hpc_project\tdc_unified_core\results\b50_8_multi_offset\offset_p025\b50_7_offset_window_plan.csv,396,range_059426-059625,59426,59625
B50.8_offset_p025,d:\hpc_project\tdc_unified_core\results\b50_8_multi_offset\offset_p025\b50_7_offset_window_plan.csv,397,range_059576-059775,59576,59775
B50.8_offset_p025,d:\hpc_project\tdc_unified_core\results\b50_8_multi_offset\offset_p025\b50_7_offset_window_plan.csv,398,range_059726-059925,59726,59925
B50.8_offset_p025,d:\hpc_project\tdc_unified_core\results\b50_8_multi_offset\offset_p025\b50_7_offset_window_plan.csv,399,range_059876-060075,59876,60075
B50.8_offset_p025,d:\hpc_project\tdc_unified_core\results\b50_8_multi_offset\offset_p025\b50_7_offset_window_plan.csv,400,range_060026-060225,60026,60225
B50.8_offset_p025,d:\hpc_project\tdc_unified_core\results\b50_8_multi_offset\offset_p025\b50_7_offset_window_plan.csv,401,range_060176-060375,60176,60375
B50.8_offset_p025,d:\hpc_project\tdc_unified_core\results\b50_8_multi_offset\offset_p025\b50_7_offset_window_plan.csv,402,range_060326-060525,60326,60525
B50.8_offset_p025,d:\hpc_project\tdc_unified_core\results\b50_8_multi_offset\offset_p025\b50_7_offset_window_plan.csv,403,range_060476-060675,60476,60675
B50.8_offset_p025,d:\hpc_project\tdc_unified_core\results\b50_8_multi_offset\offset_p025\b50_7_offset_window_plan.csv,404,range_060626-060825,60626,60825
B50.8_offset_p025,d:\hpc_project\tdc_unified_core\results\b50_8_multi_offset\offset_p025\b50_7_offset_window_plan.csv,405,range_060776-060975,60776,60975
B50.8_offset_p025,d:\hpc_project\tdc_unified_core\results\b50_8_multi_offset\offset_p025\b50_7_offset_window_plan.csv,406,range_060926-061125,60926,61125
B50.8_offset_p025,d:\hpc_project\tdc_unified_core\results\b50_8_multi_offset\offset_p025\b50_7_offset_window_plan.csv,407,range_061076-061275,61076,61275
B50.8_offset_p025,d:\hpc_project\tdc_unified_core\results\b50_8_multi_offset\offset_p025\b50_7_offset_window_plan.csv,408,range_061226-061425,61226,61425
B50.8_offset_p025,d:\hpc_project\tdc_unified_core\results\b50_8_multi_offset\offset_p025\b50_7_offset_window_plan.csv,409,range_061376-061575,61376,61575
B50.8_offset_p025,d:\hpc_project\tdc_unified_core\results\b50_8_multi_offset\offset_p025\b50_7_offset_window_plan.csv,410,range_061526-061725,61526,61725
B50.8_offset_p025,d:\hpc_project\tdc_unified_core\results\b50_8_multi_offset\offset_p025\b50_7_offset_window_plan.csv,411,range_061676-061875,61676,61875
B50.8_offset_p025,d:\hpc_project\tdc_unified_core\results\b50_8_multi_offset\offset_p025\b50_7_offset_window_plan.csv,412,range_061826-062025,61826,62025
B50.8_offset_p025,d:\hpc_project\tdc_unified_core\results\b50_8_multi_offset\offset_p025\b50_7_offset_window_plan.csv,413,range_061976-062175,61976,62175
B50.8_offset_p025,d:\hpc_project\tdc_unified_core\results\b50_8_multi_offset\offset_p025\b50_7_offset_window_plan.csv,414,range_062126-062325,62126,62325
B50.8_offset_p025,d:\hpc_project\tdc_unified_core\results\b50_8_multi_offset\offset_p025\b50_7_offset_window_plan.csv,415,range_062276-062475,62276,62475
B50.8_offset_p025,d:\hpc_project\tdc_unified_core\results\b50_8_multi_offset\offset_p025\b50_7_offset_window_plan.csv,416,range_062426-062625,62426,62625
B50.8_offset_p025,d:\hpc_project\tdc_unified_core\results\b50_8_multi_offset\offset_p025\b50_7_offset_window_plan.csv,417,range_062576-062775,62576,62775
B50.8_offset_p025,d:\hpc_project\tdc_unified_core\results\b50_8_multi_offset\offset_p025\b50_7_offset_window_plan.csv,418,range_062726-062925,62726,62925
B50.8_offset_p025,d:\hpc_project\tdc_unified_core\results\b50_8_multi_offset\offset_p025\b50_7_offset_window_plan.csv,419,range_062876-063075,62876,63075
B50.8_offset_p025,d:\hpc_project\tdc_unified_core\results\b50_8_multi_offset\offset_p025\b50_7_offset_window_plan.csv,420,range_063026-063225,63026,63225
B50.8_offset_p025,d:\hpc_project\tdc_unified_core\results\b50_8_multi_offset\offset_p025\b50_7_offset_window_plan.csv,421,range_063176-063375,63176,63375
B50.8_offset_p025,d:\hpc_project\tdc_unified_core\results\b50_8_multi_offset\offset_p025\b50_7_offset_window_plan.csv,422,range_063326-063525,63326,63525
B50.8_offset_p025,d:\hpc_project\tdc_unified_core\results\b50_8_multi_offset\offset_p025\b50_7_offset_window_plan.csv,423,range_063476-063675,63476,63675
B50.8_offset_p025,d:\hpc_project\tdc_unified_core\results\b50_8_multi_offset\offset_p025\b50_7_offset_window_plan.csv,424,range_063626-063825,63626,63825
B50.8_offset_p025,d:\hpc_project\tdc_unified_core\results\b50_8_multi_offset\offset_p025\b50_7_offset_window_plan.csv,425,range_063776-063975,63776,63975
B50.8_offset_p025,d:\hpc_project\tdc_unified_core\results\b50_8_multi_offset\offset_p025\b50_7_offset_window_plan.csv,426,range_063926-064125,63926,64125
B50.8_offset_p025,d:\hpc_project\tdc_unified_core\results\b50_8_multi_offset\offset_p025\b50_7_offset_window_plan.csv,427,range_064076-064275,64076,64275
B50.8_offset_p025,d:\hpc_project\tdc_unified_core\results\b50_8_multi_offset\offset_p025\b50_7_offset_window_plan.csv,428,range_064226-064425,64226,64425
B50.8_offset_p025,d:\hpc_project\tdc_unified_core\results\b50_8_multi_offset\offset_p025\b50_7_offset_window_plan.csv,429,range_064376-064575,64376,64575
B50.8_offset_p025,d:\hpc_project\tdc_unified_core\results\b50_8_multi_offset\offset_p025\b50_7_offset_window_plan.csv,430,range_064526-064725,64526,64725
B50.8_offset_p025,d:\hpc_project\tdc_unified_core\results\b50_8_multi_offset\offset_p025\b50_7_offset_window_plan.csv,431,range_064676-064875,64676,64875
B50.8_offset_p025,d:\hpc_project\tdc_unified_core\results\b50_8_multi_offset\offset_p025\b50_7_offset_window_plan.csv,432,range_064826-065025,64826,65025
B50.8_offset_p025,d:\hpc_project\tdc_unified_core\results\b50_8_multi_offset\offset_p025\b50_7_offset_window_plan.csv,433,range_064976-065175,64976,65175
B50.8_offset_p025,d:\hpc_project\tdc_unified_core\results\b50_8_multi_offset\offset_p025\b50_7_offset_window_plan.csv,434,range_065126-065325,65126,65325
B50.8_offset_p025,d:\hpc_project\tdc_unified_core\results\b50_8_multi_offset\offset_p025\b50_7_offset_window_plan.csv,435,range_065276-065475,65276,65475
B50.8_offset_p025,d:\hpc_project\tdc_unified_core\results\b50_8_multi_offset\offset_p025\b50_7_offset_window_plan.csv,436,range_065426-065625,65426,65625
B50.8_offset_p025,d:\hpc_project\tdc_unified_core\results\b50_8_multi_offset\offset_p025\b50_7_offset_window_plan.csv,437,range_065576-065775,65576,65775
B50.8_offset_p025,d:\hpc_project\tdc_unified_core\results\b50_8_multi_offset\offset_p025\b50_7_offset_window_plan.csv,438,range_065726-065925,65726,65925
B50.8_offset_p025,d:\hpc_project\tdc_unified_core\results\b50_8_multi_offset\offset_p025\b50_7_offset_window_plan.csv,439,range_065876-066075,65876,66075
B50.8_offset_p025,d:\hpc_project\tdc_unified_core\results\b50_8_multi_offset\offset_p025\b50_7_offset_window_plan.csv,440,range_066026-066225,66026,66225
B50.8_offset_p025,d:\hpc_project\tdc_unified_core\results\b50_8_multi_offset\offset_p025\b50_7_offset_window_plan.csv,441,range_066176-066375,66176,66375
B50.8_offset_p025,d:\hpc_project\tdc_unified_core\results\b50_8_multi_offset\offset_p025\b50_7_offset_window_plan.csv,442,range_066326-066525,66326,66525
B50.8_offset_p025,d:\hpc_project\tdc_unified_core\results\b50_8_multi_offset\offset_p025\b50_7_offset_window_plan.csv,443,range_066476-066675,66476,66675
B50.8_offset_p025,d:\hpc_project\tdc_unified_core\results\b50_8_multi_offset\offset_p025\b50_7_offset_window_plan.csv,444,range_066626-066825,66626,66825
B50.8_offset_p025,d:\hpc_project\tdc_unified_core\results\b50_8_multi_offset\offset_p025\b50_7_offset_window_plan.csv,445,range_066776-066975,66776,66975
B50.8_offset_p025,d:\hpc_project\tdc_unified_core\results\b50_8_multi_offset\offset_p025\b50_7_offset_window_plan.csv,446,range_066926-067125,66926,67125
B50.8_offset_p025,d:\hpc_project\tdc_unified_core\results\b50_8_multi_offset\offset_p025\b50_7_offset_window_plan.csv,447,range_067076-067275,67076,67275
B50.8_offset_p025,d:\hpc_project\tdc_unified_core\results\b50_8_multi_offset\offset_p025\b50_7_offset_window_plan.csv,448,range_067226-067425,67226,67425
B50.8_offset_p025,d:\hpc_project\tdc_unified_core\results\b50_8_multi_offset\offset_p025\b50_7_offset_window_plan.csv,449,range_067376-067575,67376,67575
B50.8_offset_p025,d:\hpc_project\tdc_unified_core\results\b50_8_multi_offset\offset_p025\b50_7_offset_window_plan.csv,450,range_067526-067725,67526,67725
B50.8_offset_p025,d:\hpc_project\tdc_unified_core\results\b50_8_multi_offset\offset_p025\b50_7_offset_window_plan.csv,451,range_067676-067875,67676,67875
B50.8_offset_p025,d:\hpc_project\tdc_unified_core\results\b50_8_multi_offset\offset_p025\b50_7_offset_window_plan.csv,452,range_067826-068025,67826,68025
B50.8_offset_p025,d:\hpc_project\tdc_unified_core\results\b50_8_multi_offset\offset_p025\b50_7_offset_window_plan.csv,453,range_067976-068175,67976,68175
B50.8_offset_p025,d:\hpc_project\tdc_unified_core\results\b50_8_multi_offset\offset_p025\b50_7_offset_window_plan.csv,454,range_068126-068325,68126,68325
B50.8_offset_p025,d:\hpc_project\tdc_unified_core\results\b50_8_multi_offset\offset_p025\b50_7_offset_window_plan.csv,455,range_068276-068475,68276,68475
B50.8_offset_p025,d:\hpc_project\tdc_unified_core\results\b50_8_multi_offset\offset_p025\b50_7_offset_window_plan.csv,456,range_068426-068625,68426,68625
B50.8_offset_p025,d:\hpc_project\tdc_unified_core\results\b50_8_multi_offset\offset_p025\b50_7_offset_window_plan.csv,457,range_068576-068775,68576,68775
B50.8_offset_p025,d:\hpc_project\tdc_unified_core\results\b50_8_multi_offset\offset_p025\b50_7_offset_window_plan.csv,458,range_068726-068925,68726,68925
B50.8_offset_p025,d:\hpc_project\tdc_unified_core\results\b50_8_multi_offset\offset_p025\b50_7_offset_window_plan.csv,459,range_068876-069075,68876,69075
B50.8_offset_p025,d:\hpc_project\tdc_unified_core\results\b50_8_multi_offset\offset_p025\b50_7_offset_window_plan.csv,460,range_069026-069225,69026,69225
B50.8_offset_p025,d:\hpc_project\tdc_unified_core\results\b50_8_multi_offset\offset_p025\b50_7_offset_window_plan.csv,461,range_069176-069375,69176,69375
B50.8_offset_p025,d:\hpc_project\tdc_unified_core\results\b50_8_multi_offset\offset_p025\b50_7_offset_window_plan.csv,462,range_069326-069525,69326,69525
B50.8_offset_p025,d:\hpc_project\tdc_unified_core\results\b50_8_multi_offset\offset_p025\b50_7_offset_window_plan.csv,463,range_069476-069675,69476,69675
B50.8_offset_p025,d:\hpc_project\tdc_unified_core\results\b50_8_multi_offset\offset_p025\b50_7_offset_window_plan.csv,464,range_069626-069825,69626,69825
B50.8_offset_p025,d:\hpc_project\tdc_unified_core\results\b50_8_multi_offset\offset_p025\b50_7_offset_window_plan.csv,465,range_069776-069975,69776,69975
B50.8_offset_p025,d:\hpc_project\tdc_unified_core\results\b50_8_multi_offset\offset_p025\b50_7_offset_window_plan.csv,466,range_069926-070125,69926,70125
B50.8_offset_p025,d:\hpc_project\tdc_unified_core\results\b50_8_multi_offset\offset_p025\b50_7_offset_window_plan.csv,467,range_070076-070275,70076,70275
B50.8_offset_p025,d:\hpc_project\tdc_unified_core\results\b50_8_multi_offset\offset_p025\b50_7_offset_window_plan.csv,468,range_070226-070425,70226,70425
B50.8_offset_p025,d:\hpc_project\tdc_unified_core\results\b50_8_multi_offset\offset_p025\b50_7_offset_window_plan.csv,469,range_070376-070575,70376,70575
B50.8_offset_p025,d:\hpc_project\tdc_unified_core\results\b50_8_multi_offset\offset_p025\b50_7_offset_window_plan.csv,470,range_070526-070725,70526,70725
B50.8_offset_p025,d:\hpc_project\tdc_unified_core\results\b50_8_multi_offset\offset_p025\b50_7_offset_window_plan.csv,471,range_070676-070875,70676,70875
B50.8_offset_p025,d:\hpc_project\tdc_unified_core\results\b50_8_multi_offset\offset_p025\b50_7_offset_window_plan.csv,472,range_070826-071025,70826,71025
B50.8_offset_p025,d:\hpc_project\tdc_unified_core\results\b50_8_multi_offset\offset_p025\b50_7_offset_window_plan.csv,473,range_070976-071175,70976,71175
B50.8_offset_p025,d:\hpc_project\tdc_unified_core\results\b50_8_multi_offset\offset_p025\b50_7_offset_window_plan.csv,474,range_071126-071325,71126,71325
B50.8_offset_p025,d:\hpc_project\tdc_unified_core\results\b50_8_multi_offset\offset_p025\b50_7_offset_window_plan.csv,475,range_071276-071475,71276,71475
B50.8_offset_p025,d:\hpc_project\tdc_unified_core\results\b50_8_multi_offset\offset_p025\b50_7_offset_window_plan.csv,476,range_071426-071625,71426,71625
B50.8_offset_p025,d:\hpc_project\tdc_unified_core\results\b50_8_multi_offset\offset_p025\b50_7_offset_window_plan.csv,477,range_071576-071775,71576,71775
B50.8_offset_p025,d:\hpc_project\tdc_unified_core\results\b50_8_multi_offset\offset_p025\b50_7_offset_window_plan.csv,478,range_071726-071925,71726,71925
B50.8_offset_p025,d:\hpc_project\tdc_unified_core\results\b50_8_multi_offset\offset_p025\b50_7_offset_window_plan.csv,479,range_071876-072075,71876,72075
B50.8_offset_p025,d:\hpc_project\tdc_unified_core\results\b50_8_multi_offset\offset_p025\b50_7_offset_window_plan.csv,480,range_072026-072225,72026,72225
B50.8_offset_p025,d:\hpc_project\tdc_unified_core\results\b50_8_multi_offset\offset_p025\b50_7_offset_window_plan.csv,481,range_072176-072375,72176,72375
B50.8_offset_p025,d:\hpc_project\tdc_unified_core\results\b50_8_multi_offset\offset_p025\b50_7_offset_window_plan.csv,482,range_072326-072525,72326,72525
B50.8_offset_p025,d:\hpc_project\tdc_unified_core\results\b50_8_multi_offset\offset_p025\b50_7_offset_window_plan.csv,483,range_072476-072675,72476,72675
B50.8_offset_p025,d:\hpc_project\tdc_unified_core\results\b50_8_multi_offset\offset_p025\b50_7_offset_window_plan.csv,484,range_072626-072825,72626,72825
B50.8_offset_p025,d:\hpc_project\tdc_unified_core\results\b50_8_multi_offset\offset_p025\b50_7_offset_window_plan.csv,485,range_072776-072975,72776,72975
B50.8_offset_p025,d:\hpc_project\tdc_unified_core\results\b50_8_multi_offset\offset_p025\b50_7_offset_window_plan.csv,486,range_072926-073125,72926,73125
B50.8_offset_p025,d:\hpc_project\tdc_unified_core\results\b50_8_multi_offset\offset_p025\b50_7_offset_window_plan.csv,487,range_073076-073275,73076,73275
B50.8_offset_p025,d:\hpc_project\tdc_unified_core\results\b50_8_multi_offset\offset_p025\b50_7_offset_window_plan.csv,488,range_073226-073425,73226,73425
B50.8_offset_p025,d:\hpc_project\tdc_unified_core\results\b50_8_multi_offset\offset_p025\b50_7_offset_window_plan.csv,489,range_073376-073575,73376,73575
B50.8_offset_p025,d:\hpc_project\tdc_unified_core\results\b50_8_multi_offset\offset_p025\b50_7_offset_window_plan.csv,490,range_073526-073725,73526,73725
B50.8_offset_p025,d:\hpc_project\tdc_unified_core\results\b50_8_multi_offset\offset_p025\b50_7_offset_window_plan.csv,491,range_073676-073875,73676,73875
B50.8_offset_p025,d:\hpc_project\tdc_unified_core\results\b50_8_multi_offset\offset_p025\b50_7_offset_window_plan.csv,492,range_073826-074025,73826,74025
B50.8_offset_p025,d:\hpc_project\tdc_unified_core\results\b50_8_multi_offset\offset_p025\b50_7_offset_window_plan.csv,493,range_073976-074175,73976,74175
B50.8_offset_p025,d:\hpc_project\tdc_unified_core\results\b50_8_multi_offset\offset_p025\b50_7_offset_window_plan.csv,494,range_074126-074325,74126,74325
B50.8_offset_p025,d:\hpc_project\tdc_unified_core\results\b50_8_multi_offset\offset_p025\b50_7_offset_window_plan.csv,495,range_074276-074475,74276,74475
B50.8_offset_p025,d:\hpc_project\tdc_unified_core\results\b50_8_multi_offset\offset_p025\b50_7_offset_window_plan.csv,496,range_074426-074625,74426,74625
B50.8_offset_p025,d:\hpc_project\tdc_unified_core\results\b50_8_multi_offset\offset_p025\b50_7_offset_window_plan.csv,497,range_074576-074775,74576,74775
B50.8_offset_p025,d:\hpc_project\tdc_unified_core\results\b50_8_multi_offset\offset_p025\b50_7_offset_window_plan.csv,498,range_074726-074925,74726,74925
B50.8_offset_p025,d:\hpc_project\tdc_unified_core\results\b50_8_multi_offset\offset_p025\b50_7_offset_window_plan.csv,499,range_074876-075075,74876,75075
B50.8_offset_p025,d:\hpc_project\tdc_unified_core\results\b50_8_multi_offset\offset_p025\b50_7_offset_window_plan.csv,500,range_075026-075225,75026,75225
B50.8_offset_p025,d:\hpc_project\tdc_unified_core\results\b50_8_multi_offset\offset_p025\b50_7_offset_window_plan.csv,501,range_075176-075375,75176,75375
B50.8_offset_p025,d:\hpc_project\tdc_unified_core\results\b50_8_multi_offset\offset_p025\b50_7_offset_window_plan.csv,502,range_075326-075525,75326,75525
B50.8_offset_p025,d:\hpc_project\tdc_unified_core\results\b50_8_multi_offset\offset_p025\b50_7_offset_window_plan.csv,503,range_075476-075675,75476,75675
B50.8_offset_p025,d:\hpc_project\tdc_unified_core\results\b50_8_multi_offset\offset_p025\b50_7_offset_window_plan.csv,504,range_075626-075825,75626,75825
B50.8_offset_p025,d:\hpc_project\tdc_unified_core\results\b50_8_multi_offset\offset_p025\b50_7_offset_window_plan.csv,505,range_075776-075975,75776,75975
B50.8_offset_p025,d:\hpc_project\tdc_unified_core\results\b50_8_multi_offset\offset_p025\b50_7_offset_window_plan.csv,506,range_075926-076125,75926,76125
B50.8_offset_p025,d:\hpc_project\tdc_unified_core\results\b50_8_multi_offset\offset_p025\b50_7_offset_window_plan.csv,507,range_076076-076275,76076,76275
B50.8_offset_p025,d:\hpc_project\tdc_unified_core\results\b50_8_multi_offset\offset_p025\b50_7_offset_window_plan.csv,508,range_076226-076425,76226,76425
B50.8_offset_p025,d:\hpc_project\tdc_unified_core\results\b50_8_multi_offset\offset_p025\b50_7_offset_window_plan.csv,509,range_076376-076575,76376,76575
B50.8_offset_p025,d:\hpc_project\tdc_unified_core\results\b50_8_multi_offset\offset_p025\b50_7_offset_window_plan.csv,510,range_076526-076725,76526,76725
B50.8_offset_p025,d:\hpc_project\tdc_unified_core\results\b50_8_multi_offset\offset_p025\b50_7_offset_window_plan.csv,511,range_076676-076875,76676,76875
B50.8_offset_p025,d:\hpc_project\tdc_unified_core\results\b50_8_multi_offset\offset_p025\b50_7_offset_window_plan.csv,512,range_076826-077025,76826,77025
B50.8_offset_p025,d:\hpc_project\tdc_unified_core\results\b50_8_multi_offset\offset_p025\b50_7_offset_window_plan.csv,513,range_076976-077175,76976,77175
B50.8_offset_p025,d:\hpc_project\tdc_unified_core\results\b50_8_multi_offset\offset_p025\b50_7_offset_window_plan.csv,514,range_077126-077325,77126,77325
B50.8_offset_p025,d:\hpc_project\tdc_unified_core\results\b50_8_multi_offset\offset_p025\b50_7_offset_window_plan.csv,515,range_077276-077475,77276,77475
B50.8_offset_p025,d:\hpc_project\tdc_unified_core\results\b50_8_multi_offset\offset_p025\b50_7_offset_window_plan.csv,516,range_077426-077625,77426,77625
B50.8_offset_p025,d:\hpc_project\tdc_unified_core\results\b50_8_multi_offset\offset_p025\b50_7_offset_window_plan.csv,517,range_077576-077775,77576,77775
B50.8_offset_p025,d:\hpc_project\tdc_unified_core\results\b50_8_multi_offset\offset_p025\b50_7_offset_window_plan.csv,518,range_077726-077925,77726,77925
B50.8_offset_p025,d:\hpc_project\tdc_unified_core\results\b50_8_multi_offset\offset_p025\b50_7_offset_window_plan.csv,519,range_077876-078075,77876,78075
B50.8_offset_p025,d:\hpc_project\tdc_unified_core\results\b50_8_multi_offset\offset_p025\b50_7_offset_window_plan.csv,520,range_078026-078225,78026,78225
B50.8_offset_p025,d:\hpc_project\tdc_unified_core\results\b50_8_multi_offset\offset_p025\b50_7_offset_window_plan.csv,521,range_078176-078375,78176,78375
B50.8_offset_p025,d:\hpc_project\tdc_unified_core\results\b50_8_multi_offset\offset_p025\b50_7_offset_window_plan.csv,522,range_078326-078525,78326,78525
B50.8_offset_p025,d:\hpc_project\tdc_unified_core\results\b50_8_multi_offset\offset_p025\b50_7_offset_window_plan.csv,523,range_078476-078675,78476,78675
B50.8_offset_p025,d:\hpc_project\tdc_unified_core\results\b50_8_multi_offset\offset_p025\b50_7_offset_window_plan.csv,524,range_078626-078825,78626,78825
B50.8_offset_p025,d:\hpc_project\tdc_unified_core\results\b50_8_multi_offset\offset_p025\b50_7_offset_window_plan.csv,525,range_078776-078975,78776,78975
B50.8_offset_p025,d:\hpc_project\tdc_unified_core\results\b50_8_multi_offset\offset_p025\b50_7_offset_window_plan.csv,526,range_078926-079125,78926,79125
B50.8_offset_p025,d:\hpc_project\tdc_unified_core\results\b50_8_multi_offset\offset_p025\b50_7_offset_window_plan.csv,527,range_079076-079275,79076,79275
B50.8_offset_p025,d:\hpc_project\tdc_unified_core\results\b50_8_multi_offset\offset_p025\b50_7_offset_window_plan.csv,528,range_079226-079425,79226,79425
B50.8_offset_p025,d:\hpc_project\tdc_unified_core\results\b50_8_multi_offset\offset_p025\b50_7_offset_window_plan.csv,529,range_079376-079575,79376,79575
B50.8_offset_p025,d:\hpc_project\tdc_unified_core\results\b50_8_multi_offset\offset_p025\b50_7_offset_window_plan.csv,530,range_079526-079725,79526,79725
B50.8_offset_p025,d:\hpc_project\tdc_unified_core\results\b50_8_multi_offset\offset_p025\b50_7_offset_window_plan.csv,531,range_079676-079875,79676,79875
B50.8_offset_p025,d:\hpc_project\tdc_unified_core\results\b50_8_multi_offset\offset_p025\b50_7_offset_window_plan.csv,532,range_079826-080025,79826,80025
B50.8_offset_p025,d:\hpc_project\tdc_unified_core\results\b50_8_multi_offset\offset_p025\b50_7_offset_window_plan.csv,533,range_079976-080175,79976,80175
B50.8_offset_p025,d:\hpc_project\tdc_unified_core\results\b50_8_multi_offset\offset_p025\b50_7_offset_window_plan.csv,534,range_080126-080325,80126,80325
B50.8_offset_p025,d:\hpc_project\tdc_unified_core\results\b50_8_multi_offset\offset_p025\b50_7_offset_window_plan.csv,535,range_080276-080475,80276,80475
B50.8_offset_p025,d:\hpc_project\tdc_unified_core\results\b50_8_multi_offset\offset_p025\b50_7_offset_window_plan.csv,536,range_080426-080625,80426,80625
B50.8_offset_p025,d:\hpc_project\tdc_unified_core\results\b50_8_multi_offset\offset_p025\b50_7_offset_window_plan.csv,537,range_080576-080775,80576,80775
B50.8_offset_p025,d:\hpc_project\tdc_unified_core\results\b50_8_multi_offset\offset_p025\b50_7_offset_window_plan.csv,538,range_080726-080925,80726,80925
B50.8_offset_p025,d:\hpc_project\tdc_unified_core\results\b50_8_multi_offset\offset_p025\b50_7_offset_window_plan.csv,539,range_080876-081075,80876,81075
B50.8_offset_p025,d:\hpc_project\tdc_unified_core\results\b50_8_multi_offset\offset_p025\b50_7_offset_window_plan.csv,540,range_081026-081225,81026,81225
B50.8_offset_p025,d:\hpc_project\tdc_unified_core\results\b50_8_multi_offset\offset_p025\b50_7_offset_window_plan.csv,541,range_081176-081375,81176,81375
B50.8_offset_p025,d:\hpc_project\tdc_unified_core\results\b50_8_multi_offset\offset_p025\b50_7_offset_window_plan.csv,542,range_081326-081525,81326,81525
B50.8_offset_p025,d:\hpc_project\tdc_unified_core\results\b50_8_multi_offset\offset_p025\b50_7_offset_window_plan.csv,543,range_081476-081675,81476,81675
B50.8_offset_p025,d:\hpc_project\tdc_unified_core\results\b50_8_multi_offset\offset_p025\b50_7_offset_window_plan.csv,544,range_081626-081825,81626,81825
B50.8_offset_p025,d:\hpc_project\tdc_unified_core\results\b50_8_multi_offset\offset_p025\b50_7_offset_window_plan.csv,545,range_081776-081975,81776,81975
B50.8_offset_p025,d:\hpc_project\tdc_unified_core\results\b50_8_multi_offset\offset_p025\b50_7_offset_window_plan.csv,546,range_081926-082125,81926,82125
B50.8_offset_p025,d:\hpc_project\tdc_unified_core\results\b50_8_multi_offset\offset_p025\b50_7_offset_window_plan.csv,547,range_082076-082275,82076,82275
B50.8_offset_p025,d:\hpc_project\tdc_unified_core\results\b50_8_multi_offset\offset_p025\b50_7_offset_window_plan.csv,548,range_082226-082425,82226,82425
B50.8_offset_p025,d:\hpc_project\tdc_unified_core\results\b50_8_multi_offset\offset_p025\b50_7_offset_window_plan.csv,549,range_082376-082575,82376,82575
B50.8_offset_p025,d:\hpc_project\tdc_unified_core\results\b50_8_multi_offset\offset_p025\b50_7_offset_window_plan.csv,550,range_082526-082725,82526,82725
B50.8_offset_p025,d:\hpc_project\tdc_unified_core\results\b50_8_multi_offset\offset_p025\b50_7_offset_window_plan.csv,551,range_082676-082875,82676,82875
B50.8_offset_p025,d:\hpc_project\tdc_unified_core\results\b50_8_multi_offset\offset_p025\b50_7_offset_window_plan.csv,552,range_082826-083025,82826,83025
B50.8_offset_p025,d:\hpc_project\tdc_unified_core\results\b50_8_multi_offset\offset_p025\b50_7_offset_window_plan.csv,553,range_082976-083175,82976,83175
B50.8_offset_p025,d:\hpc_project\tdc_unified_core\results\b50_8_multi_offset\offset_p025\b50_7_offset_window_plan.csv,554,range_083126-083325,83126,83325
B50.8_offset_p025,d:\hpc_project\tdc_unified_core\results\b50_8_multi_offset\offset_p025\b50_7_offset_window_plan.csv,555,range_083276-083475,83276,83475
B50.8_offset_p025,d:\hpc_project\tdc_unified_core\results\b50_8_multi_offset\offset_p025\b50_7_offset_window_plan.csv,556,range_083426-083625,83426,83625
B50.8_offset_p025,d:\hpc_project\tdc_unified_core\results\b50_8_multi_offset\offset_p025\b50_7_offset_window_plan.csv,557,range_083576-083775,83576,83775
B50.8_offset_p025,d:\hpc_project\tdc_unified_core\results\b50_8_multi_offset\offset_p025\b50_7_offset_window_plan.csv,558,range_083726-083925,83726,83925
B50.8_offset_p025,d:\hpc_project\tdc_unified_core\results\b50_8_multi_offset\offset_p025\b50_7_offset_window_plan.csv,559,range_083876-084075,83876,84075
B50.8_offset_p025,d:\hpc_project\tdc_unified_core\results\b50_8_multi_offset\offset_p025\b50_7_offset_window_plan.csv,560,range_084026-084225,84026,84225
B50.8_offset_p025,d:\hpc_project\tdc_unified_core\results\b50_8_multi_offset\offset_p025\b50_7_offset_window_plan.csv,561,range_084176-084375,84176,84375
B50.8_offset_p025,d:\hpc_project\tdc_unified_core\results\b50_8_multi_offset\offset_p025\b50_7_offset_window_plan.csv,562,range_084326-084525,84326,84525
B50.8_offset_p025,d:\hpc_project\tdc_unified_core\results\b50_8_multi_offset\offset_p025\b50_7_offset_window_plan.csv,563,range_084476-084675,84476,84675
B50.8_offset_p025,d:\hpc_project\tdc_unified_core\results\b50_8_multi_offset\offset_p025\b50_7_offset_window_plan.csv,564,range_084626-084825,84626,84825
B50.8_offset_p025,d:\hpc_project\tdc_unified_core\results\b50_8_multi_offset\offset_p025\b50_7_offset_window_plan.csv,565,range_084776-084975,84776,84975
B50.8_offset_p025,d:\hpc_project\tdc_unified_core\results\b50_8_multi_offset\offset_p025\b50_7_offset_window_plan.csv,566,range_084926-085125,84926,85125
B50.8_offset_p025,d:\hpc_project\tdc_unified_core\results\b50_8_multi_offset\offset_p025\b50_7_offset_window_plan.csv,567,range_085076-085275,85076,85275
B50.8_offset_p025,d:\hpc_project\tdc_unified_core\results\b50_8_multi_offset\offset_p025\b50_7_offset_window_plan.csv,568,range_085226-085425,85226,85425
B50.8_offset_p025,d:\hpc_project\tdc_unified_core\results\b50_8_multi_offset\offset_p025\b50_7_offset_window_plan.csv,569,range_085376-085575,85376,85575
B50.8_offset_p025,d:\hpc_project\tdc_unified_core\results\b50_8_multi_offset\offset_p025\b50_7_offset_window_plan.csv,570,range_085526-085725,85526,85725
B50.8_offset_p025,d:\hpc_project\tdc_unified_core\results\b50_8_multi_offset\offset_p025\b50_7_offset_window_plan.csv,571,range_085676-085875,85676,85875
B50.8_offset_p025,d:\hpc_project\tdc_unified_core\results\b50_8_multi_offset\offset_p025\b50_7_offset_window_plan.csv,572,range_085826-086025,85826,86025
B50.8_offset_p025,d:\hpc_project\tdc_unified_core\results\b50_8_multi_offset\offset_p025\b50_7_offset_window_plan.csv,573,range_085976-086175,85976,86175
B50.8_offset_p025,d:\hpc_project\tdc_unified_core\results\b50_8_multi_offset\offset_p025\b50_7_offset_window_plan.csv,574,range_086126-086325,86126,86325
B50.8_offset_p025,d:\hpc_project\tdc_unified_core\results\b50_8_multi_offset\offset_p025\b50_7_offset_window_plan.csv,575,range_086276-086475,86276,86475
B50.8_offset_p025,d:\hpc_project\tdc_unified_core\results\b50_8_multi_offset\offset_p025\b50_7_offset_window_plan.csv,576,range_086426-086625,86426,86625
B50.8_offset_p025,d:\hpc_project\tdc_unified_core\results\b50_8_multi_offset\offset_p025\b50_7_offset_window_plan.csv,577,range_086576-086775,86576,86775
B50.8_offset_p025,d:\hpc_project\tdc_unified_core\results\b50_8_multi_offset\offset_p025\b50_7_offset_window_plan.csv,578,range_086726-086925,86726,86925
B50.8_offset_p025,d:\hpc_project\tdc_unified_core\results\b50_8_multi_offset\offset_p025\b50_7_offset_window_plan.csv,579,range_086876-087075,86876,87075
B50.8_offset_p025,d:\hpc_project\tdc_unified_core\results\b50_8_multi_offset\offset_p025\b50_7_offset_window_plan.csv,580,range_087026-087225,87026,87225
B50.8_offset_p025,d:\hpc_project\tdc_unified_core\results\b50_8_multi_offset\offset_p025\b50_7_offset_window_plan.csv,581,range_087176-087375,87176,87375
B50.8_offset_p025,d:\hpc_project\tdc_unified_core\results\b50_8_multi_offset\offset_p025\b50_7_offset_window_plan.csv,582,range_087326-087525,87326,87525
B50.8_offset_p025,d:\hpc_project\tdc_unified_core\results\b50_8_multi_offset\offset_p025\b50_7_offset_window_plan.csv,583,range_087476-087675,87476,87675
B50.8_offset_p025,d:\hpc_project\tdc_unified_core\results\b50_8_multi_offset\offset_p025\b50_7_offset_window_plan.csv,584,range_087626-087825,87626,87825
B50.8_offset_p025,d:\hpc_project\tdc_unified_core\results\b50_8_multi_offset\offset_p025\b50_7_offset_window_plan.csv,585,range_087776-087975,87776,87975
B50.8_offset_p025,d:\hpc_project\tdc_unified_core\results\b50_8_multi_offset\offset_p025\b50_7_offset_window_plan.csv,586,range_087926-088125,87926,88125
B50.8_offset_p025,d:\hpc_project\tdc_unified_core\results\b50_8_multi_offset\offset_p025\b50_7_offset_window_plan.csv,587,range_088076-088275,88076,88275
B50.8_offset_p025,d:\hpc_project\tdc_unified_core\results\b50_8_multi_offset\offset_p025\b50_7_offset_window_plan.csv,588,range_088226-088425,88226,88425
B50.8_offset_p025,d:\hpc_project\tdc_unified_core\results\b50_8_multi_offset\offset_p025\b50_7_offset_window_plan.csv,589,range_088376-088575,88376,88575
B50.8_offset_p025,d:\hpc_project\tdc_unified_core\results\b50_8_multi_offset\offset_p025\b50_7_offset_window_plan.csv,590,range_088526-088725,88526,88725
B50.8_offset_p025,d:\hpc_project\tdc_unified_core\results\b50_8_multi_offset\offset_p025\b50_7_offset_window_plan.csv,591,range_088676-088875,88676,88875
B50.8_offset_p025,d:\hpc_project\tdc_unified_core\results\b50_8_multi_offset\offset_p025\b50_7_offset_window_plan.csv,592,range_088826-089025,88826,89025
B50.8_offset_p025,d:\hpc_project\tdc_unified_core\results\b50_8_multi_offset\offset_p025\b50_7_offset_window_plan.csv,593,range_088976-089175,88976,89175
B50.8_offset_p025,d:\hpc_project\tdc_unified_core\results\b50_8_multi_offset\offset_p025\b50_7_offset_window_plan.csv,594,range_089126-089325,89126,89325
B50.8_offset_p025,d:\hpc_project\tdc_unified_core\results\b50_8_multi_offset\offset_p025\b50_7_offset_window_plan.csv,595,range_089276-089475,89276,89475
B50.8_offset_p025,d:\hpc_project\tdc_unified_core\results\b50_8_multi_offset\offset_p025\b50_7_offset_window_plan.csv,596,range_089426-089625,89426,89625
B50.8_offset_p025,d:\hpc_project\tdc_unified_core\results\b50_8_multi_offset\offset_p025\b50_7_offset_window_plan.csv,597,range_089576-089775,89576,89775
B50.8_offset_p025,d:\hpc_project\tdc_unified_core\results\b50_8_multi_offset\offset_p025\b50_7_offset_window_plan.csv,598,range_089726-089925,89726,89925
B50.8_offset_p025,d:\hpc_project\tdc_unified_core\results\b50_8_multi_offset\offset_p025\b50_7_offset_window_plan.csv,599,range_089876-090075,89876,90075
B50.8_offset_p025,d:\hpc_project\tdc_unified_core\results\b50_8_multi_offset\offset_p025\b50_7_offset_window_plan.csv,600,range_090026-090225,90026,90225
B50.8_offset_p025,d:\hpc_project\tdc_unified_core\results\b50_8_multi_offset\offset_p025\b50_7_offset_window_plan.csv,601,range_090176-090375,90176,90375
B50.8_offset_p025,d:\hpc_project\tdc_unified_core\results\b50_8_multi_offset\offset_p025\b50_7_offset_window_plan.csv,602,range_090326-090525,90326,90525
B50.8_offset_p025,d:\hpc_project\tdc_unified_core\results\b50_8_multi_offset\offset_p025\b50_7_offset_window_plan.csv,603,range_090476-090675,90476,90675
B50.8_offset_p025,d:\hpc_project\tdc_unified_core\results\b50_8_multi_offset\offset_p025\b50_7_offset_window_plan.csv,604,range_090626-090825,90626,90825
B50.8_offset_p025,d:\hpc_project\tdc_unified_core\results\b50_8_multi_offset\offset_p025\b50_7_offset_window_plan.csv,605,range_090776-090975,90776,90975
B50.8_offset_p025,d:\hpc_project\tdc_unified_core\results\b50_8_multi_offset\offset_p025\b50_7_offset_window_plan.csv,606,range_090926-091125,90926,91125
B50.8_offset_p025,d:\hpc_project\tdc_unified_core\results\b50_8_multi_offset\offset_p025\b50_7_offset_window_plan.csv,607,range_091076-091275,91076,91275
B50.8_offset_p025,d:\hpc_project\tdc_unified_core\results\b50_8_multi_offset\offset_p025\b50_7_offset_window_plan.csv,608,range_091226-091425,91226,91425
B50.8_offset_p025,d:\hpc_project\tdc_unified_core\results\b50_8_multi_offset\offset_p025\b50_7_offset_window_plan.csv,609,range_091376-091575,91376,91575
B50.8_offset_p025,d:\hpc_project\tdc_unified_core\results\b50_8_multi_offset\offset_p025\b50_7_offset_window_plan.csv,610,range_091526-091725,91526,91725
B50.8_offset_p025,d:\hpc_project\tdc_unified_core\results\b50_8_multi_offset\offset_p025\b50_7_offset_window_plan.csv,611,range_091676-091875,91676,91875
B50.8_offset_p025,d:\hpc_project\tdc_unified_core\results\b50_8_multi_offset\offset_p025\b50_7_offset_window_plan.csv,612,range_091826-092025,91826,92025
B50.8_offset_p025,d:\hpc_project\tdc_unified_core\results\b50_8_multi_offset\offset_p025\b50_7_offset_window_plan.csv,613,range_091976-092175,91976,92175
B50.8_offset_p025,d:\hpc_project\tdc_unified_core\results\b50_8_multi_offset\offset_p025\b50_7_offset_window_plan.csv,614,range_092126-092325,92126,92325
B50.8_offset_p025,d:\hpc_project\tdc_unified_core\results\b50_8_multi_offset\offset_p025\b50_7_offset_window_plan.csv,615,range_092276-092475,92276,92475
B50.8_offset_p025,d:\hpc_project\tdc_unified_core\results\b50_8_multi_offset\offset_p025\b50_7_offset_window_plan.csv,616,range_092426-092625,92426,92625
B50.8_offset_p025,d:\hpc_project\tdc_unified_core\results\b50_8_multi_offset\offset_p025\b50_7_offset_window_plan.csv,617,range_092576-092775,92576,92775
B50.8_offset_p025,d:\hpc_project\tdc_unified_core\results\b50_8_multi_offset\offset_p025\b50_7_offset_window_plan.csv,618,range_092726-092925,92726,92925
B50.8_offset_p025,d:\hpc_project\tdc_unified_core\results\b50_8_multi_offset\offset_p025\b50_7_offset_window_plan.csv,619,range_092876-093075,92876,93075
B50.8_offset_p025,d:\hpc_project\tdc_unified_core\results\b50_8_multi_offset\offset_p025\b50_7_offset_window_plan.csv,620,range_093026-093225,93026,93225
B50.8_offset_p025,d:\hpc_project\tdc_unified_core\results\b50_8_multi_offset\offset_p025\b50_7_offset_window_plan.csv,621,range_093176-093375,93176,93375
B50.8_offset_p025,d:\hpc_project\tdc_unified_core\results\b50_8_multi_offset\offset_p025\b50_7_offset_window_plan.csv,622,range_093326-093525,93326,93525
B50.8_offset_p025,d:\hpc_project\tdc_unified_core\results\b50_8_multi_offset\offset_p025\b50_7_offset_window_plan.csv,623,range_093476-093675,93476,93675
B50.8_offset_p025,d:\hpc_project\tdc_unified_core\results\b50_8_multi_offset\offset_p025\b50_7_offset_window_plan.csv,624,range_093626-093825,93626,93825
B50.8_offset_p025,d:\hpc_project\tdc_unified_core\results\b50_8_multi_offset\offset_p025\b50_7_offset_window_plan.csv,625,range_093776-093975,93776,93975
B50.8_offset_p025,d:\hpc_project\tdc_unified_core\results\b50_8_multi_offset\offset_p025\b50_7_offset_window_plan.csv,626,range_093926-094125,93926,94125
B50.8_offset_p025,d:\hpc_project\tdc_unified_core\results\b50_8_multi_offset\offset_p025\b50_7_offset_window_plan.csv,627,range_094076-094275,94076,94275
B50.8_offset_p025,d:\hpc_project\tdc_unified_core\results\b50_8_multi_offset\offset_p025\b50_7_offset_window_plan.csv,628,range_094226-094425,94226,94425
B50.8_offset_p025,d:\hpc_project\tdc_unified_core\results\b50_8_multi_offset\offset_p025\b50_7_offset_window_plan.csv,629,range_094376-094575,94376,94575
B50.8_offset_p025,d:\hpc_project\tdc_unified_core\results\b50_8_multi_offset\offset_p025\b50_7_offset_window_plan.csv,630,range_094526-094725,94526,94725
B50.8_offset_p025,d:\hpc_project\tdc_unified_core\results\b50_8_multi_offset\offset_p025\b50_7_offset_window_plan.csv,631,range_094676-094875,94676,94875
B50.8_offset_p025,d:\hpc_project\tdc_unified_core\results\b50_8_multi_offset\offset_p025\b50_7_offset_window_plan.csv,632,range_094826-095025,94826,95025
B50.8_offset_p025,d:\hpc_project\tdc_unified_core\results\b50_8_multi_offset\offset_p025\b50_7_offset_window_plan.csv,633,range_094976-095175,94976,95175
B50.8_offset_p025,d:\hpc_project\tdc_unified_core\results\b50_8_multi_offset\offset_p025\b50_7_offset_window_plan.csv,634,range_095126-095325,95126,95325
B50.8_offset_p025,d:\hpc_project\tdc_unified_core\results\b50_8_multi_offset\offset_p025\b50_7_offset_window_plan.csv,635,range_095276-095475,95276,95475
B50.8_offset_p025,d:\hpc_project\tdc_unified_core\results\b50_8_multi_offset\offset_p025\b50_7_offset_window_plan.csv,636,range_095426-095625,95426,95625
B50.8_offset_p025,d:\hpc_project\tdc_unified_core\results\b50_8_multi_offset\offset_p025\b50_7_offset_window_plan.csv,637,range_095576-095775,95576,95775
B50.8_offset_p025,d:\hpc_project\tdc_unified_core\results\b50_8_multi_offset\offset_p025\b50_7_offset_window_plan.csv,638,range_095726-095925,95726,95925
B50.8_offset_p025,d:\hpc_project\tdc_unified_core\results\b50_8_multi_offset\offset_p025\b50_7_offset_window_plan.csv,639,range_095876-096075,95876,96075
B50.8_offset_p025,d:\hpc_project\tdc_unified_core\results\b50_8_multi_offset\offset_p025\b50_7_offset_window_plan.csv,640,range_096026-096225,96026,96225
B50.8_offset_p025,d:\hpc_project\tdc_unified_core\results\b50_8_multi_offset\offset_p025\b50_7_offset_window_plan.csv,641,range_096176-096375,96176,96375
B50.8_offset_p025,d:\hpc_project\tdc_unified_core\results\b50_8_multi_offset\offset_p025\b50_7_offset_window_plan.csv,642,range_096326-096525,96326,96525
B50.8_offset_p025,d:\hpc_project\tdc_unified_core\results\b50_8_multi_offset\offset_p025\b50_7_offset_window_plan.csv,643,range_096476-096675,96476,96675
B50.8_offset_p025,d:\hpc_project\tdc_unified_core\results\b50_8_multi_offset\offset_p025\b50_7_offset_window_plan.csv,644,range_096626-096825,96626,96825
B50.8_offset_p025,d:\hpc_project\tdc_unified_core\results\b50_8_multi_offset\offset_p025\b50_7_offset_window_plan.csv,645,range_096776-096975,96776,96975
B50.8_offset_p025,d:\hpc_project\tdc_unified_core\results\b50_8_multi_offset\offset_p025\b50_7_offset_window_plan.csv,646,range_096926-097125,96926,97125
B50.8_offset_p025,d:\hpc_project\tdc_unified_core\results\b50_8_multi_offset\offset_p025\b50_7_offset_window_plan.csv,647,range_097076-097275,97076,97275
B50.8_offset_p025,d:\hpc_project\tdc_unified_core\results\b50_8_multi_offset\offset_p025\b50_7_offset_window_plan.csv,648,range_097226-097425,97226,97425
B50.8_offset_p025,d:\hpc_project\tdc_unified_core\results\b50_8_multi_offset\offset_p025\b50_7_offset_window_plan.csv,649,range_097376-097575,97376,97575
B50.8_offset_p025,d:\hpc_project\tdc_unified_core\results\b50_8_multi_offset\offset_p025\b50_7_offset_window_plan.csv,650,range_097526-097725,97526,97725
B50.8_offset_p025,d:\hpc_project\tdc_unified_core\results\b50_8_multi_offset\offset_p025\b50_7_offset_window_plan.csv,651,range_097676-097875,97676,97875
B50.8_offset_p025,d:\hpc_project\tdc_unified_core\results\b50_8_multi_offset\offset_p025\b50_7_offset_window_plan.csv,652,range_097826-098025,97826,98025
B50.8_offset_p025,d:\hpc_project\tdc_unified_core\results\b50_8_multi_offset\offset_p025\b50_7_offset_window_plan.csv,653,range_097976-098175,97976,98175
B50.8_offset_p025,d:\hpc_project\tdc_unified_core\results\b50_8_multi_offset\offset_p025\b50_7_offset_window_plan.csv,654,range_098126-098325,98126,98325
B50.8_offset_p025,d:\hpc_project\tdc_unified_core\results\b50_8_multi_offset\offset_p025\b50_7_offset_window_plan.csv,655,range_098276-098475,98276,98475
B50.8_offset_p025,d:\hpc_project\tdc_unified_core\results\b50_8_multi_offset\offset_p025\b50_7_offset_window_plan.csv,656,range_098426-098625,98426,98625
B50.8_offset_p025,d:\hpc_project\tdc_unified_core\results\b50_8_multi_offset\offset_p025\b50_7_offset_window_plan.csv,657,range_098576-098775,98576,98775
B50.8_offset_p025,d:\hpc_project\tdc_unified_core\results\b50_8_multi_offset\offset_p025\b50_7_offset_window_plan.csv,658,range_098726-098925,98726,98925
B50.8_offset_p025,d:\hpc_project\tdc_unified_core\results\b50_8_multi_offset\offset_p025\b50_7_offset_window_plan.csv,659,range_098876-099075,98876,99075
B50.8_offset_p025,d:\hpc_project\tdc_unified_core\results\b50_8_multi_offset\offset_p025\b50_7_offset_window_plan.csv,660,range_099026-099225,99026,99225
B50.8_offset_p025,d:\hpc_project\tdc_unified_core\results\b50_8_multi_offset\offset_p025\b50_7_offset_window_plan.csv,661,range_099176-099375,99176,99375
B50.8_offset_p025,d:\hpc_project\tdc_unified_core\results\b50_8_multi_offset\offset_p025\b50_7_offset_window_plan.csv,662,range_099326-099525,99326,99525
B50.8_offset_p025,d:\hpc_project\tdc_unified_core\results\b50_8_multi_offset\offset_p025\b50_7_offset_window_plan.csv,663,range_099476-099675,99476,99675
B50.8_offset_p025,d:\hpc_project\tdc_unified_core\results\b50_8_multi_offset\offset_p025\b50_7_offset_window_plan.csv,664,range_099626-099825,99626,99825
B50.8_offset_p025,d:\hpc_project\tdc_unified_core\results\b50_8_multi_offset\offset_p025\b50_7_offset_window_plan.csv,665,range_099776-099975,99776,99975
B50.8_offset_p050,d:\hpc_project\tdc_unified_core\results\b50_8_multi_offset\offset_p050\b50_7_offset_window_plan.csv,0,range_000051-000250,51,250
B50.8_offset_p050,d:\hpc_project\tdc_unified_core\results\b50_8_multi_offset\offset_p050\b50_7_offset_window_plan.csv,1,range_000201-000400,201,400
B50.8_offset_p050,d:\hpc_project\tdc_unified_core\results\b50_8_multi_offset\offset_p050\b50_7_offset_window_plan.csv,2,range_000351-000550,351,550
B50.8_offset_p050,d:\hpc_project\tdc_unified_core\results\b50_8_multi_offset\offset_p050\b50_7_offset_window_plan.csv,3,range_000501-000700,501,700
B50.8_offset_p050,d:\hpc_project\tdc_unified_core\results\b50_8_multi_offset\offset_p050\b50_7_offset_window_plan.csv,4,range_000651-000850,651,850
B50.8_offset_p050,d:\hpc_project\tdc_unified_core\results\b50_8_multi_offset\offset_p050\b50_7_offset_window_plan.csv,5,range_000801-001000,801,1000
B50.8_offset_p050,d:\hpc_project\tdc_unified_core\results\b50_8_multi_offset\offset_p050\b50_7_offset_window_plan.csv,6,range_000951-001150,951,1150
B50.8_offset_p050,d:\hpc_project\tdc_unified_core\results\b50_8_multi_offset\offset_p050\b50_7_offset_window_plan.csv,7,range_001101-001300,1101,1300
B50.8_offset_p050,d:\hpc_project\tdc_unified_core\results\b50_8_multi_offset\offset_p050\b50_7_offset_window_plan.csv,8,range_001251-001450,1251,1450
B50.8_offset_p050,d:\hpc_project\tdc_unified_core\results\b50_8_multi_offset\offset_p050\b50_7_offset_window_plan.csv,9,range_001401-001600,1401,1600
B50.8_offset_p050,d:\hpc_project\tdc_unified_core\results\b50_8_multi_offset\offset_p050\b50_7_offset_window_plan.csv,10,range_001551-001750,1551,1750
B50.8_offset_p050,d:\hpc_project\tdc_unified_core\results\b50_8_multi_offset\offset_p050\b50_7_offset_window_plan.csv,11,range_001701-001900,1701,1900
B50.8_offset_p050,d:\hpc_project\tdc_unified_core\results\b50_8_multi_offset\offset_p050\b50_7_offset_window_plan.csv,12,range_001851-002050,1851,2050
B50.8_offset_p050,d:\hpc_project\tdc_unified_core\results\b50_8_multi_offset\offset_p050\b50_7_offset_window_plan.csv,13,range_002001-002200,2001,2200
B50.8_offset_p050,d:\hpc_project\tdc_unified_core\results\b50_8_multi_offset\offset_p050\b50_7_offset_window_plan.csv,14,range_002151-002350,2151,2350
B50.8_offset_p050,d:\hpc_project\tdc_unified_core\results\b50_8_multi_offset\offset_p050\b50_7_offset_window_plan.csv,15,range_002301-002500,2301,2500
B50.8_offset_p050,d:\hpc_project\tdc_unified_core\results\b50_8_multi_offset\offset_p050\b50_7_offset_window_plan.csv,16,range_002451-002650,2451,2650
B50.8_offset_p050,d:\hpc_project\tdc_unified_core\results\b50_8_multi_offset\offset_p050\b50_7_offset_window_plan.csv,17,range_002601-002800,2601,2800
B50.8_offset_p050,d:\hpc_project\tdc_unified_core\results\b50_8_multi_offset\offset_p050\b50_7_offset_window_plan.csv,18,range_002751-002950,2751,2950
B50.8_offset_p050,d:\hpc_project\tdc_unified_core\results\b50_8_multi_offset\offset_p050\b50_7_offset_window_plan.csv,19,range_002901-003100,2901,3100
B50.8_offset_p050,d:\hpc_project\tdc_unified_core\results\b50_8_multi_offset\offset_p050\b50_7_offset_window_plan.csv,20,range_003051-003250,3051,3250
B50.8_offset_p050,d:\hpc_project\tdc_unified_core\results\b50_8_multi_offset\offset_p050\b50_7_offset_window_plan.csv,21,range_003201-003400,3201,3400
B50.8_offset_p050,d:\hpc_project\tdc_unified_core\results\b50_8_multi_offset\offset_p050\b50_7_offset_window_plan.csv,22,range_003351-003550,3351,3550
B50.8_offset_p050,d:\hpc_project\tdc_unified_core\results\b50_8_multi_offset\offset_p050\b50_7_offset_window_plan.csv,23,range_003501-003700,3501,3700
B50.8_offset_p050,d:\hpc_project\tdc_unified_core\results\b50_8_multi_offset\offset_p050\b50_7_offset_window_plan.csv,24,range_003651-003850,3651,3850
B50.8_offset_p050,d:\hpc_project\tdc_unified_core\results\b50_8_multi_offset\offset_p050\b50_7_offset_window_plan.csv,25,range_003801-004000,3801,4000
B50.8_offset_p050,d:\hpc_project\tdc_unified_core\results\b50_8_multi_offset\offset_p050\b50_7_offset_window_plan.csv,26,range_003951-004150,3951,4150
B50.8_offset_p050,d:\hpc_project\tdc_unified_core\results\b50_8_multi_offset\offset_p050\b50_7_offset_window_plan.csv,27,range_004101-004300,4101,4300
B50.8_offset_p050,d:\hpc_project\tdc_unified_core\results\b50_8_multi_offset\offset_p050\b50_7_offset_window_plan.csv,28,range_004251-004450,4251,4450
B50.8_offset_p050,d:\hpc_project\tdc_unified_core\results\b50_8_multi_offset\offset_p050\b50_7_offset_window_plan.csv,29,range_004401-004600,4401,4600
B50.8_offset_p050,d:\hpc_project\tdc_unified_core\results\b50_8_multi_offset\offset_p050\b50_7_offset_window_plan.csv,30,range_004551-004750,4551,4750
B50.8_offset_p050,d:\hpc_project\tdc_unified_core\results\b50_8_multi_offset\offset_p050\b50_7_offset_window_plan.csv,31,range_004701-004900,4701,4900
B50.8_offset_p050,d:\hpc_project\tdc_unified_core\results\b50_8_multi_offset\offset_p050\b50_7_offset_window_plan.csv,32,range_004851-005050,4851,5050
B50.8_offset_p050,d:\hpc_project\tdc_unified_core\results\b50_8_multi_offset\offset_p050\b50_7_offset_window_plan.csv,33,range_005001-005200,5001,5200
B50.8_offset_p050,d:\hpc_project\tdc_unified_core\results\b50_8_multi_offset\offset_p050\b50_7_offset_window_plan.csv,34,range_005151-005350,5151,5350
B50.8_offset_p050,d:\hpc_project\tdc_unified_core\results\b50_8_multi_offset\offset_p050\b50_7_offset_window_plan.csv,35,range_005301-005500,5301,5500
B50.8_offset_p050,d:\hpc_project\tdc_unified_core\results\b50_8_multi_offset\offset_p050\b50_7_offset_window_plan.csv,36,range_005451-005650,5451,5650
B50.8_offset_p050,d:\hpc_project\tdc_unified_core\results\b50_8_multi_offset\offset_p050\b50_7_offset_window_plan.csv,37,range_005601-005800,5601,5800
B50.8_offset_p050,d:\hpc_project\tdc_unified_core\results\b50_8_multi_offset\offset_p050\b50_7_offset_window_plan.csv,38,range_005751-005950,5751,5950
B50.8_offset_p050,d:\hpc_project\tdc_unified_core\results\b50_8_multi_offset\offset_p050\b50_7_offset_window_plan.csv,39,range_005901-006100,5901,6100
B50.8_offset_p050,d:\hpc_project\tdc_unified_core\results\b50_8_multi_offset\offset_p050\b50_7_offset_window_plan.csv,40,range_006051-006250,6051,6250
B50.8_offset_p050,d:\hpc_project\tdc_unified_core\results\b50_8_multi_offset\offset_p050\b50_7_offset_window_plan.csv,41,range_006201-006400,6201,6400
B50.8_offset_p050,d:\hpc_project\tdc_unified_core\results\b50_8_multi_offset\offset_p050\b50_7_offset_window_plan.csv,42,range_006351-006550,6351,6550
B50.8_offset_p050,d:\hpc_project\tdc_unified_core\results\b50_8_multi_offset\offset_p050\b50_7_offset_window_plan.csv,43,range_006501-006700,6501,6700
B50.8_offset_p050,d:\hpc_project\tdc_unified_core\results\b50_8_multi_offset\offset_p050\b50_7_offset_window_plan.csv,44,range_006651-006850,6651,6850
B50.8_offset_p050,d:\hpc_project\tdc_unified_core\results\b50_8_multi_offset\offset_p050\b50_7_offset_window_plan.csv,45,range_006801-007000,6801,7000
B50.8_offset_p050,d:\hpc_project\tdc_unified_core\results\b50_8_multi_offset\offset_p050\b50_7_offset_window_plan.csv,46,range_006951-007150,6951,7150
B50.8_offset_p050,d:\hpc_project\tdc_unified_core\results\b50_8_multi_offset\offset_p050\b50_7_offset_window_plan.csv,47,range_007101-007300,7101,7300
B50.8_offset_p050,d:\hpc_project\tdc_unified_core\results\b50_8_multi_offset\offset_p050\b50_7_offset_window_plan.csv,48,range_007251-007450,7251,7450
B50.8_offset_p050,d:\hpc_project\tdc_unified_core\results\b50_8_multi_offset\offset_p050\b50_7_offset_window_plan.csv,49,range_007401-007600,7401,7600
B50.8_offset_p050,d:\hpc_project\tdc_unified_core\results\b50_8_multi_offset\offset_p050\b50_7_offset_window_plan.csv,50,range_007551-007750,7551,7750
B50.8_offset_p050,d:\hpc_project\tdc_unified_core\results\b50_8_multi_offset\offset_p050\b50_7_offset_window_plan.csv,51,range_007701-007900,7701,7900
B50.8_offset_p050,d:\hpc_project\tdc_unified_core\results\b50_8_multi_offset\offset_p050\b50_7_offset_window_plan.csv,52,range_007851-008050,7851,8050
B50.8_offset_p050,d:\hpc_project\tdc_unified_core\results\b50_8_multi_offset\offset_p050\b50_7_offset_window_plan.csv,53,range_008001-008200,8001,8200
B50.8_offset_p050,d:\hpc_project\tdc_unified_core\results\b50_8_multi_offset\offset_p050\b50_7_offset_window_plan.csv,54,range_008151-008350,8151,8350
B50.8_offset_p050,d:\hpc_project\tdc_unified_core\results\b50_8_multi_offset\offset_p050\b50_7_offset_window_plan.csv,55,range_008301-008500,8301,8500
B50.8_offset_p050,d:\hpc_project\tdc_unified_core\results\b50_8_multi_offset\offset_p050\b50_7_offset_window_plan.csv,56,range_008451-008650,8451,8650
B50.8_offset_p050,d:\hpc_project\tdc_unified_core\results\b50_8_multi_offset\offset_p050\b50_7_offset_window_plan.csv,57,range_008601-008800,8601,8800
B50.8_offset_p050,d:\hpc_project\tdc_unified_core\results\b50_8_multi_offset\offset_p050\b50_7_offset_window_plan.csv,58,range_008751-008950,8751,8950
B50.8_offset_p050,d:\hpc_project\tdc_unified_core\results\b50_8_multi_offset\offset_p050\b50_7_offset_window_plan.csv,59,range_008901-009100,8901,9100
B50.8_offset_p050,d:\hpc_project\tdc_unified_core\results\b50_8_multi_offset\offset_p050\b50_7_offset_window_plan.csv,60,range_009051-009250,9051,9250
B50.8_offset_p050,d:\hpc_project\tdc_unified_core\results\b50_8_multi_offset\offset_p050\b50_7_offset_window_plan.csv,61,range_009201-009400,9201,9400
B50.8_offset_p050,d:\hpc_project\tdc_unified_core\results\b50_8_multi_offset\offset_p050\b50_7_offset_window_plan.csv,62,range_009351-009550,9351,9550
B50.8_offset_p050,d:\hpc_project\tdc_unified_core\results\b50_8_multi_offset\offset_p050\b50_7_offset_window_plan.csv,63,range_009501-009700,9501,9700
B50.8_offset_p050,d:\hpc_project\tdc_unified_core\results\b50_8_multi_offset\offset_p050\b50_7_offset_window_plan.csv,64,range_009651-009850,9651,9850
B50.8_offset_p050,d:\hpc_project\tdc_unified_core\results\b50_8_multi_offset\offset_p050\b50_7_offset_window_plan.csv,65,range_009801-010000,9801,10000
B50.8_offset_p050,d:\hpc_project\tdc_unified_core\results\b50_8_multi_offset\offset_p050\b50_7_offset_window_plan.csv,66,range_009951-010150,9951,10150
B50.8_offset_p050,d:\hpc_project\tdc_unified_core\results\b50_8_multi_offset\offset_p050\b50_7_offset_window_plan.csv,67,range_010101-010300,10101,10300
B50.8_offset_p050,d:\hpc_project\tdc_unified_core\results\b50_8_multi_offset\offset_p050\b50_7_offset_window_plan.csv,68,range_010251-010450,10251,10450
B50.8_offset_p050,d:\hpc_project\tdc_unified_core\results\b50_8_multi_offset\offset_p050\b50_7_offset_window_plan.csv,69,range_010401-010600,10401,10600
B50.8_offset_p050,d:\hpc_project\tdc_unified_core\results\b50_8_multi_offset\offset_p050\b50_7_offset_window_plan.csv,70,range_010551-010750,10551,10750
B50.8_offset_p050,d:\hpc_project\tdc_unified_core\results\b50_8_multi_offset\offset_p050\b50_7_offset_window_plan.csv,71,range_010701-010900,10701,10900
B50.8_offset_p050,d:\hpc_project\tdc_unified_core\results\b50_8_multi_offset\offset_p050\b50_7_offset_window_plan.csv,72,range_010851-011050,10851,11050
B50.8_offset_p050,d:\hpc_project\tdc_unified_core\results\b50_8_multi_offset\offset_p050\b50_7_offset_window_plan.csv,73,range_011001-011200,11001,11200
B50.8_offset_p050,d:\hpc_project\tdc_unified_core\results\b50_8_multi_offset\offset_p050\b50_7_offset_window_plan.csv,74,range_011151-011350,11151,11350
B50.8_offset_p050,d:\hpc_project\tdc_unified_core\results\b50_8_multi_offset\offset_p050\b50_7_offset_window_plan.csv,75,range_011301-011500,11301,11500
B50.8_offset_p050,d:\hpc_project\tdc_unified_core\results\b50_8_multi_offset\offset_p050\b50_7_offset_window_plan.csv,76,range_011451-011650,11451,11650
B50.8_offset_p050,d:\hpc_project\tdc_unified_core\results\b50_8_multi_offset\offset_p050\b50_7_offset_window_plan.csv,77,range_011601-011800,11601,11800
B50.8_offset_p050,d:\hpc_project\tdc_unified_core\results\b50_8_multi_offset\offset_p050\b50_7_offset_window_plan.csv,78,range_011751-011950,11751,11950
B50.8_offset_p050,d:\hpc_project\tdc_unified_core\results\b50_8_multi_offset\offset_p050\b50_7_offset_window_plan.csv,79,range_011901-012100,11901,12100
B50.8_offset_p050,d:\hpc_project\tdc_unified_core\results\b50_8_multi_offset\offset_p050\b50_7_offset_window_plan.csv,80,range_012051-012250,12051,12250
B50.8_offset_p050,d:\hpc_project\tdc_unified_core\results\b50_8_multi_offset\offset_p050\b50_7_offset_window_plan.csv,81,range_012201-012400,12201,12400
B50.8_offset_p050,d:\hpc_project\tdc_unified_core\results\b50_8_multi_offset\offset_p050\b50_7_offset_window_plan.csv,82,range_012351-012550,12351,12550
B50.8_offset_p050,d:\hpc_project\tdc_unified_core\results\b50_8_multi_offset\offset_p050\b50_7_offset_window_plan.csv,83,range_012501-012700,12501,12700
B50.8_offset_p050,d:\hpc_project\tdc_unified_core\results\b50_8_multi_offset\offset_p050\b50_7_offset_window_plan.csv,84,range_012651-012850,12651,12850
B50.8_offset_p050,d:\hpc_project\tdc_unified_core\results\b50_8_multi_offset\offset_p050\b50_7_offset_window_plan.csv,85,range_012801-013000,12801,13000
B50.8_offset_p050,d:\hpc_project\tdc_unified_core\results\b50_8_multi_offset\offset_p050\b50_7_offset_window_plan.csv,86,range_012951-013150,12951,13150
B50.8_offset_p050,d:\hpc_project\tdc_unified_core\results\b50_8_multi_offset\offset_p050\b50_7_offset_window_plan.csv,87,range_013101-013300,13101,13300
B50.8_offset_p050,d:\hpc_project\tdc_unified_core\results\b50_8_multi_offset\offset_p050\b50_7_offset_window_plan.csv,88,range_013251-013450,13251,13450
B50.8_offset_p050,d:\hpc_project\tdc_unified_core\results\b50_8_multi_offset\offset_p050\b50_7_offset_window_plan.csv,89,range_013401-013600,13401,13600
B50.8_offset_p050,d:\hpc_project\tdc_unified_core\results\b50_8_multi_offset\offset_p050\b50_7_offset_window_plan.csv,90,range_013551-013750,13551,13750
B50.8_offset_p050,d:\hpc_project\tdc_unified_core\results\b50_8_multi_offset\offset_p050\b50_7_offset_window_plan.csv,91,range_013701-013900,13701,13900
B50.8_offset_p050,d:\hpc_project\tdc_unified_core\results\b50_8_multi_offset\offset_p050\b50_7_offset_window_plan.csv,92,range_013851-014050,13851,14050
B50.8_offset_p050,d:\hpc_project\tdc_unified_core\results\b50_8_multi_offset\offset_p050\b50_7_offset_window_plan.csv,93,range_014001-014200,14001,14200
B50.8_offset_p050,d:\hpc_project\tdc_unified_core\results\b50_8_multi_offset\offset_p050\b50_7_offset_window_plan.csv,94,range_014151-014350,14151,14350
B50.8_offset_p050,d:\hpc_project\tdc_unified_core\results\b50_8_multi_offset\offset_p050\b50_7_offset_window_plan.csv,95,range_014301-014500,14301,14500
B50.8_offset_p050,d:\hpc_project\tdc_unified_core\results\b50_8_multi_offset\offset_p050\b50_7_offset_window_plan.csv,96,range_014451-014650,14451,14650
B50.8_offset_p050,d:\hpc_project\tdc_unified_core\results\b50_8_multi_offset\offset_p050\b50_7_offset_window_plan.csv,97,range_014601-014800,14601,14800
B50.8_offset_p050,d:\hpc_project\tdc_unified_core\results\b50_8_multi_offset\offset_p050\b50_7_offset_window_plan.csv,98,range_014751-014950,14751,14950
B50.8_offset_p050,d:\hpc_project\tdc_unified_core\results\b50_8_multi_offset\offset_p050\b50_7_offset_window_plan.csv,99,range_014901-015100,14901,15100
B50.8_offset_p050,d:\hpc_project\tdc_unified_core\results\b50_8_multi_offset\offset_p050\b50_7_offset_window_plan.csv,100,range_015051-015250,15051,15250
B50.8_offset_p050,d:\hpc_project\tdc_unified_core\results\b50_8_multi_offset\offset_p050\b50_7_offset_window_plan.csv,101,range_015201-015400,15201,15400
B50.8_offset_p050,d:\hpc_project\tdc_unified_core\results\b50_8_multi_offset\offset_p050\b50_7_offset_window_plan.csv,102,range_015351-015550,15351,15550
B50.8_offset_p050,d:\hpc_project\tdc_unified_core\results\b50_8_multi_offset\offset_p050\b50_7_offset_window_plan.csv,103,range_015501-015700,15501,15700
B50.8_offset_p050,d:\hpc_project\tdc_unified_core\results\b50_8_multi_offset\offset_p050\b50_7_offset_window_plan.csv,104,range_015651-015850,15651,15850
B50.8_offset_p050,d:\hpc_project\tdc_unified_core\results\b50_8_multi_offset\offset_p050\b50_7_offset_window_plan.csv,105,range_015801-016000,15801,16000
B50.8_offset_p050,d:\hpc_project\tdc_unified_core\results\b50_8_multi_offset\offset_p050\b50_7_offset_window_plan.csv,106,range_015951-016150,15951,16150
B50.8_offset_p050,d:\hpc_project\tdc_unified_core\results\b50_8_multi_offset\offset_p050\b50_7_offset_window_plan.csv,107,range_016101-016300,16101,16300
B50.8_offset_p050,d:\hpc_project\tdc_unified_core\results\b50_8_multi_offset\offset_p050\b50_7_offset_window_plan.csv,108,range_016251-016450,16251,16450
B50.8_offset_p050,d:\hpc_project\tdc_unified_core\results\b50_8_multi_offset\offset_p050\b50_7_offset_window_plan.csv,109,range_016401-016600,16401,16600
B50.8_offset_p050,d:\hpc_project\tdc_unified_core\results\b50_8_multi_offset\offset_p050\b50_7_offset_window_plan.csv,110,range_016551-016750,16551,16750
B50.8_offset_p050,d:\hpc_project\tdc_unified_core\results\b50_8_multi_offset\offset_p050\b50_7_offset_window_plan.csv,111,range_016701-016900,16701,16900
B50.8_offset_p050,d:\hpc_project\tdc_unified_core\results\b50_8_multi_offset\offset_p050\b50_7_offset_window_plan.csv,112,range_016851-017050,16851,17050
B50.8_offset_p050,d:\hpc_project\tdc_unified_core\results\b50_8_multi_offset\offset_p050\b50_7_offset_window_plan.csv,113,range_017001-017200,17001,17200
B50.8_offset_p050,d:\hpc_project\tdc_unified_core\results\b50_8_multi_offset\offset_p050\b50_7_offset_window_plan.csv,114,range_017151-017350,17151,17350
B50.8_offset_p050,d:\hpc_project\tdc_unified_core\results\b50_8_multi_offset\offset_p050\b50_7_offset_window_plan.csv,115,range_017301-017500,17301,17500
B50.8_offset_p050,d:\hpc_project\tdc_unified_core\results\b50_8_multi_offset\offset_p050\b50_7_offset_window_plan.csv,116,range_017451-017650,17451,17650
B50.8_offset_p050,d:\hpc_project\tdc_unified_core\results\b50_8_multi_offset\offset_p050\b50_7_offset_window_plan.csv,117,range_017601-017800,17601,17800
B50.8_offset_p050,d:\hpc_project\tdc_unified_core\results\b50_8_multi_offset\offset_p050\b50_7_offset_window_plan.csv,118,range_017751-017950,17751,17950
B50.8_offset_p050,d:\hpc_project\tdc_unified_core\results\b50_8_multi_offset\offset_p050\b50_7_offset_window_plan.csv,119,range_017901-018100,17901,18100
B50.8_offset_p050,d:\hpc_project\tdc_unified_core\results\b50_8_multi_offset\offset_p050\b50_7_offset_window_plan.csv,120,range_018051-018250,18051,18250
B50.8_offset_p050,d:\hpc_project\tdc_unified_core\results\b50_8_multi_offset\offset_p050\b50_7_offset_window_plan.csv,121,range_018201-018400,18201,18400
B50.8_offset_p050,d:\hpc_project\tdc_unified_core\results\b50_8_multi_offset\offset_p050\b50_7_offset_window_plan.csv,122,range_018351-018550,18351,18550
B50.8_offset_p050,d:\hpc_project\tdc_unified_core\results\b50_8_multi_offset\offset_p050\b50_7_offset_window_plan.csv,123,range_018501-018700,18501,18700
B50.8_offset_p050,d:\hpc_project\tdc_unified_core\results\b50_8_multi_offset\offset_p050\b50_7_offset_window_plan.csv,124,range_018651-018850,18651,18850
B50.8_offset_p050,d:\hpc_project\tdc_unified_core\results\b50_8_multi_offset\offset_p050\b50_7_offset_window_plan.csv,125,range_018801-019000,18801,19000
B50.8_offset_p050,d:\hpc_project\tdc_unified_core\results\b50_8_multi_offset\offset_p050\b50_7_offset_window_plan.csv,126,range_018951-019150,18951,19150
B50.8_offset_p050,d:\hpc_project\tdc_unified_core\results\b50_8_multi_offset\offset_p050\b50_7_offset_window_plan.csv,127,range_019101-019300,19101,19300
B50.8_offset_p050,d:\hpc_project\tdc_unified_core\results\b50_8_multi_offset\offset_p050\b50_7_offset_window_plan.csv,128,range_019251-019450,19251,19450
B50.8_offset_p050,d:\hpc_project\tdc_unified_core\results\b50_8_multi_offset\offset_p050\b50_7_offset_window_plan.csv,129,range_019401-019600,19401,19600
B50.8_offset_p050,d:\hpc_project\tdc_unified_core\results\b50_8_multi_offset\offset_p050\b50_7_offset_window_plan.csv,130,range_019551-019750,19551,19750
B50.8_offset_p050,d:\hpc_project\tdc_unified_core\results\b50_8_multi_offset\offset_p050\b50_7_offset_window_plan.csv,131,range_019701-019900,19701,19900
B50.8_offset_p050,d:\hpc_project\tdc_unified_core\results\b50_8_multi_offset\offset_p050\b50_7_offset_window_plan.csv,132,range_019851-020050,19851,20050
B50.8_offset_p050,d:\hpc_project\tdc_unified_core\results\b50_8_multi_offset\offset_p050\b50_7_offset_window_plan.csv,133,range_020001-020200,20001,20200
B50.8_offset_p050,d:\hpc_project\tdc_unified_core\results\b50_8_multi_offset\offset_p050\b50_7_offset_window_plan.csv,134,range_020151-020350,20151,20350
B50.8_offset_p050,d:\hpc_project\tdc_unified_core\results\b50_8_multi_offset\offset_p050\b50_7_offset_window_plan.csv,135,range_020301-020500,20301,20500
B50.8_offset_p050,d:\hpc_project\tdc_unified_core\results\b50_8_multi_offset\offset_p050\b50_7_offset_window_plan.csv,136,range_020451-020650,20451,20650
B50.8_offset_p050,d:\hpc_project\tdc_unified_core\results\b50_8_multi_offset\offset_p050\b50_7_offset_window_plan.csv,137,range_020601-020800,20601,20800
B50.8_offset_p050,d:\hpc_project\tdc_unified_core\results\b50_8_multi_offset\offset_p050\b50_7_offset_window_plan.csv,138,range_020751-020950,20751,20950
B50.8_offset_p050,d:\hpc_project\tdc_unified_core\results\b50_8_multi_offset\offset_p050\b50_7_offset_window_plan.csv,139,range_020901-021100,20901,21100
B50.8_offset_p050,d:\hpc_project\tdc_unified_core\results\b50_8_multi_offset\offset_p050\b50_7_offset_window_plan.csv,140,range_021051-021250,21051,21250
B50.8_offset_p050,d:\hpc_project\tdc_unified_core\results\b50_8_multi_offset\offset_p050\b50_7_offset_window_plan.csv,141,range_021201-021400,21201,21400
B50.8_offset_p050,d:\hpc_project\tdc_unified_core\results\b50_8_multi_offset\offset_p050\b50_7_offset_window_plan.csv,142,range_021351-021550,21351,21550
B50.8_offset_p050,d:\hpc_project\tdc_unified_core\results\b50_8_multi_offset\offset_p050\b50_7_offset_window_plan.csv,143,range_021501-021700,21501,21700
B50.8_offset_p050,d:\hpc_project\tdc_unified_core\results\b50_8_multi_offset\offset_p050\b50_7_offset_window_plan.csv,144,range_021651-021850,21651,21850
B50.8_offset_p050,d:\hpc_project\tdc_unified_core\results\b50_8_multi_offset\offset_p050\b50_7_offset_window_plan.csv,145,range_021801-022000,21801,22000
B50.8_offset_p050,d:\hpc_project\tdc_unified_core\results\b50_8_multi_offset\offset_p050\b50_7_offset_window_plan.csv,146,range_021951-022150,21951,22150
B50.8_offset_p050,d:\hpc_project\tdc_unified_core\results\b50_8_multi_offset\offset_p050\b50_7_offset_window_plan.csv,147,range_022101-022300,22101,22300
B50.8_offset_p050,d:\hpc_project\tdc_unified_core\results\b50_8_multi_offset\offset_p050\b50_7_offset_window_plan.csv,148,range_022251-022450,22251,22450
B50.8_offset_p050,d:\hpc_project\tdc_unified_core\results\b50_8_multi_offset\offset_p050\b50_7_offset_window_plan.csv,149,range_022401-022600,22401,22600
B50.8_offset_p050,d:\hpc_project\tdc_unified_core\results\b50_8_multi_offset\offset_p050\b50_7_offset_window_plan.csv,150,range_022551-022750,22551,22750
B50.8_offset_p050,d:\hpc_project\tdc_unified_core\results\b50_8_multi_offset\offset_p050\b50_7_offset_window_plan.csv,151,range_022701-022900,22701,22900
B50.8_offset_p050,d:\hpc_project\tdc_unified_core\results\b50_8_multi_offset\offset_p050\b50_7_offset_window_plan.csv,152,range_022851-023050,22851,23050
B50.8_offset_p050,d:\hpc_project\tdc_unified_core\results\b50_8_multi_offset\offset_p050\b50_7_offset_window_plan.csv,153,range_023001-023200,23001,23200
B50.8_offset_p050,d:\hpc_project\tdc_unified_core\results\b50_8_multi_offset\offset_p050\b50_7_offset_window_plan.csv,154,range_023151-023350,23151,23350
B50.8_offset_p050,d:\hpc_project\tdc_unified_core\results\b50_8_multi_offset\offset_p050\b50_7_offset_window_plan.csv,155,range_023301-023500,23301,23500
B50.8_offset_p050,d:\hpc_project\tdc_unified_core\results\b50_8_multi_offset\offset_p050\b50_7_offset_window_plan.csv,156,range_023451-023650,23451,23650
B50.8_offset_p050,d:\hpc_project\tdc_unified_core\results\b50_8_multi_offset\offset_p050\b50_7_offset_window_plan.csv,157,range_023601-023800,23601,23800
B50.8_offset_p050,d:\hpc_project\tdc_unified_core\results\b50_8_multi_offset\offset_p050\b50_7_offset_window_plan.csv,158,range_023751-023950,23751,23950
B50.8_offset_p050,d:\hpc_project\tdc_unified_core\results\b50_8_multi_offset\offset_p050\b50_7_offset_window_plan.csv,159,range_023901-024100,23901,24100
B50.8_offset_p050,d:\hpc_project\tdc_unified_core\results\b50_8_multi_offset\offset_p050\b50_7_offset_window_plan.csv,160,range_024051-024250,24051,24250
B50.8_offset_p050,d:\hpc_project\tdc_unified_core\results\b50_8_multi_offset\offset_p050\b50_7_offset_window_plan.csv,161,range_024201-024400,24201,24400
B50.8_offset_p050,d:\hpc_project\tdc_unified_core\results\b50_8_multi_offset\offset_p050\b50_7_offset_window_plan.csv,162,range_024351-024550,24351,24550
B50.8_offset_p050,d:\hpc_project\tdc_unified_core\results\b50_8_multi_offset\offset_p050\b50_7_offset_window_plan.csv,163,range_024501-024700,24501,24700
B50.8_offset_p050,d:\hpc_project\tdc_unified_core\results\b50_8_multi_offset\offset_p050\b50_7_offset_window_plan.csv,164,range_024651-024850,24651,24850
B50.8_offset_p050,d:\hpc_project\tdc_unified_core\results\b50_8_multi_offset\offset_p050\b50_7_offset_window_plan.csv,165,range_024801-025000,24801,25000
B50.8_offset_p050,d:\hpc_project\tdc_unified_core\results\b50_8_multi_offset\offset_p050\b50_7_offset_window_plan.csv,166,range_024951-025150,24951,25150
B50.8_offset_p050,d:\hpc_project\tdc_unified_core\results\b50_8_multi_offset\offset_p050\b50_7_offset_window_plan.csv,167,range_025101-025300,25101,25300
B50.8_offset_p050,d:\hpc_project\tdc_unified_core\results\b50_8_multi_offset\offset_p050\b50_7_offset_window_plan.csv,168,range_025251-025450,25251,25450
B50.8_offset_p050,d:\hpc_project\tdc_unified_core\results\b50_8_multi_offset\offset_p050\b50_7_offset_window_plan.csv,169,range_025401-025600,25401,25600
B50.8_offset_p050,d:\hpc_project\tdc_unified_core\results\b50_8_multi_offset\offset_p050\b50_7_offset_window_plan.csv,170,range_025551-025750,25551,25750
B50.8_offset_p050,d:\hpc_project\tdc_unified_core\results\b50_8_multi_offset\offset_p050\b50_7_offset_window_plan.csv,171,range_025701-025900,25701,25900
B50.8_offset_p050,d:\hpc_project\tdc_unified_core\results\b50_8_multi_offset\offset_p050\b50_7_offset_window_plan.csv,172,range_025851-026050,25851,26050
B50.8_offset_p050,d:\hpc_project\tdc_unified_core\results\b50_8_multi_offset\offset_p050\b50_7_offset_window_plan.csv,173,range_026001-026200,26001,26200
B50.8_offset_p050,d:\hpc_project\tdc_unified_core\results\b50_8_multi_offset\offset_p050\b50_7_offset_window_plan.csv,174,range_026151-026350,26151,26350
B50.8_offset_p050,d:\hpc_project\tdc_unified_core\results\b50_8_multi_offset\offset_p050\b50_7_offset_window_plan.csv,175,range_026301-026500,26301,26500
B50.8_offset_p050,d:\hpc_project\tdc_unified_core\results\b50_8_multi_offset\offset_p050\b50_7_offset_window_plan.csv,176,range_026451-026650,26451,26650
B50.8_offset_p050,d:\hpc_project\tdc_unified_core\results\b50_8_multi_offset\offset_p050\b50_7_offset_window_plan.csv,177,range_026601-026800,26601,26800
B50.8_offset_p050,d:\hpc_project\tdc_unified_core\results\b50_8_multi_offset\offset_p050\b50_7_offset_window_plan.csv,178,range_026751-026950,26751,26950
B50.8_offset_p050,d:\hpc_project\tdc_unified_core\results\b50_8_multi_offset\offset_p050\b50_7_offset_window_plan.csv,179,range_026901-027100,26901,27100
B50.8_offset_p050,d:\hpc_project\tdc_unified_core\results\b50_8_multi_offset\offset_p050\b50_7_offset_window_plan.csv,180,range_027051-027250,27051,27250
B50.8_offset_p050,d:\hpc_project\tdc_unified_core\results\b50_8_multi_offset\offset_p050\b50_7_offset_window_plan.csv,181,range_027201-027400,27201,27400
B50.8_offset_p050,d:\hpc_project\tdc_unified_core\results\b50_8_multi_offset\offset_p050\b50_7_offset_window_plan.csv,182,range_027351-027550,27351,27550
B50.8_offset_p050,d:\hpc_project\tdc_unified_core\results\b50_8_multi_offset\offset_p050\b50_7_offset_window_plan.csv,183,range_027501-027700,27501,27700
B50.8_offset_p050,d:\hpc_project\tdc_unified_core\results\b50_8_multi_offset\offset_p050\b50_7_offset_window_plan.csv,184,range_027651-027850,27651,27850
B50.8_offset_p050,d:\hpc_project\tdc_unified_core\results\b50_8_multi_offset\offset_p050\b50_7_offset_window_plan.csv,185,range_027801-028000,27801,28000
B50.8_offset_p050,d:\hpc_project\tdc_unified_core\results\b50_8_multi_offset\offset_p050\b50_7_offset_window_plan.csv,186,range_027951-028150,27951,28150
B50.8_offset_p050,d:\hpc_project\tdc_unified_core\results\b50_8_multi_offset\offset_p050\b50_7_offset_window_plan.csv,187,range_028101-028300,28101,28300
B50.8_offset_p050,d:\hpc_project\tdc_unified_core\results\b50_8_multi_offset\offset_p050\b50_7_offset_window_plan.csv,188,range_028251-028450,28251,28450
B50.8_offset_p050,d:\hpc_project\tdc_unified_core\results\b50_8_multi_offset\offset_p050\b50_7_offset_window_plan.csv,189,range_028401-028600,28401,28600
B50.8_offset_p050,d:\hpc_project\tdc_unified_core\results\b50_8_multi_offset\offset_p050\b50_7_offset_window_plan.csv,190,range_028551-028750,28551,28750
B50.8_offset_p050,d:\hpc_project\tdc_unified_core\results\b50_8_multi_offset\offset_p050\b50_7_offset_window_plan.csv,191,range_028701-028900,28701,28900
B50.8_offset_p050,d:\hpc_project\tdc_unified_core\results\b50_8_multi_offset\offset_p050\b50_7_offset_window_plan.csv,192,range_028851-029050,28851,29050
B50.8_offset_p050,d:\hpc_project\tdc_unified_core\results\b50_8_multi_offset\offset_p050\b50_7_offset_window_plan.csv,193,range_029001-029200,29001,29200
B50.8_offset_p050,d:\hpc_project\tdc_unified_core\results\b50_8_multi_offset\offset_p050\b50_7_offset_window_plan.csv,194,range_029151-029350,29151,29350
B50.8_offset_p050,d:\hpc_project\tdc_unified_core\results\b50_8_multi_offset\offset_p050\b50_7_offset_window_plan.csv,195,range_029301-029500,29301,29500
B50.8_offset_p050,d:\hpc_project\tdc_unified_core\results\b50_8_multi_offset\offset_p050\b50_7_offset_window_plan.csv,196,range_029451-029650,29451,29650
B50.8_offset_p050,d:\hpc_project\tdc_unified_core\results\b50_8_multi_offset\offset_p050\b50_7_offset_window_plan.csv,197,range_029601-029800,29601,29800
B50.8_offset_p050,d:\hpc_project\tdc_unified_core\results\b50_8_multi_offset\offset_p050\b50_7_offset_window_plan.csv,198,range_029751-029950,29751,29950
B50.8_offset_p050,d:\hpc_project\tdc_unified_core\results\b50_8_multi_offset\offset_p050\b50_7_offset_window_plan.csv,199,range_029901-030100,29901,30100
B50.8_offset_p050,d:\hpc_project\tdc_unified_core\results\b50_8_multi_offset\offset_p050\b50_7_offset_window_plan.csv,200,range_030051-030250,30051,30250
B50.8_offset_p050,d:\hpc_project\tdc_unified_core\results\b50_8_multi_offset\offset_p050\b50_7_offset_window_plan.csv,201,range_030201-030400,30201,30400
B50.8_offset_p050,d:\hpc_project\tdc_unified_core\results\b50_8_multi_offset\offset_p050\b50_7_offset_window_plan.csv,202,range_030351-030550,30351,30550
B50.8_offset_p050,d:\hpc_project\tdc_unified_core\results\b50_8_multi_offset\offset_p050\b50_7_offset_window_plan.csv,203,range_030501-030700,30501,30700
B50.8_offset_p050,d:\hpc_project\tdc_unified_core\results\b50_8_multi_offset\offset_p050\b50_7_offset_window_plan.csv,204,range_030651-030850,30651,30850
B50.8_offset_p050,d:\hpc_project\tdc_unified_core\results\b50_8_multi_offset\offset_p050\b50_7_offset_window_plan.csv,205,range_030801-031000,30801,31000
B50.8_offset_p050,d:\hpc_project\tdc_unified_core\results\b50_8_multi_offset\offset_p050\b50_7_offset_window_plan.csv,206,range_030951-031150,30951,31150
B50.8_offset_p050,d:\hpc_project\tdc_unified_core\results\b50_8_multi_offset\offset_p050\b50_7_offset_window_plan.csv,207,range_031101-031300,31101,31300
B50.8_offset_p050,d:\hpc_project\tdc_unified_core\results\b50_8_multi_offset\offset_p050\b50_7_offset_window_plan.csv,208,range_031251-031450,31251,31450
B50.8_offset_p050,d:\hpc_project\tdc_unified_core\results\b50_8_multi_offset\offset_p050\b50_7_offset_window_plan.csv,209,range_031401-031600,31401,31600
B50.8_offset_p050,d:\hpc_project\tdc_unified_core\results\b50_8_multi_offset\offset_p050\b50_7_offset_window_plan.csv,210,range_031551-031750,31551,31750
B50.8_offset_p050,d:\hpc_project\tdc_unified_core\results\b50_8_multi_offset\offset_p050\b50_7_offset_window_plan.csv,211,range_031701-031900,31701,31900
B50.8_offset_p050,d:\hpc_project\tdc_unified_core\results\b50_8_multi_offset\offset_p050\b50_7_offset_window_plan.csv,212,range_031851-032050,31851,32050
B50.8_offset_p050,d:\hpc_project\tdc_unified_core\results\b50_8_multi_offset\offset_p050\b50_7_offset_window_plan.csv,213,range_032001-032200,32001,32200
B50.8_offset_p050,d:\hpc_project\tdc_unified_core\results\b50_8_multi_offset\offset_p050\b50_7_offset_window_plan.csv,214,range_032151-032350,32151,32350
B50.8_offset_p050,d:\hpc_project\tdc_unified_core\results\b50_8_multi_offset\offset_p050\b50_7_offset_window_plan.csv,215,range_032301-032500,32301,32500
B50.8_offset_p050,d:\hpc_project\tdc_unified_core\results\b50_8_multi_offset\offset_p050\b50_7_offset_window_plan.csv,216,range_032451-032650,32451,32650
B50.8_offset_p050,d:\hpc_project\tdc_unified_core\results\b50_8_multi_offset\offset_p050\b50_7_offset_window_plan.csv,217,range_032601-032800,32601,32800
B50.8_offset_p050,d:\hpc_project\tdc_unified_core\results\b50_8_multi_offset\offset_p050\b50_7_offset_window_plan.csv,218,range_032751-032950,32751,32950
B50.8_offset_p050,d:\hpc_project\tdc_unified_core\results\b50_8_multi_offset\offset_p050\b50_7_offset_window_plan.csv,219,range_032901-033100,32901,33100
B50.8_offset_p050,d:\hpc_project\tdc_unified_core\results\b50_8_multi_offset\offset_p050\b50_7_offset_window_plan.csv,220,range_033051-033250,33051,33250
B50.8_offset_p050,d:\hpc_project\tdc_unified_core\results\b50_8_multi_offset\offset_p050\b50_7_offset_window_plan.csv,221,range_033201-033400,33201,33400
B50.8_offset_p050,d:\hpc_project\tdc_unified_core\results\b50_8_multi_offset\offset_p050\b50_7_offset_window_plan.csv,222,range_033351-033550,33351,33550
B50.8_offset_p050,d:\hpc_project\tdc_unified_core\results\b50_8_multi_offset\offset_p050\b50_7_offset_window_plan.csv,223,range_033501-033700,33501,33700
B50.8_offset_p050,d:\hpc_project\tdc_unified_core\results\b50_8_multi_offset\offset_p050\b50_7_offset_window_plan.csv,224,range_033651-033850,33651,33850
B50.8_offset_p050,d:\hpc_project\tdc_unified_core\results\b50_8_multi_offset\offset_p050\b50_7_offset_window_plan.csv,225,range_033801-034000,33801,34000
B50.8_offset_p050,d:\hpc_project\tdc_unified_core\results\b50_8_multi_offset\offset_p050\b50_7_offset_window_plan.csv,226,range_033951-034150,33951,34150
B50.8_offset_p050,d:\hpc_project\tdc_unified_core\results\b50_8_multi_offset\offset_p050\b50_7_offset_window_plan.csv,227,range_034101-034300,34101,34300
B50.8_offset_p050,d:\hpc_project\tdc_unified_core\results\b50_8_multi_offset\offset_p050\b50_7_offset_window_plan.csv,228,range_034251-034450,34251,34450
B50.8_offset_p050,d:\hpc_project\tdc_unified_core\results\b50_8_multi_offset\offset_p050\b50_7_offset_window_plan.csv,229,range_034401-034600,34401,34600
B50.8_offset_p050,d:\hpc_project\tdc_unified_core\results\b50_8_multi_offset\offset_p050\b50_7_offset_window_plan.csv,230,range_034551-034750,34551,34750
B50.8_offset_p050,d:\hpc_project\tdc_unified_core\results\b50_8_multi_offset\offset_p050\b50_7_offset_window_plan.csv,231,range_034701-034900,34701,34900
B50.8_offset_p050,d:\hpc_project\tdc_unified_core\results\b50_8_multi_offset\offset_p050\b50_7_offset_window_plan.csv,232,range_034851-035050,34851,35050
B50.8_offset_p050,d:\hpc_project\tdc_unified_core\results\b50_8_multi_offset\offset_p050\b50_7_offset_window_plan.csv,233,range_035001-035200,35001,35200
B50.8_offset_p050,d:\hpc_project\tdc_unified_core\results\b50_8_multi_offset\offset_p050\b50_7_offset_window_plan.csv,234,range_035151-035350,35151,35350
B50.8_offset_p050,d:\hpc_project\tdc_unified_core\results\b50_8_multi_offset\offset_p050\b50_7_offset_window_plan.csv,235,range_035301-035500,35301,35500
B50.8_offset_p050,d:\hpc_project\tdc_unified_core\results\b50_8_multi_offset\offset_p050\b50_7_offset_window_plan.csv,236,range_035451-035650,35451,35650
B50.8_offset_p050,d:\hpc_project\tdc_unified_core\results\b50_8_multi_offset\offset_p050\b50_7_offset_window_plan.csv,237,range_035601-035800,35601,35800
B50.8_offset_p050,d:\hpc_project\tdc_unified_core\results\b50_8_multi_offset\offset_p050\b50_7_offset_window_plan.csv,238,range_035751-035950,35751,35950
B50.8_offset_p050,d:\hpc_project\tdc_unified_core\results\b50_8_multi_offset\offset_p050\b50_7_offset_window_plan.csv,239,range_035901-036100,35901,36100
B50.8_offset_p050,d:\hpc_project\tdc_unified_core\results\b50_8_multi_offset\offset_p050\b50_7_offset_window_plan.csv,240,range_036051-036250,36051,36250
B50.8_offset_p050,d:\hpc_project\tdc_unified_core\results\b50_8_multi_offset\offset_p050\b50_7_offset_window_plan.csv,241,range_036201-036400,36201,36400
B50.8_offset_p050,d:\hpc_project\tdc_unified_core\results\b50_8_multi_offset\offset_p050\b50_7_offset_window_plan.csv,242,range_036351-036550,36351,36550
B50.8_offset_p050,d:\hpc_project\tdc_unified_core\results\b50_8_multi_offset\offset_p050\b50_7_offset_window_plan.csv,243,range_036501-036700,36501,36700
B50.8_offset_p050,d:\hpc_project\tdc_unified_core\results\b50_8_multi_offset\offset_p050\b50_7_offset_window_plan.csv,244,range_036651-036850,36651,36850
B50.8_offset_p050,d:\hpc_project\tdc_unified_core\results\b50_8_multi_offset\offset_p050\b50_7_offset_window_plan.csv,245,range_036801-037000,36801,37000
B50.8_offset_p050,d:\hpc_project\tdc_unified_core\results\b50_8_multi_offset\offset_p050\b50_7_offset_window_plan.csv,246,range_036951-037150,36951,37150
B50.8_offset_p050,d:\hpc_project\tdc_unified_core\results\b50_8_multi_offset\offset_p050\b50_7_offset_window_plan.csv,247,range_037101-037300,37101,37300
B50.8_offset_p050,d:\hpc_project\tdc_unified_core\results\b50_8_multi_offset\offset_p050\b50_7_offset_window_plan.csv,248,range_037251-037450,37251,37450
B50.8_offset_p050,d:\hpc_project\tdc_unified_core\results\b50_8_multi_offset\offset_p050\b50_7_offset_window_plan.csv,249,range_037401-037600,37401,37600
B50.8_offset_p050,d:\hpc_project\tdc_unified_core\results\b50_8_multi_offset\offset_p050\b50_7_offset_window_plan.csv,250,range_037551-037750,37551,37750
B50.8_offset_p050,d:\hpc_project\tdc_unified_core\results\b50_8_multi_offset\offset_p050\b50_7_offset_window_plan.csv,251,range_037701-037900,37701,37900
B50.8_offset_p050,d:\hpc_project\tdc_unified_core\results\b50_8_multi_offset\offset_p050\b50_7_offset_window_plan.csv,252,range_037851-038050,37851,38050
B50.8_offset_p050,d:\hpc_project\tdc_unified_core\results\b50_8_multi_offset\offset_p050\b50_7_offset_window_plan.csv,253,range_038001-038200,38001,38200
B50.8_offset_p050,d:\hpc_project\tdc_unified_core\results\b50_8_multi_offset\offset_p050\b50_7_offset_window_plan.csv,254,range_038151-038350,38151,38350
B50.8_offset_p050,d:\hpc_project\tdc_unified_core\results\b50_8_multi_offset\offset_p050\b50_7_offset_window_plan.csv,255,range_038301-038500,38301,38500
B50.8_offset_p050,d:\hpc_project\tdc_unified_core\results\b50_8_multi_offset\offset_p050\b50_7_offset_window_plan.csv,256,range_038451-038650,38451,38650
B50.8_offset_p050,d:\hpc_project\tdc_unified_core\results\b50_8_multi_offset\offset_p050\b50_7_offset_window_plan.csv,257,range_038601-038800,38601,38800
B50.8_offset_p050,d:\hpc_project\tdc_unified_core\results\b50_8_multi_offset\offset_p050\b50_7_offset_window_plan.csv,258,range_038751-038950,38751,38950
B50.8_offset_p050,d:\hpc_project\tdc_unified_core\results\b50_8_multi_offset\offset_p050\b50_7_offset_window_plan.csv,259,range_038901-039100,38901,39100
B50.8_offset_p050,d:\hpc_project\tdc_unified_core\results\b50_8_multi_offset\offset_p050\b50_7_offset_window_plan.csv,260,range_039051-039250,39051,39250
B50.8_offset_p050,d:\hpc_project\tdc_unified_core\results\b50_8_multi_offset\offset_p050\b50_7_offset_window_plan.csv,261,range_039201-039400,39201,39400
B50.8_offset_p050,d:\hpc_project\tdc_unified_core\results\b50_8_multi_offset\offset_p050\b50_7_offset_window_plan.csv,262,range_039351-039550,39351,39550
B50.8_offset_p050,d:\hpc_project\tdc_unified_core\results\b50_8_multi_offset\offset_p050\b50_7_offset_window_plan.csv,263,range_039501-039700,39501,39700
B50.8_offset_p050,d:\hpc_project\tdc_unified_core\results\b50_8_multi_offset\offset_p050\b50_7_offset_window_plan.csv,264,range_039651-039850,39651,39850
B50.8_offset_p050,d:\hpc_project\tdc_unified_core\results\b50_8_multi_offset\offset_p050\b50_7_offset_window_plan.csv,265,range_039801-040000,39801,40000
B50.8_offset_p050,d:\hpc_project\tdc_unified_core\results\b50_8_multi_offset\offset_p050\b50_7_offset_window_plan.csv,266,range_039951-040150,39951,40150
B50.8_offset_p050,d:\hpc_project\tdc_unified_core\results\b50_8_multi_offset\offset_p050\b50_7_offset_window_plan.csv,267,range_040101-040300,40101,40300
B50.8_offset_p050,d:\hpc_project\tdc_unified_core\results\b50_8_multi_offset\offset_p050\b50_7_offset_window_plan.csv,268,range_040251-040450,40251,40450
B50.8_offset_p050,d:\hpc_project\tdc_unified_core\results\b50_8_multi_offset\offset_p050\b50_7_offset_window_plan.csv,269,range_040401-040600,40401,40600
B50.8_offset_p050,d:\hpc_project\tdc_unified_core\results\b50_8_multi_offset\offset_p050\b50_7_offset_window_plan.csv,270,range_040551-040750,40551,40750
B50.8_offset_p050,d:\hpc_project\tdc_unified_core\results\b50_8_multi_offset\offset_p050\b50_7_offset_window_plan.csv,271,range_040701-040900,40701,40900
B50.8_offset_p050,d:\hpc_project\tdc_unified_core\results\b50_8_multi_offset\offset_p050\b50_7_offset_window_plan.csv,272,range_040851-041050,40851,41050
B50.8_offset_p050,d:\hpc_project\tdc_unified_core\results\b50_8_multi_offset\offset_p050\b50_7_offset_window_plan.csv,273,range_041001-041200,41001,41200
B50.8_offset_p050,d:\hpc_project\tdc_unified_core\results\b50_8_multi_offset\offset_p050\b50_7_offset_window_plan.csv,274,range_041151-041350,41151,41350
B50.8_offset_p050,d:\hpc_project\tdc_unified_core\results\b50_8_multi_offset\offset_p050\b50_7_offset_window_plan.csv,275,range_041301-041500,41301,41500
B50.8_offset_p050,d:\hpc_project\tdc_unified_core\results\b50_8_multi_offset\offset_p050\b50_7_offset_window_plan.csv,276,range_041451-041650,41451,41650
B50.8_offset_p050,d:\hpc_project\tdc_unified_core\results\b50_8_multi_offset\offset_p050\b50_7_offset_window_plan.csv,277,range_041601-041800,41601,41800
B50.8_offset_p050,d:\hpc_project\tdc_unified_core\results\b50_8_multi_offset\offset_p050\b50_7_offset_window_plan.csv,278,range_041751-041950,41751,41950
B50.8_offset_p050,d:\hpc_project\tdc_unified_core\results\b50_8_multi_offset\offset_p050\b50_7_offset_window_plan.csv,279,range_041901-042100,41901,42100
B50.8_offset_p050,d:\hpc_project\tdc_unified_core\results\b50_8_multi_offset\offset_p050\b50_7_offset_window_plan.csv,280,range_042051-042250,42051,42250
B50.8_offset_p050,d:\hpc_project\tdc_unified_core\results\b50_8_multi_offset\offset_p050\b50_7_offset_window_plan.csv,281,range_042201-042400,42201,42400
B50.8_offset_p050,d:\hpc_project\tdc_unified_core\results\b50_8_multi_offset\offset_p050\b50_7_offset_window_plan.csv,282,range_042351-042550,42351,42550
B50.8_offset_p050,d:\hpc_project\tdc_unified_core\results\b50_8_multi_offset\offset_p050\b50_7_offset_window_plan.csv,283,range_042501-042700,42501,42700
B50.8_offset_p050,d:\hpc_project\tdc_unified_core\results\b50_8_multi_offset\offset_p050\b50_7_offset_window_plan.csv,284,range_042651-042850,42651,42850
B50.8_offset_p050,d:\hpc_project\tdc_unified_core\results\b50_8_multi_offset\offset_p050\b50_7_offset_window_plan.csv,285,range_042801-043000,42801,43000
B50.8_offset_p050,d:\hpc_project\tdc_unified_core\results\b50_8_multi_offset\offset_p050\b50_7_offset_window_plan.csv,286,range_042951-043150,42951,43150
B50.8_offset_p050,d:\hpc_project\tdc_unified_core\results\b50_8_multi_offset\offset_p050\b50_7_offset_window_plan.csv,287,range_043101-043300,43101,43300
B50.8_offset_p050,d:\hpc_project\tdc_unified_core\results\b50_8_multi_offset\offset_p050\b50_7_offset_window_plan.csv,288,range_043251-043450,43251,43450
B50.8_offset_p050,d:\hpc_project\tdc_unified_core\results\b50_8_multi_offset\offset_p050\b50_7_offset_window_plan.csv,289,range_043401-043600,43401,43600
B50.8_offset_p050,d:\hpc_project\tdc_unified_core\results\b50_8_multi_offset\offset_p050\b50_7_offset_window_plan.csv,290,range_043551-043750,43551,43750
B50.8_offset_p050,d:\hpc_project\tdc_unified_core\results\b50_8_multi_offset\offset_p050\b50_7_offset_window_plan.csv,291,range_043701-043900,43701,43900
B50.8_offset_p050,d:\hpc_project\tdc_unified_core\results\b50_8_multi_offset\offset_p050\b50_7_offset_window_plan.csv,292,range_043851-044050,43851,44050
B50.8_offset_p050,d:\hpc_project\tdc_unified_core\results\b50_8_multi_offset\offset_p050\b50_7_offset_window_plan.csv,293,range_044001-044200,44001,44200
B50.8_offset_p050,d:\hpc_project\tdc_unified_core\results\b50_8_multi_offset\offset_p050\b50_7_offset_window_plan.csv,294,range_044151-044350,44151,44350
B50.8_offset_p050,d:\hpc_project\tdc_unified_core\results\b50_8_multi_offset\offset_p050\b50_7_offset_window_plan.csv,295,range_044301-044500,44301,44500
B50.8_offset_p050,d:\hpc_project\tdc_unified_core\results\b50_8_multi_offset\offset_p050\b50_7_offset_window_plan.csv,296,range_044451-044650,44451,44650
B50.8_offset_p050,d:\hpc_project\tdc_unified_core\results\b50_8_multi_offset\offset_p050\b50_7_offset_window_plan.csv,297,range_044601-044800,44601,44800
B50.8_offset_p050,d:\hpc_project\tdc_unified_core\results\b50_8_multi_offset\offset_p050\b50_7_offset_window_plan.csv,298,range_044751-044950,44751,44950
B50.8_offset_p050,d:\hpc_project\tdc_unified_core\results\b50_8_multi_offset\offset_p050\b50_7_offset_window_plan.csv,299,range_044901-045100,44901,45100
B50.8_offset_p050,d:\hpc_project\tdc_unified_core\results\b50_8_multi_offset\offset_p050\b50_7_offset_window_plan.csv,300,range_045051-045250,45051,45250
B50.8_offset_p050,d:\hpc_project\tdc_unified_core\results\b50_8_multi_offset\offset_p050\b50_7_offset_window_plan.csv,301,range_045201-045400,45201,45400
B50.8_offset_p050,d:\hpc_project\tdc_unified_core\results\b50_8_multi_offset\offset_p050\b50_7_offset_window_plan.csv,302,range_045351-045550,45351,45550
B50.8_offset_p050,d:\hpc_project\tdc_unified_core\results\b50_8_multi_offset\offset_p050\b50_7_offset_window_plan.csv,303,range_045501-045700,45501,45700
B50.8_offset_p050,d:\hpc_project\tdc_unified_core\results\b50_8_multi_offset\offset_p050\b50_7_offset_window_plan.csv,304,range_045651-045850,45651,45850
B50.8_offset_p050,d:\hpc_project\tdc_unified_core\results\b50_8_multi_offset\offset_p050\b50_7_offset_window_plan.csv,305,range_045801-046000,45801,46000
B50.8_offset_p050,d:\hpc_project\tdc_unified_core\results\b50_8_multi_offset\offset_p050\b50_7_offset_window_plan.csv,306,range_045951-046150,45951,46150
B50.8_offset_p050,d:\hpc_project\tdc_unified_core\results\b50_8_multi_offset\offset_p050\b50_7_offset_window_plan.csv,307,range_046101-046300,46101,46300
B50.8_offset_p050,d:\hpc_project\tdc_unified_core\results\b50_8_multi_offset\offset_p050\b50_7_offset_window_plan.csv,308,range_046251-046450,46251,46450
B50.8_offset_p050,d:\hpc_project\tdc_unified_core\results\b50_8_multi_offset\offset_p050\b50_7_offset_window_plan.csv,309,range_046401-046600,46401,46600
B50.8_offset_p050,d:\hpc_project\tdc_unified_core\results\b50_8_multi_offset\offset_p050\b50_7_offset_window_plan.csv,310,range_046551-046750,46551,46750
B50.8_offset_p050,d:\hpc_project\tdc_unified_core\results\b50_8_multi_offset\offset_p050\b50_7_offset_window_plan.csv,311,range_046701-046900,46701,46900
B50.8_offset_p050,d:\hpc_project\tdc_unified_core\results\b50_8_multi_offset\offset_p050\b50_7_offset_window_plan.csv,312,range_046851-047050,46851,47050
B50.8_offset_p050,d:\hpc_project\tdc_unified_core\results\b50_8_multi_offset\offset_p050\b50_7_offset_window_plan.csv,313,range_047001-047200,47001,47200
B50.8_offset_p050,d:\hpc_project\tdc_unified_core\results\b50_8_multi_offset\offset_p050\b50_7_offset_window_plan.csv,314,range_047151-047350,47151,47350
B50.8_offset_p050,d:\hpc_project\tdc_unified_core\results\b50_8_multi_offset\offset_p050\b50_7_offset_window_plan.csv,315,range_047301-047500,47301,47500
B50.8_offset_p050,d:\hpc_project\tdc_unified_core\results\b50_8_multi_offset\offset_p050\b50_7_offset_window_plan.csv,316,range_047451-047650,47451,47650
B50.8_offset_p050,d:\hpc_project\tdc_unified_core\results\b50_8_multi_offset\offset_p050\b50_7_offset_window_plan.csv,317,range_047601-047800,47601,47800
B50.8_offset_p050,d:\hpc_project\tdc_unified_core\results\b50_8_multi_offset\offset_p050\b50_7_offset_window_plan.csv,318,range_047751-047950,47751,47950
B50.8_offset_p050,d:\hpc_project\tdc_unified_core\results\b50_8_multi_offset\offset_p050\b50_7_offset_window_plan.csv,319,range_047901-048100,47901,48100
B50.8_offset_p050,d:\hpc_project\tdc_unified_core\results\b50_8_multi_offset\offset_p050\b50_7_offset_window_plan.csv,320,range_048051-048250,48051,48250
B50.8_offset_p050,d:\hpc_project\tdc_unified_core\results\b50_8_multi_offset\offset_p050\b50_7_offset_window_plan.csv,321,range_048201-048400,48201,48400
B50.8_offset_p050,d:\hpc_project\tdc_unified_core\results\b50_8_multi_offset\offset_p050\b50_7_offset_window_plan.csv,322,range_048351-048550,48351,48550
B50.8_offset_p050,d:\hpc_project\tdc_unified_core\results\b50_8_multi_offset\offset_p050\b50_7_offset_window_plan.csv,323,range_048501-048700,48501,48700
B50.8_offset_p050,d:\hpc_project\tdc_unified_core\results\b50_8_multi_offset\offset_p050\b50_7_offset_window_plan.csv,324,range_048651-048850,48651,48850
B50.8_offset_p050,d:\hpc_project\tdc_unified_core\results\b50_8_multi_offset\offset_p050\b50_7_offset_window_plan.csv,325,range_048801-049000,48801,49000
B50.8_offset_p050,d:\hpc_project\tdc_unified_core\results\b50_8_multi_offset\offset_p050\b50_7_offset_window_plan.csv,326,range_048951-049150,48951,49150
B50.8_offset_p050,d:\hpc_project\tdc_unified_core\results\b50_8_multi_offset\offset_p050\b50_7_offset_window_plan.csv,327,range_049101-049300,49101,49300
B50.8_offset_p050,d:\hpc_project\tdc_unified_core\results\b50_8_multi_offset\offset_p050\b50_7_offset_window_plan.csv,328,range_049251-049450,49251,49450
B50.8_offset_p050,d:\hpc_project\tdc_unified_core\results\b50_8_multi_offset\offset_p050\b50_7_offset_window_plan.csv,329,range_049401-049600,49401,49600
B50.8_offset_p050,d:\hpc_project\tdc_unified_core\results\b50_8_multi_offset\offset_p050\b50_7_offset_window_plan.csv,330,range_049551-049750,49551,49750
B50.8_offset_p050,d:\hpc_project\tdc_unified_core\results\b50_8_multi_offset\offset_p050\b50_7_offset_window_plan.csv,331,range_049701-049900,49701,49900
B50.8_offset_p050,d:\hpc_project\tdc_unified_core\results\b50_8_multi_offset\offset_p050\b50_7_offset_window_plan.csv,332,range_049851-050050,49851,50050
B50.8_offset_p050,d:\hpc_project\tdc_unified_core\results\b50_8_multi_offset\offset_p050\b50_7_offset_window_plan.csv,333,range_050001-050200,50001,50200
B50.8_offset_p050,d:\hpc_project\tdc_unified_core\results\b50_8_multi_offset\offset_p050\b50_7_offset_window_plan.csv,334,range_050151-050350,50151,50350
B50.8_offset_p050,d:\hpc_project\tdc_unified_core\results\b50_8_multi_offset\offset_p050\b50_7_offset_window_plan.csv,335,range_050301-050500,50301,50500
B50.8_offset_p050,d:\hpc_project\tdc_unified_core\results\b50_8_multi_offset\offset_p050\b50_7_offset_window_plan.csv,336,range_050451-050650,50451,50650
B50.8_offset_p050,d:\hpc_project\tdc_unified_core\results\b50_8_multi_offset\offset_p050\b50_7_offset_window_plan.csv,337,range_050601-050800,50601,50800
B50.8_offset_p050,d:\hpc_project\tdc_unified_core\results\b50_8_multi_offset\offset_p050\b50_7_offset_window_plan.csv,338,range_050751-050950,50751,50950
B50.8_offset_p050,d:\hpc_project\tdc_unified_core\results\b50_8_multi_offset\offset_p050\b50_7_offset_window_plan.csv,339,range_050901-051100,50901,51100
B50.8_offset_p050,d:\hpc_project\tdc_unified_core\results\b50_8_multi_offset\offset_p050\b50_7_offset_window_plan.csv,340,range_051051-051250,51051,51250
B50.8_offset_p050,d:\hpc_project\tdc_unified_core\results\b50_8_multi_offset\offset_p050\b50_7_offset_window_plan.csv,341,range_051201-051400,51201,51400
B50.8_offset_p050,d:\hpc_project\tdc_unified_core\results\b50_8_multi_offset\offset_p050\b50_7_offset_window_plan.csv,342,range_051351-051550,51351,51550
B50.8_offset_p050,d:\hpc_project\tdc_unified_core\results\b50_8_multi_offset\offset_p050\b50_7_offset_window_plan.csv,343,range_051501-051700,51501,51700
B50.8_offset_p050,d:\hpc_project\tdc_unified_core\results\b50_8_multi_offset\offset_p050\b50_7_offset_window_plan.csv,344,range_051651-051850,51651,51850
B50.8_offset_p050,d:\hpc_project\tdc_unified_core\results\b50_8_multi_offset\offset_p050\b50_7_offset_window_plan.csv,345,range_051801-052000,51801,52000
B50.8_offset_p050,d:\hpc_project\tdc_unified_core\results\b50_8_multi_offset\offset_p050\b50_7_offset_window_plan.csv,346,range_051951-052150,51951,52150
B50.8_offset_p050,d:\hpc_project\tdc_unified_core\results\b50_8_multi_offset\offset_p050\b50_7_offset_window_plan.csv,347,range_052101-052300,52101,52300
B50.8_offset_p050,d:\hpc_project\tdc_unified_core\results\b50_8_multi_offset\offset_p050\b50_7_offset_window_plan.csv,348,range_052251-052450,52251,52450
B50.8_offset_p050,d:\hpc_project\tdc_unified_core\results\b50_8_multi_offset\offset_p050\b50_7_offset_window_plan.csv,349,range_052401-052600,52401,52600
B50.8_offset_p050,d:\hpc_project\tdc_unified_core\results\b50_8_multi_offset\offset_p050\b50_7_offset_window_plan.csv,350,range_052551-052750,52551,52750
B50.8_offset_p050,d:\hpc_project\tdc_unified_core\results\b50_8_multi_offset\offset_p050\b50_7_offset_window_plan.csv,351,range_052701-052900,52701,52900
B50.8_offset_p050,d:\hpc_project\tdc_unified_core\results\b50_8_multi_offset\offset_p050\b50_7_offset_window_plan.csv,352,range_052851-053050,52851,53050
B50.8_offset_p050,d:\hpc_project\tdc_unified_core\results\b50_8_multi_offset\offset_p050\b50_7_offset_window_plan.csv,353,range_053001-053200,53001,53200
B50.8_offset_p050,d:\hpc_project\tdc_unified_core\results\b50_8_multi_offset\offset_p050\b50_7_offset_window_plan.csv,354,range_053151-053350,53151,53350
B50.8_offset_p050,d:\hpc_project\tdc_unified_core\results\b50_8_multi_offset\offset_p050\b50_7_offset_window_plan.csv,355,range_053301-053500,53301,53500
B50.8_offset_p050,d:\hpc_project\tdc_unified_core\results\b50_8_multi_offset\offset_p050\b50_7_offset_window_plan.csv,356,range_053451-053650,53451,53650
B50.8_offset_p050,d:\hpc_project\tdc_unified_core\results\b50_8_multi_offset\offset_p050\b50_7_offset_window_plan.csv,357,range_053601-053800,53601,53800
B50.8_offset_p050,d:\hpc_project\tdc_unified_core\results\b50_8_multi_offset\offset_p050\b50_7_offset_window_plan.csv,358,range_053751-053950,53751,53950
B50.8_offset_p050,d:\hpc_project\tdc_unified_core\results\b50_8_multi_offset\offset_p050\b50_7_offset_window_plan.csv,359,range_053901-054100,53901,54100
B50.8_offset_p050,d:\hpc_project\tdc_unified_core\results\b50_8_multi_offset\offset_p050\b50_7_offset_window_plan.csv,360,range_054051-054250,54051,54250
B50.8_offset_p050,d:\hpc_project\tdc_unified_core\results\b50_8_multi_offset\offset_p050\b50_7_offset_window_plan.csv,361,range_054201-054400,54201,54400
B50.8_offset_p050,d:\hpc_project\tdc_unified_core\results\b50_8_multi_offset\offset_p050\b50_7_offset_window_plan.csv,362,range_054351-054550,54351,54550
B50.8_offset_p050,d:\hpc_project\tdc_unified_core\results\b50_8_multi_offset\offset_p050\b50_7_offset_window_plan.csv,363,range_054501-054700,54501,54700
B50.8_offset_p050,d:\hpc_project\tdc_unified_core\results\b50_8_multi_offset\offset_p050\b50_7_offset_window_plan.csv,364,range_054651-054850,54651,54850
B50.8_offset_p050,d:\hpc_project\tdc_unified_core\results\b50_8_multi_offset\offset_p050\b50_7_offset_window_plan.csv,365,range_054801-055000,54801,55000
B50.8_offset_p050,d:\hpc_project\tdc_unified_core\results\b50_8_multi_offset\offset_p050\b50_7_offset_window_plan.csv,366,range_054951-055150,54951,55150
B50.8_offset_p050,d:\hpc_project\tdc_unified_core\results\b50_8_multi_offset\offset_p050\b50_7_offset_window_plan.csv,367,range_055101-055300,55101,55300
B50.8_offset_p050,d:\hpc_project\tdc_unified_core\results\b50_8_multi_offset\offset_p050\b50_7_offset_window_plan.csv,368,range_055251-055450,55251,55450
B50.8_offset_p050,d:\hpc_project\tdc_unified_core\results\b50_8_multi_offset\offset_p050\b50_7_offset_window_plan.csv,369,range_055401-055600,55401,55600
B50.8_offset_p050,d:\hpc_project\tdc_unified_core\results\b50_8_multi_offset\offset_p050\b50_7_offset_window_plan.csv,370,range_055551-055750,55551,55750
B50.8_offset_p050,d:\hpc_project\tdc_unified_core\results\b50_8_multi_offset\offset_p050\b50_7_offset_window_plan.csv,371,range_055701-055900,55701,55900
B50.8_offset_p050,d:\hpc_project\tdc_unified_core\results\b50_8_multi_offset\offset_p050\b50_7_offset_window_plan.csv,372,range_055851-056050,55851,56050
B50.8_offset_p050,d:\hpc_project\tdc_unified_core\results\b50_8_multi_offset\offset_p050\b50_7_offset_window_plan.csv,373,range_056001-056200,56001,56200
B50.8_offset_p050,d:\hpc_project\tdc_unified_core\results\b50_8_multi_offset\offset_p050\b50_7_offset_window_plan.csv,374,range_056151-056350,56151,56350
B50.8_offset_p050,d:\hpc_project\tdc_unified_core\results\b50_8_multi_offset\offset_p050\b50_7_offset_window_plan.csv,375,range_056301-056500,56301,56500
B50.8_offset_p050,d:\hpc_project\tdc_unified_core\results\b50_8_multi_offset\offset_p050\b50_7_offset_window_plan.csv,376,range_056451-056650,56451,56650
B50.8_offset_p050,d:\hpc_project\tdc_unified_core\results\b50_8_multi_offset\offset_p050\b50_7_offset_window_plan.csv,377,range_056601-056800,56601,56800
B50.8_offset_p050,d:\hpc_project\tdc_unified_core\results\b50_8_multi_offset\offset_p050\b50_7_offset_window_plan.csv,378,range_056751-056950,56751,56950
B50.8_offset_p050,d:\hpc_project\tdc_unified_core\results\b50_8_multi_offset\offset_p050\b50_7_offset_window_plan.csv,379,range_056901-057100,56901,57100
B50.8_offset_p050,d:\hpc_project\tdc_unified_core\results\b50_8_multi_offset\offset_p050\b50_7_offset_window_plan.csv,380,range_057051-057250,57051,57250
B50.8_offset_p050,d:\hpc_project\tdc_unified_core\results\b50_8_multi_offset\offset_p050\b50_7_offset_window_plan.csv,381,range_057201-057400,57201,57400
B50.8_offset_p050,d:\hpc_project\tdc_unified_core\results\b50_8_multi_offset\offset_p050\b50_7_offset_window_plan.csv,382,range_057351-057550,57351,57550
B50.8_offset_p050,d:\hpc_project\tdc_unified_core\results\b50_8_multi_offset\offset_p050\b50_7_offset_window_plan.csv,383,range_057501-057700,57501,57700
B50.8_offset_p050,d:\hpc_project\tdc_unified_core\results\b50_8_multi_offset\offset_p050\b50_7_offset_window_plan.csv,384,range_057651-057850,57651,57850
B50.8_offset_p050,d:\hpc_project\tdc_unified_core\results\b50_8_multi_offset\offset_p050\b50_7_offset_window_plan.csv,385,range_057801-058000,57801,58000
B50.8_offset_p050,d:\hpc_project\tdc_unified_core\results\b50_8_multi_offset\offset_p050\b50_7_offset_window_plan.csv,386,range_057951-058150,57951,58150
B50.8_offset_p050,d:\hpc_project\tdc_unified_core\results\b50_8_multi_offset\offset_p050\b50_7_offset_window_plan.csv,387,range_058101-058300,58101,58300
B50.8_offset_p050,d:\hpc_project\tdc_unified_core\results\b50_8_multi_offset\offset_p050\b50_7_offset_window_plan.csv,388,range_058251-058450,58251,58450
B50.8_offset_p050,d:\hpc_project\tdc_unified_core\results\b50_8_multi_offset\offset_p050\b50_7_offset_window_plan.csv,389,range_058401-058600,58401,58600
B50.8_offset_p050,d:\hpc_project\tdc_unified_core\results\b50_8_multi_offset\offset_p050\b50_7_offset_window_plan.csv,390,range_058551-058750,58551,58750
B50.8_offset_p050,d:\hpc_project\tdc_unified_core\results\b50_8_multi_offset\offset_p050\b50_7_offset_window_plan.csv,391,range_058701-058900,58701,58900
B50.8_offset_p050,d:\hpc_project\tdc_unified_core\results\b50_8_multi_offset\offset_p050\b50_7_offset_window_plan.csv,392,range_058851-059050,58851,59050
B50.8_offset_p050,d:\hpc_project\tdc_unified_core\results\b50_8_multi_offset\offset_p050\b50_7_offset_window_plan.csv,393,range_059001-059200,59001,59200
B50.8_offset_p050,d:\hpc_project\tdc_unified_core\results\b50_8_multi_offset\offset_p050\b50_7_offset_window_plan.csv,394,range_059151-059350,59151,59350
B50.8_offset_p050,d:\hpc_project\tdc_unified_core\results\b50_8_multi_offset\offset_p050\b50_7_offset_window_plan.csv,395,range_059301-059500,59301,59500
B50.8_offset_p050,d:\hpc_project\tdc_unified_core\results\b50_8_multi_offset\offset_p050\b50_7_offset_window_plan.csv,396,range_059451-059650,59451,59650
B50.8_offset_p050,d:\hpc_project\tdc_unified_core\results\b50_8_multi_offset\offset_p050\b50_7_offset_window_plan.csv,397,range_059601-059800,59601,59800
B50.8_offset_p050,d:\hpc_project\tdc_unified_core\results\b50_8_multi_offset\offset_p050\b50_7_offset_window_plan.csv,398,range_059751-059950,59751,59950
B50.8_offset_p050,d:\hpc_project\tdc_unified_core\results\b50_8_multi_offset\offset_p050\b50_7_offset_window_plan.csv,399,range_059901-060100,59901,60100
B50.8_offset_p050,d:\hpc_project\tdc_unified_core\results\b50_8_multi_offset\offset_p050\b50_7_offset_window_plan.csv,400,range_060051-060250,60051,60250
B50.8_offset_p050,d:\hpc_project\tdc_unified_core\results\b50_8_multi_offset\offset_p050\b50_7_offset_window_plan.csv,401,range_060201-060400,60201,60400
B50.8_offset_p050,d:\hpc_project\tdc_unified_core\results\b50_8_multi_offset\offset_p050\b50_7_offset_window_plan.csv,402,range_060351-060550,60351,60550
B50.8_offset_p050,d:\hpc_project\tdc_unified_core\results\b50_8_multi_offset\offset_p050\b50_7_offset_window_plan.csv,403,range_060501-060700,60501,60700
B50.8_offset_p050,d:\hpc_project\tdc_unified_core\results\b50_8_multi_offset\offset_p050\b50_7_offset_window_plan.csv,404,range_060651-060850,60651,60850
B50.8_offset_p050,d:\hpc_project\tdc_unified_core\results\b50_8_multi_offset\offset_p050\b50_7_offset_window_plan.csv,405,range_060801-061000,60801,61000
B50.8_offset_p050,d:\hpc_project\tdc_unified_core\results\b50_8_multi_offset\offset_p050\b50_7_offset_window_plan.csv,406,range_060951-061150,60951,61150
B50.8_offset_p050,d:\hpc_project\tdc_unified_core\results\b50_8_multi_offset\offset_p050\b50_7_offset_window_plan.csv,407,range_061101-061300,61101,61300
B50.8_offset_p050,d:\hpc_project\tdc_unified_core\results\b50_8_multi_offset\offset_p050\b50_7_offset_window_plan.csv,408,range_061251-061450,61251,61450
B50.8_offset_p050,d:\hpc_project\tdc_unified_core\results\b50_8_multi_offset\offset_p050\b50_7_offset_window_plan.csv,409,range_061401-061600,61401,61600
B50.8_offset_p050,d:\hpc_project\tdc_unified_core\results\b50_8_multi_offset\offset_p050\b50_7_offset_window_plan.csv,410,range_061551-061750,61551,61750
B50.8_offset_p050,d:\hpc_project\tdc_unified_core\results\b50_8_multi_offset\offset_p050\b50_7_offset_window_plan.csv,411,range_061701-061900,61701,61900
B50.8_offset_p050,d:\hpc_project\tdc_unified_core\results\b50_8_multi_offset\offset_p050\b50_7_offset_window_plan.csv,412,range_061851-062050,61851,62050
B50.8_offset_p050,d:\hpc_project\tdc_unified_core\results\b50_8_multi_offset\offset_p050\b50_7_offset_window_plan.csv,413,range_062001-062200,62001,62200
B50.8_offset_p050,d:\hpc_project\tdc_unified_core\results\b50_8_multi_offset\offset_p050\b50_7_offset_window_plan.csv,414,range_062151-062350,62151,62350
B50.8_offset_p050,d:\hpc_project\tdc_unified_core\results\b50_8_multi_offset\offset_p050\b50_7_offset_window_plan.csv,415,range_062301-062500,62301,62500
B50.8_offset_p050,d:\hpc_project\tdc_unified_core\results\b50_8_multi_offset\offset_p050\b50_7_offset_window_plan.csv,416,range_062451-062650,62451,62650
B50.8_offset_p050,d:\hpc_project\tdc_unified_core\results\b50_8_multi_offset\offset_p050\b50_7_offset_window_plan.csv,417,range_062601-062800,62601,62800
B50.8_offset_p050,d:\hpc_project\tdc_unified_core\results\b50_8_multi_offset\offset_p050\b50_7_offset_window_plan.csv,418,range_062751-062950,62751,62950
B50.8_offset_p050,d:\hpc_project\tdc_unified_core\results\b50_8_multi_offset\offset_p050\b50_7_offset_window_plan.csv,419,range_062901-063100,62901,63100
B50.8_offset_p050,d:\hpc_project\tdc_unified_core\results\b50_8_multi_offset\offset_p050\b50_7_offset_window_plan.csv,420,range_063051-063250,63051,63250
B50.8_offset_p050,d:\hpc_project\tdc_unified_core\results\b50_8_multi_offset\offset_p050\b50_7_offset_window_plan.csv,421,range_063201-063400,63201,63400
B50.8_offset_p050,d:\hpc_project\tdc_unified_core\results\b50_8_multi_offset\offset_p050\b50_7_offset_window_plan.csv,422,range_063351-063550,63351,63550
B50.8_offset_p050,d:\hpc_project\tdc_unified_core\results\b50_8_multi_offset\offset_p050\b50_7_offset_window_plan.csv,423,range_063501-063700,63501,63700
B50.8_offset_p050,d:\hpc_project\tdc_unified_core\results\b50_8_multi_offset\offset_p050\b50_7_offset_window_plan.csv,424,range_063651-063850,63651,63850
B50.8_offset_p050,d:\hpc_project\tdc_unified_core\results\b50_8_multi_offset\offset_p050\b50_7_offset_window_plan.csv,425,range_063801-064000,63801,64000
B50.8_offset_p050,d:\hpc_project\tdc_unified_core\results\b50_8_multi_offset\offset_p050\b50_7_offset_window_plan.csv,426,range_063951-064150,63951,64150
B50.8_offset_p050,d:\hpc_project\tdc_unified_core\results\b50_8_multi_offset\offset_p050\b50_7_offset_window_plan.csv,427,range_064101-064300,64101,64300
B50.8_offset_p050,d:\hpc_project\tdc_unified_core\results\b50_8_multi_offset\offset_p050\b50_7_offset_window_plan.csv,428,range_064251-064450,64251,64450
B50.8_offset_p050,d:\hpc_project\tdc_unified_core\results\b50_8_multi_offset\offset_p050\b50_7_offset_window_plan.csv,429,range_064401-064600,64401,64600
B50.8_offset_p050,d:\hpc_project\tdc_unified_core\results\b50_8_multi_offset\offset_p050\b50_7_offset_window_plan.csv,430,range_064551-064750,64551,64750
B50.8_offset_p050,d:\hpc_project\tdc_unified_core\results\b50_8_multi_offset\offset_p050\b50_7_offset_window_plan.csv,431,range_064701-064900,64701,64900
B50.8_offset_p050,d:\hpc_project\tdc_unified_core\results\b50_8_multi_offset\offset_p050\b50_7_offset_window_plan.csv,432,range_064851-065050,64851,65050
B50.8_offset_p050,d:\hpc_project\tdc_unified_core\results\b50_8_multi_offset\offset_p050\b50_7_offset_window_plan.csv,433,range_065001-065200,65001,65200
B50.8_offset_p050,d:\hpc_project\tdc_unified_core\results\b50_8_multi_offset\offset_p050\b50_7_offset_window_plan.csv,434,range_065151-065350,65151,65350
B50.8_offset_p050,d:\hpc_project\tdc_unified_core\results\b50_8_multi_offset\offset_p050\b50_7_offset_window_plan.csv,435,range_065301-065500,65301,65500
B50.8_offset_p050,d:\hpc_project\tdc_unified_core\results\b50_8_multi_offset\offset_p050\b50_7_offset_window_plan.csv,436,range_065451-065650,65451,65650
B50.8_offset_p050,d:\hpc_project\tdc_unified_core\results\b50_8_multi_offset\offset_p050\b50_7_offset_window_plan.csv,437,range_065601-065800,65601,65800
B50.8_offset_p050,d:\hpc_project\tdc_unified_core\results\b50_8_multi_offset\offset_p050\b50_7_offset_window_plan.csv,438,range_065751-065950,65751,65950
B50.8_offset_p050,d:\hpc_project\tdc_unified_core\results\b50_8_multi_offset\offset_p050\b50_7_offset_window_plan.csv,439,range_065901-066100,65901,66100
B50.8_offset_p050,d:\hpc_project\tdc_unified_core\results\b50_8_multi_offset\offset_p050\b50_7_offset_window_plan.csv,440,range_066051-066250,66051,66250
B50.8_offset_p050,d:\hpc_project\tdc_unified_core\results\b50_8_multi_offset\offset_p050\b50_7_offset_window_plan.csv,441,range_066201-066400,66201,66400
B50.8_offset_p050,d:\hpc_project\tdc_unified_core\results\b50_8_multi_offset\offset_p050\b50_7_offset_window_plan.csv,442,range_066351-066550,66351,66550
B50.8_offset_p050,d:\hpc_project\tdc_unified_core\results\b50_8_multi_offset\offset_p050\b50_7_offset_window_plan.csv,443,range_066501-066700,66501,66700
B50.8_offset_p050,d:\hpc_project\tdc_unified_core\results\b50_8_multi_offset\offset_p050\b50_7_offset_window_plan.csv,444,range_066651-066850,66651,66850
B50.8_offset_p050,d:\hpc_project\tdc_unified_core\results\b50_8_multi_offset\offset_p050\b50_7_offset_window_plan.csv,445,range_066801-067000,66801,67000
B50.8_offset_p050,d:\hpc_project\tdc_unified_core\results\b50_8_multi_offset\offset_p050\b50_7_offset_window_plan.csv,446,range_066951-067150,66951,67150
B50.8_offset_p050,d:\hpc_project\tdc_unified_core\results\b50_8_multi_offset\offset_p050\b50_7_offset_window_plan.csv,447,range_067101-067300,67101,67300
B50.8_offset_p050,d:\hpc_project\tdc_unified_core\results\b50_8_multi_offset\offset_p050\b50_7_offset_window_plan.csv,448,range_067251-067450,67251,67450
B50.8_offset_p050,d:\hpc_project\tdc_unified_core\results\b50_8_multi_offset\offset_p050\b50_7_offset_window_plan.csv,449,range_067401-067600,67401,67600
B50.8_offset_p050,d:\hpc_project\tdc_unified_core\results\b50_8_multi_offset\offset_p050\b50_7_offset_window_plan.csv,450,range_067551-067750,67551,67750
B50.8_offset_p050,d:\hpc_project\tdc_unified_core\results\b50_8_multi_offset\offset_p050\b50_7_offset_window_plan.csv,451,range_067701-067900,67701,67900
B50.8_offset_p050,d:\hpc_project\tdc_unified_core\results\b50_8_multi_offset\offset_p050\b50_7_offset_window_plan.csv,452,range_067851-068050,67851,68050
B50.8_offset_p050,d:\hpc_project\tdc_unified_core\results\b50_8_multi_offset\offset_p050\b50_7_offset_window_plan.csv,453,range_068001-068200,68001,68200
B50.8_offset_p050,d:\hpc_project\tdc_unified_core\results\b50_8_multi_offset\offset_p050\b50_7_offset_window_plan.csv,454,range_068151-068350,68151,68350
B50.8_offset_p050,d:\hpc_project\tdc_unified_core\results\b50_8_multi_offset\offset_p050\b50_7_offset_window_plan.csv,455,range_068301-068500,68301,68500
B50.8_offset_p050,d:\hpc_project\tdc_unified_core\results\b50_8_multi_offset\offset_p050\b50_7_offset_window_plan.csv,456,range_068451-068650,68451,68650
B50.8_offset_p050,d:\hpc_project\tdc_unified_core\results\b50_8_multi_offset\offset_p050\b50_7_offset_window_plan.csv,457,range_068601-068800,68601,68800
B50.8_offset_p050,d:\hpc_project\tdc_unified_core\results\b50_8_multi_offset\offset_p050\b50_7_offset_window_plan.csv,458,range_068751-068950,68751,68950
B50.8_offset_p050,d:\hpc_project\tdc_unified_core\results\b50_8_multi_offset\offset_p050\b50_7_offset_window_plan.csv,459,range_068901-069100,68901,69100
B50.8_offset_p050,d:\hpc_project\tdc_unified_core\results\b50_8_multi_offset\offset_p050\b50_7_offset_window_plan.csv,460,range_069051-069250,69051,69250
B50.8_offset_p050,d:\hpc_project\tdc_unified_core\results\b50_8_multi_offset\offset_p050\b50_7_offset_window_plan.csv,461,range_069201-069400,69201,69400
B50.8_offset_p050,d:\hpc_project\tdc_unified_core\results\b50_8_multi_offset\offset_p050\b50_7_offset_window_plan.csv,462,range_069351-069550,69351,69550
B50.8_offset_p050,d:\hpc_project\tdc_unified_core\results\b50_8_multi_offset\offset_p050\b50_7_offset_window_plan.csv,463,range_069501-069700,69501,69700
B50.8_offset_p050,d:\hpc_project\tdc_unified_core\results\b50_8_multi_offset\offset_p050\b50_7_offset_window_plan.csv,464,range_069651-069850,69651,69850
B50.8_offset_p050,d:\hpc_project\tdc_unified_core\results\b50_8_multi_offset\offset_p050\b50_7_offset_window_plan.csv,465,range_069801-070000,69801,70000
B50.8_offset_p050,d:\hpc_project\tdc_unified_core\results\b50_8_multi_offset\offset_p050\b50_7_offset_window_plan.csv,466,range_069951-070150,69951,70150
B50.8_offset_p050,d:\hpc_project\tdc_unified_core\results\b50_8_multi_offset\offset_p050\b50_7_offset_window_plan.csv,467,range_070101-070300,70101,70300
B50.8_offset_p050,d:\hpc_project\tdc_unified_core\results\b50_8_multi_offset\offset_p050\b50_7_offset_window_plan.csv,468,range_070251-070450,70251,70450
B50.8_offset_p050,d:\hpc_project\tdc_unified_core\results\b50_8_multi_offset\offset_p050\b50_7_offset_window_plan.csv,469,range_070401-070600,70401,70600
B50.8_offset_p050,d:\hpc_project\tdc_unified_core\results\b50_8_multi_offset\offset_p050\b50_7_offset_window_plan.csv,470,range_070551-070750,70551,70750
B50.8_offset_p050,d:\hpc_project\tdc_unified_core\results\b50_8_multi_offset\offset_p050\b50_7_offset_window_plan.csv,471,range_070701-070900,70701,70900
B50.8_offset_p050,d:\hpc_project\tdc_unified_core\results\b50_8_multi_offset\offset_p050\b50_7_offset_window_plan.csv,472,range_070851-071050,70851,71050
B50.8_offset_p050,d:\hpc_project\tdc_unified_core\results\b50_8_multi_offset\offset_p050\b50_7_offset_window_plan.csv,473,range_071001-071200,71001,71200
B50.8_offset_p050,d:\hpc_project\tdc_unified_core\results\b50_8_multi_offset\offset_p050\b50_7_offset_window_plan.csv,474,range_071151-071350,71151,71350
B50.8_offset_p050,d:\hpc_project\tdc_unified_core\results\b50_8_multi_offset\offset_p050\b50_7_offset_window_plan.csv,475,range_071301-071500,71301,71500
B50.8_offset_p050,d:\hpc_project\tdc_unified_core\results\b50_8_multi_offset\offset_p050\b50_7_offset_window_plan.csv,476,range_071451-071650,71451,71650
B50.8_offset_p050,d:\hpc_project\tdc_unified_core\results\b50_8_multi_offset\offset_p050\b50_7_offset_window_plan.csv,477,range_071601-071800,71601,71800
B50.8_offset_p050,d:\hpc_project\tdc_unified_core\results\b50_8_multi_offset\offset_p050\b50_7_offset_window_plan.csv,478,range_071751-071950,71751,71950
B50.8_offset_p050,d:\hpc_project\tdc_unified_core\results\b50_8_multi_offset\offset_p050\b50_7_offset_window_plan.csv,479,range_071901-072100,71901,72100
B50.8_offset_p050,d:\hpc_project\tdc_unified_core\results\b50_8_multi_offset\offset_p050\b50_7_offset_window_plan.csv,480,range_072051-072250,72051,72250
B50.8_offset_p050,d:\hpc_project\tdc_unified_core\results\b50_8_multi_offset\offset_p050\b50_7_offset_window_plan.csv,481,range_072201-072400,72201,72400
B50.8_offset_p050,d:\hpc_project\tdc_unified_core\results\b50_8_multi_offset\offset_p050\b50_7_offset_window_plan.csv,482,range_072351-072550,72351,72550
B50.8_offset_p050,d:\hpc_project\tdc_unified_core\results\b50_8_multi_offset\offset_p050\b50_7_offset_window_plan.csv,483,range_072501-072700,72501,72700
B50.8_offset_p050,d:\hpc_project\tdc_unified_core\results\b50_8_multi_offset\offset_p050\b50_7_offset_window_plan.csv,484,range_072651-072850,72651,72850
B50.8_offset_p050,d:\hpc_project\tdc_unified_core\results\b50_8_multi_offset\offset_p050\b50_7_offset_window_plan.csv,485,range_072801-073000,72801,73000
B50.8_offset_p050,d:\hpc_project\tdc_unified_core\results\b50_8_multi_offset\offset_p050\b50_7_offset_window_plan.csv,486,range_072951-073150,72951,73150
B50.8_offset_p050,d:\hpc_project\tdc_unified_core\results\b50_8_multi_offset\offset_p050\b50_7_offset_window_plan.csv,487,range_073101-073300,73101,73300
B50.8_offset_p050,d:\hpc_project\tdc_unified_core\results\b50_8_multi_offset\offset_p050\b50_7_offset_window_plan.csv,488,range_073251-073450,73251,73450
B50.8_offset_p050,d:\hpc_project\tdc_unified_core\results\b50_8_multi_offset\offset_p050\b50_7_offset_window_plan.csv,489,range_073401-073600,73401,73600
B50.8_offset_p050,d:\hpc_project\tdc_unified_core\results\b50_8_multi_offset\offset_p050\b50_7_offset_window_plan.csv,490,range_073551-073750,73551,73750
B50.8_offset_p050,d:\hpc_project\tdc_unified_core\results\b50_8_multi_offset\offset_p050\b50_7_offset_window_plan.csv,491,range_073701-073900,73701,73900
B50.8_offset_p050,d:\hpc_project\tdc_unified_core\results\b50_8_multi_offset\offset_p050\b50_7_offset_window_plan.csv,492,range_073851-074050,73851,74050
B50.8_offset_p050,d:\hpc_project\tdc_unified_core\results\b50_8_multi_offset\offset_p050\b50_7_offset_window_plan.csv,493,range_074001-074200,74001,74200
B50.8_offset_p050,d:\hpc_project\tdc_unified_core\results\b50_8_multi_offset\offset_p050\b50_7_offset_window_plan.csv,494,range_074151-074350,74151,74350
B50.8_offset_p050,d:\hpc_project\tdc_unified_core\results\b50_8_multi_offset\offset_p050\b50_7_offset_window_plan.csv,495,range_074301-074500,74301,74500
B50.8_offset_p050,d:\hpc_project\tdc_unified_core\results\b50_8_multi_offset\offset_p050\b50_7_offset_window_plan.csv,496,range_074451-074650,74451,74650
B50.8_offset_p050,d:\hpc_project\tdc_unified_core\results\b50_8_multi_offset\offset_p050\b50_7_offset_window_plan.csv,497,range_074601-074800,74601,74800
B50.8_offset_p050,d:\hpc_project\tdc_unified_core\results\b50_8_multi_offset\offset_p050\b50_7_offset_window_plan.csv,498,range_074751-074950,74751,74950
B50.8_offset_p050,d:\hpc_project\tdc_unified_core\results\b50_8_multi_offset\offset_p050\b50_7_offset_window_plan.csv,499,range_074901-075100,74901,75100
B50.8_offset_p050,d:\hpc_project\tdc_unified_core\results\b50_8_multi_offset\offset_p050\b50_7_offset_window_plan.csv,500,range_075051-075250,75051,75250
B50.8_offset_p050,d:\hpc_project\tdc_unified_core\results\b50_8_multi_offset\offset_p050\b50_7_offset_window_plan.csv,501,range_075201-075400,75201,75400
B50.8_offset_p050,d:\hpc_project\tdc_unified_core\results\b50_8_multi_offset\offset_p050\b50_7_offset_window_plan.csv,502,range_075351-075550,75351,75550
B50.8_offset_p050,d:\hpc_project\tdc_unified_core\results\b50_8_multi_offset\offset_p050\b50_7_offset_window_plan.csv,503,range_075501-075700,75501,75700
B50.8_offset_p050,d:\hpc_project\tdc_unified_core\results\b50_8_multi_offset\offset_p050\b50_7_offset_window_plan.csv,504,range_075651-075850,75651,75850
B50.8_offset_p050,d:\hpc_project\tdc_unified_core\results\b50_8_multi_offset\offset_p050\b50_7_offset_window_plan.csv,505,range_075801-076000,75801,76000
B50.8_offset_p050,d:\hpc_project\tdc_unified_core\results\b50_8_multi_offset\offset_p050\b50_7_offset_window_plan.csv,506,range_075951-076150,75951,76150
B50.8_offset_p050,d:\hpc_project\tdc_unified_core\results\b50_8_multi_offset\offset_p050\b50_7_offset_window_plan.csv,507,range_076101-076300,76101,76300
B50.8_offset_p050,d:\hpc_project\tdc_unified_core\results\b50_8_multi_offset\offset_p050\b50_7_offset_window_plan.csv,508,range_076251-076450,76251,76450
B50.8_offset_p050,d:\hpc_project\tdc_unified_core\results\b50_8_multi_offset\offset_p050\b50_7_offset_window_plan.csv,509,range_076401-076600,76401,76600
B50.8_offset_p050,d:\hpc_project\tdc_unified_core\results\b50_8_multi_offset\offset_p050\b50_7_offset_window_plan.csv,510,range_076551-076750,76551,76750
B50.8_offset_p050,d:\hpc_project\tdc_unified_core\results\b50_8_multi_offset\offset_p050\b50_7_offset_window_plan.csv,511,range_076701-076900,76701,76900
B50.8_offset_p050,d:\hpc_project\tdc_unified_core\results\b50_8_multi_offset\offset_p050\b50_7_offset_window_plan.csv,512,range_076851-077050,76851,77050
B50.8_offset_p050,d:\hpc_project\tdc_unified_core\results\b50_8_multi_offset\offset_p050\b50_7_offset_window_plan.csv,513,range_077001-077200,77001,77200
B50.8_offset_p050,d:\hpc_project\tdc_unified_core\results\b50_8_multi_offset\offset_p050\b50_7_offset_window_plan.csv,514,range_077151-077350,77151,77350
B50.8_offset_p050,d:\hpc_project\tdc_unified_core\results\b50_8_multi_offset\offset_p050\b50_7_offset_window_plan.csv,515,range_077301-077500,77301,77500
B50.8_offset_p050,d:\hpc_project\tdc_unified_core\results\b50_8_multi_offset\offset_p050\b50_7_offset_window_plan.csv,516,range_077451-077650,77451,77650
B50.8_offset_p050,d:\hpc_project\tdc_unified_core\results\b50_8_multi_offset\offset_p050\b50_7_offset_window_plan.csv,517,range_077601-077800,77601,77800
B50.8_offset_p050,d:\hpc_project\tdc_unified_core\results\b50_8_multi_offset\offset_p050\b50_7_offset_window_plan.csv,518,range_077751-077950,77751,77950
B50.8_offset_p050,d:\hpc_project\tdc_unified_core\results\b50_8_multi_offset\offset_p050\b50_7_offset_window_plan.csv,519,range_077901-078100,77901,78100
B50.8_offset_p050,d:\hpc_project\tdc_unified_core\results\b50_8_multi_offset\offset_p050\b50_7_offset_window_plan.csv,520,range_078051-078250,78051,78250
B50.8_offset_p050,d:\hpc_project\tdc_unified_core\results\b50_8_multi_offset\offset_p050\b50_7_offset_window_plan.csv,521,range_078201-078400,78201,78400
B50.8_offset_p050,d:\hpc_project\tdc_unified_core\results\b50_8_multi_offset\offset_p050\b50_7_offset_window_plan.csv,522,range_078351-078550,78351,78550
B50.8_offset_p050,d:\hpc_project\tdc_unified_core\results\b50_8_multi_offset\offset_p050\b50_7_offset_window_plan.csv,523,range_078501-078700,78501,78700
B50.8_offset_p050,d:\hpc_project\tdc_unified_core\results\b50_8_multi_offset\offset_p050\b50_7_offset_window_plan.csv,524,range_078651-078850,78651,78850
B50.8_offset_p050,d:\hpc_project\tdc_unified_core\results\b50_8_multi_offset\offset_p050\b50_7_offset_window_plan.csv,525,range_078801-079000,78801,79000
B50.8_offset_p050,d:\hpc_project\tdc_unified_core\results\b50_8_multi_offset\offset_p050\b50_7_offset_window_plan.csv,526,range_078951-079150,78951,79150
B50.8_offset_p050,d:\hpc_project\tdc_unified_core\results\b50_8_multi_offset\offset_p050\b50_7_offset_window_plan.csv,527,range_079101-079300,79101,79300
B50.8_offset_p050,d:\hpc_project\tdc_unified_core\results\b50_8_multi_offset\offset_p050\b50_7_offset_window_plan.csv,528,range_079251-079450,79251,79450
B50.8_offset_p050,d:\hpc_project\tdc_unified_core\results\b50_8_multi_offset\offset_p050\b50_7_offset_window_plan.csv,529,range_079401-079600,79401,79600
B50.8_offset_p050,d:\hpc_project\tdc_unified_core\results\b50_8_multi_offset\offset_p050\b50_7_offset_window_plan.csv,530,range_079551-079750,79551,79750
B50.8_offset_p050,d:\hpc_project\tdc_unified_core\results\b50_8_multi_offset\offset_p050\b50_7_offset_window_plan.csv,531,range_079701-079900,79701,79900
B50.8_offset_p050,d:\hpc_project\tdc_unified_core\results\b50_8_multi_offset\offset_p050\b50_7_offset_window_plan.csv,532,range_079851-080050,79851,80050
B50.8_offset_p050,d:\hpc_project\tdc_unified_core\results\b50_8_multi_offset\offset_p050\b50_7_offset_window_plan.csv,533,range_080001-080200,80001,80200
B50.8_offset_p050,d:\hpc_project\tdc_unified_core\results\b50_8_multi_offset\offset_p050\b50_7_offset_window_plan.csv,534,range_080151-080350,80151,80350
B50.8_offset_p050,d:\hpc_project\tdc_unified_core\results\b50_8_multi_offset\offset_p050\b50_7_offset_window_plan.csv,535,range_080301-080500,80301,80500
B50.8_offset_p050,d:\hpc_project\tdc_unified_core\results\b50_8_multi_offset\offset_p050\b50_7_offset_window_plan.csv,536,range_080451-080650,80451,80650
B50.8_offset_p050,d:\hpc_project\tdc_unified_core\results\b50_8_multi_offset\offset_p050\b50_7_offset_window_plan.csv,537,range_080601-080800,80601,80800
B50.8_offset_p050,d:\hpc_project\tdc_unified_core\results\b50_8_multi_offset\offset_p050\b50_7_offset_window_plan.csv,538,range_080751-080950,80751,80950
B50.8_offset_p050,d:\hpc_project\tdc_unified_core\results\b50_8_multi_offset\offset_p050\b50_7_offset_window_plan.csv,539,range_080901-081100,80901,81100
B50.8_offset_p050,d:\hpc_project\tdc_unified_core\results\b50_8_multi_offset\offset_p050\b50_7_offset_window_plan.csv,540,range_081051-081250,81051,81250
B50.8_offset_p050,d:\hpc_project\tdc_unified_core\results\b50_8_multi_offset\offset_p050\b50_7_offset_window_plan.csv,541,range_081201-081400,81201,81400
B50.8_offset_p050,d:\hpc_project\tdc_unified_core\results\b50_8_multi_offset\offset_p050\b50_7_offset_window_plan.csv,542,range_081351-081550,81351,81550
B50.8_offset_p050,d:\hpc_project\tdc_unified_core\results\b50_8_multi_offset\offset_p050\b50_7_offset_window_plan.csv,543,range_081501-081700,81501,81700
B50.8_offset_p050,d:\hpc_project\tdc_unified_core\results\b50_8_multi_offset\offset_p050\b50_7_offset_window_plan.csv,544,range_081651-081850,81651,81850
B50.8_offset_p050,d:\hpc_project\tdc_unified_core\results\b50_8_multi_offset\offset_p050\b50_7_offset_window_plan.csv,545,range_081801-082000,81801,82000
B50.8_offset_p050,d:\hpc_project\tdc_unified_core\results\b50_8_multi_offset\offset_p050\b50_7_offset_window_plan.csv,546,range_081951-082150,81951,82150
B50.8_offset_p050,d:\hpc_project\tdc_unified_core\results\b50_8_multi_offset\offset_p050\b50_7_offset_window_plan.csv,547,range_082101-082300,82101,82300
B50.8_offset_p050,d:\hpc_project\tdc_unified_core\results\b50_8_multi_offset\offset_p050\b50_7_offset_window_plan.csv,548,range_082251-082450,82251,82450
B50.8_offset_p050,d:\hpc_project\tdc_unified_core\results\b50_8_multi_offset\offset_p050\b50_7_offset_window_plan.csv,549,range_082401-082600,82401,82600
B50.8_offset_p050,d:\hpc_project\tdc_unified_core\results\b50_8_multi_offset\offset_p050\b50_7_offset_window_plan.csv,550,range_082551-082750,82551,82750
B50.8_offset_p050,d:\hpc_project\tdc_unified_core\results\b50_8_multi_offset\offset_p050\b50_7_offset_window_plan.csv,551,range_082701-082900,82701,82900
B50.8_offset_p050,d:\hpc_project\tdc_unified_core\results\b50_8_multi_offset\offset_p050\b50_7_offset_window_plan.csv,552,range_082851-083050,82851,83050
B50.8_offset_p050,d:\hpc_project\tdc_unified_core\results\b50_8_multi_offset\offset_p050\b50_7_offset_window_plan.csv,553,range_083001-083200,83001,83200
B50.8_offset_p050,d:\hpc_project\tdc_unified_core\results\b50_8_multi_offset\offset_p050\b50_7_offset_window_plan.csv,554,range_083151-083350,83151,83350
B50.8_offset_p050,d:\hpc_project\tdc_unified_core\results\b50_8_multi_offset\offset_p050\b50_7_offset_window_plan.csv,555,range_083301-083500,83301,83500
B50.8_offset_p050,d:\hpc_project\tdc_unified_core\results\b50_8_multi_offset\offset_p050\b50_7_offset_window_plan.csv,556,range_083451-083650,83451,83650
B50.8_offset_p050,d:\hpc_project\tdc_unified_core\results\b50_8_multi_offset\offset_p050\b50_7_offset_window_plan.csv,557,range_083601-083800,83601,83800
B50.8_offset_p050,d:\hpc_project\tdc_unified_core\results\b50_8_multi_offset\offset_p050\b50_7_offset_window_plan.csv,558,range_083751-083950,83751,83950
B50.8_offset_p050,d:\hpc_project\tdc_unified_core\results\b50_8_multi_offset\offset_p050\b50_7_offset_window_plan.csv,559,range_083901-084100,83901,84100
B50.8_offset_p050,d:\hpc_project\tdc_unified_core\results\b50_8_multi_offset\offset_p050\b50_7_offset_window_plan.csv,560,range_084051-084250,84051,84250
B50.8_offset_p050,d:\hpc_project\tdc_unified_core\results\b50_8_multi_offset\offset_p050\b50_7_offset_window_plan.csv,561,range_084201-084400,84201,84400
B50.8_offset_p050,d:\hpc_project\tdc_unified_core\results\b50_8_multi_offset\offset_p050\b50_7_offset_window_plan.csv,562,range_084351-084550,84351,84550
B50.8_offset_p050,d:\hpc_project\tdc_unified_core\results\b50_8_multi_offset\offset_p050\b50_7_offset_window_plan.csv,563,range_084501-084700,84501,84700
B50.8_offset_p050,d:\hpc_project\tdc_unified_core\results\b50_8_multi_offset\offset_p050\b50_7_offset_window_plan.csv,564,range_084651-084850,84651,84850
B50.8_offset_p050,d:\hpc_project\tdc_unified_core\results\b50_8_multi_offset\offset_p050\b50_7_offset_window_plan.csv,565,range_084801-085000,84801,85000
B50.8_offset_p050,d:\hpc_project\tdc_unified_core\results\b50_8_multi_offset\offset_p050\b50_7_offset_window_plan.csv,566,range_084951-085150,84951,85150
B50.8_offset_p050,d:\hpc_project\tdc_unified_core\results\b50_8_multi_offset\offset_p050\b50_7_offset_window_plan.csv,567,range_085101-085300,85101,85300
B50.8_offset_p050,d:\hpc_project\tdc_unified_core\results\b50_8_multi_offset\offset_p050\b50_7_offset_window_plan.csv,568,range_085251-085450,85251,85450
B50.8_offset_p050,d:\hpc_project\tdc_unified_core\results\b50_8_multi_offset\offset_p050\b50_7_offset_window_plan.csv,569,range_085401-085600,85401,85600
B50.8_offset_p050,d:\hpc_project\tdc_unified_core\results\b50_8_multi_offset\offset_p050\b50_7_offset_window_plan.csv,570,range_085551-085750,85551,85750
B50.8_offset_p050,d:\hpc_project\tdc_unified_core\results\b50_8_multi_offset\offset_p050\b50_7_offset_window_plan.csv,571,range_085701-085900,85701,85900
B50.8_offset_p050,d:\hpc_project\tdc_unified_core\results\b50_8_multi_offset\offset_p050\b50_7_offset_window_plan.csv,572,range_085851-086050,85851,86050
B50.8_offset_p050,d:\hpc_project\tdc_unified_core\results\b50_8_multi_offset\offset_p050\b50_7_offset_window_plan.csv,573,range_086001-086200,86001,86200
B50.8_offset_p050,d:\hpc_project\tdc_unified_core\results\b50_8_multi_offset\offset_p050\b50_7_offset_window_plan.csv,574,range_086151-086350,86151,86350
B50.8_offset_p050,d:\hpc_project\tdc_unified_core\results\b50_8_multi_offset\offset_p050\b50_7_offset_window_plan.csv,575,range_086301-086500,86301,86500
B50.8_offset_p050,d:\hpc_project\tdc_unified_core\results\b50_8_multi_offset\offset_p050\b50_7_offset_window_plan.csv,576,range_086451-086650,86451,86650
B50.8_offset_p050,d:\hpc_project\tdc_unified_core\results\b50_8_multi_offset\offset_p050\b50_7_offset_window_plan.csv,577,range_086601-086800,86601,86800
B50.8_offset_p050,d:\hpc_project\tdc_unified_core\results\b50_8_multi_offset\offset_p050\b50_7_offset_window_plan.csv,578,range_086751-086950,86751,86950
B50.8_offset_p050,d:\hpc_project\tdc_unified_core\results\b50_8_multi_offset\offset_p050\b50_7_offset_window_plan.csv,579,range_086901-087100,86901,87100
B50.8_offset_p050,d:\hpc_project\tdc_unified_core\results\b50_8_multi_offset\offset_p050\b50_7_offset_window_plan.csv,580,range_087051-087250,87051,87250
B50.8_offset_p050,d:\hpc_project\tdc_unified_core\results\b50_8_multi_offset\offset_p050\b50_7_offset_window_plan.csv,581,range_087201-087400,87201,87400
B50.8_offset_p050,d:\hpc_project\tdc_unified_core\results\b50_8_multi_offset\offset_p050\b50_7_offset_window_plan.csv,582,range_087351-087550,87351,87550
B50.8_offset_p050,d:\hpc_project\tdc_unified_core\results\b50_8_multi_offset\offset_p050\b50_7_offset_window_plan.csv,583,range_087501-087700,87501,87700
B50.8_offset_p050,d:\hpc_project\tdc_unified_core\results\b50_8_multi_offset\offset_p050\b50_7_offset_window_plan.csv,584,range_087651-087850,87651,87850
B50.8_offset_p050,d:\hpc_project\tdc_unified_core\results\b50_8_multi_offset\offset_p050\b50_7_offset_window_plan.csv,585,range_087801-088000,87801,88000
B50.8_offset_p050,d:\hpc_project\tdc_unified_core\results\b50_8_multi_offset\offset_p050\b50_7_offset_window_plan.csv,586,range_087951-088150,87951,88150
B50.8_offset_p050,d:\hpc_project\tdc_unified_core\results\b50_8_multi_offset\offset_p050\b50_7_offset_window_plan.csv,587,range_088101-088300,88101,88300
B50.8_offset_p050,d:\hpc_project\tdc_unified_core\results\b50_8_multi_offset\offset_p050\b50_7_offset_window_plan.csv,588,range_088251-088450,88251,88450
B50.8_offset_p050,d:\hpc_project\tdc_unified_core\results\b50_8_multi_offset\offset_p050\b50_7_offset_window_plan.csv,589,range_088401-088600,88401,88600
B50.8_offset_p050,d:\hpc_project\tdc_unified_core\results\b50_8_multi_offset\offset_p050\b50_7_offset_window_plan.csv,590,range_088551-088750,88551,88750
B50.8_offset_p050,d:\hpc_project\tdc_unified_core\results\b50_8_multi_offset\offset_p050\b50_7_offset_window_plan.csv,591,range_088701-088900,88701,88900
B50.8_offset_p050,d:\hpc_project\tdc_unified_core\results\b50_8_multi_offset\offset_p050\b50_7_offset_window_plan.csv,592,range_088851-089050,88851,89050
B50.8_offset_p050,d:\hpc_project\tdc_unified_core\results\b50_8_multi_offset\offset_p050\b50_7_offset_window_plan.csv,593,range_089001-089200,89001,89200
B50.8_offset_p050,d:\hpc_project\tdc_unified_core\results\b50_8_multi_offset\offset_p050\b50_7_offset_window_plan.csv,594,range_089151-089350,89151,89350
B50.8_offset_p050,d:\hpc_project\tdc_unified_core\results\b50_8_multi_offset\offset_p050\b50_7_offset_window_plan.csv,595,range_089301-089500,89301,89500
B50.8_offset_p050,d:\hpc_project\tdc_unified_core\results\b50_8_multi_offset\offset_p050\b50_7_offset_window_plan.csv,596,range_089451-089650,89451,89650
B50.8_offset_p050,d:\hpc_project\tdc_unified_core\results\b50_8_multi_offset\offset_p050\b50_7_offset_window_plan.csv,597,range_089601-089800,89601,89800
B50.8_offset_p050,d:\hpc_project\tdc_unified_core\results\b50_8_multi_offset\offset_p050\b50_7_offset_window_plan.csv,598,range_089751-089950,89751,89950
B50.8_offset_p050,d:\hpc_project\tdc_unified_core\results\b50_8_multi_offset\offset_p050\b50_7_offset_window_plan.csv,599,range_089901-090100,89901,90100
B50.8_offset_p050,d:\hpc_project\tdc_unified_core\results\b50_8_multi_offset\offset_p050\b50_7_offset_window_plan.csv,600,range_090051-090250,90051,90250
B50.8_offset_p050,d:\hpc_project\tdc_unified_core\results\b50_8_multi_offset\offset_p050\b50_7_offset_window_plan.csv,601,range_090201-090400,90201,90400
B50.8_offset_p050,d:\hpc_project\tdc_unified_core\results\b50_8_multi_offset\offset_p050\b50_7_offset_window_plan.csv,602,range_090351-090550,90351,90550
B50.8_offset_p050,d:\hpc_project\tdc_unified_core\results\b50_8_multi_offset\offset_p050\b50_7_offset_window_plan.csv,603,range_090501-090700,90501,90700
B50.8_offset_p050,d:\hpc_project\tdc_unified_core\results\b50_8_multi_offset\offset_p050\b50_7_offset_window_plan.csv,604,range_090651-090850,90651,90850
B50.8_offset_p050,d:\hpc_project\tdc_unified_core\results\b50_8_multi_offset\offset_p050\b50_7_offset_window_plan.csv,605,range_090801-091000,90801,91000
B50.8_offset_p050,d:\hpc_project\tdc_unified_core\results\b50_8_multi_offset\offset_p050\b50_7_offset_window_plan.csv,606,range_090951-091150,90951,91150
B50.8_offset_p050,d:\hpc_project\tdc_unified_core\results\b50_8_multi_offset\offset_p050\b50_7_offset_window_plan.csv,607,range_091101-091300,91101,91300
B50.8_offset_p050,d:\hpc_project\tdc_unified_core\results\b50_8_multi_offset\offset_p050\b50_7_offset_window_plan.csv,608,range_091251-091450,91251,91450
B50.8_offset_p050,d:\hpc_project\tdc_unified_core\results\b50_8_multi_offset\offset_p050\b50_7_offset_window_plan.csv,609,range_091401-091600,91401,91600
B50.8_offset_p050,d:\hpc_project\tdc_unified_core\results\b50_8_multi_offset\offset_p050\b50_7_offset_window_plan.csv,610,range_091551-091750,91551,91750
B50.8_offset_p050,d:\hpc_project\tdc_unified_core\results\b50_8_multi_offset\offset_p050\b50_7_offset_window_plan.csv,611,range_091701-091900,91701,91900
B50.8_offset_p050,d:\hpc_project\tdc_unified_core\results\b50_8_multi_offset\offset_p050\b50_7_offset_window_plan.csv,612,range_091851-092050,91851,92050
B50.8_offset_p050,d:\hpc_project\tdc_unified_core\results\b50_8_multi_offset\offset_p050\b50_7_offset_window_plan.csv,613,range_092001-092200,92001,92200
B50.8_offset_p050,d:\hpc_project\tdc_unified_core\results\b50_8_multi_offset\offset_p050\b50_7_offset_window_plan.csv,614,range_092151-092350,92151,92350
B50.8_offset_p050,d:\hpc_project\tdc_unified_core\results\b50_8_multi_offset\offset_p050\b50_7_offset_window_plan.csv,615,range_092301-092500,92301,92500
B50.8_offset_p050,d:\hpc_project\tdc_unified_core\results\b50_8_multi_offset\offset_p050\b50_7_offset_window_plan.csv,616,range_092451-092650,92451,92650
B50.8_offset_p050,d:\hpc_project\tdc_unified_core\results\b50_8_multi_offset\offset_p050\b50_7_offset_window_plan.csv,617,range_092601-092800,92601,92800
B50.8_offset_p050,d:\hpc_project\tdc_unified_core\results\b50_8_multi_offset\offset_p050\b50_7_offset_window_plan.csv,618,range_092751-092950,92751,92950
B50.8_offset_p050,d:\hpc_project\tdc_unified_core\results\b50_8_multi_offset\offset_p050\b50_7_offset_window_plan.csv,619,range_092901-093100,92901,93100
B50.8_offset_p050,d:\hpc_project\tdc_unified_core\results\b50_8_multi_offset\offset_p050\b50_7_offset_window_plan.csv,620,range_093051-093250,93051,93250
B50.8_offset_p050,d:\hpc_project\tdc_unified_core\results\b50_8_multi_offset\offset_p050\b50_7_offset_window_plan.csv,621,range_093201-093400,93201,93400
B50.8_offset_p050,d:\hpc_project\tdc_unified_core\results\b50_8_multi_offset\offset_p050\b50_7_offset_window_plan.csv,622,range_093351-093550,93351,93550
B50.8_offset_p050,d:\hpc_project\tdc_unified_core\results\b50_8_multi_offset\offset_p050\b50_7_offset_window_plan.csv,623,range_093501-093700,93501,93700
B50.8_offset_p050,d:\hpc_project\tdc_unified_core\results\b50_8_multi_offset\offset_p050\b50_7_offset_window_plan.csv,624,range_093651-093850,93651,93850
B50.8_offset_p050,d:\hpc_project\tdc_unified_core\results\b50_8_multi_offset\offset_p050\b50_7_offset_window_plan.csv,625,range_093801-094000,93801,94000
B50.8_offset_p050,d:\hpc_project\tdc_unified_core\results\b50_8_multi_offset\offset_p050\b50_7_offset_window_plan.csv,626,range_093951-094150,93951,94150
B50.8_offset_p050,d:\hpc_project\tdc_unified_core\results\b50_8_multi_offset\offset_p050\b50_7_offset_window_plan.csv,627,range_094101-094300,94101,94300
B50.8_offset_p050,d:\hpc_project\tdc_unified_core\results\b50_8_multi_offset\offset_p050\b50_7_offset_window_plan.csv,628,range_094251-094450,94251,94450
B50.8_offset_p050,d:\hpc_project\tdc_unified_core\results\b50_8_multi_offset\offset_p050\b50_7_offset_window_plan.csv,629,range_094401-094600,94401,94600
B50.8_offset_p050,d:\hpc_project\tdc_unified_core\results\b50_8_multi_offset\offset_p050\b50_7_offset_window_plan.csv,630,range_094551-094750,94551,94750
B50.8_offset_p050,d:\hpc_project\tdc_unified_core\results\b50_8_multi_offset\offset_p050\b50_7_offset_window_plan.csv,631,range_094701-094900,94701,94900
B50.8_offset_p050,d:\hpc_project\tdc_unified_core\results\b50_8_multi_offset\offset_p050\b50_7_offset_window_plan.csv,632,range_094851-095050,94851,95050
B50.8_offset_p050,d:\hpc_project\tdc_unified_core\results\b50_8_multi_offset\offset_p050\b50_7_offset_window_plan.csv,633,range_095001-095200,95001,95200
B50.8_offset_p050,d:\hpc_project\tdc_unified_core\results\b50_8_multi_offset\offset_p050\b50_7_offset_window_plan.csv,634,range_095151-095350,95151,95350
B50.8_offset_p050,d:\hpc_project\tdc_unified_core\results\b50_8_multi_offset\offset_p050\b50_7_offset_window_plan.csv,635,range_095301-095500,95301,95500
B50.8_offset_p050,d:\hpc_project\tdc_unified_core\results\b50_8_multi_offset\offset_p050\b50_7_offset_window_plan.csv,636,range_095451-095650,95451,95650
B50.8_offset_p050,d:\hpc_project\tdc_unified_core\results\b50_8_multi_offset\offset_p050\b50_7_offset_window_plan.csv,637,range_095601-095800,95601,95800
B50.8_offset_p050,d:\hpc_project\tdc_unified_core\results\b50_8_multi_offset\offset_p050\b50_7_offset_window_plan.csv,638,range_095751-095950,95751,95950
B50.8_offset_p050,d:\hpc_project\tdc_unified_core\results\b50_8_multi_offset\offset_p050\b50_7_offset_window_plan.csv,639,range_095901-096100,95901,96100
B50.8_offset_p050,d:\hpc_project\tdc_unified_core\results\b50_8_multi_offset\offset_p050\b50_7_offset_window_plan.csv,640,range_096051-096250,96051,96250
B50.8_offset_p050,d:\hpc_project\tdc_unified_core\results\b50_8_multi_offset\offset_p050\b50_7_offset_window_plan.csv,641,range_096201-096400,96201,96400
B50.8_offset_p050,d:\hpc_project\tdc_unified_core\results\b50_8_multi_offset\offset_p050\b50_7_offset_window_plan.csv,642,range_096351-096550,96351,96550
B50.8_offset_p050,d:\hpc_project\tdc_unified_core\results\b50_8_multi_offset\offset_p050\b50_7_offset_window_plan.csv,643,range_096501-096700,96501,96700
B50.8_offset_p050,d:\hpc_project\tdc_unified_core\results\b50_8_multi_offset\offset_p050\b50_7_offset_window_plan.csv,644,range_096651-096850,96651,96850
B50.8_offset_p050,d:\hpc_project\tdc_unified_core\results\b50_8_multi_offset\offset_p050\b50_7_offset_window_plan.csv,645,range_096801-097000,96801,97000
B50.8_offset_p050,d:\hpc_project\tdc_unified_core\results\b50_8_multi_offset\offset_p050\b50_7_offset_window_plan.csv,646,range_096951-097150,96951,97150
B50.8_offset_p050,d:\hpc_project\tdc_unified_core\results\b50_8_multi_offset\offset_p050\b50_7_offset_window_plan.csv,647,range_097101-097300,97101,97300
B50.8_offset_p050,d:\hpc_project\tdc_unified_core\results\b50_8_multi_offset\offset_p050\b50_7_offset_window_plan.csv,648,range_097251-097450,97251,97450
B50.8_offset_p050,d:\hpc_project\tdc_unified_core\results\b50_8_multi_offset\offset_p050\b50_7_offset_window_plan.csv,649,range_097401-097600,97401,97600
B50.8_offset_p050,d:\hpc_project\tdc_unified_core\results\b50_8_multi_offset\offset_p050\b50_7_offset_window_plan.csv,650,range_097551-097750,97551,97750
B50.8_offset_p050,d:\hpc_project\tdc_unified_core\results\b50_8_multi_offset\offset_p050\b50_7_offset_window_plan.csv,651,range_097701-097900,97701,97900
B50.8_offset_p050,d:\hpc_project\tdc_unified_core\results\b50_8_multi_offset\offset_p050\b50_7_offset_window_plan.csv,652,range_097851-098050,97851,98050
B50.8_offset_p050,d:\hpc_project\tdc_unified_core\results\b50_8_multi_offset\offset_p050\b50_7_offset_window_plan.csv,653,range_098001-098200,98001,98200
B50.8_offset_p050,d:\hpc_project\tdc_unified_core\results\b50_8_multi_offset\offset_p050\b50_7_offset_window_plan.csv,654,range_098151-098350,98151,98350
B50.8_offset_p050,d:\hpc_project\tdc_unified_core\results\b50_8_multi_offset\offset_p050\b50_7_offset_window_plan.csv,655,range_098301-098500,98301,98500
B50.8_offset_p050,d:\hpc_project\tdc_unified_core\results\b50_8_multi_offset\offset_p050\b50_7_offset_window_plan.csv,656,range_098451-098650,98451,98650
B50.8_offset_p050,d:\hpc_project\tdc_unified_core\results\b50_8_multi_offset\offset_p050\b50_7_offset_window_plan.csv,657,range_098601-098800,98601,98800
B50.8_offset_p050,d:\hpc_project\tdc_unified_core\results\b50_8_multi_offset\offset_p050\b50_7_offset_window_plan.csv,658,range_098751-098950,98751,98950
B50.8_offset_p050,d:\hpc_project\tdc_unified_core\results\b50_8_multi_offset\offset_p050\b50_7_offset_window_plan.csv,659,range_098901-099100,98901,99100
B50.8_offset_p050,d:\hpc_project\tdc_unified_core\results\b50_8_multi_offset\offset_p050\b50_7_offset_window_plan.csv,660,range_099051-099250,99051,99250
B50.8_offset_p050,d:\hpc_project\tdc_unified_core\results\b50_8_multi_offset\offset_p050\b50_7_offset_window_plan.csv,661,range_099201-099400,99201,99400
B50.8_offset_p050,d:\hpc_project\tdc_unified_core\results\b50_8_multi_offset\offset_p050\b50_7_offset_window_plan.csv,662,range_099351-099550,99351,99550
B50.8_offset_p050,d:\hpc_project\tdc_unified_core\results\b50_8_multi_offset\offset_p050\b50_7_offset_window_plan.csv,663,range_099501-099700,99501,99700
B50.8_offset_p050,d:\hpc_project\tdc_unified_core\results\b50_8_multi_offset\offset_p050\b50_7_offset_window_plan.csv,664,range_099651-099850,99651,99850
B50.8_offset_p050,d:\hpc_project\tdc_unified_core\results\b50_8_multi_offset\offset_p050\b50_7_offset_window_plan.csv,665,range_099801-100000,99801,100000
B50.8_offset_p100,d:\hpc_project\tdc_unified_core\results\b50_8_multi_offset\offset_p100\b50_7_offset_window_plan.csv,0,range_000101-000300,101,300
B50.8_offset_p100,d:\hpc_project\tdc_unified_core\results\b50_8_multi_offset\offset_p100\b50_7_offset_window_plan.csv,1,range_000251-000450,251,450
B50.8_offset_p100,d:\hpc_project\tdc_unified_core\results\b50_8_multi_offset\offset_p100\b50_7_offset_window_plan.csv,2,range_000401-000600,401,600
B50.8_offset_p100,d:\hpc_project\tdc_unified_core\results\b50_8_multi_offset\offset_p100\b50_7_offset_window_plan.csv,3,range_000551-000750,551,750
B50.8_offset_p100,d:\hpc_project\tdc_unified_core\results\b50_8_multi_offset\offset_p100\b50_7_offset_window_plan.csv,4,range_000701-000900,701,900
B50.8_offset_p100,d:\hpc_project\tdc_unified_core\results\b50_8_multi_offset\offset_p100\b50_7_offset_window_plan.csv,5,range_000851-001050,851,1050
B50.8_offset_p100,d:\hpc_project\tdc_unified_core\results\b50_8_multi_offset\offset_p100\b50_7_offset_window_plan.csv,6,range_001001-001200,1001,1200
B50.8_offset_p100,d:\hpc_project\tdc_unified_core\results\b50_8_multi_offset\offset_p100\b50_7_offset_window_plan.csv,7,range_001151-001350,1151,1350
B50.8_offset_p100,d:\hpc_project\tdc_unified_core\results\b50_8_multi_offset\offset_p100\b50_7_offset_window_plan.csv,8,range_001301-001500,1301,1500
B50.8_offset_p100,d:\hpc_project\tdc_unified_core\results\b50_8_multi_offset\offset_p100\b50_7_offset_window_plan.csv,9,range_001451-001650,1451,1650
B50.8_offset_p100,d:\hpc_project\tdc_unified_core\results\b50_8_multi_offset\offset_p100\b50_7_offset_window_plan.csv,10,range_001601-001800,1601,1800
B50.8_offset_p100,d:\hpc_project\tdc_unified_core\results\b50_8_multi_offset\offset_p100\b50_7_offset_window_plan.csv,11,range_001751-001950,1751,1950
B50.8_offset_p100,d:\hpc_project\tdc_unified_core\results\b50_8_multi_offset\offset_p100\b50_7_offset_window_plan.csv,12,range_001901-002100,1901,2100
B50.8_offset_p100,d:\hpc_project\tdc_unified_core\results\b50_8_multi_offset\offset_p100\b50_7_offset_window_plan.csv,13,range_002051-002250,2051,2250
B50.8_offset_p100,d:\hpc_project\tdc_unified_core\results\b50_8_multi_offset\offset_p100\b50_7_offset_window_plan.csv,14,range_002201-002400,2201,2400
B50.8_offset_p100,d:\hpc_project\tdc_unified_core\results\b50_8_multi_offset\offset_p100\b50_7_offset_window_plan.csv,15,range_002351-002550,2351,2550
B50.8_offset_p100,d:\hpc_project\tdc_unified_core\results\b50_8_multi_offset\offset_p100\b50_7_offset_window_plan.csv,16,range_002501-002700,2501,2700
B50.8_offset_p100,d:\hpc_project\tdc_unified_core\results\b50_8_multi_offset\offset_p100\b50_7_offset_window_plan.csv,17,range_002651-002850,2651,2850
B50.8_offset_p100,d:\hpc_project\tdc_unified_core\results\b50_8_multi_offset\offset_p100\b50_7_offset_window_plan.csv,18,range_002801-003000,2801,3000
B50.8_offset_p100,d:\hpc_project\tdc_unified_core\results\b50_8_multi_offset\offset_p100\b50_7_offset_window_plan.csv,19,range_002951-003150,2951,3150
B50.8_offset_p100,d:\hpc_project\tdc_unified_core\results\b50_8_multi_offset\offset_p100\b50_7_offset_window_plan.csv,20,range_003101-003300,3101,3300
B50.8_offset_p100,d:\hpc_project\tdc_unified_core\results\b50_8_multi_offset\offset_p100\b50_7_offset_window_plan.csv,21,range_003251-003450,3251,3450
B50.8_offset_p100,d:\hpc_project\tdc_unified_core\results\b50_8_multi_offset\offset_p100\b50_7_offset_window_plan.csv,22,range_003401-003600,3401,3600
B50.8_offset_p100,d:\hpc_project\tdc_unified_core\results\b50_8_multi_offset\offset_p100\b50_7_offset_window_plan.csv,23,range_003551-003750,3551,3750
B50.8_offset_p100,d:\hpc_project\tdc_unified_core\results\b50_8_multi_offset\offset_p100\b50_7_offset_window_plan.csv,24,range_003701-003900,3701,3900
B50.8_offset_p100,d:\hpc_project\tdc_unified_core\results\b50_8_multi_offset\offset_p100\b50_7_offset_window_plan.csv,25,range_003851-004050,3851,4050
B50.8_offset_p100,d:\hpc_project\tdc_unified_core\results\b50_8_multi_offset\offset_p100\b50_7_offset_window_plan.csv,26,range_004001-004200,4001,4200
B50.8_offset_p100,d:\hpc_project\tdc_unified_core\results\b50_8_multi_offset\offset_p100\b50_7_offset_window_plan.csv,27,range_004151-004350,4151,4350
B50.8_offset_p100,d:\hpc_project\tdc_unified_core\results\b50_8_multi_offset\offset_p100\b50_7_offset_window_plan.csv,28,range_004301-004500,4301,4500
B50.8_offset_p100,d:\hpc_project\tdc_unified_core\results\b50_8_multi_offset\offset_p100\b50_7_offset_window_plan.csv,29,range_004451-004650,4451,4650
B50.8_offset_p100,d:\hpc_project\tdc_unified_core\results\b50_8_multi_offset\offset_p100\b50_7_offset_window_plan.csv,30,range_004601-004800,4601,4800
B50.8_offset_p100,d:\hpc_project\tdc_unified_core\results\b50_8_multi_offset\offset_p100\b50_7_offset_window_plan.csv,31,range_004751-004950,4751,4950
B50.8_offset_p100,d:\hpc_project\tdc_unified_core\results\b50_8_multi_offset\offset_p100\b50_7_offset_window_plan.csv,32,range_004901-005100,4901,5100
B50.8_offset_p100,d:\hpc_project\tdc_unified_core\results\b50_8_multi_offset\offset_p100\b50_7_offset_window_plan.csv,33,range_005051-005250,5051,5250
B50.8_offset_p100,d:\hpc_project\tdc_unified_core\results\b50_8_multi_offset\offset_p100\b50_7_offset_window_plan.csv,34,range_005201-005400,5201,5400
B50.8_offset_p100,d:\hpc_project\tdc_unified_core\results\b50_8_multi_offset\offset_p100\b50_7_offset_window_plan.csv,35,range_005351-005550,5351,5550
B50.8_offset_p100,d:\hpc_project\tdc_unified_core\results\b50_8_multi_offset\offset_p100\b50_7_offset_window_plan.csv,36,range_005501-005700,5501,5700
B50.8_offset_p100,d:\hpc_project\tdc_unified_core\results\b50_8_multi_offset\offset_p100\b50_7_offset_window_plan.csv,37,range_005651-005850,5651,5850
B50.8_offset_p100,d:\hpc_project\tdc_unified_core\results\b50_8_multi_offset\offset_p100\b50_7_offset_window_plan.csv,38,range_005801-006000,5801,6000
B50.8_offset_p100,d:\hpc_project\tdc_unified_core\results\b50_8_multi_offset\offset_p100\b50_7_offset_window_plan.csv,39,range_005951-006150,5951,6150
B50.8_offset_p100,d:\hpc_project\tdc_unified_core\results\b50_8_multi_offset\offset_p100\b50_7_offset_window_plan.csv,40,range_006101-006300,6101,6300
B50.8_offset_p100,d:\hpc_project\tdc_unified_core\results\b50_8_multi_offset\offset_p100\b50_7_offset_window_plan.csv,41,range_006251-006450,6251,6450
B50.8_offset_p100,d:\hpc_project\tdc_unified_core\results\b50_8_multi_offset\offset_p100\b50_7_offset_window_plan.csv,42,range_006401-006600,6401,6600
B50.8_offset_p100,d:\hpc_project\tdc_unified_core\results\b50_8_multi_offset\offset_p100\b50_7_offset_window_plan.csv,43,range_006551-006750,6551,6750
B50.8_offset_p100,d:\hpc_project\tdc_unified_core\results\b50_8_multi_offset\offset_p100\b50_7_offset_window_plan.csv,44,range_006701-006900,6701,6900
B50.8_offset_p100,d:\hpc_project\tdc_unified_core\results\b50_8_multi_offset\offset_p100\b50_7_offset_window_plan.csv,45,range_006851-007050,6851,7050
B50.8_offset_p100,d:\hpc_project\tdc_unified_core\results\b50_8_multi_offset\offset_p100\b50_7_offset_window_plan.csv,46,range_007001-007200,7001,7200
B50.8_offset_p100,d:\hpc_project\tdc_unified_core\results\b50_8_multi_offset\offset_p100\b50_7_offset_window_plan.csv,47,range_007151-007350,7151,7350
B50.8_offset_p100,d:\hpc_project\tdc_unified_core\results\b50_8_multi_offset\offset_p100\b50_7_offset_window_plan.csv,48,range_007301-007500,7301,7500
B50.8_offset_p100,d:\hpc_project\tdc_unified_core\results\b50_8_multi_offset\offset_p100\b50_7_offset_window_plan.csv,49,range_007451-007650,7451,7650
B50.8_offset_p100,d:\hpc_project\tdc_unified_core\results\b50_8_multi_offset\offset_p100\b50_7_offset_window_plan.csv,50,range_007601-007800,7601,7800
B50.8_offset_p100,d:\hpc_project\tdc_unified_core\results\b50_8_multi_offset\offset_p100\b50_7_offset_window_plan.csv,51,range_007751-007950,7751,7950
B50.8_offset_p100,d:\hpc_project\tdc_unified_core\results\b50_8_multi_offset\offset_p100\b50_7_offset_window_plan.csv,52,range_007901-008100,7901,8100
B50.8_offset_p100,d:\hpc_project\tdc_unified_core\results\b50_8_multi_offset\offset_p100\b50_7_offset_window_plan.csv,53,range_008051-008250,8051,8250
B50.8_offset_p100,d:\hpc_project\tdc_unified_core\results\b50_8_multi_offset\offset_p100\b50_7_offset_window_plan.csv,54,range_008201-008400,8201,8400
B50.8_offset_p100,d:\hpc_project\tdc_unified_core\results\b50_8_multi_offset\offset_p100\b50_7_offset_window_plan.csv,55,range_008351-008550,8351,8550
B50.8_offset_p100,d:\hpc_project\tdc_unified_core\results\b50_8_multi_offset\offset_p100\b50_7_offset_window_plan.csv,56,range_008501-008700,8501,8700
B50.8_offset_p100,d:\hpc_project\tdc_unified_core\results\b50_8_multi_offset\offset_p100\b50_7_offset_window_plan.csv,57,range_008651-008850,8651,8850
B50.8_offset_p100,d:\hpc_project\tdc_unified_core\results\b50_8_multi_offset\offset_p100\b50_7_offset_window_plan.csv,58,range_008801-009000,8801,9000
B50.8_offset_p100,d:\hpc_project\tdc_unified_core\results\b50_8_multi_offset\offset_p100\b50_7_offset_window_plan.csv,59,range_008951-009150,8951,9150
B50.8_offset_p100,d:\hpc_project\tdc_unified_core\results\b50_8_multi_offset\offset_p100\b50_7_offset_window_plan.csv,60,range_009101-009300,9101,9300
B50.8_offset_p100,d:\hpc_project\tdc_unified_core\results\b50_8_multi_offset\offset_p100\b50_7_offset_window_plan.csv,61,range_009251-009450,9251,9450
B50.8_offset_p100,d:\hpc_project\tdc_unified_core\results\b50_8_multi_offset\offset_p100\b50_7_offset_window_plan.csv,62,range_009401-009600,9401,9600
B50.8_offset_p100,d:\hpc_project\tdc_unified_core\results\b50_8_multi_offset\offset_p100\b50_7_offset_window_plan.csv,63,range_009551-009750,9551,9750
B50.8_offset_p100,d:\hpc_project\tdc_unified_core\results\b50_8_multi_offset\offset_p100\b50_7_offset_window_plan.csv,64,range_009701-009900,9701,9900
B50.8_offset_p100,d:\hpc_project\tdc_unified_core\results\b50_8_multi_offset\offset_p100\b50_7_offset_window_plan.csv,65,range_009851-010050,9851,10050
B50.8_offset_p100,d:\hpc_project\tdc_unified_core\results\b50_8_multi_offset\offset_p100\b50_7_offset_window_plan.csv,66,range_010001-010200,10001,10200
B50.8_offset_p100,d:\hpc_project\tdc_unified_core\results\b50_8_multi_offset\offset_p100\b50_7_offset_window_plan.csv,67,range_010151-010350,10151,10350
B50.8_offset_p100,d:\hpc_project\tdc_unified_core\results\b50_8_multi_offset\offset_p100\b50_7_offset_window_plan.csv,68,range_010301-010500,10301,10500
B50.8_offset_p100,d:\hpc_project\tdc_unified_core\results\b50_8_multi_offset\offset_p100\b50_7_offset_window_plan.csv,69,range_010451-010650,10451,10650
B50.8_offset_p100,d:\hpc_project\tdc_unified_core\results\b50_8_multi_offset\offset_p100\b50_7_offset_window_plan.csv,70,range_010601-010800,10601,10800
B50.8_offset_p100,d:\hpc_project\tdc_unified_core\results\b50_8_multi_offset\offset_p100\b50_7_offset_window_plan.csv,71,range_010751-010950,10751,10950
B50.8_offset_p100,d:\hpc_project\tdc_unified_core\results\b50_8_multi_offset\offset_p100\b50_7_offset_window_plan.csv,72,range_010901-011100,10901,11100
B50.8_offset_p100,d:\hpc_project\tdc_unified_core\results\b50_8_multi_offset\offset_p100\b50_7_offset_window_plan.csv,73,range_011051-011250,11051,11250
B50.8_offset_p100,d:\hpc_project\tdc_unified_core\results\b50_8_multi_offset\offset_p100\b50_7_offset_window_plan.csv,74,range_011201-011400,11201,11400
B50.8_offset_p100,d:\hpc_project\tdc_unified_core\results\b50_8_multi_offset\offset_p100\b50_7_offset_window_plan.csv,75,range_011351-011550,11351,11550
B50.8_offset_p100,d:\hpc_project\tdc_unified_core\results\b50_8_multi_offset\offset_p100\b50_7_offset_window_plan.csv,76,range_011501-011700,11501,11700
B50.8_offset_p100,d:\hpc_project\tdc_unified_core\results\b50_8_multi_offset\offset_p100\b50_7_offset_window_plan.csv,77,range_011651-011850,11651,11850
B50.8_offset_p100,d:\hpc_project\tdc_unified_core\results\b50_8_multi_offset\offset_p100\b50_7_offset_window_plan.csv,78,range_011801-012000,11801,12000
B50.8_offset_p100,d:\hpc_project\tdc_unified_core\results\b50_8_multi_offset\offset_p100\b50_7_offset_window_plan.csv,79,range_011951-012150,11951,12150
B50.8_offset_p100,d:\hpc_project\tdc_unified_core\results\b50_8_multi_offset\offset_p100\b50_7_offset_window_plan.csv,80,range_012101-012300,12101,12300
B50.8_offset_p100,d:\hpc_project\tdc_unified_core\results\b50_8_multi_offset\offset_p100\b50_7_offset_window_plan.csv,81,range_012251-012450,12251,12450
B50.8_offset_p100,d:\hpc_project\tdc_unified_core\results\b50_8_multi_offset\offset_p100\b50_7_offset_window_plan.csv,82,range_012401-012600,12401,12600
B50.8_offset_p100,d:\hpc_project\tdc_unified_core\results\b50_8_multi_offset\offset_p100\b50_7_offset_window_plan.csv,83,range_012551-012750,12551,12750
B50.8_offset_p100,d:\hpc_project\tdc_unified_core\results\b50_8_multi_offset\offset_p100\b50_7_offset_window_plan.csv,84,range_012701-012900,12701,12900
B50.8_offset_p100,d:\hpc_project\tdc_unified_core\results\b50_8_multi_offset\offset_p100\b50_7_offset_window_plan.csv,85,range_012851-013050,12851,13050
B50.8_offset_p100,d:\hpc_project\tdc_unified_core\results\b50_8_multi_offset\offset_p100\b50_7_offset_window_plan.csv,86,range_013001-013200,13001,13200
B50.8_offset_p100,d:\hpc_project\tdc_unified_core\results\b50_8_multi_offset\offset_p100\b50_7_offset_window_plan.csv,87,range_013151-013350,13151,13350
B50.8_offset_p100,d:\hpc_project\tdc_unified_core\results\b50_8_multi_offset\offset_p100\b50_7_offset_window_plan.csv,88,range_013301-013500,13301,13500
B50.8_offset_p100,d:\hpc_project\tdc_unified_core\results\b50_8_multi_offset\offset_p100\b50_7_offset_window_plan.csv,89,range_013451-013650,13451,13650
B50.8_offset_p100,d:\hpc_project\tdc_unified_core\results\b50_8_multi_offset\offset_p100\b50_7_offset_window_plan.csv,90,range_013601-013800,13601,13800
B50.8_offset_p100,d:\hpc_project\tdc_unified_core\results\b50_8_multi_offset\offset_p100\b50_7_offset_window_plan.csv,91,range_013751-013950,13751,13950
B50.8_offset_p100,d:\hpc_project\tdc_unified_core\results\b50_8_multi_offset\offset_p100\b50_7_offset_window_plan.csv,92,range_013901-014100,13901,14100
B50.8_offset_p100,d:\hpc_project\tdc_unified_core\results\b50_8_multi_offset\offset_p100\b50_7_offset_window_plan.csv,93,range_014051-014250,14051,14250
B50.8_offset_p100,d:\hpc_project\tdc_unified_core\results\b50_8_multi_offset\offset_p100\b50_7_offset_window_plan.csv,94,range_014201-014400,14201,14400
B50.8_offset_p100,d:\hpc_project\tdc_unified_core\results\b50_8_multi_offset\offset_p100\b50_7_offset_window_plan.csv,95,range_014351-014550,14351,14550
B50.8_offset_p100,d:\hpc_project\tdc_unified_core\results\b50_8_multi_offset\offset_p100\b50_7_offset_window_plan.csv,96,range_014501-014700,14501,14700
B50.8_offset_p100,d:\hpc_project\tdc_unified_core\results\b50_8_multi_offset\offset_p100\b50_7_offset_window_plan.csv,97,range_014651-014850,14651,14850
B50.8_offset_p100,d:\hpc_project\tdc_unified_core\results\b50_8_multi_offset\offset_p100\b50_7_offset_window_plan.csv,98,range_014801-015000,14801,15000
B50.8_offset_p100,d:\hpc_project\tdc_unified_core\results\b50_8_multi_offset\offset_p100\b50_7_offset_window_plan.csv,99,range_014951-015150,14951,15150
B50.8_offset_p100,d:\hpc_project\tdc_unified_core\results\b50_8_multi_offset\offset_p100\b50_7_offset_window_plan.csv,100,range_015101-015300,15101,15300
B50.8_offset_p100,d:\hpc_project\tdc_unified_core\results\b50_8_multi_offset\offset_p100\b50_7_offset_window_plan.csv,101,range_015251-015450,15251,15450
B50.8_offset_p100,d:\hpc_project\tdc_unified_core\results\b50_8_multi_offset\offset_p100\b50_7_offset_window_plan.csv,102,range_015401-015600,15401,15600
B50.8_offset_p100,d:\hpc_project\tdc_unified_core\results\b50_8_multi_offset\offset_p100\b50_7_offset_window_plan.csv,103,range_015551-015750,15551,15750
B50.8_offset_p100,d:\hpc_project\tdc_unified_core\results\b50_8_multi_offset\offset_p100\b50_7_offset_window_plan.csv,104,range_015701-015900,15701,15900
B50.8_offset_p100,d:\hpc_project\tdc_unified_core\results\b50_8_multi_offset\offset_p100\b50_7_offset_window_plan.csv,105,range_015851-016050,15851,16050
B50.8_offset_p100,d:\hpc_project\tdc_unified_core\results\b50_8_multi_offset\offset_p100\b50_7_offset_window_plan.csv,106,range_016001-016200,16001,16200
B50.8_offset_p100,d:\hpc_project\tdc_unified_core\results\b50_8_multi_offset\offset_p100\b50_7_offset_window_plan.csv,107,range_016151-016350,16151,16350
B50.8_offset_p100,d:\hpc_project\tdc_unified_core\results\b50_8_multi_offset\offset_p100\b50_7_offset_window_plan.csv,108,range_016301-016500,16301,16500
B50.8_offset_p100,d:\hpc_project\tdc_unified_core\results\b50_8_multi_offset\offset_p100\b50_7_offset_window_plan.csv,109,range_016451-016650,16451,16650
B50.8_offset_p100,d:\hpc_project\tdc_unified_core\results\b50_8_multi_offset\offset_p100\b50_7_offset_window_plan.csv,110,range_016601-016800,16601,16800
B50.8_offset_p100,d:\hpc_project\tdc_unified_core\results\b50_8_multi_offset\offset_p100\b50_7_offset_window_plan.csv,111,range_016751-016950,16751,16950
B50.8_offset_p100,d:\hpc_project\tdc_unified_core\results\b50_8_multi_offset\offset_p100\b50_7_offset_window_plan.csv,112,range_016901-017100,16901,17100
B50.8_offset_p100,d:\hpc_project\tdc_unified_core\results\b50_8_multi_offset\offset_p100\b50_7_offset_window_plan.csv,113,range_017051-017250,17051,17250
B50.8_offset_p100,d:\hpc_project\tdc_unified_core\results\b50_8_multi_offset\offset_p100\b50_7_offset_window_plan.csv,114,range_017201-017400,17201,17400
B50.8_offset_p100,d:\hpc_project\tdc_unified_core\results\b50_8_multi_offset\offset_p100\b50_7_offset_window_plan.csv,115,range_017351-017550,17351,17550
B50.8_offset_p100,d:\hpc_project\tdc_unified_core\results\b50_8_multi_offset\offset_p100\b50_7_offset_window_plan.csv,116,range_017501-017700,17501,17700
B50.8_offset_p100,d:\hpc_project\tdc_unified_core\results\b50_8_multi_offset\offset_p100\b50_7_offset_window_plan.csv,117,range_017651-017850,17651,17850
B50.8_offset_p100,d:\hpc_project\tdc_unified_core\results\b50_8_multi_offset\offset_p100\b50_7_offset_window_plan.csv,118,range_017801-018000,17801,18000
B50.8_offset_p100,d:\hpc_project\tdc_unified_core\results\b50_8_multi_offset\offset_p100\b50_7_offset_window_plan.csv,119,range_017951-018150,17951,18150
B50.8_offset_p100,d:\hpc_project\tdc_unified_core\results\b50_8_multi_offset\offset_p100\b50_7_offset_window_plan.csv,120,range_018101-018300,18101,18300
B50.8_offset_p100,d:\hpc_project\tdc_unified_core\results\b50_8_multi_offset\offset_p100\b50_7_offset_window_plan.csv,121,range_018251-018450,18251,18450
B50.8_offset_p100,d:\hpc_project\tdc_unified_core\results\b50_8_multi_offset\offset_p100\b50_7_offset_window_plan.csv,122,range_018401-018600,18401,18600
B50.8_offset_p100,d:\hpc_project\tdc_unified_core\results\b50_8_multi_offset\offset_p100\b50_7_offset_window_plan.csv,123,range_018551-018750,18551,18750
B50.8_offset_p100,d:\hpc_project\tdc_unified_core\results\b50_8_multi_offset\offset_p100\b50_7_offset_window_plan.csv,124,range_018701-018900,18701,18900
B50.8_offset_p100,d:\hpc_project\tdc_unified_core\results\b50_8_multi_offset\offset_p100\b50_7_offset_window_plan.csv,125,range_018851-019050,18851,19050
B50.8_offset_p100,d:\hpc_project\tdc_unified_core\results\b50_8_multi_offset\offset_p100\b50_7_offset_window_plan.csv,126,range_019001-019200,19001,19200
B50.8_offset_p100,d:\hpc_project\tdc_unified_core\results\b50_8_multi_offset\offset_p100\b50_7_offset_window_plan.csv,127,range_019151-019350,19151,19350
B50.8_offset_p100,d:\hpc_project\tdc_unified_core\results\b50_8_multi_offset\offset_p100\b50_7_offset_window_plan.csv,128,range_019301-019500,19301,19500
B50.8_offset_p100,d:\hpc_project\tdc_unified_core\results\b50_8_multi_offset\offset_p100\b50_7_offset_window_plan.csv,129,range_019451-019650,19451,19650
B50.8_offset_p100,d:\hpc_project\tdc_unified_core\results\b50_8_multi_offset\offset_p100\b50_7_offset_window_plan.csv,130,range_019601-019800,19601,19800
B50.8_offset_p100,d:\hpc_project\tdc_unified_core\results\b50_8_multi_offset\offset_p100\b50_7_offset_window_plan.csv,131,range_019751-019950,19751,19950
B50.8_offset_p100,d:\hpc_project\tdc_unified_core\results\b50_8_multi_offset\offset_p100\b50_7_offset_window_plan.csv,132,range_019901-020100,19901,20100
B50.8_offset_p100,d:\hpc_project\tdc_unified_core\results\b50_8_multi_offset\offset_p100\b50_7_offset_window_plan.csv,133,range_020051-020250,20051,20250
B50.8_offset_p100,d:\hpc_project\tdc_unified_core\results\b50_8_multi_offset\offset_p100\b50_7_offset_window_plan.csv,134,range_020201-020400,20201,20400
B50.8_offset_p100,d:\hpc_project\tdc_unified_core\results\b50_8_multi_offset\offset_p100\b50_7_offset_window_plan.csv,135,range_020351-020550,20351,20550
B50.8_offset_p100,d:\hpc_project\tdc_unified_core\results\b50_8_multi_offset\offset_p100\b50_7_offset_window_plan.csv,136,range_020501-020700,20501,20700
B50.8_offset_p100,d:\hpc_project\tdc_unified_core\results\b50_8_multi_offset\offset_p100\b50_7_offset_window_plan.csv,137,range_020651-020850,20651,20850
B50.8_offset_p100,d:\hpc_project\tdc_unified_core\results\b50_8_multi_offset\offset_p100\b50_7_offset_window_plan.csv,138,range_020801-021000,20801,21000
B50.8_offset_p100,d:\hpc_project\tdc_unified_core\results\b50_8_multi_offset\offset_p100\b50_7_offset_window_plan.csv,139,range_020951-021150,20951,21150
B50.8_offset_p100,d:\hpc_project\tdc_unified_core\results\b50_8_multi_offset\offset_p100\b50_7_offset_window_plan.csv,140,range_021101-021300,21101,21300
B50.8_offset_p100,d:\hpc_project\tdc_unified_core\results\b50_8_multi_offset\offset_p100\b50_7_offset_window_plan.csv,141,range_021251-021450,21251,21450
B50.8_offset_p100,d:\hpc_project\tdc_unified_core\results\b50_8_multi_offset\offset_p100\b50_7_offset_window_plan.csv,142,range_021401-021600,21401,21600
B50.8_offset_p100,d:\hpc_project\tdc_unified_core\results\b50_8_multi_offset\offset_p100\b50_7_offset_window_plan.csv,143,range_021551-021750,21551,21750
B50.8_offset_p100,d:\hpc_project\tdc_unified_core\results\b50_8_multi_offset\offset_p100\b50_7_offset_window_plan.csv,144,range_021701-021900,21701,21900
B50.8_offset_p100,d:\hpc_project\tdc_unified_core\results\b50_8_multi_offset\offset_p100\b50_7_offset_window_plan.csv,145,range_021851-022050,21851,22050
B50.8_offset_p100,d:\hpc_project\tdc_unified_core\results\b50_8_multi_offset\offset_p100\b50_7_offset_window_plan.csv,146,range_022001-022200,22001,22200
B50.8_offset_p100,d:\hpc_project\tdc_unified_core\results\b50_8_multi_offset\offset_p100\b50_7_offset_window_plan.csv,147,range_022151-022350,22151,22350
B50.8_offset_p100,d:\hpc_project\tdc_unified_core\results\b50_8_multi_offset\offset_p100\b50_7_offset_window_plan.csv,148,range_022301-022500,22301,22500
B50.8_offset_p100,d:\hpc_project\tdc_unified_core\results\b50_8_multi_offset\offset_p100\b50_7_offset_window_plan.csv,149,range_022451-022650,22451,22650
B50.8_offset_p100,d:\hpc_project\tdc_unified_core\results\b50_8_multi_offset\offset_p100\b50_7_offset_window_plan.csv,150,range_022601-022800,22601,22800
B50.8_offset_p100,d:\hpc_project\tdc_unified_core\results\b50_8_multi_offset\offset_p100\b50_7_offset_window_plan.csv,151,range_022751-022950,22751,22950
B50.8_offset_p100,d:\hpc_project\tdc_unified_core\results\b50_8_multi_offset\offset_p100\b50_7_offset_window_plan.csv,152,range_022901-023100,22901,23100
B50.8_offset_p100,d:\hpc_project\tdc_unified_core\results\b50_8_multi_offset\offset_p100\b50_7_offset_window_plan.csv,153,range_023051-023250,23051,23250
B50.8_offset_p100,d:\hpc_project\tdc_unified_core\results\b50_8_multi_offset\offset_p100\b50_7_offset_window_plan.csv,154,range_023201-023400,23201,23400
B50.8_offset_p100,d:\hpc_project\tdc_unified_core\results\b50_8_multi_offset\offset_p100\b50_7_offset_window_plan.csv,155,range_023351-023550,23351,23550
B50.8_offset_p100,d:\hpc_project\tdc_unified_core\results\b50_8_multi_offset\offset_p100\b50_7_offset_window_plan.csv,156,range_023501-023700,23501,23700
B50.8_offset_p100,d:\hpc_project\tdc_unified_core\results\b50_8_multi_offset\offset_p100\b50_7_offset_window_plan.csv,157,range_023651-023850,23651,23850
B50.8_offset_p100,d:\hpc_project\tdc_unified_core\results\b50_8_multi_offset\offset_p100\b50_7_offset_window_plan.csv,158,range_023801-024000,23801,24000
B50.8_offset_p100,d:\hpc_project\tdc_unified_core\results\b50_8_multi_offset\offset_p100\b50_7_offset_window_plan.csv,159,range_023951-024150,23951,24150
B50.8_offset_p100,d:\hpc_project\tdc_unified_core\results\b50_8_multi_offset\offset_p100\b50_7_offset_window_plan.csv,160,range_024101-024300,24101,24300
B50.8_offset_p100,d:\hpc_project\tdc_unified_core\results\b50_8_multi_offset\offset_p100\b50_7_offset_window_plan.csv,161,range_024251-024450,24251,24450
B50.8_offset_p100,d:\hpc_project\tdc_unified_core\results\b50_8_multi_offset\offset_p100\b50_7_offset_window_plan.csv,162,range_024401-024600,24401,24600
B50.8_offset_p100,d:\hpc_project\tdc_unified_core\results\b50_8_multi_offset\offset_p100\b50_7_offset_window_plan.csv,163,range_024551-024750,24551,24750
B50.8_offset_p100,d:\hpc_project\tdc_unified_core\results\b50_8_multi_offset\offset_p100\b50_7_offset_window_plan.csv,164,range_024701-024900,24701,24900
B50.8_offset_p100,d:\hpc_project\tdc_unified_core\results\b50_8_multi_offset\offset_p100\b50_7_offset_window_plan.csv,165,range_024851-025050,24851,25050
B50.8_offset_p100,d:\hpc_project\tdc_unified_core\results\b50_8_multi_offset\offset_p100\b50_7_offset_window_plan.csv,166,range_025001-025200,25001,25200
B50.8_offset_p100,d:\hpc_project\tdc_unified_core\results\b50_8_multi_offset\offset_p100\b50_7_offset_window_plan.csv,167,range_025151-025350,25151,25350
B50.8_offset_p100,d:\hpc_project\tdc_unified_core\results\b50_8_multi_offset\offset_p100\b50_7_offset_window_plan.csv,168,range_025301-025500,25301,25500
B50.8_offset_p100,d:\hpc_project\tdc_unified_core\results\b50_8_multi_offset\offset_p100\b50_7_offset_window_plan.csv,169,range_025451-025650,25451,25650
B50.8_offset_p100,d:\hpc_project\tdc_unified_core\results\b50_8_multi_offset\offset_p100\b50_7_offset_window_plan.csv,170,range_025601-025800,25601,25800
B50.8_offset_p100,d:\hpc_project\tdc_unified_core\results\b50_8_multi_offset\offset_p100\b50_7_offset_window_plan.csv,171,range_025751-025950,25751,25950
B50.8_offset_p100,d:\hpc_project\tdc_unified_core\results\b50_8_multi_offset\offset_p100\b50_7_offset_window_plan.csv,172,range_025901-026100,25901,26100
B50.8_offset_p100,d:\hpc_project\tdc_unified_core\results\b50_8_multi_offset\offset_p100\b50_7_offset_window_plan.csv,173,range_026051-026250,26051,26250
B50.8_offset_p100,d:\hpc_project\tdc_unified_core\results\b50_8_multi_offset\offset_p100\b50_7_offset_window_plan.csv,174,range_026201-026400,26201,26400
B50.8_offset_p100,d:\hpc_project\tdc_unified_core\results\b50_8_multi_offset\offset_p100\b50_7_offset_window_plan.csv,175,range_026351-026550,26351,26550
B50.8_offset_p100,d:\hpc_project\tdc_unified_core\results\b50_8_multi_offset\offset_p100\b50_7_offset_window_plan.csv,176,range_026501-026700,26501,26700
B50.8_offset_p100,d:\hpc_project\tdc_unified_core\results\b50_8_multi_offset\offset_p100\b50_7_offset_window_plan.csv,177,range_026651-026850,26651,26850
B50.8_offset_p100,d:\hpc_project\tdc_unified_core\results\b50_8_multi_offset\offset_p100\b50_7_offset_window_plan.csv,178,range_026801-027000,26801,27000
B50.8_offset_p100,d:\hpc_project\tdc_unified_core\results\b50_8_multi_offset\offset_p100\b50_7_offset_window_plan.csv,179,range_026951-027150,26951,27150
B50.8_offset_p100,d:\hpc_project\tdc_unified_core\results\b50_8_multi_offset\offset_p100\b50_7_offset_window_plan.csv,180,range_027101-027300,27101,27300
B50.8_offset_p100,d:\hpc_project\tdc_unified_core\results\b50_8_multi_offset\offset_p100\b50_7_offset_window_plan.csv,181,range_027251-027450,27251,27450
B50.8_offset_p100,d:\hpc_project\tdc_unified_core\results\b50_8_multi_offset\offset_p100\b50_7_offset_window_plan.csv,182,range_027401-027600,27401,27600
B50.8_offset_p100,d:\hpc_project\tdc_unified_core\results\b50_8_multi_offset\offset_p100\b50_7_offset_window_plan.csv,183,range_027551-027750,27551,27750
B50.8_offset_p100,d:\hpc_project\tdc_unified_core\results\b50_8_multi_offset\offset_p100\b50_7_offset_window_plan.csv,184,range_027701-027900,27701,27900
B50.8_offset_p100,d:\hpc_project\tdc_unified_core\results\b50_8_multi_offset\offset_p100\b50_7_offset_window_plan.csv,185,range_027851-028050,27851,28050
B50.8_offset_p100,d:\hpc_project\tdc_unified_core\results\b50_8_multi_offset\offset_p100\b50_7_offset_window_plan.csv,186,range_028001-028200,28001,28200
B50.8_offset_p100,d:\hpc_project\tdc_unified_core\results\b50_8_multi_offset\offset_p100\b50_7_offset_window_plan.csv,187,range_028151-028350,28151,28350
B50.8_offset_p100,d:\hpc_project\tdc_unified_core\results\b50_8_multi_offset\offset_p100\b50_7_offset_window_plan.csv,188,range_028301-028500,28301,28500
B50.8_offset_p100,d:\hpc_project\tdc_unified_core\results\b50_8_multi_offset\offset_p100\b50_7_offset_window_plan.csv,189,range_028451-028650,28451,28650
B50.8_offset_p100,d:\hpc_project\tdc_unified_core\results\b50_8_multi_offset\offset_p100\b50_7_offset_window_plan.csv,190,range_028601-028800,28601,28800
B50.8_offset_p100,d:\hpc_project\tdc_unified_core\results\b50_8_multi_offset\offset_p100\b50_7_offset_window_plan.csv,191,range_028751-028950,28751,28950
B50.8_offset_p100,d:\hpc_project\tdc_unified_core\results\b50_8_multi_offset\offset_p100\b50_7_offset_window_plan.csv,192,range_028901-029100,28901,29100
B50.8_offset_p100,d:\hpc_project\tdc_unified_core\results\b50_8_multi_offset\offset_p100\b50_7_offset_window_plan.csv,193,range_029051-029250,29051,29250
B50.8_offset_p100,d:\hpc_project\tdc_unified_core\results\b50_8_multi_offset\offset_p100\b50_7_offset_window_plan.csv,194,range_029201-029400,29201,29400
B50.8_offset_p100,d:\hpc_project\tdc_unified_core\results\b50_8_multi_offset\offset_p100\b50_7_offset_window_plan.csv,195,range_029351-029550,29351,29550
B50.8_offset_p100,d:\hpc_project\tdc_unified_core\results\b50_8_multi_offset\offset_p100\b50_7_offset_window_plan.csv,196,range_029501-029700,29501,29700
B50.8_offset_p100,d:\hpc_project\tdc_unified_core\results\b50_8_multi_offset\offset_p100\b50_7_offset_window_plan.csv,197,range_029651-029850,29651,29850
B50.8_offset_p100,d:\hpc_project\tdc_unified_core\results\b50_8_multi_offset\offset_p100\b50_7_offset_window_plan.csv,198,range_029801-030000,29801,30000
B50.8_offset_p100,d:\hpc_project\tdc_unified_core\results\b50_8_multi_offset\offset_p100\b50_7_offset_window_plan.csv,199,range_029951-030150,29951,30150
B50.8_offset_p100,d:\hpc_project\tdc_unified_core\results\b50_8_multi_offset\offset_p100\b50_7_offset_window_plan.csv,200,range_030101-030300,30101,30300
B50.8_offset_p100,d:\hpc_project\tdc_unified_core\results\b50_8_multi_offset\offset_p100\b50_7_offset_window_plan.csv,201,range_030251-030450,30251,30450
B50.8_offset_p100,d:\hpc_project\tdc_unified_core\results\b50_8_multi_offset\offset_p100\b50_7_offset_window_plan.csv,202,range_030401-030600,30401,30600
B50.8_offset_p100,d:\hpc_project\tdc_unified_core\results\b50_8_multi_offset\offset_p100\b50_7_offset_window_plan.csv,203,range_030551-030750,30551,30750
B50.8_offset_p100,d:\hpc_project\tdc_unified_core\results\b50_8_multi_offset\offset_p100\b50_7_offset_window_plan.csv,204,range_030701-030900,30701,30900
B50.8_offset_p100,d:\hpc_project\tdc_unified_core\results\b50_8_multi_offset\offset_p100\b50_7_offset_window_plan.csv,205,range_030851-031050,30851,31050
B50.8_offset_p100,d:\hpc_project\tdc_unified_core\results\b50_8_multi_offset\offset_p100\b50_7_offset_window_plan.csv,206,range_031001-031200,31001,31200
B50.8_offset_p100,d:\hpc_project\tdc_unified_core\results\b50_8_multi_offset\offset_p100\b50_7_offset_window_plan.csv,207,range_031151-031350,31151,31350
B50.8_offset_p100,d:\hpc_project\tdc_unified_core\results\b50_8_multi_offset\offset_p100\b50_7_offset_window_plan.csv,208,range_031301-031500,31301,31500
B50.8_offset_p100,d:\hpc_project\tdc_unified_core\results\b50_8_multi_offset\offset_p100\b50_7_offset_window_plan.csv,209,range_031451-031650,31451,31650
B50.8_offset_p100,d:\hpc_project\tdc_unified_core\results\b50_8_multi_offset\offset_p100\b50_7_offset_window_plan.csv,210,range_031601-031800,31601,31800
B50.8_offset_p100,d:\hpc_project\tdc_unified_core\results\b50_8_multi_offset\offset_p100\b50_7_offset_window_plan.csv,211,range_031751-031950,31751,31950
B50.8_offset_p100,d:\hpc_project\tdc_unified_core\results\b50_8_multi_offset\offset_p100\b50_7_offset_window_plan.csv,212,range_031901-032100,31901,32100
B50.8_offset_p100,d:\hpc_project\tdc_unified_core\results\b50_8_multi_offset\offset_p100\b50_7_offset_window_plan.csv,213,range_032051-032250,32051,32250
B50.8_offset_p100,d:\hpc_project\tdc_unified_core\results\b50_8_multi_offset\offset_p100\b50_7_offset_window_plan.csv,214,range_032201-032400,32201,32400
B50.8_offset_p100,d:\hpc_project\tdc_unified_core\results\b50_8_multi_offset\offset_p100\b50_7_offset_window_plan.csv,215,range_032351-032550,32351,32550
B50.8_offset_p100,d:\hpc_project\tdc_unified_core\results\b50_8_multi_offset\offset_p100\b50_7_offset_window_plan.csv,216,range_032501-032700,32501,32700
B50.8_offset_p100,d:\hpc_project\tdc_unified_core\results\b50_8_multi_offset\offset_p100\b50_7_offset_window_plan.csv,217,range_032651-032850,32651,32850
B50.8_offset_p100,d:\hpc_project\tdc_unified_core\results\b50_8_multi_offset\offset_p100\b50_7_offset_window_plan.csv,218,range_032801-033000,32801,33000
B50.8_offset_p100,d:\hpc_project\tdc_unified_core\results\b50_8_multi_offset\offset_p100\b50_7_offset_window_plan.csv,219,range_032951-033150,32951,33150
B50.8_offset_p100,d:\hpc_project\tdc_unified_core\results\b50_8_multi_offset\offset_p100\b50_7_offset_window_plan.csv,220,range_033101-033300,33101,33300
B50.8_offset_p100,d:\hpc_project\tdc_unified_core\results\b50_8_multi_offset\offset_p100\b50_7_offset_window_plan.csv,221,range_033251-033450,33251,33450
B50.8_offset_p100,d:\hpc_project\tdc_unified_core\results\b50_8_multi_offset\offset_p100\b50_7_offset_window_plan.csv,222,range_033401-033600,33401,33600
B50.8_offset_p100,d:\hpc_project\tdc_unified_core\results\b50_8_multi_offset\offset_p100\b50_7_offset_window_plan.csv,223,range_033551-033750,33551,33750
B50.8_offset_p100,d:\hpc_project\tdc_unified_core\results\b50_8_multi_offset\offset_p100\b50_7_offset_window_plan.csv,224,range_033701-033900,33701,33900
B50.8_offset_p100,d:\hpc_project\tdc_unified_core\results\b50_8_multi_offset\offset_p100\b50_7_offset_window_plan.csv,225,range_033851-034050,33851,34050
B50.8_offset_p100,d:\hpc_project\tdc_unified_core\results\b50_8_multi_offset\offset_p100\b50_7_offset_window_plan.csv,226,range_034001-034200,34001,34200
B50.8_offset_p100,d:\hpc_project\tdc_unified_core\results\b50_8_multi_offset\offset_p100\b50_7_offset_window_plan.csv,227,range_034151-034350,34151,34350
B50.8_offset_p100,d:\hpc_project\tdc_unified_core\results\b50_8_multi_offset\offset_p100\b50_7_offset_window_plan.csv,228,range_034301-034500,34301,34500
B50.8_offset_p100,d:\hpc_project\tdc_unified_core\results\b50_8_multi_offset\offset_p100\b50_7_offset_window_plan.csv,229,range_034451-034650,34451,34650
B50.8_offset_p100,d:\hpc_project\tdc_unified_core\results\b50_8_multi_offset\offset_p100\b50_7_offset_window_plan.csv,230,range_034601-034800,34601,34800
B50.8_offset_p100,d:\hpc_project\tdc_unified_core\results\b50_8_multi_offset\offset_p100\b50_7_offset_window_plan.csv,231,range_034751-034950,34751,34950
B50.8_offset_p100,d:\hpc_project\tdc_unified_core\results\b50_8_multi_offset\offset_p100\b50_7_offset_window_plan.csv,232,range_034901-035100,34901,35100
B50.8_offset_p100,d:\hpc_project\tdc_unified_core\results\b50_8_multi_offset\offset_p100\b50_7_offset_window_plan.csv,233,range_035051-035250,35051,35250
B50.8_offset_p100,d:\hpc_project\tdc_unified_core\results\b50_8_multi_offset\offset_p100\b50_7_offset_window_plan.csv,234,range_035201-035400,35201,35400
B50.8_offset_p100,d:\hpc_project\tdc_unified_core\results\b50_8_multi_offset\offset_p100\b50_7_offset_window_plan.csv,235,range_035351-035550,35351,35550
B50.8_offset_p100,d:\hpc_project\tdc_unified_core\results\b50_8_multi_offset\offset_p100\b50_7_offset_window_plan.csv,236,range_035501-035700,35501,35700
B50.8_offset_p100,d:\hpc_project\tdc_unified_core\results\b50_8_multi_offset\offset_p100\b50_7_offset_window_plan.csv,237,range_035651-035850,35651,35850
B50.8_offset_p100,d:\hpc_project\tdc_unified_core\results\b50_8_multi_offset\offset_p100\b50_7_offset_window_plan.csv,238,range_035801-036000,35801,36000
B50.8_offset_p100,d:\hpc_project\tdc_unified_core\results\b50_8_multi_offset\offset_p100\b50_7_offset_window_plan.csv,239,range_035951-036150,35951,36150
B50.8_offset_p100,d:\hpc_project\tdc_unified_core\results\b50_8_multi_offset\offset_p100\b50_7_offset_window_plan.csv,240,range_036101-036300,36101,36300
B50.8_offset_p100,d:\hpc_project\tdc_unified_core\results\b50_8_multi_offset\offset_p100\b50_7_offset_window_plan.csv,241,range_036251-036450,36251,36450
B50.8_offset_p100,d:\hpc_project\tdc_unified_core\results\b50_8_multi_offset\offset_p100\b50_7_offset_window_plan.csv,242,range_036401-036600,36401,36600
B50.8_offset_p100,d:\hpc_project\tdc_unified_core\results\b50_8_multi_offset\offset_p100\b50_7_offset_window_plan.csv,243,range_036551-036750,36551,36750
B50.8_offset_p100,d:\hpc_project\tdc_unified_core\results\b50_8_multi_offset\offset_p100\b50_7_offset_window_plan.csv,244,range_036701-036900,36701,36900
B50.8_offset_p100,d:\hpc_project\tdc_unified_core\results\b50_8_multi_offset\offset_p100\b50_7_offset_window_plan.csv,245,range_036851-037050,36851,37050
B50.8_offset_p100,d:\hpc_project\tdc_unified_core\results\b50_8_multi_offset\offset_p100\b50_7_offset_window_plan.csv,246,range_037001-037200,37001,37200
B50.8_offset_p100,d:\hpc_project\tdc_unified_core\results\b50_8_multi_offset\offset_p100\b50_7_offset_window_plan.csv,247,range_037151-037350,37151,37350
B50.8_offset_p100,d:\hpc_project\tdc_unified_core\results\b50_8_multi_offset\offset_p100\b50_7_offset_window_plan.csv,248,range_037301-037500,37301,37500
B50.8_offset_p100,d:\hpc_project\tdc_unified_core\results\b50_8_multi_offset\offset_p100\b50_7_offset_window_plan.csv,249,range_037451-037650,37451,37650
B50.8_offset_p100,d:\hpc_project\tdc_unified_core\results\b50_8_multi_offset\offset_p100\b50_7_offset_window_plan.csv,250,range_037601-037800,37601,37800
B50.8_offset_p100,d:\hpc_project\tdc_unified_core\results\b50_8_multi_offset\offset_p100\b50_7_offset_window_plan.csv,251,range_037751-037950,37751,37950
B50.8_offset_p100,d:\hpc_project\tdc_unified_core\results\b50_8_multi_offset\offset_p100\b50_7_offset_window_plan.csv,252,range_037901-038100,37901,38100
B50.8_offset_p100,d:\hpc_project\tdc_unified_core\results\b50_8_multi_offset\offset_p100\b50_7_offset_window_plan.csv,253,range_038051-038250,38051,38250
B50.8_offset_p100,d:\hpc_project\tdc_unified_core\results\b50_8_multi_offset\offset_p100\b50_7_offset_window_plan.csv,254,range_038201-038400,38201,38400
B50.8_offset_p100,d:\hpc_project\tdc_unified_core\results\b50_8_multi_offset\offset_p100\b50_7_offset_window_plan.csv,255,range_038351-038550,38351,38550
B50.8_offset_p100,d:\hpc_project\tdc_unified_core\results\b50_8_multi_offset\offset_p100\b50_7_offset_window_plan.csv,256,range_038501-038700,38501,38700
B50.8_offset_p100,d:\hpc_project\tdc_unified_core\results\b50_8_multi_offset\offset_p100\b50_7_offset_window_plan.csv,257,range_038651-038850,38651,38850
B50.8_offset_p100,d:\hpc_project\tdc_unified_core\results\b50_8_multi_offset\offset_p100\b50_7_offset_window_plan.csv,258,range_038801-039000,38801,39000
B50.8_offset_p100,d:\hpc_project\tdc_unified_core\results\b50_8_multi_offset\offset_p100\b50_7_offset_window_plan.csv,259,range_038951-039150,38951,39150
B50.8_offset_p100,d:\hpc_project\tdc_unified_core\results\b50_8_multi_offset\offset_p100\b50_7_offset_window_plan.csv,260,range_039101-039300,39101,39300
B50.8_offset_p100,d:\hpc_project\tdc_unified_core\results\b50_8_multi_offset\offset_p100\b50_7_offset_window_plan.csv,261,range_039251-039450,39251,39450
B50.8_offset_p100,d:\hpc_project\tdc_unified_core\results\b50_8_multi_offset\offset_p100\b50_7_offset_window_plan.csv,262,range_039401-039600,39401,39600
B50.8_offset_p100,d:\hpc_project\tdc_unified_core\results\b50_8_multi_offset\offset_p100\b50_7_offset_window_plan.csv,263,range_039551-039750,39551,39750
B50.8_offset_p100,d:\hpc_project\tdc_unified_core\results\b50_8_multi_offset\offset_p100\b50_7_offset_window_plan.csv,264,range_039701-039900,39701,39900
B50.8_offset_p100,d:\hpc_project\tdc_unified_core\results\b50_8_multi_offset\offset_p100\b50_7_offset_window_plan.csv,265,range_039851-040050,39851,40050
B50.8_offset_p100,d:\hpc_project\tdc_unified_core\results\b50_8_multi_offset\offset_p100\b50_7_offset_window_plan.csv,266,range_040001-040200,40001,40200
B50.8_offset_p100,d:\hpc_project\tdc_unified_core\results\b50_8_multi_offset\offset_p100\b50_7_offset_window_plan.csv,267,range_040151-040350,40151,40350
B50.8_offset_p100,d:\hpc_project\tdc_unified_core\results\b50_8_multi_offset\offset_p100\b50_7_offset_window_plan.csv,268,range_040301-040500,40301,40500
B50.8_offset_p100,d:\hpc_project\tdc_unified_core\results\b50_8_multi_offset\offset_p100\b50_7_offset_window_plan.csv,269,range_040451-040650,40451,40650
B50.8_offset_p100,d:\hpc_project\tdc_unified_core\results\b50_8_multi_offset\offset_p100\b50_7_offset_window_plan.csv,270,range_040601-040800,40601,40800
B50.8_offset_p100,d:\hpc_project\tdc_unified_core\results\b50_8_multi_offset\offset_p100\b50_7_offset_window_plan.csv,271,range_040751-040950,40751,40950
B50.8_offset_p100,d:\hpc_project\tdc_unified_core\results\b50_8_multi_offset\offset_p100\b50_7_offset_window_plan.csv,272,range_040901-041100,40901,41100
B50.8_offset_p100,d:\hpc_project\tdc_unified_core\results\b50_8_multi_offset\offset_p100\b50_7_offset_window_plan.csv,273,range_041051-041250,41051,41250
B50.8_offset_p100,d:\hpc_project\tdc_unified_core\results\b50_8_multi_offset\offset_p100\b50_7_offset_window_plan.csv,274,range_041201-041400,41201,41400
B50.8_offset_p100,d:\hpc_project\tdc_unified_core\results\b50_8_multi_offset\offset_p100\b50_7_offset_window_plan.csv,275,range_041351-041550,41351,41550
B50.8_offset_p100,d:\hpc_project\tdc_unified_core\results\b50_8_multi_offset\offset_p100\b50_7_offset_window_plan.csv,276,range_041501-041700,41501,41700
B50.8_offset_p100,d:\hpc_project\tdc_unified_core\results\b50_8_multi_offset\offset_p100\b50_7_offset_window_plan.csv,277,range_041651-041850,41651,41850
B50.8_offset_p100,d:\hpc_project\tdc_unified_core\results\b50_8_multi_offset\offset_p100\b50_7_offset_window_plan.csv,278,range_041801-042000,41801,42000
B50.8_offset_p100,d:\hpc_project\tdc_unified_core\results\b50_8_multi_offset\offset_p100\b50_7_offset_window_plan.csv,279,range_041951-042150,41951,42150
B50.8_offset_p100,d:\hpc_project\tdc_unified_core\results\b50_8_multi_offset\offset_p100\b50_7_offset_window_plan.csv,280,range_042101-042300,42101,42300
B50.8_offset_p100,d:\hpc_project\tdc_unified_core\results\b50_8_multi_offset\offset_p100\b50_7_offset_window_plan.csv,281,range_042251-042450,42251,42450
B50.8_offset_p100,d:\hpc_project\tdc_unified_core\results\b50_8_multi_offset\offset_p100\b50_7_offset_window_plan.csv,282,range_042401-042600,42401,42600
B50.8_offset_p100,d:\hpc_project\tdc_unified_core\results\b50_8_multi_offset\offset_p100\b50_7_offset_window_plan.csv,283,range_042551-042750,42551,42750
B50.8_offset_p100,d:\hpc_project\tdc_unified_core\results\b50_8_multi_offset\offset_p100\b50_7_offset_window_plan.csv,284,range_042701-042900,42701,42900
B50.8_offset_p100,d:\hpc_project\tdc_unified_core\results\b50_8_multi_offset\offset_p100\b50_7_offset_window_plan.csv,285,range_042851-043050,42851,43050
B50.8_offset_p100,d:\hpc_project\tdc_unified_core\results\b50_8_multi_offset\offset_p100\b50_7_offset_window_plan.csv,286,range_043001-043200,43001,43200
B50.8_offset_p100,d:\hpc_project\tdc_unified_core\results\b50_8_multi_offset\offset_p100\b50_7_offset_window_plan.csv,287,range_043151-043350,43151,43350
B50.8_offset_p100,d:\hpc_project\tdc_unified_core\results\b50_8_multi_offset\offset_p100\b50_7_offset_window_plan.csv,288,range_043301-043500,43301,43500
B50.8_offset_p100,d:\hpc_project\tdc_unified_core\results\b50_8_multi_offset\offset_p100\b50_7_offset_window_plan.csv,289,range_043451-043650,43451,43650
B50.8_offset_p100,d:\hpc_project\tdc_unified_core\results\b50_8_multi_offset\offset_p100\b50_7_offset_window_plan.csv,290,range_043601-043800,43601,43800
B50.8_offset_p100,d:\hpc_project\tdc_unified_core\results\b50_8_multi_offset\offset_p100\b50_7_offset_window_plan.csv,291,range_043751-043950,43751,43950
B50.8_offset_p100,d:\hpc_project\tdc_unified_core\results\b50_8_multi_offset\offset_p100\b50_7_offset_window_plan.csv,292,range_043901-044100,43901,44100
B50.8_offset_p100,d:\hpc_project\tdc_unified_core\results\b50_8_multi_offset\offset_p100\b50_7_offset_window_plan.csv,293,range_044051-044250,44051,44250
B50.8_offset_p100,d:\hpc_project\tdc_unified_core\results\b50_8_multi_offset\offset_p100\b50_7_offset_window_plan.csv,294,range_044201-044400,44201,44400
B50.8_offset_p100,d:\hpc_project\tdc_unified_core\results\b50_8_multi_offset\offset_p100\b50_7_offset_window_plan.csv,295,range_044351-044550,44351,44550
B50.8_offset_p100,d:\hpc_project\tdc_unified_core\results\b50_8_multi_offset\offset_p100\b50_7_offset_window_plan.csv,296,range_044501-044700,44501,44700
B50.8_offset_p100,d:\hpc_project\tdc_unified_core\results\b50_8_multi_offset\offset_p100\b50_7_offset_window_plan.csv,297,range_044651-044850,44651,44850
B50.8_offset_p100,d:\hpc_project\tdc_unified_core\results\b50_8_multi_offset\offset_p100\b50_7_offset_window_plan.csv,298,range_044801-045000,44801,45000
B50.8_offset_p100,d:\hpc_project\tdc_unified_core\results\b50_8_multi_offset\offset_p100\b50_7_offset_window_plan.csv,299,range_044951-045150,44951,45150
B50.8_offset_p100,d:\hpc_project\tdc_unified_core\results\b50_8_multi_offset\offset_p100\b50_7_offset_window_plan.csv,300,range_045101-045300,45101,45300
B50.8_offset_p100,d:\hpc_project\tdc_unified_core\results\b50_8_multi_offset\offset_p100\b50_7_offset_window_plan.csv,301,range_045251-045450,45251,45450
B50.8_offset_p100,d:\hpc_project\tdc_unified_core\results\b50_8_multi_offset\offset_p100\b50_7_offset_window_plan.csv,302,range_045401-045600,45401,45600
B50.8_offset_p100,d:\hpc_project\tdc_unified_core\results\b50_8_multi_offset\offset_p100\b50_7_offset_window_plan.csv,303,range_045551-045750,45551,45750
B50.8_offset_p100,d:\hpc_project\tdc_unified_core\results\b50_8_multi_offset\offset_p100\b50_7_offset_window_plan.csv,304,range_045701-045900,45701,45900
B50.8_offset_p100,d:\hpc_project\tdc_unified_core\results\b50_8_multi_offset\offset_p100\b50_7_offset_window_plan.csv,305,range_045851-046050,45851,46050
B50.8_offset_p100,d:\hpc_project\tdc_unified_core\results\b50_8_multi_offset\offset_p100\b50_7_offset_window_plan.csv,306,range_046001-046200,46001,46200
B50.8_offset_p100,d:\hpc_project\tdc_unified_core\results\b50_8_multi_offset\offset_p100\b50_7_offset_window_plan.csv,307,range_046151-046350,46151,46350
B50.8_offset_p100,d:\hpc_project\tdc_unified_core\results\b50_8_multi_offset\offset_p100\b50_7_offset_window_plan.csv,308,range_046301-046500,46301,46500
B50.8_offset_p100,d:\hpc_project\tdc_unified_core\results\b50_8_multi_offset\offset_p100\b50_7_offset_window_plan.csv,309,range_046451-046650,46451,46650
B50.8_offset_p100,d:\hpc_project\tdc_unified_core\results\b50_8_multi_offset\offset_p100\b50_7_offset_window_plan.csv,310,range_046601-046800,46601,46800
B50.8_offset_p100,d:\hpc_project\tdc_unified_core\results\b50_8_multi_offset\offset_p100\b50_7_offset_window_plan.csv,311,range_046751-046950,46751,46950
B50.8_offset_p100,d:\hpc_project\tdc_unified_core\results\b50_8_multi_offset\offset_p100\b50_7_offset_window_plan.csv,312,range_046901-047100,46901,47100
B50.8_offset_p100,d:\hpc_project\tdc_unified_core\results\b50_8_multi_offset\offset_p100\b50_7_offset_window_plan.csv,313,range_047051-047250,47051,47250
B50.8_offset_p100,d:\hpc_project\tdc_unified_core\results\b50_8_multi_offset\offset_p100\b50_7_offset_window_plan.csv,314,range_047201-047400,47201,47400
B50.8_offset_p100,d:\hpc_project\tdc_unified_core\results\b50_8_multi_offset\offset_p100\b50_7_offset_window_plan.csv,315,range_047351-047550,47351,47550
B50.8_offset_p100,d:\hpc_project\tdc_unified_core\results\b50_8_multi_offset\offset_p100\b50_7_offset_window_plan.csv,316,range_047501-047700,47501,47700
B50.8_offset_p100,d:\hpc_project\tdc_unified_core\results\b50_8_multi_offset\offset_p100\b50_7_offset_window_plan.csv,317,range_047651-047850,47651,47850
B50.8_offset_p100,d:\hpc_project\tdc_unified_core\results\b50_8_multi_offset\offset_p100\b50_7_offset_window_plan.csv,318,range_047801-048000,47801,48000
B50.8_offset_p100,d:\hpc_project\tdc_unified_core\results\b50_8_multi_offset\offset_p100\b50_7_offset_window_plan.csv,319,range_047951-048150,47951,48150
B50.8_offset_p100,d:\hpc_project\tdc_unified_core\results\b50_8_multi_offset\offset_p100\b50_7_offset_window_plan.csv,320,range_048101-048300,48101,48300
B50.8_offset_p100,d:\hpc_project\tdc_unified_core\results\b50_8_multi_offset\offset_p100\b50_7_offset_window_plan.csv,321,range_048251-048450,48251,48450
B50.8_offset_p100,d:\hpc_project\tdc_unified_core\results\b50_8_multi_offset\offset_p100\b50_7_offset_window_plan.csv,322,range_048401-048600,48401,48600
B50.8_offset_p100,d:\hpc_project\tdc_unified_core\results\b50_8_multi_offset\offset_p100\b50_7_offset_window_plan.csv,323,range_048551-048750,48551,48750
B50.8_offset_p100,d:\hpc_project\tdc_unified_core\results\b50_8_multi_offset\offset_p100\b50_7_offset_window_plan.csv,324,range_048701-048900,48701,48900
B50.8_offset_p100,d:\hpc_project\tdc_unified_core\results\b50_8_multi_offset\offset_p100\b50_7_offset_window_plan.csv,325,range_048851-049050,48851,49050
B50.8_offset_p100,d:\hpc_project\tdc_unified_core\results\b50_8_multi_offset\offset_p100\b50_7_offset_window_plan.csv,326,range_049001-049200,49001,49200
B50.8_offset_p100,d:\hpc_project\tdc_unified_core\results\b50_8_multi_offset\offset_p100\b50_7_offset_window_plan.csv,327,range_049151-049350,49151,49350
B50.8_offset_p100,d:\hpc_project\tdc_unified_core\results\b50_8_multi_offset\offset_p100\b50_7_offset_window_plan.csv,328,range_049301-049500,49301,49500
B50.8_offset_p100,d:\hpc_project\tdc_unified_core\results\b50_8_multi_offset\offset_p100\b50_7_offset_window_plan.csv,329,range_049451-049650,49451,49650
B50.8_offset_p100,d:\hpc_project\tdc_unified_core\results\b50_8_multi_offset\offset_p100\b50_7_offset_window_plan.csv,330,range_049601-049800,49601,49800
B50.8_offset_p100,d:\hpc_project\tdc_unified_core\results\b50_8_multi_offset\offset_p100\b50_7_offset_window_plan.csv,331,range_049751-049950,49751,49950
B50.8_offset_p100,d:\hpc_project\tdc_unified_core\results\b50_8_multi_offset\offset_p100\b50_7_offset_window_plan.csv,332,range_049901-050100,49901,50100
B50.8_offset_p100,d:\hpc_project\tdc_unified_core\results\b50_8_multi_offset\offset_p100\b50_7_offset_window_plan.csv,333,range_050051-050250,50051,50250
B50.8_offset_p100,d:\hpc_project\tdc_unified_core\results\b50_8_multi_offset\offset_p100\b50_7_offset_window_plan.csv,334,range_050201-050400,50201,50400
B50.8_offset_p100,d:\hpc_project\tdc_unified_core\results\b50_8_multi_offset\offset_p100\b50_7_offset_window_plan.csv,335,range_050351-050550,50351,50550
B50.8_offset_p100,d:\hpc_project\tdc_unified_core\results\b50_8_multi_offset\offset_p100\b50_7_offset_window_plan.csv,336,range_050501-050700,50501,50700
B50.8_offset_p100,d:\hpc_project\tdc_unified_core\results\b50_8_multi_offset\offset_p100\b50_7_offset_window_plan.csv,337,range_050651-050850,50651,50850
B50.8_offset_p100,d:\hpc_project\tdc_unified_core\results\b50_8_multi_offset\offset_p100\b50_7_offset_window_plan.csv,338,range_050801-051000,50801,51000
B50.8_offset_p100,d:\hpc_project\tdc_unified_core\results\b50_8_multi_offset\offset_p100\b50_7_offset_window_plan.csv,339,range_050951-051150,50951,51150
B50.8_offset_p100,d:\hpc_project\tdc_unified_core\results\b50_8_multi_offset\offset_p100\b50_7_offset_window_plan.csv,340,range_051101-051300,51101,51300
B50.8_offset_p100,d:\hpc_project\tdc_unified_core\results\b50_8_multi_offset\offset_p100\b50_7_offset_window_plan.csv,341,range_051251-051450,51251,51450
B50.8_offset_p100,d:\hpc_project\tdc_unified_core\results\b50_8_multi_offset\offset_p100\b50_7_offset_window_plan.csv,342,range_051401-051600,51401,51600
B50.8_offset_p100,d:\hpc_project\tdc_unified_core\results\b50_8_multi_offset\offset_p100\b50_7_offset_window_plan.csv,343,range_051551-051750,51551,51750
B50.8_offset_p100,d:\hpc_project\tdc_unified_core\results\b50_8_multi_offset\offset_p100\b50_7_offset_window_plan.csv,344,range_051701-051900,51701,51900
B50.8_offset_p100,d:\hpc_project\tdc_unified_core\results\b50_8_multi_offset\offset_p100\b50_7_offset_window_plan.csv,345,range_051851-052050,51851,52050
B50.8_offset_p100,d:\hpc_project\tdc_unified_core\results\b50_8_multi_offset\offset_p100\b50_7_offset_window_plan.csv,346,range_052001-052200,52001,52200
B50.8_offset_p100,d:\hpc_project\tdc_unified_core\results\b50_8_multi_offset\offset_p100\b50_7_offset_window_plan.csv,347,range_052151-052350,52151,52350
B50.8_offset_p100,d:\hpc_project\tdc_unified_core\results\b50_8_multi_offset\offset_p100\b50_7_offset_window_plan.csv,348,range_052301-052500,52301,52500
B50.8_offset_p100,d:\hpc_project\tdc_unified_core\results\b50_8_multi_offset\offset_p100\b50_7_offset_window_plan.csv,349,range_052451-052650,52451,52650
B50.8_offset_p100,d:\hpc_project\tdc_unified_core\results\b50_8_multi_offset\offset_p100\b50_7_offset_window_plan.csv,350,range_052601-052800,52601,52800
B50.8_offset_p100,d:\hpc_project\tdc_unified_core\results\b50_8_multi_offset\offset_p100\b50_7_offset_window_plan.csv,351,range_052751-052950,52751,52950
B50.8_offset_p100,d:\hpc_project\tdc_unified_core\results\b50_8_multi_offset\offset_p100\b50_7_offset_window_plan.csv,352,range_052901-053100,52901,53100
B50.8_offset_p100,d:\hpc_project\tdc_unified_core\results\b50_8_multi_offset\offset_p100\b50_7_offset_window_plan.csv,353,range_053051-053250,53051,53250
B50.8_offset_p100,d:\hpc_project\tdc_unified_core\results\b50_8_multi_offset\offset_p100\b50_7_offset_window_plan.csv,354,range_053201-053400,53201,53400
B50.8_offset_p100,d:\hpc_project\tdc_unified_core\results\b50_8_multi_offset\offset_p100\b50_7_offset_window_plan.csv,355,range_053351-053550,53351,53550
B50.8_offset_p100,d:\hpc_project\tdc_unified_core\results\b50_8_multi_offset\offset_p100\b50_7_offset_window_plan.csv,356,range_053501-053700,53501,53700
B50.8_offset_p100,d:\hpc_project\tdc_unified_core\results\b50_8_multi_offset\offset_p100\b50_7_offset_window_plan.csv,357,range_053651-053850,53651,53850
B50.8_offset_p100,d:\hpc_project\tdc_unified_core\results\b50_8_multi_offset\offset_p100\b50_7_offset_window_plan.csv,358,range_053801-054000,53801,54000
B50.8_offset_p100,d:\hpc_project\tdc_unified_core\results\b50_8_multi_offset\offset_p100\b50_7_offset_window_plan.csv,359,range_053951-054150,53951,54150
B50.8_offset_p100,d:\hpc_project\tdc_unified_core\results\b50_8_multi_offset\offset_p100\b50_7_offset_window_plan.csv,360,range_054101-054300,54101,54300
B50.8_offset_p100,d:\hpc_project\tdc_unified_core\results\b50_8_multi_offset\offset_p100\b50_7_offset_window_plan.csv,361,range_054251-054450,54251,54450
B50.8_offset_p100,d:\hpc_project\tdc_unified_core\results\b50_8_multi_offset\offset_p100\b50_7_offset_window_plan.csv,362,range_054401-054600,54401,54600
B50.8_offset_p100,d:\hpc_project\tdc_unified_core\results\b50_8_multi_offset\offset_p100\b50_7_offset_window_plan.csv,363,range_054551-054750,54551,54750
B50.8_offset_p100,d:\hpc_project\tdc_unified_core\results\b50_8_multi_offset\offset_p100\b50_7_offset_window_plan.csv,364,range_054701-054900,54701,54900
B50.8_offset_p100,d:\hpc_project\tdc_unified_core\results\b50_8_multi_offset\offset_p100\b50_7_offset_window_plan.csv,365,range_054851-055050,54851,55050
B50.8_offset_p100,d:\hpc_project\tdc_unified_core\results\b50_8_multi_offset\offset_p100\b50_7_offset_window_plan.csv,366,range_055001-055200,55001,55200
B50.8_offset_p100,d:\hpc_project\tdc_unified_core\results\b50_8_multi_offset\offset_p100\b50_7_offset_window_plan.csv,367,range_055151-055350,55151,55350
B50.8_offset_p100,d:\hpc_project\tdc_unified_core\results\b50_8_multi_offset\offset_p100\b50_7_offset_window_plan.csv,368,range_055301-055500,55301,55500
B50.8_offset_p100,d:\hpc_project\tdc_unified_core\results\b50_8_multi_offset\offset_p100\b50_7_offset_window_plan.csv,369,range_055451-055650,55451,55650
B50.8_offset_p100,d:\hpc_project\tdc_unified_core\results\b50_8_multi_offset\offset_p100\b50_7_offset_window_plan.csv,370,range_055601-055800,55601,55800
B50.8_offset_p100,d:\hpc_project\tdc_unified_core\results\b50_8_multi_offset\offset_p100\b50_7_offset_window_plan.csv,371,range_055751-055950,55751,55950
B50.8_offset_p100,d:\hpc_project\tdc_unified_core\results\b50_8_multi_offset\offset_p100\b50_7_offset_window_plan.csv,372,range_055901-056100,55901,56100
B50.8_offset_p100,d:\hpc_project\tdc_unified_core\results\b50_8_multi_offset\offset_p100\b50_7_offset_window_plan.csv,373,range_056051-056250,56051,56250
B50.8_offset_p100,d:\hpc_project\tdc_unified_core\results\b50_8_multi_offset\offset_p100\b50_7_offset_window_plan.csv,374,range_056201-056400,56201,56400
B50.8_offset_p100,d:\hpc_project\tdc_unified_core\results\b50_8_multi_offset\offset_p100\b50_7_offset_window_plan.csv,375,range_056351-056550,56351,56550
B50.8_offset_p100,d:\hpc_project\tdc_unified_core\results\b50_8_multi_offset\offset_p100\b50_7_offset_window_plan.csv,376,range_056501-056700,56501,56700
B50.8_offset_p100,d:\hpc_project\tdc_unified_core\results\b50_8_multi_offset\offset_p100\b50_7_offset_window_plan.csv,377,range_056651-056850,56651,56850
B50.8_offset_p100,d:\hpc_project\tdc_unified_core\results\b50_8_multi_offset\offset_p100\b50_7_offset_window_plan.csv,378,range_056801-057000,56801,57000
B50.8_offset_p100,d:\hpc_project\tdc_unified_core\results\b50_8_multi_offset\offset_p100\b50_7_offset_window_plan.csv,379,range_056951-057150,56951,57150
B50.8_offset_p100,d:\hpc_project\tdc_unified_core\results\b50_8_multi_offset\offset_p100\b50_7_offset_window_plan.csv,380,range_057101-057300,57101,57300
B50.8_offset_p100,d:\hpc_project\tdc_unified_core\results\b50_8_multi_offset\offset_p100\b50_7_offset_window_plan.csv,381,range_057251-057450,57251,57450
B50.8_offset_p100,d:\hpc_project\tdc_unified_core\results\b50_8_multi_offset\offset_p100\b50_7_offset_window_plan.csv,382,range_057401-057600,57401,57600
B50.8_offset_p100,d:\hpc_project\tdc_unified_core\results\b50_8_multi_offset\offset_p100\b50_7_offset_window_plan.csv,383,range_057551-057750,57551,57750
B50.8_offset_p100,d:\hpc_project\tdc_unified_core\results\b50_8_multi_offset\offset_p100\b50_7_offset_window_plan.csv,384,range_057701-057900,57701,57900
B50.8_offset_p100,d:\hpc_project\tdc_unified_core\results\b50_8_multi_offset\offset_p100\b50_7_offset_window_plan.csv,385,range_057851-058050,57851,58050
B50.8_offset_p100,d:\hpc_project\tdc_unified_core\results\b50_8_multi_offset\offset_p100\b50_7_offset_window_plan.csv,386,range_058001-058200,58001,58200
B50.8_offset_p100,d:\hpc_project\tdc_unified_core\results\b50_8_multi_offset\offset_p100\b50_7_offset_window_plan.csv,387,range_058151-058350,58151,58350
B50.8_offset_p100,d:\hpc_project\tdc_unified_core\results\b50_8_multi_offset\offset_p100\b50_7_offset_window_plan.csv,388,range_058301-058500,58301,58500
B50.8_offset_p100,d:\hpc_project\tdc_unified_core\results\b50_8_multi_offset\offset_p100\b50_7_offset_window_plan.csv,389,range_058451-058650,58451,58650
B50.8_offset_p100,d:\hpc_project\tdc_unified_core\results\b50_8_multi_offset\offset_p100\b50_7_offset_window_plan.csv,390,range_058601-058800,58601,58800
B50.8_offset_p100,d:\hpc_project\tdc_unified_core\results\b50_8_multi_offset\offset_p100\b50_7_offset_window_plan.csv,391,range_058751-058950,58751,58950
B50.8_offset_p100,d:\hpc_project\tdc_unified_core\results\b50_8_multi_offset\offset_p100\b50_7_offset_window_plan.csv,392,range_058901-059100,58901,59100
B50.8_offset_p100,d:\hpc_project\tdc_unified_core\results\b50_8_multi_offset\offset_p100\b50_7_offset_window_plan.csv,393,range_059051-059250,59051,59250
B50.8_offset_p100,d:\hpc_project\tdc_unified_core\results\b50_8_multi_offset\offset_p100\b50_7_offset_window_plan.csv,394,range_059201-059400,59201,59400
B50.8_offset_p100,d:\hpc_project\tdc_unified_core\results\b50_8_multi_offset\offset_p100\b50_7_offset_window_plan.csv,395,range_059351-059550,59351,59550
B50.8_offset_p100,d:\hpc_project\tdc_unified_core\results\b50_8_multi_offset\offset_p100\b50_7_offset_window_plan.csv,396,range_059501-059700,59501,59700
B50.8_offset_p100,d:\hpc_project\tdc_unified_core\results\b50_8_multi_offset\offset_p100\b50_7_offset_window_plan.csv,397,range_059651-059850,59651,59850
B50.8_offset_p100,d:\hpc_project\tdc_unified_core\results\b50_8_multi_offset\offset_p100\b50_7_offset_window_plan.csv,398,range_059801-060000,59801,60000
B50.8_offset_p100,d:\hpc_project\tdc_unified_core\results\b50_8_multi_offset\offset_p100\b50_7_offset_window_plan.csv,399,range_059951-060150,59951,60150
B50.8_offset_p100,d:\hpc_project\tdc_unified_core\results\b50_8_multi_offset\offset_p100\b50_7_offset_window_plan.csv,400,range_060101-060300,60101,60300
B50.8_offset_p100,d:\hpc_project\tdc_unified_core\results\b50_8_multi_offset\offset_p100\b50_7_offset_window_plan.csv,401,range_060251-060450,60251,60450
B50.8_offset_p100,d:\hpc_project\tdc_unified_core\results\b50_8_multi_offset\offset_p100\b50_7_offset_window_plan.csv,402,range_060401-060600,60401,60600
B50.8_offset_p100,d:\hpc_project\tdc_unified_core\results\b50_8_multi_offset\offset_p100\b50_7_offset_window_plan.csv,403,range_060551-060750,60551,60750
B50.8_offset_p100,d:\hpc_project\tdc_unified_core\results\b50_8_multi_offset\offset_p100\b50_7_offset_window_plan.csv,404,range_060701-060900,60701,60900
B50.8_offset_p100,d:\hpc_project\tdc_unified_core\results\b50_8_multi_offset\offset_p100\b50_7_offset_window_plan.csv,405,range_060851-061050,60851,61050
B50.8_offset_p100,d:\hpc_project\tdc_unified_core\results\b50_8_multi_offset\offset_p100\b50_7_offset_window_plan.csv,406,range_061001-061200,61001,61200
B50.8_offset_p100,d:\hpc_project\tdc_unified_core\results\b50_8_multi_offset\offset_p100\b50_7_offset_window_plan.csv,407,range_061151-061350,61151,61350
B50.8_offset_p100,d:\hpc_project\tdc_unified_core\results\b50_8_multi_offset\offset_p100\b50_7_offset_window_plan.csv,408,range_061301-061500,61301,61500
B50.8_offset_p100,d:\hpc_project\tdc_unified_core\results\b50_8_multi_offset\offset_p100\b50_7_offset_window_plan.csv,409,range_061451-061650,61451,61650
B50.8_offset_p100,d:\hpc_project\tdc_unified_core\results\b50_8_multi_offset\offset_p100\b50_7_offset_window_plan.csv,410,range_061601-061800,61601,61800
B50.8_offset_p100,d:\hpc_project\tdc_unified_core\results\b50_8_multi_offset\offset_p100\b50_7_offset_window_plan.csv,411,range_061751-061950,61751,61950
B50.8_offset_p100,d:\hpc_project\tdc_unified_core\results\b50_8_multi_offset\offset_p100\b50_7_offset_window_plan.csv,412,range_061901-062100,61901,62100
B50.8_offset_p100,d:\hpc_project\tdc_unified_core\results\b50_8_multi_offset\offset_p100\b50_7_offset_window_plan.csv,413,range_062051-062250,62051,62250
B50.8_offset_p100,d:\hpc_project\tdc_unified_core\results\b50_8_multi_offset\offset_p100\b50_7_offset_window_plan.csv,414,range_062201-062400,62201,62400
B50.8_offset_p100,d:\hpc_project\tdc_unified_core\results\b50_8_multi_offset\offset_p100\b50_7_offset_window_plan.csv,415,range_062351-062550,62351,62550
B50.8_offset_p100,d:\hpc_project\tdc_unified_core\results\b50_8_multi_offset\offset_p100\b50_7_offset_window_plan.csv,416,range_062501-062700,62501,62700
B50.8_offset_p100,d:\hpc_project\tdc_unified_core\results\b50_8_multi_offset\offset_p100\b50_7_offset_window_plan.csv,417,range_062651-062850,62651,62850
B50.8_offset_p100,d:\hpc_project\tdc_unified_core\results\b50_8_multi_offset\offset_p100\b50_7_offset_window_plan.csv,418,range_062801-063000,62801,63000
B50.8_offset_p100,d:\hpc_project\tdc_unified_core\results\b50_8_multi_offset\offset_p100\b50_7_offset_window_plan.csv,419,range_062951-063150,62951,63150
B50.8_offset_p100,d:\hpc_project\tdc_unified_core\results\b50_8_multi_offset\offset_p100\b50_7_offset_window_plan.csv,420,range_063101-063300,63101,63300
B50.8_offset_p100,d:\hpc_project\tdc_unified_core\results\b50_8_multi_offset\offset_p100\b50_7_offset_window_plan.csv,421,range_063251-063450,63251,63450
B50.8_offset_p100,d:\hpc_project\tdc_unified_core\results\b50_8_multi_offset\offset_p100\b50_7_offset_window_plan.csv,422,range_063401-063600,63401,63600
B50.8_offset_p100,d:\hpc_project\tdc_unified_core\results\b50_8_multi_offset\offset_p100\b50_7_offset_window_plan.csv,423,range_063551-063750,63551,63750
B50.8_offset_p100,d:\hpc_project\tdc_unified_core\results\b50_8_multi_offset\offset_p100\b50_7_offset_window_plan.csv,424,range_063701-063900,63701,63900
B50.8_offset_p100,d:\hpc_project\tdc_unified_core\results\b50_8_multi_offset\offset_p100\b50_7_offset_window_plan.csv,425,range_063851-064050,63851,64050
B50.8_offset_p100,d:\hpc_project\tdc_unified_core\results\b50_8_multi_offset\offset_p100\b50_7_offset_window_plan.csv,426,range_064001-064200,64001,64200
B50.8_offset_p100,d:\hpc_project\tdc_unified_core\results\b50_8_multi_offset\offset_p100\b50_7_offset_window_plan.csv,427,range_064151-064350,64151,64350
B50.8_offset_p100,d:\hpc_project\tdc_unified_core\results\b50_8_multi_offset\offset_p100\b50_7_offset_window_plan.csv,428,range_064301-064500,64301,64500
B50.8_offset_p100,d:\hpc_project\tdc_unified_core\results\b50_8_multi_offset\offset_p100\b50_7_offset_window_plan.csv,429,range_064451-064650,64451,64650
B50.8_offset_p100,d:\hpc_project\tdc_unified_core\results\b50_8_multi_offset\offset_p100\b50_7_offset_window_plan.csv,430,range_064601-064800,64601,64800
B50.8_offset_p100,d:\hpc_project\tdc_unified_core\results\b50_8_multi_offset\offset_p100\b50_7_offset_window_plan.csv,431,range_064751-064950,64751,64950
B50.8_offset_p100,d:\hpc_project\tdc_unified_core\results\b50_8_multi_offset\offset_p100\b50_7_offset_window_plan.csv,432,range_064901-065100,64901,65100
B50.8_offset_p100,d:\hpc_project\tdc_unified_core\results\b50_8_multi_offset\offset_p100\b50_7_offset_window_plan.csv,433,range_065051-065250,65051,65250
B50.8_offset_p100,d:\hpc_project\tdc_unified_core\results\b50_8_multi_offset\offset_p100\b50_7_offset_window_plan.csv,434,range_065201-065400,65201,65400
B50.8_offset_p100,d:\hpc_project\tdc_unified_core\results\b50_8_multi_offset\offset_p100\b50_7_offset_window_plan.csv,435,range_065351-065550,65351,65550
B50.8_offset_p100,d:\hpc_project\tdc_unified_core\results\b50_8_multi_offset\offset_p100\b50_7_offset_window_plan.csv,436,range_065501-065700,65501,65700
B50.8_offset_p100,d:\hpc_project\tdc_unified_core\results\b50_8_multi_offset\offset_p100\b50_7_offset_window_plan.csv,437,range_065651-065850,65651,65850
B50.8_offset_p100,d:\hpc_project\tdc_unified_core\results\b50_8_multi_offset\offset_p100\b50_7_offset_window_plan.csv,438,range_065801-066000,65801,66000
B50.8_offset_p100,d:\hpc_project\tdc_unified_core\results\b50_8_multi_offset\offset_p100\b50_7_offset_window_plan.csv,439,range_065951-066150,65951,66150
B50.8_offset_p100,d:\hpc_project\tdc_unified_core\results\b50_8_multi_offset\offset_p100\b50_7_offset_window_plan.csv,440,range_066101-066300,66101,66300
B50.8_offset_p100,d:\hpc_project\tdc_unified_core\results\b50_8_multi_offset\offset_p100\b50_7_offset_window_plan.csv,441,range_066251-066450,66251,66450
B50.8_offset_p100,d:\hpc_project\tdc_unified_core\results\b50_8_multi_offset\offset_p100\b50_7_offset_window_plan.csv,442,range_066401-066600,66401,66600
B50.8_offset_p100,d:\hpc_project\tdc_unified_core\results\b50_8_multi_offset\offset_p100\b50_7_offset_window_plan.csv,443,range_066551-066750,66551,66750
B50.8_offset_p100,d:\hpc_project\tdc_unified_core\results\b50_8_multi_offset\offset_p100\b50_7_offset_window_plan.csv,444,range_066701-066900,66701,66900
B50.8_offset_p100,d:\hpc_project\tdc_unified_core\results\b50_8_multi_offset\offset_p100\b50_7_offset_window_plan.csv,445,range_066851-067050,66851,67050
B50.8_offset_p100,d:\hpc_project\tdc_unified_core\results\b50_8_multi_offset\offset_p100\b50_7_offset_window_plan.csv,446,range_067001-067200,67001,67200
B50.8_offset_p100,d:\hpc_project\tdc_unified_core\results\b50_8_multi_offset\offset_p100\b50_7_offset_window_plan.csv,447,range_067151-067350,67151,67350
B50.8_offset_p100,d:\hpc_project\tdc_unified_core\results\b50_8_multi_offset\offset_p100\b50_7_offset_window_plan.csv,448,range_067301-067500,67301,67500
B50.8_offset_p100,d:\hpc_project\tdc_unified_core\results\b50_8_multi_offset\offset_p100\b50_7_offset_window_plan.csv,449,range_067451-067650,67451,67650
B50.8_offset_p100,d:\hpc_project\tdc_unified_core\results\b50_8_multi_offset\offset_p100\b50_7_offset_window_plan.csv,450,range_067601-067800,67601,67800
B50.8_offset_p100,d:\hpc_project\tdc_unified_core\results\b50_8_multi_offset\offset_p100\b50_7_offset_window_plan.csv,451,range_067751-067950,67751,67950
B50.8_offset_p100,d:\hpc_project\tdc_unified_core\results\b50_8_multi_offset\offset_p100\b50_7_offset_window_plan.csv,452,range_067901-068100,67901,68100
B50.8_offset_p100,d:\hpc_project\tdc_unified_core\results\b50_8_multi_offset\offset_p100\b50_7_offset_window_plan.csv,453,range_068051-068250,68051,68250
B50.8_offset_p100,d:\hpc_project\tdc_unified_core\results\b50_8_multi_offset\offset_p100\b50_7_offset_window_plan.csv,454,range_068201-068400,68201,68400
B50.8_offset_p100,d:\hpc_project\tdc_unified_core\results\b50_8_multi_offset\offset_p100\b50_7_offset_window_plan.csv,455,range_068351-068550,68351,68550
B50.8_offset_p100,d:\hpc_project\tdc_unified_core\results\b50_8_multi_offset\offset_p100\b50_7_offset_window_plan.csv,456,range_068501-068700,68501,68700
B50.8_offset_p100,d:\hpc_project\tdc_unified_core\results\b50_8_multi_offset\offset_p100\b50_7_offset_window_plan.csv,457,range_068651-068850,68651,68850
B50.8_offset_p100,d:\hpc_project\tdc_unified_core\results\b50_8_multi_offset\offset_p100\b50_7_offset_window_plan.csv,458,range_068801-069000,68801,69000
B50.8_offset_p100,d:\hpc_project\tdc_unified_core\results\b50_8_multi_offset\offset_p100\b50_7_offset_window_plan.csv,459,range_068951-069150,68951,69150
B50.8_offset_p100,d:\hpc_project\tdc_unified_core\results\b50_8_multi_offset\offset_p100\b50_7_offset_window_plan.csv,460,range_069101-069300,69101,69300
B50.8_offset_p100,d:\hpc_project\tdc_unified_core\results\b50_8_multi_offset\offset_p100\b50_7_offset_window_plan.csv,461,range_069251-069450,69251,69450
B50.8_offset_p100,d:\hpc_project\tdc_unified_core\results\b50_8_multi_offset\offset_p100\b50_7_offset_window_plan.csv,462,range_069401-069600,69401,69600
B50.8_offset_p100,d:\hpc_project\tdc_unified_core\results\b50_8_multi_offset\offset_p100\b50_7_offset_window_plan.csv,463,range_069551-069750,69551,69750
B50.8_offset_p100,d:\hpc_project\tdc_unified_core\results\b50_8_multi_offset\offset_p100\b50_7_offset_window_plan.csv,464,range_069701-069900,69701,69900
B50.8_offset_p100,d:\hpc_project\tdc_unified_core\results\b50_8_multi_offset\offset_p100\b50_7_offset_window_plan.csv,465,range_069851-070050,69851,70050
B50.8_offset_p100,d:\hpc_project\tdc_unified_core\results\b50_8_multi_offset\offset_p100\b50_7_offset_window_plan.csv,466,range_070001-070200,70001,70200
B50.8_offset_p100,d:\hpc_project\tdc_unified_core\results\b50_8_multi_offset\offset_p100\b50_7_offset_window_plan.csv,467,range_070151-070350,70151,70350
B50.8_offset_p100,d:\hpc_project\tdc_unified_core\results\b50_8_multi_offset\offset_p100\b50_7_offset_window_plan.csv,468,range_070301-070500,70301,70500
B50.8_offset_p100,d:\hpc_project\tdc_unified_core\results\b50_8_multi_offset\offset_p100\b50_7_offset_window_plan.csv,469,range_070451-070650,70451,70650
B50.8_offset_p100,d:\hpc_project\tdc_unified_core\results\b50_8_multi_offset\offset_p100\b50_7_offset_window_plan.csv,470,range_070601-070800,70601,70800
B50.8_offset_p100,d:\hpc_project\tdc_unified_core\results\b50_8_multi_offset\offset_p100\b50_7_offset_window_plan.csv,471,range_070751-070950,70751,70950
B50.8_offset_p100,d:\hpc_project\tdc_unified_core\results\b50_8_multi_offset\offset_p100\b50_7_offset_window_plan.csv,472,range_070901-071100,70901,71100
B50.8_offset_p100,d:\hpc_project\tdc_unified_core\results\b50_8_multi_offset\offset_p100\b50_7_offset_window_plan.csv,473,range_071051-071250,71051,71250
B50.8_offset_p100,d:\hpc_project\tdc_unified_core\results\b50_8_multi_offset\offset_p100\b50_7_offset_window_plan.csv,474,range_071201-071400,71201,71400
B50.8_offset_p100,d:\hpc_project\tdc_unified_core\results\b50_8_multi_offset\offset_p100\b50_7_offset_window_plan.csv,475,range_071351-071550,71351,71550
B50.8_offset_p100,d:\hpc_project\tdc_unified_core\results\b50_8_multi_offset\offset_p100\b50_7_offset_window_plan.csv,476,range_071501-071700,71501,71700
B50.8_offset_p100,d:\hpc_project\tdc_unified_core\results\b50_8_multi_offset\offset_p100\b50_7_offset_window_plan.csv,477,range_071651-071850,71651,71850
B50.8_offset_p100,d:\hpc_project\tdc_unified_core\results\b50_8_multi_offset\offset_p100\b50_7_offset_window_plan.csv,478,range_071801-072000,71801,72000
B50.8_offset_p100,d:\hpc_project\tdc_unified_core\results\b50_8_multi_offset\offset_p100\b50_7_offset_window_plan.csv,479,range_071951-072150,71951,72150
B50.8_offset_p100,d:\hpc_project\tdc_unified_core\results\b50_8_multi_offset\offset_p100\b50_7_offset_window_plan.csv,480,range_072101-072300,72101,72300
B50.8_offset_p100,d:\hpc_project\tdc_unified_core\results\b50_8_multi_offset\offset_p100\b50_7_offset_window_plan.csv,481,range_072251-072450,72251,72450
B50.8_offset_p100,d:\hpc_project\tdc_unified_core\results\b50_8_multi_offset\offset_p100\b50_7_offset_window_plan.csv,482,range_072401-072600,72401,72600
B50.8_offset_p100,d:\hpc_project\tdc_unified_core\results\b50_8_multi_offset\offset_p100\b50_7_offset_window_plan.csv,483,range_072551-072750,72551,72750
B50.8_offset_p100,d:\hpc_project\tdc_unified_core\results\b50_8_multi_offset\offset_p100\b50_7_offset_window_plan.csv,484,range_072701-072900,72701,72900
B50.8_offset_p100,d:\hpc_project\tdc_unified_core\results\b50_8_multi_offset\offset_p100\b50_7_offset_window_plan.csv,485,range_072851-073050,72851,73050
B50.8_offset_p100,d:\hpc_project\tdc_unified_core\results\b50_8_multi_offset\offset_p100\b50_7_offset_window_plan.csv,486,range_073001-073200,73001,73200
B50.8_offset_p100,d:\hpc_project\tdc_unified_core\results\b50_8_multi_offset\offset_p100\b50_7_offset_window_plan.csv,487,range_073151-073350,73151,73350
B50.8_offset_p100,d:\hpc_project\tdc_unified_core\results\b50_8_multi_offset\offset_p100\b50_7_offset_window_plan.csv,488,range_073301-073500,73301,73500
B50.8_offset_p100,d:\hpc_project\tdc_unified_core\results\b50_8_multi_offset\offset_p100\b50_7_offset_window_plan.csv,489,range_073451-073650,73451,73650
B50.8_offset_p100,d:\hpc_project\tdc_unified_core\results\b50_8_multi_offset\offset_p100\b50_7_offset_window_plan.csv,490,range_073601-073800,73601,73800
B50.8_offset_p100,d:\hpc_project\tdc_unified_core\results\b50_8_multi_offset\offset_p100\b50_7_offset_window_plan.csv,491,range_073751-073950,73751,73950
B50.8_offset_p100,d:\hpc_project\tdc_unified_core\results\b50_8_multi_offset\offset_p100\b50_7_offset_window_plan.csv,492,range_073901-074100,73901,74100
B50.8_offset_p100,d:\hpc_project\tdc_unified_core\results\b50_8_multi_offset\offset_p100\b50_7_offset_window_plan.csv,493,range_074051-074250,74051,74250
B50.8_offset_p100,d:\hpc_project\tdc_unified_core\results\b50_8_multi_offset\offset_p100\b50_7_offset_window_plan.csv,494,range_074201-074400,74201,74400
B50.8_offset_p100,d:\hpc_project\tdc_unified_core\results\b50_8_multi_offset\offset_p100\b50_7_offset_window_plan.csv,495,range_074351-074550,74351,74550
B50.8_offset_p100,d:\hpc_project\tdc_unified_core\results\b50_8_multi_offset\offset_p100\b50_7_offset_window_plan.csv,496,range_074501-074700,74501,74700
B50.8_offset_p100,d:\hpc_project\tdc_unified_core\results\b50_8_multi_offset\offset_p100\b50_7_offset_window_plan.csv,497,range_074651-074850,74651,74850
B50.8_offset_p100,d:\hpc_project\tdc_unified_core\results\b50_8_multi_offset\offset_p100\b50_7_offset_window_plan.csv,498,range_074801-075000,74801,75000
B50.8_offset_p100,d:\hpc_project\tdc_unified_core\results\b50_8_multi_offset\offset_p100\b50_7_offset_window_plan.csv,499,range_074951-075150,74951,75150
B50.8_offset_p100,d:\hpc_project\tdc_unified_core\results\b50_8_multi_offset\offset_p100\b50_7_offset_window_plan.csv,500,range_075101-075300,75101,75300
B50.8_offset_p100,d:\hpc_project\tdc_unified_core\results\b50_8_multi_offset\offset_p100\b50_7_offset_window_plan.csv,501,range_075251-075450,75251,75450
B50.8_offset_p100,d:\hpc_project\tdc_unified_core\results\b50_8_multi_offset\offset_p100\b50_7_offset_window_plan.csv,502,range_075401-075600,75401,75600
B50.8_offset_p100,d:\hpc_project\tdc_unified_core\results\b50_8_multi_offset\offset_p100\b50_7_offset_window_plan.csv,503,range_075551-075750,75551,75750
B50.8_offset_p100,d:\hpc_project\tdc_unified_core\results\b50_8_multi_offset\offset_p100\b50_7_offset_window_plan.csv,504,range_075701-075900,75701,75900
B50.8_offset_p100,d:\hpc_project\tdc_unified_core\results\b50_8_multi_offset\offset_p100\b50_7_offset_window_plan.csv,505,range_075851-076050,75851,76050
B50.8_offset_p100,d:\hpc_project\tdc_unified_core\results\b50_8_multi_offset\offset_p100\b50_7_offset_window_plan.csv,506,range_076001-076200,76001,76200
B50.8_offset_p100,d:\hpc_project\tdc_unified_core\results\b50_8_multi_offset\offset_p100\b50_7_offset_window_plan.csv,507,range_076151-076350,76151,76350
B50.8_offset_p100,d:\hpc_project\tdc_unified_core\results\b50_8_multi_offset\offset_p100\b50_7_offset_window_plan.csv,508,range_076301-076500,76301,76500
B50.8_offset_p100,d:\hpc_project\tdc_unified_core\results\b50_8_multi_offset\offset_p100\b50_7_offset_window_plan.csv,509,range_076451-076650,76451,76650
B50.8_offset_p100,d:\hpc_project\tdc_unified_core\results\b50_8_multi_offset\offset_p100\b50_7_offset_window_plan.csv,510,range_076601-076800,76601,76800
B50.8_offset_p100,d:\hpc_project\tdc_unified_core\results\b50_8_multi_offset\offset_p100\b50_7_offset_window_plan.csv,511,range_076751-076950,76751,76950
B50.8_offset_p100,d:\hpc_project\tdc_unified_core\results\b50_8_multi_offset\offset_p100\b50_7_offset_window_plan.csv,512,range_076901-077100,76901,77100
B50.8_offset_p100,d:\hpc_project\tdc_unified_core\results\b50_8_multi_offset\offset_p100\b50_7_offset_window_plan.csv,513,range_077051-077250,77051,77250
B50.8_offset_p100,d:\hpc_project\tdc_unified_core\results\b50_8_multi_offset\offset_p100\b50_7_offset_window_plan.csv,514,range_077201-077400,77201,77400
B50.8_offset_p100,d:\hpc_project\tdc_unified_core\results\b50_8_multi_offset\offset_p100\b50_7_offset_window_plan.csv,515,range_077351-077550,77351,77550
B50.8_offset_p100,d:\hpc_project\tdc_unified_core\results\b50_8_multi_offset\offset_p100\b50_7_offset_window_plan.csv,516,range_077501-077700,77501,77700
B50.8_offset_p100,d:\hpc_project\tdc_unified_core\results\b50_8_multi_offset\offset_p100\b50_7_offset_window_plan.csv,517,range_077651-077850,77651,77850
B50.8_offset_p100,d:\hpc_project\tdc_unified_core\results\b50_8_multi_offset\offset_p100\b50_7_offset_window_plan.csv,518,range_077801-078000,77801,78000
B50.8_offset_p100,d:\hpc_project\tdc_unified_core\results\b50_8_multi_offset\offset_p100\b50_7_offset_window_plan.csv,519,range_077951-078150,77951,78150
B50.8_offset_p100,d:\hpc_project\tdc_unified_core\results\b50_8_multi_offset\offset_p100\b50_7_offset_window_plan.csv,520,range_078101-078300,78101,78300
B50.8_offset_p100,d:\hpc_project\tdc_unified_core\results\b50_8_multi_offset\offset_p100\b50_7_offset_window_plan.csv,521,range_078251-078450,78251,78450
B50.8_offset_p100,d:\hpc_project\tdc_unified_core\results\b50_8_multi_offset\offset_p100\b50_7_offset_window_plan.csv,522,range_078401-078600,78401,78600
B50.8_offset_p100,d:\hpc_project\tdc_unified_core\results\b50_8_multi_offset\offset_p100\b50_7_offset_window_plan.csv,523,range_078551-078750,78551,78750
B50.8_offset_p100,d:\hpc_project\tdc_unified_core\results\b50_8_multi_offset\offset_p100\b50_7_offset_window_plan.csv,524,range_078701-078900,78701,78900
B50.8_offset_p100,d:\hpc_project\tdc_unified_core\results\b50_8_multi_offset\offset_p100\b50_7_offset_window_plan.csv,525,range_078851-079050,78851,79050
B50.8_offset_p100,d:\hpc_project\tdc_unified_core\results\b50_8_multi_offset\offset_p100\b50_7_offset_window_plan.csv,526,range_079001-079200,79001,79200
B50.8_offset_p100,d:\hpc_project\tdc_unified_core\results\b50_8_multi_offset\offset_p100\b50_7_offset_window_plan.csv,527,range_079151-079350,79151,79350
B50.8_offset_p100,d:\hpc_project\tdc_unified_core\results\b50_8_multi_offset\offset_p100\b50_7_offset_window_plan.csv,528,range_079301-079500,79301,79500
B50.8_offset_p100,d:\hpc_project\tdc_unified_core\results\b50_8_multi_offset\offset_p100\b50_7_offset_window_plan.csv,529,range_079451-079650,79451,79650
B50.8_offset_p100,d:\hpc_project\tdc_unified_core\results\b50_8_multi_offset\offset_p100\b50_7_offset_window_plan.csv,530,range_079601-079800,79601,79800
B50.8_offset_p100,d:\hpc_project\tdc_unified_core\results\b50_8_multi_offset\offset_p100\b50_7_offset_window_plan.csv,531,range_079751-079950,79751,79950
B50.8_offset_p100,d:\hpc_project\tdc_unified_core\results\b50_8_multi_offset\offset_p100\b50_7_offset_window_plan.csv,532,range_079901-080100,79901,80100
B50.8_offset_p100,d:\hpc_project\tdc_unified_core\results\b50_8_multi_offset\offset_p100\b50_7_offset_window_plan.csv,533,range_080051-080250,80051,80250
B50.8_offset_p100,d:\hpc_project\tdc_unified_core\results\b50_8_multi_offset\offset_p100\b50_7_offset_window_plan.csv,534,range_080201-080400,80201,80400
B50.8_offset_p100,d:\hpc_project\tdc_unified_core\results\b50_8_multi_offset\offset_p100\b50_7_offset_window_plan.csv,535,range_080351-080550,80351,80550
B50.8_offset_p100,d:\hpc_project\tdc_unified_core\results\b50_8_multi_offset\offset_p100\b50_7_offset_window_plan.csv,536,range_080501-080700,80501,80700
B50.8_offset_p100,d:\hpc_project\tdc_unified_core\results\b50_8_multi_offset\offset_p100\b50_7_offset_window_plan.csv,537,range_080651-080850,80651,80850
B50.8_offset_p100,d:\hpc_project\tdc_unified_core\results\b50_8_multi_offset\offset_p100\b50_7_offset_window_plan.csv,538,range_080801-081000,80801,81000
B50.8_offset_p100,d:\hpc_project\tdc_unified_core\results\b50_8_multi_offset\offset_p100\b50_7_offset_window_plan.csv,539,range_080951-081150,80951,81150
B50.8_offset_p100,d:\hpc_project\tdc_unified_core\results\b50_8_multi_offset\offset_p100\b50_7_offset_window_plan.csv,540,range_081101-081300,81101,81300
B50.8_offset_p100,d:\hpc_project\tdc_unified_core\results\b50_8_multi_offset\offset_p100\b50_7_offset_window_plan.csv,541,range_081251-081450,81251,81450
B50.8_offset_p100,d:\hpc_project\tdc_unified_core\results\b50_8_multi_offset\offset_p100\b50_7_offset_window_plan.csv,542,range_081401-081600,81401,81600
B50.8_offset_p100,d:\hpc_project\tdc_unified_core\results\b50_8_multi_offset\offset_p100\b50_7_offset_window_plan.csv,543,range_081551-081750,81551,81750
B50.8_offset_p100,d:\hpc_project\tdc_unified_core\results\b50_8_multi_offset\offset_p100\b50_7_offset_window_plan.csv,544,range_081701-081900,81701,81900
B50.8_offset_p100,d:\hpc_project\tdc_unified_core\results\b50_8_multi_offset\offset_p100\b50_7_offset_window_plan.csv,545,range_081851-082050,81851,82050
B50.8_offset_p100,d:\hpc_project\tdc_unified_core\results\b50_8_multi_offset\offset_p100\b50_7_offset_window_plan.csv,546,range_082001-082200,82001,82200
B50.8_offset_p100,d:\hpc_project\tdc_unified_core\results\b50_8_multi_offset\offset_p100\b50_7_offset_window_plan.csv,547,range_082151-082350,82151,82350
B50.8_offset_p100,d:\hpc_project\tdc_unified_core\results\b50_8_multi_offset\offset_p100\b50_7_offset_window_plan.csv,548,range_082301-082500,82301,82500
B50.8_offset_p100,d:\hpc_project\tdc_unified_core\results\b50_8_multi_offset\offset_p100\b50_7_offset_window_plan.csv,549,range_082451-082650,82451,82650
B50.8_offset_p100,d:\hpc_project\tdc_unified_core\results\b50_8_multi_offset\offset_p100\b50_7_offset_window_plan.csv,550,range_082601-082800,82601,82800
B50.8_offset_p100,d:\hpc_project\tdc_unified_core\results\b50_8_multi_offset\offset_p100\b50_7_offset_window_plan.csv,551,range_082751-082950,82751,82950
B50.8_offset_p100,d:\hpc_project\tdc_unified_core\results\b50_8_multi_offset\offset_p100\b50_7_offset_window_plan.csv,552,range_082901-083100,82901,83100
B50.8_offset_p100,d:\hpc_project\tdc_unified_core\results\b50_8_multi_offset\offset_p100\b50_7_offset_window_plan.csv,553,range_083051-083250,83051,83250
B50.8_offset_p100,d:\hpc_project\tdc_unified_core\results\b50_8_multi_offset\offset_p100\b50_7_offset_window_plan.csv,554,range_083201-083400,83201,83400
B50.8_offset_p100,d:\hpc_project\tdc_unified_core\results\b50_8_multi_offset\offset_p100\b50_7_offset_window_plan.csv,555,range_083351-083550,83351,83550
B50.8_offset_p100,d:\hpc_project\tdc_unified_core\results\b50_8_multi_offset\offset_p100\b50_7_offset_window_plan.csv,556,range_083501-083700,83501,83700
B50.8_offset_p100,d:\hpc_project\tdc_unified_core\results\b50_8_multi_offset\offset_p100\b50_7_offset_window_plan.csv,557,range_083651-083850,83651,83850
B50.8_offset_p100,d:\hpc_project\tdc_unified_core\results\b50_8_multi_offset\offset_p100\b50_7_offset_window_plan.csv,558,range_083801-084000,83801,84000
B50.8_offset_p100,d:\hpc_project\tdc_unified_core\results\b50_8_multi_offset\offset_p100\b50_7_offset_window_plan.csv,559,range_083951-084150,83951,84150
B50.8_offset_p100,d:\hpc_project\tdc_unified_core\results\b50_8_multi_offset\offset_p100\b50_7_offset_window_plan.csv,560,range_084101-084300,84101,84300
B50.8_offset_p100,d:\hpc_project\tdc_unified_core\results\b50_8_multi_offset\offset_p100\b50_7_offset_window_plan.csv,561,range_084251-084450,84251,84450
B50.8_offset_p100,d:\hpc_project\tdc_unified_core\results\b50_8_multi_offset\offset_p100\b50_7_offset_window_plan.csv,562,range_084401-084600,84401,84600
B50.8_offset_p100,d:\hpc_project\tdc_unified_core\results\b50_8_multi_offset\offset_p100\b50_7_offset_window_plan.csv,563,range_084551-084750,84551,84750
B50.8_offset_p100,d:\hpc_project\tdc_unified_core\results\b50_8_multi_offset\offset_p100\b50_7_offset_window_plan.csv,564,range_084701-084900,84701,84900
B50.8_offset_p100,d:\hpc_project\tdc_unified_core\results\b50_8_multi_offset\offset_p100\b50_7_offset_window_plan.csv,565,range_084851-085050,84851,85050
B50.8_offset_p100,d:\hpc_project\tdc_unified_core\results\b50_8_multi_offset\offset_p100\b50_7_offset_window_plan.csv,566,range_085001-085200,85001,85200
B50.8_offset_p100,d:\hpc_project\tdc_unified_core\results\b50_8_multi_offset\offset_p100\b50_7_offset_window_plan.csv,567,range_085151-085350,85151,85350
B50.8_offset_p100,d:\hpc_project\tdc_unified_core\results\b50_8_multi_offset\offset_p100\b50_7_offset_window_plan.csv,568,range_085301-085500,85301,85500
B50.8_offset_p100,d:\hpc_project\tdc_unified_core\results\b50_8_multi_offset\offset_p100\b50_7_offset_window_plan.csv,569,range_085451-085650,85451,85650
B50.8_offset_p100,d:\hpc_project\tdc_unified_core\results\b50_8_multi_offset\offset_p100\b50_7_offset_window_plan.csv,570,range_085601-085800,85601,85800
B50.8_offset_p100,d:\hpc_project\tdc_unified_core\results\b50_8_multi_offset\offset_p100\b50_7_offset_window_plan.csv,571,range_085751-085950,85751,85950
B50.8_offset_p100,d:\hpc_project\tdc_unified_core\results\b50_8_multi_offset\offset_p100\b50_7_offset_window_plan.csv,572,range_085901-086100,85901,86100
B50.8_offset_p100,d:\hpc_project\tdc_unified_core\results\b50_8_multi_offset\offset_p100\b50_7_offset_window_plan.csv,573,range_086051-086250,86051,86250
B50.8_offset_p100,d:\hpc_project\tdc_unified_core\results\b50_8_multi_offset\offset_p100\b50_7_offset_window_plan.csv,574,range_086201-086400,86201,86400
B50.8_offset_p100,d:\hpc_project\tdc_unified_core\results\b50_8_multi_offset\offset_p100\b50_7_offset_window_plan.csv,575,range_086351-086550,86351,86550
B50.8_offset_p100,d:\hpc_project\tdc_unified_core\results\b50_8_multi_offset\offset_p100\b50_7_offset_window_plan.csv,576,range_086501-086700,86501,86700
B50.8_offset_p100,d:\hpc_project\tdc_unified_core\results\b50_8_multi_offset\offset_p100\b50_7_offset_window_plan.csv,577,range_086651-086850,86651,86850
B50.8_offset_p100,d:\hpc_project\tdc_unified_core\results\b50_8_multi_offset\offset_p100\b50_7_offset_window_plan.csv,578,range_086801-087000,86801,87000
B50.8_offset_p100,d:\hpc_project\tdc_unified_core\results\b50_8_multi_offset\offset_p100\b50_7_offset_window_plan.csv,579,range_086951-087150,86951,87150
B50.8_offset_p100,d:\hpc_project\tdc_unified_core\results\b50_8_multi_offset\offset_p100\b50_7_offset_window_plan.csv,580,range_087101-087300,87101,87300
B50.8_offset_p100,d:\hpc_project\tdc_unified_core\results\b50_8_multi_offset\offset_p100\b50_7_offset_window_plan.csv,581,range_087251-087450,87251,87450
B50.8_offset_p100,d:\hpc_project\tdc_unified_core\results\b50_8_multi_offset\offset_p100\b50_7_offset_window_plan.csv,582,range_087401-087600,87401,87600
B50.8_offset_p100,d:\hpc_project\tdc_unified_core\results\b50_8_multi_offset\offset_p100\b50_7_offset_window_plan.csv,583,range_087551-087750,87551,87750
B50.8_offset_p100,d:\hpc_project\tdc_unified_core\results\b50_8_multi_offset\offset_p100\b50_7_offset_window_plan.csv,584,range_087701-087900,87701,87900
B50.8_offset_p100,d:\hpc_project\tdc_unified_core\results\b50_8_multi_offset\offset_p100\b50_7_offset_window_plan.csv,585,range_087851-088050,87851,88050
B50.8_offset_p100,d:\hpc_project\tdc_unified_core\results\b50_8_multi_offset\offset_p100\b50_7_offset_window_plan.csv,586,range_088001-088200,88001,88200
B50.8_offset_p100,d:\hpc_project\tdc_unified_core\results\b50_8_multi_offset\offset_p100\b50_7_offset_window_plan.csv,587,range_088151-088350,88151,88350
B50.8_offset_p100,d:\hpc_project\tdc_unified_core\results\b50_8_multi_offset\offset_p100\b50_7_offset_window_plan.csv,588,range_088301-088500,88301,88500
B50.8_offset_p100,d:\hpc_project\tdc_unified_core\results\b50_8_multi_offset\offset_p100\b50_7_offset_window_plan.csv,589,range_088451-088650,88451,88650
B50.8_offset_p100,d:\hpc_project\tdc_unified_core\results\b50_8_multi_offset\offset_p100\b50_7_offset_window_plan.csv,590,range_088601-088800,88601,88800
B50.8_offset_p100,d:\hpc_project\tdc_unified_core\results\b50_8_multi_offset\offset_p100\b50_7_offset_window_plan.csv,591,range_088751-088950,88751,88950
B50.8_offset_p100,d:\hpc_project\tdc_unified_core\results\b50_8_multi_offset\offset_p100\b50_7_offset_window_plan.csv,592,range_088901-089100,88901,89100
B50.8_offset_p100,d:\hpc_project\tdc_unified_core\results\b50_8_multi_offset\offset_p100\b50_7_offset_window_plan.csv,593,range_089051-089250,89051,89250
B50.8_offset_p100,d:\hpc_project\tdc_unified_core\results\b50_8_multi_offset\offset_p100\b50_7_offset_window_plan.csv,594,range_089201-089400,89201,89400
B50.8_offset_p100,d:\hpc_project\tdc_unified_core\results\b50_8_multi_offset\offset_p100\b50_7_offset_window_plan.csv,595,range_089351-089550,89351,89550
B50.8_offset_p100,d:\hpc_project\tdc_unified_core\results\b50_8_multi_offset\offset_p100\b50_7_offset_window_plan.csv,596,range_089501-089700,89501,89700
B50.8_offset_p100,d:\hpc_project\tdc_unified_core\results\b50_8_multi_offset\offset_p100\b50_7_offset_window_plan.csv,597,range_089651-089850,89651,89850
B50.8_offset_p100,d:\hpc_project\tdc_unified_core\results\b50_8_multi_offset\offset_p100\b50_7_offset_window_plan.csv,598,range_089801-090000,89801,90000
B50.8_offset_p100,d:\hpc_project\tdc_unified_core\results\b50_8_multi_offset\offset_p100\b50_7_offset_window_plan.csv,599,range_089951-090150,89951,90150
B50.8_offset_p100,d:\hpc_project\tdc_unified_core\results\b50_8_multi_offset\offset_p100\b50_7_offset_window_plan.csv,600,range_090101-090300,90101,90300
B50.8_offset_p100,d:\hpc_project\tdc_unified_core\results\b50_8_multi_offset\offset_p100\b50_7_offset_window_plan.csv,601,range_090251-090450,90251,90450
B50.8_offset_p100,d:\hpc_project\tdc_unified_core\results\b50_8_multi_offset\offset_p100\b50_7_offset_window_plan.csv,602,range_090401-090600,90401,90600
B50.8_offset_p100,d:\hpc_project\tdc_unified_core\results\b50_8_multi_offset\offset_p100\b50_7_offset_window_plan.csv,603,range_090551-090750,90551,90750
B50.8_offset_p100,d:\hpc_project\tdc_unified_core\results\b50_8_multi_offset\offset_p100\b50_7_offset_window_plan.csv,604,range_090701-090900,90701,90900
B50.8_offset_p100,d:\hpc_project\tdc_unified_core\results\b50_8_multi_offset\offset_p100\b50_7_offset_window_plan.csv,605,range_090851-091050,90851,91050
B50.8_offset_p100,d:\hpc_project\tdc_unified_core\results\b50_8_multi_offset\offset_p100\b50_7_offset_window_plan.csv,606,range_091001-091200,91001,91200
B50.8_offset_p100,d:\hpc_project\tdc_unified_core\results\b50_8_multi_offset\offset_p100\b50_7_offset_window_plan.csv,607,range_091151-091350,91151,91350
B50.8_offset_p100,d:\hpc_project\tdc_unified_core\results\b50_8_multi_offset\offset_p100\b50_7_offset_window_plan.csv,608,range_091301-091500,91301,91500
B50.8_offset_p100,d:\hpc_project\tdc_unified_core\results\b50_8_multi_offset\offset_p100\b50_7_offset_window_plan.csv,609,range_091451-091650,91451,91650
B50.8_offset_p100,d:\hpc_project\tdc_unified_core\results\b50_8_multi_offset\offset_p100\b50_7_offset_window_plan.csv,610,range_091601-091800,91601,91800
B50.8_offset_p100,d:\hpc_project\tdc_unified_core\results\b50_8_multi_offset\offset_p100\b50_7_offset_window_plan.csv,611,range_091751-091950,91751,91950
B50.8_offset_p100,d:\hpc_project\tdc_unified_core\results\b50_8_multi_offset\offset_p100\b50_7_offset_window_plan.csv,612,range_091901-092100,91901,92100
B50.8_offset_p100,d:\hpc_project\tdc_unified_core\results\b50_8_multi_offset\offset_p100\b50_7_offset_window_plan.csv,613,range_092051-092250,92051,92250
B50.8_offset_p100,d:\hpc_project\tdc_unified_core\results\b50_8_multi_offset\offset_p100\b50_7_offset_window_plan.csv,614,range_092201-092400,92201,92400
B50.8_offset_p100,d:\hpc_project\tdc_unified_core\results\b50_8_multi_offset\offset_p100\b50_7_offset_window_plan.csv,615,range_092351-092550,92351,92550
B50.8_offset_p100,d:\hpc_project\tdc_unified_core\results\b50_8_multi_offset\offset_p100\b50_7_offset_window_plan.csv,616,range_092501-092700,92501,92700
B50.8_offset_p100,d:\hpc_project\tdc_unified_core\results\b50_8_multi_offset\offset_p100\b50_7_offset_window_plan.csv,617,range_092651-092850,92651,92850
B50.8_offset_p100,d:\hpc_project\tdc_unified_core\results\b50_8_multi_offset\offset_p100\b50_7_offset_window_plan.csv,618,range_092801-093000,92801,93000
B50.8_offset_p100,d:\hpc_project\tdc_unified_core\results\b50_8_multi_offset\offset_p100\b50_7_offset_window_plan.csv,619,range_092951-093150,92951,93150
B50.8_offset_p100,d:\hpc_project\tdc_unified_core\results\b50_8_multi_offset\offset_p100\b50_7_offset_window_plan.csv,620,range_093101-093300,93101,93300
B50.8_offset_p100,d:\hpc_project\tdc_unified_core\results\b50_8_multi_offset\offset_p100\b50_7_offset_window_plan.csv,621,range_093251-093450,93251,93450
B50.8_offset_p100,d:\hpc_project\tdc_unified_core\results\b50_8_multi_offset\offset_p100\b50_7_offset_window_plan.csv,622,range_093401-093600,93401,93600
B50.8_offset_p100,d:\hpc_project\tdc_unified_core\results\b50_8_multi_offset\offset_p100\b50_7_offset_window_plan.csv,623,range_093551-093750,93551,93750
B50.8_offset_p100,d:\hpc_project\tdc_unified_core\results\b50_8_multi_offset\offset_p100\b50_7_offset_window_plan.csv,624,range_093701-093900,93701,93900
B50.8_offset_p100,d:\hpc_project\tdc_unified_core\results\b50_8_multi_offset\offset_p100\b50_7_offset_window_plan.csv,625,range_093851-094050,93851,94050
B50.8_offset_p100,d:\hpc_project\tdc_unified_core\results\b50_8_multi_offset\offset_p100\b50_7_offset_window_plan.csv,626,range_094001-094200,94001,94200
B50.8_offset_p100,d:\hpc_project\tdc_unified_core\results\b50_8_multi_offset\offset_p100\b50_7_offset_window_plan.csv,627,range_094151-094350,94151,94350
B50.8_offset_p100,d:\hpc_project\tdc_unified_core\results\b50_8_multi_offset\offset_p100\b50_7_offset_window_plan.csv,628,range_094301-094500,94301,94500
B50.8_offset_p100,d:\hpc_project\tdc_unified_core\results\b50_8_multi_offset\offset_p100\b50_7_offset_window_plan.csv,629,range_094451-094650,94451,94650
B50.8_offset_p100,d:\hpc_project\tdc_unified_core\results\b50_8_multi_offset\offset_p100\b50_7_offset_window_plan.csv,630,range_094601-094800,94601,94800
B50.8_offset_p100,d:\hpc_project\tdc_unified_core\results\b50_8_multi_offset\offset_p100\b50_7_offset_window_plan.csv,631,range_094751-094950,94751,94950
B50.8_offset_p100,d:\hpc_project\tdc_unified_core\results\b50_8_multi_offset\offset_p100\b50_7_offset_window_plan.csv,632,range_094901-095100,94901,95100
B50.8_offset_p100,d:\hpc_project\tdc_unified_core\results\b50_8_multi_offset\offset_p100\b50_7_offset_window_plan.csv,633,range_095051-095250,95051,95250
B50.8_offset_p100,d:\hpc_project\tdc_unified_core\results\b50_8_multi_offset\offset_p100\b50_7_offset_window_plan.csv,634,range_095201-095400,95201,95400
B50.8_offset_p100,d:\hpc_project\tdc_unified_core\results\b50_8_multi_offset\offset_p100\b50_7_offset_window_plan.csv,635,range_095351-095550,95351,95550
B50.8_offset_p100,d:\hpc_project\tdc_unified_core\results\b50_8_multi_offset\offset_p100\b50_7_offset_window_plan.csv,636,range_095501-095700,95501,95700
B50.8_offset_p100,d:\hpc_project\tdc_unified_core\results\b50_8_multi_offset\offset_p100\b50_7_offset_window_plan.csv,637,range_095651-095850,95651,95850
B50.8_offset_p100,d:\hpc_project\tdc_unified_core\results\b50_8_multi_offset\offset_p100\b50_7_offset_window_plan.csv,638,range_095801-096000,95801,96000
B50.8_offset_p100,d:\hpc_project\tdc_unified_core\results\b50_8_multi_offset\offset_p100\b50_7_offset_window_plan.csv,639,range_095951-096150,95951,96150
B50.8_offset_p100,d:\hpc_project\tdc_unified_core\results\b50_8_multi_offset\offset_p100\b50_7_offset_window_plan.csv,640,range_096101-096300,96101,96300
B50.8_offset_p100,d:\hpc_project\tdc_unified_core\results\b50_8_multi_offset\offset_p100\b50_7_offset_window_plan.csv,641,range_096251-096450,96251,96450
B50.8_offset_p100,d:\hpc_project\tdc_unified_core\results\b50_8_multi_offset\offset_p100\b50_7_offset_window_plan.csv,642,range_096401-096600,96401,96600
B50.8_offset_p100,d:\hpc_project\tdc_unified_core\results\b50_8_multi_offset\offset_p100\b50_7_offset_window_plan.csv,643,range_096551-096750,96551,96750
B50.8_offset_p100,d:\hpc_project\tdc_unified_core\results\b50_8_multi_offset\offset_p100\b50_7_offset_window_plan.csv,644,range_096701-096900,96701,96900
B50.8_offset_p100,d:\hpc_project\tdc_unified_core\results\b50_8_multi_offset\offset_p100\b50_7_offset_window_plan.csv,645,range_096851-097050,96851,97050
B50.8_offset_p100,d:\hpc_project\tdc_unified_core\results\b50_8_multi_offset\offset_p100\b50_7_offset_window_plan.csv,646,range_097001-097200,97001,97200
B50.8_offset_p100,d:\hpc_project\tdc_unified_core\results\b50_8_multi_offset\offset_p100\b50_7_offset_window_plan.csv,647,range_097151-097350,97151,97350
B50.8_offset_p100,d:\hpc_project\tdc_unified_core\results\b50_8_multi_offset\offset_p100\b50_7_offset_window_plan.csv,648,range_097301-097500,97301,97500
B50.8_offset_p100,d:\hpc_project\tdc_unified_core\results\b50_8_multi_offset\offset_p100\b50_7_offset_window_plan.csv,649,range_097451-097650,97451,97650
B50.8_offset_p100,d:\hpc_project\tdc_unified_core\results\b50_8_multi_offset\offset_p100\b50_7_offset_window_plan.csv,650,range_097601-097800,97601,97800
B50.8_offset_p100,d:\hpc_project\tdc_unified_core\results\b50_8_multi_offset\offset_p100\b50_7_offset_window_plan.csv,651,range_097751-097950,97751,97950
B50.8_offset_p100,d:\hpc_project\tdc_unified_core\results\b50_8_multi_offset\offset_p100\b50_7_offset_window_plan.csv,652,range_097901-098100,97901,98100
B50.8_offset_p100,d:\hpc_project\tdc_unified_core\results\b50_8_multi_offset\offset_p100\b50_7_offset_window_plan.csv,653,range_098051-098250,98051,98250
B50.8_offset_p100,d:\hpc_project\tdc_unified_core\results\b50_8_multi_offset\offset_p100\b50_7_offset_window_plan.csv,654,range_098201-098400,98201,98400
B50.8_offset_p100,d:\hpc_project\tdc_unified_core\results\b50_8_multi_offset\offset_p100\b50_7_offset_window_plan.csv,655,range_098351-098550,98351,98550
B50.8_offset_p100,d:\hpc_project\tdc_unified_core\results\b50_8_multi_offset\offset_p100\b50_7_offset_window_plan.csv,656,range_098501-098700,98501,98700
B50.8_offset_p100,d:\hpc_project\tdc_unified_core\results\b50_8_multi_offset\offset_p100\b50_7_offset_window_plan.csv,657,range_098651-098850,98651,98850
B50.8_offset_p100,d:\hpc_project\tdc_unified_core\results\b50_8_multi_offset\offset_p100\b50_7_offset_window_plan.csv,658,range_098801-099000,98801,99000
B50.8_offset_p100,d:\hpc_project\tdc_unified_core\results\b50_8_multi_offset\offset_p100\b50_7_offset_window_plan.csv,659,range_098951-099150,98951,99150
B50.8_offset_p100,d:\hpc_project\tdc_unified_core\results\b50_8_multi_offset\offset_p100\b50_7_offset_window_plan.csv,660,range_099101-099300,99101,99300
B50.8_offset_p100,d:\hpc_project\tdc_unified_core\results\b50_8_multi_offset\offset_p100\b50_7_offset_window_plan.csv,661,range_099251-099450,99251,99450
B50.8_offset_p100,d:\hpc_project\tdc_unified_core\results\b50_8_multi_offset\offset_p100\b50_7_offset_window_plan.csv,662,range_099401-099600,99401,99600
B50.8_offset_p100,d:\hpc_project\tdc_unified_core\results\b50_8_multi_offset\offset_p100\b50_7_offset_window_plan.csv,663,range_099551-099750,99551,99750
B50.8_offset_p100,d:\hpc_project\tdc_unified_core\results\b50_8_multi_offset\offset_p100\b50_7_offset_window_plan.csv,664,range_099701-099900,99701,99900
B50.8_offset_p125,d:\hpc_project\tdc_unified_core\results\b50_8_multi_offset\offset_p125\b50_7_offset_window_plan.csv,0,range_000126-000325,126,325
B50.8_offset_p125,d:\hpc_project\tdc_unified_core\results\b50_8_multi_offset\offset_p125\b50_7_offset_window_plan.csv,1,range_000276-000475,276,475
B50.8_offset_p125,d:\hpc_project\tdc_unified_core\results\b50_8_multi_offset\offset_p125\b50_7_offset_window_plan.csv,2,range_000426-000625,426,625
B50.8_offset_p125,d:\hpc_project\tdc_unified_core\results\b50_8_multi_offset\offset_p125\b50_7_offset_window_plan.csv,3,range_000576-000775,576,775
B50.8_offset_p125,d:\hpc_project\tdc_unified_core\results\b50_8_multi_offset\offset_p125\b50_7_offset_window_plan.csv,4,range_000726-000925,726,925
B50.8_offset_p125,d:\hpc_project\tdc_unified_core\results\b50_8_multi_offset\offset_p125\b50_7_offset_window_plan.csv,5,range_000876-001075,876,1075
B50.8_offset_p125,d:\hpc_project\tdc_unified_core\results\b50_8_multi_offset\offset_p125\b50_7_offset_window_plan.csv,6,range_001026-001225,1026,1225
B50.8_offset_p125,d:\hpc_project\tdc_unified_core\results\b50_8_multi_offset\offset_p125\b50_7_offset_window_plan.csv,7,range_001176-001375,1176,1375
B50.8_offset_p125,d:\hpc_project\tdc_unified_core\results\b50_8_multi_offset\offset_p125\b50_7_offset_window_plan.csv,8,range_001326-001525,1326,1525
B50.8_offset_p125,d:\hpc_project\tdc_unified_core\results\b50_8_multi_offset\offset_p125\b50_7_offset_window_plan.csv,9,range_001476-001675,1476,1675
B50.8_offset_p125,d:\hpc_project\tdc_unified_core\results\b50_8_multi_offset\offset_p125\b50_7_offset_window_plan.csv,10,range_001626-001825,1626,1825
B50.8_offset_p125,d:\hpc_project\tdc_unified_core\results\b50_8_multi_offset\offset_p125\b50_7_offset_window_plan.csv,11,range_001776-001975,1776,1975
B50.8_offset_p125,d:\hpc_project\tdc_unified_core\results\b50_8_multi_offset\offset_p125\b50_7_offset_window_plan.csv,12,range_001926-002125,1926,2125
B50.8_offset_p125,d:\hpc_project\tdc_unified_core\results\b50_8_multi_offset\offset_p125\b50_7_offset_window_plan.csv,13,range_002076-002275,2076,2275
B50.8_offset_p125,d:\hpc_project\tdc_unified_core\results\b50_8_multi_offset\offset_p125\b50_7_offset_window_plan.csv,14,range_002226-002425,2226,2425
B50.8_offset_p125,d:\hpc_project\tdc_unified_core\results\b50_8_multi_offset\offset_p125\b50_7_offset_window_plan.csv,15,range_002376-002575,2376,2575
B50.8_offset_p125,d:\hpc_project\tdc_unified_core\results\b50_8_multi_offset\offset_p125\b50_7_offset_window_plan.csv,16,range_002526-002725,2526,2725
B50.8_offset_p125,d:\hpc_project\tdc_unified_core\results\b50_8_multi_offset\offset_p125\b50_7_offset_window_plan.csv,17,range_002676-002875,2676,2875
B50.8_offset_p125,d:\hpc_project\tdc_unified_core\results\b50_8_multi_offset\offset_p125\b50_7_offset_window_plan.csv,18,range_002826-003025,2826,3025
B50.8_offset_p125,d:\hpc_project\tdc_unified_core\results\b50_8_multi_offset\offset_p125\b50_7_offset_window_plan.csv,19,range_002976-003175,2976,3175
B50.8_offset_p125,d:\hpc_project\tdc_unified_core\results\b50_8_multi_offset\offset_p125\b50_7_offset_window_plan.csv,20,range_003126-003325,3126,3325
B50.8_offset_p125,d:\hpc_project\tdc_unified_core\results\b50_8_multi_offset\offset_p125\b50_7_offset_window_plan.csv,21,range_003276-003475,3276,3475
B50.8_offset_p125,d:\hpc_project\tdc_unified_core\results\b50_8_multi_offset\offset_p125\b50_7_offset_window_plan.csv,22,range_003426-003625,3426,3625
B50.8_offset_p125,d:\hpc_project\tdc_unified_core\results\b50_8_multi_offset\offset_p125\b50_7_offset_window_plan.csv,23,range_003576-003775,3576,3775
B50.8_offset_p125,d:\hpc_project\tdc_unified_core\results\b50_8_multi_offset\offset_p125\b50_7_offset_window_plan.csv,24,range_003726-003925,3726,3925
B50.8_offset_p125,d:\hpc_project\tdc_unified_core\results\b50_8_multi_offset\offset_p125\b50_7_offset_window_plan.csv,25,range_003876-004075,3876,4075
B50.8_offset_p125,d:\hpc_project\tdc_unified_core\results\b50_8_multi_offset\offset_p125\b50_7_offset_window_plan.csv,26,range_004026-004225,4026,4225
B50.8_offset_p125,d:\hpc_project\tdc_unified_core\results\b50_8_multi_offset\offset_p125\b50_7_offset_window_plan.csv,27,range_004176-004375,4176,4375
B50.8_offset_p125,d:\hpc_project\tdc_unified_core\results\b50_8_multi_offset\offset_p125\b50_7_offset_window_plan.csv,28,range_004326-004525,4326,4525
B50.8_offset_p125,d:\hpc_project\tdc_unified_core\results\b50_8_multi_offset\offset_p125\b50_7_offset_window_plan.csv,29,range_004476-004675,4476,4675
B50.8_offset_p125,d:\hpc_project\tdc_unified_core\results\b50_8_multi_offset\offset_p125\b50_7_offset_window_plan.csv,30,range_004626-004825,4626,4825
B50.8_offset_p125,d:\hpc_project\tdc_unified_core\results\b50_8_multi_offset\offset_p125\b50_7_offset_window_plan.csv,31,range_004776-004975,4776,4975
B50.8_offset_p125,d:\hpc_project\tdc_unified_core\results\b50_8_multi_offset\offset_p125\b50_7_offset_window_plan.csv,32,range_004926-005125,4926,5125
B50.8_offset_p125,d:\hpc_project\tdc_unified_core\results\b50_8_multi_offset\offset_p125\b50_7_offset_window_plan.csv,33,range_005076-005275,5076,5275
B50.8_offset_p125,d:\hpc_project\tdc_unified_core\results\b50_8_multi_offset\offset_p125\b50_7_offset_window_plan.csv,34,range_005226-005425,5226,5425
B50.8_offset_p125,d:\hpc_project\tdc_unified_core\results\b50_8_multi_offset\offset_p125\b50_7_offset_window_plan.csv,35,range_005376-005575,5376,5575
B50.8_offset_p125,d:\hpc_project\tdc_unified_core\results\b50_8_multi_offset\offset_p125\b50_7_offset_window_plan.csv,36,range_005526-005725,5526,5725
B50.8_offset_p125,d:\hpc_project\tdc_unified_core\results\b50_8_multi_offset\offset_p125\b50_7_offset_window_plan.csv,37,range_005676-005875,5676,5875
B50.8_offset_p125,d:\hpc_project\tdc_unified_core\results\b50_8_multi_offset\offset_p125\b50_7_offset_window_plan.csv,38,range_005826-006025,5826,6025
B50.8_offset_p125,d:\hpc_project\tdc_unified_core\results\b50_8_multi_offset\offset_p125\b50_7_offset_window_plan.csv,39,range_005976-006175,5976,6175
B50.8_offset_p125,d:\hpc_project\tdc_unified_core\results\b50_8_multi_offset\offset_p125\b50_7_offset_window_plan.csv,40,range_006126-006325,6126,6325
B50.8_offset_p125,d:\hpc_project\tdc_unified_core\results\b50_8_multi_offset\offset_p125\b50_7_offset_window_plan.csv,41,range_006276-006475,6276,6475
B50.8_offset_p125,d:\hpc_project\tdc_unified_core\results\b50_8_multi_offset\offset_p125\b50_7_offset_window_plan.csv,42,range_006426-006625,6426,6625
B50.8_offset_p125,d:\hpc_project\tdc_unified_core\results\b50_8_multi_offset\offset_p125\b50_7_offset_window_plan.csv,43,range_006576-006775,6576,6775
B50.8_offset_p125,d:\hpc_project\tdc_unified_core\results\b50_8_multi_offset\offset_p125\b50_7_offset_window_plan.csv,44,range_006726-006925,6726,6925
B50.8_offset_p125,d:\hpc_project\tdc_unified_core\results\b50_8_multi_offset\offset_p125\b50_7_offset_window_plan.csv,45,range_006876-007075,6876,7075
B50.8_offset_p125,d:\hpc_project\tdc_unified_core\results\b50_8_multi_offset\offset_p125\b50_7_offset_window_plan.csv,46,range_007026-007225,7026,7225
B50.8_offset_p125,d:\hpc_project\tdc_unified_core\results\b50_8_multi_offset\offset_p125\b50_7_offset_window_plan.csv,47,range_007176-007375,7176,7375
B50.8_offset_p125,d:\hpc_project\tdc_unified_core\results\b50_8_multi_offset\offset_p125\b50_7_offset_window_plan.csv,48,range_007326-007525,7326,7525
B50.8_offset_p125,d:\hpc_project\tdc_unified_core\results\b50_8_multi_offset\offset_p125\b50_7_offset_window_plan.csv,49,range_007476-007675,7476,7675
B50.8_offset_p125,d:\hpc_project\tdc_unified_core\results\b50_8_multi_offset\offset_p125\b50_7_offset_window_plan.csv,50,range_007626-007825,7626,7825
B50.8_offset_p125,d:\hpc_project\tdc_unified_core\results\b50_8_multi_offset\offset_p125\b50_7_offset_window_plan.csv,51,range_007776-007975,7776,7975
B50.8_offset_p125,d:\hpc_project\tdc_unified_core\results\b50_8_multi_offset\offset_p125\b50_7_offset_window_plan.csv,52,range_007926-008125,7926,8125
B50.8_offset_p125,d:\hpc_project\tdc_unified_core\results\b50_8_multi_offset\offset_p125\b50_7_offset_window_plan.csv,53,range_008076-008275,8076,8275
B50.8_offset_p125,d:\hpc_project\tdc_unified_core\results\b50_8_multi_offset\offset_p125\b50_7_offset_window_plan.csv,54,range_008226-008425,8226,8425
B50.8_offset_p125,d:\hpc_project\tdc_unified_core\results\b50_8_multi_offset\offset_p125\b50_7_offset_window_plan.csv,55,range_008376-008575,8376,8575
B50.8_offset_p125,d:\hpc_project\tdc_unified_core\results\b50_8_multi_offset\offset_p125\b50_7_offset_window_plan.csv,56,range_008526-008725,8526,8725
B50.8_offset_p125,d:\hpc_project\tdc_unified_core\results\b50_8_multi_offset\offset_p125\b50_7_offset_window_plan.csv,57,range_008676-008875,8676,8875
B50.8_offset_p125,d:\hpc_project\tdc_unified_core\results\b50_8_multi_offset\offset_p125\b50_7_offset_window_plan.csv,58,range_008826-009025,8826,9025
B50.8_offset_p125,d:\hpc_project\tdc_unified_core\results\b50_8_multi_offset\offset_p125\b50_7_offset_window_plan.csv,59,range_008976-009175,8976,9175
B50.8_offset_p125,d:\hpc_project\tdc_unified_core\results\b50_8_multi_offset\offset_p125\b50_7_offset_window_plan.csv,60,range_009126-009325,9126,9325
B50.8_offset_p125,d:\hpc_project\tdc_unified_core\results\b50_8_multi_offset\offset_p125\b50_7_offset_window_plan.csv,61,range_009276-009475,9276,9475
B50.8_offset_p125,d:\hpc_project\tdc_unified_core\results\b50_8_multi_offset\offset_p125\b50_7_offset_window_plan.csv,62,range_009426-009625,9426,9625
B50.8_offset_p125,d:\hpc_project\tdc_unified_core\results\b50_8_multi_offset\offset_p125\b50_7_offset_window_plan.csv,63,range_009576-009775,9576,9775
B50.8_offset_p125,d:\hpc_project\tdc_unified_core\results\b50_8_multi_offset\offset_p125\b50_7_offset_window_plan.csv,64,range_009726-009925,9726,9925
B50.8_offset_p125,d:\hpc_project\tdc_unified_core\results\b50_8_multi_offset\offset_p125\b50_7_offset_window_plan.csv,65,range_009876-010075,9876,10075
B50.8_offset_p125,d:\hpc_project\tdc_unified_core\results\b50_8_multi_offset\offset_p125\b50_7_offset_window_plan.csv,66,range_010026-010225,10026,10225
B50.8_offset_p125,d:\hpc_project\tdc_unified_core\results\b50_8_multi_offset\offset_p125\b50_7_offset_window_plan.csv,67,range_010176-010375,10176,10375
B50.8_offset_p125,d:\hpc_project\tdc_unified_core\results\b50_8_multi_offset\offset_p125\b50_7_offset_window_plan.csv,68,range_010326-010525,10326,10525
B50.8_offset_p125,d:\hpc_project\tdc_unified_core\results\b50_8_multi_offset\offset_p125\b50_7_offset_window_plan.csv,69,range_010476-010675,10476,10675
B50.8_offset_p125,d:\hpc_project\tdc_unified_core\results\b50_8_multi_offset\offset_p125\b50_7_offset_window_plan.csv,70,range_010626-010825,10626,10825
B50.8_offset_p125,d:\hpc_project\tdc_unified_core\results\b50_8_multi_offset\offset_p125\b50_7_offset_window_plan.csv,71,range_010776-010975,10776,10975
B50.8_offset_p125,d:\hpc_project\tdc_unified_core\results\b50_8_multi_offset\offset_p125\b50_7_offset_window_plan.csv,72,range_010926-011125,10926,11125
B50.8_offset_p125,d:\hpc_project\tdc_unified_core\results\b50_8_multi_offset\offset_p125\b50_7_offset_window_plan.csv,73,range_011076-011275,11076,11275
B50.8_offset_p125,d:\hpc_project\tdc_unified_core\results\b50_8_multi_offset\offset_p125\b50_7_offset_window_plan.csv,74,range_011226-011425,11226,11425
B50.8_offset_p125,d:\hpc_project\tdc_unified_core\results\b50_8_multi_offset\offset_p125\b50_7_offset_window_plan.csv,75,range_011376-011575,11376,11575
B50.8_offset_p125,d:\hpc_project\tdc_unified_core\results\b50_8_multi_offset\offset_p125\b50_7_offset_window_plan.csv,76,range_011526-011725,11526,11725
B50.8_offset_p125,d:\hpc_project\tdc_unified_core\results\b50_8_multi_offset\offset_p125\b50_7_offset_window_plan.csv,77,range_011676-011875,11676,11875
B50.8_offset_p125,d:\hpc_project\tdc_unified_core\results\b50_8_multi_offset\offset_p125\b50_7_offset_window_plan.csv,78,range_011826-012025,11826,12025
B50.8_offset_p125,d:\hpc_project\tdc_unified_core\results\b50_8_multi_offset\offset_p125\b50_7_offset_window_plan.csv,79,range_011976-012175,11976,12175
B50.8_offset_p125,d:\hpc_project\tdc_unified_core\results\b50_8_multi_offset\offset_p125\b50_7_offset_window_plan.csv,80,range_012126-012325,12126,12325
B50.8_offset_p125,d:\hpc_project\tdc_unified_core\results\b50_8_multi_offset\offset_p125\b50_7_offset_window_plan.csv,81,range_012276-012475,12276,12475
B50.8_offset_p125,d:\hpc_project\tdc_unified_core\results\b50_8_multi_offset\offset_p125\b50_7_offset_window_plan.csv,82,range_012426-012625,12426,12625
B50.8_offset_p125,d:\hpc_project\tdc_unified_core\results\b50_8_multi_offset\offset_p125\b50_7_offset_window_plan.csv,83,range_012576-012775,12576,12775
B50.8_offset_p125,d:\hpc_project\tdc_unified_core\results\b50_8_multi_offset\offset_p125\b50_7_offset_window_plan.csv,84,range_012726-012925,12726,12925
B50.8_offset_p125,d:\hpc_project\tdc_unified_core\results\b50_8_multi_offset\offset_p125\b50_7_offset_window_plan.csv,85,range_012876-013075,12876,13075
B50.8_offset_p125,d:\hpc_project\tdc_unified_core\results\b50_8_multi_offset\offset_p125\b50_7_offset_window_plan.csv,86,range_013026-013225,13026,13225
B50.8_offset_p125,d:\hpc_project\tdc_unified_core\results\b50_8_multi_offset\offset_p125\b50_7_offset_window_plan.csv,87,range_013176-013375,13176,13375
B50.8_offset_p125,d:\hpc_project\tdc_unified_core\results\b50_8_multi_offset\offset_p125\b50_7_offset_window_plan.csv,88,range_013326-013525,13326,13525
B50.8_offset_p125,d:\hpc_project\tdc_unified_core\results\b50_8_multi_offset\offset_p125\b50_7_offset_window_plan.csv,89,range_013476-013675,13476,13675
B50.8_offset_p125,d:\hpc_project\tdc_unified_core\results\b50_8_multi_offset\offset_p125\b50_7_offset_window_plan.csv,90,range_013626-013825,13626,13825
B50.8_offset_p125,d:\hpc_project\tdc_unified_core\results\b50_8_multi_offset\offset_p125\b50_7_offset_window_plan.csv,91,range_013776-013975,13776,13975
B50.8_offset_p125,d:\hpc_project\tdc_unified_core\results\b50_8_multi_offset\offset_p125\b50_7_offset_window_plan.csv,92,range_013926-014125,13926,14125
B50.8_offset_p125,d:\hpc_project\tdc_unified_core\results\b50_8_multi_offset\offset_p125\b50_7_offset_window_plan.csv,93,range_014076-014275,14076,14275
B50.8_offset_p125,d:\hpc_project\tdc_unified_core\results\b50_8_multi_offset\offset_p125\b50_7_offset_window_plan.csv,94,range_014226-014425,14226,14425
B50.8_offset_p125,d:\hpc_project\tdc_unified_core\results\b50_8_multi_offset\offset_p125\b50_7_offset_window_plan.csv,95,range_014376-014575,14376,14575
B50.8_offset_p125,d:\hpc_project\tdc_unified_core\results\b50_8_multi_offset\offset_p125\b50_7_offset_window_plan.csv,96,range_014526-014725,14526,14725
B50.8_offset_p125,d:\hpc_project\tdc_unified_core\results\b50_8_multi_offset\offset_p125\b50_7_offset_window_plan.csv,97,range_014676-014875,14676,14875
B50.8_offset_p125,d:\hpc_project\tdc_unified_core\results\b50_8_multi_offset\offset_p125\b50_7_offset_window_plan.csv,98,range_014826-015025,14826,15025
B50.8_offset_p125,d:\hpc_project\tdc_unified_core\results\b50_8_multi_offset\offset_p125\b50_7_offset_window_plan.csv,99,range_014976-015175,14976,15175
B50.8_offset_p125,d:\hpc_project\tdc_unified_core\results\b50_8_multi_offset\offset_p125\b50_7_offset_window_plan.csv,100,range_015126-015325,15126,15325
B50.8_offset_p125,d:\hpc_project\tdc_unified_core\results\b50_8_multi_offset\offset_p125\b50_7_offset_window_plan.csv,101,range_015276-015475,15276,15475
B50.8_offset_p125,d:\hpc_project\tdc_unified_core\results\b50_8_multi_offset\offset_p125\b50_7_offset_window_plan.csv,102,range_015426-015625,15426,15625
B50.8_offset_p125,d:\hpc_project\tdc_unified_core\results\b50_8_multi_offset\offset_p125\b50_7_offset_window_plan.csv,103,range_015576-015775,15576,15775
B50.8_offset_p125,d:\hpc_project\tdc_unified_core\results\b50_8_multi_offset\offset_p125\b50_7_offset_window_plan.csv,104,range_015726-015925,15726,15925
B50.8_offset_p125,d:\hpc_project\tdc_unified_core\results\b50_8_multi_offset\offset_p125\b50_7_offset_window_plan.csv,105,range_015876-016075,15876,16075
B50.8_offset_p125,d:\hpc_project\tdc_unified_core\results\b50_8_multi_offset\offset_p125\b50_7_offset_window_plan.csv,106,range_016026-016225,16026,16225
B50.8_offset_p125,d:\hpc_project\tdc_unified_core\results\b50_8_multi_offset\offset_p125\b50_7_offset_window_plan.csv,107,range_016176-016375,16176,16375
B50.8_offset_p125,d:\hpc_project\tdc_unified_core\results\b50_8_multi_offset\offset_p125\b50_7_offset_window_plan.csv,108,range_016326-016525,16326,16525
B50.8_offset_p125,d:\hpc_project\tdc_unified_core\results\b50_8_multi_offset\offset_p125\b50_7_offset_window_plan.csv,109,range_016476-016675,16476,16675
B50.8_offset_p125,d:\hpc_project\tdc_unified_core\results\b50_8_multi_offset\offset_p125\b50_7_offset_window_plan.csv,110,range_016626-016825,16626,16825
B50.8_offset_p125,d:\hpc_project\tdc_unified_core\results\b50_8_multi_offset\offset_p125\b50_7_offset_window_plan.csv,111,range_016776-016975,16776,16975
B50.8_offset_p125,d:\hpc_project\tdc_unified_core\results\b50_8_multi_offset\offset_p125\b50_7_offset_window_plan.csv,112,range_016926-017125,16926,17125
B50.8_offset_p125,d:\hpc_project\tdc_unified_core\results\b50_8_multi_offset\offset_p125\b50_7_offset_window_plan.csv,113,range_017076-017275,17076,17275
B50.8_offset_p125,d:\hpc_project\tdc_unified_core\results\b50_8_multi_offset\offset_p125\b50_7_offset_window_plan.csv,114,range_017226-017425,17226,17425
B50.8_offset_p125,d:\hpc_project\tdc_unified_core\results\b50_8_multi_offset\offset_p125\b50_7_offset_window_plan.csv,115,range_017376-017575,17376,17575
B50.8_offset_p125,d:\hpc_project\tdc_unified_core\results\b50_8_multi_offset\offset_p125\b50_7_offset_window_plan.csv,116,range_017526-017725,17526,17725
B50.8_offset_p125,d:\hpc_project\tdc_unified_core\results\b50_8_multi_offset\offset_p125\b50_7_offset_window_plan.csv,117,range_017676-017875,17676,17875
B50.8_offset_p125,d:\hpc_project\tdc_unified_core\results\b50_8_multi_offset\offset_p125\b50_7_offset_window_plan.csv,118,range_017826-018025,17826,18025
B50.8_offset_p125,d:\hpc_project\tdc_unified_core\results\b50_8_multi_offset\offset_p125\b50_7_offset_window_plan.csv,119,range_017976-018175,17976,18175
B50.8_offset_p125,d:\hpc_project\tdc_unified_core\results\b50_8_multi_offset\offset_p125\b50_7_offset_window_plan.csv,120,range_018126-018325,18126,18325
B50.8_offset_p125,d:\hpc_project\tdc_unified_core\results\b50_8_multi_offset\offset_p125\b50_7_offset_window_plan.csv,121,range_018276-018475,18276,18475
B50.8_offset_p125,d:\hpc_project\tdc_unified_core\results\b50_8_multi_offset\offset_p125\b50_7_offset_window_plan.csv,122,range_018426-018625,18426,18625
B50.8_offset_p125,d:\hpc_project\tdc_unified_core\results\b50_8_multi_offset\offset_p125\b50_7_offset_window_plan.csv,123,range_018576-018775,18576,18775
B50.8_offset_p125,d:\hpc_project\tdc_unified_core\results\b50_8_multi_offset\offset_p125\b50_7_offset_window_plan.csv,124,range_018726-018925,18726,18925
B50.8_offset_p125,d:\hpc_project\tdc_unified_core\results\b50_8_multi_offset\offset_p125\b50_7_offset_window_plan.csv,125,range_018876-019075,18876,19075
B50.8_offset_p125,d:\hpc_project\tdc_unified_core\results\b50_8_multi_offset\offset_p125\b50_7_offset_window_plan.csv,126,range_019026-019225,19026,19225
B50.8_offset_p125,d:\hpc_project\tdc_unified_core\results\b50_8_multi_offset\offset_p125\b50_7_offset_window_plan.csv,127,range_019176-019375,19176,19375
B50.8_offset_p125,d:\hpc_project\tdc_unified_core\results\b50_8_multi_offset\offset_p125\b50_7_offset_window_plan.csv,128,range_019326-019525,19326,19525
B50.8_offset_p125,d:\hpc_project\tdc_unified_core\results\b50_8_multi_offset\offset_p125\b50_7_offset_window_plan.csv,129,range_019476-019675,19476,19675
B50.8_offset_p125,d:\hpc_project\tdc_unified_core\results\b50_8_multi_offset\offset_p125\b50_7_offset_window_plan.csv,130,range_019626-019825,19626,19825
B50.8_offset_p125,d:\hpc_project\tdc_unified_core\results\b50_8_multi_offset\offset_p125\b50_7_offset_window_plan.csv,131,range_019776-019975,19776,19975
B50.8_offset_p125,d:\hpc_project\tdc_unified_core\results\b50_8_multi_offset\offset_p125\b50_7_offset_window_plan.csv,132,range_019926-020125,19926,20125
B50.8_offset_p125,d:\hpc_project\tdc_unified_core\results\b50_8_multi_offset\offset_p125\b50_7_offset_window_plan.csv,133,range_020076-020275,20076,20275
B50.8_offset_p125,d:\hpc_project\tdc_unified_core\results\b50_8_multi_offset\offset_p125\b50_7_offset_window_plan.csv,134,range_020226-020425,20226,20425
B50.8_offset_p125,d:\hpc_project\tdc_unified_core\results\b50_8_multi_offset\offset_p125\b50_7_offset_window_plan.csv,135,range_020376-020575,20376,20575
B50.8_offset_p125,d:\hpc_project\tdc_unified_core\results\b50_8_multi_offset\offset_p125\b50_7_offset_window_plan.csv,136,range_020526-020725,20526,20725
B50.8_offset_p125,d:\hpc_project\tdc_unified_core\results\b50_8_multi_offset\offset_p125\b50_7_offset_window_plan.csv,137,range_020676-020875,20676,20875
B50.8_offset_p125,d:\hpc_project\tdc_unified_core\results\b50_8_multi_offset\offset_p125\b50_7_offset_window_plan.csv,138,range_020826-021025,20826,21025
B50.8_offset_p125,d:\hpc_project\tdc_unified_core\results\b50_8_multi_offset\offset_p125\b50_7_offset_window_plan.csv,139,range_020976-021175,20976,21175
B50.8_offset_p125,d:\hpc_project\tdc_unified_core\results\b50_8_multi_offset\offset_p125\b50_7_offset_window_plan.csv,140,range_021126-021325,21126,21325
B50.8_offset_p125,d:\hpc_project\tdc_unified_core\results\b50_8_multi_offset\offset_p125\b50_7_offset_window_plan.csv,141,range_021276-021475,21276,21475
B50.8_offset_p125,d:\hpc_project\tdc_unified_core\results\b50_8_multi_offset\offset_p125\b50_7_offset_window_plan.csv,142,range_021426-021625,21426,21625
B50.8_offset_p125,d:\hpc_project\tdc_unified_core\results\b50_8_multi_offset\offset_p125\b50_7_offset_window_plan.csv,143,range_021576-021775,21576,21775
B50.8_offset_p125,d:\hpc_project\tdc_unified_core\results\b50_8_multi_offset\offset_p125\b50_7_offset_window_plan.csv,144,range_021726-021925,21726,21925
B50.8_offset_p125,d:\hpc_project\tdc_unified_core\results\b50_8_multi_offset\offset_p125\b50_7_offset_window_plan.csv,145,range_021876-022075,21876,22075
B50.8_offset_p125,d:\hpc_project\tdc_unified_core\results\b50_8_multi_offset\offset_p125\b50_7_offset_window_plan.csv,146,range_022026-022225,22026,22225
B50.8_offset_p125,d:\hpc_project\tdc_unified_core\results\b50_8_multi_offset\offset_p125\b50_7_offset_window_plan.csv,147,range_022176-022375,22176,22375
B50.8_offset_p125,d:\hpc_project\tdc_unified_core\results\b50_8_multi_offset\offset_p125\b50_7_offset_window_plan.csv,148,range_022326-022525,22326,22525
B50.8_offset_p125,d:\hpc_project\tdc_unified_core\results\b50_8_multi_offset\offset_p125\b50_7_offset_window_plan.csv,149,range_022476-022675,22476,22675
B50.8_offset_p125,d:\hpc_project\tdc_unified_core\results\b50_8_multi_offset\offset_p125\b50_7_offset_window_plan.csv,150,range_022626-022825,22626,22825
B50.8_offset_p125,d:\hpc_project\tdc_unified_core\results\b50_8_multi_offset\offset_p125\b50_7_offset_window_plan.csv,151,range_022776-022975,22776,22975
B50.8_offset_p125,d:\hpc_project\tdc_unified_core\results\b50_8_multi_offset\offset_p125\b50_7_offset_window_plan.csv,152,range_022926-023125,22926,23125
B50.8_offset_p125,d:\hpc_project\tdc_unified_core\results\b50_8_multi_offset\offset_p125\b50_7_offset_window_plan.csv,153,range_023076-023275,23076,23275
B50.8_offset_p125,d:\hpc_project\tdc_unified_core\results\b50_8_multi_offset\offset_p125\b50_7_offset_window_plan.csv,154,range_023226-023425,23226,23425
B50.8_offset_p125,d:\hpc_project\tdc_unified_core\results\b50_8_multi_offset\offset_p125\b50_7_offset_window_plan.csv,155,range_023376-023575,23376,23575
B50.8_offset_p125,d:\hpc_project\tdc_unified_core\results\b50_8_multi_offset\offset_p125\b50_7_offset_window_plan.csv,156,range_023526-023725,23526,23725
B50.8_offset_p125,d:\hpc_project\tdc_unified_core\results\b50_8_multi_offset\offset_p125\b50_7_offset_window_plan.csv,157,range_023676-023875,23676,23875
B50.8_offset_p125,d:\hpc_project\tdc_unified_core\results\b50_8_multi_offset\offset_p125\b50_7_offset_window_plan.csv,158,range_023826-024025,23826,24025
B50.8_offset_p125,d:\hpc_project\tdc_unified_core\results\b50_8_multi_offset\offset_p125\b50_7_offset_window_plan.csv,159,range_023976-024175,23976,24175
B50.8_offset_p125,d:\hpc_project\tdc_unified_core\results\b50_8_multi_offset\offset_p125\b50_7_offset_window_plan.csv,160,range_024126-024325,24126,24325
B50.8_offset_p125,d:\hpc_project\tdc_unified_core\results\b50_8_multi_offset\offset_p125\b50_7_offset_window_plan.csv,161,range_024276-024475,24276,24475
B50.8_offset_p125,d:\hpc_project\tdc_unified_core\results\b50_8_multi_offset\offset_p125\b50_7_offset_window_plan.csv,162,range_024426-024625,24426,24625
B50.8_offset_p125,d:\hpc_project\tdc_unified_core\results\b50_8_multi_offset\offset_p125\b50_7_offset_window_plan.csv,163,range_024576-024775,24576,24775
B50.8_offset_p125,d:\hpc_project\tdc_unified_core\results\b50_8_multi_offset\offset_p125\b50_7_offset_window_plan.csv,164,range_024726-024925,24726,24925
B50.8_offset_p125,d:\hpc_project\tdc_unified_core\results\b50_8_multi_offset\offset_p125\b50_7_offset_window_plan.csv,165,range_024876-025075,24876,25075
B50.8_offset_p125,d:\hpc_project\tdc_unified_core\results\b50_8_multi_offset\offset_p125\b50_7_offset_window_plan.csv,166,range_025026-025225,25026,25225
B50.8_offset_p125,d:\hpc_project\tdc_unified_core\results\b50_8_multi_offset\offset_p125\b50_7_offset_window_plan.csv,167,range_025176-025375,25176,25375
B50.8_offset_p125,d:\hpc_project\tdc_unified_core\results\b50_8_multi_offset\offset_p125\b50_7_offset_window_plan.csv,168,range_025326-025525,25326,25525
B50.8_offset_p125,d:\hpc_project\tdc_unified_core\results\b50_8_multi_offset\offset_p125\b50_7_offset_window_plan.csv,169,range_025476-025675,25476,25675
B50.8_offset_p125,d:\hpc_project\tdc_unified_core\results\b50_8_multi_offset\offset_p125\b50_7_offset_window_plan.csv,170,range_025626-025825,25626,25825
B50.8_offset_p125,d:\hpc_project\tdc_unified_core\results\b50_8_multi_offset\offset_p125\b50_7_offset_window_plan.csv,171,range_025776-025975,25776,25975
B50.8_offset_p125,d:\hpc_project\tdc_unified_core\results\b50_8_multi_offset\offset_p125\b50_7_offset_window_plan.csv,172,range_025926-026125,25926,26125
B50.8_offset_p125,d:\hpc_project\tdc_unified_core\results\b50_8_multi_offset\offset_p125\b50_7_offset_window_plan.csv,173,range_026076-026275,26076,26275
B50.8_offset_p125,d:\hpc_project\tdc_unified_core\results\b50_8_multi_offset\offset_p125\b50_7_offset_window_plan.csv,174,range_026226-026425,26226,26425
B50.8_offset_p125,d:\hpc_project\tdc_unified_core\results\b50_8_multi_offset\offset_p125\b50_7_offset_window_plan.csv,175,range_026376-026575,26376,26575
B50.8_offset_p125,d:\hpc_project\tdc_unified_core\results\b50_8_multi_offset\offset_p125\b50_7_offset_window_plan.csv,176,range_026526-026725,26526,26725
B50.8_offset_p125,d:\hpc_project\tdc_unified_core\results\b50_8_multi_offset\offset_p125\b50_7_offset_window_plan.csv,177,range_026676-026875,26676,26875
B50.8_offset_p125,d:\hpc_project\tdc_unified_core\results\b50_8_multi_offset\offset_p125\b50_7_offset_window_plan.csv,178,range_026826-027025,26826,27025
B50.8_offset_p125,d:\hpc_project\tdc_unified_core\results\b50_8_multi_offset\offset_p125\b50_7_offset_window_plan.csv,179,range_026976-027175,26976,27175
B50.8_offset_p125,d:\hpc_project\tdc_unified_core\results\b50_8_multi_offset\offset_p125\b50_7_offset_window_plan.csv,180,range_027126-027325,27126,27325
B50.8_offset_p125,d:\hpc_project\tdc_unified_core\results\b50_8_multi_offset\offset_p125\b50_7_offset_window_plan.csv,181,range_027276-027475,27276,27475
B50.8_offset_p125,d:\hpc_project\tdc_unified_core\results\b50_8_multi_offset\offset_p125\b50_7_offset_window_plan.csv,182,range_027426-027625,27426,27625
B50.8_offset_p125,d:\hpc_project\tdc_unified_core\results\b50_8_multi_offset\offset_p125\b50_7_offset_window_plan.csv,183,range_027576-027775,27576,27775
B50.8_offset_p125,d:\hpc_project\tdc_unified_core\results\b50_8_multi_offset\offset_p125\b50_7_offset_window_plan.csv,184,range_027726-027925,27726,27925
B50.8_offset_p125,d:\hpc_project\tdc_unified_core\results\b50_8_multi_offset\offset_p125\b50_7_offset_window_plan.csv,185,range_027876-028075,27876,28075
B50.8_offset_p125,d:\hpc_project\tdc_unified_core\results\b50_8_multi_offset\offset_p125\b50_7_offset_window_plan.csv,186,range_028026-028225,28026,28225
B50.8_offset_p125,d:\hpc_project\tdc_unified_core\results\b50_8_multi_offset\offset_p125\b50_7_offset_window_plan.csv,187,range_028176-028375,28176,28375
B50.8_offset_p125,d:\hpc_project\tdc_unified_core\results\b50_8_multi_offset\offset_p125\b50_7_offset_window_plan.csv,188,range_028326-028525,28326,28525
B50.8_offset_p125,d:\hpc_project\tdc_unified_core\results\b50_8_multi_offset\offset_p125\b50_7_offset_window_plan.csv,189,range_028476-028675,28476,28675
B50.8_offset_p125,d:\hpc_project\tdc_unified_core\results\b50_8_multi_offset\offset_p125\b50_7_offset_window_plan.csv,190,range_028626-028825,28626,28825
B50.8_offset_p125,d:\hpc_project\tdc_unified_core\results\b50_8_multi_offset\offset_p125\b50_7_offset_window_plan.csv,191,range_028776-028975,28776,28975
B50.8_offset_p125,d:\hpc_project\tdc_unified_core\results\b50_8_multi_offset\offset_p125\b50_7_offset_window_plan.csv,192,range_028926-029125,28926,29125
B50.8_offset_p125,d:\hpc_project\tdc_unified_core\results\b50_8_multi_offset\offset_p125\b50_7_offset_window_plan.csv,193,range_029076-029275,29076,29275
B50.8_offset_p125,d:\hpc_project\tdc_unified_core\results\b50_8_multi_offset\offset_p125\b50_7_offset_window_plan.csv,194,range_029226-029425,29226,29425
B50.8_offset_p125,d:\hpc_project\tdc_unified_core\results\b50_8_multi_offset\offset_p125\b50_7_offset_window_plan.csv,195,range_029376-029575,29376,29575
B50.8_offset_p125,d:\hpc_project\tdc_unified_core\results\b50_8_multi_offset\offset_p125\b50_7_offset_window_plan.csv,196,range_029526-029725,29526,29725
B50.8_offset_p125,d:\hpc_project\tdc_unified_core\results\b50_8_multi_offset\offset_p125\b50_7_offset_window_plan.csv,197,range_029676-029875,29676,29875
B50.8_offset_p125,d:\hpc_project\tdc_unified_core\results\b50_8_multi_offset\offset_p125\b50_7_offset_window_plan.csv,198,range_029826-030025,29826,30025
B50.8_offset_p125,d:\hpc_project\tdc_unified_core\results\b50_8_multi_offset\offset_p125\b50_7_offset_window_plan.csv,199,range_029976-030175,29976,30175
B50.8_offset_p125,d:\hpc_project\tdc_unified_core\results\b50_8_multi_offset\offset_p125\b50_7_offset_window_plan.csv,200,range_030126-030325,30126,30325
B50.8_offset_p125,d:\hpc_project\tdc_unified_core\results\b50_8_multi_offset\offset_p125\b50_7_offset_window_plan.csv,201,range_030276-030475,30276,30475
B50.8_offset_p125,d:\hpc_project\tdc_unified_core\results\b50_8_multi_offset\offset_p125\b50_7_offset_window_plan.csv,202,range_030426-030625,30426,30625
B50.8_offset_p125,d:\hpc_project\tdc_unified_core\results\b50_8_multi_offset\offset_p125\b50_7_offset_window_plan.csv,203,range_030576-030775,30576,30775
B50.8_offset_p125,d:\hpc_project\tdc_unified_core\results\b50_8_multi_offset\offset_p125\b50_7_offset_window_plan.csv,204,range_030726-030925,30726,30925
B50.8_offset_p125,d:\hpc_project\tdc_unified_core\results\b50_8_multi_offset\offset_p125\b50_7_offset_window_plan.csv,205,range_030876-031075,30876,31075
B50.8_offset_p125,d:\hpc_project\tdc_unified_core\results\b50_8_multi_offset\offset_p125\b50_7_offset_window_plan.csv,206,range_031026-031225,31026,31225
B50.8_offset_p125,d:\hpc_project\tdc_unified_core\results\b50_8_multi_offset\offset_p125\b50_7_offset_window_plan.csv,207,range_031176-031375,31176,31375
B50.8_offset_p125,d:\hpc_project\tdc_unified_core\results\b50_8_multi_offset\offset_p125\b50_7_offset_window_plan.csv,208,range_031326-031525,31326,31525
B50.8_offset_p125,d:\hpc_project\tdc_unified_core\results\b50_8_multi_offset\offset_p125\b50_7_offset_window_plan.csv,209,range_031476-031675,31476,31675
B50.8_offset_p125,d:\hpc_project\tdc_unified_core\results\b50_8_multi_offset\offset_p125\b50_7_offset_window_plan.csv,210,range_031626-031825,31626,31825
B50.8_offset_p125,d:\hpc_project\tdc_unified_core\results\b50_8_multi_offset\offset_p125\b50_7_offset_window_plan.csv,211,range_031776-031975,31776,31975
B50.8_offset_p125,d:\hpc_project\tdc_unified_core\results\b50_8_multi_offset\offset_p125\b50_7_offset_window_plan.csv,212,range_031926-032125,31926,32125
B50.8_offset_p125,d:\hpc_project\tdc_unified_core\results\b50_8_multi_offset\offset_p125\b50_7_offset_window_plan.csv,213,range_032076-032275,32076,32275
B50.8_offset_p125,d:\hpc_project\tdc_unified_core\results\b50_8_multi_offset\offset_p125\b50_7_offset_window_plan.csv,214,range_032226-032425,32226,32425
B50.8_offset_p125,d:\hpc_project\tdc_unified_core\results\b50_8_multi_offset\offset_p125\b50_7_offset_window_plan.csv,215,range_032376-032575,32376,32575
B50.8_offset_p125,d:\hpc_project\tdc_unified_core\results\b50_8_multi_offset\offset_p125\b50_7_offset_window_plan.csv,216,range_032526-032725,32526,32725
B50.8_offset_p125,d:\hpc_project\tdc_unified_core\results\b50_8_multi_offset\offset_p125\b50_7_offset_window_plan.csv,217,range_032676-032875,32676,32875
B50.8_offset_p125,d:\hpc_project\tdc_unified_core\results\b50_8_multi_offset\offset_p125\b50_7_offset_window_plan.csv,218,range_032826-033025,32826,33025
B50.8_offset_p125,d:\hpc_project\tdc_unified_core\results\b50_8_multi_offset\offset_p125\b50_7_offset_window_plan.csv,219,range_032976-033175,32976,33175
B50.8_offset_p125,d:\hpc_project\tdc_unified_core\results\b50_8_multi_offset\offset_p125\b50_7_offset_window_plan.csv,220,range_033126-033325,33126,33325
B50.8_offset_p125,d:\hpc_project\tdc_unified_core\results\b50_8_multi_offset\offset_p125\b50_7_offset_window_plan.csv,221,range_033276-033475,33276,33475
B50.8_offset_p125,d:\hpc_project\tdc_unified_core\results\b50_8_multi_offset\offset_p125\b50_7_offset_window_plan.csv,222,range_033426-033625,33426,33625
B50.8_offset_p125,d:\hpc_project\tdc_unified_core\results\b50_8_multi_offset\offset_p125\b50_7_offset_window_plan.csv,223,range_033576-033775,33576,33775
B50.8_offset_p125,d:\hpc_project\tdc_unified_core\results\b50_8_multi_offset\offset_p125\b50_7_offset_window_plan.csv,224,range_033726-033925,33726,33925
B50.8_offset_p125,d:\hpc_project\tdc_unified_core\results\b50_8_multi_offset\offset_p125\b50_7_offset_window_plan.csv,225,range_033876-034075,33876,34075
B50.8_offset_p125,d:\hpc_project\tdc_unified_core\results\b50_8_multi_offset\offset_p125\b50_7_offset_window_plan.csv,226,range_034026-034225,34026,34225
B50.8_offset_p125,d:\hpc_project\tdc_unified_core\results\b50_8_multi_offset\offset_p125\b50_7_offset_window_plan.csv,227,range_034176-034375,34176,34375
B50.8_offset_p125,d:\hpc_project\tdc_unified_core\results\b50_8_multi_offset\offset_p125\b50_7_offset_window_plan.csv,228,range_034326-034525,34326,34525
B50.8_offset_p125,d:\hpc_project\tdc_unified_core\results\b50_8_multi_offset\offset_p125\b50_7_offset_window_plan.csv,229,range_034476-034675,34476,34675
B50.8_offset_p125,d:\hpc_project\tdc_unified_core\results\b50_8_multi_offset\offset_p125\b50_7_offset_window_plan.csv,230,range_034626-034825,34626,34825
B50.8_offset_p125,d:\hpc_project\tdc_unified_core\results\b50_8_multi_offset\offset_p125\b50_7_offset_window_plan.csv,231,range_034776-034975,34776,34975
B50.8_offset_p125,d:\hpc_project\tdc_unified_core\results\b50_8_multi_offset\offset_p125\b50_7_offset_window_plan.csv,232,range_034926-035125,34926,35125
B50.8_offset_p125,d:\hpc_project\tdc_unified_core\results\b50_8_multi_offset\offset_p125\b50_7_offset_window_plan.csv,233,range_035076-035275,35076,35275
B50.8_offset_p125,d:\hpc_project\tdc_unified_core\results\b50_8_multi_offset\offset_p125\b50_7_offset_window_plan.csv,234,range_035226-035425,35226,35425
B50.8_offset_p125,d:\hpc_project\tdc_unified_core\results\b50_8_multi_offset\offset_p125\b50_7_offset_window_plan.csv,235,range_035376-035575,35376,35575
B50.8_offset_p125,d:\hpc_project\tdc_unified_core\results\b50_8_multi_offset\offset_p125\b50_7_offset_window_plan.csv,236,range_035526-035725,35526,35725
B50.8_offset_p125,d:\hpc_project\tdc_unified_core\results\b50_8_multi_offset\offset_p125\b50_7_offset_window_plan.csv,237,range_035676-035875,35676,35875
B50.8_offset_p125,d:\hpc_project\tdc_unified_core\results\b50_8_multi_offset\offset_p125\b50_7_offset_window_plan.csv,238,range_035826-036025,35826,36025
B50.8_offset_p125,d:\hpc_project\tdc_unified_core\results\b50_8_multi_offset\offset_p125\b50_7_offset_window_plan.csv,239,range_035976-036175,35976,36175
B50.8_offset_p125,d:\hpc_project\tdc_unified_core\results\b50_8_multi_offset\offset_p125\b50_7_offset_window_plan.csv,240,range_036126-036325,36126,36325
B50.8_offset_p125,d:\hpc_project\tdc_unified_core\results\b50_8_multi_offset\offset_p125\b50_7_offset_window_plan.csv,241,range_036276-036475,36276,36475
B50.8_offset_p125,d:\hpc_project\tdc_unified_core\results\b50_8_multi_offset\offset_p125\b50_7_offset_window_plan.csv,242,range_036426-036625,36426,36625
B50.8_offset_p125,d:\hpc_project\tdc_unified_core\results\b50_8_multi_offset\offset_p125\b50_7_offset_window_plan.csv,243,range_036576-036775,36576,36775
B50.8_offset_p125,d:\hpc_project\tdc_unified_core\results\b50_8_multi_offset\offset_p125\b50_7_offset_window_plan.csv,244,range_036726-036925,36726,36925
B50.8_offset_p125,d:\hpc_project\tdc_unified_core\results\b50_8_multi_offset\offset_p125\b50_7_offset_window_plan.csv,245,range_036876-037075,36876,37075
B50.8_offset_p125,d:\hpc_project\tdc_unified_core\results\b50_8_multi_offset\offset_p125\b50_7_offset_window_plan.csv,246,range_037026-037225,37026,37225
B50.8_offset_p125,d:\hpc_project\tdc_unified_core\results\b50_8_multi_offset\offset_p125\b50_7_offset_window_plan.csv,247,range_037176-037375,37176,37375
B50.8_offset_p125,d:\hpc_project\tdc_unified_core\results\b50_8_multi_offset\offset_p125\b50_7_offset_window_plan.csv,248,range_037326-037525,37326,37525
B50.8_offset_p125,d:\hpc_project\tdc_unified_core\results\b50_8_multi_offset\offset_p125\b50_7_offset_window_plan.csv,249,range_037476-037675,37476,37675
B50.8_offset_p125,d:\hpc_project\tdc_unified_core\results\b50_8_multi_offset\offset_p125\b50_7_offset_window_plan.csv,250,range_037626-037825,37626,37825
B50.8_offset_p125,d:\hpc_project\tdc_unified_core\results\b50_8_multi_offset\offset_p125\b50_7_offset_window_plan.csv,251,range_037776-037975,37776,37975
B50.8_offset_p125,d:\hpc_project\tdc_unified_core\results\b50_8_multi_offset\offset_p125\b50_7_offset_window_plan.csv,252,range_037926-038125,37926,38125
B50.8_offset_p125,d:\hpc_project\tdc_unified_core\results\b50_8_multi_offset\offset_p125\b50_7_offset_window_plan.csv,253,range_038076-038275,38076,38275
B50.8_offset_p125,d:\hpc_project\tdc_unified_core\results\b50_8_multi_offset\offset_p125\b50_7_offset_window_plan.csv,254,range_038226-038425,38226,38425
B50.8_offset_p125,d:\hpc_project\tdc_unified_core\results\b50_8_multi_offset\offset_p125\b50_7_offset_window_plan.csv,255,range_038376-038575,38376,38575
B50.8_offset_p125,d:\hpc_project\tdc_unified_core\results\b50_8_multi_offset\offset_p125\b50_7_offset_window_plan.csv,256,range_038526-038725,38526,38725
B50.8_offset_p125,d:\hpc_project\tdc_unified_core\results\b50_8_multi_offset\offset_p125\b50_7_offset_window_plan.csv,257,range_038676-038875,38676,38875
B50.8_offset_p125,d:\hpc_project\tdc_unified_core\results\b50_8_multi_offset\offset_p125\b50_7_offset_window_plan.csv,258,range_038826-039025,38826,39025
B50.8_offset_p125,d:\hpc_project\tdc_unified_core\results\b50_8_multi_offset\offset_p125\b50_7_offset_window_plan.csv,259,range_038976-039175,38976,39175
B50.8_offset_p125,d:\hpc_project\tdc_unified_core\results\b50_8_multi_offset\offset_p125\b50_7_offset_window_plan.csv,260,range_039126-039325,39126,39325
B50.8_offset_p125,d:\hpc_project\tdc_unified_core\results\b50_8_multi_offset\offset_p125\b50_7_offset_window_plan.csv,261,range_039276-039475,39276,39475
B50.8_offset_p125,d:\hpc_project\tdc_unified_core\results\b50_8_multi_offset\offset_p125\b50_7_offset_window_plan.csv,262,range_039426-039625,39426,39625
B50.8_offset_p125,d:\hpc_project\tdc_unified_core\results\b50_8_multi_offset\offset_p125\b50_7_offset_window_plan.csv,263,range_039576-039775,39576,39775
B50.8_offset_p125,d:\hpc_project\tdc_unified_core\results\b50_8_multi_offset\offset_p125\b50_7_offset_window_plan.csv,264,range_039726-039925,39726,39925
B50.8_offset_p125,d:\hpc_project\tdc_unified_core\results\b50_8_multi_offset\offset_p125\b50_7_offset_window_plan.csv,265,range_039876-040075,39876,40075
B50.8_offset_p125,d:\hpc_project\tdc_unified_core\results\b50_8_multi_offset\offset_p125\b50_7_offset_window_plan.csv,266,range_040026-040225,40026,40225
B50.8_offset_p125,d:\hpc_project\tdc_unified_core\results\b50_8_multi_offset\offset_p125\b50_7_offset_window_plan.csv,267,range_040176-040375,40176,40375
B50.8_offset_p125,d:\hpc_project\tdc_unified_core\results\b50_8_multi_offset\offset_p125\b50_7_offset_window_plan.csv,268,range_040326-040525,40326,40525
B50.8_offset_p125,d:\hpc_project\tdc_unified_core\results\b50_8_multi_offset\offset_p125\b50_7_offset_window_plan.csv,269,range_040476-040675,40476,40675
B50.8_offset_p125,d:\hpc_project\tdc_unified_core\results\b50_8_multi_offset\offset_p125\b50_7_offset_window_plan.csv,270,range_040626-040825,40626,40825
B50.8_offset_p125,d:\hpc_project\tdc_unified_core\results\b50_8_multi_offset\offset_p125\b50_7_offset_window_plan.csv,271,range_040776-040975,40776,40975
B50.8_offset_p125,d:\hpc_project\tdc_unified_core\results\b50_8_multi_offset\offset_p125\b50_7_offset_window_plan.csv,272,range_040926-041125,40926,41125
B50.8_offset_p125,d:\hpc_project\tdc_unified_core\results\b50_8_multi_offset\offset_p125\b50_7_offset_window_plan.csv,273,range_041076-041275,41076,41275
B50.8_offset_p125,d:\hpc_project\tdc_unified_core\results\b50_8_multi_offset\offset_p125\b50_7_offset_window_plan.csv,274,range_041226-041425,41226,41425
B50.8_offset_p125,d:\hpc_project\tdc_unified_core\results\b50_8_multi_offset\offset_p125\b50_7_offset_window_plan.csv,275,range_041376-041575,41376,41575
B50.8_offset_p125,d:\hpc_project\tdc_unified_core\results\b50_8_multi_offset\offset_p125\b50_7_offset_window_plan.csv,276,range_041526-041725,41526,41725
B50.8_offset_p125,d:\hpc_project\tdc_unified_core\results\b50_8_multi_offset\offset_p125\b50_7_offset_window_plan.csv,277,range_041676-041875,41676,41875
B50.8_offset_p125,d:\hpc_project\tdc_unified_core\results\b50_8_multi_offset\offset_p125\b50_7_offset_window_plan.csv,278,range_041826-042025,41826,42025
B50.8_offset_p125,d:\hpc_project\tdc_unified_core\results\b50_8_multi_offset\offset_p125\b50_7_offset_window_plan.csv,279,range_041976-042175,41976,42175
B50.8_offset_p125,d:\hpc_project\tdc_unified_core\results\b50_8_multi_offset\offset_p125\b50_7_offset_window_plan.csv,280,range_042126-042325,42126,42325
B50.8_offset_p125,d:\hpc_project\tdc_unified_core\results\b50_8_multi_offset\offset_p125\b50_7_offset_window_plan.csv,281,range_042276-042475,42276,42475
B50.8_offset_p125,d:\hpc_project\tdc_unified_core\results\b50_8_multi_offset\offset_p125\b50_7_offset_window_plan.csv,282,range_042426-042625,42426,42625
B50.8_offset_p125,d:\hpc_project\tdc_unified_core\results\b50_8_multi_offset\offset_p125\b50_7_offset_window_plan.csv,283,range_042576-042775,42576,42775
B50.8_offset_p125,d:\hpc_project\tdc_unified_core\results\b50_8_multi_offset\offset_p125\b50_7_offset_window_plan.csv,284,range_042726-042925,42726,42925
B50.8_offset_p125,d:\hpc_project\tdc_unified_core\results\b50_8_multi_offset\offset_p125\b50_7_offset_window_plan.csv,285,range_042876-043075,42876,43075
B50.8_offset_p125,d:\hpc_project\tdc_unified_core\results\b50_8_multi_offset\offset_p125\b50_7_offset_window_plan.csv,286,range_043026-043225,43026,43225
B50.8_offset_p125,d:\hpc_project\tdc_unified_core\results\b50_8_multi_offset\offset_p125\b50_7_offset_window_plan.csv,287,range_043176-043375,43176,43375
B50.8_offset_p125,d:\hpc_project\tdc_unified_core\results\b50_8_multi_offset\offset_p125\b50_7_offset_window_plan.csv,288,range_043326-043525,43326,43525
B50.8_offset_p125,d:\hpc_project\tdc_unified_core\results\b50_8_multi_offset\offset_p125\b50_7_offset_window_plan.csv,289,range_043476-043675,43476,43675
B50.8_offset_p125,d:\hpc_project\tdc_unified_core\results\b50_8_multi_offset\offset_p125\b50_7_offset_window_plan.csv,290,range_043626-043825,43626,43825
B50.8_offset_p125,d:\hpc_project\tdc_unified_core\results\b50_8_multi_offset\offset_p125\b50_7_offset_window_plan.csv,291,range_043776-043975,43776,43975
B50.8_offset_p125,d:\hpc_project\tdc_unified_core\results\b50_8_multi_offset\offset_p125\b50_7_offset_window_plan.csv,292,range_043926-044125,43926,44125
B50.8_offset_p125,d:\hpc_project\tdc_unified_core\results\b50_8_multi_offset\offset_p125\b50_7_offset_window_plan.csv,293,range_044076-044275,44076,44275
B50.8_offset_p125,d:\hpc_project\tdc_unified_core\results\b50_8_multi_offset\offset_p125\b50_7_offset_window_plan.csv,294,range_044226-044425,44226,44425
B50.8_offset_p125,d:\hpc_project\tdc_unified_core\results\b50_8_multi_offset\offset_p125\b50_7_offset_window_plan.csv,295,range_044376-044575,44376,44575
B50.8_offset_p125,d:\hpc_project\tdc_unified_core\results\b50_8_multi_offset\offset_p125\b50_7_offset_window_plan.csv,296,range_044526-044725,44526,44725
B50.8_offset_p125,d:\hpc_project\tdc_unified_core\results\b50_8_multi_offset\offset_p125\b50_7_offset_window_plan.csv,297,range_044676-044875,44676,44875
B50.8_offset_p125,d:\hpc_project\tdc_unified_core\results\b50_8_multi_offset\offset_p125\b50_7_offset_window_plan.csv,298,range_044826-045025,44826,45025
B50.8_offset_p125,d:\hpc_project\tdc_unified_core\results\b50_8_multi_offset\offset_p125\b50_7_offset_window_plan.csv,299,range_044976-045175,44976,45175
B50.8_offset_p125,d:\hpc_project\tdc_unified_core\results\b50_8_multi_offset\offset_p125\b50_7_offset_window_plan.csv,300,range_045126-045325,45126,45325
B50.8_offset_p125,d:\hpc_project\tdc_unified_core\results\b50_8_multi_offset\offset_p125\b50_7_offset_window_plan.csv,301,range_045276-045475,45276,45475
B50.8_offset_p125,d:\hpc_project\tdc_unified_core\results\b50_8_multi_offset\offset_p125\b50_7_offset_window_plan.csv,302,range_045426-045625,45426,45625
B50.8_offset_p125,d:\hpc_project\tdc_unified_core\results\b50_8_multi_offset\offset_p125\b50_7_offset_window_plan.csv,303,range_045576-045775,45576,45775
B50.8_offset_p125,d:\hpc_project\tdc_unified_core\results\b50_8_multi_offset\offset_p125\b50_7_offset_window_plan.csv,304,range_045726-045925,45726,45925
B50.8_offset_p125,d:\hpc_project\tdc_unified_core\results\b50_8_multi_offset\offset_p125\b50_7_offset_window_plan.csv,305,range_045876-046075,45876,46075
B50.8_offset_p125,d:\hpc_project\tdc_unified_core\results\b50_8_multi_offset\offset_p125\b50_7_offset_window_plan.csv,306,range_046026-046225,46026,46225
B50.8_offset_p125,d:\hpc_project\tdc_unified_core\results\b50_8_multi_offset\offset_p125\b50_7_offset_window_plan.csv,307,range_046176-046375,46176,46375
B50.8_offset_p125,d:\hpc_project\tdc_unified_core\results\b50_8_multi_offset\offset_p125\b50_7_offset_window_plan.csv,308,range_046326-046525,46326,46525
B50.8_offset_p125,d:\hpc_project\tdc_unified_core\results\b50_8_multi_offset\offset_p125\b50_7_offset_window_plan.csv,309,range_046476-046675,46476,46675
B50.8_offset_p125,d:\hpc_project\tdc_unified_core\results\b50_8_multi_offset\offset_p125\b50_7_offset_window_plan.csv,310,range_046626-046825,46626,46825
B50.8_offset_p125,d:\hpc_project\tdc_unified_core\results\b50_8_multi_offset\offset_p125\b50_7_offset_window_plan.csv,311,range_046776-046975,46776,46975
B50.8_offset_p125,d:\hpc_project\tdc_unified_core\results\b50_8_multi_offset\offset_p125\b50_7_offset_window_plan.csv,312,range_046926-047125,46926,47125
B50.8_offset_p125,d:\hpc_project\tdc_unified_core\results\b50_8_multi_offset\offset_p125\b50_7_offset_window_plan.csv,313,range_047076-047275,47076,47275
B50.8_offset_p125,d:\hpc_project\tdc_unified_core\results\b50_8_multi_offset\offset_p125\b50_7_offset_window_plan.csv,314,range_047226-047425,47226,47425
B50.8_offset_p125,d:\hpc_project\tdc_unified_core\results\b50_8_multi_offset\offset_p125\b50_7_offset_window_plan.csv,315,range_047376-047575,47376,47575
B50.8_offset_p125,d:\hpc_project\tdc_unified_core\results\b50_8_multi_offset\offset_p125\b50_7_offset_window_plan.csv,316,range_047526-047725,47526,47725
B50.8_offset_p125,d:\hpc_project\tdc_unified_core\results\b50_8_multi_offset\offset_p125\b50_7_offset_window_plan.csv,317,range_047676-047875,47676,47875
B50.8_offset_p125,d:\hpc_project\tdc_unified_core\results\b50_8_multi_offset\offset_p125\b50_7_offset_window_plan.csv,318,range_047826-048025,47826,48025
B50.8_offset_p125,d:\hpc_project\tdc_unified_core\results\b50_8_multi_offset\offset_p125\b50_7_offset_window_plan.csv,319,range_047976-048175,47976,48175
B50.8_offset_p125,d:\hpc_project\tdc_unified_core\results\b50_8_multi_offset\offset_p125\b50_7_offset_window_plan.csv,320,range_048126-048325,48126,48325
B50.8_offset_p125,d:\hpc_project\tdc_unified_core\results\b50_8_multi_offset\offset_p125\b50_7_offset_window_plan.csv,321,range_048276-048475,48276,48475
B50.8_offset_p125,d:\hpc_project\tdc_unified_core\results\b50_8_multi_offset\offset_p125\b50_7_offset_window_plan.csv,322,range_048426-048625,48426,48625
B50.8_offset_p125,d:\hpc_project\tdc_unified_core\results\b50_8_multi_offset\offset_p125\b50_7_offset_window_plan.csv,323,range_048576-048775,48576,48775
B50.8_offset_p125,d:\hpc_project\tdc_unified_core\results\b50_8_multi_offset\offset_p125\b50_7_offset_window_plan.csv,324,range_048726-048925,48726,48925
B50.8_offset_p125,d:\hpc_project\tdc_unified_core\results\b50_8_multi_offset\offset_p125\b50_7_offset_window_plan.csv,325,range_048876-049075,48876,49075
B50.8_offset_p125,d:\hpc_project\tdc_unified_core\results\b50_8_multi_offset\offset_p125\b50_7_offset_window_plan.csv,326,range_049026-049225,49026,49225
B50.8_offset_p125,d:\hpc_project\tdc_unified_core\results\b50_8_multi_offset\offset_p125\b50_7_offset_window_plan.csv,327,range_049176-049375,49176,49375
B50.8_offset_p125,d:\hpc_project\tdc_unified_core\results\b50_8_multi_offset\offset_p125\b50_7_offset_window_plan.csv,328,range_049326-049525,49326,49525
B50.8_offset_p125,d:\hpc_project\tdc_unified_core\results\b50_8_multi_offset\offset_p125\b50_7_offset_window_plan.csv,329,range_049476-049675,49476,49675
B50.8_offset_p125,d:\hpc_project\tdc_unified_core\results\b50_8_multi_offset\offset_p125\b50_7_offset_window_plan.csv,330,range_049626-049825,49626,49825
B50.8_offset_p125,d:\hpc_project\tdc_unified_core\results\b50_8_multi_offset\offset_p125\b50_7_offset_window_plan.csv,331,range_049776-049975,49776,49975
B50.8_offset_p125,d:\hpc_project\tdc_unified_core\results\b50_8_multi_offset\offset_p125\b50_7_offset_window_plan.csv,332,range_049926-050125,49926,50125
B50.8_offset_p125,d:\hpc_project\tdc_unified_core\results\b50_8_multi_offset\offset_p125\b50_7_offset_window_plan.csv,333,range_050076-050275,50076,50275
B50.8_offset_p125,d:\hpc_project\tdc_unified_core\results\b50_8_multi_offset\offset_p125\b50_7_offset_window_plan.csv,334,range_050226-050425,50226,50425
B50.8_offset_p125,d:\hpc_project\tdc_unified_core\results\b50_8_multi_offset\offset_p125\b50_7_offset_window_plan.csv,335,range_050376-050575,50376,50575
B50.8_offset_p125,d:\hpc_project\tdc_unified_core\results\b50_8_multi_offset\offset_p125\b50_7_offset_window_plan.csv,336,range_050526-050725,50526,50725
B50.8_offset_p125,d:\hpc_project\tdc_unified_core\results\b50_8_multi_offset\offset_p125\b50_7_offset_window_plan.csv,337,range_050676-050875,50676,50875
B50.8_offset_p125,d:\hpc_project\tdc_unified_core\results\b50_8_multi_offset\offset_p125\b50_7_offset_window_plan.csv,338,range_050826-051025,50826,51025
B50.8_offset_p125,d:\hpc_project\tdc_unified_core\results\b50_8_multi_offset\offset_p125\b50_7_offset_window_plan.csv,339,range_050976-051175,50976,51175
B50.8_offset_p125,d:\hpc_project\tdc_unified_core\results\b50_8_multi_offset\offset_p125\b50_7_offset_window_plan.csv,340,range_051126-051325,51126,51325
B50.8_offset_p125,d:\hpc_project\tdc_unified_core\results\b50_8_multi_offset\offset_p125\b50_7_offset_window_plan.csv,341,range_051276-051475,51276,51475
B50.8_offset_p125,d:\hpc_project\tdc_unified_core\results\b50_8_multi_offset\offset_p125\b50_7_offset_window_plan.csv,342,range_051426-051625,51426,51625
B50.8_offset_p125,d:\hpc_project\tdc_unified_core\results\b50_8_multi_offset\offset_p125\b50_7_offset_window_plan.csv,343,range_051576-051775,51576,51775
B50.8_offset_p125,d:\hpc_project\tdc_unified_core\results\b50_8_multi_offset\offset_p125\b50_7_offset_window_plan.csv,344,range_051726-051925,51726,51925
B50.8_offset_p125,d:\hpc_project\tdc_unified_core\results\b50_8_multi_offset\offset_p125\b50_7_offset_window_plan.csv,345,range_051876-052075,51876,52075
B50.8_offset_p125,d:\hpc_project\tdc_unified_core\results\b50_8_multi_offset\offset_p125\b50_7_offset_window_plan.csv,346,range_052026-052225,52026,52225
B50.8_offset_p125,d:\hpc_project\tdc_unified_core\results\b50_8_multi_offset\offset_p125\b50_7_offset_window_plan.csv,347,range_052176-052375,52176,52375
B50.8_offset_p125,d:\hpc_project\tdc_unified_core\results\b50_8_multi_offset\offset_p125\b50_7_offset_window_plan.csv,348,range_052326-052525,52326,52525
B50.8_offset_p125,d:\hpc_project\tdc_unified_core\results\b50_8_multi_offset\offset_p125\b50_7_offset_window_plan.csv,349,range_052476-052675,52476,52675
B50.8_offset_p125,d:\hpc_project\tdc_unified_core\results\b50_8_multi_offset\offset_p125\b50_7_offset_window_plan.csv,350,range_052626-052825,52626,52825
B50.8_offset_p125,d:\hpc_project\tdc_unified_core\results\b50_8_multi_offset\offset_p125\b50_7_offset_window_plan.csv,351,range_052776-052975,52776,52975
B50.8_offset_p125,d:\hpc_project\tdc_unified_core\results\b50_8_multi_offset\offset_p125\b50_7_offset_window_plan.csv,352,range_052926-053125,52926,53125
B50.8_offset_p125,d:\hpc_project\tdc_unified_core\results\b50_8_multi_offset\offset_p125\b50_7_offset_window_plan.csv,353,range_053076-053275,53076,53275
B50.8_offset_p125,d:\hpc_project\tdc_unified_core\results\b50_8_multi_offset\offset_p125\b50_7_offset_window_plan.csv,354,range_053226-053425,53226,53425
B50.8_offset_p125,d:\hpc_project\tdc_unified_core\results\b50_8_multi_offset\offset_p125\b50_7_offset_window_plan.csv,355,range_053376-053575,53376,53575
B50.8_offset_p125,d:\hpc_project\tdc_unified_core\results\b50_8_multi_offset\offset_p125\b50_7_offset_window_plan.csv,356,range_053526-053725,53526,53725
B50.8_offset_p125,d:\hpc_project\tdc_unified_core\results\b50_8_multi_offset\offset_p125\b50_7_offset_window_plan.csv,357,range_053676-053875,53676,53875
B50.8_offset_p125,d:\hpc_project\tdc_unified_core\results\b50_8_multi_offset\offset_p125\b50_7_offset_window_plan.csv,358,range_053826-054025,53826,54025
B50.8_offset_p125,d:\hpc_project\tdc_unified_core\results\b50_8_multi_offset\offset_p125\b50_7_offset_window_plan.csv,359,range_053976-054175,53976,54175
B50.8_offset_p125,d:\hpc_project\tdc_unified_core\results\b50_8_multi_offset\offset_p125\b50_7_offset_window_plan.csv,360,range_054126-054325,54126,54325
B50.8_offset_p125,d:\hpc_project\tdc_unified_core\results\b50_8_multi_offset\offset_p125\b50_7_offset_window_plan.csv,361,range_054276-054475,54276,54475
B50.8_offset_p125,d:\hpc_project\tdc_unified_core\results\b50_8_multi_offset\offset_p125\b50_7_offset_window_plan.csv,362,range_054426-054625,54426,54625
B50.8_offset_p125,d:\hpc_project\tdc_unified_core\results\b50_8_multi_offset\offset_p125\b50_7_offset_window_plan.csv,363,range_054576-054775,54576,54775
B50.8_offset_p125,d:\hpc_project\tdc_unified_core\results\b50_8_multi_offset\offset_p125\b50_7_offset_window_plan.csv,364,range_054726-054925,54726,54925
B50.8_offset_p125,d:\hpc_project\tdc_unified_core\results\b50_8_multi_offset\offset_p125\b50_7_offset_window_plan.csv,365,range_054876-055075,54876,55075
B50.8_offset_p125,d:\hpc_project\tdc_unified_core\results\b50_8_multi_offset\offset_p125\b50_7_offset_window_plan.csv,366,range_055026-055225,55026,55225
B50.8_offset_p125,d:\hpc_project\tdc_unified_core\results\b50_8_multi_offset\offset_p125\b50_7_offset_window_plan.csv,367,range_055176-055375,55176,55375
B50.8_offset_p125,d:\hpc_project\tdc_unified_core\results\b50_8_multi_offset\offset_p125\b50_7_offset_window_plan.csv,368,range_055326-055525,55326,55525
B50.8_offset_p125,d:\hpc_project\tdc_unified_core\results\b50_8_multi_offset\offset_p125\b50_7_offset_window_plan.csv,369,range_055476-055675,55476,55675
B50.8_offset_p125,d:\hpc_project\tdc_unified_core\results\b50_8_multi_offset\offset_p125\b50_7_offset_window_plan.csv,370,range_055626-055825,55626,55825
B50.8_offset_p125,d:\hpc_project\tdc_unified_core\results\b50_8_multi_offset\offset_p125\b50_7_offset_window_plan.csv,371,range_055776-055975,55776,55975
B50.8_offset_p125,d:\hpc_project\tdc_unified_core\results\b50_8_multi_offset\offset_p125\b50_7_offset_window_plan.csv,372,range_055926-056125,55926,56125
B50.8_offset_p125,d:\hpc_project\tdc_unified_core\results\b50_8_multi_offset\offset_p125\b50_7_offset_window_plan.csv,373,range_056076-056275,56076,56275
B50.8_offset_p125,d:\hpc_project\tdc_unified_core\results\b50_8_multi_offset\offset_p125\b50_7_offset_window_plan.csv,374,range_056226-056425,56226,56425
B50.8_offset_p125,d:\hpc_project\tdc_unified_core\results\b50_8_multi_offset\offset_p125\b50_7_offset_window_plan.csv,375,range_056376-056575,56376,56575
B50.8_offset_p125,d:\hpc_project\tdc_unified_core\results\b50_8_multi_offset\offset_p125\b50_7_offset_window_plan.csv,376,range_056526-056725,56526,56725
B50.8_offset_p125,d:\hpc_project\tdc_unified_core\results\b50_8_multi_offset\offset_p125\b50_7_offset_window_plan.csv,377,range_056676-056875,56676,56875
B50.8_offset_p125,d:\hpc_project\tdc_unified_core\results\b50_8_multi_offset\offset_p125\b50_7_offset_window_plan.csv,378,range_056826-057025,56826,57025
B50.8_offset_p125,d:\hpc_project\tdc_unified_core\results\b50_8_multi_offset\offset_p125\b50_7_offset_window_plan.csv,379,range_056976-057175,56976,57175
B50.8_offset_p125,d:\hpc_project\tdc_unified_core\results\b50_8_multi_offset\offset_p125\b50_7_offset_window_plan.csv,380,range_057126-057325,57126,57325
B50.8_offset_p125,d:\hpc_project\tdc_unified_core\results\b50_8_multi_offset\offset_p125\b50_7_offset_window_plan.csv,381,range_057276-057475,57276,57475
B50.8_offset_p125,d:\hpc_project\tdc_unified_core\results\b50_8_multi_offset\offset_p125\b50_7_offset_window_plan.csv,382,range_057426-057625,57426,57625
B50.8_offset_p125,d:\hpc_project\tdc_unified_core\results\b50_8_multi_offset\offset_p125\b50_7_offset_window_plan.csv,383,range_057576-057775,57576,57775
B50.8_offset_p125,d:\hpc_project\tdc_unified_core\results\b50_8_multi_offset\offset_p125\b50_7_offset_window_plan.csv,384,range_057726-057925,57726,57925
B50.8_offset_p125,d:\hpc_project\tdc_unified_core\results\b50_8_multi_offset\offset_p125\b50_7_offset_window_plan.csv,385,range_057876-058075,57876,58075
B50.8_offset_p125,d:\hpc_project\tdc_unified_core\results\b50_8_multi_offset\offset_p125\b50_7_offset_window_plan.csv,386,range_058026-058225,58026,58225
B50.8_offset_p125,d:\hpc_project\tdc_unified_core\results\b50_8_multi_offset\offset_p125\b50_7_offset_window_plan.csv,387,range_058176-058375,58176,58375
B50.8_offset_p125,d:\hpc_project\tdc_unified_core\results\b50_8_multi_offset\offset_p125\b50_7_offset_window_plan.csv,388,range_058326-058525,58326,58525
B50.8_offset_p125,d:\hpc_project\tdc_unified_core\results\b50_8_multi_offset\offset_p125\b50_7_offset_window_plan.csv,389,range_058476-058675,58476,58675
B50.8_offset_p125,d:\hpc_project\tdc_unified_core\results\b50_8_multi_offset\offset_p125\b50_7_offset_window_plan.csv,390,range_058626-058825,58626,58825
B50.8_offset_p125,d:\hpc_project\tdc_unified_core\results\b50_8_multi_offset\offset_p125\b50_7_offset_window_plan.csv,391,range_058776-058975,58776,58975
B50.8_offset_p125,d:\hpc_project\tdc_unified_core\results\b50_8_multi_offset\offset_p125\b50_7_offset_window_plan.csv,392,range_058926-059125,58926,59125
B50.8_offset_p125,d:\hpc_project\tdc_unified_core\results\b50_8_multi_offset\offset_p125\b50_7_offset_window_plan.csv,393,range_059076-059275,59076,59275
B50.8_offset_p125,d:\hpc_project\tdc_unified_core\results\b50_8_multi_offset\offset_p125\b50_7_offset_window_plan.csv,394,range_059226-059425,59226,59425
B50.8_offset_p125,d:\hpc_project\tdc_unified_core\results\b50_8_multi_offset\offset_p125\b50_7_offset_window_plan.csv,395,range_059376-059575,59376,59575
B50.8_offset_p125,d:\hpc_project\tdc_unified_core\results\b50_8_multi_offset\offset_p125\b50_7_offset_window_plan.csv,396,range_059526-059725,59526,59725
B50.8_offset_p125,d:\hpc_project\tdc_unified_core\results\b50_8_multi_offset\offset_p125\b50_7_offset_window_plan.csv,397,range_059676-059875,59676,59875
B50.8_offset_p125,d:\hpc_project\tdc_unified_core\results\b50_8_multi_offset\offset_p125\b50_7_offset_window_plan.csv,398,range_059826-060025,59826,60025
B50.8_offset_p125,d:\hpc_project\tdc_unified_core\results\b50_8_multi_offset\offset_p125\b50_7_offset_window_plan.csv,399,range_059976-060175,59976,60175
B50.8_offset_p125,d:\hpc_project\tdc_unified_core\results\b50_8_multi_offset\offset_p125\b50_7_offset_window_plan.csv,400,range_060126-060325,60126,60325
B50.8_offset_p125,d:\hpc_project\tdc_unified_core\results\b50_8_multi_offset\offset_p125\b50_7_offset_window_plan.csv,401,range_060276-060475,60276,60475
B50.8_offset_p125,d:\hpc_project\tdc_unified_core\results\b50_8_multi_offset\offset_p125\b50_7_offset_window_plan.csv,402,range_060426-060625,60426,60625
B50.8_offset_p125,d:\hpc_project\tdc_unified_core\results\b50_8_multi_offset\offset_p125\b50_7_offset_window_plan.csv,403,range_060576-060775,60576,60775
B50.8_offset_p125,d:\hpc_project\tdc_unified_core\results\b50_8_multi_offset\offset_p125\b50_7_offset_window_plan.csv,404,range_060726-060925,60726,60925
B50.8_offset_p125,d:\hpc_project\tdc_unified_core\results\b50_8_multi_offset\offset_p125\b50_7_offset_window_plan.csv,405,range_060876-061075,60876,61075
B50.8_offset_p125,d:\hpc_project\tdc_unified_core\results\b50_8_multi_offset\offset_p125\b50_7_offset_window_plan.csv,406,range_061026-061225,61026,61225
B50.8_offset_p125,d:\hpc_project\tdc_unified_core\results\b50_8_multi_offset\offset_p125\b50_7_offset_window_plan.csv,407,range_061176-061375,61176,61375
B50.8_offset_p125,d:\hpc_project\tdc_unified_core\results\b50_8_multi_offset\offset_p125\b50_7_offset_window_plan.csv,408,range_061326-061525,61326,61525
B50.8_offset_p125,d:\hpc_project\tdc_unified_core\results\b50_8_multi_offset\offset_p125\b50_7_offset_window_plan.csv,409,range_061476-061675,61476,61675
B50.8_offset_p125,d:\hpc_project\tdc_unified_core\results\b50_8_multi_offset\offset_p125\b50_7_offset_window_plan.csv,410,range_061626-061825,61626,61825
B50.8_offset_p125,d:\hpc_project\tdc_unified_core\results\b50_8_multi_offset\offset_p125\b50_7_offset_window_plan.csv,411,range_061776-061975,61776,61975
B50.8_offset_p125,d:\hpc_project\tdc_unified_core\results\b50_8_multi_offset\offset_p125\b50_7_offset_window_plan.csv,412,range_061926-062125,61926,62125
B50.8_offset_p125,d:\hpc_project\tdc_unified_core\results\b50_8_multi_offset\offset_p125\b50_7_offset_window_plan.csv,413,range_062076-062275,62076,62275
B50.8_offset_p125,d:\hpc_project\tdc_unified_core\results\b50_8_multi_offset\offset_p125\b50_7_offset_window_plan.csv,414,range_062226-062425,62226,62425
B50.8_offset_p125,d:\hpc_project\tdc_unified_core\results\b50_8_multi_offset\offset_p125\b50_7_offset_window_plan.csv,415,range_062376-062575,62376,62575
B50.8_offset_p125,d:\hpc_project\tdc_unified_core\results\b50_8_multi_offset\offset_p125\b50_7_offset_window_plan.csv,416,range_062526-062725,62526,62725
B50.8_offset_p125,d:\hpc_project\tdc_unified_core\results\b50_8_multi_offset\offset_p125\b50_7_offset_window_plan.csv,417,range_062676-062875,62676,62875
B50.8_offset_p125,d:\hpc_project\tdc_unified_core\results\b50_8_multi_offset\offset_p125\b50_7_offset_window_plan.csv,418,range_062826-063025,62826,63025
B50.8_offset_p125,d:\hpc_project\tdc_unified_core\results\b50_8_multi_offset\offset_p125\b50_7_offset_window_plan.csv,419,range_062976-063175,62976,63175
B50.8_offset_p125,d:\hpc_project\tdc_unified_core\results\b50_8_multi_offset\offset_p125\b50_7_offset_window_plan.csv,420,range_063126-063325,63126,63325
B50.8_offset_p125,d:\hpc_project\tdc_unified_core\results\b50_8_multi_offset\offset_p125\b50_7_offset_window_plan.csv,421,range_063276-063475,63276,63475
B50.8_offset_p125,d:\hpc_project\tdc_unified_core\results\b50_8_multi_offset\offset_p125\b50_7_offset_window_plan.csv,422,range_063426-063625,63426,63625
B50.8_offset_p125,d:\hpc_project\tdc_unified_core\results\b50_8_multi_offset\offset_p125\b50_7_offset_window_plan.csv,423,range_063576-063775,63576,63775
B50.8_offset_p125,d:\hpc_project\tdc_unified_core\results\b50_8_multi_offset\offset_p125\b50_7_offset_window_plan.csv,424,range_063726-063925,63726,63925
B50.8_offset_p125,d:\hpc_project\tdc_unified_core\results\b50_8_multi_offset\offset_p125\b50_7_offset_window_plan.csv,425,range_063876-064075,63876,64075
B50.8_offset_p125,d:\hpc_project\tdc_unified_core\results\b50_8_multi_offset\offset_p125\b50_7_offset_window_plan.csv,426,range_064026-064225,64026,64225
B50.8_offset_p125,d:\hpc_project\tdc_unified_core\results\b50_8_multi_offset\offset_p125\b50_7_offset_window_plan.csv,427,range_064176-064375,64176,64375
B50.8_offset_p125,d:\hpc_project\tdc_unified_core\results\b50_8_multi_offset\offset_p125\b50_7_offset_window_plan.csv,428,range_064326-064525,64326,64525
B50.8_offset_p125,d:\hpc_project\tdc_unified_core\results\b50_8_multi_offset\offset_p125\b50_7_offset_window_plan.csv,429,range_064476-064675,64476,64675
B50.8_offset_p125,d:\hpc_project\tdc_unified_core\results\b50_8_multi_offset\offset_p125\b50_7_offset_window_plan.csv,430,range_064626-064825,64626,64825
B50.8_offset_p125,d:\hpc_project\tdc_unified_core\results\b50_8_multi_offset\offset_p125\b50_7_offset_window_plan.csv,431,range_064776-064975,64776,64975
B50.8_offset_p125,d:\hpc_project\tdc_unified_core\results\b50_8_multi_offset\offset_p125\b50_7_offset_window_plan.csv,432,range_064926-065125,64926,65125
B50.8_offset_p125,d:\hpc_project\tdc_unified_core\results\b50_8_multi_offset\offset_p125\b50_7_offset_window_plan.csv,433,range_065076-065275,65076,65275
B50.8_offset_p125,d:\hpc_project\tdc_unified_core\results\b50_8_multi_offset\offset_p125\b50_7_offset_window_plan.csv,434,range_065226-065425,65226,65425
B50.8_offset_p125,d:\hpc_project\tdc_unified_core\results\b50_8_multi_offset\offset_p125\b50_7_offset_window_plan.csv,435,range_065376-065575,65376,65575
B50.8_offset_p125,d:\hpc_project\tdc_unified_core\results\b50_8_multi_offset\offset_p125\b50_7_offset_window_plan.csv,436,range_065526-065725,65526,65725
B50.8_offset_p125,d:\hpc_project\tdc_unified_core\results\b50_8_multi_offset\offset_p125\b50_7_offset_window_plan.csv,437,range_065676-065875,65676,65875
B50.8_offset_p125,d:\hpc_project\tdc_unified_core\results\b50_8_multi_offset\offset_p125\b50_7_offset_window_plan.csv,438,range_065826-066025,65826,66025
B50.8_offset_p125,d:\hpc_project\tdc_unified_core\results\b50_8_multi_offset\offset_p125\b50_7_offset_window_plan.csv,439,range_065976-066175,65976,66175
B50.8_offset_p125,d:\hpc_project\tdc_unified_core\results\b50_8_multi_offset\offset_p125\b50_7_offset_window_plan.csv,440,range_066126-066325,66126,66325
B50.8_offset_p125,d:\hpc_project\tdc_unified_core\results\b50_8_multi_offset\offset_p125\b50_7_offset_window_plan.csv,441,range_066276-066475,66276,66475
B50.8_offset_p125,d:\hpc_project\tdc_unified_core\results\b50_8_multi_offset\offset_p125\b50_7_offset_window_plan.csv,442,range_066426-066625,66426,66625
B50.8_offset_p125,d:\hpc_project\tdc_unified_core\results\b50_8_multi_offset\offset_p125\b50_7_offset_window_plan.csv,443,range_066576-066775,66576,66775
B50.8_offset_p125,d:\hpc_project\tdc_unified_core\results\b50_8_multi_offset\offset_p125\b50_7_offset_window_plan.csv,444,range_066726-066925,66726,66925
B50.8_offset_p125,d:\hpc_project\tdc_unified_core\results\b50_8_multi_offset\offset_p125\b50_7_offset_window_plan.csv,445,range_066876-067075,66876,67075
B50.8_offset_p125,d:\hpc_project\tdc_unified_core\results\b50_8_multi_offset\offset_p125\b50_7_offset_window_plan.csv,446,range_067026-067225,67026,67225
B50.8_offset_p125,d:\hpc_project\tdc_unified_core\results\b50_8_multi_offset\offset_p125\b50_7_offset_window_plan.csv,447,range_067176-067375,67176,67375
B50.8_offset_p125,d:\hpc_project\tdc_unified_core\results\b50_8_multi_offset\offset_p125\b50_7_offset_window_plan.csv,448,range_067326-067525,67326,67525
B50.8_offset_p125,d:\hpc_project\tdc_unified_core\results\b50_8_multi_offset\offset_p125\b50_7_offset_window_plan.csv,449,range_067476-067675,67476,67675
B50.8_offset_p125,d:\hpc_project\tdc_unified_core\results\b50_8_multi_offset\offset_p125\b50_7_offset_window_plan.csv,450,range_067626-067825,67626,67825
B50.8_offset_p125,d:\hpc_project\tdc_unified_core\results\b50_8_multi_offset\offset_p125\b50_7_offset_window_plan.csv,451,range_067776-067975,67776,67975
B50.8_offset_p125,d:\hpc_project\tdc_unified_core\results\b50_8_multi_offset\offset_p125\b50_7_offset_window_plan.csv,452,range_067926-068125,67926,68125
B50.8_offset_p125,d:\hpc_project\tdc_unified_core\results\b50_8_multi_offset\offset_p125\b50_7_offset_window_plan.csv,453,range_068076-068275,68076,68275
B50.8_offset_p125,d:\hpc_project\tdc_unified_core\results\b50_8_multi_offset\offset_p125\b50_7_offset_window_plan.csv,454,range_068226-068425,68226,68425
B50.8_offset_p125,d:\hpc_project\tdc_unified_core\results\b50_8_multi_offset\offset_p125\b50_7_offset_window_plan.csv,455,range_068376-068575,68376,68575
B50.8_offset_p125,d:\hpc_project\tdc_unified_core\results\b50_8_multi_offset\offset_p125\b50_7_offset_window_plan.csv,456,range_068526-068725,68526,68725
B50.8_offset_p125,d:\hpc_project\tdc_unified_core\results\b50_8_multi_offset\offset_p125\b50_7_offset_window_plan.csv,457,range_068676-068875,68676,68875
B50.8_offset_p125,d:\hpc_project\tdc_unified_core\results\b50_8_multi_offset\offset_p125\b50_7_offset_window_plan.csv,458,range_068826-069025,68826,69025
B50.8_offset_p125,d:\hpc_project\tdc_unified_core\results\b50_8_multi_offset\offset_p125\b50_7_offset_window_plan.csv,459,range_068976-069175,68976,69175
B50.8_offset_p125,d:\hpc_project\tdc_unified_core\results\b50_8_multi_offset\offset_p125\b50_7_offset_window_plan.csv,460,range_069126-069325,69126,69325
B50.8_offset_p125,d:\hpc_project\tdc_unified_core\results\b50_8_multi_offset\offset_p125\b50_7_offset_window_plan.csv,461,range_069276-069475,69276,69475
B50.8_offset_p125,d:\hpc_project\tdc_unified_core\results\b50_8_multi_offset\offset_p125\b50_7_offset_window_plan.csv,462,range_069426-069625,69426,69625
B50.8_offset_p125,d:\hpc_project\tdc_unified_core\results\b50_8_multi_offset\offset_p125\b50_7_offset_window_plan.csv,463,range_069576-069775,69576,69775
B50.8_offset_p125,d:\hpc_project\tdc_unified_core\results\b50_8_multi_offset\offset_p125\b50_7_offset_window_plan.csv,464,range_069726-069925,69726,69925
B50.8_offset_p125,d:\hpc_project\tdc_unified_core\results\b50_8_multi_offset\offset_p125\b50_7_offset_window_plan.csv,465,range_069876-070075,69876,70075
B50.8_offset_p125,d:\hpc_project\tdc_unified_core\results\b50_8_multi_offset\offset_p125\b50_7_offset_window_plan.csv,466,range_070026-070225,70026,70225
B50.8_offset_p125,d:\hpc_project\tdc_unified_core\results\b50_8_multi_offset\offset_p125\b50_7_offset_window_plan.csv,467,range_070176-070375,70176,70375
B50.8_offset_p125,d:\hpc_project\tdc_unified_core\results\b50_8_multi_offset\offset_p125\b50_7_offset_window_plan.csv,468,range_070326-070525,70326,70525
B50.8_offset_p125,d:\hpc_project\tdc_unified_core\results\b50_8_multi_offset\offset_p125\b50_7_offset_window_plan.csv,469,range_070476-070675,70476,70675
B50.8_offset_p125,d:\hpc_project\tdc_unified_core\results\b50_8_multi_offset\offset_p125\b50_7_offset_window_plan.csv,470,range_070626-070825,70626,70825
B50.8_offset_p125,d:\hpc_project\tdc_unified_core\results\b50_8_multi_offset\offset_p125\b50_7_offset_window_plan.csv,471,range_070776-070975,70776,70975
B50.8_offset_p125,d:\hpc_project\tdc_unified_core\results\b50_8_multi_offset\offset_p125\b50_7_offset_window_plan.csv,472,range_070926-071125,70926,71125
B50.8_offset_p125,d:\hpc_project\tdc_unified_core\results\b50_8_multi_offset\offset_p125\b50_7_offset_window_plan.csv,473,range_071076-071275,71076,71275
B50.8_offset_p125,d:\hpc_project\tdc_unified_core\results\b50_8_multi_offset\offset_p125\b50_7_offset_window_plan.csv,474,range_071226-071425,71226,71425
B50.8_offset_p125,d:\hpc_project\tdc_unified_core\results\b50_8_multi_offset\offset_p125\b50_7_offset_window_plan.csv,475,range_071376-071575,71376,71575
B50.8_offset_p125,d:\hpc_project\tdc_unified_core\results\b50_8_multi_offset\offset_p125\b50_7_offset_window_plan.csv,476,range_071526-071725,71526,71725
B50.8_offset_p125,d:\hpc_project\tdc_unified_core\results\b50_8_multi_offset\offset_p125\b50_7_offset_window_plan.csv,477,range_071676-071875,71676,71875
B50.8_offset_p125,d:\hpc_project\tdc_unified_core\results\b50_8_multi_offset\offset_p125\b50_7_offset_window_plan.csv,478,range_071826-072025,71826,72025
B50.8_offset_p125,d:\hpc_project\tdc_unified_core\results\b50_8_multi_offset\offset_p125\b50_7_offset_window_plan.csv,479,range_071976-072175,71976,72175
B50.8_offset_p125,d:\hpc_project\tdc_unified_core\results\b50_8_multi_offset\offset_p125\b50_7_offset_window_plan.csv,480,range_072126-072325,72126,72325
B50.8_offset_p125,d:\hpc_project\tdc_unified_core\results\b50_8_multi_offset\offset_p125\b50_7_offset_window_plan.csv,481,range_072276-072475,72276,72475
B50.8_offset_p125,d:\hpc_project\tdc_unified_core\results\b50_8_multi_offset\offset_p125\b50_7_offset_window_plan.csv,482,range_072426-072625,72426,72625
B50.8_offset_p125,d:\hpc_project\tdc_unified_core\results\b50_8_multi_offset\offset_p125\b50_7_offset_window_plan.csv,483,range_072576-072775,72576,72775
B50.8_offset_p125,d:\hpc_project\tdc_unified_core\results\b50_8_multi_offset\offset_p125\b50_7_offset_window_plan.csv,484,range_072726-072925,72726,72925
B50.8_offset_p125,d:\hpc_project\tdc_unified_core\results\b50_8_multi_offset\offset_p125\b50_7_offset_window_plan.csv,485,range_072876-073075,72876,73075
B50.8_offset_p125,d:\hpc_project\tdc_unified_core\results\b50_8_multi_offset\offset_p125\b50_7_offset_window_plan.csv,486,range_073026-073225,73026,73225
B50.8_offset_p125,d:\hpc_project\tdc_unified_core\results\b50_8_multi_offset\offset_p125\b50_7_offset_window_plan.csv,487,range_073176-073375,73176,73375
B50.8_offset_p125,d:\hpc_project\tdc_unified_core\results\b50_8_multi_offset\offset_p125\b50_7_offset_window_plan.csv,488,range_073326-073525,73326,73525
B50.8_offset_p125,d:\hpc_project\tdc_unified_core\results\b50_8_multi_offset\offset_p125\b50_7_offset_window_plan.csv,489,range_073476-073675,73476,73675
B50.8_offset_p125,d:\hpc_project\tdc_unified_core\results\b50_8_multi_offset\offset_p125\b50_7_offset_window_plan.csv,490,range_073626-073825,73626,73825
B50.8_offset_p125,d:\hpc_project\tdc_unified_core\results\b50_8_multi_offset\offset_p125\b50_7_offset_window_plan.csv,491,range_073776-073975,73776,73975
B50.8_offset_p125,d:\hpc_project\tdc_unified_core\results\b50_8_multi_offset\offset_p125\b50_7_offset_window_plan.csv,492,range_073926-074125,73926,74125
B50.8_offset_p125,d:\hpc_project\tdc_unified_core\results\b50_8_multi_offset\offset_p125\b50_7_offset_window_plan.csv,493,range_074076-074275,74076,74275
B50.8_offset_p125,d:\hpc_project\tdc_unified_core\results\b50_8_multi_offset\offset_p125\b50_7_offset_window_plan.csv,494,range_074226-074425,74226,74425
B50.8_offset_p125,d:\hpc_project\tdc_unified_core\results\b50_8_multi_offset\offset_p125\b50_7_offset_window_plan.csv,495,range_074376-074575,74376,74575
B50.8_offset_p125,d:\hpc_project\tdc_unified_core\results\b50_8_multi_offset\offset_p125\b50_7_offset_window_plan.csv,496,range_074526-074725,74526,74725
B50.8_offset_p125,d:\hpc_project\tdc_unified_core\results\b50_8_multi_offset\offset_p125\b50_7_offset_window_plan.csv,497,range_074676-074875,74676,74875
B50.8_offset_p125,d:\hpc_project\tdc_unified_core\results\b50_8_multi_offset\offset_p125\b50_7_offset_window_plan.csv,498,range_074826-075025,74826,75025
B50.8_offset_p125,d:\hpc_project\tdc_unified_core\results\b50_8_multi_offset\offset_p125\b50_7_offset_window_plan.csv,499,range_074976-075175,74976,75175
B50.8_offset_p125,d:\hpc_project\tdc_unified_core\results\b50_8_multi_offset\offset_p125\b50_7_offset_window_plan.csv,500,range_075126-075325,75126,75325
B50.8_offset_p125,d:\hpc_project\tdc_unified_core\results\b50_8_multi_offset\offset_p125\b50_7_offset_window_plan.csv,501,range_075276-075475,75276,75475
B50.8_offset_p125,d:\hpc_project\tdc_unified_core\results\b50_8_multi_offset\offset_p125\b50_7_offset_window_plan.csv,502,range_075426-075625,75426,75625
B50.8_offset_p125,d:\hpc_project\tdc_unified_core\results\b50_8_multi_offset\offset_p125\b50_7_offset_window_plan.csv,503,range_075576-075775,75576,75775
B50.8_offset_p125,d:\hpc_project\tdc_unified_core\results\b50_8_multi_offset\offset_p125\b50_7_offset_window_plan.csv,504,range_075726-075925,75726,75925
B50.8_offset_p125,d:\hpc_project\tdc_unified_core\results\b50_8_multi_offset\offset_p125\b50_7_offset_window_plan.csv,505,range_075876-076075,75876,76075
B50.8_offset_p125,d:\hpc_project\tdc_unified_core\results\b50_8_multi_offset\offset_p125\b50_7_offset_window_plan.csv,506,range_076026-076225,76026,76225
B50.8_offset_p125,d:\hpc_project\tdc_unified_core\results\b50_8_multi_offset\offset_p125\b50_7_offset_window_plan.csv,507,range_076176-076375,76176,76375
B50.8_offset_p125,d:\hpc_project\tdc_unified_core\results\b50_8_multi_offset\offset_p125\b50_7_offset_window_plan.csv,508,range_076326-076525,76326,76525
B50.8_offset_p125,d:\hpc_project\tdc_unified_core\results\b50_8_multi_offset\offset_p125\b50_7_offset_window_plan.csv,509,range_076476-076675,76476,76675
B50.8_offset_p125,d:\hpc_project\tdc_unified_core\results\b50_8_multi_offset\offset_p125\b50_7_offset_window_plan.csv,510,range_076626-076825,76626,76825
B50.8_offset_p125,d:\hpc_project\tdc_unified_core\results\b50_8_multi_offset\offset_p125\b50_7_offset_window_plan.csv,511,range_076776-076975,76776,76975
B50.8_offset_p125,d:\hpc_project\tdc_unified_core\results\b50_8_multi_offset\offset_p125\b50_7_offset_window_plan.csv,512,range_076926-077125,76926,77125
B50.8_offset_p125,d:\hpc_project\tdc_unified_core\results\b50_8_multi_offset\offset_p125\b50_7_offset_window_plan.csv,513,range_077076-077275,77076,77275
B50.8_offset_p125,d:\hpc_project\tdc_unified_core\results\b50_8_multi_offset\offset_p125\b50_7_offset_window_plan.csv,514,range_077226-077425,77226,77425
B50.8_offset_p125,d:\hpc_project\tdc_unified_core\results\b50_8_multi_offset\offset_p125\b50_7_offset_window_plan.csv,515,range_077376-077575,77376,77575
B50.8_offset_p125,d:\hpc_project\tdc_unified_core\results\b50_8_multi_offset\offset_p125\b50_7_offset_window_plan.csv,516,range_077526-077725,77526,77725
B50.8_offset_p125,d:\hpc_project\tdc_unified_core\results\b50_8_multi_offset\offset_p125\b50_7_offset_window_plan.csv,517,range_077676-077875,77676,77875
B50.8_offset_p125,d:\hpc_project\tdc_unified_core\results\b50_8_multi_offset\offset_p125\b50_7_offset_window_plan.csv,518,range_077826-078025,77826,78025
B50.8_offset_p125,d:\hpc_project\tdc_unified_core\results\b50_8_multi_offset\offset_p125\b50_7_offset_window_plan.csv,519,range_077976-078175,77976,78175
B50.8_offset_p125,d:\hpc_project\tdc_unified_core\results\b50_8_multi_offset\offset_p125\b50_7_offset_window_plan.csv,520,range_078126-078325,78126,78325
B50.8_offset_p125,d:\hpc_project\tdc_unified_core\results\b50_8_multi_offset\offset_p125\b50_7_offset_window_plan.csv,521,range_078276-078475,78276,78475
B50.8_offset_p125,d:\hpc_project\tdc_unified_core\results\b50_8_multi_offset\offset_p125\b50_7_offset_window_plan.csv,522,range_078426-078625,78426,78625
B50.8_offset_p125,d:\hpc_project\tdc_unified_core\results\b50_8_multi_offset\offset_p125\b50_7_offset_window_plan.csv,523,range_078576-078775,78576,78775
B50.8_offset_p125,d:\hpc_project\tdc_unified_core\results\b50_8_multi_offset\offset_p125\b50_7_offset_window_plan.csv,524,range_078726-078925,78726,78925
B50.8_offset_p125,d:\hpc_project\tdc_unified_core\results\b50_8_multi_offset\offset_p125\b50_7_offset_window_plan.csv,525,range_078876-079075,78876,79075
B50.8_offset_p125,d:\hpc_project\tdc_unified_core\results\b50_8_multi_offset\offset_p125\b50_7_offset_window_plan.csv,526,range_079026-079225,79026,79225
B50.8_offset_p125,d:\hpc_project\tdc_unified_core\results\b50_8_multi_offset\offset_p125\b50_7_offset_window_plan.csv,527,range_079176-079375,79176,79375
B50.8_offset_p125,d:\hpc_project\tdc_unified_core\results\b50_8_multi_offset\offset_p125\b50_7_offset_window_plan.csv,528,range_079326-079525,79326,79525
B50.8_offset_p125,d:\hpc_project\tdc_unified_core\results\b50_8_multi_offset\offset_p125\b50_7_offset_window_plan.csv,529,range_079476-079675,79476,79675
B50.8_offset_p125,d:\hpc_project\tdc_unified_core\results\b50_8_multi_offset\offset_p125\b50_7_offset_window_plan.csv,530,range_079626-079825,79626,79825
B50.8_offset_p125,d:\hpc_project\tdc_unified_core\results\b50_8_multi_offset\offset_p125\b50_7_offset_window_plan.csv,531,range_079776-079975,79776,79975
B50.8_offset_p125,d:\hpc_project\tdc_unified_core\results\b50_8_multi_offset\offset_p125\b50_7_offset_window_plan.csv,532,range_079926-080125,79926,80125
B50.8_offset_p125,d:\hpc_project\tdc_unified_core\results\b50_8_multi_offset\offset_p125\b50_7_offset_window_plan.csv,533,range_080076-080275,80076,80275
B50.8_offset_p125,d:\hpc_project\tdc_unified_core\results\b50_8_multi_offset\offset_p125\b50_7_offset_window_plan.csv,534,range_080226-080425,80226,80425
B50.8_offset_p125,d:\hpc_project\tdc_unified_core\results\b50_8_multi_offset\offset_p125\b50_7_offset_window_plan.csv,535,range_080376-080575,80376,80575
B50.8_offset_p125,d:\hpc_project\tdc_unified_core\results\b50_8_multi_offset\offset_p125\b50_7_offset_window_plan.csv,536,range_080526-080725,80526,80725
B50.8_offset_p125,d:\hpc_project\tdc_unified_core\results\b50_8_multi_offset\offset_p125\b50_7_offset_window_plan.csv,537,range_080676-080875,80676,80875
B50.8_offset_p125,d:\hpc_project\tdc_unified_core\results\b50_8_multi_offset\offset_p125\b50_7_offset_window_plan.csv,538,range_080826-081025,80826,81025
B50.8_offset_p125,d:\hpc_project\tdc_unified_core\results\b50_8_multi_offset\offset_p125\b50_7_offset_window_plan.csv,539,range_080976-081175,80976,81175
B50.8_offset_p125,d:\hpc_project\tdc_unified_core\results\b50_8_multi_offset\offset_p125\b50_7_offset_window_plan.csv,540,range_081126-081325,81126,81325
B50.8_offset_p125,d:\hpc_project\tdc_unified_core\results\b50_8_multi_offset\offset_p125\b50_7_offset_window_plan.csv,541,range_081276-081475,81276,81475
B50.8_offset_p125,d:\hpc_project\tdc_unified_core\results\b50_8_multi_offset\offset_p125\b50_7_offset_window_plan.csv,542,range_081426-081625,81426,81625
B50.8_offset_p125,d:\hpc_project\tdc_unified_core\results\b50_8_multi_offset\offset_p125\b50_7_offset_window_plan.csv,543,range_081576-081775,81576,81775
B50.8_offset_p125,d:\hpc_project\tdc_unified_core\results\b50_8_multi_offset\offset_p125\b50_7_offset_window_plan.csv,544,range_081726-081925,81726,81925
B50.8_offset_p125,d:\hpc_project\tdc_unified_core\results\b50_8_multi_offset\offset_p125\b50_7_offset_window_plan.csv,545,range_081876-082075,81876,82075
B50.8_offset_p125,d:\hpc_project\tdc_unified_core\results\b50_8_multi_offset\offset_p125\b50_7_offset_window_plan.csv,546,range_082026-082225,82026,82225
B50.8_offset_p125,d:\hpc_project\tdc_unified_core\results\b50_8_multi_offset\offset_p125\b50_7_offset_window_plan.csv,547,range_082176-082375,82176,82375
B50.8_offset_p125,d:\hpc_project\tdc_unified_core\results\b50_8_multi_offset\offset_p125\b50_7_offset_window_plan.csv,548,range_082326-082525,82326,82525
B50.8_offset_p125,d:\hpc_project\tdc_unified_core\results\b50_8_multi_offset\offset_p125\b50_7_offset_window_plan.csv,549,range_082476-082675,82476,82675
B50.8_offset_p125,d:\hpc_project\tdc_unified_core\results\b50_8_multi_offset\offset_p125\b50_7_offset_window_plan.csv,550,range_082626-082825,82626,82825
B50.8_offset_p125,d:\hpc_project\tdc_unified_core\results\b50_8_multi_offset\offset_p125\b50_7_offset_window_plan.csv,551,range_082776-082975,82776,82975
B50.8_offset_p125,d:\hpc_project\tdc_unified_core\results\b50_8_multi_offset\offset_p125\b50_7_offset_window_plan.csv,552,range_082926-083125,82926,83125
B50.8_offset_p125,d:\hpc_project\tdc_unified_core\results\b50_8_multi_offset\offset_p125\b50_7_offset_window_plan.csv,553,range_083076-083275,83076,83275
B50.8_offset_p125,d:\hpc_project\tdc_unified_core\results\b50_8_multi_offset\offset_p125\b50_7_offset_window_plan.csv,554,range_083226-083425,83226,83425
B50.8_offset_p125,d:\hpc_project\tdc_unified_core\results\b50_8_multi_offset\offset_p125\b50_7_offset_window_plan.csv,555,range_083376-083575,83376,83575
B50.8_offset_p125,d:\hpc_project\tdc_unified_core\results\b50_8_multi_offset\offset_p125\b50_7_offset_window_plan.csv,556,range_083526-083725,83526,83725
B50.8_offset_p125,d:\hpc_project\tdc_unified_core\results\b50_8_multi_offset\offset_p125\b50_7_offset_window_plan.csv,557,range_083676-083875,83676,83875
B50.8_offset_p125,d:\hpc_project\tdc_unified_core\results\b50_8_multi_offset\offset_p125\b50_7_offset_window_plan.csv,558,range_083826-084025,83826,84025
B50.8_offset_p125,d:\hpc_project\tdc_unified_core\results\b50_8_multi_offset\offset_p125\b50_7_offset_window_plan.csv,559,range_083976-084175,83976,84175
B50.8_offset_p125,d:\hpc_project\tdc_unified_core\results\b50_8_multi_offset\offset_p125\b50_7_offset_window_plan.csv,560,range_084126-084325,84126,84325
B50.8_offset_p125,d:\hpc_project\tdc_unified_core\results\b50_8_multi_offset\offset_p125\b50_7_offset_window_plan.csv,561,range_084276-084475,84276,84475
B50.8_offset_p125,d:\hpc_project\tdc_unified_core\results\b50_8_multi_offset\offset_p125\b50_7_offset_window_plan.csv,562,range_084426-084625,84426,84625
B50.8_offset_p125,d:\hpc_project\tdc_unified_core\results\b50_8_multi_offset\offset_p125\b50_7_offset_window_plan.csv,563,range_084576-084775,84576,84775
B50.8_offset_p125,d:\hpc_project\tdc_unified_core\results\b50_8_multi_offset\offset_p125\b50_7_offset_window_plan.csv,564,range_084726-084925,84726,84925
B50.8_offset_p125,d:\hpc_project\tdc_unified_core\results\b50_8_multi_offset\offset_p125\b50_7_offset_window_plan.csv,565,range_084876-085075,84876,85075
B50.8_offset_p125,d:\hpc_project\tdc_unified_core\results\b50_8_multi_offset\offset_p125\b50_7_offset_window_plan.csv,566,range_085026-085225,85026,85225
B50.8_offset_p125,d:\hpc_project\tdc_unified_core\results\b50_8_multi_offset\offset_p125\b50_7_offset_window_plan.csv,567,range_085176-085375,85176,85375
B50.8_offset_p125,d:\hpc_project\tdc_unified_core\results\b50_8_multi_offset\offset_p125\b50_7_offset_window_plan.csv,568,range_085326-085525,85326,85525
B50.8_offset_p125,d:\hpc_project\tdc_unified_core\results\b50_8_multi_offset\offset_p125\b50_7_offset_window_plan.csv,569,range_085476-085675,85476,85675
B50.8_offset_p125,d:\hpc_project\tdc_unified_core\results\b50_8_multi_offset\offset_p125\b50_7_offset_window_plan.csv,570,range_085626-085825,85626,85825
B50.8_offset_p125,d:\hpc_project\tdc_unified_core\results\b50_8_multi_offset\offset_p125\b50_7_offset_window_plan.csv,571,range_085776-085975,85776,85975
B50.8_offset_p125,d:\hpc_project\tdc_unified_core\results\b50_8_multi_offset\offset_p125\b50_7_offset_window_plan.csv,572,range_085926-086125,85926,86125
B50.8_offset_p125,d:\hpc_project\tdc_unified_core\results\b50_8_multi_offset\offset_p125\b50_7_offset_window_plan.csv,573,range_086076-086275,86076,86275
B50.8_offset_p125,d:\hpc_project\tdc_unified_core\results\b50_8_multi_offset\offset_p125\b50_7_offset_window_plan.csv,574,range_086226-086425,86226,86425
B50.8_offset_p125,d:\hpc_project\tdc_unified_core\results\b50_8_multi_offset\offset_p125\b50_7_offset_window_plan.csv,575,range_086376-086575,86376,86575
B50.8_offset_p125,d:\hpc_project\tdc_unified_core\results\b50_8_multi_offset\offset_p125\b50_7_offset_window_plan.csv,576,range_086526-086725,86526,86725
B50.8_offset_p125,d:\hpc_project\tdc_unified_core\results\b50_8_multi_offset\offset_p125\b50_7_offset_window_plan.csv,577,range_086676-086875,86676,86875
B50.8_offset_p125,d:\hpc_project\tdc_unified_core\results\b50_8_multi_offset\offset_p125\b50_7_offset_window_plan.csv,578,range_086826-087025,86826,87025
B50.8_offset_p125,d:\hpc_project\tdc_unified_core\results\b50_8_multi_offset\offset_p125\b50_7_offset_window_plan.csv,579,range_086976-087175,86976,87175
B50.8_offset_p125,d:\hpc_project\tdc_unified_core\results\b50_8_multi_offset\offset_p125\b50_7_offset_window_plan.csv,580,range_087126-087325,87126,87325
B50.8_offset_p125,d:\hpc_project\tdc_unified_core\results\b50_8_multi_offset\offset_p125\b50_7_offset_window_plan.csv,581,range_087276-087475,87276,87475
B50.8_offset_p125,d:\hpc_project\tdc_unified_core\results\b50_8_multi_offset\offset_p125\b50_7_offset_window_plan.csv,582,range_087426-087625,87426,87625
B50.8_offset_p125,d:\hpc_project\tdc_unified_core\results\b50_8_multi_offset\offset_p125\b50_7_offset_window_plan.csv,583,range_087576-087775,87576,87775
B50.8_offset_p125,d:\hpc_project\tdc_unified_core\results\b50_8_multi_offset\offset_p125\b50_7_offset_window_plan.csv,584,range_087726-087925,87726,87925
B50.8_offset_p125,d:\hpc_project\tdc_unified_core\results\b50_8_multi_offset\offset_p125\b50_7_offset_window_plan.csv,585,range_087876-088075,87876,88075
B50.8_offset_p125,d:\hpc_project\tdc_unified_core\results\b50_8_multi_offset\offset_p125\b50_7_offset_window_plan.csv,586,range_088026-088225,88026,88225
B50.8_offset_p125,d:\hpc_project\tdc_unified_core\results\b50_8_multi_offset\offset_p125\b50_7_offset_window_plan.csv,587,range_088176-088375,88176,88375
B50.8_offset_p125,d:\hpc_project\tdc_unified_core\results\b50_8_multi_offset\offset_p125\b50_7_offset_window_plan.csv,588,range_088326-088525,88326,88525
B50.8_offset_p125,d:\hpc_project\tdc_unified_core\results\b50_8_multi_offset\offset_p125\b50_7_offset_window_plan.csv,589,range_088476-088675,88476,88675
B50.8_offset_p125,d:\hpc_project\tdc_unified_core\results\b50_8_multi_offset\offset_p125\b50_7_offset_window_plan.csv,590,range_088626-088825,88626,88825
B50.8_offset_p125,d:\hpc_project\tdc_unified_core\results\b50_8_multi_offset\offset_p125\b50_7_offset_window_plan.csv,591,range_088776-088975,88776,88975
B50.8_offset_p125,d:\hpc_project\tdc_unified_core\results\b50_8_multi_offset\offset_p125\b50_7_offset_window_plan.csv,592,range_088926-089125,88926,89125
B50.8_offset_p125,d:\hpc_project\tdc_unified_core\results\b50_8_multi_offset\offset_p125\b50_7_offset_window_plan.csv,593,range_089076-089275,89076,89275
B50.8_offset_p125,d:\hpc_project\tdc_unified_core\results\b50_8_multi_offset\offset_p125\b50_7_offset_window_plan.csv,594,range_089226-089425,89226,89425
B50.8_offset_p125,d:\hpc_project\tdc_unified_core\results\b50_8_multi_offset\offset_p125\b50_7_offset_window_plan.csv,595,range_089376-089575,89376,89575
B50.8_offset_p125,d:\hpc_project\tdc_unified_core\results\b50_8_multi_offset\offset_p125\b50_7_offset_window_plan.csv,596,range_089526-089725,89526,89725
B50.8_offset_p125,d:\hpc_project\tdc_unified_core\results\b50_8_multi_offset\offset_p125\b50_7_offset_window_plan.csv,597,range_089676-089875,89676,89875
B50.8_offset_p125,d:\hpc_project\tdc_unified_core\results\b50_8_multi_offset\offset_p125\b50_7_offset_window_plan.csv,598,range_089826-090025,89826,90025
B50.8_offset_p125,d:\hpc_project\tdc_unified_core\results\b50_8_multi_offset\offset_p125\b50_7_offset_window_plan.csv,599,range_089976-090175,89976,90175
B50.8_offset_p125,d:\hpc_project\tdc_unified_core\results\b50_8_multi_offset\offset_p125\b50_7_offset_window_plan.csv,600,range_090126-090325,90126,90325
B50.8_offset_p125,d:\hpc_project\tdc_unified_core\results\b50_8_multi_offset\offset_p125\b50_7_offset_window_plan.csv,601,range_090276-090475,90276,90475
B50.8_offset_p125,d:\hpc_project\tdc_unified_core\results\b50_8_multi_offset\offset_p125\b50_7_offset_window_plan.csv,602,range_090426-090625,90426,90625
B50.8_offset_p125,d:\hpc_project\tdc_unified_core\results\b50_8_multi_offset\offset_p125\b50_7_offset_window_plan.csv,603,range_090576-090775,90576,90775
B50.8_offset_p125,d:\hpc_project\tdc_unified_core\results\b50_8_multi_offset\offset_p125\b50_7_offset_window_plan.csv,604,range_090726-090925,90726,90925
B50.8_offset_p125,d:\hpc_project\tdc_unified_core\results\b50_8_multi_offset\offset_p125\b50_7_offset_window_plan.csv,605,range_090876-091075,90876,91075
B50.8_offset_p125,d:\hpc_project\tdc_unified_core\results\b50_8_multi_offset\offset_p125\b50_7_offset_window_plan.csv,606,range_091026-091225,91026,91225
B50.8_offset_p125,d:\hpc_project\tdc_unified_core\results\b50_8_multi_offset\offset_p125\b50_7_offset_window_plan.csv,607,range_091176-091375,91176,91375
B50.8_offset_p125,d:\hpc_project\tdc_unified_core\results\b50_8_multi_offset\offset_p125\b50_7_offset_window_plan.csv,608,range_091326-091525,91326,91525
B50.8_offset_p125,d:\hpc_project\tdc_unified_core\results\b50_8_multi_offset\offset_p125\b50_7_offset_window_plan.csv,609,range_091476-091675,91476,91675
B50.8_offset_p125,d:\hpc_project\tdc_unified_core\results\b50_8_multi_offset\offset_p125\b50_7_offset_window_plan.csv,610,range_091626-091825,91626,91825
B50.8_offset_p125,d:\hpc_project\tdc_unified_core\results\b50_8_multi_offset\offset_p125\b50_7_offset_window_plan.csv,611,range_091776-091975,91776,91975
B50.8_offset_p125,d:\hpc_project\tdc_unified_core\results\b50_8_multi_offset\offset_p125\b50_7_offset_window_plan.csv,612,range_091926-092125,91926,92125
B50.8_offset_p125,d:\hpc_project\tdc_unified_core\results\b50_8_multi_offset\offset_p125\b50_7_offset_window_plan.csv,613,range_092076-092275,92076,92275
B50.8_offset_p125,d:\hpc_project\tdc_unified_core\results\b50_8_multi_offset\offset_p125\b50_7_offset_window_plan.csv,614,range_092226-092425,92226,92425
B50.8_offset_p125,d:\hpc_project\tdc_unified_core\results\b50_8_multi_offset\offset_p125\b50_7_offset_window_plan.csv,615,range_092376-092575,92376,92575
B50.8_offset_p125,d:\hpc_project\tdc_unified_core\results\b50_8_multi_offset\offset_p125\b50_7_offset_window_plan.csv,616,range_092526-092725,92526,92725
B50.8_offset_p125,d:\hpc_project\tdc_unified_core\results\b50_8_multi_offset\offset_p125\b50_7_offset_window_plan.csv,617,range_092676-092875,92676,92875
B50.8_offset_p125,d:\hpc_project\tdc_unified_core\results\b50_8_multi_offset\offset_p125\b50_7_offset_window_plan.csv,618,range_092826-093025,92826,93025
B50.8_offset_p125,d:\hpc_project\tdc_unified_core\results\b50_8_multi_offset\offset_p125\b50_7_offset_window_plan.csv,619,range_092976-093175,92976,93175
B50.8_offset_p125,d:\hpc_project\tdc_unified_core\results\b50_8_multi_offset\offset_p125\b50_7_offset_window_plan.csv,620,range_093126-093325,93126,93325
B50.8_offset_p125,d:\hpc_project\tdc_unified_core\results\b50_8_multi_offset\offset_p125\b50_7_offset_window_plan.csv,621,range_093276-093475,93276,93475
B50.8_offset_p125,d:\hpc_project\tdc_unified_core\results\b50_8_multi_offset\offset_p125\b50_7_offset_window_plan.csv,622,range_093426-093625,93426,93625
B50.8_offset_p125,d:\hpc_project\tdc_unified_core\results\b50_8_multi_offset\offset_p125\b50_7_offset_window_plan.csv,623,range_093576-093775,93576,93775
B50.8_offset_p125,d:\hpc_project\tdc_unified_core\results\b50_8_multi_offset\offset_p125\b50_7_offset_window_plan.csv,624,range_093726-093925,93726,93925
B50.8_offset_p125,d:\hpc_project\tdc_unified_core\results\b50_8_multi_offset\offset_p125\b50_7_offset_window_plan.csv,625,range_093876-094075,93876,94075
B50.8_offset_p125,d:\hpc_project\tdc_unified_core\results\b50_8_multi_offset\offset_p125\b50_7_offset_window_plan.csv,626,range_094026-094225,94026,94225
B50.8_offset_p125,d:\hpc_project\tdc_unified_core\results\b50_8_multi_offset\offset_p125\b50_7_offset_window_plan.csv,627,range_094176-094375,94176,94375
B50.8_offset_p125,d:\hpc_project\tdc_unified_core\results\b50_8_multi_offset\offset_p125\b50_7_offset_window_plan.csv,628,range_094326-094525,94326,94525
B50.8_offset_p125,d:\hpc_project\tdc_unified_core\results\b50_8_multi_offset\offset_p125\b50_7_offset_window_plan.csv,629,range_094476-094675,94476,94675
B50.8_offset_p125,d:\hpc_project\tdc_unified_core\results\b50_8_multi_offset\offset_p125\b50_7_offset_window_plan.csv,630,range_094626-094825,94626,94825
B50.8_offset_p125,d:\hpc_project\tdc_unified_core\results\b50_8_multi_offset\offset_p125\b50_7_offset_window_plan.csv,631,range_094776-094975,94776,94975
B50.8_offset_p125,d:\hpc_project\tdc_unified_core\results\b50_8_multi_offset\offset_p125\b50_7_offset_window_plan.csv,632,range_094926-095125,94926,95125
B50.8_offset_p125,d:\hpc_project\tdc_unified_core\results\b50_8_multi_offset\offset_p125\b50_7_offset_window_plan.csv,633,range_095076-095275,95076,95275
B50.8_offset_p125,d:\hpc_project\tdc_unified_core\results\b50_8_multi_offset\offset_p125\b50_7_offset_window_plan.csv,634,range_095226-095425,95226,95425
B50.8_offset_p125,d:\hpc_project\tdc_unified_core\results\b50_8_multi_offset\offset_p125\b50_7_offset_window_plan.csv,635,range_095376-095575,95376,95575
B50.8_offset_p125,d:\hpc_project\tdc_unified_core\results\b50_8_multi_offset\offset_p125\b50_7_offset_window_plan.csv,636,range_095526-095725,95526,95725
B50.8_offset_p125,d:\hpc_project\tdc_unified_core\results\b50_8_multi_offset\offset_p125\b50_7_offset_window_plan.csv,637,range_095676-095875,95676,95875
B50.8_offset_p125,d:\hpc_project\tdc_unified_core\results\b50_8_multi_offset\offset_p125\b50_7_offset_window_plan.csv,638,range_095826-096025,95826,96025
B50.8_offset_p125,d:\hpc_project\tdc_unified_core\results\b50_8_multi_offset\offset_p125\b50_7_offset_window_plan.csv,639,range_095976-096175,95976,96175
B50.8_offset_p125,d:\hpc_project\tdc_unified_core\results\b50_8_multi_offset\offset_p125\b50_7_offset_window_plan.csv,640,range_096126-096325,96126,96325
B50.8_offset_p125,d:\hpc_project\tdc_unified_core\results\b50_8_multi_offset\offset_p125\b50_7_offset_window_plan.csv,641,range_096276-096475,96276,96475
B50.8_offset_p125,d:\hpc_project\tdc_unified_core\results\b50_8_multi_offset\offset_p125\b50_7_offset_window_plan.csv,642,range_096426-096625,96426,96625
B50.8_offset_p125,d:\hpc_project\tdc_unified_core\results\b50_8_multi_offset\offset_p125\b50_7_offset_window_plan.csv,643,range_096576-096775,96576,96775
B50.8_offset_p125,d:\hpc_project\tdc_unified_core\results\b50_8_multi_offset\offset_p125\b50_7_offset_window_plan.csv,644,range_096726-096925,96726,96925
B50.8_offset_p125,d:\hpc_project\tdc_unified_core\results\b50_8_multi_offset\offset_p125\b50_7_offset_window_plan.csv,645,range_096876-097075,96876,97075
B50.8_offset_p125,d:\hpc_project\tdc_unified_core\results\b50_8_multi_offset\offset_p125\b50_7_offset_window_plan.csv,646,range_097026-097225,97026,97225
B50.8_offset_p125,d:\hpc_project\tdc_unified_core\results\b50_8_multi_offset\offset_p125\b50_7_offset_window_plan.csv,647,range_097176-097375,97176,97375
B50.8_offset_p125,d:\hpc_project\tdc_unified_core\results\b50_8_multi_offset\offset_p125\b50_7_offset_window_plan.csv,648,range_097326-097525,97326,97525
B50.8_offset_p125,d:\hpc_project\tdc_unified_core\results\b50_8_multi_offset\offset_p125\b50_7_offset_window_plan.csv,649,range_097476-097675,97476,97675
B50.8_offset_p125,d:\hpc_project\tdc_unified_core\results\b50_8_multi_offset\offset_p125\b50_7_offset_window_plan.csv,650,range_097626-097825,97626,97825
B50.8_offset_p125,d:\hpc_project\tdc_unified_core\results\b50_8_multi_offset\offset_p125\b50_7_offset_window_plan.csv,651,range_097776-097975,97776,97975
B50.8_offset_p125,d:\hpc_project\tdc_unified_core\results\b50_8_multi_offset\offset_p125\b50_7_offset_window_plan.csv,652,range_097926-098125,97926,98125
B50.8_offset_p125,d:\hpc_project\tdc_unified_core\results\b50_8_multi_offset\offset_p125\b50_7_offset_window_plan.csv,653,range_098076-098275,98076,98275
B50.8_offset_p125,d:\hpc_project\tdc_unified_core\results\b50_8_multi_offset\offset_p125\b50_7_offset_window_plan.csv,654,range_098226-098425,98226,98425
B50.8_offset_p125,d:\hpc_project\tdc_unified_core\results\b50_8_multi_offset\offset_p125\b50_7_offset_window_plan.csv,655,range_098376-098575,98376,98575
B50.8_offset_p125,d:\hpc_project\tdc_unified_core\results\b50_8_multi_offset\offset_p125\b50_7_offset_window_plan.csv,656,range_098526-098725,98526,98725
B50.8_offset_p125,d:\hpc_project\tdc_unified_core\results\b50_8_multi_offset\offset_p125\b50_7_offset_window_plan.csv,657,range_098676-098875,98676,98875
B50.8_offset_p125,d:\hpc_project\tdc_unified_core\results\b50_8_multi_offset\offset_p125\b50_7_offset_window_plan.csv,658,range_098826-099025,98826,99025
B50.8_offset_p125,d:\hpc_project\tdc_unified_core\results\b50_8_multi_offset\offset_p125\b50_7_offset_window_plan.csv,659,range_098976-099175,98976,99175
B50.8_offset_p125,d:\hpc_project\tdc_unified_core\results\b50_8_multi_offset\offset_p125\b50_7_offset_window_plan.csv,660,range_099126-099325,99126,99325
B50.8_offset_p125,d:\hpc_project\tdc_unified_core\results\b50_8_multi_offset\offset_p125\b50_7_offset_window_plan.csv,661,range_099276-099475,99276,99475
B50.8_offset_p125,d:\hpc_project\tdc_unified_core\results\b50_8_multi_offset\offset_p125\b50_7_offset_window_plan.csv,662,range_099426-099625,99426,99625
B50.8_offset_p125,d:\hpc_project\tdc_unified_core\results\b50_8_multi_offset\offset_p125\b50_7_offset_window_plan.csv,663,range_099576-099775,99576,99775
B50.8_offset_p125,d:\hpc_project\tdc_unified_core\results\b50_8_multi_offset\offset_p125\b50_7_offset_window_plan.csv,664,range_099726-099925,99726,99925
