replicate,mean_percentile_effect
0,0.007164404223227727
1,-0.022360482654600222
2,0.01564856711915541
3,-0.0003016591251885914
4,0.0144042232277527
5,-0.005995475113122206
6,-0.018589743589743635
7,-0.0034313725490195957
8,-0.007730015082956232
9,0.01651583710407234
10,-0.0005656108597285048
11,-0.0130844645550528
12,-0.011463046757164419
13,0.00614630467571653
14,0.0010558069381598756
15,0.025565610859728527
16,-0.0039592760180995334
17,0.008823529411764786
18,0.004675716440422306
19,-0.015158371040724095
20,0.011048265460030016
21,-0.01044494720965311
22,0.0006787330316743168
23,-0.0013197586726998445
24,0.004336349924585203
25,-0.0021493212669682626
26,0.014366515837104021
27,-0.007993966817496145
28,0.0033559577677224617
29,0.00475113122171944
30,-0.0029788838612368473
31,-0.008107088989441957
32,0.0013197586726998445
33,0.0117647058823529
34,0.019494720965309242
35,0.0002262443438914019
36,0.012745098039215641
37,-0.011651583710407254
38,0.010369532428356032
39,0.007239819004524861
40,-0.003921568627451022
41,-0.008182503770739091
42,0.008861236802413242
43,0.005467571644042213
44,-0.0050527903469079205
45,-0.013159879336349933
46,-0.017081447963800955
47,-0.007466063348416263
48,0.016478129713423773
49,-0.011010558069381504
50,-0.012971342383107098
51,0.015761689291101
52,0.014630467571644101
53,-0.012594268476621429
54,-0.007013574660633459
55,-0.006900452488687703
56,-0.02552790346907996
57,-0.006711915535445034
58,-0.024999999999999967
59,0.005165912518853677
60,0.00837104072398187
61,-0.016138763197586725
62,-0.00844645550527906
63,0.019984917043740613
64,0.012292609351432837
65,-0.006787330316742057
66,-0.01270739064856713
67,0.011349924585218663
68,0.0009426847662141746
69,0.00825791855203628
70,0.0007164404223227727
71,0.01089743589743597
72,-0.01157616892911012
73,-0.015610859728506732
74,0.004223227752639502
75,-0.008107088989441957
76,0.002073906485671184
77,-0.0010558069381598756
78,-0.009087481146304643
79,-0.024924585218702833
80,-0.01700603318250371
81,0.0012820512820512775
82,0.007126696832579271
83,0.035595776772247345
84,-0.0015082956259426794
85,-0.002865761689291091
86,0.011048265460030127
87,0.010595776772247323
88,-0.004901960784313708
89,0.0036576168929109976
90,-0.004901960784313708
91,-0.026131221719456976
92,-0.013386123680241335
93,-0.012254901960784326
94,0.022322775263951655
95,0.011840120663650144
96,0.005279034690799378
97,0.0062971342383106865
98,-0.013046757164404177
99,0.00825791855203628
100,0.0018476621417797823
101,0.017458521870286514
102,-0.002714932126696823
103,-0.0004901960784313708
104,-0.002488687782805421
105,0.007993966817496312
106,0.002224736048265452
107,-0.01082202111613867
108,0.002413273001508287
109,0.015158371040723928
110,-0.005769230769230749
111,0.002337858220211153
112,0.0009426847662141746
113,0.00015082956259426794
114,-0.001470588235294168
115,-0.004487179487179527
116,0.014743589743589691
117,0.012782805429864319
118,0.004411764705882337
119,-0.005731523378582237
120,0.0062594268476622306
121,-0.015648567119155354
122,0.0032051282051281937
123,0.004487179487179471
124,-0.006108597285067796
125,-0.003544494720965352
126,-0.00463800904977385
127,0.002639517345399689
128,0.006636500754147789
129,-0.004524886877828038
130,-0.013612368024132682
131,-0.018929110105580627
132,-0.012368024132729971
133,0.0018476621417797823
134,0.01138763197586734
135,-0.010935143288084481
136,-0.00237556561085972
137,0.020324283559577716
138,0.023001508295625972
139,-0.006787330316742057
140,-0.019494720965309242
141,0.002978883861236792
142,0.004185520361991046
143,-0.00426093514328818
144,-0.007390648567119129
145,-0.0063348416289592535
146,-0.002677224736048256
147,-0.0036199095022624306
148,0.010218702865761875
149,-0.0092006033182504
150,0.0007918552036199067
151,0.01662895927601804
152,0.013914027149321329
153,0.004072398190045123
154,-0.021493212669683237
155,-0.0003016591251885359
156,0.018929110105580627
157,-0.013725490196078438
158,0.01312217194570131
159,-0.006372549019607765
160,-0.0009049773755656632
161,-0.0023378582202110976
162,0.012858220211161342
163,0.0017722473604826483
164,0.010558069381598756
165,-0.006862745098039247
166,-0.005769230769230749
167,0.014592760180995534
168,-0.013725490196078438
169,0.011613876319758631
170,-0.00588235294117645
171,-0.023114630467571617
172,-0.010595776772247323
173,0.0019230769230770273
174,-0.008371040723981815
175,0.010822021116138725
176,-0.016779788838612364
177,0.0010558069381597646
178,0.008710407239819085
179,0.0144042232277527
180,-0.02126696832579189
181,-0.00369532428355962
182,0.004788838612368007
183,0.012745098039215752
184,-0.012405731523378538
185,-0.0005656108597285048
186,0.002526395173453877
187,0.007730015082956232
188,-0.001395173453996923
189,0.0036576168929108865
190,-0.004600301659125117
191,-0.022926093514328783
192,0.011613876319758631
193,-0.005316742081447945
194,0.0030920060331823818
195,-0.008484162895927627
196,-0.013235294117647012
197,-0.005467571644042213
198,-0.006787330316742057
199,0.007239819004524861
200,0.012443438914027105
201,0.0004524886877828038
202,-0.01583710407239819
203,0.013235294117647012
204,-0.017797888386123673
205,-0.01233031674208146
206,0.002564102564102666
207,0.00275263951734539
208,0.004411764705882337
209,0.00033936651583710287
210,-0.018438914027149367
211,0.012330316742081515
212,-0.0033936651583710287
213,0.0144042232277527
214,0.006108597285067852
215,0.013461538461538525
216,-0.0030920060331825483
217,0.005090497737556543
218,0.01165158371040731
219,0.011048265460030238
220,0.002564102564102666
221,-0.0018476621417798378
222,-0.00037707390648566985
223,0.012066365007541435
224,-0.01972096530920059
225,0.013951734539969785
226,-0.015761689291101055
227,0.005015082956259409
228,0.014027149321266918
229,0.009615384615384581
230,0.015610859728506843
231,0.0016214177978883804
232,-0.005693815987933615
233,0.0013197586726998445
234,0.008861236802413242
235,0.0011312217194570096
236,-0.0018853695324283493
237,-0.02296380090497735
238,0.002865761689291091
239,-0.0038838612368023995
240,0.002488687782805421
241,0.015158371040724039
242,-0.01108597285067875
243,0.0015460030165912464
244,0.00033936651583710287
245,0.014215686274509864
246,-0.0008672699849170407
247,-0.004411764705882393
248,0.0065233785822021995
249,-0.004147812971342368
250,0.011840120663650144
251,0.0036199095022624306
252,-0.006938159879336381
253,0.0105203619909503
254,0.005316742081448056
255,0.002300150829562586
256,-0.01877828054298647
257,0.0004901960784313708
258,0.002036199095022617
259,-0.023491704374057287
260,0.0006033182503770718
261,-0.015610859728506843
262,-0.023793363499245823
263,0.01349924585218698
264,0.005731523378582182
265,-0.009351432880844612
266,-0.017043740573152333
267,0.0038461538461538325
268,0.018702865761689225
269,0.007956259426847634
270,0.009351432880844723
271,0.00950226244343888
272,0.005618401206636481
273,-0.010558069381598811
274,0.0079939668174962
275,0.0032051282051281937
276,-0.001470588235294168
277,0.0037707390648566985
278,0.007088989441930704
279,0.00874811463046754
280,-7.541478129724499e-05
281,-0.01270739064856713
282,0.01263197586726994
283,-0.004185520361990935
284,0.009577677224736125
285,0.008672699849170407
286,0.006825037707390735
287,-0.0010180995475113086
288,-0.01214177978883857
289,-0.028582202111613886
290,-0.0130844645550528
291,-0.0021493212669682626
292,-0.02401960784313717
293,-0.003921568627450911
294,-0.007466063348416263
295,-0.01726998491704379
296,-0.007202111613876294
297,-0.012858220211161453
298,0.011613876319758742
299,0.00874811463046754
300,-0.010180995475113142
301,0.002978883861236792
302,0.0014705882352941124
303,-0.026621417797888347
304,0.008333333333333304
305,0.0012443438914028215
306,0.017458521870286625
307,0.002111613876319751
308,0.009313725490196045
309,0.0017345399698340813
310,-0.00969079939668177
311,-0.003846153846153888
312,-0.02085218702865771
313,0.005241327300150811
314,-0.022963800904977405
315,-0.0032051282051281937
316,0.002413273001508287
317,-0.003016591251885359
318,-0.01572398190045249
319,0.013348416289592824
320,0.009276018099547478
321,-0.011312217194570151
322,-0.00618401206636493
323,0.00987933634992455
324,-0.004713423831070873
325,0.015799396681749678
326,-0.011010558069381615
327,-0.0015082956259426794
328,0.017835595776772295
329,0.01764705882352946
330,3.7707390648566985e-05
331,-0.008031674208144768
332,0.005241327300150811
333,-0.004675716440422362
334,-0.009803921568627472
335,0.00018853695324283493
336,-0.005806938159879371
337,0.009615384615384581
338,0.004600301659125172
339,0.00512820512820511
340,0.0063725490196079315
341,-0.00011312217194570096
342,-0.016666666666666607
343,0.007088989441930704
344,-0.01625188536953237
345,0.002714932126696823
346,-0.0033182503770738947
347,0.004600301659125172
348,0.0031674208144796268
349,-0.0064479638009049545
350,0.0032805429864253277
351,-0.010935143288084481
352,0.0038084464555052655
353,0.006900452488687758
354,-0.007315233785821995
355,0.01063348416289589
356,-0.02047511312217204
357,0.0008295625942683627
358,-0.012405731523378594
359,-0.033484162895927594
360,-0.0010180995475113086
361,0.019230769230769273
362,-0.007541478129713397
363,-0.016704374057315285
364,0.004864253393665141
365,-0.0005279034690799933
366,-0.022549019607843224
367,0.005957767722473695
368,0.025188536953242857
369,-0.005542986425339402
370,-0.0064102564102563875
371,0.005165912518853677
372,0.00938914027149318
373,0.009539969834087447
374,0.01704374057315239
375,0.0010180995475111976
376,-0.009653092006033148
377,-0.03178733031674208
378,-0.011689291101055821
379,-0.004864253393665197
380,-0.014856711915535503
381,0.016742081447963852
382,0.014291101055806998
383,-0.015196078431372606
384,0.014064856711915485
385,0.003129713423831171
386,-0.0007541478129713397
387,0.004826546003016574
388,-0.010558069381598811
389,-0.009502262443438936
390,0.0004901960784314818
391,-0.013348416289592768
392,0.026357466063348434
393,0.0002262443438914019
394,0.0038084464555053765
395,-0.0024886877828054765
396,-0.019306184012066463
397,-0.0006410256410256387
398,0.0
399,-0.023416289592760153
400,-0.0023378582202110976
401,-0.0008672699849170407
402,-0.004411764705882393
403,0.02801659125188538
404,-0.013009049773755665
405,-0.0012443438914027105
406,-0.005844645550527883
407,-0.024358974358974328
408,-0.0076168929110104755
409,0.002978883861236792
410,0.021870286576168962
411,0.01791101055806943
412,-0.0039592760180995334
413,-0.018665158371040713
414,-0.010105580693816063
415,-0.005467571644042213
416,-0.005542986425339402
417,0.006825037707390624
418,-0.007993966817496256
419,-0.0092006033182504
420,0.003054298642533926
421,0.009313725490196045
422,0.014328808446455565
423,-0.0007541478129713397
424,-0.006636500754147845
425,0.011538461538461497
426,-0.007088989441930704
427,-0.011689291101055821
428,-0.00550527903469078
429,-0.00542986425339359
430,0.00550527903469078
431,0.006033182503770718
432,-0.007541478129713397
433,0.018325791855203666
434,-0.003506787330316785
435,-0.01108597285067875
436,0.002526395173453877
437,0.01251885369532435
438,-0.0010558069381598756
439,-0.012028657616892924
440,0.010784313725490158
441,0.021681749622926128
442,-0.002488687782805421
443,0.006146304675716419
444,0.013612368024132682
445,-0.0065233785822020884
446,-0.008408748114630438
447,0.00033936651583710287
448,0.01225490196078427
449,-0.009012066365007565
450,0.005806938159879316
451,-0.025000000000000078
452,0.002978883861236792
453,-0.019570135746606265
454,0.015045248868778338
455,0.002036199095022617
456,0.006975867269984892
457,0.007956259426847634
458,0.009049773755656076
459,-0.014215686274509809
460,-0.02058823529411763
461,-0.002149321266968318
462,-0.014856711915535503
463,-0.014177978883861186
464,0.010972850678732993
465,0.009954751131221795
466,-0.005015082956259409
467,0.002714932126696823
468,-0.015987933634992513
469,-0.002752639517345279
470,0.01112368024132726
471,0.0038838612368023995
472,0.00987933634992455
473,-0.002677224736048256
474,0.0016591251885369473
475,0.007277526395173428
476,-0.01119909502262445
477,0.014969834087481093
478,0.008144796380090469
479,-0.0018853695324283493
480,0.0019607843137254832
481,-0.0170814479638009
482,-0.003469079939668107
483,-0.015233785822021173
484,0.018476621417797934
485,0.004223227752639502
486,0.00863499245852195
487,0.008144796380090469
488,-0.008898944193061809
489,-0.001206636500754088
490,-0.005731523378582126
491,-0.02413273001508298
492,-0.0003016591251885359
493,-0.004901960784313708
494,-0.01432880844645551
495,0.03476621417797887
496,0.01715686274509809
497,-0.002564102564102555
498,-0.0076923076923077205
499,-0.011274509803921584
500,0.0014328808446455454
501,0.031221719457013575
502,-0.01346153846153847
503,-0.00995475113122174
504,0.009049773755656076
505,0.004977375565610842
506,0.02051282051282055
507,-0.008861236802413297
508,-0.011651583710407254
509,-0.002677224736048256
510,0.007730015082956232
511,0.020361990950226283
512,0.0064479638009050655
513,0.0039592760180995334
514,-0.0018099547511312153
515,0.0015837104072398134
516,0.015837104072398245
517,-0.014479638009049833
518,-0.005618401206636536
519,0.002300150829562586
520,0.00041478129713423684
521,-0.004223227752639447
522,-0.0052413273001508665
523,-0.020814479638009087
524,-0.0064102564102563875
525,-0.0004524886877828038
526,-0.00275263951734539
527,-0.012141779788838625
528,-0.007993966817496145
529,-0.02285067873303165
530,0.0033559577677224617
531,0.03604826546003015
532,0.0014328808446456565
533,-0.007541478129713397
534,-0.020399698340874794
535,-0.009464555052790313
536,0.005882352941176561
537,-0.01481900452488688
538,0.00976621417797896
539,-0.005316742081447945
540,-0.00463800904977385
541,0.0002262443438914019
542,0.0013951734539968674
543,-0.015271493212669685
544,0.0015460030165912464
545,0.006975867269984892
546,0.002262443438914019
547,-0.004411764705882393
548,0.004977375565610842
549,0.007880844645550611
550,0.015271493212669629
551,-0.0092006033182504
552,0.00674962292609349
553,0.009426847662141746
554,0.022096530920060253
555,0.007730015082956232
556,0.012707390648567074
557,0.009426847662141746
558,-0.0004524886877828038
559,0.01715686274509809
560,0.01127450980392164
561,-0.0016591251885370029
562,-0.017043740573152444
563,0.0064856711915535215
564,0.012820512820512775
565,-0.006184012066365041
566,-0.005542986425339402
567,0.0015082956259426794
568,0.0014705882352941124
569,0.004185520361990935
570,-0.00011312217194570096
571,-0.007918552036199122
572,0.010444947209653166
573,-0.001244343891402766
574,0.016930618401206687
575,-0.006900452488687703
576,-0.009539969834087447
577,0.01538461538461533
578,-0.012858220211161342
579,-0.022247360482654577
580,0.00550527903469078
581,0.01063348416289589
582,-0.0034690799396682737
583,-0.0008295625942684182
584,0.006674208144796356
585,-0.003469079939668218
586,-0.009653092006033148
587,0.010369532428355921
588,-0.0036199095022624306
589,0.013612368024132682
590,-0.00844645550527906
591,0.018966817496229305
592,0.0017722473604826483
593,-0.006184012066365041
594,0.012820512820512775
595,-0.008182503770739091
596,-3.7707390648511474e-05
597,-0.00437405731523377
598,0.0005279034690799378
599,-0.007088989441930593
600,0.0039592760180995334
601,0.00950226244343888
602,-0.015007541478129771
603,-0.002526395173453988
604,0.007126696832579271
605,-0.013009049773755665
606,0.01300904977375561
607,0.012669683257918507
608,-0.012405731523378594
609,0.005241327300150811
610,-0.009502262443438825
611,-0.004449472096530904
612,0.01202865761689298
613,-0.012104072398190113
614,0.0
615,-0.0013197586726998445
616,-0.011236802413273073
617,-0.0024132730015083426
618,-0.0005279034690798823
619,-0.009539969834087558
620,-0.01613876319758678
621,0.0016591251885369473
622,-0.004034690799396723
623,0.007277526395173428
624,-0.016478129713423773
625,-0.003280542986425272
626,0.01202865761689298
627,0.01949472096530913
628,-0.009276018099547478
629,-0.021116138763197567
630,0.00912518853695321
631,0.008220211161387714
632,-0.011651583710407254
633,0.01715686274509809
634,-0.0027149321266967674
635,-0.008936651583710431
636,-0.0016968325791855143
637,-0.002337858220211153
638,0.0035444947209652966
639,0.003016591251885359
640,0.005505279034690891
641,0.006862745098039302
642,0.01625188536953237
643,0.0011689291101055765
644,0.012217194570135814
645,0.016666666666666607
646,0.018589743589743635
647,-0.025829562594268496
648,-0.010859728506787403
649,-0.010595776772247323
650,0.007315233785822106
651,-0.0006410256410256387
652,0.00437405731523377
653,-0.0078054298642534214
654,0.0007541478129712287
655,0.01776018099547505
656,-0.0007164404223228282
657,0.008295625942684737
658,-0.011689291101055821
659,0.008785822021116108
660,-0.004185520361990991
661,0.009162895927601666
662,0.01101055806938167
663,0.021003016591251922
664,0.007918552036199067
665,-0.002526395173453988
666,-0.001093514328808498
667,0.014555052790346856
668,-0.0002262443438913464
669,0.02039969834087474
670,0.0013197586726998445
671,-0.015912518853695323
672,0.0065233785822020884
673,-0.0031297134238310598
674,-0.005844645550527883
675,0.013989441930618463
676,0.01677978883861242
677,-0.014027149321266974
678,0.004977375565610842
679,0.01300904977375561
680,0.0034313725490195957
681,-0.002488687782805421
682,0.01338612368024128
683,-0.006033182503770718
684,0.010708898944193024
685,0.004185520361990935
686,-0.0050527903469080315
687,0.0118778280542986
688,0.0062594268476621195
689,-0.012405731523378594
690,-0.00018853695324283493
691,-0.011840120663650089
692,0.005693815987933615
693,0.006598793363499222
694,-0.0017345399698340258
695,0.005806938159879316
696,-0.0020361990950226727
697,-0.005844645550527883
698,0.009238310708898911
699,0.006711915535444812
700,0.00874811463046754
701,0.007616892911010531
702,0.002036199095022617
703,-0.00825791855203617
704,-0.007428355957767752
705,0.012745098039215752
706,-0.013989441930618352
707,0.022096530920060253
708,-0.0037707390648566985
709,0.01150075414781293
710,0.014819004524886825
711,-0.00437405731523377
712,0.01101055806938156
713,0.014064856711915485
714,-0.004185520361990935
715,-0.0007164404223228282
716,-0.02198340874811472
717,-0.00576923076923086
718,0.009728506787330282
719,-0.02745098039215682
720,0.010067873303167385
721,-0.005316742081447945
722,-0.007164404223227727
723,0.004072398190045345
724,-0.005542986425339402
725,0.005203619909502355
726,-0.007918552036199122
727,-0.0011312217194570096
728,-0.015761689291101055
729,0.007051282051282026
730,0.004788838612368007
731,0.002526395173454099
732,-0.010105580693815952
733,0.021304675716440458
734,-0.0038084464555052655
735,0.007692307692307776
736,0.008597285067873384
737,0.012481146304675672
738,0.0008672699849171517
739,-0.0007164404223228282
740,0.004713423831070873
741,-0.030392156862745046
742,0.004411764705882337
743,0.005731523378582182
744,-0.006598793363499222
745,0.01602564102564108
746,-0.017873303167420862
747,-0.021191553544494646
748,-0.009539969834087447
749,-0.007315233785821995
750,0.005090497737556543
751,0.011236802413272962
752,-0.0012443438914027105
753,-0.015233785822021173
754,-0.017986425339366452
755,-0.0011312217194570096
756,-0.018438914027149367
757,0.004826546003016574
758,0.00950226244343888
759,-0.004185520361990935
760,-0.0008672699849170962
761,0.0013951734539969785
762,0.0184012066365008
763,-0.007654600301659209
764,0.009539969834087558
765,0.006598793363499222
766,-0.010180995475113142
767,-0.011990950226244301
768,0.00015082956259426794
769,-0.00588235294117645
770,-0.004072398190045234
771,-0.006900452488687869
772,-0.008107088989441957
773,0.01538461538461533
774,0.011236802413273073
775,-0.02692307692307694
776,-0.013235294117647012
777,0.0010558069381598756
778,0.0031674208144796268
779,-0.001018099547511253
780,-0.0076168929110105865
781,-0.002262443438914019
782,-0.01949472096530913
783,-0.011312217194570151
784,-0.011123680241327316
785,0.005844645550527883
786,0.012782805429864208
787,0.003129713423831171
788,-0.03525641025641024
789,0.012971342383107154
790,-0.0158748114630467
791,-0.0065233785822020884
792,-0.009012066365007565
793,-0.004185520361990935
794,0.018589743589743635
795,0.0064856711915535215
796,-0.02466063348416292
797,0.01915535444947214
798,0.013612368024132682
799,-0.007013574660633515
800,0.002187028657616996
801,-0.0010180995475113086
802,-0.01583710407239819
803,-0.022926093514328783
804,0.014177978883861186
805,-0.0004901960784314263
806,-0.005995475113122206
807,-0.005279034690799378
808,0.010482654600301733
809,0.020211161387632015
810,0.0221719457013575
811,-0.025867269984917007
812,0.01387631975867265
813,0.005920060331825017
814,-0.0013197586726998445
815,-0.00882352941176473
816,0.004110105580693801
817,0.015271493212669629
818,0.013159879336349989
819,0.014856711915535503
820,-0.0033182503770738947
821,-0.006108597285067907
822,0.0065610859728507664
823,-0.011236802413273073
824,0.019570135746606376
825,-0.014027149321266974
826,-0.0078808446455505
827,-0.00275263951734539
828,0.019343891402714863
829,-0.016553544494721018
830,0.004185520361990935
831,-3.7707390648622496e-05
832,-0.012330316742081404
833,-0.009992458521870307
834,0.011576168929110175
835,-0.005693815987933615
836,-0.013876319758672706
837,-0.004675716440422362
838,0.019720965309200533
839,0.0065233785822020884
840,0.008597285067873384
841,-0.0038084464555052655
842,-0.011689291101055821
843,-0.013046757164404177
844,0.004638009049773739
845,-0.0064479638009049545
846,0.02413273001508298
847,0.00199849170437405
848,0.007692307692307665
849,-0.019419306184012053
850,0.019871794871794912
851,-0.0078054298642534214
852,-0.013800904977375517
853,0.011425339366515908
854,-0.008182503770739091
855,-0.02665912518853697
856,0.009464555052790424
857,-0.005580693815987914
858,0.007918552036199067
859,0.013574660633484115
860,0.019570135746606376
861,-0.004223227752639558
862,0.0012443438914025995
863,-0.016666666666666774
864,0.0032805429864252167
865,-0.004298642533936692
866,0.004977375565610842
867,0.017345399698340924
868,0.006938159879336325
869,-0.010633484162895945
870,0.0034690799396681626
871,-0.004901960784313708
872,-0.007843137254902044
873,-0.014479638009049833
874,0.03518099547511322
875,0.017232277526395223
876,-0.02243589743589741
877,-0.01583710407239819
878,-0.001470588235294168
879,0.010294117647058898
880,-0.007466063348416263
881,0.009313725490196045
882,-0.005806938159879371
883,0.0035822021116139746
884,-0.0051659125188537325
885,0.005806938159879316
886,-0.003846153846153777
887,0.010935143288084426
888,-0.002903469079939658
889,0.006787330316742057
890,-0.0015082956259426794
891,0.002714932126696712
892,-0.018061840120663586
893,-0.019607843137254888
894,0.01726998491704368
895,-0.006108597285067796
896,-0.0006410256410255832
897,-0.012971342383107098
898,-0.013989441930618352
899,-0.020927601809954732
900,0.004864253393665141
901,-0.005995475113122206
902,-0.013235294117647012
903,0.0009049773755656076
904,0.016591251885369585
905,-0.001357466063348356
906,-0.00893665158371032
907,0.012895927601809909
908,-0.012631975867269996
909,-0.010256410256410164
910,-0.0009426847662141746
911,0.016327300150829505
912,0.0007918552036199067
913,0.02677224736048267
914,-0.0050527903469080315
915,-0.007654600301659098
916,-0.011274509803921584
917,0.0037330316742081315
918,-0.0021870286576169407
919,-0.012368024132729971
920,-0.009087481146304643
921,0.020361990950226283
922,0.015460030165912464
923,-0.020701357466063386
924,-0.007767722473604799
925,0.0016591251885369473
926,0.008144796380090469
927,0.002828054298642524
928,0.0007918552036199067
929,0.007956259426847634
930,-0.0015837104072397579
931,0.01376319758672695
932,-0.0007164404223228282
933,0.00588235294117645
934,-0.003016591251885359
935,0.0016968325791855143
936,-0.001432880844645601
937,-0.009426847662141802
938,0.014743589743589691
939,0.005467571644042213
940,-0.006862745098039247
941,-0.00588235294117645
942,-0.0020361990950226727
943,0.0007541478129713397
944,0.011199095022624395
945,0.019720965309200533
946,0.002224736048265452
947,0.002639517345399689
948,0.0078808446455505
949,-0.002639517345399689
950,0.0015837104072398134
951,0.00588235294117645
952,0.00927601809954759
953,0.004185520361991046
954,0.008521870286576139
955,-0.001168929110105521
956,-0.010218702865761653
957,0.013951734539969785
958,-0.006975867269984892
959,0.0016214177978884914
960,0.01127450980392164
961,0.012292609351432837
962,0.014668174962292668
963,0.005467571644042213
964,0.015422322775263897
965,0.007202111613876294
966,-0.0033182503770738947
967,0.0038461538461538325
968,0.010331825037707465
969,0.002187028657616774
970,-0.0051659125188537325
971,0.007315233785822106
972,-0.003883861236802455
973,-0.0035822021116138636
974,0.00550527903469078
975,0.0033182503770738947
976,0.009426847662141746
977,-0.01244343891402716
978,-0.008672699849170462
979,0.011312217194570096
980,-0.00437405731523377
981,0.0004901960784313708
982,-0.002337858220211153
983,0.012745098039215641
984,-0.013612368024132682
985,-0.008295625942684792
986,-0.009841628959275983
987,-0.014291101055806998
988,-0.021304675716440402
989,0.015987933634992513
990,0.037594268476621395
991,0.008333333333333304
992,0.00011312217194570096
993,0.004675716440422306
994,-0.02122926093514338
995,-0.0036199095022624306
996,-0.0025263951734539325
997,-0.00818250377073898
998,-0.000980392156862686
999,-0.005090497737556543
1000,-0.011349924585218663
1001,0.01625188536953237
1002,-0.015987933634992513
1003,-0.018702865761689336
1004,0.01564856711915541
1005,0.011689291101055765
1006,-0.01783559577677224
1007,0.00912518853695321
1008,-0.014479638009049833
1009,-0.0021493212669682626
1010,-0.010897435897435914
1011,-0.0005656108597285048
1012,-0.0006033182503770163
1013,0.012066365007541435
1014,-0.01244343891402716
1015,0.021832579185520395
1016,-0.011500754147812986
1017,-0.009049773755656132
1018,0.00576923076923086
1019,-0.0002639517345399689
1020,-0.00969079939668177
1021,0.002978883861236792
1022,0.0034313725490195957
1023,-0.022247360482654577
1024,0.019494720965309242
1025,-0.023378582202111586
1026,-0.01444193061840121
1027,0.021003016591251922
1028,0.00475113122171944
1029,-0.004864253393665197
1030,0.004977375565610842
1031,0.009426847662141746
1032,0.00863499245852195
1033,0.02213423831070893
1034,-0.010444947209653
1035,-0.00931372549019599
1036,0.011613876319758742
1037,0.007126696832579271
1038,-0.005429864253393701
1039,0.015460030165912464
1040,-0.023793363499245823
1041,0.002488687782805421
1042,-0.005279034690799378
1043,0.016327300150829616
1044,-0.017647058823529405
1045,0.00037707390648566985
1046,0.018174962292609287
1047,-0.002300150829562586
1048,3.7707390648566985e-05
1049,-0.010746606334841646
1050,0.0037330316742081315
1051,0.004977375565610842
1052,0.0038084464555052655
1053,0.012066365007541435
1054,0.004072398190045345
1055,-0.005090497737556543
1056,0.011953242835595845
1057,0.019871794871794912
1058,0.008446455505279116
1059,0.0011312217194570096
1060,-0.013310708898944257
1061,0.002375565610859831
1062,0.005165912518853677
1063,-0.014253393665158431
1064,0.0064479638009049545
1065,0.002187028657616885
1066,-0.001470588235294168
1067,-0.016025641025641024
1068,-0.009125188536953155
1069,0.013725490196078383
1070,-0.008521870286576139
1071,-0.007843137254901933
1072,-0.015573152337858276
1073,0.0064856711915535215
1074,0.03431372549019607
1075,-0.017911010558069373
1076,-0.004901960784313708
1077,0.0030920060331823818
1078,-0.007051282051282082
1079,0.006184012066365097
1080,-0.020550527903469062
1081,-0.0117647058823529
1082,0.010067873303167385
1083,-0.010294117647058898
1084,-0.00041478129713429235
1085,0.010558069381598756
1086,-0.009766214177978905
1087,-0.015158371040723984
1088,-0.015045248868778338
1089,0.011048265460030127
1090,-0.011048265460030127
1091,0.004600301659125172
1092,0.002601809954751122
1093,0.0019607843137254832
1094,0.0008295625942683627
1095,-0.0169683257918552
1096,-0.001093514328808498
1097,0.00863499245852195
1098,-0.00806938159879339
1099,-0.007051282051281971
1100,0.004977375565610842
1101,0.0002262443438914019
1102,0.0015837104072398134
1103,0.002149321266968318
1104,-0.01119909502262445
1105,-0.019117647058823573
1106,-0.0017722473604825928
1107,0.002790346907993957
1108,-0.007239819004524806
1109,-0.005090497737556543
1110,-0.008936651583710431
1111,-0.01206636500754149
1112,0.02892156862745099
1113,0.02477375565610851
1114,0.018853695324283604
1115,0.005354449472096512
1116,-0.006108597285067907
1117,-0.003733031674208187
1118,-0.00607088989441934
1119,-0.01044494720965311
1120,-0.009539969834087558
1121,-0.002677224736048256
1122,-0.013235294117647123
1123,-0.011915535444947167
1124,0.0009049773755656076
1125,-0.020248868778280582
1126,-0.008295625942684792
1127,0.002564102564102666
1128,0.006070889894419285
1129,0.004110105580693801
1130,0.008408748114630438
1131,0.008974358974359053
1132,0.01414027149321262
1133,0.009841628959275983
1134,0.016704374057315174
1135,-0.02413273001508298
1136,-0.0078054298642534214
1137,0.007164404223227727
1138,0.00837104072398187
1139,-0.010859728506787403
1140,-0.013461538461538414
1141,-0.007352941176470562
1142,-0.00674962292609349
1143,0.01489441930618396
1144,0.015082956259426794
1145,-0.0018853695324283493
1146,0.00874811463046754
1147,0.0039215686274509665
1148,0.009426847662141746
1149,0.0003016591251885359
1150,0.00588235294117645
1151,-0.012669683257918507
1152,0.028846153846153855
1153,0.002262443438914019
1154,0.008823529411764675
1155,-0.015535444947209653
1156,-0.005693815987933615
1157,-0.006862745098039136
1158,0.004185520361990935
1159,-0.011123680241327316
1160,-0.0039592760180995334
1161,0.005693815987933615
1162,0.008898944193061809
1163,0.0035822021116138636
1164,0.012330316742081515
1165,0.020437405731523417
1166,0.005844645550527883
1167,-0.010294117647058787
1168,-0.0026772247360483115
1169,0.04302413273001504
1170,-0.0031297134238311153
1171,0.0017722473604825373
1172,-0.014517345399698345
1173,-0.0017345399698340258
1174,0.005467571644042213
1175,-0.008974358974358942
1176,0.01538461538461533
1177,-0.020550527903469062
1178,-0.011123680241327316
1179,0.00863499245852195
1180,0.01263197586726994
1181,0.009690799396681826
1182,0.009313725490196045
1183,0.008446455505279116
1184,0.013838612368024195
1185,0.010671191553544568
1186,0.010784313725490158
1187,-0.006485671191553466
1188,-0.004072398190045234
1189,0.0037707390648566985
1190,0.0186274509803922
1191,-0.004562594268476605
1192,0.003092006033182493
1193,-0.019419306184012053
1194,0.003054298642533926
1195,-0.007013574660633459
1196,-0.0034313725490195957
1197,0.00976621417797896
1198,0.0063348416289592535
1199,-0.0039969834087481
1200,0.004826546003016574
1201,0.016704374057315285
1202,0.009841628959275983
1203,0.014328808446455454
1204,0.004713423831070873
1205,0.0105203619909503
1206,0.02515082956259418
1207,-0.011463046757164419
1208,-0.03092006033182504
1209,-0.01070889894419308
1210,-0.009502262443438936
1211,-0.011915535444947167
1212,0.01640271493212675
1213,0.0004901960784314818
1214,-0.00033936651583704736
1215,0.017986425339366563
1216,-0.0064102564102563875
1217,0.012556561085972806
1218,0.006825037707390735
1219,-0.01270739064856713
1220,-0.005542986425339402
1221,-0.009728506787330282
1222,0.009954751131221795
1223,-0.016553544494721018
1224,-0.0009049773755656632
1225,0.021832579185520284
1226,-0.004411764705882393
1227,0.007730015082956232
1228,-0.033220211161387625
1229,0.007239819004524861
1230,-0.009653092006033148
1231,0.023227752639517374
1232,0.002639517345399689
1233,0.011726998491704332
1234,-0.009049773755656132
1235,0.0036576168929109976
1236,-0.004034690799396723
1237,0.01904223227752644
1238,-0.01700603318250371
1239,0.008861236802413242
1240,-0.0003016591251885914
1241,-0.003544494720965352
1242,0.00426093514328818
1243,0.007277526395173428
1244,-0.0015837104072399244
1245,0.01063348416289589
1246,0.0039215686274509665
1247,-0.0017345399698340258
1248,-0.012104072398190002
1249,0.009992458521870251
1250,0.007616892911010531
1251,-0.0051659125188536215
1252,-0.004524886877828038
1253,-0.0007541478129713397
1254,0.00976621417797896
1255,0.007579185520361964
1256,0.002300150829562586
1257,-0.013386123680241335
1258,0.013423831070889958
1259,-0.012104072398190002
1260,-0.0027903469079940124
1261,0.0004901960784313708
1262,-0.00576923076923086
1263,-0.005015082956259409
1264,-0.01033182503770741
1265,-0.001168929110105521
1266,-0.011161387631975828
1267,0.019457013574660564
1268,-0.005354449472096456
1269,0.007277526395173428
1270,0.022360482654600333
1271,-0.010671191553544457
1272,0.0035444947209652966
1273,0.018929110105580627
1274,-0.0036199095022624306
1275,-0.009426847662141802
1276,-0.0015837104072398134
1277,-0.015610859728506843
1278,0.02190799396681742
1279,0.008861236802413242
1280,0.003054298642533926
1281,-0.008484162895927627
1282,0.007051282051282026
1283,0.010105580693816063
1284,-0.004260935143287958
1285,-0.003883861236802455
1286,0.02552790346907996
1287,-0.026885369532428316
1288,0.0005279034690799378
1289,0.020927601809954788
1290,-0.0018099547511312153
1291,0.023416289592760098
1292,-0.018174962292609342
1293,-0.010935143288084481
1294,0.0002639517345399689
1295,-0.010897435897435914
1296,0.01911764705882346
1297,-0.0009049773755656632
1298,-0.011802413273001577
1299,0.008144796380090469
1300,-0.013386123680241335
1301,0.011199095022624395
1302,-0.006711915535444868
1303,0.0033182503770738947
1304,0.012179487179487136
1305,-0.004713423831070873
1306,-0.006598793363499222
1307,0.0062594268476621195
1308,-0.009917043740573228
1309,0.010558069381598756
1310,-0.007013574660633515
1311,-0.008634992458521895
1312,0.0016591251885369473
1313,-0.019306184012066296
1314,-0.0005279034690799933
1315,0.002790346907993957
1316,0.005316742081447945
1317,-0.0006033182503770163
1318,-0.0065233785822020884
1319,0.020437405731523417
1320,0.018250377073906532
1321,-0.002111613876319751
1322,-0.009389140271493235
1323,-0.010407239819004488
1324,0.002564102564102666
1325,-0.009766214177978905
1326,-0.006598793363499222
1327,-0.0198717948717948
1328,0.011576168929110175
1329,-0.011726998491704443
1330,0.0018476621417797823
1331,0.0012443438914027105
1332,0.011915535444947278
1333,-0.013084464555052744
1334,0.011651583710407198
1335,-0.008484162895927627
1336,-0.00750377073906483
1337,-0.0019230769230769162
1338,-0.008408748114630438
1339,0.0038461538461538325
1340,0.01349924585218698
1341,-0.020060331825037747
1342,-0.01481900452488688
1343,0.019343891402714974
1344,-0.0035822021116138636
1345,-0.004713423831070873
1346,-0.013461538461538414
1347,-0.0002262443438913464
1348,-0.005656108597285048
1349,-0.0004901960784314263
1350,0.00475113122171944
1351,0.009954751131221795
1352,-0.018929110105580627
1353,-0.004260935143288069
1354,0.008408748114630549
1355,-0.0051659125188537325
1356,0.006825037707390624
1357,-0.0015837104072397579
1358,-0.00018853695324283493
1359,0.009728506787330282
1360,-0.0004524886877828038
1361,-0.022963800904977405
1362,0.018099547511312264
1363,0.011274509803921529
1364,-0.00463800904977385
1365,-0.003355957767722517
1366,-0.0031297134238310598
1367,-0.005806938159879371
1368,-0.010180995475113142
1369,0.0038461538461538325
1370,-0.002073906485671184
1371,-0.00275263951734539
1372,0.004449472096531015
1373,-0.006900452488687703
1374,-0.0065233785822021995
1375,-0.010784313725490158
1376,0.00501508295625952
1377,0.009162895927601888
1378,-0.0018099547511312153
1379,0.008182503770739036
1380,0.01025641025641022
1381,-0.00806938159879339
1382,-0.00512820512820511
1383,0.004524886877828038
1384,-0.0005279034690799933
1385,0.01376319758672695
1386,-0.0004901960784313708
1387,-0.010784313725490158
1388,-0.003280542986425272
1389,-0.014479638009049722
1390,0.010369532428355921
1391,-0.01195324283559579
1392,0.010369532428355921
1393,0.01915535444947203
1394,-0.0035822021116138636
1395,-0.018250377073906532
1396,-0.0076168929110104755
1397,0.006900452488687869
1398,0.01138763197586734
1399,-0.00437405731523377
1400,-0.0062594268476621195
1401,-0.003054298642533926
1402,-0.017911010558069373
1403,-0.009803921568627472
1404,-0.01270739064856713
1405,-0.010218702865761653
1406,-0.006033182503770718
1407,0.01214177978883857
1408,-0.014479638009049833
1409,0.013612368024132682
1410,0.015196078431372606
1411,0.020286576168929038
1412,-0.0018476621417798378
1413,0.011953242835595845
1414,0.003016591251885359
1415,0.016855203619909442
1416,-0.011274509803921529
1417,-0.015950226244343946
1418,-0.00011312217194575647
1419,-0.008107088989441957
1420,-0.0022247360482655076
1421,-0.005957767722473584
1422,-0.009728506787330282
1423,0.006184012066365097
1424,0.012782805429864319
1425,-0.005957767722473695
1426,-0.008785822021116108
1427,-0.00437405731523377
1428,0.00018853695324283493
1429,0.019117647058823684
1430,-0.009464555052790313
1431,-0.011538461538461497
1432,-0.018061840120663697
1433,-0.013273001508295634
1434,0.008521870286576139
1435,-0.010407239819004599
1436,0.006938159879336436
1437,-0.003280542986425272
1438,-0.017156862745098034
1439,-0.01821266968325791
1440,0.006636500754147789
1441,-0.01625188536953237
1442,0.004110105580693801
1443,-0.002300150829562586
1444,-0.01926847662141784
1445,-0.015987933634992513
1446,0.012594268476621262
1447,-0.004901960784313708
1448,-0.024849170437405754
1449,0.010972850678732993
1450,0.0002639517345398579
1451,0.006108597285067852
1452,-0.007088989441930593
1453,0.009351432880844723
1454,-0.009539969834087447
1455,-0.001206636500754088
1456,0.0
1457,-0.004298642533936581
1458,0.02066365007541482
1459,-0.011010558069381615
1460,0.008333333333333304
1461,0.004864253393665141
1462,-0.006900452488687758
1463,0.004977375565610842
1464,0.009841628959275983
1465,-0.015799396681749678
1466,-0.007579185520361964
1467,0.005090497737556543
1468,0.007051282051282026
1469,0.006184012066365097
1470,0.036463046757164386
1471,-0.013310708898944201
1472,0.008710407239818974
1473,-0.002337858220211153
1474,0.021681749622926128
1475,-0.0017722473604826483
1476,0.0010558069381599866
1477,-0.0029034690799396023
1478,0.01327300150829569
1479,0.013310708898944146
1480,-0.0035822021116138636
1481,0.002752639517345501
1482,0.011085972850678805
1483,0.010784313725490158
1484,-0.01357466063348417
1485,-0.004034690799396723
1486,0.005429864253393646
1487,-0.012330316742081404
1488,0.010444947209653055
1489,-0.007767722473604799
1490,0.002714932126696712
1491,-0.018966817496229138
1492,-0.02322775263951732
1493,0.009276018099547478
1494,0.0016968325791855143
1495,-0.004185520361990935
1496,0.01063348416289589
1497,0.014932126696832526
1498,-0.004675716440422362
1499,0.0186274509803922
1500,0.012368024132730082
1501,0.019909502262443368
1502,-0.011387631975867174
1503,0.014177978883861297
1504,0.00576923076923086
1505,-0.006787330316742057
1506,0.0079939668174962
1507,-0.005279034690799378
1508,-0.012104072398190002
1509,-0.0016214177978882693
1510,-0.010784313725490158
1511,0.002375565610859831
1512,-0.016478129713423773
1513,0.01825037707390642
1514,-0.0015837104072398134
1515,-0.0037707390648566985
1516,0.00015082956259426794
1517,0.01941930618401211
1518,-0.005467571644042213
1519,0.029713423831070895
1520,-0.013423831070889847
1521,-0.0002639517345399689
1522,0.012179487179487136
1523,-0.006108597285067796
1524,0.019079939668174895
1525,0.006862745098039191
1526,0.0031674208144796268
1527,0.018250377073906532
1528,0.005957767722473695
1529,0.011312217194570096
1530,-0.011538461538461497
1531,0.013310708898944257
1532,-0.005279034690799378
1533,0.005542986425339347
1534,0.018589743589743524
1535,0.004298642533936636
1536,-0.018514328808446445
1537,-0.011576168929110064
1538,0.005165912518853677
1539,0.010784313725490158
1540,-0.002111613876319751
1541,-0.009539969834087447
1542,-0.003469079939668218
1543,0.005656108597285048
1544,-0.020625942684766252
1545,-0.014894419306184015
1546,-0.005542986425339402
1547,-0.018514328808446445
1548,0.008672699849170407
1549,0.005806938159879316
1550,-0.009351432880844723
1551,0.0009049773755656076
1552,-0.015686274509803866
1553,-0.0017345399698340258
1554,0.0018099547511312153
1555,0.020248868778280582
1556,-0.004600301659125117
1557,-0.02375565610859731
1558,0.0033182503770740057
1559,0.004185520361990935
1560,0.01014328808446463
1561,-0.008257918552036225
1562,0.0038461538461538325
1563,0.006184012066365097
1564,-0.017269984917043735
1565,0.006749622926093601
1566,-0.011840120663650033
1567,-0.0019230769230769162
1568,-0.007579185520361964
1569,-0.006749622926093546
1570,0.021078431372549056
1571,0.002526395173453988
1572,0.015346907993966874
1573,-0.014441930618401266
1574,-0.009389140271493235
1575,0.0017345399698340813
1576,-0.002337858220211153
1577,0.0007164404223227727
1578,0.014969834087481204
1579,0.014291101055806998
1580,-0.01877828054298647
1581,0.010407239819004488
1582,0.003016591251885359
1583,0.006674208144796356
1584,0.016176470588235348
1585,0.01150075414781293
1586,7.541478129713397e-05
1587,-0.01613876319758678
1588,0.0062594268476621195
1589,-0.0016968325791855143
1590,7.541478129702295e-05
1591,0.006825037707390624
1592,-0.012254901960784326
1593,-0.003469079939668107
1594,0.019834087481146234
1595,0.01904223227752644
1596,-0.002865761689291091
1597,-0.009653092006033148
1598,0.002337858220211042
1599,-0.02322775263951732
1600,-0.016779788838612364
1601,0.007767722473604799
1602,0.00852187028657625
1603,-7.541478129707846e-05
1604,-0.0052413273001508665
1605,0.004901960784313708
1606,0.008220211161387603
1607,-0.03333333333333338
1608,0.004638009049773739
1609,-0.00407239819004529
1610,0.019683257918552077
1611,-0.007956259426847634
1612,0.002300150829562697
1613,-0.009162895927601777
1614,0.007767722473604799
1615,0.011312217194570096
1616,0.010972850678732993
1617,-0.010935143288084481
1618,0.003016591251885359
1619,-0.0003016591251885914
1620,-0.0039969834087481
1621,-0.002865761689291091
1622,0.0144042232277527
1623,-0.0006033182503770163
1624,-0.009917043740573228
1625,-0.01044494720965311
1626,-0.008408748114630438
1627,0.011990950226244412
1628,0.0036199095022624306
1629,0.023717948717948745
1630,-0.006636500754147789
1631,-0.008898944193061809
1632,-0.009539969834087447
1633,0.005467571644042213
1634,0.0035067873303168406
1635,0.00927601809954759
1636,0.002601809954751122
1637,0.015082956259426794
1638,-0.009917043740573228
1639,0.0015837104072397024
1640,0.013348416289592824
1641,-0.001357466063348356
1642,0.019834087481146234
1643,-0.009426847662141802
1644,0.0016968325791855143
1645,-0.013310708898944201
1646,-0.003921568627451022
1647,-0.00018853695324283493
1648,0.0064856711915535215
1649,0.00463800904977385
1650,0.0032051282051281937
1651,0.009200603318250455
1652,0.015309200603318196
1653,0.00041478129713423684
1654,0.002903469079939658
1655,0.005241327300150811
1656,0.015837104072398245
1657,-0.0038084464555052655
1658,0.02039969834087474
1659,-0.00275263951734539
1660,-0.0019607843137254832
1661,-0.004524886877828038
1662,0.011425339366515797
1663,0.002073906485671073
1664,-0.0009426847662141746
1665,0.0018853695324283493
1666,0.004788838612368007
1667,0.0065233785822021995
1668,0.005467571644042213
1669,0.0012820512820512775
1670,-0.014894419306184015
1671,-0.009917043740573117
1672,-0.002111613876319751
1673,-0.001470588235294168
1674,-0.007767722473604799
1675,0.0018853695324283493
1676,-0.013273001508295634
1677,-0.027337858220211175
1678,0.0018099547511312153
1679,-0.007013574660633459
1680,-0.004826546003016685
1681,-0.02409502262443436
1682,-0.0007164404223228282
1683,0.004939668174962275
1684,0.0011312217194570096
1685,0.002036199095022617
1686,-0.006862745098039247
1687,-0.00475113122171944
1688,-0.010030165912518818
1689,0.022549019607843168
1690,-0.01764705882352946
1691,-0.009954751131221684
1692,-0.010558069381598811
1693,0.0016214177978884914
1694,-0.002149321266968318
1695,-0.004939668174962275
1696,-0.01813725490196083
1697,-0.00237556561085972
1698,0.005203619909502355
1699,0.0064102564102563875
1700,-0.002941176470588225
1701,-0.007088989441930593
1702,-0.019984917043740558
1703,0.002526395173453877
1704,-0.015535444947209653
1705,-0.0002262443438913464
1706,0.008408748114630438
1707,-0.01214177978883857
1708,0.011953242835595734
1709,-0.024924585218702833
1710,-0.013046757164404177
1711,0.0010558069381599866
1712,-0.012933634992458531
1713,-0.004864253393665086
1714,0.009954751131221795
1715,0.009351432880844723
1716,-0.0024132730015083426
1717,0.010708898944193135
1718,-0.0009426847662141746
1719,0.013310708898944257
1720,-0.01508295625942685
1721,-0.001470588235294168
1722,-0.0016214177978884359
1723,0.005806938159879316
1724,-0.0004524886877827483
1725,-0.0006787330316742057
1726,0.0009049773755656076
1727,-0.007956259426847634
1728,0.02752639517345401
1729,-0.0018853695324283493
1730,-0.010294117647058787
1731,0.008446455505279005
1732,0.0065233785822020884
1733,0.0036953242835595645
1734,-0.025490196078431338
1735,-0.01470588235294118
1736,-0.024358974358974328
1737,0.020814479638008976
1738,-0.004826546003016685
1739,-0.0016214177978884359
1740,0.014479638009049833
1741,0.005354449472096512
1742,0.0063348416289592535
1743,0.0033936651583710287
1744,0.0035822021116138636
1745,0.011048265460030127
1746,0.002601809954751122
1747,-0.00512820512820511
1748,0.020852187028657654
1749,0.017986425339366563
1750,0.0039592760180995334
1751,-0.02202111613876323
1752,0.0007164404223227727
1753,0.004034690799396667
1754,0.002865761689291091
1755,0.011689291101055765
1756,-0.007088989441930704
1757,0.011349924585218663
1758,0.002903469079939658
1759,0.0015837104072398134
1760,-0.011161387631975828
1761,-0.0002639517345399689
1762,-0.0016214177978883804
1763,-0.001357466063348467
1764,-0.003469079939668218
1765,-0.005656108597285048
1766,-0.015007541478129771
1767,-0.01470588235294118
1768,-0.005354449472096456
1769,-0.0011312217194570096
1770,-0.011990950226244301
1771,-0.001018099547511253
1772,0.008182503770739036
1773,0.0030920060331823818
1774,-0.001470588235294168
1775,-0.00588235294117645
1776,0.0010558069381599866
1777,0.011349924585218663
1778,0.009087481146304643
1779,-0.02903469079939669
1780,-0.006485671191553577
1781,-0.013914027149321329
1782,-0.014140271493212675
1783,-0.007843137254902044
1784,-0.017873303167420862
1785,-0.017760180995475106
1786,0.004449472096530904
1787,-0.0093137254901961
1788,-0.002450980392156854
1789,0.013159879336349878
1790,-0.0008672699849170407
1791,0.004298642533936636
1792,0.004977375565610842
1793,-0.002262443438914019
1794,-0.00275263951734539
1795,0.008974358974359053
1796,-0.023076923076923106
1797,0.01877828054298636
1798,0.005769230769230638
1799,-0.017835595776772295
1800,-0.0018476621417798378
1801,-0.003092006033182604
1802,0.011463046757164475
1803,0.008220211161387603
1804,-0.002941176470588225
1805,-0.014441930618401266
1806,0.02126696832579189
1807,-0.007277526395173428
1808,0.004713423831070873
1809,-0.009389140271493235
1810,-0.0093137254901961
1811,0.01478129713423837
1812,-0.001093514328808498
1813,-0.011840120663650089
1814,0.004788838612368007
1815,-0.011236802413272962
1816,-0.0038838612368023995
1817,-0.0036199095022624306
1818,0.00825791855203628
1819,-0.008484162895927627
1820,-0.0030920060331824373
1821,0.0005656108597285048
1822,0.004713423831070873
1823,0.008182503770739036
1824,-0.007843137254901933
1825,0.019230769230769273
1826,0.021568627450980427
1827,0.005580693815987914
1828,-0.008182503770739091
1829,-0.0038838612368023995
1830,-0.0030920060331825483
1831,-0.007164404223227727
1832,-0.0011312217194570096
1833,-0.01082202111613867
1834,0.004788838612368007
1835,0.019306184012066296
1836,-0.0023755656108597756
1837,0.002978883861236792
1838,-0.009238310708898967
1839,0.018363499245852233
1840,-0.007767722473604799
1841,-0.007315233785822051
1842,-0.01070889894419308
1843,-0.00855957767722465
1844,0.009200603318250455
1845,0.027752639517345412
1846,0.007277526395173539
1847,0.002413273001508287
1848,-0.019984917043740558
1849,-0.009577677224736014
1850,0.012707390648567074
1851,-0.005957767722473695
1852,0.0016214177978882693
1853,-0.014140271493212675
1854,-0.017533936651583704
1855,0.010784313725490158
1856,0.008069381598793446
1857,0.0015837104072397024
1858,-0.0076168929110104755
1859,0.0003016591251885359
1860,-0.021191553544494757
1861,0.005052790346907976
1862,0.01338612368024128
1863,-0.018250377073906532
1864,0.00037707390648566985
1865,-0.004487179487179416
1866,-0.026432880844645512
1867,-0.0021116138763198067
1868,0.01014328808446463
1869,-0.006033182503770718
1870,-0.015346907993966763
1871,-0.002073906485671184
1872,-0.016440422322775206
1873,-0.00969079939668166
1874,-0.0038084464555052655
1875,-0.004336349924585203
1876,0.005806938159879316
1877,-0.023416289592760153
1878,0.0184012066365008
1879,0.002036199095022617
1880,0.0016968325791855143
1881,-0.013122171945701366
1882,0.026696832579185537
1883,0.0033182503770740057
1884,-0.011840120663650033
1885,-0.008144796380090469
1886,0.0015837104072398134
1887,-0.02009803921568626
1888,-0.015346907993966818
1889,0.013725490196078494
1890,0.01240573152337865
1891,0.009728506787330393
1892,0.006146304675716419
1893,-0.0076168929110104755
1894,-0.015271493212669685
1895,-0.004524886877828038
1896,0.01202865761689298
1897,0.002413273001508287
1898,0.010972850678732993
1899,-0.014102564102564163
1900,0.005052790346907976
1901,-0.006033182503770718
1902,-0.023793363499245823
1903,-0.00041478129713429235
1904,0.016817496229260875
1905,0.00712669683257916
1906,-0.004638009049773739
1907,0.016101055806938214
1908,-3.7707390648622496e-05
1909,0.014743589743589802
1910,0.0019230769230769162
1911,0.010256410256410331
1912,0.007654600301659209
1913,0.004600301659125172
1914,-0.004110105580693857
1915,0.005203619909502244
1916,-0.013235294117647012
1917,0.01704374057315239
1918,0.01214177978883857
1919,-0.007315233785822051
1920,-0.008031674208144879
1921,-0.018288084464555043
1922,-0.01082202111613878
1923,0.017609351432880782
1924,0.007466063348416263
1925,0.011915535444947167
1926,0.0063725490196079315
1927,0.017835595776772295
1928,0.010784313725490158
1929,-0.010407239819004488
1930,-0.00037707390648566985
1931,-0.02088989441930622
1932,0.03838612368024141
1933,0.011802413273001577
1934,-0.009276018099547478
1935,-0.016025641025641024
1936,-0.0032805429864253832
1937,0.002677224736048367
1938,-0.017873303167420862
1939,-0.005693815987933615
1940,0.0036953242835596756
1941,0.011425339366515797
1942,-0.01975867269984921
1943,0.010369532428355921
1944,0.006975867269984892
1945,0.012556561085972695
1946,0.007466063348416263
1947,0.007692307692307776
1948,-0.010897435897435914
1949,0.0038084464555052655
1950,-0.002262443438914019
1951,-0.01757164404223227
1952,0.010784313725490158
1953,-0.019042232277526383
1954,0.005618401206636481
1955,-0.0050527903469079205
1956,0.006711915535444923
1957,0.0064856711915535215
1958,0.016327300150829616
1959,0.012179487179487136
1960,-0.011500754147812986
1961,-0.019909502262443424
1962,0.004223227752639502
1963,-0.018174962292609342
1964,-0.016176470588235237
1965,-0.0036199095022624306
1966,0.008521870286576139
1967,0.014215686274509864
1968,0.009615384615384581
1969,0.01764705882352935
1970,0.004147812971342368
1971,0.02752639517345401
1972,0.01138763197586723
1973,-0.0015837104072398134
1974,-0.0049773755656107865
1975,0.013310708898944257
1976,0.008861236802413242
1977,0.01677978883861242
1978,-0.0027149321266967674
1979,0.0317496229260934
1980,-0.016025641025641024
1981,0.0064856711915535215
1982,0.0007918552036199067
1983,-0.0035822021116138636
1984,0.002073906485671184
1985,-0.007541478129713397
1986,0.01802413273001502
1987,0.0038084464555052655
1988,0.0038838612368023995
1989,-0.012631975867269996
1990,-0.004147812971342368
1991,-0.004110105580693857
1992,0.0033936651583710287
1993,0.017722473604826594
1994,-0.006033182503770718
1995,-0.01595022624434389
1996,0.01915535444947214
1997,0.0036199095022624306
1998,-0.012104072398190113
1999,0.020361990950226283
2000,-0.011764705882352955
2001,0.007918552036199067
2002,-0.018552036199095012
2003,0.012066365007541435
2004,0.0035444947209652966
2005,-0.010972850678732993
2006,-0.005279034690799378
2007,0.013084464555052855
2008,-0.0032428355957767607
2009,-0.026960784313725505
2010,0.0037707390648566985
2011,-0.003846153846153888
2012,0.00987933634992455
2013,-0.0062594268476621195
2014,0.005316742081447945
2015,-0.006711915535445034
2016,-0.013800904977375517
2017,-0.01206636500754149
2018,0.0007918552036199067
2019,-0.013536953242835603
2020,-0.00501508295625952
2021,0.00863499245852195
2022,-0.02450980392156865
2023,0.010218702865761653
2024,-0.0015460030165911909
2025,0.002262443438914019
2026,0.00863499245852195
2027,-0.00539215686274519
2028,0.0014705882352941124
2029,-0.016440422322775206
2030,0.004901960784313708
2031,0.005429864253393646
2032,0.004562594268476605
2033,0.004223227752639502
2034,0.0009426847662141746
2035,-0.011425339366515908
2036,-0.005542986425339402
2037,-0.008107088989441957
2038,-0.0049773755656107865
2039,-0.004336349924585203
2040,-0.006975867269984892
2041,-0.007352941176470562
2042,-0.002941176470588225
2043,0.0185143288084465
2044,-0.0012066365007541435
2045,-0.006372549019607765
2046,0.020852187028657654
2047,0.014668174962292668
2048,-0.003544494720965352
2049,0.00011312217194570096
2050,0.0018476621417797823
2051,-0.015120663650075361
2052,-0.016553544494721018
2053,-0.00780542986425331
2054,0.008785822021116219
2055,0.01025641025641022
2056,-0.006070889894419285
2057,-0.0016968325791855143
2058,-0.011425339366515797
2059,-0.010143288084464575
2060,0.009728506787330393
2061,0.0036199095022624306
2062,-0.0052413273001508665
2063,-0.013914027149321329
2064,-0.015309200603318196
2065,-0.002639517345399689
2066,0.018363499245852122
2067,3.7707390648566985e-05
2068,0.0007541478129713397
2069,0.0065610859728507664
2070,-0.020437405731523417
2071,-0.0008295625942684182
2072,-0.0052413273001508665
2073,0.007843137254901933
2074,0.00825791855203628
2075,0.0035822021116139746
2076,-0.004072398190045123
2077,-0.026244343891402677
2078,-0.020361990950226228
2079,0.010595776772247434
2080,0.010859728506787403
2081,-0.005090497737556543
2082,-0.001357466063348356
2083,-0.017684766214178027
2084,0.00275263951734539
2085,-0.0027149321266967674
2086,-0.0017722473604825928
2087,-0.0029034690799396023
2088,0.013876319758672762
2089,0.008672699849170407
2090,-0.0034313725490195957
2091,-0.0020361990950225617
2092,0.005957767722473695
2093,-0.004600301659125228
2094,-0.0015460030165911909
2095,0.010935143288084426
2096,0.016704374057315285
2097,-0.011500754147812986
2098,0.009803921568627416
2099,-0.002262443438914019
2100,-0.0006410256410256387
2101,-0.017797888386123617
2102,0.01127450980392164
2103,-0.017684766214177916
2104,-0.02134238310708897
2105,0.008710407239818974
2106,-0.007993966817496256
2107,-0.009539969834087558
2108,-0.01907993966817495
2109,-0.0063348416289592535
2110,0.01628959276018105
2111,0.0006787330316743168
2112,0.014102564102564163
2113,0.017496229260935192
2114,3.7707390648566985e-05
2115,0.004939668174962275
2116,-0.009766214177978905
2117,-0.012594268476621429
2118,0.009992458521870251
2119,0.014856711915535503
2120,-0.026470588235294024
2121,0.004675716440422306
2122,-0.0015837104072397579
2123,0.0065233785822021995
2124,-0.007654600301659209
2125,0.019683257918552077
2126,0.012594268476621484
2127,0.01365007541478136
2128,-0.020324283559577716
2129,0.008521870286576139
2130,0.0016968325791855143
2131,-0.006146304675716419
2132,0.007352941176470562
2133,0.002828054298642524
2134,0.020927601809954788
2135,0.005957767722473695
2136,0.010331825037707465
2137,-0.011840120663650089
2138,-0.008107088989441957
2139,-0.016666666666666607
2140,-0.012669683257918507
2141,-0.021116138763197567
2142,-0.002300150829562586
2143,0.010180995475113086
2144,-0.021191553544494812
2145,-0.015346907993966818
2146,-0.0092006033182504
2147,0.0011689291101056876
2148,0.015535444947209709
2149,0.018325791855203666
2150,0.012104072398190002
2151,0.0032051282051281937
2152,-0.00237556561085972
2153,-0.011726998491704332
2154,0.007730015082956232
2155,-0.022699849170437325
2156,0.006749622926093601
2157,0.002903469079939547
2158,-0.0078808446455505
2159,0.009539969834087336
2160,-0.0170814479638009
2161,0.0014705882352941124
2162,0.01214177978883857
2163,0.0034690799396680516
2164,-0.007767722473604799
2165,-0.0075037707390648856
2166,0.009917043740573117
2167,-0.016063348416289536
2168,0.006070889894419285
2169,-0.014668174962292668
2170,0.0004524886877826928
2171,-0.02794117647058819
2172,0.0009803921568627416
2173,0.014743589743589691
2174,-0.010633484162895834
2175,0.004487179487179471
2176,-0.010294117647058898
2177,0.01025641025641022
2178,0.008898944193061809
2179,-0.008220211161387714
2180,-0.025339366515837125
2181,-0.0050527903469080315
2182,0.007013574660633459
2183,0.010935143288084426
2184,0.020324283559577716
2185,0.0032805429864253277
2186,-0.0018099547511312708
2187,0.0033182503770740057
2188,-0.0018099547511312708
2189,0.018853695324283604
2190,-0.007843137254901933
2191,0.011236802413272962
2192,-0.001093514328808498
2193,-0.0015082956259426794
2194,-0.002450980392156854
2195,0.0078808446455505
2196,-0.003921568627451022
2197,-0.0017722473604825928
2198,-0.008672699849170462
2199,0.002526395173453877
2200,0.0006410256410256387
2201,-0.002941176470588225
2202,0.004713423831070873
2203,-0.019984917043740502
2204,-0.0006410256410255832
2205,0.011236802413273073
2206,0.027450980392156876
2207,-0.006297134238310631
2208,-0.004939668174962275
2209,-0.013122171945701366
2210,0.014856711915535503
2211,0.010369532428355921
2212,-0.005015082956259409
2213,-0.0005279034690799933
2214,0.0006787330316743168
2215,0.00018853695324283493
2216,-0.01595022624434389
2217,0.0002639517345399689
2218,0.010482654600301733
2219,-0.018815987933635037
2220,0.0031297134238310598
2221,-0.002526395173453988
2222,0.011802413273001577
2223,0.010558069381598756
2224,0.01451734539969829
2225,0.00018853695324283493
2226,0.01138763197586734
2227,-0.00407239819004529
2228,-0.006033182503770718
2229,-0.006184012066365041
2230,0.005920060331825017
2231,-0.01689291101055812
2232,-0.002714932126696823
2233,-0.00331825037707395
2234,0.0031674208144796268
2235,-0.00331825037707395
2236,0.0065610859728507664
2237,-0.007390648567119129
2238,0.016478129713423884
2239,0.01338612368024128
2240,-0.006975867269984892
2241,-0.009162895927601888
2242,-0.0022247360482655076
2243,0.005806938159879316
2244,0.02703619909502264
2245,-0.009502262443438825
2246,0.004788838612368007
2247,0.004487179487179471
2248,-0.0002639517345399134
2249,-0.0006033182503770163
2250,0.017797888386123728
2251,-0.014177978883861186
2252,0.013084464555052744
2253,0.0009426847662141746
2254,-0.012707390648567074
2255,-0.024811463046757243
2256,0.005844645550527883
2257,-0.007956259426847634
2258,0.010407239819004488
2259,0.0035444947209652966
2260,0.002564102564102555
2261,0.0006787330316742057
2262,0.015271493212669629
2263,-0.023944193061840147
2264,0.026696832579185537
2265,-0.009539969834087447
2266,-0.0051659125188537325
2267,0.013046757164404177
2268,-0.011048265460030127
2269,-0.008559577677224817
2270,7.541478129713397e-05
2271,0.008031674208144768
2272,0.008069381598793446
2273,-0.0020361990950226727
2274,-0.016817496229260875
2275,0.015535444947209598
2276,0.01138763197586723
2277,-0.020286576168929094
2278,0.005806938159879316
2279,-0.007956259426847634
2280,-3.7707390648511474e-05
2281,0.0065233785822020884
2282,0.0019230769230769162
2283,-0.0004524886877828038
2284,0.0062217194570135526
2285,-0.002564102564102555
2286,0.006711915535444923
2287,-0.014932126696832526
2288,0.009313725490196045
2289,-0.0006033182503770163
2290,0.005806938159879316
2291,0.012066365007541435
2292,-0.009917043740573117
2293,-0.0007164404223228282
2294,-0.002526395173453988
2295,-0.027337858220211175
2296,-0.004713423831070873
2297,-0.0039592760180995334
2298,-0.018891402714932115
2299,0.002073906485671184
2300,0.021870286576168962
2301,-0.0022247360482655076
2302,0.002300150829562586
2303,-0.004411764705882393
2304,0.005806938159879316
2305,0.00912518853695321
2306,-0.015158371040723928
2307,-0.010972850678732993
2308,-0.012217194570135759
2309,-0.011236802413272962
2310,0.01349924585218698
2311,-0.009615384615384637
2312,0.013235294117647012
2313,-0.0019230769230769162
2314,0.0064479638009049545
2315,-0.0051659125188536215
2316,-0.0065233785822021995
2317,0.018325791855203666
2318,0.013536953242835659
2319,0.008144796380090469
2320,0.004524886877828038
2321,-0.006862745098039136
2322,0.011312217194570096
2323,0.010030165912518929
2324,0.00015082956259426794
2325,0.005806938159879316
2326,0.002488687782805421
2327,0.015987933634992513
2328,-0.010143288084464519
2329,0.0033936651583710287
2330,-0.0197586726998491
2331,-0.009125188536953155
2332,-0.0015082956259426794
2333,-0.021040723981900433
2334,0.009313725490196045
2335,-7.541478129707846e-05
2336,-0.011840120663650033
2337,-0.004449472096531015
2338,0.010294117647058787
2339,0.009653092006033148
2340,0.0015460030165912464
2341,0.01625188536953237
2342,-0.0016968325791855143
2343,0.005392156862744968
2344,0.009087481146304643
2345,-0.00855957767722465
2346,-0.0223981900452489
2347,0.02364253393665161
2348,0.006975867269984781
2349,-0.008182503770739091
2350,0.01964555052790351
2351,-0.0009803921568627971
2352,0.0034313725490195957
2353,-0.007843137254901933
2354,-0.0076168929110105865
2355,0.013725490196078494
2356,-0.001357466063348356
2357,-0.015120663650075361
2358,-0.004034690799396612
2359,-0.0006410256410256387
2360,0.0010180995475111976
2361,-0.003657616892911053
2362,0.0011689291101056876
2363,0.0005656108597285048
2364,-0.012971342383107098
2365,-0.009200603318250344
2366,-0.03812217194570139
2367,-0.012858220211161342
2368,0.014668174962292668
2369,0.020927601809954788
2370,0.010972850678732993
2371,-0.01508295625942685
2372,0.0063348416289592535
2373,0.005467571644042213
2374,-7.541478129707846e-05
2375,-0.025716440422322795
2376,-0.0049773755656108976
2377,0.009615384615384581
2378,-0.014592760180995423
2379,-0.009162895927601777
2380,0.023039215686274428
2381,-0.018288084464555043
2382,0.020814479638009087
2383,0.01689291101055801
2384,-0.009992458521870307
2385,-0.01508295625942685
2386,-0.008861236802413297
2387,0.0033559577677224617
2388,0.012104072398190002
2389,0.003016591251885359
2390,-0.016365007541478183
2391,0.0008672699849170407
2392,-0.017797888386123617
2393,0.0019230769230769162
2394,0.009351432880844723
2395,0.002752639517345501
2396,0.009841628959276094
2397,-0.001432880844645601
2398,0.017986425339366563
2399,0.0065233785822020884
2400,0.005618401206636481
2401,0.002450980392156854
2402,0.006108597285067852
2403,-0.013876319758672762
2404,-0.027337858220211175
2405,0.004298642533936636
2406,0.008144796380090469
2407,0.0037707390648566985
2408,0.002224736048265452
2409,0.007692307692307776
2410,-0.003469079939668218
2411,-0.0050527903469079205
2412,0.014856711915535503
2413,-0.013536953242835603
2414,-0.007428355957767641
2415,-0.012895927601809909
2416,-0.008220211161387714
2417,-0.01214177978883857
2418,-0.007277526395173428
2419,0.0064479638009049545
2420,0.009351432880844723
2421,0.0063348416289593645
2422,-0.014064856711915541
2423,-0.004110105580693857
2424,-0.007051282051282082
2425,0.028469079939668185
2426,0.014366515837104021
2427,-0.011877828054298656
2428,-0.013009049773755665
2429,0.004223227752639613
2430,-0.00437405731523377
2431,0.0033182503770740057
2432,-0.016063348416289536
2433,0.012971342383107154
2434,0.002865761689291202
2435,0.007013574660633459
2436,-0.003393665158370973
2437,-0.002300150829562586
2438,0.009992458521870251
2439,-0.0020361990950225617
2440,0.007880844645550611
2441,-0.007051282051282082
2442,0.01112368024132726
2443,0.004110105580693801
2444,-0.010558069381598811
2445,-0.0078808446455505
2446,0.011953242835595845
2447,0.003054298642533926
2448,-0.0035822021116138636
2449,-0.001055806938159931
2450,0.008974358974358942
2451,7.541478129713397e-05
2452,0.0036953242835595645
2453,0.003129713423831171
2454,-0.009917043740573117
2455,0.01127450980392164
2456,0.005505279034690891
2457,0.004185520361990935
2458,0.0016968325791855143
2459,-0.006900452488687703
2460,-0.002111613876319751
2461,-0.0131975867269985
2462,0.0036576168929109976
2463,0.007616892911010531
2464,-0.00882352941176473
2465,-0.0015082956259426794
2466,-0.03499245852187016
2467,0.010708898944193135
2468,-0.008521870286576139
2469,-0.02375565610859731
2470,-0.0039592760180995334
2471,-0.015233785822021062
2472,0.02190799396681753
2473,0.020475113122171984
2474,0.0015082956259426794
2475,-0.01082202111613878
2476,0.0013197586726998445
2477,-0.023303167420814563
2478,0.011538461538461497
2479,0.020098039215686203
2480,0.002375565610859831
2481,-0.0065233785822021995
2482,0.0065610859728507664
2483,-0.00833333333333336
2484,0.00011312217194570096
2485,0.021870286576168962
2486,-0.009426847662141802
2487,-0.010633484162895945
2488,0.002639517345399689
2489,0.006938159879336436
2490,0.01700603318250371
2491,-0.013461538461538414
2492,0.010671191553544346
2493,0.020437405731523417
2494,0.004411764705882337
2495,0.012858220211161342
2496,-0.014932126696832526
2497,-0.0052413273001508665
2498,0.014215686274509753
2499,-0.004298642533936692
2500,0.002903469079939547
2501,-0.0008672699849170407
2502,-0.009992458521870307
2503,-0.01938159879336354
2504,-0.0050527903469079205
2505,-0.00855957767722465
2506,0.02028657616892915
2507,-0.010030165912518929
2508,0.014102564102564163
2509,-0.006674208144796412
2510,0.014177978883861186
2511,0.002036199095022617
2512,-0.009803921568627472
2513,-0.009426847662141802
2514,0.03167420814479638
2515,0.0063348416289592535
2516,-0.015648567119155354
2517,0.00837104072398187
2518,-0.0016968325791855143
2519,-0.011161387631975828
2520,-0.00969079939668177
2521,-0.016817496229260875
2522,0.00015082956259426794
2523,-0.0015460030165911909
2524,0.0014705882352941124
2525,-0.015007541478129716
2526,-0.00501508295625952
2527,-0.0018099547511312153
2528,-0.004524886877828038
2529,-0.001018099547511253
2530,-0.00539215686274519
2531,-0.0051659125188537325
2532,-0.0039592760180995334
2533,0.0036199095022624306
2534,0.01564856711915541
2535,-0.010256410256410275
2536,-0.012631975867269996
2537,0.0009803921568627416
2538,0.009954751131221795
2539,0.016063348416289647
2540,-0.006070889894419285
2541,0.014969834087481204
2542,0.017571644042232326
2543,-0.009276018099547478
2544,0.014328808446455454
2545,0.01726998491704368
2546,0.0006033182503770718
2547,0.007616892911010531
2548,0.0261689291101056
2549,0.0008672699849171517
2550,0.002790346907993957
2551,0.015799396681749678
2552,-0.011990950226244412
2553,-0.010972850678732993
2554,-0.006749622926093546
2555,-0.00015082956259432345
2556,-0.004072398190045234
2557,-0.013763197586727005
2558,-0.00901206636500751
2559,-0.0049773755656107865
2560,0.017496229260935192
2561,0.015233785822021173
2562,0.009087481146304643
2563,-0.011726998491704332
2564,-0.010520361990950244
2565,-0.0035822021116138636
2566,-0.0010558069381598756
2567,0.0031674208144796268
2568,-0.0062594268476621195
2569,0.016478129713423884
2570,-0.007164404223227727
2571,-0.012104072398190002
2572,-0.011877828054298656
2573,-0.014102564102564163
2574,-0.018137254901960775
2575,0.014102564102564163
2576,-0.007767722473604799
2577,-0.0003393665158371584
2578,0.007541478129713397
2579,-0.0019607843137254832
2580,-0.0033936651583710287
2581,-0.014027149321266918
2582,-0.00512820512820511
2583,-0.011387631975867285
2584,0.0017722473604826483
2585,0.00550527903469078
2586,-0.009653092006033148
2587,-0.019607843137254888
2588,-0.005769230769230749
2589,-0.010935143288084481
2590,-0.0011312217194570096
2591,-0.011312217194570151
2592,0.005656108597285048
2593,0.00475113122171944
2594,-0.010143288084464575
2595,0.004336349924585203
2596,-0.003506787330316785
2597,-0.013310708898944257
2598,0.0009426847662141746
2599,0.0006033182503770718
2600,-0.015309200603318196
2601,0.0035444947209652966
2602,0.008672699849170407
2603,0.0032805429864253277
2604,0.0064856711915535215
2605,0.006070889894419285
2606,0.004185520361991046
2607,0.01338612368024128
2608,0.013687782805429927
2609,0.009539969834087558
2610,-0.0004901960784313708
2611,-0.004487179487179527
2612,-0.002488687782805421
2613,-0.024585218702865785
2614,-0.010784313725490158
2615,-0.0006410256410256387
2616,0.0013574660633484115
2617,-0.015497737556561142
2618,-0.02243589743589741
2619,0.008898944193061809
2620,-0.005580693815987914
2621,0.016704374057315174
2622,0.0008672699849171517
2623,0.01138763197586734
2624,0.018363499245852233
2625,-0.0032805429864253832
2626,-0.007541478129713397
2627,-0.009049773755656132
2628,0.018325791855203555
2629,-0.014404223227752588
2630,0.015535444947209709
2631,-0.009803921568627472
2632,-0.019796380090497723
2633,-0.018740573152337903
2634,0.008597285067873273
2635,-0.014743589743589691
2636,0.0004524886877828038
2637,0.022285067873303088
2638,0.004449472096530904
2639,0.002073906485671184
2640,-0.009539969834087447
2641,0.00501508295625952
2642,-0.0019607843137254832
2643,-0.008785822021116219
2644,0.0
2645,0.002714932126696712
2646,0.015346907993966874
2647,0.005769230769230749
2648,-0.0029788838612368473
2649,-0.0092006033182504
2650,-0.008597285067873273
2651,0.0014705882352941124
2652,0.006749622926093601
2653,-0.010143288084464519
2654,-0.0050527903469080315
2655,-0.0020361990950226727
2656,0.012066365007541435
2657,0.016327300150829505
2658,0.012481146304675672
2659,-0.005618401206636536
2660,-0.0015837104072397579
2661,-0.012292609351432948
2662,0.0011312217194570096
2663,0.00874811463046754
2664,0.0079939668174962
2665,0.005241327300150811
2666,0.015346907993966763
2667,-0.013009049773755665
2668,0.002978883861236792
2669,0.033974358974358965
2670,0.015987933634992513
2671,0.018099547511312264
2672,0.01926847662141773
2673,0.0011312217194570096
2674,-0.002903469079939658
2675,0.002828054298642524
2676,0.02179487179487183
2677,-0.0004901960784313708
2678,-0.020399698340874794
2679,0.017684766214178027
2680,-0.007993966817496256
2681,-0.0007164404223228282
2682,0.006070889894419285
2683,0.0007918552036199067
2684,-0.02303921568627454
2685,0.00550527903469078
2686,-0.013310708898944257
2687,0.017194570135746545
2688,0.005354449472096512
2689,0.005467571644042213
2690,0.012481146304675672
2691,-0.0017722473604826483
2692,0.004977375565610842
2693,-0.012217194570135703
2694,-0.012104072398190002
2695,-0.0051659125188537325
2696,-0.0029034690799396023
2697,0.012820512820512775
2698,-0.005392156862744968
2699,-0.01738310708898938
2700,-0.015799396681749678
2701,-0.003506787330316785
2702,0.005920060331825017
2703,0.007579185520361964
2704,-0.004713423831070873
2705,-0.019042232277526383
2706,-0.005203619909502244
2707,-0.00407239819004529
2708,0.007692307692307776
2709,0.011915535444947278
2710,0.017684766214178027
2711,-0.0019230769230769162
2712,-0.0007164404223227172
2713,0.008974358974358942
2714,0.01202865761689298
2715,-0.0004901960784314263
2716,-0.004562594268476605
2717,0.01489441930618396
2718,-0.020588235294117685
2719,-0.003016591251885359
2720,0.011953242835595734
2721,0.0006787330316742057
2722,-0.004072398190045234
2723,-0.009276018099547478
2724,0.018061840120663697
2725,0.010972850678733104
2726,-0.001168929110105521
2727,-0.002488687782805421
2728,0.004110105580693801
2729,-0.001282051282051333
2730,0.01726998491704368
2731,-0.022624434389140247
2732,-0.0008295625942684182
2733,-0.03095776772247355
2734,0.008295625942684737
2735,-0.004864253393665197
2736,0.002262443438914019
2737,0.003092006033182493
2738,-0.0038084464555052655
2739,0.010972850678732993
2740,-0.007541478129713397
2741,0.0006787330316743168
2742,-0.009238310708898967
2743,0.03442684766214188
2744,0.007692307692307776
2745,0.014819004524886825
2746,0.006825037707390624
2747,0.0007164404223227727
2748,0.015987933634992513
2749,-0.0007164404223228282
2750,0.005203619909502244
2751,0.004298642533936636
2752,-0.008182503770739091
2753,0.002111613876319751
2754,0.010595776772247323
2755,0.0038838612368023995
2756,0.006674208144796356
2757,0.008672699849170407
2758,0.0037707390648566985
2759,0.0064479638009049545
2760,0.007466063348416263
2761,-0.009917043740573117
2762,0.0033559577677224617
2763,0.0006033182503770718
2764,-0.016817496229260986
2765,-0.00818250377073898
2766,0.006787330316742057
2767,0.004562594268476605
2768,0.014630467571644101
2769,0.004864253393665141
2770,0.004562594268476605
2771,0.02175716440422315
2772,0.009200603318250344
2773,-0.013273001508295634
2774,-0.0006410256410256387
2775,-0.012669683257918507
2776,-0.002337858220211153
2777,-0.01945701357466062
2778,-0.0011312217194570096
2779,-0.005090497737556543
2780,0.007088989441930593
2781,-0.021983408748114608
2782,-0.020060331825037747
2783,0.007088989441930593
2784,-0.01033182503770741
2785,-0.0033936651583710287
2786,0.01300904977375561
2787,-0.013914027149321329
2788,-0.0032051282051281937
2789,0.004374057315233881
2790,-0.017609351432880838
2791,0.007088989441930704
2792,-0.0039969834087481
2793,0.006184012066365097
2794,-0.012594268476621429
2795,-0.00369532428355962
2796,-0.0006033182503771273
2797,-0.011538461538461497
2798,-0.010030165912518818
2799,-0.003846153846153777
2800,0.0013197586726998445
2801,0.0017345399698341923
2802,-0.0130844645550528
2803,0.008785822021116108
2804,0.0010935143288084426
2805,0.0038838612368023995
2806,0.016855203619909553
2807,0.008484162895927572
2808,0.005392156862745079
2809,-0.0020361990950225617
2810,0.00512820512820511
2811,0.0035444947209652966
2812,0.008295625942684737
2813,0.015535444947209709
2814,0.005090497737556543
2815,-0.002073906485671184
2816,-0.006900452488687869
2817,-0.003733031674208187
2818,0.006711915535444923
2819,0.0011312217194570096
2820,0.0031674208144796268
2821,0.00588235294117645
2822,-0.026885369532428427
2823,-0.00855957767722465
2824,-0.020814479638008976
2825,0.016591251885369585
2826,-0.025075414781297156
2827,-0.025339366515837125
2828,-0.012669683257918618
2829,0.010067873303167385
2830,0.002978883861236792
2831,0.00041478129713423684
2832,0.012104072398190002
2833,-0.0026018099547511775
2834,-0.018514328808446445
2835,-0.013499245852187036
2836,-0.006070889894419285
2837,0.0064102564102563875
2838,-0.004223227752639447
2839,0.009238310708898911
2840,0.0011689291101055765
2841,-0.0062217194570135526
2842,0.028506787330316752
2843,-0.01757164404223227
2844,-0.011349924585218663
2845,0.00426093514328818
2846,0.010218702865761764
2847,0.019193061840120595
2848,0.006146304675716419
2849,0.008182503770739036
2850,0.006975867269984892
2851,-0.015686274509803866
2852,-0.002639517345399689
2853,-0.0029034690799396023
2854,-0.010633484162895834
2855,-0.019720965309200644
2856,0.01402714932126703
2857,-0.022247360482654577
2858,-0.011915535444947167
2859,-0.01832579185520361
2860,0.005467571644042213
2861,0.010558069381598756
2862,-0.011802413273001577
2863,0.0012820512820512775
2864,0.010482654600301733
2865,0.0035067873303167296
2866,0.004110105580693801
2867,0.0012443438914027105
2868,0.0004524886877828038
2869,-0.013235294117647012
2870,0.008069381598793446
2871,-0.01659125188536953
2872,0.002073906485671184
2873,-0.015007541478129716
2874,0.0005656108597285048
2875,-0.003808446455505321
2876,-0.0031674208144796823
2877,-0.01082202111613867
2878,0.010558069381598756
2879,-0.004939668174962275
2880,-3.7707390648511474e-05
2881,0.01289592760181002
2882,-0.002677224736048256
2883,0.02202111613876312
2884,0.002036199095022617
2885,-0.0015082956259426794
2886,0.025301659125188558
2887,-0.000980392156862686
2888,0.011538461538461497
2889,-0.0049773755656107865
2890,-0.011274509803921584
2891,-0.008371040723981926
2892,-0.01583710407239819
2893,-0.0030920060331824373
2894,-0.0169683257918552
2895,-0.01357466063348417
2896,0.003092006033182493
2897,0.0036953242835595645
2898,0.0004524886877826928
2899,0.008144796380090469
2900,-0.006674208144796412
2901,-0.003054298642533926
2902,-0.01282051282051283
2903,-0.0035067873303167296
2904,0.012971342383107154
2905,-0.013687782805429871
2906,0.0015082956259426794
2907,-0.0020361990950226727
2908,-0.001282051282051333
2909,-0.009125188536953266
2910,0.01704374057315239
2911,-0.005316742081447945
2912,0.009200603318250455
2913,0.006636500754147789
2914,0.0063348416289592535
2915,0.004977375565610842
2916,0.00863499245852184
2917,-0.01632730015082956
2918,0.01764705882352935
2919,0.004638009049773739
2920,-0.017194570135746656
2921,-0.013800904977375517
2922,-0.023378582202111586
2923,-0.0064102564102563875
2924,-0.014517345399698345
2925,-0.005354449472096456
2926,0.014819004524886936
2927,0.01564856711915541
2928,-0.003544494720965352
2929,-0.012217194570135759
2930,-0.029826546003016652
2931,-0.007730015082956232
2932,-0.018024132730015074
2933,0.006825037707390624
2934,0.005731523378582182
2935,-0.01395173453996984
2936,-0.026998491704374017
2937,0.008597285067873273
2938,-0.009879336349924495
2939,0.010708898944193135
2940,0.009464555052790424
2941,0.009992458521870251
2942,-0.00437405731523377
2943,0.016440422322775206
2944,0.0065610859728507664
2945,0.008446455505279116
2946,0.012556561085972917
2947,0.0079939668174962
2948,-0.01772247360482654
2949,-0.017797888386123673
2950,0.022285067873303088
2951,0.006749622926093601
2952,0.0038461538461538325
2953,0.010935143288084426
2954,-0.010030165912518818
2955,-0.0008295625942684182
2956,0.013423831070889958
2957,0.004072398190045234
2958,-0.002639517345399689
2959,0.005542986425339458
2960,-0.018966817496229305
2961,0.008295625942684737
2962,0.006598793363499222
2963,0.004939668174962386
2964,-0.0003393665158371584
2965,-0.014668174962292668
2966,0.03412518853695323
2967,-0.0130844645550528
2968,0.004713423831070873
2969,-0.007164404223227727
2970,-0.005467571644042213
2971,0.009690799396681715
2972,-0.019457013574660675
2973,0.010407239819004599
2974,0.006938159879336436
2975,0.0007918552036199067
2976,-0.026357466063348434
2977,-0.0064479638009049545
2978,0.002187028657616996
2979,0.01263197586726994
2980,-0.0026772247360483115
2981,-0.003054298642533926
2982,-0.004600301659125117
2983,0.007918552036199067
2984,0.021003016591251922
2985,-0.0016591251885370029
2986,-0.004487179487179527
2987,-0.005957767722473584
2988,-0.012895927601809909
2989,0.016327300150829616
2990,-0.001282051282051333
2991,0.027450980392156765
2992,-0.0027149321266967674
2993,0.010859728506787403
2994,0.004072398190045234
2995,0.0014705882352941124
2996,0.008936651583710375
2997,-0.004185520361990935
2998,-0.024547511312217163
2999,0.02541478129713426
3000,0.01840120663650069
3001,0.005957767722473695
3002,0.007352941176470562
3003,-0.008220211161387603
3004,-0.01734539969834087
3005,-0.011726998491704332
3006,0.0064102564102563875
3007,-0.011463046757164419
3008,-0.0004524886877828038
3009,0.005316742081447945
3010,0.0079939668174962
3011,-0.00426093514328818
3012,-0.0009049773755656632
3013,0.008936651583710375
3014,0.00037707390648566985
3015,0.007013574660633459
3016,-0.013461538461538414
3017,0.009200603318250455
3018,-0.008861236802413297
3019,0.00938914027149329
3020,0.017119155354449522
3021,0.01225490196078427
3022,-0.009049773755656132
3023,0.002224736048265452
3024,-0.0004901960784313708
3025,-0.004185520361990991
3026,-0.006787330316742057
3027,-0.0029788838612367363
3028,-0.0013197586726998445
3029,0.008107088989442013
3030,-0.003469079939668107
3031,-0.02454751131221722
3032,0.024472096530920084
3033,-0.009502262443438825
3034,0.005693815987933615
3035,-0.0023755656108597756
3036,0.002337858220211042
3037,-0.000980392156862686
3038,0.015309200603318196
3039,0.014555052790346856
3040,0.014743589743589691
3041,-3.7707390648622496e-05
3042,0.013235294117647012
3043,0.006711915535444923
3044,-0.005995475113122206
3045,-0.0026018099547511775
3046,0.010067873303167385
3047,0.014102564102564052
3048,0.008107088989441902
3049,0.0012443438914025995
3050,0.01101055806938167
3051,-0.016101055806938158
3052,-0.00542986425339359
3053,-0.020663650075414874
3054,0.0010558069381599866
3055,0.017797888386123617
3056,-0.00011312217194570096
3057,-0.0008295625942684737
3058,-0.007051282051282082
3059,-0.008333333333333304
3060,0.00739064856711924
3061,-0.001282051282051222
3062,0.017571644042232215
3063,-0.011463046757164419
3064,-0.014668174962292668
3065,0.011802413273001577
3066,-0.006372549019607876
3067,0.00015082956259426794
3068,-0.011123680241327316
3069,0.00588235294117645
3070,0.007352941176470562
3071,-0.02556561085972847
3072,-0.005015082956259409
3073,0.0018099547511313263
3074,-0.010520361990950189
3075,-0.007466063348416374
3076,0.0002639517345398579
3077,-0.0011312217194570096
3078,0.005467571644042213
3079,0.008031674208144768
3080,0.017420814479637947
3081,-0.008371040723981926
3082,0.00987933634992455
3083,-0.0007164404223227172
3084,0.0015082956259426794
3085,-0.005806938159879371
3086,0.01990950226244348
3087,-0.001093514328808498
3088,0.011576168929110064
3089,-0.0013951734539969785
3090,-0.010746606334841646
3091,0.0062217194570135526
3092,-0.009125188536953155
3093,-0.01764705882352946
3094,-0.00588235294117645
3095,-0.023604826546002988
3096,-0.006108597285067907
3097,0.0036576168929111086
3098,-0.01070889894419308
3099,0.020060331825037747
3100,-0.01783559577677224
3101,0.01451734539969829
3102,-0.008031674208144768
3103,-0.009653092006033148
3104,0.002941176470588336
3105,0.0063725490196079315
3106,-0.001018099547511253
3107,0.023793363499245768
3108,-0.027865761689291058
3109,0.00863499245852195
3110,-0.010030165912518818
3111,0.004864253393665141
3112,0.0034313725490195957
3113,-0.012971342383107098
3114,0.0186274509803922
3115,-0.008634992458521895
3116,0.005806938159879316
3117,-0.012217194570135759
3118,-0.004147812971342368
3119,0.009577677224736125
3120,-0.008295625942684792
3121,-0.0034313725490195957
3122,-0.007428355957767641
3123,-0.00407239819004529
3124,0.01150075414781293
3125,-0.0016214177978883804
3126,0.01063348416289589
3127,-0.01757164404223227
3128,-0.006975867269984892
3129,0.012368024132730082
3130,0.006674208144796356
3131,-0.023303167420814563
3132,-0.01006787330316744
3133,0.006184012066364986
3134,-0.002073906485671184
3135,0.008107088989441902
3136,-0.03563348416289591
3137,-0.013725490196078438
3138,-0.0063348416289592535
3139,-0.00995475113122174
3140,0.008861236802413242
3141,0.0017722473604826483
3142,-0.014819004524886936
3143,0.013951734539969785
3144,-0.002337858220211153
3145,0.019796380090497778
3146,0.0013951734539968674
3147,-0.006825037707390624
3148,-0.008597285067873384
3149,-0.002262443438914019
3150,-0.015271493212669685
3151,0.009690799396681715
3152,-0.02707390648567115
3153,0.019193061840120706
3154,-0.007466063348416263
3155,-0.002149321266968318
3156,0.004826546003016574
3157,-0.003657616892911053
3158,0.0031674208144796268
3159,-0.01006787330316744
3160,0.0003016591251885359
3161,0.003016591251885359
3162,-0.007428355957767752
3163,-0.014969834087481149
3164,0.004034690799396667
3165,0.013536953242835659
3166,-0.02175716440422326
3167,0.002375565610859831
3168,-0.017043740573152333
3169,-0.005429864253393701
3170,-0.0024132730015083426
3171,0.002300150829562586
3172,0.021606334841628994
3173,0.006108597285067852
3174,0.005165912518853677
3175,-0.003054298642533926
3176,-0.0002262443438913464
3177,0.007428355957767696
3178,-0.012254901960784326
3179,0.0065233785822020884
3180,-0.013687782805429871
3181,0.005957767722473584
3182,0.004298642533936636
3183,-0.02202111613876323
3184,-0.019909502262443424
3185,0.005467571644042213
3186,-0.01662895927601804
3187,0.01990950226244348
3188,-0.007880844645550555
3189,0.002790346907993957
3190,-0.0005279034690799933
3191,0.014592760180995534
3192,-0.001168929110105521
3193,0.00463800904977385
3194,0.0079939668174962
3195,-0.0017345399698340258
3196,-0.031108597285067874
3197,0.02515082956259429
3198,0.010067873303167385
3199,-0.005693815987933615
3200,0.015120663650075361
3201,-0.005957767722473584
3202,0.00576923076923086
3203,-0.0003393665158371584
3204,-0.0062217194570135526
3205,0.0003016591251885359
3206,-0.012782805429864263
3207,-0.002073906485671184
3208,-0.006598793363499222
3209,0.009653092006033148
3210,0.007541478129713397
3211,0.004110105580693801
3212,0.012971342383107154
3213,0.008182503770739036
3214,-0.0004901960784313708
3215,-0.0076923076923077205
3216,-0.0051659125188537325
3217,-0.01044494720965311
3218,-0.011463046757164419
3219,0.027978883861236703
3220,-0.0032051282051281937
3221,0.01387631975867265
3222,-0.008295625942684792
3223,0.004185520361990935
3224,-0.012556561085972806
3225,-0.01911764705882346
3226,-0.012179487179487136
3227,0.011463046757164475
3228,-0.00275263951734539
3229,0.007616892911010642
3230,-0.011236802413273073
3231,-0.010105580693816063
3232,-0.006862745098039247
3233,-0.005693815987933615
3234,0.014592760180995534
3235,0.007503770739064941
3236,-0.014969834087481093
3237,0.01414027149321262
3238,-0.005203619909502355
3239,-0.00614630467571653
3240,-0.0234917043740574
3241,0.0016968325791855143
3242,-0.0075791855203620195
3243,0.009539969834087558
3244,-0.008861236802413297
3245,-0.012745098039215697
3246,-0.009766214177978905
3247,0.004487179487179471
3248,-0.004487179487179416
3249,-0.0018853695324283493
3250,0.010482654600301622
3251,-0.016779788838612364
3252,0.0010180995475113086
3253,0.0016214177978883804
3254,-0.00969079939668177
3255,0.0009049773755656076
3256,-0.015799396681749567
3257,-0.00780542986425331
3258,-0.0018099547511312153
3259,-0.006184012066365041
3260,-0.001282051282051333
3261,-0.011840120663650089
3262,-0.008974358974358942
3263,0.00987933634992455
3264,-0.00969079939668166
3265,0.011538461538461497
3266,-0.005015082956259409
3267,0.008559577677224706
3268,-0.007164404223227727
3269,-0.014517345399698345
3270,-0.01481900452488688
3271,-0.014404223227752588
3272,-0.024170437405731493
3273,-0.003846153846153888
3274,-0.01625188536953237
3275,-0.006070889894419285
3276,0.010520361990950189
3277,-0.006787330316742057
3278,-0.013536953242835603
3279,0.00437405731523377
3280,-0.013009049773755665
3281,-0.011123680241327316
3282,-0.022171945701357554
3283,-0.0038084464555052655
3284,0.0013574660633484115
3285,-0.009653092006033148
3286,0.004185520361990935
3287,-0.01282051282051283
3288,0.014856711915535392
3289,-0.0008295625942684182
3290,-0.00018853695324283493
3291,-0.0093137254901961
3292,0.002526395173453988
3293,-0.014027149321266918
3294,0.0038084464555052655
3295,-0.01357466063348417
3296,-0.013914027149321329
3297,-0.002262443438914019
3298,-0.009389140271493235
3299,0.005316742081447945
3300,0.005580693815987914
3301,-0.0031674208144796823
3302,-0.00199849170437405
3303,0.011953242835595845
3304,0.022850678733031593
3305,-0.021417797888386103
3306,-0.00437405731523377
3307,-0.007956259426847634
3308,-0.0030920060331825483
3309,-0.012556561085972917
3310,0.014253393665158431
3311,0.016365007541478183
3312,0.008861236802413242
3313,-0.004487179487179416
3314,0.0009049773755656076
3315,0.010067873303167385
3316,-0.007239819004524917
3317,0.016855203619909442
3318,-0.017119155354449522
3319,-0.01776018099547516
3320,0.002865761689291091
3321,-0.003733031674208187
3322,-0.013989441930618352
3323,0.026583710407239836
3324,0.006184012066365097
3325,0.004600301659125172
3326,-0.023604826546002988
3327,0.0011689291101055765
3328,-0.011048265460030127
3329,-0.004638009049773739
3330,-0.007277526395173539
3331,0.017119155354449522
3332,-0.015610859728506843
3333,-0.006900452488687703
3334,-0.0003016591251885359
3335,0.002828054298642524
3336,0.021681749622926128
3337,0.018702865761689225
3338,-0.018815987933635037
3339,-0.0158748114630467
3340,-0.014894419306184015
3341,-0.00969079939668177
3342,-0.01508295625942685
3343,-0.006372549019607876
3344,0.00938914027149329
3345,-0.00015082956259432345
3346,0.01591251885369538
3347,0.004260935143288069
3348,0.0032428355957768717
3349,0.0036953242835595645
3350,-0.0011312217194570096
3351,-0.0006033182503771273
3352,-0.006070889894419285
3353,-0.00882352941176473
3354,0.0039969834087482115
3355,0.0008295625942684737
3356,0.02013574660633488
3357,-0.007843137254902044
3358,0.002941176470588336
3359,-0.017496229260935192
3360,0.010595776772247323
3361,0.007843137254901933
3362,0.007164404223227727
3363,0.009653092006033148
3364,0.004826546003016574
3365,-0.00018853695324283493
3366,0.011312217194570207
3367,0.004487179487179471
3368,-0.00833333333333336
3369,0.0117647058823529
3370,-0.021304675716440402
3371,-0.004675716440422362
3372,-0.00542986425339359
3373,0.015837104072398245
3374,-0.015233785822021173
3375,0.013838612368024084
3376,-0.00011312217194570096
3377,-0.005806938159879371
3378,-0.004562594268476605
3379,0.018438914027149367
3380,-0.009276018099547478
3381,-0.008257918552036225
3382,0.018929110105580627
3383,-0.00550527903469078
3384,-0.011915535444947167
3385,-0.024849170437405754
3386,0.02952488687782806
3387,0.006975867269984892
3388,0.002488687782805421
3389,-0.012104072398190002
3390,-0.021681749622926072
3391,0.015610859728506843
3392,-0.01006787330316744
3393,0.005052790346907976
3394,0.018476621417797934
3395,-0.004713423831070873
3396,0.0012066365007541435
3397,-0.012028657616892924
3398,-0.0007164404223228282
3399,0.007088989441930704
3400,-0.006184012066365041
3401,0.002564102564102666
3402,-0.006070889894419285
3403,-0.007428355957767641
3404,0.01866515837104077
3405,0.022096530920060364
3406,0.011349924585218663
3407,0.011802413273001577
3408,-0.005429864253393701
3409,-0.01621417797888386
3410,-0.01662895927601804
3411,-0.0037707390648566985
3412,-0.00965309200603326
3413,-0.017835595776772295
3414,-0.004487179487179527
3415,0.018438914027149367
3416,-0.0024132730015083426
3417,-0.0013197586726998445
3418,0.013536953242835659
3419,0.0005279034690799378
3420,-0.006862745098039136
3421,-0.0052413273001508665
3422,0.0016214177978883804
3423,-0.010633484162895834
3424,0.0002639517345398579
3425,-0.004260935143288069
3426,0.002639517345399689
3427,0.010935143288084537
3428,-0.02077677224736052
3429,-0.004034690799396723
3430,-0.005467571644042213
3431,-0.006636500754147789
3432,-0.002714932126696823
3433,-0.01821266968325791
3434,-0.0004524886877827483
3435,-0.0005279034690799933
3436,-0.01006787330316744
3437,0.005693815987933615
3438,-0.010407239819004488
3439,-0.0036953242835595645
3440,-0.022360482654600278
3441,-0.0014328808446455454
3442,0.019343891402714974
3443,0.004147812971342368
3444,-0.007428355957767641
3445,-0.011387631975867285
3446,-0.0062594268476621195
3447,-0.004939668174962275
3448,0.004223227752639502
3449,-0.0024132730015083426
3450,-0.00893665158371032
3451,-0.009426847662141802
3452,-0.0039592760180995334
3453,-0.008748114630467596
3454,-0.004600301659125228
3455,0.01138763197586723
3456,0.0033559577677224617
3457,0.01425339366515832
3458,0.006711915535444923
3459,0.0018099547511313263
3460,-0.0039969834087481
3461,-0.0031297134238310598
3462,0.027564102564102577
3463,0.017948717948717885
3464,0.013310708898944257
3465,0.006033182503770718
3466,0.008182503770739036
3467,-0.004449472096531015
3468,0.01564856711915541
3469,0.009615384615384581
3470,-0.008597285067873273
3471,0.002375565610859831
3472,-0.010218702865761653
3473,-0.007051282051281971
3474,0.019947209653092046
3475,-0.002073906485671295
3476,0.009917043740573228
3477,-0.006749622926093546
3478,0.009200603318250455
3479,0.002526395173453877
3480,-0.014517345399698345
3481,-0.003469079939668218
3482,-0.005844645550527883
3483,-0.006900452488687869
3484,-0.006749622926093546
3485,0.00837104072398187
3486,0.0013951734539969785
3487,-0.010030165912518818
3488,0.02190799396681742
3489,0.017345399698340924
3490,-0.008484162895927627
3491,0.010218702865761653
3492,0.010520361990950189
3493,-0.0065233785822021995
3494,0.005165912518853677
3495,-0.007428355957767752
3496,-0.0078808446455505
3497,0.0036953242835595645
3498,0.0031674208144796268
3499,-0.006033182503770718
3500,0.013574660633484115
3501,-0.007277526395173539
3502,0.006636500754147789
3503,-0.011689291101055821
3504,0.0062594268476621195
3505,-0.0005279034690799933
3506,-0.02164404223227756
3507,-0.013725490196078438
3508,-0.016930618401206576
3509,0.017873303167420862
3510,-0.010218702865761653
3511,0.002714932126696712
3512,-0.014781297134238258
3513,0.012292609351432837
3514,-0.007993966817496145
3515,-0.003921568627451022
3516,0.02877073906485672
3517,-0.013122171945701366
3518,-0.004788838612368063
3519,0.005316742081447945
3520,0.004675716440422306
3521,0.002111613876319751
3522,0.0002639517345398579
3523,0.01753393665158376
3524,0.002714932126696712
3525,0.009841628959275983
3526,-0.003921568627451022
3527,0.012518853695324239
3528,-0.013046757164404288
3529,0.01666666666666672
3530,0.014819004524886825
3531,0.0008295625942683627
3532,-0.0012066365007541435
3533,0.018099547511312264
3534,-0.007993966817496145
3535,0.004147812971342368
3536,-0.014969834087481093
3537,0.01628959276018105
3538,0.005957767722473695
3539,-0.027450980392156932
3540,-0.00011312217194570096
3541,-0.006862745098039247
3542,-0.0019230769230769162
3543,-0.0026018099547510665
3544,-0.005618401206636536
3545,-0.00015082956259432345
3546,-0.003733031674208076
3547,0.008069381598793446
3548,-0.01519607843137255
3549,-0.018401206636500744
3550,0.002903469079939547
3551,0.004977375565610842
3552,-0.009803921568627472
3553,0.007088989441930593
3554,-0.01282051282051283
3555,-0.00927601809954759
3556,-0.009917043740573117
3557,-0.0063348416289592535
3558,-0.0017722473604826483
3559,0.0036576168929109976
3560,-0.003054298642533926
3561,-0.0019607843137254832
3562,-0.00995475113122174
3563,0.02390648567119158
3564,-0.02692307692307694
3565,-0.02138009049773759
3566,0.008446455505279116
3567,0.002450980392156854
3568,0.013122171945701422
3569,-0.0026772247360483115
3570,-0.023793363499245823
3571,-0.015422322775264008
3572,-0.005392156862745079
3573,0.006787330316742057
3574,0.022737556561086003
3575,0.011651583710407198
3576,0.003016591251885359
3577,-0.0027149321266967674
3578,0.0017722473604826483
3579,-0.0034313725490195957
3580,-0.021606334841628938
3581,0.004638009049773739
3582,-0.018552036199094957
3583,0.002262443438914019
3584,-0.00957767722473607
3585,-0.020361990950226228
3586,-0.00855957767722465
3587,-0.005429864253393701
3588,-0.018665158371040713
3589,-0.008559577677224761
3590,-0.011990950226244246
3591,0.00837104072398187
3592,-0.011123680241327316
3593,-3.7707390648511474e-05
3594,-0.016063348416289536
3595,-0.008333333333333304
3596,0.008785822021116219
3597,-0.015384615384615385
3598,0.0015460030165913574
3599,-0.008597285067873273
3600,0.007428355957767696
3601,0.005241327300150811
3602,-0.025188536953242913
3603,0.001960784313725372
3604,-0.02047511312217204
3605,-0.008484162895927627
3606,0.0033936651583710287
3607,-0.011048265460030127
3608,-0.013273001508295579
3609,0.0035067873303168406
3610,0.010331825037707465
3611,0.009728506787330393
3612,0.0117647058823529
3613,-0.019306184012066407
3614,0.012066365007541435
3615,-0.00512820512820511
3616,0.009615384615384581
3617,-0.005241327300150755
3618,-0.007956259426847634
3619,0.009351432880844612
3620,0.017684766214178027
3621,0.011802413273001466
3622,-0.012481146304675783
3623,-0.01772247360482654
3624,-0.023416289592760153
3625,0.009615384615384581
3626,0.008974358974359053
3627,0.005957767722473584
3628,0.002149321266968318
3629,-0.01206636500754149
3630,0.016742081447963852
3631,-0.019268476621417785
3632,-0.013423831070889847
3633,-0.015950226244343946
3634,0.005769230769230749
3635,-0.018363499245852177
3636,-0.007352941176470562
3637,-0.012669683257918507
3638,-0.019343891402714974
3639,0.002488687782805421
3640,-0.009049773755656132
3641,0.01376319758672695
3642,-0.00011312217194570096
3643,-0.006862745098039136
3644,-0.012971342383107043
3645,0.004223227752639502
3646,0.008182503770739036
3647,-0.009766214177978905
3648,0.0004524886877828038
3649,-0.02209653092006031
3650,-0.02895927601809961
3651,-0.001470588235294168
3652,-0.007730015082956232
3653,-0.0032428355957767607
3654,0.002714932126696712
3655,-0.006674208144796412
3656,-0.006825037707390624
3657,-0.005467571644042213
3658,0.0013574660633484115
3659,-0.00041478129713429235
3660,0.0036953242835595645
3661,0.002790346907993957
3662,-0.007767722473604799
3663,0.0008295625942684737
3664,0.016930618401206687
3665,0.007654600301659098
3666,0.002639517345399689
3667,-0.0039592760180995334
3668,-0.026395173453997
3669,0.0002262443438914019
3670,0.014555052790346856
3671,0.0012820512820512775
3672,-0.016704374057315285
3673,0.004562594268476716
3674,-0.008521870286576139
3675,0.005392156862745079
3676,0.010105580693816063
3677,-0.009276018099547478
3678,0.01338612368024128
3679,0.002903469079939658
3680,-0.006033182503770718
3681,0.015346907993966763
3682,-0.005957767722473584
3683,-0.008408748114630438
3684,0.007428355957767696
3685,0.0039969834087482115
3686,-0.013009049773755665
3687,-0.019720965309200644
3688,-0.004374057315233826
3689,0.00837104072398187
3690,0.007730015082956232
3691,-0.0062594268476621195
3692,0.0040346907993967784
3693,0.0062594268476622306
3694,0.009653092006033148
3695,-0.007352941176470562
3696,0.0011689291101055765
3697,-0.0010558069381598756
3698,-0.0007164404223228282
3699,0.013951734539969785
3700,0.01165158371040731
3701,-0.013725490196078438
3702,0.013310708898944146
3703,-0.009502262443438936
3704,0.01791101055806943
3705,0.014102564102564163
3706,-0.013536953242835603
3707,0.01689291101055812
3708,0.0064479638009050655
3709,0.008107088989441902
3710,-0.007390648567119185
3711,0.007239819004524861
3712,0.010030165912518818
3713,-0.003846153846153888
3714,0.01538461538461533
3715,0.008333333333333304
3716,-0.00237556561085972
3717,0.01025641025641022
3718,-0.02752639517345401
3719,-0.01738310708898938
3720,-0.0117647058823529
3721,0.0031674208144796268
3722,0.009351432880844612
3723,-0.008597285067873384
3724,0.013687782805429927
3725,0.01704374057315239
3726,-0.01726998491704379
3727,-0.0005656108597285048
3728,0.007013574660633459
3729,0.002639517345399689
3730,-0.040912518853695345
3731,-0.002941176470588225
3732,0.008710407239818974
3733,0.016440422322775206
3734,-0.0012066365007541435
3735,0.01101055806938167
3736,-0.004826546003016574
3737,0.002639517345399689
3738,-0.015686274509803866
3739,0.0013197586726998445
3740,0.0035067873303168406
3741,-0.00015082956259432345
3742,0.0006787330316742057
3743,-0.001093514328808387
3744,0.010822021116138836
3745,0.006711915535444923
3746,-0.00882352941176473
3747,-0.006598793363499222
3748,-0.035294117647058865
3749,-0.006711915535444923
3750,-0.002828054298642524
3751,-0.010030165912518818
3752,-0.010671191553544568
3753,0.011613876319758631
3754,-0.005580693815987914
3755,0.012066365007541435
3756,0.0018853695324283493
3757,-0.01734539969834087
3758,0.006787330316742057
3759,-0.00331825037707395
3760,0.012858220211161453
3761,0.0012443438914027105
3762,0.002564102564102555
3763,-0.010482654600301622
3764,-0.003544494720965352
3765,-0.004675716440422251
3766,-0.002262443438914019
3767,0.008182503770739036
3768,-0.016666666666666663
3769,-0.01519607843137255
3770,-0.005354449472096456
3771,0.004524886877828038
3772,-0.0010180995475113086
3773,-0.016553544494721018
3774,0.002714932126696712
3775,-0.004788838612368063
3776,0.0008672699849170407
3777,0.00874811463046754
3778,-0.005656108597285048
3779,-0.0017722473604826483
3780,0.017986425339366452
3781,-0.004675716440422362
3782,-0.009125188536953266
3783,0.0012066365007541435
3784,-0.002639517345399689
3785,-0.006975867269984892
3786,0.005656108597285048
3787,-0.015233785822021173
3788,0.0018099547511312153
3789,0.0017345399698340813
3790,0.005090497737556543
3791,0.020927601809954788
3792,-0.0003016591251885359
3793,0.005580693815987914
3794,-0.0016214177978884359
3795,-0.007315233785821995
3796,-0.006975867269984892
3797,-0.0018099547511312153
3798,-0.004600301659125283
3799,0.00437405731523377
3800,0.0012066365007540325
3801,0.00199849170437405
3802,-0.02285067873303165
3803,0.02601809954751133
3804,0.012707390648567185
3805,0.007466063348416263
3806,-0.00407239819004529
3807,-0.0026018099547511775
3808,-0.00475113122171944
3809,0.010558069381598756
3810,-0.00033936651583704736
3811,-0.016817496229260875
3812,-0.011877828054298656
3813,0.01138763197586734
3814,0.013348416289592824
3815,-0.025716440422322795
3816,-0.02251131221719449
3817,0.025301659125188558
3818,0.011425339366515908
3819,-0.011274509803921529
3820,0.02364253393665161
3821,-0.01070889894419308
3822,-0.014781297134238258
3823,0.010218702865761764
3824,0.012556561085972806
3825,-0.019117647058823573
3826,0.013499245852187092
3827,-0.008295625942684792
3828,-0.002714932126696823
3829,-0.00015082956259432345
3830,-0.011236802413272962
3831,-0.010030165912518818
3832,-0.005656108597285048
3833,-0.006975867269984892
3834,-0.020475113122171817
3835,-0.004826546003016685
3836,-0.012933634992458531
3837,-0.005957767722473695
3838,-0.0005279034690799933
3839,-0.005693815987933615
3840,-0.0039592760180995334
3841,-0.005995475113122206
3842,0.0062594268476621195
3843,-0.00475113122171944
3844,0.004260935143288069
3845,-0.004336349924585203
3846,-0.008182503770739091
3847,0.011726998491704332
3848,0.017571644042232215
3849,0.0038084464555052655
3850,-0.005844645550527883
3851,-0.003506787330316785
3852,0.004675716440422306
3853,0.036726998491704355
3854,-0.005731523378582126
3855,0.004336349924585203
3856,-0.006297134238310631
3857,-0.0017722473604826483
3858,-0.0007918552036198512
3859,0.002337858220211264
3860,-0.008521870286576139
3861,0.005656108597285048
3862,0.0009426847662141746
3863,-0.0009049773755656632
3864,0.007352941176470562
3865,-0.013084464555052744
3866,0.0063348416289592535
3867,-0.002073906485671184
3868,-0.004034690799396612
3869,0.0015460030165912464
3870,-0.009125188536953155
3871,0.014253393665158431
3872,0.0019230769230769162
3873,0.005015082956259409
3874,-0.004826546003016574
3875,0.00237556561085972
3876,-0.009162895927601777
3877,-0.00275263951734539
3878,-0.004147812971342368
3879,-0.015346907993966818
3880,0.0002639517345398579
3881,0.015535444947209598
3882,0.0006410256410256387
3883,-0.0031297134238311153
3884,-0.0006410256410256387
3885,-0.008634992458521895
3886,0.014743589743589802
3887,-0.012254901960784326
3888,0.024095022624434415
3889,-0.0029034690799396023
3890,-0.007352941176470562
3891,-0.005957767722473584
3892,0.0014328808446455454
3893,-0.010784313725490269
3894,-0.009803921568627472
3895,0.009087481146304643
3896,0.0062971342383106865
3897,0.0037707390648566985
3898,-0.018966817496229305
3899,-0.01282051282051283
3900,0.002187028657616885
3901,0.014102564102564163
3902,0.018589743589743524
3903,-0.0076168929110105865
3904,0.009992458521870251
3905,-0.011538461538461497
3906,-0.0076923076923077205
3907,-0.020324283559577716
3908,0.0032805429864252167
3909,0.005165912518853677
3910,-0.0038084464555052655
3911,0.014177978883861186
3912,0.0008672699849170407
3913,0.007730015082956232
3914,0.008484162895927572
3915,-0.012217194570135759
3916,-0.0027903469079939014
3917,0.00015082956259426794
3918,0.00041478129713423684
3919,0.008597285067873384
3920,-0.016666666666666663
3921,0.004487179487179471
3922,0.002036199095022617
3923,0.0005279034690799378
3924,-0.009653092006033148
3925,0.0037707390648566985
3926,-0.011236802413272962
3927,0.012669683257918507
3928,0.0012820512820512775
3929,-0.0022247360482655076
3930,0.018438914027149256
3931,-0.0020361990950225617
3932,-0.024358974358974328
3933,-0.008295625942684792
3934,0.01014328808446463
3935,-0.0006410256410255832
3936,0.005090497737556543
3937,0.020211161387631904
3938,0.028808446455505288
3939,-0.003054298642533926
3940,-0.0062594268476621195
3941,0.002941176470588336
3942,0.002865761689291091
3943,-0.002639517345399689
3944,-0.003657616892911053
3945,-0.011425339366515908
3946,-0.0052413273001508665
3947,-0.007126696832579216
3948,-0.0004524886877827483
3949,-0.00750377073906483
3950,-0.016817496229260875
3951,0.009238310708898911
3952,0.002262443438914019
3953,0.004449472096530904
3954,0.002111613876319751
3955,-0.0003393665158371584
3956,-0.0051659125188536215
3957,-0.019570135746606376
3958,-0.0007164404223228282
3959,-0.011840120663650089
3960,-0.0007164404223228282
3961,0.005090497737556543
3962,0.004638009049773739
3963,-0.0075037707390648856
3964,-0.00806938159879339
3965,-0.0031297134238311153
3966,0.010180995475113086
3967,0.0038838612368025105
3968,0.02515082956259429
3969,0.008484162895927572
3970,-0.007767722473604799
3971,-0.004072398190045234
3972,-0.010105580693815952
3973,0.01813725490196072
3974,-0.017496229260935192
3975,-0.005467571644042213
3976,0.015837104072398245
3977,-0.018363499245852122
3978,-0.005995475113122206
3979,0.0007164404223227727
3980,0.004185520361990935
3981,-0.014668174962292668
3982,0.00863499245852195
3983,0.0018476621417797823
3984,0.004524886877828038
3985,-0.00550527903469078
3986,-0.013122171945701422
3987,0.00976621417797896
3988,0.016478129713423773
3989,-0.006372549019607876
3990,0.00863499245852195
3991,0.0012820512820512775
3992,-0.008295625942684792
3993,-0.0010180995475113086
3994,-0.01915535444947214
3995,0.0032428355957767607
3996,-0.004487179487179527
3997,0.007202111613876294
3998,-0.0003016591251885914
3999,-0.0027903469079940124
4000,-0.02503770739064859
4001,0.002149321266968207
4002,-0.009238310708898967
4003,0.00874811463046754
4004,-0.001546003016591302
4005,0.0039215686274509665
4006,-0.009351432880844612
4007,0.016704374057315285
4008,0.021983408748114663
4009,0.0064102564102563875
4010,0.003016591251885359
4011,0.0006410256410256387
4012,0.01402714932126703
4013,0.0006787330316743168
4014,-0.014479638009049833
4015,0.0038838612368025105
4016,0.012933634992458587
4017,0.023076923076923106
4018,-0.00550527903469078
4019,0.006636500754147789
4020,0.0005656108597285048
4021,-0.00893665158371032
4022,-0.012933634992458587
4023,-0.009841628959275983
4024,0.002978883861236792
4025,-0.021983408748114608
4026,0.013536953242835659
4027,0.012858220211161342
4028,-0.006975867269984892
4029,-0.0018853695324283493
4030,0.021983408748114663
4031,-0.00844645550527906
4032,-0.018137254901960775
4033,0.01715686274509809
4034,0.010331825037707465
4035,-0.014743589743589691
4036,-0.00437405731523377
4037,-0.0001885369532427239
4038,0.007579185520361964
4039,0.002488687782805421
4040,0.012745098039215641
4041,-0.03453996983408747
4042,0.004524886877828038
4043,-0.013876319758672762
4044,-0.00844645550527906
4045,0.01591251885369538
4046,-0.003054298642533926
4047,0.013536953242835659
4048,-0.0036199095022624306
4049,-0.009049773755656132
4050,-0.007315233785822051
4051,0.003129713423831171
4052,0.006900452488687758
4053,0.0038084464555052655
4054,0.0062971342383106865
4055,-0.00437405731523377
4056,-0.009992458521870307
4057,0.00912518853695321
4058,0.011953242835595734
4059,0.012179487179487247
4060,-0.002639517345399689
4061,0.015082956259426794
4062,-0.004298642533936692
4063,-0.002714932126696823
4064,0.01225490196078427
4065,0.0062217194570135526
4066,-0.01572398190045249
4067,-0.004487179487179527
4068,-0.0033936651583710287
4069,0.002564102564102666
4070,-0.0051659125188536215
4071,0.004788838612368007
4072,0.004600301659125172
4073,0.002187028657616996
4074,-0.010520361990950244
4075,-0.014592760180995479
4076,-0.006825037707390624
4077,-0.005316742081447945
4078,0.00015082956259426794
4079,0.0012066365007541435
4080,-0.004260935143288069
4081,-0.008974358974358942
4082,0.009539969834087558
4083,0.01711915535444941
4084,-0.004562594268476661
4085,0.0002639517345398579
4086,0.017458521870286625
4087,0.006636500754147789
4088,-0.009351432880844612
4089,-0.0008295625942684182
4090,-0.021681749622926072
4091,-0.007843137254901933
4092,-0.020286576168929094
4093,-0.00588235294117645
4094,0.003129713423831171
4095,-0.002488687782805421
4096,-0.00475113122171944
4097,-0.0209653092006033
4098,0.0345022624434389
4099,-0.03446455505279039
4100,0.012858220211161342
4101,-0.01813725490196083
4102,0.004487179487179471
4103,0.0016214177978882693
4104,0.010671191553544568
4105,0.007503770739064941
4106,0.0063348416289592535
4107,0.01711915535444941
4108,0.01240573152337865
4109,0.0013951734539969785
4110,0.013725490196078494
4111,-0.012858220211161342
4112,-0.01346153846153847
4113,0.0006410256410255277
4114,-0.013650075414781304
4115,-0.010746606334841646
4116,0.011425339366515908
4117,0.0033936651583710287
4118,-0.004034690799396612
4119,0.015799396681749678
4120,0.002262443438914019
4121,0.014102564102564163
4122,0.00463800904977385
4123,-0.023529411764705854
4124,-0.010369532428355976
4125,-0.00033936651583704736
4126,0.003054298642533926
4127,-0.009954751131221684
4128,-0.0032805429864253832
4129,-0.010972850678732993
4130,0.0009049773755656076
4131,-0.010294117647058898
4132,-0.003054298642533926
4133,0.01726998491704379
4134,-0.004638009049773739
4135,0.011425339366515797
4136,-0.009917043740573228
4137,-0.021945701357466096
4138,-0.0015460030165911909
4139,-0.02213423831070882
4140,-0.018212669683257965
4141,-0.005580693815988025
4142,0.023378582202111753
4143,-0.013084464555052744
4144,-0.005995475113122206
4145,0.012179487179487136
4146,0.009313725490196045
4147,-0.010482654600301622
4148,0.002488687782805532
4149,-0.01082202111613867
4150,-0.016515837104072395
4151,-0.004826546003016685
4152,-0.02058823529411763
4153,0.002111613876319751
4154,0.004185520361990935
4155,-0.004901960784313708
4156,-0.004034690799396612
4157,-0.008182503770739091
4158,-0.01662895927601815
4159,0.007541478129713397
4160,-0.007390648567119129
4161,-0.02865761689291102
4162,-0.012368024132729971
4163,-0.0013951734539969785
4164,0.011726998491704332
4165,-0.0015460030165911909
4166,-0.0007164404223227172
4167,0.017684766214177916
4168,0.00475113122171944
4169,0.005203619909502244
4170,-0.017647058823529405
4171,0.01349924585218698
4172,-0.002677224736048256
4173,0.014479638009049833
4174,0.006711915535445034
4175,-0.015422322775264008
4176,0.005844645550527883
4177,0.006711915535444923
4178,-0.012368024132730082
4179,0.0007918552036199067
4180,0.00033936651583710287
4181,-0.00901206636500751
4182,-0.010595776772247323
4183,-0.010595776772247323
4184,0.015346907993966874
4185,-0.02541478129713426
4186,0.0031674208144796268
4187,-0.009464555052790313
4188,0.030316742081447967
4189,-0.007956259426847634
4190,-0.00018853695324283493
4191,0.0032428355957767607
4192,0.009426847662141746
4193,0.00426093514328818
4194,0.0015082956259426794
4195,0.0007541478129713397
4196,0.020588235294117574
4197,-0.015120663650075361
4198,-0.0039969834087481
4199,-0.017420814479637947
4200,0.0007541478129713397
4201,0.008069381598793335
4202,0.007013574660633459
4203,-0.0017345399698340258
4204,-0.015309200603318196
4205,0.0002262443438914019
4206,-0.0005279034690799933
4207,-0.01757164404223227
4208,0.01014328808446463
4209,0.004977375565610842
4210,0.002111613876319751
4211,0.0033182503770738947
4212,-0.005354449472096567
4213,0.007202111613876405
4214,0.00837104072398187
4215,0.004449472096530904
4216,0.0009803921568627416
4217,0.009954751131221795
4218,-0.008898944193061809
4219,-0.012745098039215697
4220,-0.013122171945701366
4221,-0.017156862745098034
4222,0.009577677224736014
4223,0.004449472096530904
4224,0.011802413273001466
4225,0.011236802413273073
4226,0.01251885369532435
4227,-0.004939668174962275
4228,0.0009803921568627416
4229,-0.006825037707390624
4230,0.0062594268476621195
4231,0.00475113122171944
4232,-0.015648567119155354
4233,-0.019570135746606376
4234,-0.00539215686274519
4235,0.007390648567119129
4236,-0.0018476621417798378
4237,0.0016968325791855143
4238,0.0010558069381597646
4239,-0.02322775263951732
4240,0.008861236802413242
4241,0.020965309200603244
4242,0.0035444947209652966
4243,-0.021832579185520395
4244,-0.012933634992458531
4245,0.0018853695324283493
4246,-0.0002639517345400799
4247,7.541478129702295e-05
4248,-0.0170814479638009
4249,0.005429864253393646
4250,-0.019419306184012053
4251,-0.010935143288084481
4252,0.026357466063348434
4253,-0.0015082956259426794
4254,0.005806938159879316
4255,-0.004562594268476605
4256,-0.01711915535444941
4257,0.013159879336349989
4258,0.023793363499245768
4259,-0.0022247360482655076
4260,-0.013725490196078438
4261,0.005731523378582182
4262,0.00550527903469078
4263,-0.029939668174962353
4264,0.005693815987933615
4265,-0.013725490196078383
4266,0.0004524886877828038
4267,-0.00806938159879339
4268,-0.009615384615384637
4269,-0.011500754147812986
4270,-0.016327300150829616
4271,0.022850678733031593
4272,0.011048265460030127
4273,0.00475113122171944
4274,0.0015460030165912464
4275,-0.0005279034690799933
4276,0.005316742081447945
4277,-0.001168929110105521
4278,-0.007918552036199122
4279,0.00037707390648566985
4280,0.00437405731523377
4281,-0.012971342383107043
4282,0.0079939668174962
4283,-0.008936651583710431
4284,0.011613876319758631
4285,-0.0002262443438913464
4286,0.023453996983408776
4287,-0.011764705882353066
4288,0.013800904977375517
4289,0.0013951734539969785
4290,0.010859728506787292
4291,0.02413273001508298
4292,0.0033936651583710287
4293,-0.01738310708898938
4294,0.011613876319758631
4295,-0.0006410256410255832
4296,0.0003016591251885359
4297,-0.002300150829562586
4298,0.0032428355957767607
4299,-0.0006033182503770163
4300,-0.008295625942684792
4301,-0.010784313725490158
4302,-0.011387631975867285
4303,0.0037330316742081315
4304,0.0007164404223227727
4305,0.012745098039215641
4306,0.006674208144796356
4307,0.017081447963800844
4308,-0.005316742081447945
4309,0.0010935143288084426
4310,-0.001282051282051222
4311,-0.004298642533936692
4312,-0.008295625942684792
4313,0.018099547511312264
4314,-0.006975867269984892
4315,0.02126696832579189
4316,-0.008559577677224761
4317,0.0030920060331823818
4318,-0.012594268476621429
4319,-0.008295625942684792
4320,-0.009841628959275983
4321,0.015573152337858165
4322,0.011425339366515797
4323,-0.010482654600301733
4324,0.002865761689291091
4325,-0.005920060331825072
4326,0.004638009049773628
4327,0.00037707390648566985
4328,0.006636500754147789
4329,0.015610859728506732
4330,0.0031674208144796268
4331,0.002601809954751122
4332,-0.008371040723981926
4333,0.007579185520361964
4334,-0.007051282051281971
4335,-0.01206636500754149
4336,0.002262443438914019
4337,-0.00674962292609349
4338,0.0006787330316742057
4339,0.01138763197586734
4340,0.013461538461538525
4341,0.00912518853695321
4342,-0.004411764705882282
4343,-0.0018476621417798378
4344,-0.0032051282051281937
4345,0.008408748114630549
4346,0.00018853695324283493
4347,0.014027149321266918
4348,-0.026508295625942646
4349,0.019607843137254943
4350,0.01926847662141784
4351,-0.030731523378582204
4352,0.0014328808446455454
4353,-0.020399698340874794
4354,-0.007352941176470562
4355,0.0012066365007541435
4356,0.0033182503770738947
4357,-0.016817496229260875
4358,0.008898944193061809
4359,-0.008408748114630549
4360,-0.005090497737556543
4361,0.002073906485671184
4362,0.01975867269984921
4363,-0.00618401206636493
4364,-0.001282051282051222
4365,0.005957767722473584
4366,0.0006787330316742057
4367,-0.020361990950226228
4368,0.0016968325791855143
4369,0.013914027149321329
4370,0.020814479638009087
4371,-0.008785822021116108
4372,-0.015384615384615441
4373,-0.01033182503770741
4374,0.0018476621417797823
4375,-0.0019230769230769162
4376,-0.003016591251885359
4377,-0.011010558069381615
4378,-0.001206636500754088
4379,-0.024208144796380004
4380,-0.0013197586726998445
4381,0.012707390648567185
4382,-0.01794871794871794
4383,-0.008295625942684792
4384,-0.013009049773755665
4385,0.010935143288084426
4386,-0.0015082956259426794
4387,0.01138763197586723
4388,-0.009426847662141802
4389,0.008521870286576139
4390,0.01738310708898938
4391,0.006862745098039191
4392,-0.016176470588235348
4393,0.010369532428355921
4394,-0.019947209653092046
4395,-0.013009049773755665
4396,0.01338612368024128
4397,-0.007126696832579216
4398,-0.011123680241327316
4399,0.007390648567119129
4400,0.005279034690799378
4401,0.0030920060331823818
4402,-0.007654600301659098
4403,0.007164404223227727
4404,0.007880844645550611
4405,-0.009464555052790313
4406,-0.0130844645550528
4407,0.013461538461538414
4408,0.015082956259426794
4409,-0.0027526395173454454
4410,-0.0019607843137254277
4411,0.012179487179487247
4412,-0.010520361990950244
4413,0.0009803921568627416
4414,-0.0075791855203620195
4415,-0.004298642533936692
4416,-0.011349924585218663
4417,-0.02243589743589741
4418,0.005580693815987914
4419,-0.001470588235294168
4420,-0.0005656108597285048
4421,0.002187028657616996
4422,0.015082956259426794
4423,0.005957767722473695
4424,-0.006825037707390624
4425,0.01025641025641022
4426,-0.0009426847662141746
4427,0.00033936651583710287
4428,0.004788838612368007
4429,-0.010972850678732993
4430,0.005090497737556543
4431,0.00837104072398187
4432,-0.0025263951734539325
4433,-0.014743589743589691
4434,-0.0009049773755656632
4435,0.003054298642533926
4436,-0.006184012066365041
4437,0.0013951734539968674
4438,0.008446455505279116
4439,-0.008898944193061809
4440,-0.0029034690799396023
4441,-0.013800904977375517
4442,0.00437405731523377
4443,0.01625188536953237
4444,0.0014328808446455454
4445,-0.00018853695324283493
4446,0.007466063348416263
4447,0.015120663650075361
4448,-0.0251885369532428
4449,0.007503770739064941
4450,0.0064479638009049545
4451,-0.01858974358974358
4452,0.0006410256410256387
4453,-0.0063348416289592535
4454,0.002903469079939658
4455,0.007428355957767696
4456,-0.005731523378582126
4457,0.013838612368024195
4458,0.01074660633484159
4459,-0.022586726998491735
4460,-0.008785822021116108
4461,-0.0018099547511312708
4462,-0.010369532428355976
4463,0.004562594268476605
4464,0.014555052790346967
4465,0.008484162895927572
4466,0.02952488687782806
4467,0.01738310708898949
4468,-0.03246606334841623
4469,-0.005769230769230749
4470,0.002978883861236792
4471,-0.0004901960784314263
4472,0.0014705882352941124
4473,-0.016365007541478183
4474,-0.0035822021116138636
4475,0.0006033182503770718
4476,-0.014592760180995423
4477,-0.0008295625942684737
4478,0.007616892911010531
4479,0.010294117647058787
4480,-0.0027149321266967674
4481,-0.018589743589743635
4482,0.011990950226244412
4483,-0.011161387631975828
4484,-0.004298642533936692
4485,-0.010558069381598811
4486,-0.00475113122171944
4487,-0.007843137254902044
4488,0.008446455505279116
4489,-0.0018099547511312153
4490,0.0004524886877826928
4491,0.002601809954751122
4492,-0.011463046757164419
4493,0.0038084464555052655
4494,-0.006975867269984892
4495,0.013989441930618352
4496,0.0033559577677224617
4497,-0.02164404223227756
4498,-0.009879336349924495
4499,-0.00614630467571653
4500,0.008898944193061809
4501,-0.0018853695324283493
4502,0.013914027149321329
4503,0.002337858220211153
4504,0.01225490196078427
4505,0.021719457013574583
4506,-0.016666666666666663
4507,-0.0009426847662141746
4508,0.0015460030165913574
4509,-0.001282051282051333
4510,0.017420814479637947
4511,-0.004562594268476605
4512,-0.0026018099547511775
4513,-0.020625942684766252
4514,-0.015799396681749678
4515,-0.002903469079939658
4516,0.004411764705882337
4517,-0.019343891402714974
4518,0.0009426847662141746
4519,0.002601809954751122
4520,0.016214177978883804
4521,-0.01900452488687787
4522,0.005957767722473584
4523,0.016591251885369585
4524,0.010369532428355921
4525,-0.002111613876319751
4526,0.0063725490196079315
4527,0.020098039215686314
4528,0.010558069381598756
4529,-0.002488687782805421
4530,-0.022398190045248845
4531,0.004298642533936636
4532,-0.0036953242835595645
4533,-0.011236802413272962
4534,-0.01270739064856713
4535,0.004034690799396667
4536,0.015573152337858165
4537,0.009276018099547478
4538,0.024095022624434415
4539,0.0031297134238310598
4540,-0.020399698340874794
4541,0.024736048265460053
4542,-0.016138763197586725
4543,0.0007164404223227727
4544,0.013046757164404177
4545,-0.0019607843137254277
4546,-0.0093137254901961
4547,0.006787330316742057
4548,0.007013574660633459
4549,-0.0007541478129713397
4550,3.7707390648566985e-05
4551,0.010294117647058898
4552,-0.023717948717948745
4553,0.002375565610859831
4554,0.007730015082956232
4555,-0.017986425339366507
4556,0.010444947209653055
4557,-0.005429864253393701
4558,0.017420814479637947
4559,0.021606334841628994
4560,-0.007541478129713397
4561,0.01451734539969829
4562,0.015535444947209709
4563,0.007088989441930704
4564,-0.006485671191553466
4565,0.002978883861236792
4566,0.011613876319758631
4567,0.004072398190045234
4568,-0.004826546003016685
4569,-0.011199095022624339
4570,0.010972850678732993
4571,0.004449472096531015
4572,0.0018476621417797823
4573,0.006975867269984892
4574,0.01576168929110111
4575,-0.011689291101055821
4576,-0.019947209653092046
4577,-0.0002262443438913464
4578,-0.02198340874811472
4579,-0.016704374057315285
4580,0.01112368024132726
4581,0.010482654600301622
4582,-0.010558069381598811
4583,0.011463046757164475
4584,0.0012443438914027105
4585,0.01613876319758667
4586,-0.018702865761689336
4587,0.013687782805429816
4588,0.015309200603318196
4589,0.016327300150829505
4590,-0.009389140271493235
4591,-0.004336349924585203
4592,-0.010595776772247323
4593,-0.011161387631975828
4594,-0.011651583710407254
4595,-0.024962292609351344
4596,0.00011312217194570096
4597,0.0018099547511313263
4598,0.002639517345399689
4599,-0.011274509803921584
4600,0.00614630467571653
4601,0.002111613876319862
4602,-0.0012443438914027105
4603,0.007202111613876294
4604,-0.013687782805429927
4605,-0.008974358974358942
4606,0.00033936651583710287
4607,0.021191553544494646
4608,0.002978883861236792
4609,0.015346907993966874
4610,0.0008295625942684737
4611,0.014969834087481093
4612,-0.007956259426847634
4613,0.021380090497737703
4614,-0.007013574660633459
4615,-0.008898944193061864
4616,-0.01659125188536953
4617,0.011613876319758631
4618,0.012104072398190002
4619,0.01376319758672695
4620,-0.008672699849170462
4621,0.029562594268476627
4622,-0.0021493212669682626
4623,0.01112368024132726
4624,0.016742081447963852
4625,0.008861236802413242
4626,0.0011689291101055765
4627,0.005957767722473584
4628,-0.0017345399698340258
4629,-0.004675716440422251
4630,0.02779034690799398
4631,-0.001357466063348356
4632,0.0195324283559577
4633,-0.004110105580693857
4634,-0.0022247360482655076
4635,0.013989441930618352
4636,-0.006674208144796301
4637,-0.009351432880844723
4638,0.010105580693816063
4639,0.0036576168929109976
4640,0.014366515837104132
4641,0.00033936651583710287
4642,0.0013951734539968674
4643,-0.0035822021116138636
4644,0.0063725490196079315
4645,-0.02202111613876323
4646,-0.03280542986425339
4647,-0.005542986425339291
4648,-0.019947209653092046
4649,0.013197586726998445
4650,0.01953242835595781
4651,-0.009728506787330227
4652,0.007466063348416263
4653,0.0063348416289592535
4654,0.0004524886877826928
4655,0.002224736048265452
4656,0.021945701357465985
4657,0.007730015082956232
4658,-0.0024132730015083426
4659,-0.026621417797888347
4660,0.005920060331825017
4661,0.00901206636500762
4662,-0.004939668174962275
4663,0.0015082956259426794
4664,0.023076923076923106
4665,-0.006787330316742057
4666,-0.021191553544494646
4667,-0.013499245852187036
4668,-0.001357466063348356
4669,-0.00199849170437405
4670,0.011915535444947167
4671,0.011048265460030016
4672,0.008521870286576139
4673,-0.016930618401206687
4674,0.012481146304675672
4675,-0.002262443438914019
4676,-0.02601809954751133
4677,-0.0064102564102563875
4678,0.007126696832579271
4679,-0.004562594268476605
4680,0.013800904977375517
4681,-0.02171945701357464
4682,0.004713423831070873
4683,0.0037707390648566985
4684,-0.01745852187028657
4685,0.00237556561085972
4686,-0.008634992458521895
4687,0.013461538461538525
4688,0.0062971342383106865
4689,-0.03144796380090503
4690,-0.016365007541478183
4691,-0.010746606334841646
4692,0.0
4693,-0.011161387631975828
4694,0.007692307692307776
4695,-0.00030165912518842486
4696,0.0015460030165912464
4697,0.014064856711915485
4698,-0.0029788838612368473
4699,0.005203619909502355
4700,0.01591251885369538
4701,0.02352941176470591
4702,-0.023114630467571617
4703,0.012556561085972917
4704,-0.008031674208144879
4705,0.013461538461538525
4706,0.01666666666666672
4707,0.005920060331825017
4708,0.004336349924585203
4709,0.007918552036199067
4710,-0.005279034690799378
4711,-0.004449472096530904
4712,0.009539969834087558
4713,-0.01757164404223227
4714,0.0
4715,0.007843137254901933
4716,-0.007088989441930704
4717,-0.008144796380090469
4718,0.010482654600301622
4719,-0.01745852187028657
4720,-0.012745098039215752
4721,0.019457013574660564
4722,0.002450980392156965
4723,-0.006636500754147789
4724,-0.010369532428355976
4725,0.002450980392156854
4726,-0.017797888386123617
4727,-0.007880844645550555
4728,0.011199095022624395
4729,-0.012895927601809964
4730,-0.01357466063348417
4731,0.015686274509803977
4732,-0.0031297134238310598
4733,-0.005316742081447945
4734,-0.01572398190045249
4735,-0.02138009049773748
4736,0.00015082956259426794
4737,-0.021530920060331804
4738,-0.004826546003016574
4739,0.008333333333333304
4740,-0.0006033182503770163
4741,-0.005769230769230749
4742,-0.00969079939668166
4743,0.009539969834087558
4744,0.007126696832579271
4745,-0.0003016591251885914
4746,0.02213423831070882
4747,-0.0008295625942684737
4748,0.007164404223227727
4749,0.0037330316742081315
4750,-0.01764705882352946
4751,0.02428355957767725
4752,0.004600301659125172
4753,0.008408748114630438
4754,-0.01832579185520361
4755,-0.015874811463046812
4756,-0.017119155354449522
4757,-0.0033936651583710287
4758,-0.017684766214178027
4759,0.006711915535445034
4760,0.008672699849170407
4761,0.03178733031674219
4762,-0.006711915535444923
4763,0.005052790346907976
4764,0.015271493212669629
4765,0.010294117647058787
4766,0.006711915535445034
4767,-0.012368024132729971
4768,0.007466063348416263
4769,0.015723981900452433
4770,-0.019720965309200478
4771,-0.008559577677224761
4772,0.013423831070889847
4773,0.02315233785822013
4774,-0.008333333333333304
4775,-0.009992458521870307
4776,0.010369532428355921
4777,-0.010520361990950244
4778,0.011689291101055765
4779,-0.008484162895927627
4780,0.0010935143288084426
4781,-0.008672699849170462
4782,-0.014743589743589691
4783,-0.004147812971342368
4784,0.02450980392156865
4785,0.01263197586726994
4786,-0.011613876319758631
4787,-0.0018476621417798378
4788,0.018099547511312264
4789,0.00837104072398187
4790,-0.009351432880844612
4791,-0.0009049773755656632
4792,0.007390648567119129
4793,-0.03812217194570133
4794,-0.001168929110105521
4795,-0.003016591251885359
4796,0.0012443438914027105
4797,0.008144796380090469
4798,-0.011312217194570151
4799,0.01666666666666672
4800,0.0037707390648566985
4801,-0.0049773755656108976
4802,-0.010520361990950189
4803,0.008220211161387714
4804,-0.011425339366515797
4805,-0.0021493212669682626
4806,-0.018174962292609287
4807,0.005957767722473584
4808,0.0009803921568627416
4809,-0.010369532428355976
4810,0.0105203619909503
4811,0.00863499245852195
4812,-0.015158371040723984
4813,0.00041478129713423684
4814,0.0014705882352941124
4815,-0.005806938159879371
4816,-0.0016591251885370029
4817,-0.02288838612368016
4818,-0.013800904977375517
4819,0.005165912518853677
4820,0.0014705882352941124
4821,0.013612368024132682
4822,-0.011576168929110064
4823,-0.021794871794871773
4824,0.016666666666666607
4825,-0.0017722473604826483
4826,-0.0035822021116138636
4827,0.0038084464555053765
4828,-0.00855957767722465
4829,0.0037707390648566985
4830,0.004374057315233881
4831,-0.006975867269984892
4832,-0.007013574660633459
4833,0.01312217194570131
4834,0.005354449472096512
4835,-0.007202111613876294
4836,0.0007918552036199067
4837,0.017119155354449522
4838,-0.014102564102564163
4839,0.01564856711915541
4840,0.0066365007541479
4841,-0.011349924585218663
4842,0.009049773755656076
4843,-0.004449472096530904
4844,0.004110105580693801
4845,-0.005279034690799378
4846,-0.021719457013574694
4847,0.007428355957767696
4848,0.005957767722473584
4849,0.005920060331825128
4850,-0.0031297134238311153
4851,-0.001470588235294168
4852,-0.008559577677224761
4853,0.00237556561085972
4854,-0.01157616892911012
4855,0.02002262443438918
4856,-0.004336349924585203
4857,0.0034690799396681626
4858,0.01025641025641022
4859,-0.01972096530920059
4860,0.0008672699849169296
4861,0.005769230769230638
4862,0.006711915535444923
4863,-0.00569381598793367
4864,0.00588235294117645
4865,0.004675716440422306
4866,-0.008974358974358887
4867,-0.019570135746606376
4868,0.010671191553544457
4869,0.006862745098039191
4870,0.005165912518853677
4871,0.033710407239818996
4872,0.0013951734539968674
4873,-0.0018099547511312153
4874,-0.0018853695324283493
4875,0.02665912518853686
4876,0.010935143288084426
4877,-0.006598793363499222
4878,-0.008031674208144879
4879,0.0038461538461538325
4880,-0.008295625942684792
4881,-0.00750377073906483
4882,0.0007918552036199067
4883,-0.017986425339366507
4884,-0.011236802413272962
4885,0.002526395173453988
4886,-0.011500754147812986
4887,0.002073906485671184
4888,-0.013763197586727005
4889,0.0032805429864252167
4890,-0.002865761689291091
4891,-0.007956259426847634
4892,0.0063348416289593645
4893,-0.0031674208144796823
4894,0.021681749622926128
4895,-0.014366515837104021
4896,0.007730015082956232
4897,0.0015082956259426794
4898,0.002903469079939658
4899,0.01938159879336354
4900,-0.003619909502262486
4901,-0.0049773755656107865
4902,0.0039969834087481
4903,-0.0016214177978884359
4904,-0.004487179487179527
4905,0.005165912518853677
4906,-0.007730015082956232
4907,-0.008861236802413297
4908,0.002941176470588225
4909,0.00712669683257916
4910,0.005354449472096512
4911,0.010897435897435859
4912,-0.011613876319758631
4913,-0.011500754147812986
4914,0.006711915535445034
4915,0.0005656108597285048
4916,-0.0005656108597285048
4917,0.024434389140271517
4918,0.01063348416289589
4919,-0.024622926093514297
4920,0.005052790346907976
4921,-0.004675716440422362
4922,-0.01519607843137255
4923,-0.00995475113122174
4924,-0.002677224736048256
4925,-0.012104072398190002
4926,-0.005656108597285048
4927,0.002601809954751122
4928,0.0017722473604827593
4929,-0.015535444947209653
4930,-0.004638009049773739
4931,0.022360482654600333
4932,-0.0002639517345399134
4933,0.0035444947209652966
4934,-0.0302790346907994
4935,-0.017043740573152333
4936,0.008182503770739036
4937,0.0012066365007540325
4938,-0.009728506787330282
4939,0.002601809954751122
4940,-0.011010558069381504
4941,-0.007466063348416263
4942,-0.0010180995475113086
4943,0.011990950226244301
4944,0.0013951734539969785
4945,-0.02401960784313728
4946,0.01726998491704368
4947,-0.004336349924585203
4948,0.00588235294117645
4949,0.0062594268476621195
4950,-0.02790346907993968
4951,0.0062594268476621195
4952,-0.004223227752639447
4953,0.002450980392156743
4954,0.020701357466063386
4955,-0.002337858220211153
4956,0.0063725490196079315
4957,0.002450980392156854
4958,0.0036199095022625416
4959,-0.00882352941176473
4960,0.002300150829562586
4961,0.006598793363499222
4962,-0.010558069381598811
4963,-0.017684766214178027
4964,-0.0038838612368023995
4965,-0.0075037707390648856
4966,-0.010143288084464575
4967,0.01478129713423837
4968,-0.012481146304675672
4969,0.02039969834087474
4970,0.008597285067873273
4971,-0.0076168929110105865
4972,0.00033936651583710287
4973,-0.002941176470588225
4974,0.005467571644042213
4975,-0.00957767722473607
4976,-0.014932126696832526
4977,-0.004826546003016463
4978,0.005052790346907976
4979,0.00275263951734539
4980,0.02202111613876323
4981,-0.018476621417797878
4982,-0.0007541478129713397
4983,0.015761689291101
4984,-0.01157616892911012
4985,-0.010407239819004599
4986,-0.02277526395173457
4987,-0.0039592760180995334
4988,-0.014479638009049833
4989,0.028242835595776783
4990,0.006900452488687869
4991,0.01101055806938167
4992,0.01489441930618396
4993,0.00011312217194558993
4994,0.0002262443438914019
4995,-0.004788838612368118
4996,-0.005656108597285048
4997,0.01591251885369538
4998,0.022435897435897467
4999,-0.001018099547511253
