range_index,range_name,source,operator_dim,n_primes,n_gaps,elapsed_seconds,cache_path
0,range_000101-000300,cache,4096,93602003,93602002,0.020303010940551758,d:\hpc_project\tdc_unified_core\results\b50_8_multi_offset\offset_p100\operator_cache\range_000101-000300.npz
1,range_000251-000450,cache,4096,91070952,91070951,0.02387714385986328,d:\hpc_project\tdc_unified_core\results\b50_8_multi_offset\offset_p100\operator_cache\range_000251-000450.npz
2,range_000401-000600,cache,4096,89583556,89583555,0.023004531860351562,d:\hpc_project\tdc_unified_core\results\b50_8_multi_offset\offset_p100\operator_cache\range_000401-000600.npz
3,range_000551-000750,cache,4096,88532092,88532091,0.026340246200561523,d:\hpc_project\tdc_unified_core\results\b50_8_multi_offset\offset_p100\operator_cache\range_000551-000750.npz
4,range_000701-000900,cache,4096,87718843,87718842,0.022083520889282227,d:\hpc_project\tdc_unified_core\results\b50_8_multi_offset\offset_p100\operator_cache\range_000701-000900.npz
5,range_000851-001050,cache,4096,87059541,87059540,0.02144312858581543,d:\hpc_project\tdc_unified_core\results\b50_8_multi_offset\offset_p100\operator_cache\range_000851-001050.npz
6,range_001001-001200,cache,4096,86503340,86503339,0.01986074447631836,d:\hpc_project\tdc_unified_core\results\b50_8_multi_offset\offset_p100\operator_cache\range_001001-001200.npz
7,range_001151-001350,cache,4096,86031555,86031554,0.02092576026916504,d:\hpc_project\tdc_unified_core\results\b50_8_multi_offset\offset_p100\operator_cache\range_001151-001350.npz
8,range_001301-001500,cache,4096,85610316,85610315,0.022654294967651367,d:\hpc_project\tdc_unified_core\results\b50_8_multi_offset\offset_p100\operator_cache\range_001301-001500.npz
9,range_001451-001650,cache,4096,85239793,85239792,0.0215609073638916,d:\hpc_project\tdc_unified_core\results\b50_8_multi_offset\offset_p100\operator_cache\range_001451-001650.npz
10,range_001601-001800,cache,4096,84903577,84903576,0.02168869972229004,d:\hpc_project\tdc_unified_core\results\b50_8_multi_offset\offset_p100\operator_cache\range_001601-001800.npz
11,range_001751-001950,cache,4096,84600390,84600389,0.019635915756225586,d:\hpc_project\tdc_unified_core\results\b50_8_multi_offset\offset_p100\operator_cache\range_001751-001950.npz
12,range_001901-002100,cache,4096,84324462,84324461,0.023767471313476562,d:\hpc_project\tdc_unified_core\results\b50_8_multi_offset\offset_p100\operator_cache\range_001901-002100.npz
13,range_002051-002250,cache,4096,84067520,84067519,0.02195286750793457,d:\hpc_project\tdc_unified_core\results\b50_8_multi_offset\offset_p100\operator_cache\range_002051-002250.npz
14,range_002201-002400,cache,4096,83828016,83828015,0.019374847412109375,d:\hpc_project\tdc_unified_core\results\b50_8_multi_offset\offset_p100\operator_cache\range_002201-002400.npz
15,range_002351-002550,cache,4096,83603836,83603835,0.024320363998413086,d:\hpc_project\tdc_unified_core\results\b50_8_multi_offset\offset_p100\operator_cache\range_002351-002550.npz
16,range_002501-002700,cache,4096,83397750,83397749,0.02098846435546875,d:\hpc_project\tdc_unified_core\results\b50_8_multi_offset\offset_p100\operator_cache\range_002501-002700.npz
17,range_002651-002850,cache,4096,83203871,83203870,0.024068593978881836,d:\hpc_project\tdc_unified_core\results\b50_8_multi_offset\offset_p100\operator_cache\range_002651-002850.npz
18,range_002801-003000,cache,4096,83017989,83017988,0.019268512725830078,d:\hpc_project\tdc_unified_core\results\b50_8_multi_offset\offset_p100\operator_cache\range_002801-003000.npz
19,range_002951-003150,cache,4096,82848133,82848132,0.023596763610839844,d:\hpc_project\tdc_unified_core\results\b50_8_multi_offset\offset_p100\operator_cache\range_002951-003150.npz
20,range_003101-003300,cache,4096,82684865,82684864,0.02580118179321289,d:\hpc_project\tdc_unified_core\results\b50_8_multi_offset\offset_p100\operator_cache\range_003101-003300.npz
21,range_003251-003450,cache,4096,82524384,82524383,0.02092909812927246,d:\hpc_project\tdc_unified_core\results\b50_8_multi_offset\offset_p100\operator_cache\range_003251-003450.npz
22,range_003401-003600,cache,4096,82382153,82382152,0.02602863311767578,d:\hpc_project\tdc_unified_core\results\b50_8_multi_offset\offset_p100\operator_cache\range_003401-003600.npz
23,range_003551-003750,cache,4096,82236140,82236139,0.018142223358154297,d:\hpc_project\tdc_unified_core\results\b50_8_multi_offset\offset_p100\operator_cache\range_003551-003750.npz
24,range_003701-003900,cache,4096,82099156,82099155,0.020195960998535156,d:\hpc_project\tdc_unified_core\results\b50_8_multi_offset\offset_p100\operator_cache\range_003701-003900.npz
25,range_003851-004050,cache,4096,81965282,81965281,0.018776655197143555,d:\hpc_project\tdc_unified_core\results\b50_8_multi_offset\offset_p100\operator_cache\range_003851-004050.npz
26,range_004001-004200,cache,4096,81843270,81843269,0.021251678466796875,d:\hpc_project\tdc_unified_core\results\b50_8_multi_offset\offset_p100\operator_cache\range_004001-004200.npz
27,range_004151-004350,cache,4096,81723043,81723042,0.02637028694152832,d:\hpc_project\tdc_unified_core\results\b50_8_multi_offset\offset_p100\operator_cache\range_004151-004350.npz
28,range_004301-004500,cache,4096,81610676,81610675,0.01894092559814453,d:\hpc_project\tdc_unified_core\results\b50_8_multi_offset\offset_p100\operator_cache\range_004301-004500.npz
29,range_004451-004650,cache,4096,81496733,81496732,0.026443958282470703,d:\hpc_project\tdc_unified_core\results\b50_8_multi_offset\offset_p100\operator_cache\range_004451-004650.npz
30,range_004601-004800,cache,4096,81386137,81386136,0.02353835105895996,d:\hpc_project\tdc_unified_core\results\b50_8_multi_offset\offset_p100\operator_cache\range_004601-004800.npz
31,range_004751-004950,cache,4096,81284475,81284474,0.021048545837402344,d:\hpc_project\tdc_unified_core\results\b50_8_multi_offset\offset_p100\operator_cache\range_004751-004950.npz
32,range_004901-005100,cache,4096,81184868,81184867,0.021884679794311523,d:\hpc_project\tdc_unified_core\results\b50_8_multi_offset\offset_p100\operator_cache\range_004901-005100.npz
33,range_005051-005250,cache,4096,81088857,81088856,0.024901628494262695,d:\hpc_project\tdc_unified_core\results\b50_8_multi_offset\offset_p100\operator_cache\range_005051-005250.npz
34,range_005201-005400,cache,4096,80992841,80992840,0.021522045135498047,d:\hpc_project\tdc_unified_core\results\b50_8_multi_offset\offset_p100\operator_cache\range_005201-005400.npz
35,range_005351-005550,cache,4096,80901362,80901361,0.019940853118896484,d:\hpc_project\tdc_unified_core\results\b50_8_multi_offset\offset_p100\operator_cache\range_005351-005550.npz
36,range_005501-005700,cache,4096,80811815,80811814,0.018162965774536133,d:\hpc_project\tdc_unified_core\results\b50_8_multi_offset\offset_p100\operator_cache\range_005501-005700.npz
37,range_005651-005850,cache,4096,80722247,80722246,0.020483970642089844,d:\hpc_project\tdc_unified_core\results\b50_8_multi_offset\offset_p100\operator_cache\range_005651-005850.npz
38,range_005801-006000,cache,4096,80641759,80641758,0.02580547332763672,d:\hpc_project\tdc_unified_core\results\b50_8_multi_offset\offset_p100\operator_cache\range_005801-006000.npz
39,range_005951-006150,cache,4096,80559994,80559993,0.01672816276550293,d:\hpc_project\tdc_unified_core\results\b50_8_multi_offset\offset_p100\operator_cache\range_005951-006150.npz
40,range_006101-006300,cache,4096,80480215,80480214,0.025933265686035156,d:\hpc_project\tdc_unified_core\results\b50_8_multi_offset\offset_p100\operator_cache\range_006101-006300.npz
41,range_006251-006450,cache,4096,80404796,80404795,0.023021936416625977,d:\hpc_project\tdc_unified_core\results\b50_8_multi_offset\offset_p100\operator_cache\range_006251-006450.npz
42,range_006401-006600,cache,4096,80327155,80327154,0.02044200897216797,d:\hpc_project\tdc_unified_core\results\b50_8_multi_offset\offset_p100\operator_cache\range_006401-006600.npz
43,range_006551-006750,cache,4096,80252174,80252173,0.021623611450195312,d:\hpc_project\tdc_unified_core\results\b50_8_multi_offset\offset_p100\operator_cache\range_006551-006750.npz
44,range_006701-006900,cache,4096,80186921,80186920,0.022459745407104492,d:\hpc_project\tdc_unified_core\results\b50_8_multi_offset\offset_p100\operator_cache\range_006701-006900.npz
45,range_006851-007050,cache,4096,80115911,80115910,0.02273702621459961,d:\hpc_project\tdc_unified_core\results\b50_8_multi_offset\offset_p100\operator_cache\range_006851-007050.npz
46,range_007001-007200,cache,4096,80041307,80041306,0.0252988338470459,d:\hpc_project\tdc_unified_core\results\b50_8_multi_offset\offset_p100\operator_cache\range_007001-007200.npz
47,range_007151-007350,cache,4096,79973287,79973286,0.019151687622070312,d:\hpc_project\tdc_unified_core\results\b50_8_multi_offset\offset_p100\operator_cache\range_007151-007350.npz
48,range_007301-007500,cache,4096,79910741,79910740,0.019367456436157227,d:\hpc_project\tdc_unified_core\results\b50_8_multi_offset\offset_p100\operator_cache\range_007301-007500.npz
49,range_007451-007650,cache,4096,79851715,79851714,0.02866673469543457,d:\hpc_project\tdc_unified_core\results\b50_8_multi_offset\offset_p100\operator_cache\range_007451-007650.npz
50,range_007601-007800,cache,4096,79785447,79785446,0.02245020866394043,d:\hpc_project\tdc_unified_core\results\b50_8_multi_offset\offset_p100\operator_cache\range_007601-007800.npz
51,range_007751-007950,cache,4096,79722566,79722565,0.02090287208557129,d:\hpc_project\tdc_unified_core\results\b50_8_multi_offset\offset_p100\operator_cache\range_007751-007950.npz
52,range_007901-008100,cache,4096,79661350,79661349,0.021678447723388672,d:\hpc_project\tdc_unified_core\results\b50_8_multi_offset\offset_p100\operator_cache\range_007901-008100.npz
53,range_008051-008250,cache,4096,79604056,79604055,0.019333600997924805,d:\hpc_project\tdc_unified_core\results\b50_8_multi_offset\offset_p100\operator_cache\range_008051-008250.npz
54,range_008201-008400,cache,4096,79549418,79549417,0.021385908126831055,d:\hpc_project\tdc_unified_core\results\b50_8_multi_offset\offset_p100\operator_cache\range_008201-008400.npz
55,range_008351-008550,cache,4096,79489099,79489098,0.022583484649658203,d:\hpc_project\tdc_unified_core\results\b50_8_multi_offset\offset_p100\operator_cache\range_008351-008550.npz
56,range_008501-008700,cache,4096,79433530,79433529,0.020185232162475586,d:\hpc_project\tdc_unified_core\results\b50_8_multi_offset\offset_p100\operator_cache\range_008501-008700.npz
57,range_008651-008850,cache,4096,79381542,79381541,0.02606034278869629,d:\hpc_project\tdc_unified_core\results\b50_8_multi_offset\offset_p100\operator_cache\range_008651-008850.npz
58,range_008801-009000,cache,4096,79327320,79327319,0.015277385711669922,d:\hpc_project\tdc_unified_core\results\b50_8_multi_offset\offset_p100\operator_cache\range_008801-009000.npz
59,range_008951-009150,cache,4096,79274319,79274318,0.02789449691772461,d:\hpc_project\tdc_unified_core\results\b50_8_multi_offset\offset_p100\operator_cache\range_008951-009150.npz
60,range_009101-009300,cache,4096,79224695,79224694,0.019181489944458008,d:\hpc_project\tdc_unified_core\results\b50_8_multi_offset\offset_p100\operator_cache\range_009101-009300.npz
61,range_009251-009450,cache,4096,79173975,79173974,0.018328428268432617,d:\hpc_project\tdc_unified_core\results\b50_8_multi_offset\offset_p100\operator_cache\range_009251-009450.npz
62,range_009401-009600,cache,4096,79122286,79122285,0.018953323364257812,d:\hpc_project\tdc_unified_core\results\b50_8_multi_offset\offset_p100\operator_cache\range_009401-009600.npz
63,range_009551-009750,cache,4096,79072756,79072755,0.022463321685791016,d:\hpc_project\tdc_unified_core\results\b50_8_multi_offset\offset_p100\operator_cache\range_009551-009750.npz
64,range_009701-009900,cache,4096,79028819,79028818,0.020395994186401367,d:\hpc_project\tdc_unified_core\results\b50_8_multi_offset\offset_p100\operator_cache\range_009701-009900.npz
65,range_009851-010050,cache,4096,78977907,78977906,0.022558212280273438,d:\hpc_project\tdc_unified_core\results\b50_8_multi_offset\offset_p100\operator_cache\range_009851-010050.npz
66,range_010001-010200,cache,4096,78934825,78934824,0.019891738891601562,d:\hpc_project\tdc_unified_core\results\b50_8_multi_offset\offset_p100\operator_cache\range_010001-010200.npz
67,range_010151-010350,cache,4096,78882102,78882101,0.02285599708557129,d:\hpc_project\tdc_unified_core\results\b50_8_multi_offset\offset_p100\operator_cache\range_010151-010350.npz
68,range_010301-010500,cache,4096,78838457,78838456,0.02603006362915039,d:\hpc_project\tdc_unified_core\results\b50_8_multi_offset\offset_p100\operator_cache\range_010301-010500.npz
69,range_010451-010650,cache,4096,78789494,78789493,0.017395973205566406,d:\hpc_project\tdc_unified_core\results\b50_8_multi_offset\offset_p100\operator_cache\range_010451-010650.npz
70,range_010601-010800,cache,4096,78746381,78746380,0.023159027099609375,d:\hpc_project\tdc_unified_core\results\b50_8_multi_offset\offset_p100\operator_cache\range_010601-010800.npz
71,range_010751-010950,cache,4096,78707039,78707038,0.025289058685302734,d:\hpc_project\tdc_unified_core\results\b50_8_multi_offset\offset_p100\operator_cache\range_010751-010950.npz
72,range_010901-011100,cache,4096,78667396,78667395,0.021584749221801758,d:\hpc_project\tdc_unified_core\results\b50_8_multi_offset\offset_p100\operator_cache\range_010901-011100.npz
73,range_011051-011250,cache,4096,78626608,78626607,0.0256040096282959,d:\hpc_project\tdc_unified_core\results\b50_8_multi_offset\offset_p100\operator_cache\range_011051-011250.npz
74,range_011201-011400,cache,4096,78584839,78584838,0.02082228660583496,d:\hpc_project\tdc_unified_core\results\b50_8_multi_offset\offset_p100\operator_cache\range_011201-011400.npz
75,range_011351-011550,cache,4096,78546379,78546378,0.023448467254638672,d:\hpc_project\tdc_unified_core\results\b50_8_multi_offset\offset_p100\operator_cache\range_011351-011550.npz
76,range_011501-011700,cache,4096,78502448,78502447,0.019715070724487305,d:\hpc_project\tdc_unified_core\results\b50_8_multi_offset\offset_p100\operator_cache\range_011501-011700.npz
77,range_011651-011850,cache,4096,78464346,78464345,0.02401590347290039,d:\hpc_project\tdc_unified_core\results\b50_8_multi_offset\offset_p100\operator_cache\range_011651-011850.npz
78,range_011801-012000,cache,4096,78418852,78418851,0.0233609676361084,d:\hpc_project\tdc_unified_core\results\b50_8_multi_offset\offset_p100\operator_cache\range_011801-012000.npz
79,range_011951-012150,cache,4096,78383224,78383223,0.024079322814941406,d:\hpc_project\tdc_unified_core\results\b50_8_multi_offset\offset_p100\operator_cache\range_011951-012150.npz
80,range_012101-012300,cache,4096,78353099,78353098,0.021697998046875,d:\hpc_project\tdc_unified_core\results\b50_8_multi_offset\offset_p100\operator_cache\range_012101-012300.npz
81,range_012251-012450,cache,4096,78312584,78312583,0.02142190933227539,d:\hpc_project\tdc_unified_core\results\b50_8_multi_offset\offset_p100\operator_cache\range_012251-012450.npz
82,range_012401-012600,cache,4096,78268976,78268975,0.02400660514831543,d:\hpc_project\tdc_unified_core\results\b50_8_multi_offset\offset_p100\operator_cache\range_012401-012600.npz
83,range_012551-012750,cache,4096,78233301,78233300,0.018481969833374023,d:\hpc_project\tdc_unified_core\results\b50_8_multi_offset\offset_p100\operator_cache\range_012551-012750.npz
84,range_012701-012900,cache,4096,78199775,78199774,0.027297019958496094,d:\hpc_project\tdc_unified_core\results\b50_8_multi_offset\offset_p100\operator_cache\range_012701-012900.npz
85,range_012851-013050,cache,4096,78169230,78169229,0.02364349365234375,d:\hpc_project\tdc_unified_core\results\b50_8_multi_offset\offset_p100\operator_cache\range_012851-013050.npz
86,range_013001-013200,cache,4096,78126894,78126893,0.01854848861694336,d:\hpc_project\tdc_unified_core\results\b50_8_multi_offset\offset_p100\operator_cache\range_013001-013200.npz
87,range_013151-013350,cache,4096,78092358,78092357,0.020949125289916992,d:\hpc_project\tdc_unified_core\results\b50_8_multi_offset\offset_p100\operator_cache\range_013151-013350.npz
88,range_013301-013500,cache,4096,78060352,78060351,0.025934696197509766,d:\hpc_project\tdc_unified_core\results\b50_8_multi_offset\offset_p100\operator_cache\range_013301-013500.npz
89,range_013451-013650,cache,4096,78023704,78023703,0.02289295196533203,d:\hpc_project\tdc_unified_core\results\b50_8_multi_offset\offset_p100\operator_cache\range_013451-013650.npz
90,range_013601-013800,cache,4096,77992101,77992100,0.018776893615722656,d:\hpc_project\tdc_unified_core\results\b50_8_multi_offset\offset_p100\operator_cache\range_013601-013800.npz
91,range_013751-013950,cache,4096,77961854,77961853,0.019877910614013672,d:\hpc_project\tdc_unified_core\results\b50_8_multi_offset\offset_p100\operator_cache\range_013751-013950.npz
92,range_013901-014100,cache,4096,77924192,77924191,0.023662805557250977,d:\hpc_project\tdc_unified_core\results\b50_8_multi_offset\offset_p100\operator_cache\range_013901-014100.npz
93,range_014051-014250,cache,4096,77896395,77896394,0.019805431365966797,d:\hpc_project\tdc_unified_core\results\b50_8_multi_offset\offset_p100\operator_cache\range_014051-014250.npz
94,range_014201-014400,cache,4096,77864023,77864022,0.01628851890563965,d:\hpc_project\tdc_unified_core\results\b50_8_multi_offset\offset_p100\operator_cache\range_014201-014400.npz
95,range_014351-014550,cache,4096,77834697,77834696,0.02274918556213379,d:\hpc_project\tdc_unified_core\results\b50_8_multi_offset\offset_p100\operator_cache\range_014351-014550.npz
96,range_014501-014700,cache,4096,77801802,77801801,0.022834300994873047,d:\hpc_project\tdc_unified_core\results\b50_8_multi_offset\offset_p100\operator_cache\range_014501-014700.npz
97,range_014651-014850,cache,4096,77773212,77773211,0.02077198028564453,d:\hpc_project\tdc_unified_core\results\b50_8_multi_offset\offset_p100\operator_cache\range_014651-014850.npz
98,range_014801-015000,cache,4096,77736249,77736248,0.021501779556274414,d:\hpc_project\tdc_unified_core\results\b50_8_multi_offset\offset_p100\operator_cache\range_014801-015000.npz
99,range_014951-015150,cache,4096,77705924,77705923,0.02232217788696289,d:\hpc_project\tdc_unified_core\results\b50_8_multi_offset\offset_p100\operator_cache\range_014951-015150.npz
100,range_015101-015300,cache,4096,77674564,77674563,0.02390885353088379,d:\hpc_project\tdc_unified_core\results\b50_8_multi_offset\offset_p100\operator_cache\range_015101-015300.npz
101,range_015251-015450,cache,4096,77646925,77646924,0.019832134246826172,d:\hpc_project\tdc_unified_core\results\b50_8_multi_offset\offset_p100\operator_cache\range_015251-015450.npz
102,range_015401-015600,cache,4096,77624299,77624298,0.018785953521728516,d:\hpc_project\tdc_unified_core\results\b50_8_multi_offset\offset_p100\operator_cache\range_015401-015600.npz
103,range_015551-015750,cache,4096,77590604,77590603,0.021295547485351562,d:\hpc_project\tdc_unified_core\results\b50_8_multi_offset\offset_p100\operator_cache\range_015551-015750.npz
104,range_015701-015900,cache,4096,77560101,77560100,0.02268052101135254,d:\hpc_project\tdc_unified_core\results\b50_8_multi_offset\offset_p100\operator_cache\range_015701-015900.npz
105,range_015851-016050,cache,4096,77533718,77533717,0.0232391357421875,d:\hpc_project\tdc_unified_core\results\b50_8_multi_offset\offset_p100\operator_cache\range_015851-016050.npz
106,range_016001-016200,cache,4096,77505298,77505297,0.019110918045043945,d:\hpc_project\tdc_unified_core\results\b50_8_multi_offset\offset_p100\operator_cache\range_016001-016200.npz
107,range_016151-016350,cache,4096,77474745,77474744,0.023616552352905273,d:\hpc_project\tdc_unified_core\results\b50_8_multi_offset\offset_p100\operator_cache\range_016151-016350.npz
108,range_016301-016500,cache,4096,77447911,77447910,0.023063182830810547,d:\hpc_project\tdc_unified_core\results\b50_8_multi_offset\offset_p100\operator_cache\range_016301-016500.npz
109,range_016451-016650,cache,4096,77421600,77421599,0.023412227630615234,d:\hpc_project\tdc_unified_core\results\b50_8_multi_offset\offset_p100\operator_cache\range_016451-016650.npz
110,range_016601-016800,cache,4096,77396734,77396733,0.032747745513916016,d:\hpc_project\tdc_unified_core\results\b50_8_multi_offset\offset_p100\operator_cache\range_016601-016800.npz
111,range_016751-016950,cache,4096,77371571,77371570,0.020938634872436523,d:\hpc_project\tdc_unified_core\results\b50_8_multi_offset\offset_p100\operator_cache\range_016751-016950.npz
112,range_016901-017100,cache,4096,77345854,77345853,0.01857757568359375,d:\hpc_project\tdc_unified_core\results\b50_8_multi_offset\offset_p100\operator_cache\range_016901-017100.npz
113,range_017051-017250,cache,4096,77315577,77315576,0.023111581802368164,d:\hpc_project\tdc_unified_core\results\b50_8_multi_offset\offset_p100\operator_cache\range_017051-017250.npz
114,range_017201-017400,cache,4096,77289085,77289084,0.02620100975036621,d:\hpc_project\tdc_unified_core\results\b50_8_multi_offset\offset_p100\operator_cache\range_017201-017400.npz
115,range_017351-017550,cache,4096,77266172,77266171,0.01948690414428711,d:\hpc_project\tdc_unified_core\results\b50_8_multi_offset\offset_p100\operator_cache\range_017351-017550.npz
116,range_017501-017700,cache,4096,77242011,77242010,0.020619630813598633,d:\hpc_project\tdc_unified_core\results\b50_8_multi_offset\offset_p100\operator_cache\range_017501-017700.npz
117,range_017651-017850,cache,4096,77215220,77215219,0.022368192672729492,d:\hpc_project\tdc_unified_core\results\b50_8_multi_offset\offset_p100\operator_cache\range_017651-017850.npz
118,range_017801-018000,cache,4096,77191074,77191073,0.02454972267150879,d:\hpc_project\tdc_unified_core\results\b50_8_multi_offset\offset_p100\operator_cache\range_017801-018000.npz
119,range_017951-018150,cache,4096,77163146,77163145,0.01950240135192871,d:\hpc_project\tdc_unified_core\results\b50_8_multi_offset\offset_p100\operator_cache\range_017951-018150.npz
120,range_018101-018300,cache,4096,77139634,77139633,0.018769502639770508,d:\hpc_project\tdc_unified_core\results\b50_8_multi_offset\offset_p100\operator_cache\range_018101-018300.npz
121,range_018251-018450,cache,4096,77111283,77111282,0.024155139923095703,d:\hpc_project\tdc_unified_core\results\b50_8_multi_offset\offset_p100\operator_cache\range_018251-018450.npz
122,range_018401-018600,cache,4096,77087076,77087075,0.022704362869262695,d:\hpc_project\tdc_unified_core\results\b50_8_multi_offset\offset_p100\operator_cache\range_018401-018600.npz
123,range_018551-018750,cache,4096,77066850,77066849,0.019852638244628906,d:\hpc_project\tdc_unified_core\results\b50_8_multi_offset\offset_p100\operator_cache\range_018551-018750.npz
124,range_018701-018900,cache,4096,77043074,77043073,0.01996636390686035,d:\hpc_project\tdc_unified_core\results\b50_8_multi_offset\offset_p100\operator_cache\range_018701-018900.npz
125,range_018851-019050,cache,4096,77017025,77017024,0.02086615562438965,d:\hpc_project\tdc_unified_core\results\b50_8_multi_offset\offset_p100\operator_cache\range_018851-019050.npz
126,range_019001-019200,cache,4096,76994090,76994089,0.02093052864074707,d:\hpc_project\tdc_unified_core\results\b50_8_multi_offset\offset_p100\operator_cache\range_019001-019200.npz
127,range_019151-019350,cache,4096,76976936,76976935,0.021039485931396484,d:\hpc_project\tdc_unified_core\results\b50_8_multi_offset\offset_p100\operator_cache\range_019151-019350.npz
128,range_019301-019500,cache,4096,76953035,76953034,0.01953411102294922,d:\hpc_project\tdc_unified_core\results\b50_8_multi_offset\offset_p100\operator_cache\range_019301-019500.npz
129,range_019451-019650,cache,4096,76925525,76925524,0.021704912185668945,d:\hpc_project\tdc_unified_core\results\b50_8_multi_offset\offset_p100\operator_cache\range_019451-019650.npz
130,range_019601-019800,cache,4096,76904031,76904030,0.02519679069519043,d:\hpc_project\tdc_unified_core\results\b50_8_multi_offset\offset_p100\operator_cache\range_019601-019800.npz
131,range_019751-019950,cache,4096,76887239,76887238,0.016527891159057617,d:\hpc_project\tdc_unified_core\results\b50_8_multi_offset\offset_p100\operator_cache\range_019751-019950.npz
132,range_019901-020100,cache,4096,76869026,76869025,0.020439863204956055,d:\hpc_project\tdc_unified_core\results\b50_8_multi_offset\offset_p100\operator_cache\range_019901-020100.npz
133,range_020051-020250,cache,4096,76833593,76833592,0.021630287170410156,d:\hpc_project\tdc_unified_core\results\b50_8_multi_offset\offset_p100\operator_cache\range_020051-020250.npz
134,range_020201-020400,cache,4096,76810019,76810018,0.025341510772705078,d:\hpc_project\tdc_unified_core\results\b50_8_multi_offset\offset_p100\operator_cache\range_020201-020400.npz
135,range_020351-020550,cache,4096,76797316,76797315,0.021849632263183594,d:\hpc_project\tdc_unified_core\results\b50_8_multi_offset\offset_p100\operator_cache\range_020351-020550.npz
136,range_020501-020700,cache,4096,76772540,76772539,0.020535945892333984,d:\hpc_project\tdc_unified_core\results\b50_8_multi_offset\offset_p100\operator_cache\range_020501-020700.npz
137,range_020651-020850,cache,4096,76751502,76751501,0.023878812789916992,d:\hpc_project\tdc_unified_core\results\b50_8_multi_offset\offset_p100\operator_cache\range_020651-020850.npz
138,range_020801-021000,cache,4096,76727360,76727359,0.021944761276245117,d:\hpc_project\tdc_unified_core\results\b50_8_multi_offset\offset_p100\operator_cache\range_020801-021000.npz
139,range_020951-021150,cache,4096,76707702,76707701,0.01898479461669922,d:\hpc_project\tdc_unified_core\results\b50_8_multi_offset\offset_p100\operator_cache\range_020951-021150.npz
140,range_021101-021300,cache,4096,76683965,76683964,0.03095102310180664,d:\hpc_project\tdc_unified_core\results\b50_8_multi_offset\offset_p100\operator_cache\range_021101-021300.npz
141,range_021251-021450,cache,4096,76666213,76666212,0.020244121551513672,d:\hpc_project\tdc_unified_core\results\b50_8_multi_offset\offset_p100\operator_cache\range_021251-021450.npz
142,range_021401-021600,cache,4096,76648694,76648693,0.020943164825439453,d:\hpc_project\tdc_unified_core\results\b50_8_multi_offset\offset_p100\operator_cache\range_021401-021600.npz
143,range_021551-021750,cache,4096,76627059,76627058,0.018468618392944336,d:\hpc_project\tdc_unified_core\results\b50_8_multi_offset\offset_p100\operator_cache\range_021551-021750.npz
144,range_021701-021900,cache,4096,76604209,76604208,0.020534515380859375,d:\hpc_project\tdc_unified_core\results\b50_8_multi_offset\offset_p100\operator_cache\range_021701-021900.npz
145,range_021851-022050,cache,4096,76586593,76586592,0.027457237243652344,d:\hpc_project\tdc_unified_core\results\b50_8_multi_offset\offset_p100\operator_cache\range_021851-022050.npz
146,range_022001-022200,cache,4096,76568253,76568252,0.020358562469482422,d:\hpc_project\tdc_unified_core\results\b50_8_multi_offset\offset_p100\operator_cache\range_022001-022200.npz
147,range_022151-022350,cache,4096,76543960,76543959,0.01942896842956543,d:\hpc_project\tdc_unified_core\results\b50_8_multi_offset\offset_p100\operator_cache\range_022151-022350.npz
148,range_022301-022500,cache,4096,76524538,76524537,0.024146556854248047,d:\hpc_project\tdc_unified_core\results\b50_8_multi_offset\offset_p100\operator_cache\range_022301-022500.npz
149,range_022451-022650,cache,4096,76507873,76507872,0.023823976516723633,d:\hpc_project\tdc_unified_core\results\b50_8_multi_offset\offset_p100\operator_cache\range_022451-022650.npz
150,range_022601-022800,cache,4096,76486806,76486805,0.024844884872436523,d:\hpc_project\tdc_unified_core\results\b50_8_multi_offset\offset_p100\operator_cache\range_022601-022800.npz
151,range_022751-022950,cache,4096,76465520,76465519,0.028266429901123047,d:\hpc_project\tdc_unified_core\results\b50_8_multi_offset\offset_p100\operator_cache\range_022751-022950.npz
152,range_022901-023100,cache,4096,76441567,76441566,0.021498918533325195,d:\hpc_project\tdc_unified_core\results\b50_8_multi_offset\offset_p100\operator_cache\range_022901-023100.npz
153,range_023051-023250,cache,4096,76427268,76427267,0.02181077003479004,d:\hpc_project\tdc_unified_core\results\b50_8_multi_offset\offset_p100\operator_cache\range_023051-023250.npz
154,range_023201-023400,cache,4096,76413242,76413241,0.0170290470123291,d:\hpc_project\tdc_unified_core\results\b50_8_multi_offset\offset_p100\operator_cache\range_023201-023400.npz
155,range_023351-023550,cache,4096,76397454,76397453,0.023114681243896484,d:\hpc_project\tdc_unified_core\results\b50_8_multi_offset\offset_p100\operator_cache\range_023351-023550.npz
156,range_023501-023700,cache,4096,76379749,76379748,0.022513628005981445,d:\hpc_project\tdc_unified_core\results\b50_8_multi_offset\offset_p100\operator_cache\range_023501-023700.npz
157,range_023651-023850,cache,4096,76357060,76357059,0.0166168212890625,d:\hpc_project\tdc_unified_core\results\b50_8_multi_offset\offset_p100\operator_cache\range_023651-023850.npz
158,range_023801-024000,cache,4096,76339167,76339166,0.022261381149291992,d:\hpc_project\tdc_unified_core\results\b50_8_multi_offset\offset_p100\operator_cache\range_023801-024000.npz
159,range_023951-024150,cache,4096,76319809,76319808,0.02026677131652832,d:\hpc_project\tdc_unified_core\results\b50_8_multi_offset\offset_p100\operator_cache\range_023951-024150.npz
160,range_024101-024300,cache,4096,76298036,76298035,0.026125431060791016,d:\hpc_project\tdc_unified_core\results\b50_8_multi_offset\offset_p100\operator_cache\range_024101-024300.npz
161,range_024251-024450,cache,4096,76278428,76278427,0.016663789749145508,d:\hpc_project\tdc_unified_core\results\b50_8_multi_offset\offset_p100\operator_cache\range_024251-024450.npz
162,range_024401-024600,cache,4096,76265962,76265961,0.020492076873779297,d:\hpc_project\tdc_unified_core\results\b50_8_multi_offset\offset_p100\operator_cache\range_024401-024600.npz
163,range_024551-024750,cache,4096,76246196,76246195,0.023871183395385742,d:\hpc_project\tdc_unified_core\results\b50_8_multi_offset\offset_p100\operator_cache\range_024551-024750.npz
164,range_024701-024900,cache,4096,76224461,76224460,0.019337177276611328,d:\hpc_project\tdc_unified_core\results\b50_8_multi_offset\offset_p100\operator_cache\range_024701-024900.npz
165,range_024851-025050,cache,4096,76205783,76205782,0.018095016479492188,d:\hpc_project\tdc_unified_core\results\b50_8_multi_offset\offset_p100\operator_cache\range_024851-025050.npz
166,range_025001-025200,cache,4096,76195195,76195194,0.026235342025756836,d:\hpc_project\tdc_unified_core\results\b50_8_multi_offset\offset_p100\operator_cache\range_025001-025200.npz
167,range_025151-025350,cache,4096,76176942,76176941,0.0235445499420166,d:\hpc_project\tdc_unified_core\results\b50_8_multi_offset\offset_p100\operator_cache\range_025151-025350.npz
168,range_025301-025500,cache,4096,76165820,76165819,0.0190885066986084,d:\hpc_project\tdc_unified_core\results\b50_8_multi_offset\offset_p100\operator_cache\range_025301-025500.npz
169,range_025451-025650,cache,4096,76138922,76138921,0.016701698303222656,d:\hpc_project\tdc_unified_core\results\b50_8_multi_offset\offset_p100\operator_cache\range_025451-025650.npz
170,range_025601-025800,cache,4096,76125156,76125155,0.023885011672973633,d:\hpc_project\tdc_unified_core\results\b50_8_multi_offset\offset_p100\operator_cache\range_025601-025800.npz
171,range_025751-025950,cache,4096,76107254,76107253,0.02443861961364746,d:\hpc_project\tdc_unified_core\results\b50_8_multi_offset\offset_p100\operator_cache\range_025751-025950.npz
172,range_025901-026100,cache,4096,76093625,76093624,0.018958568572998047,d:\hpc_project\tdc_unified_core\results\b50_8_multi_offset\offset_p100\operator_cache\range_025901-026100.npz
173,range_026051-026250,cache,4096,76078185,76078184,0.02438068389892578,d:\hpc_project\tdc_unified_core\results\b50_8_multi_offset\offset_p100\operator_cache\range_026051-026250.npz
174,range_026201-026400,cache,4096,76061310,76061309,0.020895719528198242,d:\hpc_project\tdc_unified_core\results\b50_8_multi_offset\offset_p100\operator_cache\range_026201-026400.npz
175,range_026351-026550,cache,4096,76038458,76038457,0.021564245223999023,d:\hpc_project\tdc_unified_core\results\b50_8_multi_offset\offset_p100\operator_cache\range_026351-026550.npz
176,range_026501-026700,cache,4096,76024019,76024018,0.01795506477355957,d:\hpc_project\tdc_unified_core\results\b50_8_multi_offset\offset_p100\operator_cache\range_026501-026700.npz
177,range_026651-026850,cache,4096,76007228,76007227,0.02164149284362793,d:\hpc_project\tdc_unified_core\results\b50_8_multi_offset\offset_p100\operator_cache\range_026651-026850.npz
178,range_026801-027000,cache,4096,75995439,75995438,0.021622657775878906,d:\hpc_project\tdc_unified_core\results\b50_8_multi_offset\offset_p100\operator_cache\range_026801-027000.npz
179,range_026951-027150,cache,4096,75979698,75979697,0.021291732788085938,d:\hpc_project\tdc_unified_core\results\b50_8_multi_offset\offset_p100\operator_cache\range_026951-027150.npz
180,range_027101-027300,cache,4096,75961904,75961903,0.023763179779052734,d:\hpc_project\tdc_unified_core\results\b50_8_multi_offset\offset_p100\operator_cache\range_027101-027300.npz
181,range_027251-027450,cache,4096,75942897,75942896,0.01724839210510254,d:\hpc_project\tdc_unified_core\results\b50_8_multi_offset\offset_p100\operator_cache\range_027251-027450.npz
182,range_027401-027600,cache,4096,75928588,75928587,0.020983457565307617,d:\hpc_project\tdc_unified_core\results\b50_8_multi_offset\offset_p100\operator_cache\range_027401-027600.npz
183,range_027551-027750,cache,4096,75912956,75912955,0.019612550735473633,d:\hpc_project\tdc_unified_core\results\b50_8_multi_offset\offset_p100\operator_cache\range_027551-027750.npz
184,range_027701-027900,cache,4096,75898768,75898767,0.017264366149902344,d:\hpc_project\tdc_unified_core\results\b50_8_multi_offset\offset_p100\operator_cache\range_027701-027900.npz
185,range_027851-028050,cache,4096,75879385,75879384,0.02546977996826172,d:\hpc_project\tdc_unified_core\results\b50_8_multi_offset\offset_p100\operator_cache\range_027851-028050.npz
186,range_028001-028200,cache,4096,75866631,75866630,0.022760391235351562,d:\hpc_project\tdc_unified_core\results\b50_8_multi_offset\offset_p100\operator_cache\range_028001-028200.npz
187,range_028151-028350,cache,4096,75855473,75855472,0.025952577590942383,d:\hpc_project\tdc_unified_core\results\b50_8_multi_offset\offset_p100\operator_cache\range_028151-028350.npz
188,range_028301-028500,cache,4096,75843185,75843184,0.03181815147399902,d:\hpc_project\tdc_unified_core\results\b50_8_multi_offset\offset_p100\operator_cache\range_028301-028500.npz
189,range_028451-028650,cache,4096,75819009,75819008,0.024272918701171875,d:\hpc_project\tdc_unified_core\results\b50_8_multi_offset\offset_p100\operator_cache\range_028451-028650.npz
190,range_028601-028800,cache,4096,75801129,75801128,0.02944469451904297,d:\hpc_project\tdc_unified_core\results\b50_8_multi_offset\offset_p100\operator_cache\range_028601-028800.npz
191,range_028751-028950,cache,4096,75785260,75785259,0.021709203720092773,d:\hpc_project\tdc_unified_core\results\b50_8_multi_offset\offset_p100\operator_cache\range_028751-028950.npz
192,range_028901-029100,cache,4096,75777323,75777322,0.023682117462158203,d:\hpc_project\tdc_unified_core\results\b50_8_multi_offset\offset_p100\operator_cache\range_028901-029100.npz
193,range_029051-029250,cache,4096,75762253,75762252,0.029112815856933594,d:\hpc_project\tdc_unified_core\results\b50_8_multi_offset\offset_p100\operator_cache\range_029051-029250.npz
194,range_029201-029400,cache,4096,75746952,75746951,0.029552221298217773,d:\hpc_project\tdc_unified_core\results\b50_8_multi_offset\offset_p100\operator_cache\range_029201-029400.npz
195,range_029351-029550,cache,4096,75730910,75730909,0.026361942291259766,d:\hpc_project\tdc_unified_core\results\b50_8_multi_offset\offset_p100\operator_cache\range_029351-029550.npz
196,range_029501-029700,cache,4096,75717993,75717992,0.026543617248535156,d:\hpc_project\tdc_unified_core\results\b50_8_multi_offset\offset_p100\operator_cache\range_029501-029700.npz
197,range_029651-029850,cache,4096,75700522,75700521,0.017984867095947266,d:\hpc_project\tdc_unified_core\results\b50_8_multi_offset\offset_p100\operator_cache\range_029651-029850.npz
198,range_029801-030000,cache,4096,75696058,75696057,0.01638340950012207,d:\hpc_project\tdc_unified_core\results\b50_8_multi_offset\offset_p100\operator_cache\range_029801-030000.npz
199,range_029951-030150,cache,4096,75673345,75673344,0.015144824981689453,d:\hpc_project\tdc_unified_core\results\b50_8_multi_offset\offset_p100\operator_cache\range_029951-030150.npz
200,range_030101-030300,cache,4096,75659614,75659613,0.021870136260986328,d:\hpc_project\tdc_unified_core\results\b50_8_multi_offset\offset_p100\operator_cache\range_030101-030300.npz
201,range_030251-030450,cache,4096,75645877,75645876,0.023114681243896484,d:\hpc_project\tdc_unified_core\results\b50_8_multi_offset\offset_p100\operator_cache\range_030251-030450.npz
202,range_030401-030600,cache,4096,75630150,75630149,0.019292116165161133,d:\hpc_project\tdc_unified_core\results\b50_8_multi_offset\offset_p100\operator_cache\range_030401-030600.npz
203,range_030551-030750,cache,4096,75620924,75620923,0.02292633056640625,d:\hpc_project\tdc_unified_core\results\b50_8_multi_offset\offset_p100\operator_cache\range_030551-030750.npz
204,range_030701-030900,cache,4096,75603701,75603700,0.02564239501953125,d:\hpc_project\tdc_unified_core\results\b50_8_multi_offset\offset_p100\operator_cache\range_030701-030900.npz
205,range_030851-031050,cache,4096,75591539,75591538,0.02360081672668457,d:\hpc_project\tdc_unified_core\results\b50_8_multi_offset\offset_p100\operator_cache\range_030851-031050.npz
206,range_031001-031200,cache,4096,75576120,75576119,0.021396875381469727,d:\hpc_project\tdc_unified_core\results\b50_8_multi_offset\offset_p100\operator_cache\range_031001-031200.npz
207,range_031151-031350,cache,4096,75559870,75559869,0.02607870101928711,d:\hpc_project\tdc_unified_core\results\b50_8_multi_offset\offset_p100\operator_cache\range_031151-031350.npz
208,range_031301-031500,cache,4096,75547018,75547017,0.020994901657104492,d:\hpc_project\tdc_unified_core\results\b50_8_multi_offset\offset_p100\operator_cache\range_031301-031500.npz
209,range_031451-031650,cache,4096,75537124,75537123,0.020659923553466797,d:\hpc_project\tdc_unified_core\results\b50_8_multi_offset\offset_p100\operator_cache\range_031451-031650.npz
210,range_031601-031800,cache,4096,75526709,75526708,0.022372007369995117,d:\hpc_project\tdc_unified_core\results\b50_8_multi_offset\offset_p100\operator_cache\range_031601-031800.npz
211,range_031751-031950,cache,4096,75506756,75506755,0.022484540939331055,d:\hpc_project\tdc_unified_core\results\b50_8_multi_offset\offset_p100\operator_cache\range_031751-031950.npz
212,range_031901-032100,cache,4096,75499806,75499805,0.021785259246826172,d:\hpc_project\tdc_unified_core\results\b50_8_multi_offset\offset_p100\operator_cache\range_031901-032100.npz
213,range_032051-032250,cache,4096,75483152,75483151,0.020475387573242188,d:\hpc_project\tdc_unified_core\results\b50_8_multi_offset\offset_p100\operator_cache\range_032051-032250.npz
214,range_032201-032400,cache,4096,75470238,75470237,0.023929357528686523,d:\hpc_project\tdc_unified_core\results\b50_8_multi_offset\offset_p100\operator_cache\range_032201-032400.npz
215,range_032351-032550,cache,4096,75456016,75456015,0.021477222442626953,d:\hpc_project\tdc_unified_core\results\b50_8_multi_offset\offset_p100\operator_cache\range_032351-032550.npz
216,range_032501-032700,cache,4096,75446561,75446560,0.02494215965270996,d:\hpc_project\tdc_unified_core\results\b50_8_multi_offset\offset_p100\operator_cache\range_032501-032700.npz
217,range_032651-032850,cache,4096,75429484,75429483,0.019837379455566406,d:\hpc_project\tdc_unified_core\results\b50_8_multi_offset\offset_p100\operator_cache\range_032651-032850.npz
218,range_032801-033000,cache,4096,75419405,75419404,0.02179431915283203,d:\hpc_project\tdc_unified_core\results\b50_8_multi_offset\offset_p100\operator_cache\range_032801-033000.npz
219,range_032951-033150,cache,4096,75408094,75408093,0.026471614837646484,d:\hpc_project\tdc_unified_core\results\b50_8_multi_offset\offset_p100\operator_cache\range_032951-033150.npz
220,range_033101-033300,cache,4096,75385530,75385529,0.02014946937561035,d:\hpc_project\tdc_unified_core\results\b50_8_multi_offset\offset_p100\operator_cache\range_033101-033300.npz
221,range_033251-033450,cache,4096,75377552,75377551,0.021084070205688477,d:\hpc_project\tdc_unified_core\results\b50_8_multi_offset\offset_p100\operator_cache\range_033251-033450.npz
222,range_033401-033600,cache,4096,75365314,75365313,0.023873329162597656,d:\hpc_project\tdc_unified_core\results\b50_8_multi_offset\offset_p100\operator_cache\range_033401-033600.npz
223,range_033551-033750,cache,4096,75351003,75351002,0.0232999324798584,d:\hpc_project\tdc_unified_core\results\b50_8_multi_offset\offset_p100\operator_cache\range_033551-033750.npz
224,range_033701-033900,cache,4096,75338070,75338069,0.01873016357421875,d:\hpc_project\tdc_unified_core\results\b50_8_multi_offset\offset_p100\operator_cache\range_033701-033900.npz
225,range_033851-034050,cache,4096,75330560,75330559,0.02367687225341797,d:\hpc_project\tdc_unified_core\results\b50_8_multi_offset\offset_p100\operator_cache\range_033851-034050.npz
226,range_034001-034200,cache,4096,75312248,75312247,0.02487468719482422,d:\hpc_project\tdc_unified_core\results\b50_8_multi_offset\offset_p100\operator_cache\range_034001-034200.npz
227,range_034151-034350,cache,4096,75294504,75294503,0.020928382873535156,d:\hpc_project\tdc_unified_core\results\b50_8_multi_offset\offset_p100\operator_cache\range_034151-034350.npz
228,range_034301-034500,cache,4096,75282239,75282238,0.01715373992919922,d:\hpc_project\tdc_unified_core\results\b50_8_multi_offset\offset_p100\operator_cache\range_034301-034500.npz
229,range_034451-034650,cache,4096,75278620,75278619,0.027748584747314453,d:\hpc_project\tdc_unified_core\results\b50_8_multi_offset\offset_p100\operator_cache\range_034451-034650.npz
230,range_034601-034800,cache,4096,75269579,75269578,0.024790525436401367,d:\hpc_project\tdc_unified_core\results\b50_8_multi_offset\offset_p100\operator_cache\range_034601-034800.npz
231,range_034751-034950,cache,4096,75255967,75255966,0.019123315811157227,d:\hpc_project\tdc_unified_core\results\b50_8_multi_offset\offset_p100\operator_cache\range_034751-034950.npz
232,range_034901-035100,cache,4096,75242682,75242681,0.028484106063842773,d:\hpc_project\tdc_unified_core\results\b50_8_multi_offset\offset_p100\operator_cache\range_034901-035100.npz
233,range_035051-035250,cache,4096,75233043,75233042,0.020304203033447266,d:\hpc_project\tdc_unified_core\results\b50_8_multi_offset\offset_p100\operator_cache\range_035051-035250.npz
234,range_035201-035400,cache,4096,75212367,75212366,0.01869511604309082,d:\hpc_project\tdc_unified_core\results\b50_8_multi_offset\offset_p100\operator_cache\range_035201-035400.npz
235,range_035351-035550,cache,4096,75202388,75202387,0.027102231979370117,d:\hpc_project\tdc_unified_core\results\b50_8_multi_offset\offset_p100\operator_cache\range_035351-035550.npz
236,range_035501-035700,cache,4096,75197020,75197019,0.020877838134765625,d:\hpc_project\tdc_unified_core\results\b50_8_multi_offset\offset_p100\operator_cache\range_035501-035700.npz
237,range_035651-035850,cache,4096,75174423,75174422,0.025174856185913086,d:\hpc_project\tdc_unified_core\results\b50_8_multi_offset\offset_p100\operator_cache\range_035651-035850.npz
238,range_035801-036000,cache,4096,75175321,75175320,0.020107746124267578,d:\hpc_project\tdc_unified_core\results\b50_8_multi_offset\offset_p100\operator_cache\range_035801-036000.npz
239,range_035951-036150,cache,4096,75151903,75151902,0.023787975311279297,d:\hpc_project\tdc_unified_core\results\b50_8_multi_offset\offset_p100\operator_cache\range_035951-036150.npz
240,range_036101-036300,cache,4096,75140001,75140000,0.028115272521972656,d:\hpc_project\tdc_unified_core\results\b50_8_multi_offset\offset_p100\operator_cache\range_036101-036300.npz
241,range_036251-036450,cache,4096,75134152,75134151,0.019655227661132812,d:\hpc_project\tdc_unified_core\results\b50_8_multi_offset\offset_p100\operator_cache\range_036251-036450.npz
242,range_036401-036600,cache,4096,75121044,75121043,0.024877309799194336,d:\hpc_project\tdc_unified_core\results\b50_8_multi_offset\offset_p100\operator_cache\range_036401-036600.npz
243,range_036551-036750,cache,4096,75113900,75113899,0.025211811065673828,d:\hpc_project\tdc_unified_core\results\b50_8_multi_offset\offset_p100\operator_cache\range_036551-036750.npz
244,range_036701-036900,cache,4096,75102519,75102518,0.02145075798034668,d:\hpc_project\tdc_unified_core\results\b50_8_multi_offset\offset_p100\operator_cache\range_036701-036900.npz
245,range_036851-037050,cache,4096,75094240,75094239,0.02444624900817871,d:\hpc_project\tdc_unified_core\results\b50_8_multi_offset\offset_p100\operator_cache\range_036851-037050.npz
246,range_037001-037200,cache,4096,75078052,75078051,0.029011964797973633,d:\hpc_project\tdc_unified_core\results\b50_8_multi_offset\offset_p100\operator_cache\range_037001-037200.npz
247,range_037151-037350,cache,4096,75065155,75065154,0.021462202072143555,d:\hpc_project\tdc_unified_core\results\b50_8_multi_offset\offset_p100\operator_cache\range_037151-037350.npz
248,range_037301-037500,cache,4096,75047897,75047896,0.019001483917236328,d:\hpc_project\tdc_unified_core\results\b50_8_multi_offset\offset_p100\operator_cache\range_037301-037500.npz
249,range_037451-037650,cache,4096,75040353,75040352,0.024422883987426758,d:\hpc_project\tdc_unified_core\results\b50_8_multi_offset\offset_p100\operator_cache\range_037451-037650.npz
250,range_037601-037800,cache,4096,75034395,75034394,0.02565479278564453,d:\hpc_project\tdc_unified_core\results\b50_8_multi_offset\offset_p100\operator_cache\range_037601-037800.npz
251,range_037751-037950,cache,4096,75020820,75020819,0.02230525016784668,d:\hpc_project\tdc_unified_core\results\b50_8_multi_offset\offset_p100\operator_cache\range_037751-037950.npz
252,range_037901-038100,cache,4096,75009409,75009408,0.01995682716369629,d:\hpc_project\tdc_unified_core\results\b50_8_multi_offset\offset_p100\operator_cache\range_037901-038100.npz
253,range_038051-038250,cache,4096,75002724,75002723,0.025139331817626953,d:\hpc_project\tdc_unified_core\results\b50_8_multi_offset\offset_p100\operator_cache\range_038051-038250.npz
254,range_038201-038400,cache,4096,74980350,74980349,0.02431774139404297,d:\hpc_project\tdc_unified_core\results\b50_8_multi_offset\offset_p100\operator_cache\range_038201-038400.npz
255,range_038351-038550,cache,4096,74971978,74971977,0.020495176315307617,d:\hpc_project\tdc_unified_core\results\b50_8_multi_offset\offset_p100\operator_cache\range_038351-038550.npz
256,range_038501-038700,cache,4096,74965639,74965638,0.017368555068969727,d:\hpc_project\tdc_unified_core\results\b50_8_multi_offset\offset_p100\operator_cache\range_038501-038700.npz
257,range_038651-038850,cache,4096,74950206,74950205,0.021765947341918945,d:\hpc_project\tdc_unified_core\results\b50_8_multi_offset\offset_p100\operator_cache\range_038651-038850.npz
258,range_038801-039000,cache,4096,74944509,74944508,0.025436878204345703,d:\hpc_project\tdc_unified_core\results\b50_8_multi_offset\offset_p100\operator_cache\range_038801-039000.npz
259,range_038951-039150,cache,4096,74935568,74935567,0.021130800247192383,d:\hpc_project\tdc_unified_core\results\b50_8_multi_offset\offset_p100\operator_cache\range_038951-039150.npz
260,range_039101-039300,cache,4096,74920907,74920906,0.0176694393157959,d:\hpc_project\tdc_unified_core\results\b50_8_multi_offset\offset_p100\operator_cache\range_039101-039300.npz
261,range_039251-039450,cache,4096,74912465,74912464,0.0183713436126709,d:\hpc_project\tdc_unified_core\results\b50_8_multi_offset\offset_p100\operator_cache\range_039251-039450.npz
262,range_039401-039600,cache,4096,74900832,74900831,0.0249021053314209,d:\hpc_project\tdc_unified_core\results\b50_8_multi_offset\offset_p100\operator_cache\range_039401-039600.npz
263,range_039551-039750,cache,4096,74887452,74887451,0.01766514778137207,d:\hpc_project\tdc_unified_core\results\b50_8_multi_offset\offset_p100\operator_cache\range_039551-039750.npz
264,range_039701-039900,cache,4096,74874080,74874079,0.01772308349609375,d:\hpc_project\tdc_unified_core\results\b50_8_multi_offset\offset_p100\operator_cache\range_039701-039900.npz
265,range_039851-040050,cache,4096,74866031,74866030,0.0190582275390625,d:\hpc_project\tdc_unified_core\results\b50_8_multi_offset\offset_p100\operator_cache\range_039851-040050.npz
266,range_040001-040200,cache,4096,74855539,74855538,0.02364349365234375,d:\hpc_project\tdc_unified_core\results\b50_8_multi_offset\offset_p100\operator_cache\range_040001-040200.npz
267,range_040151-040350,cache,4096,74843841,74843840,0.023088455200195312,d:\hpc_project\tdc_unified_core\results\b50_8_multi_offset\offset_p100\operator_cache\range_040151-040350.npz
268,range_040301-040500,cache,4096,74839296,74839295,0.02179431915283203,d:\hpc_project\tdc_unified_core\results\b50_8_multi_offset\offset_p100\operator_cache\range_040301-040500.npz
269,range_040451-040650,cache,4096,74835319,74835318,0.021079540252685547,d:\hpc_project\tdc_unified_core\results\b50_8_multi_offset\offset_p100\operator_cache\range_040451-040650.npz
270,range_040601-040800,cache,4096,74815124,74815123,0.028652429580688477,d:\hpc_project\tdc_unified_core\results\b50_8_multi_offset\offset_p100\operator_cache\range_040601-040800.npz
271,range_040751-040950,cache,4096,74805477,74805476,0.020355701446533203,d:\hpc_project\tdc_unified_core\results\b50_8_multi_offset\offset_p100\operator_cache\range_040751-040950.npz
272,range_040901-041100,cache,4096,74795850,74795849,0.020145893096923828,d:\hpc_project\tdc_unified_core\results\b50_8_multi_offset\offset_p100\operator_cache\range_040901-041100.npz
273,range_041051-041250,cache,4096,74784267,74784266,0.019313573837280273,d:\hpc_project\tdc_unified_core\results\b50_8_multi_offset\offset_p100\operator_cache\range_041051-041250.npz
274,range_041201-041400,cache,4096,74778385,74778384,0.0218198299407959,d:\hpc_project\tdc_unified_core\results\b50_8_multi_offset\offset_p100\operator_cache\range_041201-041400.npz
275,range_041351-041550,cache,4096,74759092,74759091,0.025125980377197266,d:\hpc_project\tdc_unified_core\results\b50_8_multi_offset\offset_p100\operator_cache\range_041351-041550.npz
276,range_041501-041700,cache,4096,74754258,74754257,0.018838167190551758,d:\hpc_project\tdc_unified_core\results\b50_8_multi_offset\offset_p100\operator_cache\range_041501-041700.npz
277,range_041651-041850,cache,4096,74746546,74746545,0.01925969123840332,d:\hpc_project\tdc_unified_core\results\b50_8_multi_offset\offset_p100\operator_cache\range_041651-041850.npz
278,range_041801-042000,cache,4096,74733906,74733905,0.02052450180053711,d:\hpc_project\tdc_unified_core\results\b50_8_multi_offset\offset_p100\operator_cache\range_041801-042000.npz
279,range_041951-042150,cache,4096,74725929,74725928,0.021717309951782227,d:\hpc_project\tdc_unified_core\results\b50_8_multi_offset\offset_p100\operator_cache\range_041951-042150.npz
280,range_042101-042300,cache,4096,74711927,74711926,0.02004528045654297,d:\hpc_project\tdc_unified_core\results\b50_8_multi_offset\offset_p100\operator_cache\range_042101-042300.npz
281,range_042251-042450,cache,4096,74707472,74707471,0.019481420516967773,d:\hpc_project\tdc_unified_core\results\b50_8_multi_offset\offset_p100\operator_cache\range_042251-042450.npz
282,range_042401-042600,cache,4096,74696080,74696079,0.027134180068969727,d:\hpc_project\tdc_unified_core\results\b50_8_multi_offset\offset_p100\operator_cache\range_042401-042600.npz
283,range_042551-042750,cache,4096,74685086,74685085,0.021715402603149414,d:\hpc_project\tdc_unified_core\results\b50_8_multi_offset\offset_p100\operator_cache\range_042551-042750.npz
284,range_042701-042900,cache,4096,74676032,74676031,0.024164915084838867,d:\hpc_project\tdc_unified_core\results\b50_8_multi_offset\offset_p100\operator_cache\range_042701-042900.npz
285,range_042851-043050,cache,4096,74668613,74668612,0.01966071128845215,d:\hpc_project\tdc_unified_core\results\b50_8_multi_offset\offset_p100\operator_cache\range_042851-043050.npz
286,range_043001-043200,cache,4096,74664758,74664757,0.025002002716064453,d:\hpc_project\tdc_unified_core\results\b50_8_multi_offset\offset_p100\operator_cache\range_043001-043200.npz
287,range_043151-043350,cache,4096,74649843,74649842,0.02360701560974121,d:\hpc_project\tdc_unified_core\results\b50_8_multi_offset\offset_p100\operator_cache\range_043151-043350.npz
288,range_043301-043500,cache,4096,74638964,74638963,0.02476191520690918,d:\hpc_project\tdc_unified_core\results\b50_8_multi_offset\offset_p100\operator_cache\range_043301-043500.npz
289,range_043451-043650,cache,4096,74625961,74625960,0.019842147827148438,d:\hpc_project\tdc_unified_core\results\b50_8_multi_offset\offset_p100\operator_cache\range_043451-043650.npz
290,range_043601-043800,cache,4096,74619755,74619754,0.02748847007751465,d:\hpc_project\tdc_unified_core\results\b50_8_multi_offset\offset_p100\operator_cache\range_043601-043800.npz
291,range_043751-043950,cache,4096,74604214,74604213,0.022130966186523438,d:\hpc_project\tdc_unified_core\results\b50_8_multi_offset\offset_p100\operator_cache\range_043751-043950.npz
292,range_043901-044100,cache,4096,74598103,74598102,0.020309925079345703,d:\hpc_project\tdc_unified_core\results\b50_8_multi_offset\offset_p100\operator_cache\range_043901-044100.npz
293,range_044051-044250,cache,4096,74585689,74585688,0.024310588836669922,d:\hpc_project\tdc_unified_core\results\b50_8_multi_offset\offset_p100\operator_cache\range_044051-044250.npz
294,range_044201-044400,cache,4096,74574249,74574248,0.020999908447265625,d:\hpc_project\tdc_unified_core\results\b50_8_multi_offset\offset_p100\operator_cache\range_044201-044400.npz
295,range_044351-044550,cache,4096,74574033,74574032,0.05387377738952637,d:\hpc_project\tdc_unified_core\results\b50_8_multi_offset\offset_p100\operator_cache\range_044351-044550.npz
296,range_044501-044700,cache,4096,74556945,74556944,0.024547100067138672,d:\hpc_project\tdc_unified_core\results\b50_8_multi_offset\offset_p100\operator_cache\range_044501-044700.npz
297,range_044651-044850,cache,4096,74552236,74552235,0.03220844268798828,d:\hpc_project\tdc_unified_core\results\b50_8_multi_offset\offset_p100\operator_cache\range_044651-044850.npz
298,range_044801-045000,cache,4096,74542568,74542567,0.03174877166748047,d:\hpc_project\tdc_unified_core\results\b50_8_multi_offset\offset_p100\operator_cache\range_044801-045000.npz
299,range_044951-045150,cache,4096,74536581,74536580,0.026320219039916992,d:\hpc_project\tdc_unified_core\results\b50_8_multi_offset\offset_p100\operator_cache\range_044951-045150.npz
300,range_045101-045300,cache,4096,74524985,74524984,0.01949930191040039,d:\hpc_project\tdc_unified_core\results\b50_8_multi_offset\offset_p100\operator_cache\range_045101-045300.npz
301,range_045251-045450,cache,4096,74508116,74508115,0.03251838684082031,d:\hpc_project\tdc_unified_core\results\b50_8_multi_offset\offset_p100\operator_cache\range_045251-045450.npz
302,range_045401-045600,cache,4096,74503802,74503801,0.026079654693603516,d:\hpc_project\tdc_unified_core\results\b50_8_multi_offset\offset_p100\operator_cache\range_045401-045600.npz
303,range_045551-045750,cache,4096,74496727,74496726,0.0352475643157959,d:\hpc_project\tdc_unified_core\results\b50_8_multi_offset\offset_p100\operator_cache\range_045551-045750.npz
304,range_045701-045900,cache,4096,74486266,74486265,0.023798465728759766,d:\hpc_project\tdc_unified_core\results\b50_8_multi_offset\offset_p100\operator_cache\range_045701-045900.npz
305,range_045851-046050,cache,4096,74479891,74479890,0.021420717239379883,d:\hpc_project\tdc_unified_core\results\b50_8_multi_offset\offset_p100\operator_cache\range_045851-046050.npz
306,range_046001-046200,cache,4096,74470894,74470893,0.026029109954833984,d:\hpc_project\tdc_unified_core\results\b50_8_multi_offset\offset_p100\operator_cache\range_046001-046200.npz
307,range_046151-046350,cache,4096,74457693,74457692,0.018540143966674805,d:\hpc_project\tdc_unified_core\results\b50_8_multi_offset\offset_p100\operator_cache\range_046151-046350.npz
308,range_046301-046500,cache,4096,74453312,74453311,0.029447078704833984,d:\hpc_project\tdc_unified_core\results\b50_8_multi_offset\offset_p100\operator_cache\range_046301-046500.npz
309,range_046451-046650,cache,4096,74441151,74441150,0.029788970947265625,d:\hpc_project\tdc_unified_core\results\b50_8_multi_offset\offset_p100\operator_cache\range_046451-046650.npz
310,range_046601-046800,cache,4096,74434529,74434528,0.03060317039489746,d:\hpc_project\tdc_unified_core\results\b50_8_multi_offset\offset_p100\operator_cache\range_046601-046800.npz
311,range_046751-046950,cache,4096,74423970,74423969,0.03234076499938965,d:\hpc_project\tdc_unified_core\results\b50_8_multi_offset\offset_p100\operator_cache\range_046751-046950.npz
312,range_046901-047100,cache,4096,74417976,74417975,0.023124217987060547,d:\hpc_project\tdc_unified_core\results\b50_8_multi_offset\offset_p100\operator_cache\range_046901-047100.npz
313,range_047051-047250,cache,4096,74405775,74405774,0.03815507888793945,d:\hpc_project\tdc_unified_core\results\b50_8_multi_offset\offset_p100\operator_cache\range_047051-047250.npz
314,range_047201-047400,cache,4096,74403381,74403380,0.03182196617126465,d:\hpc_project\tdc_unified_core\results\b50_8_multi_offset\offset_p100\operator_cache\range_047201-047400.npz
315,range_047351-047550,cache,4096,74384863,74384862,0.023456811904907227,d:\hpc_project\tdc_unified_core\results\b50_8_multi_offset\offset_p100\operator_cache\range_047351-047550.npz
316,range_047501-047700,cache,4096,74376608,74376607,0.029750347137451172,d:\hpc_project\tdc_unified_core\results\b50_8_multi_offset\offset_p100\operator_cache\range_047501-047700.npz
317,range_047651-047850,cache,4096,74367143,74367142,0.026737213134765625,d:\hpc_project\tdc_unified_core\results\b50_8_multi_offset\offset_p100\operator_cache\range_047651-047850.npz
318,range_047801-048000,cache,4096,74359508,74359507,0.02170276641845703,d:\hpc_project\tdc_unified_core\results\b50_8_multi_offset\offset_p100\operator_cache\range_047801-048000.npz
319,range_047951-048150,cache,4096,74355232,74355231,0.020965576171875,d:\hpc_project\tdc_unified_core\results\b50_8_multi_offset\offset_p100\operator_cache\range_047951-048150.npz
320,range_048101-048300,cache,4096,74345456,74345455,0.028437376022338867,d:\hpc_project\tdc_unified_core\results\b50_8_multi_offset\offset_p100\operator_cache\range_048101-048300.npz
321,range_048251-048450,cache,4096,74334851,74334850,0.01911783218383789,d:\hpc_project\tdc_unified_core\results\b50_8_multi_offset\offset_p100\operator_cache\range_048251-048450.npz
322,range_048401-048600,cache,4096,74327705,74327704,0.0356600284576416,d:\hpc_project\tdc_unified_core\results\b50_8_multi_offset\offset_p100\operator_cache\range_048401-048600.npz
323,range_048551-048750,cache,4096,74322283,74322282,0.02147674560546875,d:\hpc_project\tdc_unified_core\results\b50_8_multi_offset\offset_p100\operator_cache\range_048551-048750.npz
324,range_048701-048900,cache,4096,74310198,74310197,0.03072643280029297,d:\hpc_project\tdc_unified_core\results\b50_8_multi_offset\offset_p100\operator_cache\range_048701-048900.npz
325,range_048851-049050,cache,4096,74301680,74301679,0.026667118072509766,d:\hpc_project\tdc_unified_core\results\b50_8_multi_offset\offset_p100\operator_cache\range_048851-049050.npz
326,range_049001-049200,cache,4096,74299778,74299777,0.03013920783996582,d:\hpc_project\tdc_unified_core\results\b50_8_multi_offset\offset_p100\operator_cache\range_049001-049200.npz
327,range_049151-049350,cache,4096,74284301,74284300,0.0198667049407959,d:\hpc_project\tdc_unified_core\results\b50_8_multi_offset\offset_p100\operator_cache\range_049151-049350.npz
328,range_049301-049500,cache,4096,74276532,74276531,0.0256803035736084,d:\hpc_project\tdc_unified_core\results\b50_8_multi_offset\offset_p100\operator_cache\range_049301-049500.npz
329,range_049451-049650,cache,4096,74270240,74270239,0.044145822525024414,d:\hpc_project\tdc_unified_core\results\b50_8_multi_offset\offset_p100\operator_cache\range_049451-049650.npz
330,range_049601-049800,cache,4096,74259195,74259194,0.041075706481933594,d:\hpc_project\tdc_unified_core\results\b50_8_multi_offset\offset_p100\operator_cache\range_049601-049800.npz
331,range_049751-049950,cache,4096,74250652,74250651,0.0422825813293457,d:\hpc_project\tdc_unified_core\results\b50_8_multi_offset\offset_p100\operator_cache\range_049751-049950.npz
332,range_049901-050100,cache,4096,74245107,74245106,0.045244455337524414,d:\hpc_project\tdc_unified_core\results\b50_8_multi_offset\offset_p100\operator_cache\range_049901-050100.npz
333,range_050051-050250,cache,4096,74237491,74237490,0.029178619384765625,d:\hpc_project\tdc_unified_core\results\b50_8_multi_offset\offset_p100\operator_cache\range_050051-050250.npz
334,range_050201-050400,cache,4096,74229579,74229578,0.018709897994995117,d:\hpc_project\tdc_unified_core\results\b50_8_multi_offset\offset_p100\operator_cache\range_050201-050400.npz
335,range_050351-050550,cache,4096,74223957,74223956,0.037180185317993164,d:\hpc_project\tdc_unified_core\results\b50_8_multi_offset\offset_p100\operator_cache\range_050351-050550.npz
336,range_050501-050700,cache,4096,74207987,74207986,0.02341914176940918,d:\hpc_project\tdc_unified_core\results\b50_8_multi_offset\offset_p100\operator_cache\range_050501-050700.npz
337,range_050651-050850,cache,4096,74202236,74202235,0.02341318130493164,d:\hpc_project\tdc_unified_core\results\b50_8_multi_offset\offset_p100\operator_cache\range_050651-050850.npz
338,range_050801-051000,cache,4096,74202760,74202759,0.02919173240661621,d:\hpc_project\tdc_unified_core\results\b50_8_multi_offset\offset_p100\operator_cache\range_050801-051000.npz
339,range_050951-051150,cache,4096,74184050,74184049,0.039359331130981445,d:\hpc_project\tdc_unified_core\results\b50_8_multi_offset\offset_p100\operator_cache\range_050951-051150.npz
340,range_051101-051300,cache,4096,74178989,74178988,0.029996395111083984,d:\hpc_project\tdc_unified_core\results\b50_8_multi_offset\offset_p100\operator_cache\range_051101-051300.npz
341,range_051251-051450,cache,4096,74171965,74171964,0.027506113052368164,d:\hpc_project\tdc_unified_core\results\b50_8_multi_offset\offset_p100\operator_cache\range_051251-051450.npz
342,range_051401-051600,cache,4096,74160334,74160333,0.016557693481445312,d:\hpc_project\tdc_unified_core\results\b50_8_multi_offset\offset_p100\operator_cache\range_051401-051600.npz
343,range_051551-051750,cache,4096,74157667,74157666,0.017672300338745117,d:\hpc_project\tdc_unified_core\results\b50_8_multi_offset\offset_p100\operator_cache\range_051551-051750.npz
344,range_051701-051900,cache,4096,74150414,74150413,0.030515432357788086,d:\hpc_project\tdc_unified_core\results\b50_8_multi_offset\offset_p100\operator_cache\range_051701-051900.npz
345,range_051851-052050,cache,4096,74136336,74136335,0.034688711166381836,d:\hpc_project\tdc_unified_core\results\b50_8_multi_offset\offset_p100\operator_cache\range_051851-052050.npz
346,range_052001-052200,cache,4096,74129501,74129500,0.033661842346191406,d:\hpc_project\tdc_unified_core\results\b50_8_multi_offset\offset_p100\operator_cache\range_052001-052200.npz
347,range_052151-052350,cache,4096,74124244,74124243,0.03175950050354004,d:\hpc_project\tdc_unified_core\results\b50_8_multi_offset\offset_p100\operator_cache\range_052151-052350.npz
348,range_052301-052500,cache,4096,74116412,74116411,0.02980780601501465,d:\hpc_project\tdc_unified_core\results\b50_8_multi_offset\offset_p100\operator_cache\range_052301-052500.npz
349,range_052451-052650,cache,4096,74111247,74111246,0.028063297271728516,d:\hpc_project\tdc_unified_core\results\b50_8_multi_offset\offset_p100\operator_cache\range_052451-052650.npz
350,range_052601-052800,cache,4096,74106917,74106916,0.045400142669677734,d:\hpc_project\tdc_unified_core\results\b50_8_multi_offset\offset_p100\operator_cache\range_052601-052800.npz
351,range_052751-052950,cache,4096,74095091,74095090,0.02644634246826172,d:\hpc_project\tdc_unified_core\results\b50_8_multi_offset\offset_p100\operator_cache\range_052751-052950.npz
352,range_052901-053100,cache,4096,74085857,74085856,0.03975391387939453,d:\hpc_project\tdc_unified_core\results\b50_8_multi_offset\offset_p100\operator_cache\range_052901-053100.npz
353,range_053051-053250,cache,4096,74079146,74079145,0.02620983123779297,d:\hpc_project\tdc_unified_core\results\b50_8_multi_offset\offset_p100\operator_cache\range_053051-053250.npz
354,range_053201-053400,cache,4096,74073064,74073063,0.03200840950012207,d:\hpc_project\tdc_unified_core\results\b50_8_multi_offset\offset_p100\operator_cache\range_053201-053400.npz
355,range_053351-053550,cache,4096,74061090,74061089,0.023129940032958984,d:\hpc_project\tdc_unified_core\results\b50_8_multi_offset\offset_p100\operator_cache\range_053351-053550.npz
356,range_053501-053700,cache,4096,74054668,74054667,0.04384040832519531,d:\hpc_project\tdc_unified_core\results\b50_8_multi_offset\offset_p100\operator_cache\range_053501-053700.npz
357,range_053651-053850,cache,4096,74051285,74051284,0.03847146034240723,d:\hpc_project\tdc_unified_core\results\b50_8_multi_offset\offset_p100\operator_cache\range_053651-053850.npz
358,range_053801-054000,cache,4096,74034164,74034163,0.024323225021362305,d:\hpc_project\tdc_unified_core\results\b50_8_multi_offset\offset_p100\operator_cache\range_053801-054000.npz
359,range_053951-054150,cache,4096,74028714,74028713,0.03033757209777832,d:\hpc_project\tdc_unified_core\results\b50_8_multi_offset\offset_p100\operator_cache\range_053951-054150.npz
360,range_054101-054300,cache,4096,74021454,74021453,0.028925657272338867,d:\hpc_project\tdc_unified_core\results\b50_8_multi_offset\offset_p100\operator_cache\range_054101-054300.npz
361,range_054251-054450,cache,4096,74013684,74013683,0.039255619049072266,d:\hpc_project\tdc_unified_core\results\b50_8_multi_offset\offset_p100\operator_cache\range_054251-054450.npz
362,range_054401-054600,cache,4096,74010056,74010055,0.031265974044799805,d:\hpc_project\tdc_unified_core\results\b50_8_multi_offset\offset_p100\operator_cache\range_054401-054600.npz
363,range_054551-054750,cache,4096,73999929,73999928,0.027011394500732422,d:\hpc_project\tdc_unified_core\results\b50_8_multi_offset\offset_p100\operator_cache\range_054551-054750.npz
364,range_054701-054900,cache,4096,73991283,73991282,0.017528295516967773,d:\hpc_project\tdc_unified_core\results\b50_8_multi_offset\offset_p100\operator_cache\range_054701-054900.npz
365,range_054851-055050,cache,4096,73987741,73987740,0.029628276824951172,d:\hpc_project\tdc_unified_core\results\b50_8_multi_offset\offset_p100\operator_cache\range_054851-055050.npz
366,range_055001-055200,cache,4096,73980640,73980639,0.05969572067260742,d:\hpc_project\tdc_unified_core\results\b50_8_multi_offset\offset_p100\operator_cache\range_055001-055200.npz
367,range_055151-055350,cache,4096,73970304,73970303,0.021878719329833984,d:\hpc_project\tdc_unified_core\results\b50_8_multi_offset\offset_p100\operator_cache\range_055151-055350.npz
368,range_055301-055500,cache,4096,73963236,73963235,0.025444507598876953,d:\hpc_project\tdc_unified_core\results\b50_8_multi_offset\offset_p100\operator_cache\range_055301-055500.npz
369,range_055451-055650,cache,4096,73957159,73957158,0.020915746688842773,d:\hpc_project\tdc_unified_core\results\b50_8_multi_offset\offset_p100\operator_cache\range_055451-055650.npz
370,range_055601-055800,cache,4096,73951345,73951344,0.021322250366210938,d:\hpc_project\tdc_unified_core\results\b50_8_multi_offset\offset_p100\operator_cache\range_055601-055800.npz
371,range_055751-055950,cache,4096,73946111,73946110,0.02271437644958496,d:\hpc_project\tdc_unified_core\results\b50_8_multi_offset\offset_p100\operator_cache\range_055751-055950.npz
372,range_055901-056100,cache,4096,73936998,73936997,0.02031850814819336,d:\hpc_project\tdc_unified_core\results\b50_8_multi_offset\offset_p100\operator_cache\range_055901-056100.npz
373,range_056051-056250,cache,4096,73931355,73931354,0.022521018981933594,d:\hpc_project\tdc_unified_core\results\b50_8_multi_offset\offset_p100\operator_cache\range_056051-056250.npz
374,range_056201-056400,cache,4096,73916397,73916396,0.018877506256103516,d:\hpc_project\tdc_unified_core\results\b50_8_multi_offset\offset_p100\operator_cache\range_056201-056400.npz
375,range_056351-056550,cache,4096,73913777,73913776,0.022325754165649414,d:\hpc_project\tdc_unified_core\results\b50_8_multi_offset\offset_p100\operator_cache\range_056351-056550.npz
376,range_056501-056700,cache,4096,73901086,73901085,0.033159732818603516,d:\hpc_project\tdc_unified_core\results\b50_8_multi_offset\offset_p100\operator_cache\range_056501-056700.npz
377,range_056651-056850,cache,4096,73892400,73892399,0.018763303756713867,d:\hpc_project\tdc_unified_core\results\b50_8_multi_offset\offset_p100\operator_cache\range_056651-056850.npz
378,range_056801-057000,cache,4096,73888007,73888006,0.02172565460205078,d:\hpc_project\tdc_unified_core\results\b50_8_multi_offset\offset_p100\operator_cache\range_056801-057000.npz
379,range_056951-057150,cache,4096,73882533,73882532,0.022068500518798828,d:\hpc_project\tdc_unified_core\results\b50_8_multi_offset\offset_p100\operator_cache\range_056951-057150.npz
380,range_057101-057300,cache,4096,73871191,73871190,0.023010730743408203,d:\hpc_project\tdc_unified_core\results\b50_8_multi_offset\offset_p100\operator_cache\range_057101-057300.npz
381,range_057251-057450,cache,4096,73874073,73874072,0.021745681762695312,d:\hpc_project\tdc_unified_core\results\b50_8_multi_offset\offset_p100\operator_cache\range_057251-057450.npz
382,range_057401-057600,cache,4096,73863729,73863728,0.02594757080078125,d:\hpc_project\tdc_unified_core\results\b50_8_multi_offset\offset_p100\operator_cache\range_057401-057600.npz
383,range_057551-057750,cache,4096,73854597,73854596,0.02060222625732422,d:\hpc_project\tdc_unified_core\results\b50_8_multi_offset\offset_p100\operator_cache\range_057551-057750.npz
384,range_057701-057900,cache,4096,73855426,73855425,0.021109819412231445,d:\hpc_project\tdc_unified_core\results\b50_8_multi_offset\offset_p100\operator_cache\range_057701-057900.npz
385,range_057851-058050,cache,4096,73836297,73836296,0.027400732040405273,d:\hpc_project\tdc_unified_core\results\b50_8_multi_offset\offset_p100\operator_cache\range_057851-058050.npz
386,range_058001-058200,cache,4096,73839708,73839707,0.02363276481628418,d:\hpc_project\tdc_unified_core\results\b50_8_multi_offset\offset_p100\operator_cache\range_058001-058200.npz
387,range_058151-058350,cache,4096,73830511,73830510,0.020701885223388672,d:\hpc_project\tdc_unified_core\results\b50_8_multi_offset\offset_p100\operator_cache\range_058151-058350.npz
388,range_058301-058500,cache,4096,73812134,73812133,0.020460128784179688,d:\hpc_project\tdc_unified_core\results\b50_8_multi_offset\offset_p100\operator_cache\range_058301-058500.npz
389,range_058451-058650,cache,4096,73808812,73808811,0.022872447967529297,d:\hpc_project\tdc_unified_core\results\b50_8_multi_offset\offset_p100\operator_cache\range_058451-058650.npz
390,range_058601-058800,cache,4096,73802939,73802938,0.019469499588012695,d:\hpc_project\tdc_unified_core\results\b50_8_multi_offset\offset_p100\operator_cache\range_058601-058800.npz
391,range_058751-058950,cache,4096,73802660,73802659,0.021651029586791992,d:\hpc_project\tdc_unified_core\results\b50_8_multi_offset\offset_p100\operator_cache\range_058751-058950.npz
392,range_058901-059100,cache,4096,73790472,73790471,0.01936197280883789,d:\hpc_project\tdc_unified_core\results\b50_8_multi_offset\offset_p100\operator_cache\range_058901-059100.npz
393,range_059051-059250,cache,4096,73786677,73786676,0.02310800552368164,d:\hpc_project\tdc_unified_core\results\b50_8_multi_offset\offset_p100\operator_cache\range_059051-059250.npz
394,range_059201-059400,cache,4096,73775884,73775883,0.020616531372070312,d:\hpc_project\tdc_unified_core\results\b50_8_multi_offset\offset_p100\operator_cache\range_059201-059400.npz
395,range_059351-059550,cache,4096,73768164,73768163,0.017812490463256836,d:\hpc_project\tdc_unified_core\results\b50_8_multi_offset\offset_p100\operator_cache\range_059351-059550.npz
396,range_059501-059700,cache,4096,73769647,73769646,0.020673751831054688,d:\hpc_project\tdc_unified_core\results\b50_8_multi_offset\offset_p100\operator_cache\range_059501-059700.npz
397,range_059651-059850,cache,4096,73757891,73757890,0.020886898040771484,d:\hpc_project\tdc_unified_core\results\b50_8_multi_offset\offset_p100\operator_cache\range_059651-059850.npz
398,range_059801-060000,cache,4096,73754377,73754376,0.0238344669342041,d:\hpc_project\tdc_unified_core\results\b50_8_multi_offset\offset_p100\operator_cache\range_059801-060000.npz
399,range_059951-060150,cache,4096,73747901,73747900,0.02144002914428711,d:\hpc_project\tdc_unified_core\results\b50_8_multi_offset\offset_p100\operator_cache\range_059951-060150.npz
400,range_060101-060300,cache,4096,73734571,73734570,0.027691125869750977,d:\hpc_project\tdc_unified_core\results\b50_8_multi_offset\offset_p100\operator_cache\range_060101-060300.npz
401,range_060251-060450,cache,4096,73728110,73728109,0.023724079132080078,d:\hpc_project\tdc_unified_core\results\b50_8_multi_offset\offset_p100\operator_cache\range_060251-060450.npz
402,range_060401-060600,cache,4096,73724766,73724765,0.01794147491455078,d:\hpc_project\tdc_unified_core\results\b50_8_multi_offset\offset_p100\operator_cache\range_060401-060600.npz
403,range_060551-060750,cache,4096,73714331,73714330,0.0234830379486084,d:\hpc_project\tdc_unified_core\results\b50_8_multi_offset\offset_p100\operator_cache\range_060551-060750.npz
404,range_060701-060900,cache,4096,73703600,73703599,0.025032520294189453,d:\hpc_project\tdc_unified_core\results\b50_8_multi_offset\offset_p100\operator_cache\range_060701-060900.npz
405,range_060851-061050,cache,4096,73701080,73701079,0.016641616821289062,d:\hpc_project\tdc_unified_core\results\b50_8_multi_offset\offset_p100\operator_cache\range_060851-061050.npz
406,range_061001-061200,cache,4096,73697129,73697128,0.016803741455078125,d:\hpc_project\tdc_unified_core\results\b50_8_multi_offset\offset_p100\operator_cache\range_061001-061200.npz
407,range_061151-061350,cache,4096,73686889,73686888,0.022085905075073242,d:\hpc_project\tdc_unified_core\results\b50_8_multi_offset\offset_p100\operator_cache\range_061151-061350.npz
408,range_061301-061500,cache,4096,73682850,73682849,0.02138972282409668,d:\hpc_project\tdc_unified_core\results\b50_8_multi_offset\offset_p100\operator_cache\range_061301-061500.npz
409,range_061451-061650,cache,4096,73674851,73674850,0.02743053436279297,d:\hpc_project\tdc_unified_core\results\b50_8_multi_offset\offset_p100\operator_cache\range_061451-061650.npz
410,range_061601-061800,cache,4096,73672556,73672555,0.029864788055419922,d:\hpc_project\tdc_unified_core\results\b50_8_multi_offset\offset_p100\operator_cache\range_061601-061800.npz
411,range_061751-061950,cache,4096,73665559,73665558,0.02463698387145996,d:\hpc_project\tdc_unified_core\results\b50_8_multi_offset\offset_p100\operator_cache\range_061751-061950.npz
412,range_061901-062100,cache,4096,73659632,73659631,0.0260012149810791,d:\hpc_project\tdc_unified_core\results\b50_8_multi_offset\offset_p100\operator_cache\range_061901-062100.npz
413,range_062051-062250,cache,4096,73646313,73646312,0.011390209197998047,d:\hpc_project\tdc_unified_core\results\b50_8_multi_offset\offset_p100\operator_cache\range_062051-062250.npz
414,range_062201-062400,cache,4096,73641074,73641073,0.026896238327026367,d:\hpc_project\tdc_unified_core\results\b50_8_multi_offset\offset_p100\operator_cache\range_062201-062400.npz
415,range_062351-062550,cache,4096,73641174,73641173,0.018520832061767578,d:\hpc_project\tdc_unified_core\results\b50_8_multi_offset\offset_p100\operator_cache\range_062351-062550.npz
416,range_062501-062700,cache,4096,73629136,73629135,0.02929234504699707,d:\hpc_project\tdc_unified_core\results\b50_8_multi_offset\offset_p100\operator_cache\range_062501-062700.npz
417,range_062651-062850,cache,4096,73624899,73624898,0.032566070556640625,d:\hpc_project\tdc_unified_core\results\b50_8_multi_offset\offset_p100\operator_cache\range_062651-062850.npz
418,range_062801-063000,cache,4096,73620754,73620753,0.031105995178222656,d:\hpc_project\tdc_unified_core\results\b50_8_multi_offset\offset_p100\operator_cache\range_062801-063000.npz
419,range_062951-063150,cache,4096,73610547,73610546,0.02200007438659668,d:\hpc_project\tdc_unified_core\results\b50_8_multi_offset\offset_p100\operator_cache\range_062951-063150.npz
420,range_063101-063300,cache,4096,73611901,73611900,0.013945341110229492,d:\hpc_project\tdc_unified_core\results\b50_8_multi_offset\offset_p100\operator_cache\range_063101-063300.npz
421,range_063251-063450,cache,4096,73597279,73597278,0.012501955032348633,d:\hpc_project\tdc_unified_core\results\b50_8_multi_offset\offset_p100\operator_cache\range_063251-063450.npz
422,range_063401-063600,cache,4096,73590279,73590278,0.019490718841552734,d:\hpc_project\tdc_unified_core\results\b50_8_multi_offset\offset_p100\operator_cache\range_063401-063600.npz
423,range_063551-063750,cache,4096,73583139,73583138,0.01943683624267578,d:\hpc_project\tdc_unified_core\results\b50_8_multi_offset\offset_p100\operator_cache\range_063551-063750.npz
424,range_063701-063900,cache,4096,73574654,73574653,0.02083110809326172,d:\hpc_project\tdc_unified_core\results\b50_8_multi_offset\offset_p100\operator_cache\range_063701-063900.npz
425,range_063851-064050,cache,4096,73574744,73574743,0.018913984298706055,d:\hpc_project\tdc_unified_core\results\b50_8_multi_offset\offset_p100\operator_cache\range_063851-064050.npz
426,range_064001-064200,cache,4096,73572173,73572172,0.019551515579223633,d:\hpc_project\tdc_unified_core\results\b50_8_multi_offset\offset_p100\operator_cache\range_064001-064200.npz
427,range_064151-064350,cache,4096,73563494,73563493,0.026654958724975586,d:\hpc_project\tdc_unified_core\results\b50_8_multi_offset\offset_p100\operator_cache\range_064151-064350.npz
428,range_064301-064500,cache,4096,73556266,73556265,0.02181720733642578,d:\hpc_project\tdc_unified_core\results\b50_8_multi_offset\offset_p100\operator_cache\range_064301-064500.npz
429,range_064451-064650,cache,4096,73544588,73544587,0.01840996742248535,d:\hpc_project\tdc_unified_core\results\b50_8_multi_offset\offset_p100\operator_cache\range_064451-064650.npz
430,range_064601-064800,cache,4096,73539846,73539845,0.023869752883911133,d:\hpc_project\tdc_unified_core\results\b50_8_multi_offset\offset_p100\operator_cache\range_064601-064800.npz
431,range_064751-064950,cache,4096,73531334,73531333,0.024158477783203125,d:\hpc_project\tdc_unified_core\results\b50_8_multi_offset\offset_p100\operator_cache\range_064751-064950.npz
432,range_064901-065100,cache,4096,73530860,73530859,0.02127861976623535,d:\hpc_project\tdc_unified_core\results\b50_8_multi_offset\offset_p100\operator_cache\range_064901-065100.npz
433,range_065051-065250,cache,4096,73529001,73529000,0.02436685562133789,d:\hpc_project\tdc_unified_core\results\b50_8_multi_offset\offset_p100\operator_cache\range_065051-065250.npz
434,range_065201-065400,cache,4096,73522562,73522561,0.02525615692138672,d:\hpc_project\tdc_unified_core\results\b50_8_multi_offset\offset_p100\operator_cache\range_065201-065400.npz
435,range_065351-065550,cache,4096,73508770,73508769,0.0197906494140625,d:\hpc_project\tdc_unified_core\results\b50_8_multi_offset\offset_p100\operator_cache\range_065351-065550.npz
436,range_065501-065700,cache,4096,73499899,73499898,0.020701885223388672,d:\hpc_project\tdc_unified_core\results\b50_8_multi_offset\offset_p100\operator_cache\range_065501-065700.npz
437,range_065651-065850,cache,4096,73494393,73494392,0.024274349212646484,d:\hpc_project\tdc_unified_core\results\b50_8_multi_offset\offset_p100\operator_cache\range_065651-065850.npz
438,range_065801-066000,cache,4096,73490363,73490362,0.02082347869873047,d:\hpc_project\tdc_unified_core\results\b50_8_multi_offset\offset_p100\operator_cache\range_065801-066000.npz
439,range_065951-066150,cache,4096,73483746,73483745,0.02107524871826172,d:\hpc_project\tdc_unified_core\results\b50_8_multi_offset\offset_p100\operator_cache\range_065951-066150.npz
440,range_066101-066300,cache,4096,73483664,73483663,0.018764257431030273,d:\hpc_project\tdc_unified_core\results\b50_8_multi_offset\offset_p100\operator_cache\range_066101-066300.npz
441,range_066251-066450,cache,4096,73474303,73474302,0.022307157516479492,d:\hpc_project\tdc_unified_core\results\b50_8_multi_offset\offset_p100\operator_cache\range_066251-066450.npz
442,range_066401-066600,cache,4096,73468055,73468054,0.02373218536376953,d:\hpc_project\tdc_unified_core\results\b50_8_multi_offset\offset_p100\operator_cache\range_066401-066600.npz
443,range_066551-066750,cache,4096,73461023,73461022,0.01690840721130371,d:\hpc_project\tdc_unified_core\results\b50_8_multi_offset\offset_p100\operator_cache\range_066551-066750.npz
444,range_066701-066900,cache,4096,73452784,73452783,0.02305150032043457,d:\hpc_project\tdc_unified_core\results\b50_8_multi_offset\offset_p100\operator_cache\range_066701-066900.npz
445,range_066851-067050,cache,4096,73447632,73447631,0.020559072494506836,d:\hpc_project\tdc_unified_core\results\b50_8_multi_offset\offset_p100\operator_cache\range_066851-067050.npz
446,range_067001-067200,cache,4096,73442018,73442017,0.02308940887451172,d:\hpc_project\tdc_unified_core\results\b50_8_multi_offset\offset_p100\operator_cache\range_067001-067200.npz
447,range_067151-067350,cache,4096,73435979,73435978,0.02227306365966797,d:\hpc_project\tdc_unified_core\results\b50_8_multi_offset\offset_p100\operator_cache\range_067151-067350.npz
448,range_067301-067500,cache,4096,73436535,73436534,0.023656606674194336,d:\hpc_project\tdc_unified_core\results\b50_8_multi_offset\offset_p100\operator_cache\range_067301-067500.npz
449,range_067451-067650,cache,4096,73421553,73421552,0.020554780960083008,d:\hpc_project\tdc_unified_core\results\b50_8_multi_offset\offset_p100\operator_cache\range_067451-067650.npz
450,range_067601-067800,cache,4096,73427248,73427247,0.023839712142944336,d:\hpc_project\tdc_unified_core\results\b50_8_multi_offset\offset_p100\operator_cache\range_067601-067800.npz
451,range_067751-067950,cache,4096,73415028,73415027,0.021997928619384766,d:\hpc_project\tdc_unified_core\results\b50_8_multi_offset\offset_p100\operator_cache\range_067751-067950.npz
452,range_067901-068100,cache,4096,73400450,73400449,0.024832725524902344,d:\hpc_project\tdc_unified_core\results\b50_8_multi_offset\offset_p100\operator_cache\range_067901-068100.npz
453,range_068051-068250,cache,4096,73396371,73396370,0.017317771911621094,d:\hpc_project\tdc_unified_core\results\b50_8_multi_offset\offset_p100\operator_cache\range_068051-068250.npz
454,range_068201-068400,cache,4096,73394470,73394469,0.02189803123474121,d:\hpc_project\tdc_unified_core\results\b50_8_multi_offset\offset_p100\operator_cache\range_068201-068400.npz
455,range_068351-068550,cache,4096,73382514,73382513,0.023975372314453125,d:\hpc_project\tdc_unified_core\results\b50_8_multi_offset\offset_p100\operator_cache\range_068351-068550.npz
456,range_068501-068700,cache,4096,73382345,73382344,0.019482851028442383,d:\hpc_project\tdc_unified_core\results\b50_8_multi_offset\offset_p100\operator_cache\range_068501-068700.npz
457,range_068651-068850,cache,4096,73376944,73376943,0.019873619079589844,d:\hpc_project\tdc_unified_core\results\b50_8_multi_offset\offset_p100\operator_cache\range_068651-068850.npz
458,range_068801-069000,cache,4096,73375320,73375319,0.018403053283691406,d:\hpc_project\tdc_unified_core\results\b50_8_multi_offset\offset_p100\operator_cache\range_068801-069000.npz
459,range_068951-069150,cache,4096,73371952,73371951,0.021763086318969727,d:\hpc_project\tdc_unified_core\results\b50_8_multi_offset\offset_p100\operator_cache\range_068951-069150.npz
460,range_069101-069300,cache,4096,73362107,73362106,0.028398990631103516,d:\hpc_project\tdc_unified_core\results\b50_8_multi_offset\offset_p100\operator_cache\range_069101-069300.npz
461,range_069251-069450,cache,4096,73351704,73351703,0.018001079559326172,d:\hpc_project\tdc_unified_core\results\b50_8_multi_offset\offset_p100\operator_cache\range_069251-069450.npz
462,range_069401-069600,cache,4096,73345935,73345934,0.022305965423583984,d:\hpc_project\tdc_unified_core\results\b50_8_multi_offset\offset_p100\operator_cache\range_069401-069600.npz
463,range_069551-069750,cache,4096,73342293,73342292,0.01984882354736328,d:\hpc_project\tdc_unified_core\results\b50_8_multi_offset\offset_p100\operator_cache\range_069551-069750.npz
464,range_069701-069900,cache,4096,73333841,73333840,0.023851871490478516,d:\hpc_project\tdc_unified_core\results\b50_8_multi_offset\offset_p100\operator_cache\range_069701-069900.npz
465,range_069851-070050,cache,4096,73331412,73331411,0.01857280731201172,d:\hpc_project\tdc_unified_core\results\b50_8_multi_offset\offset_p100\operator_cache\range_069851-070050.npz
466,range_070001-070200,cache,4096,73329527,73329526,0.021747827529907227,d:\hpc_project\tdc_unified_core\results\b50_8_multi_offset\offset_p100\operator_cache\range_070001-070200.npz
467,range_070151-070350,cache,4096,73319155,73319154,0.025299549102783203,d:\hpc_project\tdc_unified_core\results\b50_8_multi_offset\offset_p100\operator_cache\range_070151-070350.npz
468,range_070301-070500,cache,4096,73314872,73314871,0.01918959617614746,d:\hpc_project\tdc_unified_core\results\b50_8_multi_offset\offset_p100\operator_cache\range_070301-070500.npz
469,range_070451-070650,cache,4096,73305089,73305088,0.019561290740966797,d:\hpc_project\tdc_unified_core\results\b50_8_multi_offset\offset_p100\operator_cache\range_070451-070650.npz
470,range_070601-070800,cache,4096,73295531,73295530,0.0253908634185791,d:\hpc_project\tdc_unified_core\results\b50_8_multi_offset\offset_p100\operator_cache\range_070601-070800.npz
471,range_070751-070950,cache,4096,73296906,73296905,0.0215301513671875,d:\hpc_project\tdc_unified_core\results\b50_8_multi_offset\offset_p100\operator_cache\range_070751-070950.npz
472,range_070901-071100,cache,4096,73286868,73286867,0.018780946731567383,d:\hpc_project\tdc_unified_core\results\b50_8_multi_offset\offset_p100\operator_cache\range_070901-071100.npz
473,range_071051-071250,cache,4096,73279098,73279097,0.023072481155395508,d:\hpc_project\tdc_unified_core\results\b50_8_multi_offset\offset_p100\operator_cache\range_071051-071250.npz
474,range_071201-071400,cache,4096,73278956,73278955,0.019816875457763672,d:\hpc_project\tdc_unified_core\results\b50_8_multi_offset\offset_p100\operator_cache\range_071201-071400.npz
475,range_071351-071550,cache,4096,73277250,73277249,0.022684574127197266,d:\hpc_project\tdc_unified_core\results\b50_8_multi_offset\offset_p100\operator_cache\range_071351-071550.npz
476,range_071501-071700,cache,4096,73267983,73267982,0.02115917205810547,d:\hpc_project\tdc_unified_core\results\b50_8_multi_offset\offset_p100\operator_cache\range_071501-071700.npz
477,range_071651-071850,cache,4096,73263442,73263441,0.02880120277404785,d:\hpc_project\tdc_unified_core\results\b50_8_multi_offset\offset_p100\operator_cache\range_071651-071850.npz
478,range_071801-072000,cache,4096,73256248,73256247,0.02187371253967285,d:\hpc_project\tdc_unified_core\results\b50_8_multi_offset\offset_p100\operator_cache\range_071801-072000.npz
479,range_071951-072150,cache,4096,73249575,73249574,0.018090009689331055,d:\hpc_project\tdc_unified_core\results\b50_8_multi_offset\offset_p100\operator_cache\range_071951-072150.npz
480,range_072101-072300,cache,4096,73251811,73251810,0.026442289352416992,d:\hpc_project\tdc_unified_core\results\b50_8_multi_offset\offset_p100\operator_cache\range_072101-072300.npz
481,range_072251-072450,cache,4096,73242481,73242480,0.028691530227661133,d:\hpc_project\tdc_unified_core\results\b50_8_multi_offset\offset_p100\operator_cache\range_072251-072450.npz
482,range_072401-072600,cache,4096,73237314,73237313,0.017684221267700195,d:\hpc_project\tdc_unified_core\results\b50_8_multi_offset\offset_p100\operator_cache\range_072401-072600.npz
483,range_072551-072750,cache,4096,73230094,73230093,0.019989490509033203,d:\hpc_project\tdc_unified_core\results\b50_8_multi_offset\offset_p100\operator_cache\range_072551-072750.npz
484,range_072701-072900,cache,4096,73226789,73226788,0.021681785583496094,d:\hpc_project\tdc_unified_core\results\b50_8_multi_offset\offset_p100\operator_cache\range_072701-072900.npz
485,range_072851-073050,cache,4096,73219295,73219294,0.021500110626220703,d:\hpc_project\tdc_unified_core\results\b50_8_multi_offset\offset_p100\operator_cache\range_072851-073050.npz
486,range_073001-073200,cache,4096,73211152,73211151,0.02114415168762207,d:\hpc_project\tdc_unified_core\results\b50_8_multi_offset\offset_p100\operator_cache\range_073001-073200.npz
487,range_073151-073350,cache,4096,73202297,73202296,0.016950607299804688,d:\hpc_project\tdc_unified_core\results\b50_8_multi_offset\offset_p100\operator_cache\range_073151-073350.npz
488,range_073301-073500,cache,4096,73199160,73199159,0.026546955108642578,d:\hpc_project\tdc_unified_core\results\b50_8_multi_offset\offset_p100\operator_cache\range_073301-073500.npz
489,range_073451-073650,cache,4096,73197323,73197322,0.01931476593017578,d:\hpc_project\tdc_unified_core\results\b50_8_multi_offset\offset_p100\operator_cache\range_073451-073650.npz
490,range_073601-073800,cache,4096,73190413,73190412,0.02259373664855957,d:\hpc_project\tdc_unified_core\results\b50_8_multi_offset\offset_p100\operator_cache\range_073601-073800.npz
491,range_073751-073950,cache,4096,73186252,73186251,0.0255434513092041,d:\hpc_project\tdc_unified_core\results\b50_8_multi_offset\offset_p100\operator_cache\range_073751-073950.npz
492,range_073901-074100,cache,4096,73177609,73177608,0.021218061447143555,d:\hpc_project\tdc_unified_core\results\b50_8_multi_offset\offset_p100\operator_cache\range_073901-074100.npz
493,range_074051-074250,cache,4096,73178003,73178002,0.022517919540405273,d:\hpc_project\tdc_unified_core\results\b50_8_multi_offset\offset_p100\operator_cache\range_074051-074250.npz
494,range_074201-074400,cache,4096,73174608,73174607,0.01949930191040039,d:\hpc_project\tdc_unified_core\results\b50_8_multi_offset\offset_p100\operator_cache\range_074201-074400.npz
495,range_074351-074550,cache,4096,73160728,73160727,0.024595975875854492,d:\hpc_project\tdc_unified_core\results\b50_8_multi_offset\offset_p100\operator_cache\range_074351-074550.npz
496,range_074501-074700,cache,4096,73162399,73162398,0.023168325424194336,d:\hpc_project\tdc_unified_core\results\b50_8_multi_offset\offset_p100\operator_cache\range_074501-074700.npz
497,range_074651-074850,cache,4096,73153684,73153683,0.02166891098022461,d:\hpc_project\tdc_unified_core\results\b50_8_multi_offset\offset_p100\operator_cache\range_074651-074850.npz
498,range_074801-075000,cache,4096,73150619,73150618,0.019408464431762695,d:\hpc_project\tdc_unified_core\results\b50_8_multi_offset\offset_p100\operator_cache\range_074801-075000.npz
499,range_074951-075150,cache,4096,73145533,73145532,0.02311086654663086,d:\hpc_project\tdc_unified_core\results\b50_8_multi_offset\offset_p100\operator_cache\range_074951-075150.npz
500,range_075101-075300,cache,4096,73135929,73135928,0.021029233932495117,d:\hpc_project\tdc_unified_core\results\b50_8_multi_offset\offset_p100\operator_cache\range_075101-075300.npz
501,range_075251-075450,cache,4096,73125925,73125924,0.020885705947875977,d:\hpc_project\tdc_unified_core\results\b50_8_multi_offset\offset_p100\operator_cache\range_075251-075450.npz
502,range_075401-075600,cache,4096,73124000,73123999,0.025136232376098633,d:\hpc_project\tdc_unified_core\results\b50_8_multi_offset\offset_p100\operator_cache\range_075401-075600.npz
503,range_075551-075750,cache,4096,73120462,73120461,0.020505666732788086,d:\hpc_project\tdc_unified_core\results\b50_8_multi_offset\offset_p100\operator_cache\range_075551-075750.npz
504,range_075701-075900,cache,4096,73116144,73116143,0.020962953567504883,d:\hpc_project\tdc_unified_core\results\b50_8_multi_offset\offset_p100\operator_cache\range_075701-075900.npz
505,range_075851-076050,cache,4096,73108395,73108394,0.029374122619628906,d:\hpc_project\tdc_unified_core\results\b50_8_multi_offset\offset_p100\operator_cache\range_075851-076050.npz
506,range_076001-076200,cache,4096,73107046,73107045,0.020907878875732422,d:\hpc_project\tdc_unified_core\results\b50_8_multi_offset\offset_p100\operator_cache\range_076001-076200.npz
507,range_076151-076350,cache,4096,73097358,73097357,0.022962331771850586,d:\hpc_project\tdc_unified_core\results\b50_8_multi_offset\offset_p100\operator_cache\range_076151-076350.npz
508,range_076301-076500,cache,4096,73096896,73096895,0.020098209381103516,d:\hpc_project\tdc_unified_core\results\b50_8_multi_offset\offset_p100\operator_cache\range_076301-076500.npz
509,range_076451-076650,cache,4096,73089370,73089369,0.02171039581298828,d:\hpc_project\tdc_unified_core\results\b50_8_multi_offset\offset_p100\operator_cache\range_076451-076650.npz
510,range_076601-076800,cache,4096,73088857,73088856,0.020141124725341797,d:\hpc_project\tdc_unified_core\results\b50_8_multi_offset\offset_p100\operator_cache\range_076601-076800.npz
511,range_076751-076950,cache,4096,73080664,73080663,0.022112607955932617,d:\hpc_project\tdc_unified_core\results\b50_8_multi_offset\offset_p100\operator_cache\range_076751-076950.npz
512,range_076901-077100,cache,4096,73072542,73072541,0.02746295928955078,d:\hpc_project\tdc_unified_core\results\b50_8_multi_offset\offset_p100\operator_cache\range_076901-077100.npz
513,range_077051-077250,cache,4096,73069135,73069134,0.02237868309020996,d:\hpc_project\tdc_unified_core\results\b50_8_multi_offset\offset_p100\operator_cache\range_077051-077250.npz
514,range_077201-077400,cache,4096,73060670,73060669,0.016752004623413086,d:\hpc_project\tdc_unified_core\results\b50_8_multi_offset\offset_p100\operator_cache\range_077201-077400.npz
515,range_077351-077550,cache,4096,73051463,73051462,0.01897573471069336,d:\hpc_project\tdc_unified_core\results\b50_8_multi_offset\offset_p100\operator_cache\range_077351-077550.npz
516,range_077501-077700,cache,4096,73049550,73049549,0.023552656173706055,d:\hpc_project\tdc_unified_core\results\b50_8_multi_offset\offset_p100\operator_cache\range_077501-077700.npz
517,range_077651-077850,cache,4096,73050603,73050602,0.020919084548950195,d:\hpc_project\tdc_unified_core\results\b50_8_multi_offset\offset_p100\operator_cache\range_077651-077850.npz
518,range_077801-078000,cache,4096,73045738,73045737,0.02102208137512207,d:\hpc_project\tdc_unified_core\results\b50_8_multi_offset\offset_p100\operator_cache\range_077801-078000.npz
519,range_077951-078150,cache,4096,73037698,73037697,0.02321314811706543,d:\hpc_project\tdc_unified_core\results\b50_8_multi_offset\offset_p100\operator_cache\range_077951-078150.npz
520,range_078101-078300,cache,4096,73032585,73032584,0.02788996696472168,d:\hpc_project\tdc_unified_core\results\b50_8_multi_offset\offset_p100\operator_cache\range_078101-078300.npz
521,range_078251-078450,cache,4096,73018083,73018082,0.018639326095581055,d:\hpc_project\tdc_unified_core\results\b50_8_multi_offset\offset_p100\operator_cache\range_078251-078450.npz
522,range_078401-078600,cache,4096,73013775,73013774,0.01779627799987793,d:\hpc_project\tdc_unified_core\results\b50_8_multi_offset\offset_p100\operator_cache\range_078401-078600.npz
523,range_078551-078750,cache,4096,73014218,73014217,0.022750139236450195,d:\hpc_project\tdc_unified_core\results\b50_8_multi_offset\offset_p100\operator_cache\range_078551-078750.npz
524,range_078701-078900,cache,4096,73009775,73009774,0.017641067504882812,d:\hpc_project\tdc_unified_core\results\b50_8_multi_offset\offset_p100\operator_cache\range_078701-078900.npz
525,range_078851-079050,cache,4096,73002437,73002436,0.018165111541748047,d:\hpc_project\tdc_unified_core\results\b50_8_multi_offset\offset_p100\operator_cache\range_078851-079050.npz
526,range_079001-079200,cache,4096,73003686,73003685,0.018232345581054688,d:\hpc_project\tdc_unified_core\results\b50_8_multi_offset\offset_p100\operator_cache\range_079001-079200.npz
527,range_079151-079350,cache,4096,72998582,72998581,0.020848751068115234,d:\hpc_project\tdc_unified_core\results\b50_8_multi_offset\offset_p100\operator_cache\range_079151-079350.npz
528,range_079301-079500,cache,4096,72992627,72992626,0.02384352684020996,d:\hpc_project\tdc_unified_core\results\b50_8_multi_offset\offset_p100\operator_cache\range_079301-079500.npz
529,range_079451-079650,cache,4096,72985509,72985508,0.021249055862426758,d:\hpc_project\tdc_unified_core\results\b50_8_multi_offset\offset_p100\operator_cache\range_079451-079650.npz
530,range_079601-079800,cache,4096,72980386,72980385,0.021350860595703125,d:\hpc_project\tdc_unified_core\results\b50_8_multi_offset\offset_p100\operator_cache\range_079601-079800.npz
531,range_079751-079950,cache,4096,72969856,72969855,0.021401643753051758,d:\hpc_project\tdc_unified_core\results\b50_8_multi_offset\offset_p100\operator_cache\range_079751-079950.npz
532,range_079901-080100,cache,4096,72978103,72978102,0.022135496139526367,d:\hpc_project\tdc_unified_core\results\b50_8_multi_offset\offset_p100\operator_cache\range_079901-080100.npz
533,range_080051-080250,cache,4096,72965849,72965848,0.01814889907836914,d:\hpc_project\tdc_unified_core\results\b50_8_multi_offset\offset_p100\operator_cache\range_080051-080250.npz
534,range_080201-080400,cache,4096,72955981,72955980,0.01983356475830078,d:\hpc_project\tdc_unified_core\results\b50_8_multi_offset\offset_p100\operator_cache\range_080201-080400.npz
535,range_080351-080550,cache,4096,72959359,72959358,0.017178058624267578,d:\hpc_project\tdc_unified_core\results\b50_8_multi_offset\offset_p100\operator_cache\range_080351-080550.npz
536,range_080501-080700,cache,4096,72955251,72955250,0.02393507957458496,d:\hpc_project\tdc_unified_core\results\b50_8_multi_offset\offset_p100\operator_cache\range_080501-080700.npz
537,range_080651-080850,cache,4096,72944612,72944611,0.02017807960510254,d:\hpc_project\tdc_unified_core\results\b50_8_multi_offset\offset_p100\operator_cache\range_080651-080850.npz
538,range_080801-081000,cache,4096,72942030,72942029,0.024062156677246094,d:\hpc_project\tdc_unified_core\results\b50_8_multi_offset\offset_p100\operator_cache\range_080801-081000.npz
539,range_080951-081150,cache,4096,72937172,72937171,0.019315719604492188,d:\hpc_project\tdc_unified_core\results\b50_8_multi_offset\offset_p100\operator_cache\range_080951-081150.npz
540,range_081101-081300,cache,4096,72938836,72938835,0.021370887756347656,d:\hpc_project\tdc_unified_core\results\b50_8_multi_offset\offset_p100\operator_cache\range_081101-081300.npz
541,range_081251-081450,cache,4096,72930413,72930412,0.02245306968688965,d:\hpc_project\tdc_unified_core\results\b50_8_multi_offset\offset_p100\operator_cache\range_081251-081450.npz
542,range_081401-081600,cache,4096,72920777,72920776,0.02279520034790039,d:\hpc_project\tdc_unified_core\results\b50_8_multi_offset\offset_p100\operator_cache\range_081401-081600.npz
543,range_081551-081750,cache,4096,72919967,72919966,0.019121885299682617,d:\hpc_project\tdc_unified_core\results\b50_8_multi_offset\offset_p100\operator_cache\range_081551-081750.npz
544,range_081701-081900,cache,4096,72917161,72917160,0.020362377166748047,d:\hpc_project\tdc_unified_core\results\b50_8_multi_offset\offset_p100\operator_cache\range_081701-081900.npz
545,range_081851-082050,cache,4096,72907288,72907287,0.022225379943847656,d:\hpc_project\tdc_unified_core\results\b50_8_multi_offset\offset_p100\operator_cache\range_081851-082050.npz
546,range_082001-082200,cache,4096,72906245,72906244,0.021084308624267578,d:\hpc_project\tdc_unified_core\results\b50_8_multi_offset\offset_p100\operator_cache\range_082001-082200.npz
547,range_082151-082350,cache,4096,72894278,72894277,0.022512435913085938,d:\hpc_project\tdc_unified_core\results\b50_8_multi_offset\offset_p100\operator_cache\range_082151-082350.npz
548,range_082301-082500,cache,4096,72889129,72889128,0.023488521575927734,d:\hpc_project\tdc_unified_core\results\b50_8_multi_offset\offset_p100\operator_cache\range_082301-082500.npz
549,range_082451-082650,cache,4096,72887994,72887993,0.0262143611907959,d:\hpc_project\tdc_unified_core\results\b50_8_multi_offset\offset_p100\operator_cache\range_082451-082650.npz
550,range_082601-082800,cache,4096,72882708,72882707,0.020066499710083008,d:\hpc_project\tdc_unified_core\results\b50_8_multi_offset\offset_p100\operator_cache\range_082601-082800.npz
551,range_082751-082950,cache,4096,72873306,72873305,0.018017292022705078,d:\hpc_project\tdc_unified_core\results\b50_8_multi_offset\offset_p100\operator_cache\range_082751-082950.npz
552,range_082901-083100,cache,4096,72871442,72871441,0.02326655387878418,d:\hpc_project\tdc_unified_core\results\b50_8_multi_offset\offset_p100\operator_cache\range_082901-083100.npz
553,range_083051-083250,cache,4096,72866248,72866247,0.022591590881347656,d:\hpc_project\tdc_unified_core\results\b50_8_multi_offset\offset_p100\operator_cache\range_083051-083250.npz
554,range_083201-083400,cache,4096,72858696,72858695,0.02211475372314453,d:\hpc_project\tdc_unified_core\results\b50_8_multi_offset\offset_p100\operator_cache\range_083201-083400.npz
555,range_083351-083550,cache,4096,72857818,72857817,0.0207064151763916,d:\hpc_project\tdc_unified_core\results\b50_8_multi_offset\offset_p100\operator_cache\range_083351-083550.npz
556,range_083501-083700,cache,4096,72851751,72851750,0.024269819259643555,d:\hpc_project\tdc_unified_core\results\b50_8_multi_offset\offset_p100\operator_cache\range_083501-083700.npz
557,range_083651-083850,cache,4096,72854385,72854384,0.02393031120300293,d:\hpc_project\tdc_unified_core\results\b50_8_multi_offset\offset_p100\operator_cache\range_083651-083850.npz
558,range_083801-084000,cache,4096,72842492,72842491,0.024445772171020508,d:\hpc_project\tdc_unified_core\results\b50_8_multi_offset\offset_p100\operator_cache\range_083801-084000.npz
559,range_083951-084150,cache,4096,72837522,72837521,0.024865388870239258,d:\hpc_project\tdc_unified_core\results\b50_8_multi_offset\offset_p100\operator_cache\range_083951-084150.npz
560,range_084101-084300,cache,4096,72840608,72840607,0.023270845413208008,d:\hpc_project\tdc_unified_core\results\b50_8_multi_offset\offset_p100\operator_cache\range_084101-084300.npz
561,range_084251-084450,cache,4096,72829075,72829074,0.021438121795654297,d:\hpc_project\tdc_unified_core\results\b50_8_multi_offset\offset_p100\operator_cache\range_084251-084450.npz
562,range_084401-084600,cache,4096,72821704,72821703,0.02295994758605957,d:\hpc_project\tdc_unified_core\results\b50_8_multi_offset\offset_p100\operator_cache\range_084401-084600.npz
563,range_084551-084750,cache,4096,72821673,72821672,0.02263021469116211,d:\hpc_project\tdc_unified_core\results\b50_8_multi_offset\offset_p100\operator_cache\range_084551-084750.npz
564,range_084701-084900,cache,4096,72813730,72813729,0.022421598434448242,d:\hpc_project\tdc_unified_core\results\b50_8_multi_offset\offset_p100\operator_cache\range_084701-084900.npz
565,range_084851-085050,cache,4096,72813107,72813106,0.01980900764465332,d:\hpc_project\tdc_unified_core\results\b50_8_multi_offset\offset_p100\operator_cache\range_084851-085050.npz
566,range_085001-085200,cache,4096,72806942,72806941,0.02639484405517578,d:\hpc_project\tdc_unified_core\results\b50_8_multi_offset\offset_p100\operator_cache\range_085001-085200.npz
567,range_085151-085350,cache,4096,72804305,72804304,0.020503520965576172,d:\hpc_project\tdc_unified_core\results\b50_8_multi_offset\offset_p100\operator_cache\range_085151-085350.npz
568,range_085301-085500,cache,4096,72789558,72789557,0.02075052261352539,d:\hpc_project\tdc_unified_core\results\b50_8_multi_offset\offset_p100\operator_cache\range_085301-085500.npz
569,range_085451-085650,cache,4096,72792286,72792285,0.017812013626098633,d:\hpc_project\tdc_unified_core\results\b50_8_multi_offset\offset_p100\operator_cache\range_085451-085650.npz
570,range_085601-085800,cache,4096,72787886,72787885,0.02644205093383789,d:\hpc_project\tdc_unified_core\results\b50_8_multi_offset\offset_p100\operator_cache\range_085601-085800.npz
571,range_085751-085950,cache,4096,72790025,72790024,0.022658824920654297,d:\hpc_project\tdc_unified_core\results\b50_8_multi_offset\offset_p100\operator_cache\range_085751-085950.npz
572,range_085901-086100,cache,4096,72774955,72774954,0.017415761947631836,d:\hpc_project\tdc_unified_core\results\b50_8_multi_offset\offset_p100\operator_cache\range_085901-086100.npz
573,range_086051-086250,cache,4096,72769158,72769157,0.01808905601501465,d:\hpc_project\tdc_unified_core\results\b50_8_multi_offset\offset_p100\operator_cache\range_086051-086250.npz
574,range_086201-086400,cache,4096,72765951,72765950,0.024039745330810547,d:\hpc_project\tdc_unified_core\results\b50_8_multi_offset\offset_p100\operator_cache\range_086201-086400.npz
575,range_086351-086550,cache,4096,72773567,72773566,0.01945328712463379,d:\hpc_project\tdc_unified_core\results\b50_8_multi_offset\offset_p100\operator_cache\range_086351-086550.npz
576,range_086501-086700,cache,4096,72758146,72758145,0.018364667892456055,d:\hpc_project\tdc_unified_core\results\b50_8_multi_offset\offset_p100\operator_cache\range_086501-086700.npz
577,range_086651-086850,cache,4096,72748299,72748298,0.02030205726623535,d:\hpc_project\tdc_unified_core\results\b50_8_multi_offset\offset_p100\operator_cache\range_086651-086850.npz
578,range_086801-087000,cache,4096,72759935,72759934,0.020551204681396484,d:\hpc_project\tdc_unified_core\results\b50_8_multi_offset\offset_p100\operator_cache\range_086801-087000.npz
579,range_086951-087150,cache,4096,72750687,72750686,0.01953601837158203,d:\hpc_project\tdc_unified_core\results\b50_8_multi_offset\offset_p100\operator_cache\range_086951-087150.npz
580,range_087101-087300,cache,4096,72748013,72748012,0.02672266960144043,d:\hpc_project\tdc_unified_core\results\b50_8_multi_offset\offset_p100\operator_cache\range_087101-087300.npz
581,range_087251-087450,cache,4096,72742699,72742698,0.021203279495239258,d:\hpc_project\tdc_unified_core\results\b50_8_multi_offset\offset_p100\operator_cache\range_087251-087450.npz
582,range_087401-087600,cache,4096,72734021,72734020,0.019853830337524414,d:\hpc_project\tdc_unified_core\results\b50_8_multi_offset\offset_p100\operator_cache\range_087401-087600.npz
583,range_087551-087750,cache,4096,72721603,72721602,0.024088144302368164,d:\hpc_project\tdc_unified_core\results\b50_8_multi_offset\offset_p100\operator_cache\range_087551-087750.npz
584,range_087701-087900,cache,4096,72724799,72724798,0.025321006774902344,d:\hpc_project\tdc_unified_core\results\b50_8_multi_offset\offset_p100\operator_cache\range_087701-087900.npz
585,range_087851-088050,cache,4096,72724404,72724403,0.023028135299682617,d:\hpc_project\tdc_unified_core\results\b50_8_multi_offset\offset_p100\operator_cache\range_087851-088050.npz
586,range_088001-088200,cache,4096,72719777,72719776,0.01867818832397461,d:\hpc_project\tdc_unified_core\results\b50_8_multi_offset\offset_p100\operator_cache\range_088001-088200.npz
587,range_088151-088350,cache,4096,72710700,72710699,0.020157814025878906,d:\hpc_project\tdc_unified_core\results\b50_8_multi_offset\offset_p100\operator_cache\range_088151-088350.npz
588,range_088301-088500,cache,4096,72702504,72702503,0.022880077362060547,d:\hpc_project\tdc_unified_core\results\b50_8_multi_offset\offset_p100\operator_cache\range_088301-088500.npz
589,range_088451-088650,cache,4096,72701431,72701430,0.021450042724609375,d:\hpc_project\tdc_unified_core\results\b50_8_multi_offset\offset_p100\operator_cache\range_088451-088650.npz
590,range_088601-088800,cache,4096,72696748,72696747,0.019306421279907227,d:\hpc_project\tdc_unified_core\results\b50_8_multi_offset\offset_p100\operator_cache\range_088601-088800.npz
591,range_088751-088950,cache,4096,72698990,72698989,0.020435333251953125,d:\hpc_project\tdc_unified_core\results\b50_8_multi_offset\offset_p100\operator_cache\range_088751-088950.npz
592,range_088901-089100,cache,4096,72688594,72688593,0.019509553909301758,d:\hpc_project\tdc_unified_core\results\b50_8_multi_offset\offset_p100\operator_cache\range_088901-089100.npz
593,range_089051-089250,cache,4096,72684912,72684911,0.021314382553100586,d:\hpc_project\tdc_unified_core\results\b50_8_multi_offset\offset_p100\operator_cache\range_089051-089250.npz
594,range_089201-089400,cache,4096,72679565,72679564,0.023265361785888672,d:\hpc_project\tdc_unified_core\results\b50_8_multi_offset\offset_p100\operator_cache\range_089201-089400.npz
595,range_089351-089550,cache,4096,72670459,72670458,0.027315378189086914,d:\hpc_project\tdc_unified_core\results\b50_8_multi_offset\offset_p100\operator_cache\range_089351-089550.npz
596,range_089501-089700,cache,4096,72667951,72667950,0.026444435119628906,d:\hpc_project\tdc_unified_core\results\b50_8_multi_offset\offset_p100\operator_cache\range_089501-089700.npz
597,range_089651-089850,cache,4096,72666905,72666904,0.01887655258178711,d:\hpc_project\tdc_unified_core\results\b50_8_multi_offset\offset_p100\operator_cache\range_089651-089850.npz
598,range_089801-090000,cache,4096,72660969,72660968,0.019448518753051758,d:\hpc_project\tdc_unified_core\results\b50_8_multi_offset\offset_p100\operator_cache\range_089801-090000.npz
599,range_089951-090150,cache,4096,72660522,72660521,0.023703575134277344,d:\hpc_project\tdc_unified_core\results\b50_8_multi_offset\offset_p100\operator_cache\range_089951-090150.npz
600,range_090101-090300,cache,4096,72656529,72656528,0.023865938186645508,d:\hpc_project\tdc_unified_core\results\b50_8_multi_offset\offset_p100\operator_cache\range_090101-090300.npz
601,range_090251-090450,cache,4096,72643179,72643178,0.019680500030517578,d:\hpc_project\tdc_unified_core\results\b50_8_multi_offset\offset_p100\operator_cache\range_090251-090450.npz
602,range_090401-090600,cache,4096,72640338,72640337,0.024940967559814453,d:\hpc_project\tdc_unified_core\results\b50_8_multi_offset\offset_p100\operator_cache\range_090401-090600.npz
603,range_090551-090750,cache,4096,72640626,72640625,0.02206563949584961,d:\hpc_project\tdc_unified_core\results\b50_8_multi_offset\offset_p100\operator_cache\range_090551-090750.npz
604,range_090701-090900,cache,4096,72639050,72639049,0.020537853240966797,d:\hpc_project\tdc_unified_core\results\b50_8_multi_offset\offset_p100\operator_cache\range_090701-090900.npz
605,range_090851-091050,cache,4096,72629830,72629829,0.019526004791259766,d:\hpc_project\tdc_unified_core\results\b50_8_multi_offset\offset_p100\operator_cache\range_090851-091050.npz
606,range_091001-091200,cache,4096,72623023,72623022,0.020758390426635742,d:\hpc_project\tdc_unified_core\results\b50_8_multi_offset\offset_p100\operator_cache\range_091001-091200.npz
607,range_091151-091350,cache,4096,72619317,72619316,0.019980192184448242,d:\hpc_project\tdc_unified_core\results\b50_8_multi_offset\offset_p100\operator_cache\range_091151-091350.npz
608,range_091301-091500,cache,4096,72622126,72622125,0.02096724510192871,d:\hpc_project\tdc_unified_core\results\b50_8_multi_offset\offset_p100\operator_cache\range_091301-091500.npz
609,range_091451-091650,cache,4096,72609085,72609084,0.021311283111572266,d:\hpc_project\tdc_unified_core\results\b50_8_multi_offset\offset_p100\operator_cache\range_091451-091650.npz
610,range_091601-091800,cache,4096,72613016,72613015,0.02224898338317871,d:\hpc_project\tdc_unified_core\results\b50_8_multi_offset\offset_p100\operator_cache\range_091601-091800.npz
611,range_091751-091950,cache,4096,72615531,72615530,0.01889491081237793,d:\hpc_project\tdc_unified_core\results\b50_8_multi_offset\offset_p100\operator_cache\range_091751-091950.npz
612,range_091901-092100,cache,4096,72601494,72601493,0.023357391357421875,d:\hpc_project\tdc_unified_core\results\b50_8_multi_offset\offset_p100\operator_cache\range_091901-092100.npz
613,range_092051-092250,cache,4096,72595029,72595028,0.019504070281982422,d:\hpc_project\tdc_unified_core\results\b50_8_multi_offset\offset_p100\operator_cache\range_092051-092250.npz
614,range_092201-092400,cache,4096,72589451,72589450,0.023854494094848633,d:\hpc_project\tdc_unified_core\results\b50_8_multi_offset\offset_p100\operator_cache\range_092201-092400.npz
615,range_092351-092550,cache,4096,72582246,72582245,0.021793127059936523,d:\hpc_project\tdc_unified_core\results\b50_8_multi_offset\offset_p100\operator_cache\range_092351-092550.npz
616,range_092501-092700,cache,4096,72588395,72588394,0.018492937088012695,d:\hpc_project\tdc_unified_core\results\b50_8_multi_offset\offset_p100\operator_cache\range_092501-092700.npz
617,range_092651-092850,cache,4096,72574863,72574862,0.023868083953857422,d:\hpc_project\tdc_unified_core\results\b50_8_multi_offset\offset_p100\operator_cache\range_092651-092850.npz
618,range_092801-093000,cache,4096,72573210,72573209,0.02006077766418457,d:\hpc_project\tdc_unified_core\results\b50_8_multi_offset\offset_p100\operator_cache\range_092801-093000.npz
619,range_092951-093150,cache,4096,72574924,72574923,0.01764059066772461,d:\hpc_project\tdc_unified_core\results\b50_8_multi_offset\offset_p100\operator_cache\range_092951-093150.npz
620,range_093101-093300,cache,4096,72565338,72565337,0.026752471923828125,d:\hpc_project\tdc_unified_core\results\b50_8_multi_offset\offset_p100\operator_cache\range_093101-093300.npz
621,range_093251-093450,cache,4096,72565429,72565428,0.019329071044921875,d:\hpc_project\tdc_unified_core\results\b50_8_multi_offset\offset_p100\operator_cache\range_093251-093450.npz
622,range_093401-093600,cache,4096,72554768,72554767,0.019993305206298828,d:\hpc_project\tdc_unified_core\results\b50_8_multi_offset\offset_p100\operator_cache\range_093401-093600.npz
623,range_093551-093750,cache,4096,72556096,72556095,0.019172191619873047,d:\hpc_project\tdc_unified_core\results\b50_8_multi_offset\offset_p100\operator_cache\range_093551-093750.npz
624,range_093701-093900,cache,4096,72544546,72544545,0.0264432430267334,d:\hpc_project\tdc_unified_core\results\b50_8_multi_offset\offset_p100\operator_cache\range_093701-093900.npz
625,range_093851-094050,cache,4096,72555745,72555744,0.026303529739379883,d:\hpc_project\tdc_unified_core\results\b50_8_multi_offset\offset_p100\operator_cache\range_093851-094050.npz
626,range_094001-094200,cache,4096,72543023,72543022,0.019243717193603516,d:\hpc_project\tdc_unified_core\results\b50_8_multi_offset\offset_p100\operator_cache\range_094001-094200.npz
627,range_094151-094350,cache,4096,72537487,72537486,0.0178070068359375,d:\hpc_project\tdc_unified_core\results\b50_8_multi_offset\offset_p100\operator_cache\range_094151-094350.npz
628,range_094301-094500,cache,4096,72540944,72540943,0.024393796920776367,d:\hpc_project\tdc_unified_core\results\b50_8_multi_offset\offset_p100\operator_cache\range_094301-094500.npz
629,range_094451-094650,cache,4096,72530570,72530569,0.019422531127929688,d:\hpc_project\tdc_unified_core\results\b50_8_multi_offset\offset_p100\operator_cache\range_094451-094650.npz
630,range_094601-094800,cache,4096,72528341,72528340,0.019161224365234375,d:\hpc_project\tdc_unified_core\results\b50_8_multi_offset\offset_p100\operator_cache\range_094601-094800.npz
631,range_094751-094950,cache,4096,72519036,72519035,0.01971745491027832,d:\hpc_project\tdc_unified_core\results\b50_8_multi_offset\offset_p100\operator_cache\range_094751-094950.npz
632,range_094901-095100,cache,4096,72509475,72509474,0.02333807945251465,d:\hpc_project\tdc_unified_core\results\b50_8_multi_offset\offset_p100\operator_cache\range_094901-095100.npz
633,range_095051-095250,cache,4096,72512765,72512764,0.022351503372192383,d:\hpc_project\tdc_unified_core\results\b50_8_multi_offset\offset_p100\operator_cache\range_095051-095250.npz
634,range_095201-095400,cache,4096,72514511,72514510,0.018629789352416992,d:\hpc_project\tdc_unified_core\results\b50_8_multi_offset\offset_p100\operator_cache\range_095201-095400.npz
635,range_095351-095550,cache,4096,72504666,72504665,0.022504568099975586,d:\hpc_project\tdc_unified_core\results\b50_8_multi_offset\offset_p100\operator_cache\range_095351-095550.npz
636,range_095501-095700,cache,4096,72497340,72497339,0.02249884605407715,d:\hpc_project\tdc_unified_core\results\b50_8_multi_offset\offset_p100\operator_cache\range_095501-095700.npz
637,range_095651-095850,cache,4096,72498406,72498405,0.02093958854675293,d:\hpc_project\tdc_unified_core\results\b50_8_multi_offset\offset_p100\operator_cache\range_095651-095850.npz
638,range_095801-096000,cache,4096,72489968,72489967,0.02315664291381836,d:\hpc_project\tdc_unified_core\results\b50_8_multi_offset\offset_p100\operator_cache\range_095801-096000.npz
639,range_095951-096150,cache,4096,72483830,72483829,0.02203202247619629,d:\hpc_project\tdc_unified_core\results\b50_8_multi_offset\offset_p100\operator_cache\range_095951-096150.npz
640,range_096101-096300,cache,4096,72484311,72484310,0.022322654724121094,d:\hpc_project\tdc_unified_core\results\b50_8_multi_offset\offset_p100\operator_cache\range_096101-096300.npz
641,range_096251-096450,cache,4096,72482958,72482957,0.02122354507446289,d:\hpc_project\tdc_unified_core\results\b50_8_multi_offset\offset_p100\operator_cache\range_096251-096450.npz
642,range_096401-096600,cache,4096,72473862,72473861,0.021039724349975586,d:\hpc_project\tdc_unified_core\results\b50_8_multi_offset\offset_p100\operator_cache\range_096401-096600.npz
643,range_096551-096750,cache,4096,72474874,72474873,0.021225690841674805,d:\hpc_project\tdc_unified_core\results\b50_8_multi_offset\offset_p100\operator_cache\range_096551-096750.npz
644,range_096701-096900,cache,4096,72460329,72460328,0.021437406539916992,d:\hpc_project\tdc_unified_core\results\b50_8_multi_offset\offset_p100\operator_cache\range_096701-096900.npz
645,range_096851-097050,cache,4096,72460085,72460084,0.01763153076171875,d:\hpc_project\tdc_unified_core\results\b50_8_multi_offset\offset_p100\operator_cache\range_096851-097050.npz
646,range_097001-097200,cache,4096,72458460,72458459,0.023487567901611328,d:\hpc_project\tdc_unified_core\results\b50_8_multi_offset\offset_p100\operator_cache\range_097001-097200.npz
647,range_097151-097350,cache,4096,72454663,72454662,0.021667003631591797,d:\hpc_project\tdc_unified_core\results\b50_8_multi_offset\offset_p100\operator_cache\range_097151-097350.npz
648,range_097301-097500,cache,4096,72454681,72454680,0.02138233184814453,d:\hpc_project\tdc_unified_core\results\b50_8_multi_offset\offset_p100\operator_cache\range_097301-097500.npz
649,range_097451-097650,cache,4096,72450184,72450183,0.01884770393371582,d:\hpc_project\tdc_unified_core\results\b50_8_multi_offset\offset_p100\operator_cache\range_097451-097650.npz
650,range_097601-097800,cache,4096,72446548,72446547,0.026969432830810547,d:\hpc_project\tdc_unified_core\results\b50_8_multi_offset\offset_p100\operator_cache\range_097601-097800.npz
651,range_097751-097950,cache,4096,72435114,72435113,0.023084163665771484,d:\hpc_project\tdc_unified_core\results\b50_8_multi_offset\offset_p100\operator_cache\range_097751-097950.npz
652,range_097901-098100,cache,4096,72434514,72434513,0.020074129104614258,d:\hpc_project\tdc_unified_core\results\b50_8_multi_offset\offset_p100\operator_cache\range_097901-098100.npz
653,range_098051-098250,cache,4096,72430644,72430643,0.018929481506347656,d:\hpc_project\tdc_unified_core\results\b50_8_multi_offset\offset_p100\operator_cache\range_098051-098250.npz
654,range_098201-098400,cache,4096,72427297,72427296,0.029063701629638672,d:\hpc_project\tdc_unified_core\results\b50_8_multi_offset\offset_p100\operator_cache\range_098201-098400.npz
655,range_098351-098550,cache,4096,72423852,72423851,0.0184628963470459,d:\hpc_project\tdc_unified_core\results\b50_8_multi_offset\offset_p100\operator_cache\range_098351-098550.npz
656,range_098501-098700,cache,4096,72425305,72425304,0.02266860008239746,d:\hpc_project\tdc_unified_core\results\b50_8_multi_offset\offset_p100\operator_cache\range_098501-098700.npz
657,range_098651-098850,cache,4096,72413887,72413886,0.01894402503967285,d:\hpc_project\tdc_unified_core\results\b50_8_multi_offset\offset_p100\operator_cache\range_098651-098850.npz
658,range_098801-099000,cache,4096,72410914,72410913,0.023894071578979492,d:\hpc_project\tdc_unified_core\results\b50_8_multi_offset\offset_p100\operator_cache\range_098801-099000.npz
659,range_098951-099150,cache,4096,72400409,72400408,0.01912975311279297,d:\hpc_project\tdc_unified_core\results\b50_8_multi_offset\offset_p100\operator_cache\range_098951-099150.npz
660,range_099101-099300,cache,4096,72406166,72406165,0.0253448486328125,d:\hpc_project\tdc_unified_core\results\b50_8_multi_offset\offset_p100\operator_cache\range_099101-099300.npz
661,range_099251-099450,cache,4096,72402552,72402551,0.027112722396850586,d:\hpc_project\tdc_unified_core\results\b50_8_multi_offset\offset_p100\operator_cache\range_099251-099450.npz
662,range_099401-099600,cache,4096,72398765,72398764,0.018635988235473633,d:\hpc_project\tdc_unified_core\results\b50_8_multi_offset\offset_p100\operator_cache\range_099401-099600.npz
663,range_099551-099750,cache,4096,72392851,72392850,0.023190736770629883,d:\hpc_project\tdc_unified_core\results\b50_8_multi_offset\offset_p100\operator_cache\range_099551-099750.npz
664,range_099701-099900,cache,4096,72386650,72386649,0.024089813232421875,d:\hpc_project\tdc_unified_core\results\b50_8_multi_offset\offset_p100\operator_cache\range_099701-099900.npz
