transition_index,from_range,to_range,physical_dest_index,control_count,control_dest_indices,control_identity_exact_between_b50_6_outputs,matching_median_abs_log_error,matching_q90_abs_log_error
1,range_000151-000350,range_000301-000500,2,20,"224,461,621,382,662,433,228,32,248,305,57,606,207,310,273,151,328,211,48,342",True,0.0014099882381992,0.0027545922048853202
2,range_000301-000500,range_000451-000650,3,20,"423,134,370,637,97,412,334,379,189,515,281,519,140,547,349,345,114,237,127,585",True,0.003049284973988,0.00554239283637679
3,range_000451-000650,range_000601-000800,4,20,"419,320,173,456,189,207,581,524,498,112,462,254,39,384,349,119,323,220,657,299",True,0.0028900370136296,0.00470355339503593
4,range_000601-000800,range_000751-000950,5,20,"46,502,87,381,542,491,493,241,139,62,450,278,65,402,227,245,76,183,418,147",True,0.0034846900862509998,0.0048683915373933205
5,range_000751-000950,range_000901-001100,6,20,"644,244,557,207,461,107,413,665,437,329,308,137,331,425,333,66,359,114,646,555",True,0.0012496042136107,0.0029395507730756
6,range_000901-001100,range_001051-001250,7,20,"567,214,75,663,262,361,232,598,362,524,379,519,337,509,462,168,226,661,74,458",True,0.13639195506834295,0.15606246331896523
7,range_001051-001250,range_001201-001400,8,20,"473,21,428,67,309,642,397,377,300,68,655,636,489,350,72,589,47,630,317,449",True,0.0020970197569579498,0.0029793651000731
8,range_001201-001400,range_001351-001550,9,20,"110,495,342,108,145,539,541,84,136,564,460,203,129,505,565,444,475,641,501,532",True,0.00074256686789085,0.00201607843171793
9,range_001351-001550,range_001501-001700,10,20,"605,652,374,578,485,454,415,617,149,161,535,329,586,408,185,405,208,435,421,22",True,0.008969966782469599,0.01605314419880934
10,range_001501-001700,range_001651-001850,11,20,"405,115,487,618,338,653,40,632,103,30,269,352,604,516,85,51,106,585,62,665",True,0.0018905597608254,0.0027764049495318105
11,range_001651-001850,range_001801-002000,12,20,"249,556,548,32,317,503,623,341,265,518,472,585,475,391,194,105,565,120,256,295",True,0.00273591975088885,0.004219309494202681
12,range_001801-002000,range_001951-002150,13,20,"109,436,447,369,186,335,118,398,33,310,422,502,629,42,72,507,501,521,231,26",True,0.0014704608827057,0.0028830025642219404
13,range_001951-002150,range_002101-002300,14,20,"521,448,547,253,385,157,331,405,259,576,475,574,518,334,256,643,107,30,207,504",True,0.0012682848307096,0.0020393306966469305
14,range_002101-002300,range_002251-002450,15,20,"658,458,157,217,277,290,197,300,545,541,238,104,271,225,559,371,538,276,63,98",True,0.00161523322487185,0.00228037754226884
15,range_002251-002450,range_002401-002600,16,20,"342,146,242,310,354,408,253,573,326,258,388,256,94,162,575,151,152,644,268,314",True,0.00372988298156435,0.00631276891220276
16,range_002401-002600,range_002551-002750,17,20,"505,319,642,330,317,541,638,451,318,229,533,195,479,114,661,184,33,224,325,69",True,0.00110309527872615,0.00201403449963779
17,range_002551-002750,range_002701-002900,18,20,"57,357,278,27,305,566,227,587,210,209,245,384,36,79,477,128,74,644,659,246",True,0.041260432877943704,0.060239124812826984
18,range_002701-002900,range_002851-003050,19,20,"76,385,513,289,461,218,414,576,226,355,657,629,366,407,601,302,530,347,138,315",True,0.0023619884968227502,0.0031775048023989
19,range_002851-003050,range_003001-003200,20,20,"617,240,528,573,397,583,605,242,436,485,355,161,152,486,198,616,435,94,553,185",True,0.0065491506599978,0.0133926778235178
20,range_003001-003200,range_003151-003350,21,20,"220,175,443,637,299,560,319,469,272,369,217,51,665,331,341,2,486,199,449,34",True,0.0018013700416632,0.00329423161185209
21,range_003151-003350,range_003301-003500,22,20,"212,75,4,463,174,389,441,137,379,181,390,293,411,90,503,99,64,96,423,327",True,0.08211633143667135,0.11067668449006311
22,range_003301-003500,range_003451-003650,23,20,"198,448,576,87,332,309,115,375,417,81,600,157,471,643,413,545,313,32,276,505",True,0.0017252520721973501,0.00386212167138811
23,range_003451-003650,range_003601-003800,24,20,"441,250,356,569,210,581,79,76,455,389,401,75,256,316,554,128,262,212,623,496",True,0.052859632535030704,0.08140042902992092
24,range_003601-003800,range_003751-003950,25,20,"466,524,275,513,467,192,174,402,457,117,608,177,612,379,602,619,594,256,93,304",True,0.0032729992778881,0.005399729739839471
25,range_003751-003950,range_003901-004100,26,20,"359,132,303,434,502,160,557,339,639,422,72,521,644,97,331,448,650,321,629,664",True,0.00274505412336365,0.004822944107617031
26,range_003901-004100,range_004051-004250,27,20,"544,60,648,306,281,196,398,620,431,64,173,45,413,66,439,516,402,437,394,53",True,0.00178788078086595,0.00300514931358783
27,range_004051-004250,range_004201-004400,28,20,"468,496,548,440,259,39,424,74,323,600,597,383,602,477,588,92,168,76,378,4",True,0.0046236366045298,0.007742732725767581
28,range_004201-004400,range_004351-004550,29,20,"72,413,373,585,17,449,269,611,492,664,287,80,306,607,403,67,11,443,274,465",True,0.0022930330423159,0.0032947757243426508
29,range_004351-004550,range_004501-004700,30,20,"232,72,4,173,218,305,456,493,263,663,610,116,108,293,514,138,394,171,582,259",True,0.0025507512470999503,0.00405140101048089
30,range_004501-004700,range_004651-004850,31,20,"315,108,434,58,354,259,464,629,232,293,226,603,83,539,509,493,352,647,513,190",True,0.0014739354332922502,0.0030283417563454406
31,range_004651-004850,range_004801-005000,32,20,"621,167,197,536,386,399,306,504,575,111,418,54,253,605,284,592,308,5,385,178",True,0.0024518154096532,0.0039002923054698
32,range_004801-005000,range_004951-005150,33,20,"90,1,195,359,396,301,453,6,273,552,52,451,349,154,294,123,394,0,249,464",True,0.0008369079294192,0.00135041485869427
33,range_004951-005150,range_005101-005300,34,20,"553,194,373,228,665,178,437,331,116,521,311,206,348,419,314,213,205,590,219,474",True,0.0011439958926594,0.0028425744902659004
34,range_005101-005300,range_005251-005450,35,20,"115,307,67,433,274,559,541,516,211,506,330,550,24,244,101,467,503,489,352,175",True,0.00114895527815955,0.00192316614365728
35,range_005251-005450,range_005401-005600,36,20,"227,232,600,260,90,441,392,539,261,131,602,379,574,236,351,566,180,86,119,471",True,0.0469177051260573,0.061921775375979066
36,range_005401-005600,range_005551-005750,37,20,"233,625,158,406,502,15,534,198,578,229,146,483,199,529,408,472,565,328,535,81",True,0.00516642482177545,0.00583200581803894
37,range_005551-005750,range_005701-005900,38,20,"503,560,559,443,185,21,480,107,656,172,129,62,437,475,8,391,510,282,477,548",True,0.00251103630015655,0.00436706405261512
38,range_005701-005900,range_005851-006050,39,20,"229,653,74,571,352,567,236,134,429,538,613,135,345,414,275,494,466,285,25,523",True,0.08296201210089679,0.10197293961139624
39,range_005851-006050,range_006001-006200,40,20,"238,534,332,255,497,62,603,618,24,290,562,250,298,536,181,243,305,118,101,237",True,0.0028117471842776,0.0045345174600369695
40,range_006001-006200,range_006151-006350,41,20,"4,392,27,544,442,357,611,60,210,574,566,261,180,209,232,423,384,600,379,587",True,0.1975750157405039,0.22615529958344263
41,range_006151-006350,range_006301-006500,42,20,"64,137,56,601,642,575,509,620,291,170,96,113,263,555,279,610,439,136,325,561",True,0.0023819006212870497,0.00350626805086431
42,range_006301-006500,range_006451-006650,43,20,"142,21,139,532,97,98,649,259,577,104,328,22,437,206,388,20,634,6,333,403",True,0.00153903151100915,0.0026370735349707398
43,range_006451-006650,range_006601-006800,44,20,"330,489,143,454,60,104,359,447,12,9,525,580,139,249,300,112,556,404,88,98",True,0.0017159644858234999,0.0036736611545988606
44,range_006601-006800,range_006751-006950,45,20,"209,138,600,117,230,414,456,113,226,280,527,423,214,567,210,506,515,246,439,74",True,0.037681766747961795,0.062235691816284404
45,range_006751-006950,range_006901-007100,46,20,"67,123,80,363,1,282,617,19,362,65,180,456,0,401,312,444,285,366,119,95",True,0.0014478905148432,0.0027013434391922704
46,range_006901-007100,range_007051-007250,47,20,"380,18,400,399,103,56,351,30,99,389,15,461,455,517,621,110,565,665,543,245",True,0.0040464079298203,0.00462931531983915
47,range_007051-007250,range_007201-007400,48,20,"523,608,372,110,159,262,247,299,71,168,75,527,138,368,598,343,633,383,224,441",True,0.00981365722369605,0.01959494987084689
48,range_007201-007400,range_007351-007550,49,20,"543,83,586,481,569,280,164,566,316,267,89,215,204,368,665,416,609,312,357,285",True,0.0030134926245166498,0.0050808714092542805
49,range_007351-007550,range_007501-007700,50,20,"297,572,347,74,496,117,390,602,441,340,378,600,361,215,246,36,209,389,367,404",True,0.01412873907953225,0.01876474933940534
50,range_007501-007700,range_007651-007850,51,20,"520,170,458,155,293,237,311,416,631,140,284,618,600,503,123,217,330,206,380,317",True,0.0019975116938807,0.0028061160216206298
51,range_007651-007850,range_007801-008000,52,20,"441,191,116,210,412,75,254,128,361,581,414,171,524,389,571,212,567,292,475,262",True,0.07821489537524615,0.10179882414998968
52,range_007801-008000,range_007951-008150,53,20,"522,438,365,607,451,200,400,623,111,419,424,288,242,417,87,642,308,470,637,497",True,0.0017725340166244502,0.0034560510400386602
53,range_007951-008150,range_008101-008300,54,20,"239,20,583,388,639,37,170,333,604,391,208,584,248,112,329,355,335,435,13,16",True,0.0080785470878681,0.014823306252049851
54,range_008101-008300,range_008251-008450,55,20,"644,365,282,603,203,64,6,369,401,424,404,450,169,464,266,664,491,120,81,123",True,0.001575404772505,0.00272181448466677
55,range_008251-008450,range_008401-008600,56,20,"316,275,224,473,613,380,524,87,398,367,612,343,213,492,657,307,221,633,662,392",True,0.00314066940680665,0.0050717923698027
56,range_008401-008600,range_008551-008750,57,20,"165,524,10,651,275,597,643,67,351,659,511,465,180,490,281,204,514,598,102,68",True,0.0024508548288776503,0.0036997003956316813
57,range_008551-008750,range_008701-008900,58,20,"392,209,562,117,210,17,357,456,245,566,544,574,230,597,29,278,557,455,221,88",True,0.17138106427121036,0.18736373153911978
58,range_008701-008900,range_008851-009050,59,20,"102,426,33,104,500,295,512,239,110,199,231,375,656,613,446,343,242,284,594,241",True,0.00065138256560425,0.00281269834055969
59,range_008851-009050,range_009001-009200,60,20,"383,490,272,210,180,635,364,379,6,456,345,598,497,429,563,494,321,130,365,594",True,0.0020272446250105504,0.003955075617985459
60,range_009001-009200,range_009151-009350,61,20,"158,277,558,16,534,81,403,193,542,213,126,654,420,12,14,70,229,2,15,109",True,0.0036803603645041002,0.005396525051321621
61,range_009151-009350,range_009301-009500,62,20,"13,195,225,369,344,557,627,229,633,482,258,646,629,111,120,548,172,502,377,485",True,0.0023331295636791,0.00403309395477878
62,range_009301-009500,range_009451-009650,63,20,"489,593,607,456,655,308,498,621,140,93,313,413,270,304,252,207,382,78,28,398",True,0.0033778212489709,0.00475177678292885
63,range_009451-009650,range_009601-009800,64,20,"100,582,339,511,375,11,338,166,31,165,541,432,17,187,119,225,82,19,418,404",True,0.00126931760296195,0.0025300635471251303
64,range_009601-009800,range_009751-009950,65,20,"74,209,265,650,216,493,50,234,647,180,236,99,214,96,327,499,28,468,456,600",True,0.00685115509361495,0.0105223928192405
65,range_009751-009950,range_009901-010100,66,20,"371,606,163,430,233,625,588,629,81,5,388,476,94,626,354,16,42,179,585,435",True,0.0023569145978377497,0.004427731830771701
66,range_009901-010100,range_010051-010250,67,20,"363,591,438,641,322,99,587,597,437,376,273,274,631,196,524,432,11,320,26,428",True,0.0016042966203565,0.0030222664887646607
67,range_010051-010250,range_010201-010400,68,20,"222,515,254,372,598,481,474,174,519,663,623,404,51,44,227,357,498,93,31,28",True,0.0016183551269248,0.0025532248486236702
68,range_010201-010400,range_010351-010550,69,20,"626,553,646,311,198,279,362,256,26,259,148,604,205,185,568,545,382,104,415,448",True,0.0014609060734661,0.0028890878517354905
69,range_010351-010550,range_010501-010700,70,20,"629,155,627,58,472,308,121,578,135,161,625,257,478,146,170,10,202,536,589,622",True,0.0022945744741372,0.00542440550298673
70,range_010501-010700,range_010651-010850,71,20,"100,376,456,31,189,439,287,346,87,125,251,504,195,123,374,148,220,417,398,538",True,0.0019380028954604999,0.00526723989007635
71,range_010651-010850,range_010801-011000,72,20,"91,616,521,604,240,34,415,61,277,257,253,16,54,457,223,658,270,435,233,369",True,0.004310498192299851,0.006590051563557991
72,range_010801-011000,range_010951-011150,73,20,"45,463,446,350,546,645,482,228,11,642,229,521,170,0,467,125,417,494,49,136",True,0.0019422803496266,0.00268319873609024
73,range_010951-011150,range_011101-011300,74,20,"523,444,414,429,338,599,619,340,251,499,222,263,3,147,39,226,500,466,230,413",True,0.0144643489670229,0.02573320458775617
74,range_011101-011300,range_011251-011450,75,20,"127,230,345,263,466,429,218,499,96,414,598,55,372,619,582,140,514,39,426,347",True,0.0179808839852496,0.03227746039029602
75,range_011251-011450,range_011401-011600,76,20,"90,619,345,214,613,88,60,18,55,11,209,316,537,39,527,513,602,263,566,569",True,0.0055032947842071495,0.00888843492269128
76,range_011401-011600,range_011551-011750,77,20,"343,266,618,49,169,40,195,213,477,426,631,483,533,570,555,18,604,1,545,537",True,0.00127557920690115,0.0018821602247704704
77,range_011551-011750,range_011701-011900,78,20,"230,28,446,116,594,466,642,41,550,50,520,134,286,663,429,462,275,369,371,214",True,0.0008842813424368499,0.00239914297965557
78,range_011701-011900,range_011851-012050,79,20,"423,467,548,531,381,538,361,631,237,463,512,226,131,640,496,620,157,296,303,347",True,0.0015962455496161,0.0037972709412986702
79,range_011851-012050,range_012001-012200,80,20,"453,359,451,294,475,238,143,380,509,595,165,416,639,92,618,610,282,139,183,69",True,0.0016881532575182,0.0028440095831455607
80,range_012001-012200,range_012151-012350,81,20,"113,99,581,164,599,552,546,466,273,174,642,327,48,173,597,543,468,587,134,657",True,0.0030970168556739,0.00670484396287387
81,range_012151-012350,range_012301-012500,82,20,"451,450,143,71,388,220,30,369,67,124,54,349,55,539,635,263,145,245,449,251",True,0.0031210933039609,0.00381343172340273
82,range_012301-012500,range_012451-012650,83,20,"432,634,96,234,523,209,367,3,144,249,466,250,581,130,50,426,357,204,511,287",True,0.00254921142590085,0.00669188773599471
83,range_012451-012650,range_012601-012800,84,20,"352,644,456,495,299,235,135,562,327,323,24,183,481,267,282,177,647,634,148,499",True,0.0023234112000156,0.00396118478725759
84,range_012601-012800,range_012751-012950,85,20,"349,378,663,446,523,189,292,347,106,561,361,302,362,455,320,74,432,634,39,105",True,0.0057796135569999005,0.01039524564094953
85,range_012751-012950,range_012901-013100,86,20,"32,291,157,289,341,268,592,257,132,588,188,333,344,7,179,271,637,331,607,314",True,0.00173351688452575,0.00362714501256451
86,range_012901-013100,range_013051-013250,87,20,"7,416,638,54,481,594,139,381,168,404,394,385,456,627,121,342,102,596,276,570",True,0.0033932757561492,0.00485929830475826
87,range_013051-013250,range_013201-013400,88,20,"208,544,627,102,76,424,219,316,122,266,300,552,60,287,327,333,336,67,213,642",True,0.001419897413413,0.0023091037279441497
88,range_013201-013400,range_013351-013550,89,20,"337,330,294,243,559,58,76,170,356,478,513,614,561,249,450,99,519,366,180,608",True,0.00175160060344125,0.00295306732371128
89,range_013351-013550,range_013501-013700,90,20,"338,102,587,379,608,550,458,463,464,495,353,623,0,55,315,175,272,491,251,433",True,0.0042277075336561495,0.00517573618928895
90,range_013501-013700,range_013651-013850,91,20,"147,222,663,165,275,610,638,566,450,581,459,31,261,493,593,550,394,76,78,390",True,0.0030968486511004003,0.00573241552826716
91,range_013651-013850,range_013801-014000,92,20,"292,254,293,233,272,159,246,446,278,439,567,280,232,250,393,56,260,491,147,228",True,0.00992730472230735,0.02281293763980479
92,range_013801-014000,range_013951-014150,93,20,"154,218,76,378,447,514,124,43,619,452,35,527,50,183,383,439,474,214,539,458",True,0.00416572473488885,0.00741385487802373
93,range_013951-014150,range_014101-014300,94,20,"650,198,586,21,341,359,545,350,125,310,591,358,132,495,342,430,108,422,317,328",True,0.00287054380973825,0.0048814589840583
94,range_014101-014300,range_014251-014450,95,20,"557,141,244,47,175,28,525,215,526,450,576,569,325,228,658,456,173,82,76,619",True,0.0017748395528588,0.0033513104569158902
95,range_014251-014450,range_014401-014600,96,20,"602,106,441,173,429,572,620,567,105,527,254,178,647,332,601,210,222,445,227,130",True,0.0356556528284534,0.05727033827297121
96,range_014401-014600,range_014551-014750,97,20,"341,153,502,545,476,430,310,198,557,586,471,447,81,202,630,409,257,269,38,270",True,0.0030930200906544502,0.004278565446629481
97,range_014551-014750,range_014701-014900,98,20,"560,273,593,557,260,111,351,451,323,71,195,12,67,453,403,171,6,61,206,200",True,0.00144834531190205,0.0022419077672042606
98,range_014701-014900,range_014851-015050,99,20,"362,55,4,511,404,513,439,313,493,293,509,88,620,400,191,16,316,429,113,384",True,0.0012824911953564998,0.0028046662449882106
99,range_014851-015050,range_015001-015200,100,20,"577,517,315,618,659,0,372,514,204,446,464,85,304,346,144,609,395,119,461,53",True,0.0014631446282604502,0.0026148921089807903
100,range_015001-015200,range_015151-015350,101,20,"35,371,51,188,198,591,600,67,616,271,111,223,44,133,407,454,266,69,34,42",True,0.00173358455185385,0.0040183386065002205
101,range_015151-015350,range_015301-015500,102,20,"636,25,23,412,138,476,168,24,466,82,241,327,408,361,39,594,602,113,544,632",True,0.0053045290615405995,0.00806619160300067
102,range_015301-015500,range_015451-015650,103,20,"210,174,204,143,532,567,357,74,260,75,349,361,316,234,214,571,147,432,19,351",True,0.00327084677906755,0.009068312193481622
103,range_015451-015650,range_015601-015800,104,20,"568,4,44,203,653,517,169,527,309,479,15,465,593,285,214,514,75,338,444,507",True,0.0071472022394995,0.01085762268815212
104,range_015601-015800,range_015751-015950,105,20,"627,330,142,393,459,175,261,54,73,376,418,29,152,44,438,224,331,154,629,521",True,0.0019642254653744,0.00289698979410021
105,range_015751-015950,range_015901-016100,106,20,"515,215,647,603,601,527,602,209,340,237,222,332,3,69,251,523,138,414,130,571",True,0.0268831701508059,0.05552489705079488
106,range_015901-016100,range_016051-016250,107,20,"508,409,287,629,135,235,356,244,597,448,646,276,40,639,627,207,354,407,326,399",True,0.0012706308579689,0.00207322329171048
107,range_016051-016250,range_016201-016400,108,20,"275,600,462,370,464,372,316,475,414,345,234,412,423,531,390,498,538,451,581,254",True,0.0036233956235997497,0.006771182781066441
108,range_016201-016400,range_016351-016550,109,20,"181,586,118,339,604,408,508,418,529,502,151,63,241,186,184,435,270,556,369,564",True,0.0033839743245951,0.005091427785111001
109,range_016351-016550,range_016501-016700,110,20,"619,450,461,491,506,572,45,566,191,86,389,272,569,529,345,27,432,134,124,496",True,0.00297839650200025,0.00498369745305431
110,range_016501-016700,range_016651-016850,111,20,"0,585,314,271,32,2,495,135,328,443,195,646,558,279,266,205,318,564,550,447",True,0.0018005386836631998,0.0027687171231078503
111,range_016651-016850,range_016801-017000,112,20,"510,295,7,194,160,172,501,69,586,435,322,407,473,305,341,68,622,126,651,575",True,0.0010777951654089,0.0030410747258574804
112,range_016801-017000,range_016951-017150,113,20,"236,245,402,595,643,5,223,340,649,554,101,631,527,272,544,201,466,470,134,601",True,0.00235500204242215,0.004368727640846731
113,range_016951-017150,range_017101-017300,114,20,"188,385,228,381,627,86,562,477,610,597,307,101,522,97,631,166,23,425,319,140",True,0.00213909383574845,0.00359954423118702
114,range_017101-017300,range_017251-017450,115,20,"514,608,365,214,423,80,356,446,275,405,42,236,392,164,623,462,296,292,127,523",True,0.00293244006321185,0.007090893377479181
115,range_017251-017450,range_017401-017600,116,20,"313,645,44,125,354,419,101,89,167,43,34,171,505,464,515,92,283,200,194,306",True,0.0016013791304211001,0.00315229534417439
116,range_017401-017600,range_017551-017750,117,20,"384,212,93,131,512,138,28,36,496,541,227,165,390,498,594,168,595,463,345,362",True,0.00216010391900805,0.00442502013016877
117,range_017551-017750,range_017701-017900,118,20,"306,208,6,191,207,251,446,85,475,307,428,40,273,7,555,517,288,53,411,216",True,0.00137255978676205,0.00252277968806693
118,range_017701-017900,range_017851-018050,119,20,"228,92,147,60,392,455,50,313,309,538,379,364,496,254,498,306,384,568,618,522",True,0.00256930117810265,0.00488221708075195
119,range_017851-018050,range_018001-018200,120,20,"93,361,15,226,323,619,174,90,378,513,100,340,653,515,504,144,50,159,232,357",True,0.0044660469987889,0.006422200077596951
120,range_018001-018200,range_018151-018350,121,20,"630,558,314,628,170,435,359,591,536,354,510,615,339,624,560,176,91,329,542,664",True,0.0038520714397019496,0.00549554240080886
121,range_018151-018350,range_018301-018500,122,20,"219,162,184,642,24,403,577,67,411,11,479,555,333,633,187,449,169,195,287,240",True,0.0011176895525707,0.0022968489189708397
122,range_018301-018500,range_018451-018650,123,20,"40,140,653,221,3,262,367,450,226,309,410,228,76,50,596,307,93,224,631,527",True,0.0024627455921015,0.004101132759376431
123,range_018451-018650,range_018601-018800,124,20,"164,513,252,403,313,439,87,431,327,66,73,348,101,365,546,534,28,144,298,216",True,0.0015113301027309,0.0025895747422555802
124,range_018601-018800,range_018751-018950,125,20,"497,509,354,546,607,238,9,205,591,342,463,545,621,250,80,142,206,618,399,44",True,0.0026981748417763,0.00472530229452255
125,range_018751-018950,range_018901-019100,126,20,"435,20,651,482,535,588,277,415,556,626,152,193,16,616,151,447,179,355,583,430",True,0.00691829191300685,0.01066015867656086
126,range_018901-019100,range_019051-019250,127,20,"599,412,563,144,578,211,263,35,100,200,437,497,302,404,482,518,379,582,558,188",True,0.0021214063838086,0.004663070514468201
127,range_019051-019250,range_019201-019400,128,20,"183,470,46,450,323,531,337,322,237,638,239,285,25,43,423,164,402,458,234,361",True,0.0045167637026759504,0.00722823599441954
128,range_019201-019400,range_019351-019550,129,20,"590,8,408,653,529,449,160,516,43,85,10,289,158,360,331,564,228,656,235,273",True,0.0024186446550303496,0.004121363322166031
129,range_019351-019550,range_019501-019700,130,20,"377,410,139,477,26,401,328,661,461,219,473,604,497,375,24,512,83,283,105,639",True,0.0028632950696576,0.00496184668204531
130,range_019501-019700,range_019651-019850,131,20,"366,282,461,192,262,222,215,440,42,234,28,416,394,263,296,315,102,84,237,168",True,0.00325748688218635,0.00527811601198288
131,range_019651-019850,range_019801-020000,132,20,"407,321,664,330,103,7,23,596,559,341,398,326,307,196,658,32,417,564,48,249",True,0.00189201804244505,0.00269336923933085
132,range_019801-020000,range_019951-020150,133,20,"601,394,416,255,664,582,256,353,470,180,288,272,22,632,593,531,383,463,24,431",True,0.0011733550708780999,0.001959760385519031
133,range_019951-020150,range_020101-020300,134,20,"608,455,209,385,184,278,649,171,52,426,404,298,440,429,349,599,281,563,296,251",True,0.0030634992614173,0.00478697545159747
134,range_020101-020300,range_020251-020450,135,20,"312,364,338,220,492,182,316,110,236,93,92,392,431,662,524,449,222,76,455,657",True,0.00410019949905175,0.0060948777313776905
135,range_020251-020450,range_020401-020600,136,20,"1,64,385,472,98,596,577,649,490,508,331,8,330,358,235,482,620,297,34,568",True,0.00119744934609975,0.0020592566460580605
136,range_020401-020600,range_020551-020750,137,20,"90,644,65,354,511,391,118,510,291,232,465,650,124,505,352,239,73,169,89,288",True,0.0014117312486553002,0.0023390568139259505
137,range_020551-020750,range_020701-020900,138,20,"609,230,88,537,216,222,345,32,53,316,566,493,72,30,461,12,218,4,659,455",True,0.00353394912161225,0.00486100478146364
138,range_020701-020900,range_020851-021050,139,20,"602,396,226,619,284,464,290,596,429,361,601,106,262,164,234,511,210,209,117,352",True,0.010005835887301199,0.015150206452572743
139,range_020851-021050,range_021001-021200,140,20,"297,538,207,167,580,165,593,87,550,635,190,611,123,205,480,517,62,445,569,293",True,0.0023195710322902498,0.00312108942770067
140,range_021001-021200,range_021151-021350,141,20,"395,155,497,349,477,15,49,643,321,237,61,609,591,260,67,537,587,554,363,646",True,0.00113216174341805,0.0017250077989634603
141,range_021151-021350,range_021301-021500,142,20,"556,256,71,317,58,123,44,65,552,371,258,294,641,34,326,574,425,310,86,97",True,0.00180397282383235,0.0029508637336048502
142,range_021301-021500,range_021451-021650,143,20,"612,164,527,165,361,524,632,117,262,102,192,28,31,110,594,634,461,441,345,315",True,0.0273267169269731,0.04482449558608676
143,range_021451-021650,range_021601-021800,144,20,"197,349,110,180,432,469,262,423,74,581,571,50,237,302,633,370,264,236,214,509",True,0.00661527695270145,0.01216017601382184
144,range_021601-021800,range_021751-021950,145,20,"253,258,318,1,15,322,290,489,29,256,41,257,17,610,67,637,655,249,391,94",True,0.0009565132748532001,0.00226354490665135
145,range_021751-021950,range_021901-022100,146,20,"15,54,324,185,176,584,436,20,628,536,91,630,240,629,33,534,578,583,447,437",True,0.00178748182581675,0.005787914166718031
146,range_021901-022100,range_022051-022250,147,20,"597,608,393,84,656,431,106,359,563,249,282,446,191,376,211,69,252,175,398,394",True,0.0020711265432146,0.00289963920076431
147,range_022051-022250,range_022201-022400,148,20,"180,380,610,36,512,157,177,413,504,490,431,69,201,489,442,192,656,84,308,550",True,0.00189518843185295,0.003111126792828451
148,range_022201-022400,range_022351-022550,149,20,"558,26,14,480,487,535,334,268,54,578,454,240,163,617,534,644,651,66,420,436",True,0.00358324563271645,0.00805898886488392
149,range_022351-022550,range_022501-022700,150,20,"328,397,528,549,217,22,15,297,460,580,633,344,16,111,457,248,585,382,434,257",True,0.0009087007513005,0.00203619523106963
150,range_022501-022700,range_022651-022850,151,20,"361,309,1,577,95,272,228,619,411,352,119,424,417,457,455,378,572,5,346,101",True,0.0024681245369566,0.004405800994108091
151,range_022651-022850,range_022801-023000,152,20,"225,447,167,406,139,397,118,42,504,627,318,516,578,626,586,115,240,122,317,15",True,0.0017466957689251,0.0032551351176859813
152,range_022801-023000,range_022951-023150,153,20,"389,378,597,174,468,280,346,236,47,570,171,300,214,619,562,363,429,263,498,540",True,0.00190735202324225,0.002597301173347421
153,range_022951-023150,range_023101-023300,154,20,"316,196,384,75,566,356,101,442,641,414,417,45,232,479,389,237,215,340,386,31",True,0.00577993412589735,0.01064410426583302
154,range_023101-023300,range_023251-023450,155,20,"219,495,646,289,58,376,501,633,42,422,5,664,310,592,111,521,350,333,484,507",True,0.00163032616762265,0.0038672819327212203
155,range_023251-023450,range_023401-023600,156,20,"373,202,551,77,624,536,476,334,430,421,63,185,616,81,355,33,358,615,242,521",True,0.01458258817884205,0.02232438973377913
156,range_023401-023600,range_023551-023750,157,20,"409,576,448,377,306,287,206,289,274,443,405,169,185,265,533,47,339,220,506,654",True,0.0011923690224747,0.0018240572490903402
157,range_023551-023750,range_023701-023900,158,20,"399,514,47,199,340,465,46,128,293,309,344,655,653,215,647,275,182,527,378,56",True,0.0028518901390936,0.00470577902312714
158,range_023701-023900,range_023851-024050,159,20,"647,230,312,262,619,426,416,429,441,218,100,134,246,582,47,608,93,344,221,602",True,0.008254373082731751,0.0203891239005627
159,range_023851-024050,range_024001-024200,160,20,"591,115,239,188,331,33,149,69,242,480,342,178,208,112,290,615,65,560,206,298",True,0.0013648892250526,0.00205426712528735
160,range_024001-024200,range_024151-024350,161,20,"149,525,150,421,335,435,13,360,652,405,334,625,77,198,277,622,605,202,628,616",True,0.029746367520950702,0.038598862719567285
161,range_024151-024350,range_024301-024500,162,20,"24,250,112,423,598,661,19,593,271,623,323,575,431,259,356,387,402,232,278,207",True,0.0012364751707032002,0.0020461808568725203
162,range_024301-024500,range_024451-024650,163,20,"457,152,586,62,553,565,235,420,329,176,589,425,529,405,521,172,335,198,324,535",True,0.00149565315235495,0.004992215781771451
163,range_024451-024650,range_024601-024800,164,20,"523,404,643,272,572,390,346,75,571,226,144,353,657,119,222,503,178,268,210,237",True,0.0037432356888640996,0.00548478843798051
164,range_024601-024800,range_024751-024950,165,20,"378,524,612,468,657,663,527,636,246,102,117,264,414,28,441,138,603,315,632,567",True,0.08642691025352814,0.10850019423992914
165,range_024751-024950,range_024901-025100,166,20,"616,253,213,622,646,435,269,484,376,409,447,528,355,176,248,329,573,235,397,625",True,0.00420865834941135,0.0076722986649473204
166,range_024901-025100,range_025051-025250,167,20,"399,129,532,542,607,631,230,602,25,287,444,302,246,245,481,523,225,226,203,292",True,0.00897728390354335,0.01278220545541774
167,range_025051-025250,range_025201-025400,168,20,"520,296,135,446,657,44,546,390,47,250,117,360,56,154,61,479,413,31,266,243",True,0.00133631620279155,0.00271478597777853
168,range_025201-025400,range_025351-025550,169,20,"604,69,552,365,73,42,600,17,12,489,1,575,9,65,338,382,403,18,610,504",True,0.0017397344513311,0.0029687837452183202
169,range_025351-025550,range_025501-025700,170,20,"358,10,121,20,335,37,584,94,435,286,430,146,329,408,660,314,486,240,354,33",True,0.0092448391410937,0.013973709105733931
170,range_025501-025700,range_025651-025850,171,20,"663,352,340,1,121,49,416,137,313,594,190,490,383,267,588,472,346,87,336,2",True,0.0017583458251062998,0.00240233225621185
171,range_025651-025850,range_025801-026000,172,20,"81,322,84,241,540,588,6,418,298,395,610,206,290,23,136,506,386,622,12,344",True,0.0013010023972661001,0.00245103426976443
172,range_025801-026000,range_025951-026150,173,20,"453,84,572,120,550,290,437,88,89,379,196,538,322,515,561,640,293,594,369,511",True,0.00093347262083135,0.00313050894239228
173,range_025951-026150,range_026101-026300,174,20,"602,246,441,131,215,236,404,232,347,210,527,138,254,55,95,519,221,372,99,414",True,0.13368540549222158,0.14707919582194842
174,range_026101-026300,range_026251-026450,175,20,"299,39,403,663,366,51,93,0,95,569,209,19,280,385,88,635,116,511,21,424",True,0.00232839235806765,0.00346907384947874
175,range_026251-026450,range_026401-026600,176,20,"407,216,456,390,243,200,396,585,311,71,283,269,479,332,143,42,360,81,439,631",True,0.0020376328537256502,0.0038170472861360203
176,range_026401-026600,range_026551-026750,177,20,"620,645,394,106,270,396,23,191,431,201,125,111,479,296,38,506,563,592,473,348",True,0.0012379540467257,0.0018837028243877305
177,range_026551-026750,range_026701-026900,178,20,"192,470,342,24,462,313,274,530,136,19,363,445,92,346,130,147,196,384,281,119",True,0.00282132637077175,0.00448559756482952
178,range_026701-026900,range_026851-027050,179,20,"436,38,54,397,532,564,629,199,521,576,536,308,415,193,219,326,66,274,507,510",True,0.0039579180515486,0.007871462007398602
179,range_026851-027050,range_027001-027200,180,20,"210,663,392,241,325,538,336,494,236,262,491,600,412,416,357,574,56,0,44,468",True,0.0035109941312062003,0.007162520711632922
180,range_027001-027200,range_027151-027350,181,20,"382,11,66,85,341,409,107,626,38,485,546,437,5,162,479,111,564,354,585,101",True,0.0025917250436071,0.004747773620346139
181,range_027151-027350,range_027301-027500,182,20,"290,116,326,542,104,393,549,50,284,58,386,17,123,359,291,255,474,492,594,622",True,0.0016619678417184001,0.00324469559931517
182,range_027301-027500,range_027451-027650,183,20,"412,466,571,344,74,340,361,309,292,465,372,599,414,523,450,134,262,607,381,567",True,0.052337392007466454,0.05874800558814019
183,range_027451-027650,range_027601-027800,184,20,"132,289,2,615,406,161,34,501,145,21,434,259,162,37,585,253,480,611,447,233",True,0.002403153388086,0.004122678430853901
184,range_027601-027800,range_027751-027950,185,20,"628,240,242,487,480,435,34,397,627,664,568,355,476,579,436,575,37,77,219,622",True,0.005180250649657599,0.00754801398742202
185,range_027751-027950,range_027901-028100,186,20,"276,371,158,54,405,375,45,547,69,419,148,649,495,358,303,62,336,548,116,269",True,0.0034803997797073,0.0041462742366792
186,range_027901-028100,range_028051-028250,187,20,"505,103,497,289,166,59,363,629,141,218,633,339,229,49,364,413,346,645,542,496",True,0.0010761275401692501,0.00228979592453617
187,range_028051-028250,range_028201-028400,188,20,"598,560,416,537,645,275,379,258,300,232,78,19,423,641,366,9,431,102,245,350",True,0.00176003348603035,0.0028449754391441204
188,range_028201-028400,range_028351-028550,189,20,"28,276,498,134,301,347,43,367,431,541,57,527,475,234,102,262,73,302,292,164",True,0.0031664771947945,0.005375009367967681
189,range_028351-028550,range_028501-028700,190,20,"120,461,203,517,36,603,416,211,122,284,164,494,368,92,384,582,95,635,169,530",True,0.0016548739245469501,0.00314438040042137
190,range_028501-028700,range_028651-028850,191,20,"264,429,254,337,347,498,102,302,227,296,236,357,663,262,602,88,361,93,581,25",True,0.005334478813733549,0.00894589983324394
191,range_028651-028850,range_028801-029000,192,20,"128,144,220,581,116,174,296,347,52,173,217,491,210,361,411,221,293,649,370,222",True,0.012896581062349,0.02359374554002901
192,range_028801-029000,range_028951-029150,193,20,"565,388,13,438,135,81,408,651,261,354,480,644,317,179,38,625,54,341,606,420",True,0.00196502814288155,0.00390149164318475
193,range_028951-029150,range_029101-029300,194,20,"183,57,595,634,614,377,537,477,631,108,257,495,655,65,85,425,240,639,643,132",True,0.00181575646817405,0.00285984702712266
194,range_029101-029300,range_029251-029450,195,20,"633,17,106,223,170,97,141,453,171,658,285,57,265,351,260,31,217,653,22,310",True,0.0013341270604470502,0.0019656108977883103
195,range_029251-029450,range_029401-029600,196,20,"209,636,338,523,567,137,414,215,602,378,599,566,384,663,226,292,210,221,84,561",True,0.00886466394006725,0.014983788055313682
196,range_029401-029600,range_029551-029750,197,20,"157,497,327,247,574,153,129,44,442,309,231,294,267,547,282,332,339,635,438,279",True,0.00173190851017515,0.0029118092223620403
197,range_029551-029750,range_029701-029900,198,20,"651,626,483,616,14,454,185,628,391,329,420,652,328,355,153,564,556,604,625,81",True,0.00232619054199405,0.00655229268949246
198,range_029701-029900,range_029851-030050,199,20,"103,36,635,377,95,504,591,581,348,178,561,79,82,28,424,566,168,167,648,642",True,0.00162928983152405,0.0033845801189100006
199,range_029851-030050,range_030001-030200,200,20,"371,419,305,393,237,512,178,9,156,356,274,483,1,467,358,136,501,475,161,448",True,0.00174585606188375,0.0029659006606590904
200,range_030001-030200,range_030151-030350,201,20,"587,245,567,423,631,283,661,60,222,27,278,499,292,36,188,336,441,351,180,214",True,0.0095170503455374,0.01511698351103745
201,range_030151-030350,range_030301-030500,202,20,"421,583,149,374,156,13,334,161,415,487,150,584,617,326,535,63,604,525,558,430",True,0.0219593946525058,0.033930817525580644
202,range_030301-030500,range_030451-030650,203,20,"567,323,340,218,571,285,74,414,96,134,138,73,254,365,159,226,222,599,251,325",True,0.06525814496415905,0.07920973078268771
203,range_030451-030650,range_030601-030800,204,20,"493,360,31,640,446,26,603,144,260,83,506,346,118,659,90,542,281,586,308,463",True,0.0017149708241012,0.0025026036221352708
204,range_030601-030800,range_030751-030950,205,20,"468,117,28,527,519,441,83,138,315,431,128,39,392,165,102,462,414,221,612,292",True,0.016452577845844148,0.033642204958767935
205,range_030751-030950,range_030901-031100,206,20,"394,625,265,162,217,495,11,112,512,488,588,552,257,538,305,17,253,373,61,592",True,0.001603416241105,0.0025966347165085903
206,range_030901-031100,range_031051-031250,207,20,"304,481,340,476,653,159,559,218,554,396,299,347,664,410,522,500,232,102,433,479",True,0.0016303065458981,0.0042909916631517706
207,range_031051-031250,range_031201-031400,208,20,"153,354,583,626,339,20,358,355,472,478,181,529,8,16,34,179,81,405,658,341",True,0.0025345509958697,0.00507218448064585
208,range_031201-031400,range_031351-031550,209,20,"412,25,157,263,343,504,113,309,117,221,0,543,39,549,571,570,264,103,531,429",True,0.0099000647733934,0.015905346613235512
209,range_031351-031550,range_031501-031700,210,20,"527,602,357,245,280,601,138,113,441,392,41,106,222,424,587,367,234,414,523,27",True,0.02653993610501565,0.041390222874576554
210,range_031501-031700,range_031651-031850,211,20,"444,519,243,192,130,601,381,411,413,140,276,541,366,322,95,293,450,375,53,164",True,0.00114278062295555,0.0026964406071994
211,range_031651-031850,range_031801-032000,212,20,"424,540,340,661,131,280,401,264,292,305,381,261,96,595,440,300,86,580,236,640",True,0.0034111548803280496,0.007549772227412569
212,range_031801-032000,range_031951-032150,213,20,"557,244,18,541,588,271,187,175,483,425,510,43,611,407,33,240,540,178,325,66",True,0.00123373778914165,0.00214529679171304
213,range_031951-032150,range_032101-032300,214,20,"302,481,129,526,402,364,250,353,272,131,130,647,383,496,46,379,378,416,183,226",True,0.0036271132403270998,0.008131433609320473
214,range_032101-032300,range_032251-032450,215,20,"361,25,304,414,302,362,392,561,523,571,612,602,262,74,226,84,90,357,566,227",True,0.022894680346033598,0.03473923757785584
215,range_032251-032450,range_032401-032600,216,20,"24,129,36,547,642,394,245,272,330,577,382,514,400,260,147,431,595,12,643,89",True,0.0013439842316495,0.0024023309031735197
216,range_032401-032600,range_032551-032750,217,20,"97,505,1,547,29,631,661,376,562,538,229,144,483,580,108,588,158,442,182,42",True,0.00170114509981165,0.00418546088237306
217,range_032551-032750,range_032701-032900,218,20,"19,46,455,311,196,556,280,304,550,541,539,175,297,203,164,427,390,597,35,649",True,0.0019397540286251,0.003659161441581231
218,range_032701-032900,range_032851-033050,219,20,"124,655,364,136,60,524,0,438,492,92,306,122,462,316,549,88,27,144,348,180",True,0.0027763575640162,0.0033715111217849213
219,range_032851-033050,range_033001-033200,220,20,"203,35,337,264,498,252,131,612,575,638,663,56,267,474,4,489,513,496,488,524",True,0.00282581533031175,0.00385718455265571
220,range_033001-033200,range_033151-033350,221,20,"368,608,236,309,417,647,504,593,499,494,638,527,500,3,555,619,100,343,337,138",True,0.0052069621654280505,0.009556661374891402
221,range_033151-033350,range_033301-033500,222,20,"319,159,493,267,378,174,423,462,262,327,412,385,647,280,128,134,547,69,519,554",True,0.0047511049030915,0.006568364256482851
222,range_033301-033500,range_033451-033650,223,20,"440,340,237,110,262,441,27,392,572,75,131,461,608,361,567,647,210,209,251,276",True,0.09540800019004865,0.12320188234433059
223,range_033451-033650,range_033601-033800,224,20,"520,180,130,153,632,200,206,151,167,526,543,297,339,239,300,353,587,424,452,593",True,0.0016869592916948,0.0025233085628605105
224,range_033601-033800,range_033751-033950,225,20,"110,366,412,382,372,189,79,450,60,665,352,570,299,73,169,100,441,236,392,494",True,0.005418635539561,0.00704387658957304
225,range_033751-033950,range_033901-034100,226,20,"87,607,599,389,412,504,345,39,429,159,285,292,340,323,392,598,210,166,526,619",True,0.00947756525383495,0.02171349469846564
226,range_033901-034100,range_034051-034250,227,20,"462,466,566,362,612,36,458,372,580,347,657,441,50,468,546,635,519,602,360,450",True,0.0068224989764509,0.00992591138550524
227,range_034051-034250,range_034201-034400,228,20,"124,323,315,471,511,281,474,363,620,101,435,548,509,418,494,516,183,49,537,259",True,0.00285903047513285,0.00477366934713422
228,range_034201-034400,range_034351-034550,229,20,"48,25,46,489,189,598,96,169,612,3,302,372,450,102,366,500,514,159,659,246",True,0.00403545465229825,0.008631873585811712
229,range_034351-034550,range_034501-034700,230,20,"466,347,517,424,450,246,423,340,172,361,531,102,203,599,366,416,209,96,337,175",True,0.00551967585984545,0.008771329819701421
230,range_034501-034700,range_034651-034850,231,20,"562,87,262,96,164,441,653,306,612,538,426,608,496,555,647,574,241,73,312,214",True,0.0032762607386702,0.00605413448587313
231,range_034651-034850,range_034801-035000,232,20,"393,120,153,118,610,179,320,17,53,445,448,68,276,330,516,160,61,537,89,261",True,0.00243968477996975,0.00396102236325756
232,range_034801-035000,range_034951-035150,233,20,"250,128,392,262,351,254,90,214,35,393,261,496,27,323,567,113,598,316,554,643",True,0.0113448069273484,0.024006302139281073
233,range_034951-035150,range_035101-035300,234,20,"299,301,173,446,91,131,243,215,527,315,598,323,432,246,567,254,423,347,119,648",True,0.0162383924306366,0.0219200022562387
234,range_035101-035300,range_035251-035450,235,20,"269,23,492,578,627,253,193,540,120,484,510,184,628,568,645,219,86,518,16,585",True,0.0039723767964976,0.005856326745413199
235,range_035251-035450,range_035401-035600,236,20,"47,468,458,554,561,28,377,370,446,166,282,157,656,213,628,361,547,75,438,123",True,0.00226766362309635,0.0038678771149547302
236,range_035401-035600,range_035551-035750,237,20,"600,308,93,175,53,255,417,19,264,657,494,191,431,463,290,64,275,346,544,313",True,0.0020415908280481,0.00409043562557524
237,range_035551-035750,range_035701-035900,238,20,"120,505,307,265,98,613,642,68,52,258,492,23,53,448,224,137,197,407,417,380",True,0.0014239773963826,0.0027963560073793804
238,range_035701-035900,range_035851-036050,239,20,"108,664,120,559,564,646,125,460,150,560,557,585,425,475,118,645,188,403,333,489",True,0.0027110122008329,0.003900808560537831
239,range_035851-036050,range_036001-036200,240,20,"373,185,622,454,152,277,94,374,122,584,38,573,435,208,355,229,579,436,326,605",True,0.014903901050461651,0.01913504124977851
240,range_036001-036200,range_036151-036350,241,20,"562,508,387,543,143,352,125,512,525,295,31,396,579,549,321,665,44,46,413,551",True,0.0010691023029746,0.0019349890048757001
241,range_036151-036350,range_036301-036500,242,20,"404,527,353,71,361,569,446,260,636,638,282,173,128,662,381,275,325,269,456,129",True,0.00325431030134575,0.006301654825607681
242,range_036301-036500,range_036451-036650,243,20,"178,302,3,337,269,364,614,85,400,647,501,340,293,406,648,490,60,372,603,214",True,0.0011181931355749,0.00289622718592307
243,range_036451-036650,range_036601-036800,244,20,"6,484,65,156,377,510,103,150,479,87,565,123,521,158,184,188,111,317,142,135",True,0.0025359140171807,0.0033451018654524502
244,range_036601-036800,range_036751-036950,245,20,"387,545,88,587,259,27,60,629,357,210,580,433,209,201,544,441,36,128,492,567",True,0.055881757521474854,0.07809832424133986
245,range_036751-036950,range_036901-037100,246,20,"18,544,128,541,441,527,354,602,384,648,113,227,27,221,661,88,201,275,36,566",True,0.0109091671998129,0.0224517345911509
246,range_036901-037100,range_037051-037250,247,20,"350,434,621,489,139,91,471,11,540,34,184,6,318,175,32,257,62,639,193,145",True,0.0021298710325015503,0.002848308105473661
247,range_037051-037250,range_037201-037400,248,20,"352,365,299,124,627,337,637,492,183,399,473,404,307,60,465,1,566,285,236,4",True,0.004582908875113751,0.00733988514815589
248,range_037201-037400,range_037351-037550,249,20,"322,142,213,325,112,540,362,387,184,574,266,46,122,259,530,53,661,90,576,448",True,0.0015349723281632,0.00268819484667215
249,range_037351-037550,range_037501-037700,250,20,"330,6,17,39,643,336,95,31,119,353,312,513,289,130,640,141,425,184,140,332",True,0.0026462282590812,0.00421577862092567
250,range_037501-037700,range_037651-037850,251,20,"426,39,90,443,169,648,641,366,345,92,239,642,93,31,99,112,154,457,406,303",True,0.0030044214450615503,0.00532669336677199
251,range_037651-037850,range_037801-038000,252,20,"367,462,621,517,468,500,627,465,634,402,11,327,131,524,609,612,47,586,281,313",True,0.003277541637169,0.0053969665005891305
252,range_037801-038000,range_037951-038150,253,20,"660,355,591,217,179,604,630,658,321,626,269,21,529,425,153,575,132,467,556,333",True,0.0029068334185793,0.005392195659467171
253,range_037951-038150,range_038101-038300,254,20,"468,96,30,432,305,113,316,424,647,498,332,278,559,56,188,462,410,471,214,351",True,0.0033747979225894,0.00504299516636206
254,range_038101-038300,range_038251-038450,255,20,"412,347,424,599,292,215,581,392,567,571,370,191,299,549,638,96,365,227,570,210",True,0.015146026383469999,0.029439435497374253
255,range_038251-038450,range_038401-038600,256,20,"552,475,123,401,176,453,449,582,218,93,223,457,606,67,344,541,272,11,456,127",True,0.0016894378326241999,0.0028887617880283102
256,range_038401-038600,range_038551-038750,257,20,"376,242,521,109,644,233,536,335,371,436,219,421,240,198,235,15,534,158,628,484",True,0.00238694504962285,0.00696033158795112
257,range_038551-038750,range_038701-038900,258,20,"204,292,594,75,493,361,289,390,337,569,147,219,412,456,319,634,302,350,416,165",True,0.0033117207143902,0.00486665952842372
258,range_038701-038900,range_038851-039050,259,20,"62,589,596,529,112,502,229,659,535,35,82,30,152,503,501,560,322,228,98,40",True,0.00158236510264415,0.0031838774663429
259,range_038851-039050,range_039001-039200,260,20,"177,90,28,137,573,276,136,540,470,218,665,368,396,106,446,135,569,395,313,505",True,0.0023892119214521,0.0038330394170972507
260,range_039001-039200,range_039151-039350,261,20,"657,516,173,635,227,636,74,35,567,647,632,411,414,511,612,174,602,519,527,214",True,0.01851858638212085,0.026876440758732942
261,range_039151-039350,range_039301-039500,262,20,"193,79,351,278,440,86,587,173,60,562,522,527,4,347,17,595,18,462,403,283",True,0.004765719392765,0.009070936649173751
262,range_039301-039500,range_039451-039650,263,20,"523,527,345,401,381,412,567,128,441,400,466,496,361,210,222,414,75,302,554,31",True,0.08406227578385869,0.13491412729727
263,range_039451-039650,range_039601-039800,264,20,"364,492,428,498,214,461,662,131,129,532,175,124,306,613,127,442,287,220,343,424",True,0.0042193922336689,0.0070048791428097305
264,range_039601-039800,range_039751-039950,265,20,"404,214,27,209,138,366,113,599,392,647,474,315,566,552,227,524,292,378,117,192",True,0.00443014858097655,0.0126480151654804
265,range_039751-039950,range_039901-040100,266,20,"445,291,614,517,385,511,1,197,53,232,47,105,661,133,656,59,203,631,549,175",True,0.0015229556248569,0.0023746029302281098
266,range_039901-040100,range_040051-040250,267,20,"246,221,367,95,446,619,602,96,227,347,84,90,332,441,173,601,598,214,25,215",True,0.10760766053795065,0.13390690659567075
267,range_040051-040250,range_040201-040400,268,20,"248,478,91,326,369,540,158,622,525,186,435,109,160,430,153,476,132,277,335,339",True,0.00374629756808695,0.006356954056326981
268,range_040201-040400,range_040351-040550,269,20,"647,453,395,392,431,67,494,347,234,96,384,147,226,424,533,571,249,31,399,174",True,0.0035258367092103,0.004360890378390891
269,range_040351-040550,range_040501-040700,270,20,"392,559,481,426,321,375,216,325,255,293,25,49,364,620,391,88,191,85,443,439",True,0.00263332889424215,0.0038104730241035802
270,range_040501-040700,range_040651-040850,271,20,"34,310,480,528,557,469,419,588,322,306,71,6,253,522,18,590,126,132,46,172",True,0.0023347501736060003,0.0031801333663934003
271,range_040651-040850,range_040801-041000,272,20,"128,50,441,575,468,427,164,612,431,378,96,28,559,214,82,282,527,138,210,189",True,0.0341586372067766,0.050071218217366896
272,range_040801-041000,range_040951-041150,273,20,"567,250,313,389,159,174,56,130,173,293,246,441,147,353,3,74,221,96,378,196",True,0.0210503857137262,0.03745478698018208
273,range_040951-041150,range_041101-041300,274,20,"512,303,562,143,416,597,343,325,115,50,299,432,36,368,288,662,545,203,320,200",True,0.0026627798414235503,0.004443886637123751
274,range_041101-041300,range_041251-041450,275,20,"10,440,402,496,117,264,620,372,75,25,503,431,383,599,144,537,384,312,523,91",True,0.0026697579757916498,0.005462178852901141
275,range_041251-041450,range_041401-041600,276,20,"124,140,207,366,96,540,581,102,345,323,609,429,383,263,296,127,367,138,100,245",True,0.0038490727149021,0.007595359150420282
276,range_041401-041600,range_041551-041750,277,20,"21,150,202,185,14,437,156,627,529,556,405,199,430,213,436,308,198,335,589,625",True,0.0047577059507416,0.009989530734518961
277,range_041551-041750,range_041701-041900,278,20,"451,288,408,24,338,319,489,580,399,559,106,343,400,141,508,100,592,664,267,155",True,0.00106952960086065,0.00225727405816127
278,range_041701-041900,range_041851-042050,279,20,"409,634,5,239,627,449,7,179,532,181,318,553,646,507,306,42,508,427,162,225",True,0.00244350515768895,0.004235373019513861
279,range_041851-042050,range_042001-042200,280,20,"327,110,631,263,189,392,600,130,507,384,663,184,547,594,569,400,116,114,509,3",True,0.0017628895065103,0.0027491215760752003
280,range_042001-042200,range_042151-042350,281,20,"523,464,456,218,378,136,128,75,246,367,214,210,138,392,562,566,571,262,36,357",True,0.01276747478698225,0.019905651560086224
281,range_042151-042350,range_042301-042500,282,20,"653,67,266,219,631,603,148,19,171,559,313,479,301,29,446,396,190,453,220,362",True,0.0016630695249890502,0.00291807368580558
282,range_042301-042500,range_042451-042650,283,20,"365,119,213,101,440,267,665,28,337,43,380,404,215,481,353,113,361,661,194,427",True,0.0027296869282102502,0.00378557923146234
283,range_042451-042650,range_042601-042800,284,20,"64,260,395,51,643,482,532,461,393,190,243,385,175,120,82,165,301,6,555,516",True,0.0016674118208268,0.00258272766060219
284,range_042601-042800,range_042751-042950,285,20,"523,147,92,543,230,361,264,345,619,3,580,380,183,340,302,218,203,665,172,582",True,0.00697905919901175,0.014126902650699272
285,range_042751-042950,range_042901-043100,286,20,"321,162,422,233,32,253,193,179,142,200,91,107,406,61,8,54,434,239,540,160",True,0.00413377736059475,0.006455901020957291
286,range_042901-043100,range_043051-043250,287,20,"516,31,333,504,9,631,51,482,653,68,386,655,20,139,662,558,589,306,229,220",True,0.00183913891477055,0.00346328451809571
287,range_043051-043250,range_043201-043400,288,20,"620,403,491,311,301,70,271,62,574,196,243,0,253,181,497,31,298,646,112,51",True,0.00133729025290625,0.0038010181533572403
288,range_043201-043400,range_043351-043550,289,20,"162,610,382,32,253,249,69,269,155,503,365,82,260,613,125,122,654,374,351,34",True,0.0018648641336992998,0.0028376561129817
289,range_043351-043550,range_043501-043700,290,20,"544,113,566,210,138,372,392,209,88,623,384,357,645,429,180,108,442,610,139,245",True,0.3316785596834132,0.38392926887035517
290,range_043501-043700,range_043651-043850,291,20,"495,193,510,639,112,69,82,333,267,458,118,550,8,354,319,266,48,371,91,51",True,0.00262560829124745,0.0038685919307710004
291,range_043651-043850,range_043801-044000,292,20,"45,618,648,515,173,533,399,547,226,357,137,265,2,225,361,423,531,566,67,466",True,0.0030129744262995,0.00347680159662201
292,range_043801-044000,range_043951-044150,293,20,"620,82,402,60,125,410,336,446,31,131,601,357,384,607,456,172,106,165,404,348",True,0.00232217182382935,0.00546230281825777
293,range_043951-044150,range_044101-044300,294,20,"598,661,368,365,618,327,424,274,21,544,55,619,362,423,65,331,256,464,201,500",True,0.00162760770668215,0.004679527669319451
294,range_044101-044300,range_044251-044450,295,20,"125,508,188,577,564,48,339,664,91,472,10,645,30,145,333,97,23,407,321,473",True,0.00160993987527565,0.0038732317230039904
295,range_044251-044450,range_044401-044600,296,20,"144,79,647,527,608,361,614,192,587,10,243,378,74,194,414,567,327,350,246,319",True,0.07623489119269836,0.09445684132147812
296,range_044401-044600,range_044551-044750,297,20,"468,39,581,263,647,210,602,74,506,93,340,102,459,432,517,316,429,275,128,191",True,0.0099088308351054,0.012009021459396302
297,range_044551-044750,range_044701-044900,298,20,"554,95,337,136,479,174,250,471,260,89,119,107,431,496,3,244,429,396,611,390",True,0.0025592255381313503,0.00476080704862724
298,range_044701-044900,range_044851-045050,299,20,"416,194,31,68,122,16,5,544,464,41,167,98,491,513,201,10,272,127,636,225",True,0.0009682783211121999,0.0018609316808280707
299,range_044851-045050,range_045001-045200,300,20,"315,139,158,271,623,437,631,66,336,394,135,88,511,114,45,479,520,400,563,81",True,0.0016959948142276,0.00298361244479079
300,range_045001-045200,range_045151-045350,301,20,"207,398,479,494,267,356,633,416,618,140,413,643,135,601,253,183,272,114,388,530",True,0.0014224044039603,0.0030989130327646205
301,range_045151-045350,range_045301-045500,302,20,"523,192,75,243,221,527,439,231,79,319,128,74,571,171,456,222,262,608,426,599",True,0.01521048454065225,0.02508884015583017
302,range_045301-045500,range_045451-045650,303,20,"427,266,610,108,386,664,86,557,239,67,630,460,339,592,629,512,391,57,425,29",True,0.0012227281004497,0.0019505019355924701
303,range_045451-045650,range_045601-045800,304,20,"577,506,76,642,243,25,333,244,273,343,131,232,93,99,107,412,458,371,196,345",True,0.00210725730552845,0.0031627224237126502
304,range_045601-045800,range_045751-045950,305,20,"472,633,422,479,22,34,542,467,508,33,249,58,271,628,460,135,434,103,38,516",True,0.00239036091190265,0.003974977151964701
305,range_045751-045950,range_045901-046100,306,20,"419,578,4,510,452,47,287,85,24,231,479,114,349,448,654,607,225,449,634,627",True,0.001820226287149,0.00344289146857615
306,range_045901-046100,range_046051-046250,307,20,"424,113,127,515,96,586,56,662,464,569,594,455,566,607,180,25,234,572,50,296",True,0.0032594466548786,0.00574005918869678
307,range_046051-046250,range_046201-046400,308,20,"387,99,400,663,603,48,194,70,283,200,272,231,628,234,410,591,353,196,206,648",True,0.0021033922572671502,0.00332165902322556
308,range_046201-046400,range_046351-046550,309,20,"567,218,159,571,345,39,344,466,236,263,523,74,323,327,366,383,262,429,582,619",True,0.057515129144108404,0.08388354645464656
309,range_046351-046550,range_046501-046700,310,20,"611,502,239,407,151,115,556,274,291,270,507,33,162,579,553,94,10,150,639,518",True,0.0037384016648570996,0.0057706643964919
310,range_046501-046700,range_046651-046850,311,20,"246,212,143,566,602,567,508,554,603,598,462,221,210,340,262,50,18,569,412,572",True,0.0063200241838151,0.011436301364216393
311,range_046651-046850,range_046801-047000,312,20,"337,538,30,491,144,43,497,159,561,650,83,499,95,370,201,514,275,85,594,648",True,0.00140819711633925,0.00296662896948337
312,range_046801-047000,range_046951-047150,313,20,"134,137,456,496,582,474,263,414,53,642,527,25,299,530,449,78,440,221,128,364",True,0.0071592015562976005,0.013145051181713182
313,range_046951-047150,range_047101-047300,314,20,"486,161,152,374,604,186,622,405,373,54,551,476,33,156,202,583,13,77,584,435",True,0.026950265381540252,0.03945143485943159
314,range_047101-047300,range_047251-047450,315,20,"108,252,79,259,422,104,261,99,183,50,546,363,401,353,113,636,632,569,456,107",True,0.0019966865761534497,0.0034848202631443705
315,range_047251-047450,range_047401-047600,316,20,"403,177,357,647,656,207,642,340,245,49,292,387,234,559,515,346,450,41,56,619",True,0.0035793555444114,0.005222927125432881
316,range_047401-047600,range_047551-047750,317,20,"388,534,126,502,160,158,354,333,13,176,518,358,528,14,624,193,38,326,454,558",True,0.0026729138847899,0.005770440524611011
317,range_047551-047750,range_047701-047900,318,20,"621,255,522,451,6,471,105,5,194,137,427,193,490,268,73,301,294,139,276,305",True,0.0009733278738480499,0.00202853179240134
318,range_047701-047900,range_047851-048050,319,20,"116,52,418,552,585,95,8,6,438,118,591,545,191,40,187,547,537,592,597,308",True,0.00182865816071125,0.00265799109164201
319,range_047851-048050,range_048001-048200,320,20,"237,302,614,124,105,603,76,463,458,298,275,295,27,79,513,499,214,571,657,272",True,0.00476324320374235,0.008165006341701031
320,range_048001-048200,range_048151-048350,321,20,"261,58,178,305,111,435,339,434,66,72,636,579,473,255,242,94,303,564,225,438",True,0.0017847725856212,0.0028437171469657104
321,range_048151-048350,range_048301-048500,322,20,"235,568,198,213,29,664,359,434,654,135,247,380,403,158,42,15,163,224,510,415",True,0.0016319096447525,0.0030645738939560603
322,range_048301-048500,range_048451-048650,323,20,"638,210,571,567,282,74,499,218,207,599,275,357,444,134,432,292,399,619,127,140",True,0.0509344409567308,0.08042183652657127
323,range_048451-048650,range_048601-048800,324,20,"20,374,94,373,415,435,617,604,405,430,486,487,13,388,484,37,573,622,156,558",True,0.011782718281695099,0.0204331316751527
324,range_048601-048800,range_048751-048950,325,20,"364,138,263,551,192,272,471,581,3,224,511,117,412,644,296,206,401,230,379,497",True,0.0018887681973002,0.0032966503769937504
325,range_048751-048950,range_048901-049100,326,20,"154,632,255,204,49,336,662,182,479,30,52,649,123,188,91,664,177,98,303,108",True,0.0022610300904410503,0.0032219370934224102
326,range_048901-049100,range_049051-049250,327,20,"128,412,110,379,42,265,134,165,462,154,429,218,618,625,539,351,384,60,115,220",True,0.00131905901582325,0.0019872795444334603
327,range_049051-049250,range_049201-049400,328,20,"350,632,434,504,175,636,279,549,129,115,533,580,540,459,542,538,61,194,377,417",True,0.00310502426621155,0.0044098459138765195
328,range_049201-049400,range_049351-049550,329,20,"137,218,561,27,93,438,164,658,343,276,453,0,245,512,650,520,538,384,105,251",True,0.0006537091955979,0.00112216919841124
329,range_049351-049550,range_049501-049700,330,20,"191,343,637,522,188,548,52,613,40,4,588,472,597,586,547,160,294,238,126,488",True,0.0009528755096616501,0.0015394636762118303
330,range_049501-049700,range_049651-049850,331,20,"409,469,448,377,650,541,34,540,314,80,495,46,213,231,557,228,354,305,373,585",True,0.00230238629560505,0.0036569349859301103
331,range_049651-049850,range_049801-050000,332,20,"503,300,250,14,78,514,538,216,640,515,383,117,396,80,169,24,400,389,610,319",True,0.00190075468963975,0.00285784129677269
332,range_049801-050000,range_049951-050150,333,20,"162,655,428,467,610,503,67,44,659,637,216,559,195,556,101,457,552,350,108,98",True,0.00204688967119085,0.0037078585763339806
333,range_049951-050150,range_050101-050300,334,20,"371,374,457,443,606,646,146,651,553,556,485,535,585,568,229,652,158,193,452,484",True,0.00470796127186355,0.006213367184764511
334,range_050101-050300,range_050251-050450,335,20,"554,76,298,597,250,79,552,559,401,128,78,348,2,363,316,210,456,262,455,581",True,0.2619828490334464,0.2778286376044312
335,range_050251-050450,range_050401-050600,336,20,"466,309,12,644,53,384,512,311,619,275,429,215,77,379,432,180,468,472,375,227",True,0.0017006025764173,0.0036689626941716403
336,range_050401-050600,range_050551-050750,337,20,"320,212,353,567,293,419,519,404,174,389,364,75,390,3,246,441,262,414,372,99",True,0.06544685604418285,0.08203652025704382
337,range_050551-050750,range_050701-050900,338,20,"416,307,472,426,201,363,636,216,504,129,204,45,402,190,543,390,59,431,102,166",True,0.00189144836119915,0.003754992701622651
338,range_050701-050900,range_050851-051050,339,20,"560,511,190,320,596,308,449,278,272,394,11,101,185,491,563,592,130,38,390,661",True,0.0015037185052658498,0.0030592966047143706
339,range_050851-051050,range_051001-051200,340,20,"404,657,48,555,85,466,594,619,647,597,472,234,111,378,585,532,519,403,309,517",True,0.0030432052185163996,0.0047828810603702705
340,range_051001-051200,range_051151-051350,341,20,"371,606,35,97,483,162,407,625,406,422,326,454,576,447,151,521,411,480,478,8",True,0.0015563149996895,0.0027045300279480602
341,range_051151-051350,range_051301-051500,342,20,"397,388,207,616,540,529,42,208,231,438,626,198,308,556,478,512,642,233,136,184",True,0.0013687390271356998,0.0034340048331278203
342,range_051301-051500,range_051451-051650,343,20,"220,449,309,526,151,393,256,532,119,171,447,574,47,387,91,590,330,11,59,664",True,0.00121477007237865,0.0019084028754197905
343,range_051451-051650,range_051601-051800,344,20,"88,82,188,72,431,143,325,385,196,201,546,446,232,394,462,158,563,278,634,640",True,0.0021371265989134497,0.00294260860361064
344,range_051601-051800,range_051751-051950,345,20,"466,263,309,599,567,183,262,533,182,159,571,74,292,381,450,464,412,602,372,542",True,0.2307016594552711,0.2591801408933711
345,range_051751-051950,range_051901-052100,346,20,"363,27,255,453,438,124,327,24,360,627,48,47,260,645,658,458,542,106,26,390",True,0.00270697095614695,0.005681717141620051
346,range_051901-052100,range_052051-052250,347,20,"563,302,567,258,367,222,401,356,288,493,292,432,552,529,455,89,572,74,75,440",True,0.0151259751437,0.0228514573901322
347,range_052051-052250,range_052201-052400,348,20,"302,292,496,236,647,227,215,210,232,299,243,571,74,254,131,238,523,567,414,55",True,0.01829018299141635,0.037125209448607754
348,range_052201-052400,range_052351-052550,349,20,"416,116,203,520,320,90,365,285,550,276,40,564,387,372,66,224,267,598,323,450",True,0.0017474839352481998,0.00314687540435021
349,range_052351-052550,range_052501-052700,350,20,"86,121,66,510,139,485,480,115,436,202,289,369,556,16,132,568,575,534,472,37",True,0.0020984482739081,0.003744658611296331
350,range_052501-052700,range_052651-052850,351,20,"606,92,224,408,0,430,8,205,83,41,445,22,12,398,30,10,289,249,220,465",True,0.0015719259314672,0.0023662138334756507
351,range_052651-052850,range_052801-053000,352,20,"550,502,306,231,135,406,235,665,98,269,338,6,143,408,152,618,642,385,528,42",True,0.00113169992052305,0.002567825082086531
352,range_052801-053000,range_052951-053150,353,20,"463,562,575,587,225,281,386,125,243,548,124,493,371,370,596,627,231,625,387,478",True,0.0023107422187752,0.004300874791716941
353,range_052951-053150,range_053101-053300,354,20,"54,480,374,553,186,525,77,436,487,625,486,235,167,156,536,314,373,565,405,160",True,0.00897042700734755,0.01259443122879926
354,range_053101-053300,range_053251-053450,355,20,"540,632,230,49,3,56,200,226,446,174,105,86,177,410,261,59,599,611,29,136",True,0.001339262069386,0.002852619760606751
355,range_053251-053450,range_053401-053600,356,20,"494,239,132,307,382,184,179,628,277,186,434,199,528,516,242,425,10,20,530,452",True,0.002577185005401,0.0035189574903448802
356,range_053401-053600,range_053551-053750,357,20,"375,245,382,130,3,159,44,520,230,443,555,190,657,282,315,499,544,129,559,647",True,0.00243032367024995,0.0030944030572509903
357,range_053551-053750,range_053701-053900,358,20,"213,193,239,23,126,268,132,622,277,508,32,650,560,274,460,624,658,291,333,153",True,0.00089546233672175,0.0028535050214479
358,range_053701-053900,range_053851-054050,359,20,"107,106,490,442,275,184,446,389,173,582,619,450,590,475,0,49,327,464,216,561",True,0.00192524402996205,0.0036651444815007797
359,range_053851-054050,range_054001-054200,360,20,"658,533,341,409,132,211,654,393,68,339,475,308,579,444,276,492,216,552,195,92",True,0.0015799319407896,0.0034143092086114505
360,range_054001-054200,range_054151-054350,361,20,"345,429,414,292,427,515,571,426,138,284,75,593,140,134,51,464,210,392,157,263",True,0.0320441668980787,0.04150701210804559
361,range_054151-054350,range_054301-054500,362,20,"180,587,210,144,174,246,304,264,608,519,39,657,251,633,47,221,48,458,526,327",True,0.0051158367265801506,0.01110789112128817
362,range_054301-054500,range_054451-054650,363,20,"180,35,38,433,273,212,506,491,143,179,24,488,33,464,331,108,238,533,511,509",True,0.0014976922403805,0.0028901294209317603
363,range_054451-054650,range_054601-054800,364,20,"614,122,59,52,609,313,612,3,390,89,599,276,464,663,608,408,99,412,524,130",True,0.0024366022643013503,0.00490859080237577
364,range_054601-054800,range_054751-054950,365,20,"32,73,640,505,4,154,417,205,136,84,588,568,555,301,343,35,509,284,520,561",True,0.0020270920317683,0.003429224144024031
365,range_054751-054950,range_054901-055100,366,20,"582,263,347,593,74,570,504,43,175,458,230,119,215,299,567,292,221,220,429,647",True,0.02345364492683165,0.03984948720332858
366,range_054901-055100,range_055051-055250,367,20,"566,663,492,413,621,638,207,196,71,174,532,126,227,47,308,189,489,612,177,613",True,0.00281552180233565,0.0057696709583713104
367,range_055051-055250,range_055201-055400,368,20,"506,93,273,384,412,174,389,100,48,496,632,147,593,548,470,207,245,177,488,514",True,0.0020917009061032,0.00444293603551434
368,range_055201-055400,range_055351-055550,369,20,"239,387,386,184,85,448,656,187,321,591,249,256,34,548,38,8,170,358,10,162",True,0.00224007920625095,0.0036187808074333505
369,range_055351-055550,range_055501-055700,370,20,"236,523,441,581,569,396,470,227,414,90,554,79,131,316,76,593,423,99,401,647",True,0.22281900870347804,0.2529901791255594
370,range_055501-055700,range_055651-055850,371,20,"520,337,541,471,595,60,148,659,296,429,28,30,234,264,549,424,59,509,250,175",True,0.00245960452607575,0.00495963384372896
371,range_055651-055850,range_055801-056000,372,20,"128,86,210,159,647,522,180,297,609,236,228,245,466,489,41,429,138,25,423,441",True,0.0034070373348958497,0.0075600771463446206
372,range_055801-056000,range_055951-056150,373,20,"22,430,10,193,21,150,277,326,81,589,286,324,358,355,604,202,560,578,317,615",True,0.00619616974118425,0.012546136590078971
373,range_055951-056150,range_056101-056300,374,20,"591,326,66,360,436,482,658,156,435,652,565,68,486,193,415,10,161,534,21,408",True,0.006418297254231851,0.011410496440183921
374,range_056101-056300,range_056251-056450,375,20,"217,256,581,441,111,225,148,128,210,593,75,456,226,392,346,356,636,191,258,79",True,0.0220137779230551,0.031547699832738106
375,range_056251-056450,range_056401-056600,376,20,"326,617,536,487,430,253,10,489,163,589,185,622,558,534,81,176,158,160,15,118",True,0.00333300170674715,0.00790978545529157
376,range_056401-056600,range_056551-056750,377,20,"414,474,570,598,489,207,466,599,433,292,438,429,619,74,39,523,450,426,526,513",True,0.0249587994975329,0.03632998199308011
377,range_056551-056750,range_056701-056900,378,20,"449,214,304,245,343,365,399,417,264,498,281,462,572,538,287,661,515,532,119,103",True,0.0019537335323641,0.005910118465162702
378,range_056701-056900,range_056851-057050,379,20,"251,513,221,302,596,234,134,292,367,462,587,599,432,275,392,316,608,469,498,280",True,0.010550058180712349,0.01309146750311086
379,range_056851-057050,range_057001-057200,380,20,"404,73,182,662,344,241,659,349,306,360,550,320,157,401,426,288,88,390,402,542",True,0.002092524340696,0.00331089154458236
380,range_057001-057200,range_057151-057350,381,20,"530,413,498,455,566,581,60,312,93,657,659,241,142,322,537,463,220,43,236,641",True,0.00215648182556575,0.00468970810383019
381,range_057151-057350,range_057301-057500,382,20,"662,446,52,187,435,250,501,0,332,413,490,462,195,201,609,228,62,489,245,320",True,0.002172917911551,0.0029611146730046
382,range_057301-057500,range_057451-057650,383,20,"527,228,214,612,593,134,613,338,74,555,39,195,531,429,571,292,414,302,665,423",True,0.0185050283427651,0.02826629257652954
383,range_057451-057650,range_057601-057800,384,20,"52,641,201,469,89,50,250,241,245,491,515,463,623,282,157,431,348,618,90,493",True,0.00114300978160805,0.0022137601121210806
384,range_057601-057800,range_057751-057950,385,20,"373,409,592,295,321,403,217,257,286,607,97,258,318,457,501,532,428,422,142,518",True,0.0019251403501505,0.0036794825944100103
385,range_057751-057950,range_057901-058100,386,20,"32,648,646,555,282,437,175,97,169,492,294,543,662,60,504,522,507,425,351,103",True,0.0021109784918053503,0.00295942855653499
386,range_057901-058100,range_058051-058250,387,20,"649,530,6,167,475,650,659,5,365,158,23,457,465,445,68,187,69,194,495,477",True,0.0014176348611962,0.00244408080094754
387,range_058051-058250,range_058201-058400,388,20,"609,587,571,60,36,566,27,351,214,519,574,602,659,210,244,92,283,441,88,300",True,0.05535277357703115,0.07177930558537464
388,range_058201-058400,range_058351-058550,389,20,"498,378,527,245,528,468,218,600,643,108,303,452,499,463,75,192,471,523,204,644",True,0.003012387668694,0.006387023710599891
389,range_058351-058550,range_058501-058700,390,20,"212,336,404,99,174,641,441,64,527,571,50,293,455,210,209,28,519,215,468,4",True,0.1707877184042442,0.19451208231947448
390,range_058501-058700,range_058651-058850,391,20,"650,655,505,489,546,34,154,606,71,416,425,580,639,365,476,555,114,646,475,175",True,0.00099690927199765,0.00247761570012053
391,range_058651-058850,range_058801-059000,392,20,"218,82,499,269,601,65,608,5,477,174,526,427,148,376,59,612,345,4,467,36",True,0.0026731292331415,0.004921062901005121
392,range_058801-059000,range_058951-059150,393,20,"348,98,104,284,603,325,640,207,491,249,585,252,48,84,51,608,313,620,46,520",True,0.00182098886985725,0.0037437543749317516
393,range_058951-059150,range_059101-059300,394,20,"493,569,348,523,210,222,567,643,215,232,243,50,262,571,217,302,602,375,346,79",True,0.01514487541535645,0.024966438940251672
394,range_059101-059300,range_059251-059450,395,20,"352,260,478,524,298,284,320,435,61,406,474,255,92,84,99,621,662,141,212,313",True,0.00237488387925585,0.00439161953010493
395,range_059251-059450,range_059401-059600,396,20,"111,433,383,459,140,120,426,639,552,549,301,184,312,203,343,207,356,590,294,533",True,0.0011750276147973501,0.00180046175566503
396,range_059401-059600,range_059551-059750,397,20,"220,408,73,537,271,549,365,380,665,580,225,29,197,112,71,295,9,650,194,504",True,0.0018622843780032499,0.0033165072947007406
397,range_059551-059750,range_059701-059900,398,20,"127,612,455,533,500,594,633,90,304,166,416,368,444,466,412,207,650,259,93,97",True,0.0009567796608480499,0.002184949536154681
398,range_059701-059900,range_059851-060050,399,20,"567,159,74,571,474,134,292,263,218,78,129,348,598,599,429,412,631,499,147,491",True,0.129627804737734,0.14549821314162523
399,range_059851-060050,range_060001-060200,400,20,"148,190,454,20,145,460,146,360,125,529,522,660,585,321,318,40,12,30,295,133",True,0.0014209953264813502,0.0028678461481467113
400,range_060001-060200,range_060151-060350,401,20,"262,493,236,441,496,581,316,263,243,501,523,466,79,470,302,527,412,554,457,210",True,0.2747953390731861,0.314787442442893
401,range_060151-060350,range_060301-060500,402,20,"328,483,223,309,464,366,174,214,587,433,144,538,290,423,110,471,619,56,28,296",True,0.0020941838969154502,0.0049728404413978715
402,range_060301-060500,range_060451-060650,403,20,"569,113,76,215,209,75,357,164,567,650,392,390,210,214,389,347,292,662,647,496",True,0.0084896035244455,0.017464052886640602
403,range_060451-060650,range_060601-060800,404,20,"389,275,571,131,212,164,140,432,544,323,463,390,130,378,264,293,599,441,499,493",True,0.0049710547749802995,0.00975076510345353
404,range_060601-060800,range_060751-060950,405,20,"150,616,13,329,324,487,149,578,208,152,454,314,391,485,583,415,521,335,63,199",True,0.006413614705894,0.010700283961241711
405,range_060751-060950,range_060901-061100,406,20,"315,165,526,207,239,204,442,175,365,303,1,654,38,474,323,445,46,532,24,513",True,0.0010974487284474998,0.00165022271120088
406,range_060901-061100,range_061051-061250,407,20,"428,438,194,548,86,325,213,495,331,360,150,145,434,458,233,476,73,607,57,30",True,0.0024518676194429,0.004233168748243771
407,range_061051-061250,range_061201-061400,408,20,"472,489,626,178,125,344,342,460,622,573,182,492,502,34,649,447,217,435,5,279",True,0.00169996946101675,0.0034080617668003303
408,range_061201-061400,range_061351-061550,409,20,"43,188,42,205,179,17,108,604,661,121,103,206,425,191,143,541,452,29,52,427",True,0.00140948403401235,0.00354545002103735
409,range_061351-061550,range_061501-061700,410,20,"288,574,474,494,187,531,613,238,535,130,458,14,381,177,204,59,609,282,90,632",True,0.0011434621753836,0.0030224593201598404
410,range_061501-061700,range_061651-061850,411,20,"492,457,576,650,503,7,15,319,258,472,11,310,43,532,501,556,588,512,542,62",True,0.0021553253711579,0.00324411452819771
411,range_061651-061850,range_061801-062000,412,20,"134,231,524,119,21,364,657,569,96,636,432,65,95,365,438,392,113,116,180,641",True,0.0035622582272264,0.00584245997133696
412,range_061801-062000,range_061951-062150,413,20,"601,89,157,207,563,643,293,88,395,283,53,375,106,312,46,284,402,5,273,384",True,0.0023969590843852,0.00550845659412764
413,range_061951-062150,range_062101-062300,414,20,"73,619,608,215,345,3,131,466,546,263,572,134,284,74,432,429,292,599,129,549",True,0.012993365536749051,0.023409413695759818
414,range_062101-062300,range_062251-062450,415,20,"388,152,617,476,374,335,528,186,240,355,161,146,77,558,615,486,329,482,314,20",True,0.015247757095498499,0.02538917901756105
415,range_062251-062450,range_062401-062600,416,20,"25,336,140,597,569,245,527,571,581,74,570,567,100,468,640,108,337,65,164,639",True,0.00668791097573045,0.009771375784786882
416,range_062401-062600,range_062551-062750,417,20,"144,306,226,46,509,100,498,588,651,662,337,602,99,180,280,177,78,489,657,316",True,0.00192540124624585,0.00426993472504082
417,range_062551-062750,range_062701-062900,418,20,"125,381,117,285,53,177,275,439,530,183,621,638,357,641,175,662,505,316,284,128",True,0.0022433707917654,0.004853472380153101
418,range_062701-062900,range_062851-063050,419,20,"166,543,247,406,349,603,265,631,224,204,607,158,120,103,338,457,6,621,1,538",True,0.00176508996867415,0.00371418880612184
419,range_062851-063050,range_063001-063200,420,20,"249,261,633,638,655,231,172,21,565,142,488,298,133,534,223,235,62,42,484,458",True,0.0014726017092668501,0.00283666505562433
420,range_063001-063200,range_063151-063350,421,20,"226,102,488,227,320,69,196,173,222,312,517,90,392,192,116,81,39,431,519,296",True,0.0024783211975704,0.0048647666137683005
421,range_063151-063350,range_063301-063500,422,20,"475,501,30,135,223,542,629,62,306,532,184,247,579,339,478,611,561,297,376,624",True,0.00214216930377345,0.00326597720170882
422,range_063301-063500,range_063451-063650,423,20,"252,400,554,353,410,36,367,78,288,392,601,372,357,340,227,650,226,55,498,581",True,0.0023122441701234,0.00477354577733197
423,range_063451-063650,range_063601-063800,424,20,"47,85,110,488,517,453,653,520,450,72,598,434,177,53,383,49,464,3,412,481",True,0.00274011994132505,0.00459238402290861
424,range_063601-063800,range_063751-063950,425,20,"339,202,482,573,233,480,240,355,628,568,81,377,10,151,354,479,97,518,258,596",True,0.0028801015404720997,0.00495520458882624
425,range_063751-063950,range_063901-064100,426,20,"626,250,561,19,500,8,662,49,333,242,300,471,656,507,191,115,304,503,299,141",True,0.0019992001676604,0.00310365132615866
426,range_063901-064100,range_064051-064250,427,20,"292,287,599,638,499,127,140,571,74,75,207,533,399,582,474,567,128,593,210,466",True,0.046789112696099255,0.06924166348449151
427,range_064051-064250,range_064201-064400,428,20,"62,569,663,201,298,199,344,572,130,247,382,643,590,153,162,390,177,296,397,35",True,0.00176071135334015,0.00387400345492896
428,range_064201-064400,range_064351-064550,429,20,"567,366,571,599,466,414,263,74,523,39,514,140,416,345,292,323,100,619,464,296",True,0.15834918443017434,0.19974869932308278
429,range_064351-064550,range_064501-064700,430,20,"482,63,409,202,560,604,589,521,354,54,10,317,622,407,126,81,286,484,277,170",True,0.00624298308982295,0.00745299133376032
430,range_064501-064700,range_064651-064850,431,20,"117,197,378,78,612,249,311,367,527,164,632,138,635,246,469,468,548,316,603,524",True,0.027697135302430502,0.05273045353671702
431,range_064651-064850,range_064801-065000,432,20,"468,657,635,612,527,311,28,462,315,603,524,117,516,441,246,414,571,511,143,138",True,0.0569081096713038,0.07659018831520653
432,range_064801-065000,range_064951-065150,433,20,"210,315,527,131,523,79,232,468,28,567,378,571,554,316,496,493,635,96,128,262",True,0.1345465443423752,0.15949522790546242
433,range_064951-065150,range_065101-065300,434,20,"242,484,360,81,415,476,630,158,161,568,551,591,487,198,15,326,150,70,556,626",True,0.00385000341281065,0.007665509709693871
434,range_065101-065300,range_065251-065450,435,20,"156,240,573,617,360,185,616,373,314,335,374,630,149,454,334,415,37,167,151,38",True,0.012806343574796101,0.01856922960737909
435,range_065251-065450,range_065401-065600,436,20,"346,60,196,327,632,357,515,154,563,64,450,400,636,397,597,648,643,395,99,402",True,0.0010600802819573,0.00203825208702563
436,range_065401-065600,range_065551-065750,437,20,"217,586,335,407,34,403,418,305,175,26,30,277,334,259,103,87,225,458,85,35",True,0.001167405183987,0.00243374736599461
437,range_065551-065750,range_065701-065900,438,20,"657,612,601,119,282,378,492,367,113,426,489,228,227,158,340,27,53,496,383,602",True,0.0023254890351319998,0.00468889783598897
438,range_065701-065900,range_065851-066050,439,20,"653,382,238,51,157,659,233,534,36,520,620,395,642,350,295,532,543,657,413,587",True,0.0020698146653125,0.00299013751101466
439,range_065851-066050,range_066001-066200,440,20,"572,466,601,168,581,214,612,280,608,215,222,423,566,164,456,513,410,302,134,515",True,0.0044218947286800495,0.00821637919228627
440,range_066001-066200,range_066151-066350,441,20,"223,643,222,581,210,227,131,262,128,79,75,2,209,392,74,496,567,236,569,401",True,0.16019192877672533,0.19889346623025891
441,range_066151-066350,range_066301-066500,442,20,"304,31,25,411,315,548,78,255,4,293,168,189,619,36,88,83,192,390,340,461",True,0.0049842080211721,0.00667350240874822
442,range_066301-066500,range_066451-066650,443,20,"279,68,181,66,167,103,653,425,169,335,125,495,87,223,516,298,660,54,472,411",True,0.0011565719697468999,0.0023833308930821507
443,range_066451-066650,range_066601-066800,444,20,"497,64,123,507,419,574,48,190,83,603,426,638,23,107,511,515,406,390,539,44",True,0.0017573440893838498,0.002927298325482931
444,range_066601-066800,range_066751-066950,445,20,"137,327,360,106,52,568,125,454,190,117,99,396,294,542,610,48,470,83,303,641",True,0.0020845240022324,0.0037946689676775203
445,range_066751-066950,range_066901-067100,446,20,"95,381,241,254,292,412,128,215,222,263,527,345,131,106,246,602,238,221,367,296",True,0.0289757851092212,0.04553226546067657
446,range_066901-067100,range_067051-067250,447,20,"371,240,482,564,253,146,430,14,576,63,624,77,592,170,208,350,591,628,487,13",True,0.0031335390659829997,0.0071004347135942315
447,range_067051-067250,range_067201-067400,448,20,"199,624,507,290,565,434,101,480,261,407,656,217,21,126,541,247,564,606,289,645",True,0.00274166674600625,0.003699299160749081
448,range_067201-067400,range_067351-067550,449,20,"545,492,65,152,469,604,659,397,279,29,328,239,338,200,69,0,163,403,642,533",True,0.00129702204134735,0.00185131254886477
449,range_067351-067550,range_067501-067700,450,20,"414,11,567,134,39,312,345,602,571,292,74,599,53,159,499,383,619,299,263,103",True,0.02383817091094425,0.04489798906275777
450,range_067501-067700,range_067651-067850,451,20,"425,57,559,319,540,69,643,276,472,12,114,664,257,86,419,261,29,248,298,67",True,0.00162378378174095,0.0033457064497162403
451,range_067651-067850,range_067801-068000,452,20,"331,380,207,642,224,47,585,32,153,537,469,634,582,73,124,557,5,648,330,154",True,0.0015013025227077,0.0027811169012672506
452,range_067801-068000,range_067951-068150,453,20,"11,442,18,492,369,287,249,642,34,417,303,87,629,542,311,51,250,339,537,85",True,0.0011647357044549502,0.0029291630396346404
453,range_067951-068150,range_068101-068300,454,20,"616,146,421,16,317,615,565,430,576,277,21,199,579,630,354,528,415,286,33,155",True,0.0039343645863328496,0.00703980651098367
454,range_068101-068300,range_068251-068450,455,20,"518,322,107,101,611,351,116,141,83,22,402,24,288,600,125,641,190,216,84,493",True,0.0012270752452828,0.0019685324034739303
455,range_068251-068450,range_068401-068600,456,20,"620,292,78,496,312,273,602,567,612,491,293,82,353,572,79,364,348,210,527,512",True,0.00686001145373745,0.013627215528635401
456,range_068401-068600,range_068551-068750,457,20,"530,537,511,191,203,157,557,570,582,499,309,20,272,547,636,205,608,491,386,320",True,0.0025309006727247,0.0036767480572570807
457,range_068551-068750,range_068701-068900,458,20,"52,245,172,548,577,140,142,614,468,216,620,612,662,56,49,204,524,648,270,53",True,0.00272746889882975,0.00427881873318354
458,range_068701-068900,range_068851-069050,459,20,"199,387,320,225,595,194,311,385,538,321,590,45,118,442,157,630,190,407,560,126",True,0.0014122592842309,0.00239177642904549
459,range_068851-069050,range_069001-069200,460,20,"379,273,171,549,59,598,294,471,327,387,46,65,620,535,137,643,582,614,511,662",True,0.0026720522631454,0.0039215708168051
460,range_069001-069200,range_069151-069350,461,20,"566,209,78,12,367,110,265,168,39,272,522,64,79,364,251,545,446,400,234,182",True,0.0019201612003413,0.00315295159262706
461,range_069151-069350,range_069301-069500,462,20,"236,304,292,209,445,496,53,612,392,596,524,550,513,138,74,337,412,25,599,499",True,0.005747660751258149,0.00917772681309376
462,range_069301-069500,range_069451-069650,463,20,"96,561,481,609,316,189,496,345,88,491,311,351,29,215,440,218,100,201,603,296",True,0.0028433521572115497,0.00470786254900776
463,range_069451-069650,range_069601-069800,464,20,"140,309,337,638,320,50,570,412,496,346,113,151,111,440,245,71,196,219,192,133",True,0.0024574360519673,0.004412217360729021
464,range_069601-069800,range_069751-069950,465,20,"582,296,398,136,607,562,453,182,76,647,79,353,428,500,207,499,82,580,366,183",True,0.0056481534626951005,0.00747397281211313
465,range_069751-069950,range_069901-070100,466,20,"345,263,567,450,262,309,412,571,74,292,134,39,504,414,366,182,570,481,523,138",True,0.12881101656562574,0.1631794776258791
466,range_069901-070100,range_070051-070250,467,20,"396,42,661,641,525,620,45,370,511,229,116,235,24,419,279,574,294,447,547,301",True,0.00157794827557675,0.003639194613797191
467,range_070051-070250,range_070201-070400,468,20,"291,328,501,262,223,236,50,403,531,598,82,207,164,315,215,599,523,74,234,218",True,0.0044081819902144,0.00790680020437318
468,range_070201-070400,range_070351-070550,469,20,"74,143,246,389,262,214,209,359,56,311,572,25,165,82,511,3,632,210,581,79",True,0.01057927858593505,0.015241924964303993
469,range_070351-070550,range_070501-070700,470,20,"647,79,300,416,570,390,192,257,368,364,636,144,563,41,110,293,379,347,231,577",True,0.00354330664121145,0.00506380774519162
470,range_070501-070700,range_070651-070850,471,20,"380,9,115,35,162,305,319,504,322,625,547,610,40,529,650,331,26,482,537,266",True,0.00277301492735145,0.004209349096278221
471,range_070651-070850,range_070801-071000,472,20,"117,612,456,411,599,439,172,575,253,424,200,303,513,569,316,364,637,251,259,445",True,0.00250709304270515,0.00536541839377101
472,range_070801-071000,range_070951-071150,473,20,"146,447,664,388,644,588,235,386,12,579,622,240,58,32,374,534,420,259,70,26",True,0.0019666618786745,0.0033301218337920416
473,range_070951-071150,range_071101-071300,474,20,"370,458,637,399,221,69,316,189,284,127,426,169,255,78,603,549,247,228,139,592",True,0.00289900215561415,0.00478224343180883
474,range_071101-071300,range_071251-071450,475,20,"126,580,244,38,57,560,204,298,645,448,541,191,487,400,539,188,507,545,297,654",True,0.00186165521306085,0.0038002373034045508
475,range_071251-071450,range_071401-071600,476,20,"612,367,17,545,389,631,554,174,191,410,292,293,50,548,189,159,144,237,226,571",True,0.0031755506158045003,0.00564982167184819
476,range_071401-071600,range_071551-071750,477,20,"244,28,429,51,248,446,114,412,18,323,656,574,540,522,432,129,40,273,549,336",True,0.0019988905734953,0.003552021584246482
477,range_071551-071750,range_071701-071900,478,20,"264,219,464,372,173,261,400,42,507,611,11,533,385,412,427,362,244,45,232,353",True,0.0016292153457033,0.00269058980495724
478,range_071701-071900,range_071851-072050,479,20,"570,607,178,375,385,37,382,658,101,633,239,123,365,330,641,631,369,73,452,526",True,0.001711224202075,0.00352164108328752
479,range_071851-072050,range_072001-072200,480,20,"353,24,228,600,7,304,191,157,200,653,252,278,140,180,36,120,608,1,256,85",True,0.0018169695537283,0.00282318286088341
480,range_072001-072200,range_072151-072350,481,20,"608,375,0,345,294,340,423,168,399,185,432,285,93,78,180,538,569,199,49,230",True,0.00199581640205865,0.0032226312448997304
481,range_072151-072350,range_072301-072500,482,20,"90,322,587,57,66,130,168,45,89,238,574,627,370,463,418,447,346,102,213,76",True,0.0018246067410267498,0.0039018460007971
482,range_072301-072500,range_072451-072650,483,20,"277,63,551,360,616,317,257,185,420,528,233,510,142,350,583,109,16,435,536,240",True,0.0046635291185506,0.01080502396861652
483,range_072451-072650,range_072601-072800,484,20,"308,181,233,354,654,427,225,21,129,651,646,534,616,229,584,428,162,265,617,193",True,0.00226094915679235,0.003667646794506541
484,range_072601-072800,range_072751-072950,485,20,"225,109,259,625,528,248,193,286,20,152,317,255,335,247,639,535,198,277,314,376",True,0.00703377466145125,0.0127712046656357
485,range_072751-072950,range_072901-073100,486,20,"409,306,109,241,270,11,568,556,33,5,231,606,435,151,289,354,158,310,146,142",True,0.00145280891088075,0.00315260280815961
486,range_072901-073100,range_073051-073250,487,20,"605,13,77,558,583,150,616,617,335,430,185,579,15,149,198,457,339,37,233,436",True,0.0587819904403833,0.07727420420682772
487,range_073051-073250,range_073201-073400,488,20,"377,180,228,618,116,301,46,351,465,595,341,515,537,504,291,577,87,328,580,587",True,0.00162648830339315,0.00268388663434209
488,range_073201-073400,range_073351-073550,489,20,"66,344,621,295,556,86,231,146,321,437,72,430,436,109,639,193,565,522,651,156",True,0.0016811540475303,0.0021347337939916903
489,range_073351-073550,range_073501-073700,490,20,"177,552,634,220,148,290,459,93,635,190,321,542,6,632,346,288,385,507,99,237",True,0.0023931954289018497,0.00416898086134494
490,range_073501-073700,range_073651-073850,491,20,"217,241,100,281,323,3,4,439,5,431,275,640,273,312,136,511,299,327,283,270",True,0.0021751303890172498,0.0031574389486662903
491,range_073651-073850,range_073801-074000,492,20,"526,545,163,196,420,53,224,197,311,307,137,610,284,548,557,120,665,294,506,417",True,0.0030172049881144,0.00428644606931795
492,range_073801-074000,range_073951-074150,493,20,"552,562,190,547,346,99,135,243,404,237,199,98,216,101,418,614,410,219,137,281",True,0.0010362330453085001,0.00194110990812704
493,range_073951-074150,range_074101-074300,494,20,"384,402,238,27,444,649,424,473,184,336,546,80,17,251,59,168,587,526,477,218",True,0.0015644430682972498,0.0032622373901458
494,range_074101-074300,range_074251-074450,495,20,"242,58,94,476,484,324,208,152,629,326,81,16,107,508,434,528,521,651,604,553",True,0.0041339502261500995,0.00631883542880732
495,range_074251-074450,range_074401-074600,496,20,"581,262,594,412,348,79,441,401,316,400,5,302,346,24,523,128,131,569,210,31",True,0.2987538189599097,0.3282608440587579
496,range_074401-074600,range_074551-074750,497,20,"368,16,601,71,19,469,391,106,310,609,290,416,474,196,327,377,595,46,366,313",True,0.0014959232815753,0.0025520409133018103
497,range_074551-074750,range_074701-074900,498,20,"527,392,571,134,554,466,221,56,262,264,468,246,414,567,523,74,210,209,25,378",True,0.20685488643970215,0.2230799934921853
498,range_074701-074900,range_074851-075050,499,20,"410,601,384,251,147,598,293,76,346,218,168,431,464,663,245,90,514,88,648,593",True,0.0026239481844249,0.004775748192017781
499,range_074851-075050,range_075001-075200,500,20,"263,619,39,275,100,366,312,399,138,207,210,417,299,441,123,429,426,444,613,474",True,0.01101856845317815,0.02194067655739934
500,range_075001-075200,range_075151-075350,501,20,"20,277,518,13,528,373,476,589,430,146,152,355,54,37,573,21,457,94,160,484",True,0.00460209878894265,0.00731014620265393
501,range_075151-075350,range_075301-075500,502,20,"437,512,613,40,469,37,122,434,116,231,516,637,35,477,295,639,479,91,33,224",True,0.00221154888846405,0.0035161235106419505
502,range_075301-075500,range_075451-075650,503,20,"216,455,571,550,174,28,197,4,441,636,292,270,515,189,516,523,612,17,79,228",True,0.01333897824617845,0.0226090894086307
503,range_075451-075650,range_075601-075800,504,20,"191,380,307,661,44,231,387,643,248,10,48,84,375,557,295,140,65,297,190,255",True,0.00136996419946575,0.0034025162869216505
504,range_075601-075800,range_075751-075950,505,20,"433,379,26,478,104,98,85,67,49,294,158,160,137,653,336,180,377,628,475,195",True,0.001052934403238,0.00240093149781423
505,range_075751-075950,range_075901-076100,506,20,"337,665,647,88,361,351,183,18,432,110,114,352,493,402,519,189,428,461,412,602",True,0.0027924767369162497,0.004348621211538611
506,range_075901-076100,range_076051-076250,507,20,"662,327,348,85,577,286,287,362,445,24,47,310,130,195,319,216,453,307,232,17",True,0.0023113294330198,0.0040703151145634305
507,range_076051-076250,range_076201-076400,508,20,"535,421,617,223,324,181,575,57,556,318,163,655,539,248,178,454,261,219,536,16",True,0.0038456561528005997,0.00587606460415153
508,range_076201-076400,range_076351-076550,509,20,"27,313,201,297,53,250,562,544,459,97,7,111,563,580,352,336,218,130,609,230",True,0.0012610385723621,0.00319318862640889
509,range_076351-076550,range_076501-076700,510,20,"56,168,226,455,209,159,353,313,147,554,228,612,587,562,602,3,523,567,571,603",True,0.1281140864443555,0.1423506686280499
510,range_076501-076700,range_076651-076850,511,20,"249,561,1,196,194,338,319,105,116,4,180,84,555,593,282,440,563,51,13,27",True,0.0022475112679655497,0.0034332034080058805
511,range_076651-076850,range_076801-077000,512,20,"458,420,220,561,207,586,31,182,319,545,195,550,194,114,103,287,526,217,154,216",True,0.00208825798400685,0.003425829632483891
512,range_076801-077000,range_076951-077150,513,20,"216,281,455,192,280,56,246,189,278,66,292,3,159,78,450,82,163,136,571,378",True,0.18442975882907658,0.20347880957790473
513,range_076951-077150,range_077101-077300,514,20,"59,217,248,114,106,87,369,351,653,573,574,80,154,528,224,664,267,48,297,584",True,0.0017935499915261999,0.0032167889206430405
514,range_077101-077300,range_077251-077450,515,20,"635,489,353,15,376,569,632,52,574,267,131,437,663,50,463,601,173,86,200,603",True,0.00184764667538065,0.00480927566422633
515,range_077251-077450,range_077401-077600,516,20,"16,350,162,483,542,160,308,579,472,585,575,145,576,219,386,185,289,274,317,14",True,0.002831090723106,0.005642399376967541
516,range_077401-077600,range_077551-077750,517,20,"134,544,496,283,46,281,402,659,444,220,446,383,445,665,473,27,401,499,599,238",True,0.00285313951497295,0.0051811718788714
517,range_077551-077750,range_077701-077900,518,20,"527,498,53,414,102,587,27,567,113,416,138,296,452,383,209,571,468,441,28,210",True,0.11023105354300694,0.12077899357690772
518,range_077701-077900,range_077851-078050,519,20,"441,245,113,221,24,378,27,53,416,414,228,531,210,587,498,467,296,402,48,468",True,0.014664313445307449,0.023724571022518022
519,range_077851-078050,range_078001-078200,520,20,"357,245,191,180,312,531,499,288,367,410,643,620,424,19,102,493,93,383,550,554",True,0.0034251585172356,0.00472464152659924
520,range_078001-078200,range_078151-078350,521,20,"408,248,199,184,33,163,374,625,26,121,81,77,66,564,435,286,91,535,502,185",True,0.00297580965914905,0.006780652791848271
521,range_078151-078350,range_078301-078500,522,20,"262,86,562,645,392,214,232,545,471,412,357,245,544,60,567,566,27,379,661,384",True,0.5086786094541161,0.5278550055283477
522,range_078301-078500,range_078451-078650,523,20,"222,372,345,27,587,357,441,128,378,471,227,664,361,58,201,210,31,645,384,544",True,0.00651935384778035,0.01619964147969221
523,range_078451-078650,range_078601-078800,524,20,"221,183,593,470,209,352,444,346,383,323,252,456,264,647,296,394,117,4,423,500",True,0.00480804818923745,0.007593071420186531
524,range_078601-078800,range_078751-078950,525,20,"605,617,421,314,551,77,615,334,13,374,186,149,591,485,388,583,355,335,405,198",True,0.02624965603410195,0.046203185868763326
525,range_078751-078950,range_078901-079100,526,20,"571,466,263,567,39,74,414,316,292,96,134,619,230,55,593,372,140,224,138,285",True,0.17791322190240538,0.20132357133055484
526,range_078901-079100,range_079051-079250,527,20,"613,318,96,372,498,432,284,210,389,653,159,444,100,25,450,75,226,110,514,140",True,0.00777493637400895,0.012550463213877391
527,range_079051-079250,range_079201-079400,528,20,"654,150,16,170,199,483,213,121,160,573,630,482,326,436,91,583,507,585,652,644",True,0.0029626638994828,0.0062779979475769
528,range_079201-079400,range_079351-079550,529,20,"320,284,143,546,406,448,119,286,112,309,23,409,467,46,604,62,106,228,86,175",True,0.001709970352253,0.0035176665045017802
529,range_079351-079550,range_079501-079700,530,20,"194,471,22,621,253,600,604,271,403,488,114,576,452,260,179,428,146,373,489,611",True,0.0019094220822413002,0.00358886381954821
530,range_079501-079700,range_079651-079850,531,20,"344,230,309,638,183,361,352,210,619,78,474,465,4,11,287,429,381,340,572,39",True,0.0107286647287708,0.02027823765299824
531,range_079651-079850,range_079801-080000,532,20,"481,543,546,599,119,653,366,414,3,496,450,284,383,169,372,566,376,302,368,619",True,0.0116029297018743,0.022213351221377273
532,range_079801-080000,range_079951-080150,533,20,"46,554,465,602,169,76,111,49,574,363,389,592,303,199,119,661,458,319,282,325",True,0.00164698147246495,0.0037434096561867803
533,range_079951-080150,range_080101-080300,534,20,"101,108,433,452,434,26,460,57,276,45,31,320,575,659,198,300,635,206,489,354",True,0.0026383135641536003,0.00351546908186419
534,range_080101-080300,range_080251-080450,535,20,"391,223,8,332,58,21,360,552,408,650,271,253,611,629,488,446,600,451,636,31",True,0.00177457274188025,0.00260948929043892
535,range_080251-080450,range_080401-080600,536,20,"77,314,329,152,430,485,277,373,573,421,202,170,487,371,652,186,660,324,476,405",True,0.0117527525624436,0.016100825284375283
536,range_080401-080600,range_080551-080750,537,20,"600,336,119,21,574,51,431,116,631,272,17,616,213,90,102,663,291,419,609,187",True,0.000944180569526,0.0014796842475839503
537,range_080551-080750,range_080701-080900,538,20,"337,262,566,142,28,656,280,642,18,128,72,282,36,609,439,227,367,462,283,165",True,0.0062391764838103,0.00838265522998503
538,range_080701-080900,range_080851-081050,539,20,"196,273,505,259,71,17,595,346,492,410,574,433,157,603,187,489,92,179,647,613",True,0.0011946303818515499,0.00341065199054752
539,range_080851-081050,range_081001-081200,540,20,"524,100,640,76,180,361,294,619,449,504,424,418,438,555,597,393,345,378,174,104",True,0.00172028961635855,0.00334428083307667
540,range_081001-081200,range_081151-081350,541,20,"384,392,370,275,566,209,245,29,357,88,60,523,278,297,254,210,113,609,659,128",True,0.06092684033902965,0.08319632022678594
541,range_081151-081350,range_081301-081500,542,20,"519,165,493,3,255,177,147,19,411,477,325,130,629,28,53,144,327,446,244,304",True,0.0024700641348248,0.00342841322491084
542,range_081301-081500,range_081451-081650,543,20,"663,455,641,563,575,73,164,380,167,564,122,498,491,316,413,52,410,470,385,92",True,0.00238631023666565,0.00394197758023613
543,range_081451-081650,range_081601-081800,544,20,"453,241,214,73,307,363,17,166,398,289,515,609,456,56,287,424,455,244,616,381",True,0.0029544714276900502,0.00600329011530289
544,range_081601-081800,range_081751-081950,545,20,"599,370,296,439,55,440,282,345,612,3,244,249,403,390,395,499,320,159,184,433",True,0.0034221316342502497,0.005542569459045601
545,range_081751-081950,range_081901-082100,546,20,"150,622,68,179,482,606,590,399,627,66,476,125,534,408,69,373,535,421,437,512",True,0.0031699149356631496,0.00494264423446167
546,range_081901-082100,range_082051-082250,547,20,"281,245,57,513,614,508,48,395,427,376,344,623,190,116,187,318,353,370,283,88",True,0.0007490349563673501,0.0017368282793503904
547,range_082051-082250,range_082201-082400,548,20,"467,136,206,146,120,195,225,398,32,205,396,510,122,101,188,63,289,417,627,233",True,0.0015712440817350001,0.00369446941663053
548,range_082201-082400,range_082351-082550,549,20,"358,394,216,644,217,348,273,469,627,653,643,261,294,101,559,122,620,157,480,1",True,0.0028289216372735003,0.00469355451952093
549,range_082351-082550,range_082501-082700,550,20,"493,220,131,432,429,566,221,345,475,9,410,441,246,138,107,413,302,571,527,218",True,0.00611256546408005,0.010088649840305972
550,range_082501-082700,range_082651-082850,551,20,"170,253,202,415,485,152,94,630,652,658,484,355,388,20,153,161,397,326,269,525",True,0.00672234674800715,0.009968806942092581
551,range_082651-082850,range_082801-083000,552,20,"85,344,310,521,266,156,313,375,111,121,437,622,526,416,356,195,270,505,167,136",True,0.00064509887180735,0.00185777646748997
552,range_082801-083000,range_082951-083150,553,20,"581,246,441,79,264,222,262,346,128,567,316,474,367,210,523,467,396,50,470,527",True,0.0325515223706587,0.048615431322764524
553,range_082951-083150,range_083101-083300,554,20,"222,569,455,210,227,312,456,571,496,128,408,223,470,567,316,367,441,404,262,79",True,0.0250472209710134,0.0502985035525033
554,range_083101-083300,range_083251-083450,555,20,"448,638,108,320,620,576,452,257,172,120,197,368,178,282,425,200,484,9,526,543",True,0.00156122236488025,0.00280289485301336
555,range_083251-083450,range_083401-083600,556,20,"650,512,611,194,211,258,181,610,101,590,545,373,594,452,488,273,282,303,217,451",True,0.0021680682617547,0.0047222139410915106
556,range_083401-083600,range_083551-083750,557,20,"6,7,613,21,40,5,153,530,103,460,0,354,469,101,330,306,29,276,298,341",True,0.0023324724221298002,0.0030695713416988204
557,range_083551-083750,range_083701-083900,558,20,"435,584,617,335,334,485,360,487,578,156,185,430,579,161,454,202,235,13,622,583",True,0.00698965740971085,0.013577112967516871
558,range_083701-083900,range_083851-084050,559,20,"110,75,192,226,246,197,221,431,126,469,545,209,73,215,367,608,165,264,330,362",True,0.00493955666823725,0.00880891900556259
559,range_083851-084050,range_084001-084200,560,20,"287,268,537,612,292,117,464,431,239,647,168,262,2,496,3,192,312,222,88,271",True,0.0045203865040056,0.00629727375889622
560,range_084001-084200,range_084151-084350,561,20,"25,84,275,297,272,85,474,447,293,389,151,506,642,99,256,520,513,164,512,312",True,0.0010404489390979,0.0028310425287784414
561,range_084151-084350,range_084301-084500,562,20,"88,398,222,659,110,75,468,347,345,137,226,191,278,366,96,442,48,93,117,593",True,0.0039041655189183495,0.0055438731120225695
562,range_084301-084500,range_084451-084650,563,20,"499,410,296,642,83,243,355,192,399,165,361,164,363,58,608,395,256,144,389,101",True,0.0014743979888398998,0.0027296218242471
563,range_084451-084650,range_084601-084800,564,20,"392,74,378,414,623,131,250,393,174,75,209,498,227,246,113,456,643,73,218,552",True,0.005431386704226699,0.010113598942670825
564,range_084601-084800,range_084751-084950,565,20,"654,224,136,637,211,208,188,447,342,492,150,63,253,373,330,575,163,649,579,611",True,0.0014960168856059,0.00271520506538496
565,range_084751-084950,range_084901-085100,566,20,"441,75,392,27,288,312,76,222,128,401,550,46,394,210,227,523,293,545,113,513",True,0.0755986428959838,0.09345912344324014
566,range_084901-085100,range_085051-085250,567,20,"441,384,580,222,659,424,245,609,192,36,27,629,214,262,201,128,283,648,9,278",True,0.017386666012323,0.02896120894134438
567,range_085051-085250,range_085201-085400,568,20,"360,534,549,267,158,1,418,59,283,402,377,597,139,623,45,446,84,66,171,178",True,0.00186757753956175,0.0031975061990460003
568,range_085201-085400,range_085351-085550,569,20,"250,83,490,64,122,493,346,419,102,442,106,620,552,360,614,395,438,353,632,597",True,0.0017112838276629998,0.00277699045306604
569,range_085351-085550,range_085501-085700,570,20,"227,212,348,470,602,288,23,189,378,392,643,608,117,356,481,56,223,468,131,393",True,0.00939631076870945,0.016455027060489492
570,range_085501-085700,range_085651-085850,571,20,"134,220,377,74,292,523,414,481,598,254,619,230,531,599,345,366,127,450,608,159",True,0.1529289607198652,0.19473735385548577
571,range_085651-085850,range_085801-086000,572,20,"398,432,124,367,638,252,48,209,494,404,241,207,498,93,221,123,222,103,543,468",True,0.00233367694636935,0.00435317868315977
572,range_085801-086000,range_085951-086150,573,20,"605,326,405,185,208,485,421,525,622,486,551,150,360,63,334,415,616,77,170,324",True,0.007885290617262,0.015949858999563683
573,range_085951-086150,range_086101-086300,574,20,"9,164,94,197,611,388,461,561,517,54,80,110,612,206,402,619,237,50,53,423",True,0.0017426024622915,0.0032731397173355716
574,range_086101-086300,range_086251-086450,575,20,"221,246,253,57,75,456,477,88,410,587,648,107,218,414,212,230,396,527,18,201",True,0.008403548645629099,0.017100092828072653
575,range_086251-086450,range_086401-086600,576,20,"215,45,303,52,147,82,281,296,429,519,542,345,601,475,159,541,427,189,588,612",True,0.00164682796381285,0.003071939349282161
576,range_086401-086600,range_086551-086750,577,20,"451,510,249,328,142,638,488,411,151,606,307,625,207,486,467,12,369,22,231,586",True,0.00102314924430875,0.00174222345289821
577,range_086551-086750,range_086701-086900,578,20,"117,22,138,126,635,191,205,96,165,246,632,74,663,131,114,511,110,349,215,28",True,0.0094783584742011,0.012716474646813879
578,range_086701-086900,range_086851-087050,579,20,"319,404,239,561,656,428,538,135,142,630,334,352,84,327,224,245,73,306,71,300",True,0.0016430221584947,0.002247130402154581
579,range_086851-087050,range_087001-087200,580,20,"614,469,111,318,491,308,459,143,509,144,343,603,327,123,549,266,655,510,595,341",True,0.00090139312204745,0.0022054906774352703
580,range_087001-087200,range_087151-087350,581,20,"370,302,429,522,599,477,280,325,657,75,466,597,412,289,345,496,189,29,549,445",True,0.0031790189478957,0.005944461969474971
581,range_087151-087350,range_087301-087500,582,20,"90,273,140,533,509,488,515,165,27,190,16,41,45,201,459,124,92,636,196,48",True,0.00197836295662725,0.00268977400421659
582,range_087301-087500,range_087451-087650,583,20,"152,507,560,430,186,324,521,355,156,63,314,565,629,518,556,484,485,558,121,20",True,0.00729932736969195,0.014356324749852972
583,range_087451-087650,range_087601-087800,584,20,"573,235,10,77,185,94,355,604,626,70,213,326,487,660,485,615,20,198,360,176",True,0.006295175088247449,0.00872154391725013
584,range_087601-087800,range_087751-087950,585,20,"550,180,15,446,260,447,205,145,6,110,46,190,356,309,90,394,483,526,195,101",True,0.00089268971616415,0.00211429783213094
585,range_087751-087950,range_087901-088100,586,20,"389,61,48,500,647,458,36,257,165,147,328,513,544,379,278,404,131,300,319,52",True,0.0012606650462346001,0.0023568827477296107
586,range_087901-088100,range_088051-088250,587,20,"412,570,458,343,124,366,365,73,662,3,246,424,347,168,189,327,398,527,464,531",True,0.0052946744085329,0.00758087550446114
587,range_088051-088250,range_088201-088400,588,20,"226,76,56,657,28,131,600,468,557,221,17,661,372,345,574,4,507,462,40,39",True,0.00509969712887145,0.007773577402171071
588,range_088201-088400,range_088351-088550,589,20,"143,397,547,532,507,636,621,350,69,238,490,195,37,43,22,298,338,169,253,634",True,0.0014139960556391,0.00287032119965659
589,range_088351-088550,range_088501-088700,590,20,"159,218,347,323,645,389,39,249,56,3,100,346,49,215,455,95,288,141,519,46",True,0.0012880743595805,0.0028557387102576604
590,range_088501-088700,range_088651-088850,591,20,"329,14,121,26,482,107,63,624,434,568,193,483,132,573,397,391,16,388,139,457",True,0.00302615639358085,0.0054901254321296404
591,range_088651-088850,range_088801-089000,592,20,"608,526,230,538,203,653,345,473,619,140,46,79,119,243,523,366,263,299,55,113",True,0.0091445862154516,0.015475269108952121
592,range_088801-089000,range_088951-089150,593,20,"46,127,608,79,183,110,299,412,390,182,372,55,555,166,607,302,538,322,378,221",True,0.00224930731312985,0.005330553845321561
593,range_088951-089150,range_089101-089300,594,20,"453,300,189,113,581,173,362,538,428,398,123,145,225,561,530,79,241,131,283,569",True,0.00186462416283065,0.0040784357162881
594,range_089101-089300,range_089251-089450,595,20,"120,175,211,606,87,103,256,537,438,460,94,425,228,10,318,611,172,453,451,92",True,0.00111049727196325,0.0024445291185123306
595,range_089251-089450,range_089401-089600,596,20,"301,330,649,73,506,270,380,458,1,634,32,178,393,418,6,148,386,469,358,449",True,0.0024796085053006497,0.00373235948773621
596,range_089401-089600,range_089551-089750,597,20,"166,255,422,504,331,208,584,428,11,123,607,57,16,305,163,376,553,354,261,158",True,0.0021815560315495,0.005146408955830171
597,range_089551-089750,range_089701-089900,598,20,"252,94,663,311,212,412,320,368,170,268,635,230,650,40,478,24,31,401,64,450",True,0.00157968367769695,0.003565334683874551
598,range_089701-089900,range_089851-090050,599,20,"438,230,515,638,210,444,458,337,647,25,473,302,169,263,399,285,426,530,523,227",True,0.00294374817951105,0.00886613837439021
599,range_089851-090050,range_090001-090200,600,20,"7,610,522,356,85,295,639,256,349,508,217,258,288,30,574,580,452,80,194,162",True,0.0013709572283745,0.0037849980871094303
600,range_090001-090200,range_090151-090350,601,20,"453,220,444,144,470,631,178,491,121,449,290,542,130,434,458,203,481,509,257,19",True,0.0018024969255281001,0.0034305706639589303
601,range_090151-090350,range_090301-090500,602,20,"493,647,567,234,410,396,210,455,385,95,84,357,61,527,50,554,378,25,74,332",True,0.009792968836699199,0.018658736053444102
602,range_090301-090500,range_090451-090650,603,20,"139,627,369,171,457,30,631,540,206,265,380,242,411,207,116,616,643,150,438,308",True,0.0018700143940609,0.0034559456206877206
603,range_090451-090650,range_090601-090800,604,20,"592,186,376,217,521,654,229,162,427,529,585,382,644,58,460,216,574,17,16,178",True,0.0027207957521565,0.004787119218534861
604,range_090601-090800,range_090751-090950,605,20,"202,146,314,558,615,583,186,616,149,421,660,156,525,508,430,454,185,355,482,630",True,0.01504627747651275,0.03421832582161879
605,range_090751-090950,range_090901-091100,606,20,"403,309,220,464,99,276,182,516,98,589,105,418,512,375,93,629,217,371,120,317",True,0.00127364737722795,0.00193719646375579
606,range_090901-091100,range_091051-091250,607,20,"278,300,90,517,281,258,587,275,345,189,310,501,564,174,315,245,389,494,363,444",True,0.00189502708247485,0.00270297634607372
607,range_091051-091250,range_091201-091400,608,20,"315,214,53,307,221,113,0,400,157,222,647,122,215,287,468,655,241,416,566,227",True,0.0018919780140731,0.003679952633027601
608,range_091201-091400,range_091351-091550,609,20,"426,559,364,167,640,319,287,456,357,24,169,394,453,437,509,231,504,519,87,390",True,0.0015339172752414,0.00399259086026162
609,range_091351-091550,range_091501-091700,610,20,"466,227,361,25,514,414,471,261,477,523,572,237,378,264,189,599,539,300,292,562",True,0.00580966615648,0.009050987895482311
610,range_091501-091700,range_091651-091850,611,20,"178,168,522,37,500,561,663,450,252,433,401,410,232,30,363,598,361,474,506,336",True,0.0009596250932980999,0.0020365143334496604
611,range_091651-091850,range_091801-092000,612,20,"35,64,238,591,284,538,444,206,117,102,71,493,9,514,348,292,601,204,92,156",True,0.0022984809588191,0.0036846905242528404
612,range_091801-092000,range_091951-092150,613,20,"537,184,496,128,412,337,364,390,469,593,227,89,192,392,197,230,370,509,633,268",True,0.0029155694080825,0.00556102197708682
613,range_091951-092150,range_092101-092300,614,20,"356,176,398,631,62,221,17,166,190,581,157,15,238,313,27,177,646,586,588,462",True,0.0017859980586807,0.00297366256547272
614,range_092101-092300,range_092251-092450,615,20,"558,152,579,202,415,652,408,435,525,483,326,324,277,584,149,421,565,151,233,334",True,0.009754050483917049,0.016395243896088922
615,range_092251-092450,range_092401-092600,616,20,"295,10,360,104,469,422,334,575,516,70,35,155,270,2,255,86,588,539,407,408",True,0.0017368574574347,0.00314623182222832
616,range_092401-092600,range_092551-092750,617,20,"529,528,415,575,355,270,77,112,604,54,485,333,149,193,605,329,639,405,660,558",True,0.0072879471685581496,0.013022707359637582
617,range_092551-092750,range_092701-092900,618,20,"548,286,145,324,501,604,371,643,515,413,358,109,415,197,461,256,530,133,207,305",True,0.00177234627504835,0.00345480545937989
618,range_092701-092900,range_092851-093050,619,20,"62,230,357,215,337,570,244,102,383,243,635,56,4,44,131,515,116,197,581,353",True,0.00385068729728405,0.00480376233550251
619,range_092851-093050,range_093001-093200,620,20,"442,52,198,433,549,137,260,336,363,463,550,99,520,95,477,59,143,117,505,191",True,0.0022311883889819,0.0038055682086170603
620,range_093001-093200,range_093151-093350,621,20,"141,120,349,440,65,533,24,633,448,585,643,470,151,127,284,662,155,187,73,396",True,0.00163701237550515,0.00332606430750563
621,range_093151-093350,range_093301-093500,622,20,"54,558,13,476,150,156,329,483,81,391,374,23,149,277,233,584,14,397,421,583",True,0.0100354399836373,0.01626212873934463
622,range_093301-093500,range_093451-093650,623,20,"215,297,240,95,418,136,34,417,282,113,545,440,111,263,218,346,349,347,124,458",True,0.00137901115587155,0.00287216080462077
623,range_093451-093650,range_093601-093800,624,20,"240,558,342,454,314,26,589,11,121,324,158,355,107,118,181,176,420,38,478,135",True,0.00573656985788705,0.009077153048052991
624,range_093601-093800,range_093751-093950,625,20,"414,466,444,599,417,322,39,292,218,134,523,429,557,138,648,312,74,252,571,113",True,0.0206097013071131,0.03508131863453673
625,range_093751-093950,range_093901-094100,626,20,"91,21,588,556,150,13,86,286,559,179,460,339,248,436,258,578,58,507,501,421",True,0.0033071177633247004,0.0048635653087498
626,range_093901-094100,range_094051-094250,627,20,"383,357,55,598,90,191,519,246,242,159,337,78,119,144,567,602,106,260,462,446",True,0.00770149851140775,0.019744632973092053
627,range_094051-094250,range_094201-094400,628,20,"268,522,510,505,31,470,477,655,535,597,44,104,294,235,559,595,646,185,83,84",True,0.0041470912261104,0.0066648865179345295
628,range_094201-094400,range_094351-094550,629,20,"341,328,386,482,12,217,94,640,461,409,644,273,237,522,508,10,257,120,80,266",True,0.00279345646350865,0.004096562362226771
629,range_094351-094550,range_094501-094700,630,20,"332,87,585,306,148,187,216,404,397,123,452,249,495,508,521,416,299,301,570,197",True,0.00187498711826745,0.00255145754495905
630,range_094501-094700,range_094651-094850,631,20,"189,647,222,168,345,138,271,543,474,209,444,315,462,582,395,262,414,619,264,523",True,0.0027855173765537,0.0063290031849886404
631,range_094651-094850,range_094801-095000,632,20,"168,57,219,444,69,239,5,356,463,3,648,540,60,173,112,330,546,383,108,574",True,0.00254556470444095,0.00533945560202404
632,range_094801-095000,range_094951-095150,633,20,"307,44,320,216,546,650,394,9,582,282,363,642,231,494,18,207,621,502,507,610",True,0.0015428018680630502,0.00279458765230897
633,range_094951-095150,range_095101-095300,634,20,"215,175,214,165,174,554,492,57,423,424,34,103,88,401,287,296,577,220,19,515",True,0.0019511441735403,0.00378667288881939
634,range_095101-095300,range_095251-095450,635,20,"378,603,315,117,524,142,657,612,28,192,414,527,441,361,143,102,50,204,432,577",True,0.10922520354086929,0.1353535503822786
635,range_095251-095450,range_095401-095600,636,20,"596,302,210,214,79,340,581,36,310,498,523,367,567,249,3,572,143,87,292,134",True,0.00794247082667235,0.01311926985621514
636,range_095401-095600,range_095551-095750,637,20,"419,435,181,301,375,62,528,112,244,321,467,545,132,155,40,179,471,449,360,33",True,0.00285482871588135,0.00484472967496501
637,range_095551-095750,range_095701-095900,638,20,"621,526,569,170,399,327,440,29,367,608,55,275,216,129,381,492,357,176,470,214",True,0.00238474071294305,0.00392620089615641
638,range_095701-095900,range_095851-096050,639,20,"354,23,425,333,94,564,573,179,324,339,585,435,510,508,181,611,650,478,359,579",True,0.003025489586923,0.005186245149353102
639,range_095851-096050,range_096001-096200,640,20,"68,89,93,227,192,567,346,296,280,144,412,410,246,527,75,381,214,210,79,441",True,0.013921812384813052,0.02545199184986045
640,range_096001-096200,range_096151-096350,641,20,"662,189,304,504,494,234,409,174,389,338,599,365,431,87,127,444,160,663,155,416",True,0.00333988495721845,0.005561814309432081
641,range_096151-096350,range_096301-096500,642,20,"377,62,471,244,220,553,66,562,621,291,30,510,241,537,387,438,42,518,375,120",True,0.0021736088365369,0.004267894151987479
642,range_096301-096500,range_096451-096650,643,20,"580,623,115,351,311,534,187,418,84,139,577,508,255,327,135,549,430,290,413,596",True,0.00168529788700615,0.00255242630357417
643,range_096451-096650,range_096601-096800,644,20,"576,505,178,338,141,53,307,122,162,311,261,38,12,488,195,194,479,510,360,461",True,0.00130344523023335,0.00338090887855827
644,range_096601-096800,range_096751-096950,645,20,"27,237,441,254,253,357,282,180,227,174,661,188,210,462,278,520,599,36,372,316",True,0.008644720141330199,0.01725430933083174
645,range_096751-096950,range_096901-097100,646,20,"564,190,111,224,154,457,330,129,49,33,142,170,406,311,63,499,52,48,526,288",True,0.00169472706353255,0.0032266764359649204
646,range_096901-097100,range_097051-097250,647,20,"127,47,657,189,465,413,11,1,157,439,519,88,547,173,234,432,410,550,166,533",True,0.00207886208047955,0.00280165072659414
647,range_097051-097250,range_097201-097400,648,20,"424,344,517,27,362,312,543,282,112,73,148,541,463,511,249,313,35,370,633,383",True,0.00264629469546035,0.004228722784904331
648,range_097201-097400,range_097351-097550,649,20,"395,662,611,166,490,327,629,332,49,123,330,216,488,634,511,355,497,438,307,220",True,0.00174287118723365,0.00288249368087031
649,range_097351-097550,range_097501-097700,650,20,"416,283,53,332,323,385,500,404,504,183,188,278,108,463,582,88,517,182,211,394",True,0.0013316063667844,0.00259489958545698
650,range_097501-097700,range_097651-097850,651,20,"523,392,572,544,302,50,612,31,453,320,331,96,423,499,526,144,513,439,631,566",True,0.0044019204854439005,0.008806796619431491
651,range_097651-097850,range_097801-098000,652,20,"603,362,128,601,462,78,131,272,361,263,392,315,557,338,590,632,273,347,19,571",True,0.00496905001132605,0.00665216474776955
652,range_097801-098000,range_097951-098150,653,20,"607,492,475,413,508,427,32,311,356,662,255,564,560,0,369,343,349,148,350,277",True,0.0013537131460402002,0.00324492069252144
653,range_097951-098150,range_098101-098300,654,20,"420,355,277,457,242,397,622,467,151,369,425,482,253,109,155,573,208,149,629,91",True,0.00353569227562905,0.005797508302100192
654,range_098101-098300,range_098251-098450,655,20,"78,623,632,379,255,608,296,462,165,635,28,496,102,104,390,322,343,336,337,293",True,0.0012813685330559,0.00233498045615894
655,range_098251-098450,range_098401-098600,656,20,"508,497,328,454,259,202,534,29,243,83,530,35,587,502,609,535,351,411,333,162",True,0.00210806165337125,0.00292220192234345
656,range_098401-098600,range_098551-098750,657,20,"603,378,28,364,632,78,441,398,631,164,82,268,348,567,56,468,5,50,602,165",True,0.0195558844266805,0.032615593209112836
657,range_098551-098750,range_098701-098900,658,20,"187,267,200,30,225,255,229,145,295,510,427,529,125,242,477,17,543,151,430,70",True,0.00246271937265255,0.00376052901100594
658,range_098701-098900,range_098851-099050,659,20,"101,420,257,555,613,368,116,491,278,132,179,346,449,500,509,100,298,428,462,30",True,0.0011670219431631499,0.0022175710356522505
659,range_098851-099050,range_099001-099200,660,20,"505,394,130,260,380,400,353,363,286,78,101,276,621,4,552,50,267,512,338,319",True,0.0015247691591887,0.0029786645892362004
660,range_099001-099200,range_099151-099350,661,20,"60,36,562,88,303,357,78,648,567,41,609,392,528,128,384,367,548,597,474,552",True,0.0242283472859522,0.03775965156435244
661,range_099151-099350,range_099301-099500,662,20,"82,377,450,204,393,182,325,7,228,608,611,241,252,417,205,111,645,272,448,19",True,0.0020660902458088,0.00362006007209176
662,range_099301-099500,range_099451-099650,663,20,"440,464,196,5,493,167,346,158,136,438,519,490,546,216,449,473,82,312,99,57",True,0.0022573671966662,0.0032464337731764104
663,range_099451-099650,range_099601-099800,664,20,"282,398,279,37,434,178,223,407,387,194,9,305,501,229,396,11,328,433,580,630",True,0.0022888614540502,0.00296359247722199
664,range_099601-099800,range_099751-099950,665,20,"297,563,632,595,387,538,174,39,319,50,88,471,388,337,401,613,423,302,581,498",True,0.002825858796997,0.004737287580800061
