channel,replicate,null_mean_percentile_effect
speed,0,0.002635542168674676
speed,1,0.000903614457831381
speed,2,0.0003765060240963347
speed,3,-0.01325301204819268
speed,4,0.007003012048192758
speed,5,0.012123493975903621
speed,6,0.010015060240963769
speed,7,-0.012123493975903621
speed,8,0.004367469879518082
speed,9,-0.009487951807228945
speed,10,0.007153614457831359
speed,11,0.01046686746987957
speed,12,-0.0042921686746988374
speed,13,-0.026129518072289193
speed,14,0.004743975903614528
speed,15,-0.023343373493975916
speed,16,-0.01227409638554211
speed,17,0.011972891566265131
speed,18,0.013102409638554247
speed,19,-0.028614457831325324
speed,20,0.013403614457831337
speed,21,0.01091867469879515
speed,22,0.01152108433734933
speed,23,0.0007530120481927804
speed,24,0.00956325301204819
speed,25,0.009487951807228945
speed,26,0.003237951807228856
speed,27,0.00971385542168679
speed,28,0.000301204819277201
speed,29,0.004216867469879482
speed,30,0.03667168674698795
speed,31,-0.008584337349397564
speed,32,-0.013403614457831281
speed,33,-0.010617469879518115
speed,34,0.012876506024096401
speed,35,0.004668674698795172
speed,36,0.017771084337349308
speed,37,-0.006701807228915724
speed,38,-0.01987951807228916
speed,39,-0.0029367469879517105
speed,40,-0.0013554216867469604
speed,41,-0.024698795180722877
speed,42,-0.007153614457831303
speed,43,-0.0182981927710843
speed,44,-0.008057228915662684
speed,45,0.01046686746987946
speed,46,0.017771084337349308
speed,47,-0.008057228915662684
speed,48,-0.005346385542168597
speed,49,0.00120481927710836
speed,50,0.006400602409638578
speed,51,-0.0013554216867469604
speed,52,0.009789156626506146
speed,53,0.0003765060240963347
speed,54,0.0036897590361445465
speed,55,-0.01965361445783137
speed,56,0.005873493975903532
speed,57,0.004819277108433773
speed,58,-0.008584337349397564
speed,59,-0.021159638554216875
speed,60,-0.013403614457831281
speed,61,0.001506024096385561
speed,62,0.0066265060240963125
speed,63,-0.0003765060240963902
speed,64,-0.01701807228915664
speed,65,-0.014457831325301262
speed,66,0.03155120481927709
speed,67,-0.007228915662650548
speed,68,0.005421686746987953
speed,69,-0.003539156626506057
speed,70,0.017996987951807264
speed,71,-0.010617469879518004
speed,72,-0.013629518072289237
speed,73,0.012650602409638556
speed,74,-0.011370481927710785
speed,75,-0.003237951807228856
speed,76,0.005948795180722999
speed,77,-0.002635542168674676
speed,78,-0.008659638554216864
speed,79,0.014307228915662606
speed,80,-0.007454819277108393
speed,81,0.00790662650602414
speed,82,0.0018825301204818956
speed,83,-0.0019578313253011403
speed,84,0.014984939759036142
speed,85,0.011521084337349441
speed,86,-0.00120481927710836
speed,87,0.00956325301204819
speed,88,0.0009789156626506257
speed,89,-0.012198795180722921
speed,90,0.016340361445783214
speed,91,-0.0033885542168674565
speed,92,-0.0006777108433734802
speed,93,-0.007454819277108504
speed,94,-0.011219879518072295
speed,95,0.007003012048192869
speed,96,-0.004969879518072318
speed,97,-0.02018072289156625
speed,98,0.005195783132530107
speed,99,-0.009563253012048245
speed,100,-0.00022590361445778973
speed,101,0.012951807228915646
speed,102,-0.0027861445783132766
speed,103,0.010617469879518171
speed,104,-0.013102409638554191
speed,105,-0.010466867469879515
speed,106,0.009186746987951855
speed,107,-0.02906626506024096
speed,108,0.0009789156626505147
speed,109,0.02063253012048194
speed,110,0.02243975903614459
speed,111,0.0015813253012048056
speed,112,0.016340361445783214
speed,113,-0.0064759036144577675
speed,114,-7.530120481930025e-05
speed,115,0.004969879518072262
speed,116,0.006475903614457823
speed,117,0.015361445783132588
speed,118,0.016867469879518038
speed,119,-0.007981927710843495
speed,120,-0.0013554216867469604
speed,121,-0.01159638554216863
speed,122,-0.01084337349397596
speed,123,0.015587349397590433
speed,124,-0.005948795180722943
speed,125,-0.013328313253012092
speed,126,-0.006400602409638578
speed,127,0.0069277108433735135
speed,128,-0.007454819277108393
speed,129,-0.01799698795180721
speed,130,-0.0126506024096385
speed,131,0.0031626506024096113
speed,132,-0.010617469879518004
speed,133,-0.008207831325301174
speed,134,-0.01204819277108432
speed,135,0.014759036144578297
speed,136,-0.015210843373493987
speed,137,0.005421686746987953
speed,138,-0.0061746987951806775
speed,139,0.004593373493975927
speed,140,-0.009036144578313254
speed,141,-0.023719879518072307
speed,142,-0.013780120481927782
speed,143,-0.0127259036144578
speed,144,-0.020858433734939785
speed,145,0.014984939759036253
speed,146,0.008734939759036053
speed,147,-0.002861445783132577
speed,148,-0.0075301204819276935
speed,149,0.01287650602409629
speed,150,0.01016566265060237
speed,151,-0.013780120481927671
speed,152,-0.016867469879518038
speed,153,0.009111445783132499
speed,154,0.005647590361445798
speed,155,-0.005722891566264987
speed,156,0.0006777108433735357
speed,157,0.002108433734939741
speed,158,0.002635542168674676
speed,159,-0.015512048192771022
speed,160,0.004518072289156572
speed,161,-0.017921686746987908
speed,162,-0.00022590361445790075
speed,163,-0.0028614457831325213
speed,164,0.013855421686747027
speed,165,0.00805722891566274
speed,166,-0.000903614457831381
speed,167,-0.012123493975903621
speed,168,0.0006777108433735357
speed,169,-0.005496987951807197
speed,170,0.0027861445783132766
speed,171,0.011295180722891596
speed,172,-0.00045180722891557945
speed,173,-0.009638554216867434
speed,174,0.0021837349397589856
speed,175,-0.001957831325301196
speed,176,0.013403614457831337
speed,177,-0.0001506024096386005
speed,178,-0.016942771084337338
speed,179,0.005798192771084287
speed,180,0.004442771084337438
speed,181,-0.01739457831325303
speed,182,0.011897590361445776
speed,183,0.0039909638554216365
speed,184,0.012349397590361466
speed,185,0.001506024096385561
speed,186,-0.005421686746988008
speed,187,-0.003237951807228856
speed,188,0.004216867469879482
speed,189,0.0034638554216868123
speed,190,0.0014307228915662051
speed,191,-0.01197289156626502
speed,192,-0.007906626506024084
speed,193,0.0011295180722891152
speed,194,0.01746987951807233
speed,195,-0.005045180722891618
speed,196,0.0001506024096386005
speed,197,-0.0006777108433734802
speed,198,0.011822289156626531
speed,199,-0.006400602409638578
speed,200,0.014608433734939807
speed,201,-0.014307228915662662
speed,202,0.007831325301204894
speed,203,0.012198795180722977
speed,204,-0.021987951807228956
speed,205,0.014006024096385516
speed,206,0.011445783132530196
speed,207,-0.01746987951807233
speed,208,-0.0027861445783132766
speed,209,-0.006250000000000033
speed,210,-0.008207831325301174
speed,211,-0.004518072289156627
speed,212,-0.008584337349397564
speed,213,-0.013554216867469882
speed,214,0.00820783132530123
speed,215,0.015587349397590322
speed,216,-0.007831325301204783
speed,217,-0.013403614457831281
speed,218,0.015662650602409567
speed,219,-0.016792168674698738
speed,220,0.0254518072289156
speed,221,0.0006777108433734247
speed,222,0.0009789156626505147
speed,223,-0.022063253012048145
speed,224,-0.012801204819277101
speed,225,0.0018825301204818956
speed,226,0.012198795180722977
speed,227,-0.014382530120481851
speed,228,-0.004367469879518027
speed,229,0.000301204819277201
speed,230,-0.005120481927710918
speed,231,-0.0038403614457830915
speed,232,-0.009337349397590344
speed,233,-0.0031626506024096668
speed,234,-0.009638554216867434
speed,235,-0.0072289156626506035
speed,236,0.005496987951807308
speed,237,0.013253012048192736
speed,238,-0.016039156626506013
speed,239,0.01212349397590351
speed,240,0.01046686746987957
speed,241,-0.003840361445783147
speed,242,-0.0036144578313252462
speed,243,0.020256024096385605
speed,244,-0.01137048192771084
speed,245,-0.0041415662650601814
speed,246,-0.0013554216867469604
speed,247,-0.022966867469879526
speed,248,0.005948795180722888
speed,249,-0.0066265060240964235
speed,250,0.01016566265060237
speed,251,0.002409638554216942
speed,252,0.005496987951807197
speed,253,-0.008885542168674654
speed,254,0.005421686746987953
speed,255,0.009487951807228945
speed,256,-0.0003765060240963902
speed,257,0.01152108433734933
speed,258,0.002710843373494032
speed,259,-0.014834337349397542
speed,260,-0.029141566265060204
speed,261,0.01611445783132537
speed,262,-0.024021084337349397
speed,263,0.014834337349397653
speed,264,-0.003539156626506057
speed,265,-0.0016566265060241059
speed,266,-0.01106927710843375
speed,267,-0.018750000000000044
speed,268,-0.0015813253012048611
speed,269,-0.00120481927710836
speed,270,-0.009713855421686624
speed,271,0.012650602409638556
speed,272,0.00835843373493983
speed,273,-0.0003765060240963902
speed,274,-0.015963855421686768
speed,275,-0.014382530120481851
speed,276,0.00805722891566274
speed,277,-0.008960843373494065
speed,278,-0.012500000000000011
speed,279,0.00865963855421692
speed,280,0.00865963855421692
speed,281,-0.0009789156626505702
speed,282,-0.02454819277108433
speed,283,0.010391566265060215
speed,284,-0.015512048192771077
speed,285,0.0016566265060241614
speed,286,-0.0031626506024096668
speed,287,0.0022590361445783413
speed,288,-0.009412650602409645
speed,289,0.014006024096385516
speed,290,-0.008659638554216864
speed,291,-0.004292168674698726
speed,292,0.01701807228915675
speed,293,0.01362951807228907
speed,294,-0.004518072289156627
speed,295,-0.034186746987951766
speed,296,-0.0008283132530120807
speed,297,-0.004969879518072318
speed,298,-0.012123493975903621
speed,299,-0.004141566265060237
speed,300,0.010090361445783014
speed,301,0.01106927710843375
speed,302,0.0025602409638555423
speed,303,0.0016566265060241614
speed,304,0.011822289156626531
speed,305,0.007981927710843384
speed,306,0.0039909638554217475
speed,307,0.00022590361445784524
speed,308,0.004367469879518082
speed,309,-0.0033132530120482673
speed,310,-0.008358433734939774
speed,311,0.002108433734939741
speed,312,-0.003237951807228856
speed,313,-0.010466867469879515
speed,314,0.005948795180722888
speed,315,-0.01814759036144581
speed,316,-0.007454819277108393
speed,317,0.01016566265060237
speed,318,0.020707831325301185
speed,319,-0.009412650602409645
speed,320,-0.021310240963855365
speed,321,-0.0007530120481927804
speed,322,-0.007680722891566294
speed,323,-0.024623493975903632
speed,324,-0.0003765060240963902
speed,325,-0.01912650602409638
speed,326,-0.0033132530120481563
speed,327,0.0001506024096386005
speed,328,-0.017168674698795128
speed,329,0.013328313253012092
speed,330,-0.0033132530120481563
speed,331,-0.018147590361445698
speed,332,-0.006099397590361488
speed,333,-0.02055722891566264
speed,334,0.008283132530120474
speed,335,-0.011822289156626531
speed,336,0.006099397590361488
speed,337,-0.0023343373493975306
speed,338,0.01137048192771084
speed,339,0.002108433734939741
speed,340,0.01362951807228907
speed,341,0.005421686746987953
speed,342,-0.009262048192771044
speed,343,-0.023945783132530096
speed,344,0.0027861445783132766
speed,345,-0.012424698795180822
speed,346,-0.0039909638554216365
speed,347,0.009412650602409589
speed,348,0.006852409638554158
speed,349,-0.005948795180722888
speed,350,-0.006551204819277123
speed,351,0.015662650602409678
speed,352,-0.006927710843373458
speed,353,0.013855421686747027
speed,354,0.01867469879518069
speed,355,-0.01867469879518069
speed,356,0.0004518072289156905
speed,357,0.0013554216867469604
speed,358,-0.002560240963855487
speed,359,-0.0012801204819276601
speed,360,-0.0011295180722891707
speed,361,-0.013177710843373491
speed,362,-0.023042168674698826
speed,363,-0.004743975903614417
speed,364,-0.007153614457831303
speed,365,-0.0038403614457830915
speed,366,-0.007756024096385483
speed,367,0.032831325301204806
speed,368,-0.004743975903614417
speed,369,-0.0037650602409638467
speed,370,0.015436746987951833
speed,371,-0.005572289156626498
speed,372,0.02409638554216864
speed,373,0.012349397590361466
speed,374,-0.016340361445783103
speed,375,-0.0042921686746988374
speed,376,-0.01242469879518071
speed,377,0.023117469879518127
speed,378,0.004442771084337327
speed,379,-0.02853915662650608
speed,380,-0.014683734939759052
speed,381,0.013102409638554247
speed,382,-0.010015060240963825
speed,383,0.005045180722891618
speed,384,-0.0006777108433734802
speed,385,-0.004442771084337438
speed,386,0.02078313253012054
speed,387,0.002710843373494032
speed,388,0.009036144578313254
speed,389,0.014006024096385516
speed,390,-0.004518072289156627
speed,391,0.02394578313253004
speed,392,0.0021837349397590966
speed,393,0.015361445783132588
speed,394,-0.02484939759036142
speed,395,0.024397590361445842
speed,396,-0.0034638554216867568
speed,397,-0.014759036144578241
speed,398,0.0017319277108432951
speed,399,-0.003539156626506057
speed,400,0.004668674698795172
speed,401,-0.0029367469879517105
speed,402,0.0018072289156626509
speed,403,0.024322289156626486
speed,404,0.0069277108433735135
speed,405,-0.012500000000000011
speed,406,0.00986445783132528
speed,407,0.00956325301204819
speed,408,-0.002259036144578286
speed,409,-0.023493975903614517
speed,410,-0.0001506024096386005
speed,411,-0.012123493975903621
speed,412,-0.002108433734939741
speed,413,-0.017921686746987908
speed,414,-0.017545180722891518
speed,415,-0.0015813253012047501
speed,416,-0.009412650602409645
speed,417,0.005647590361445798
speed,418,-0.012500000000000011
speed,419,-0.010165662650602425
speed,420,-0.0033885542168674565
speed,421,0.005271084337349352
speed,422,-0.01754518072289163
speed,423,0.007831325301204783
speed,424,0.003539156626506057
speed,425,-0.009864457831325224
speed,426,0.021912650602409767
speed,427,0.01822289156626511
speed,428,-0.003539156626505946
speed,429,0.009111445783132499
speed,430,0.008358433734939719
speed,431,0.020406626506024095
speed,432,-0.008659638554216864
speed,433,0.02274096385542168
speed,434,0.004819277108433773
speed,435,-0.028237951807228934
speed,436,-0.008207831325301118
speed,437,-0.01302710843373489
speed,438,0.0005271084337349352
speed,439,0.01152108433734933
speed,440,-0.013554216867469882
speed,441,0.007379518072289093
speed,442,0.005120481927710863
speed,443,-0.003087349397590311
speed,444,-0.007454819277108393
speed,445,-0.017243975903614428
speed,446,-0.011521084337349385
speed,447,0.000301204819277201
speed,448,-0.015662650602409622
speed,449,0.016566265060240948
speed,450,0.02838855421686748
speed,451,-0.005873493975903588
speed,452,-0.015210843373493932
speed,453,-0.001957831325301196
speed,454,-0.007981927710843328
speed,455,0.01716867469879524
speed,456,-0.01159638554216863
speed,457,-0.016792168674698738
speed,458,-0.004593373493975927
speed,459,0.0015813253012048056
speed,460,-0.001957831325301196
speed,461,0.005496987951807197
speed,462,0.0004518072289156905
speed,463,-0.005798192771084398
speed,464,-0.007756024096385594
speed,465,0.0018825301204818956
speed,466,0.007304216867469848
speed,467,-0.006249999999999978
speed,468,-0.025527108433734902
speed,469,0.012349397590361466
speed,470,0.0017319277108434061
speed,471,-0.020707831325301185
speed,472,0.0012801204819277157
speed,473,0.007078313253012003
speed,474,0.005496987951807197
speed,475,0.0037650602409639022
speed,476,0.018750000000000044
speed,477,-0.001204819277108471
speed,478,-0.015888554216867468
speed,479,0.0036144578313253017
speed,480,0.016490963855421703
speed,481,-0.015662650602409678
speed,482,-0.004743975903614417
speed,483,-0.007003012048192758
speed,484,0.006249999999999978
speed,485,-0.002635542168674676
speed,486,-0.006024096385542188
speed,487,0.006475903614457823
speed,488,0.0009789156626505147
speed,489,-0.015210843373493987
speed,490,0.002033132530120496
speed,491,-0.017319277108433728
speed,492,0.0011295180722891152
speed,493,-0.011596385542168741
speed,494,0.004894578313253017
speed,495,-0.002710843373493921
speed,496,0.005873493975903643
speed,497,0.006174698795180733
speed,498,-0.014683734939759052
speed,499,0.015888554216867412
speed,500,0.007605421686747049
speed,501,-0.009939759036144635
speed,502,-0.0069277108433735135
speed,503,0.009186746987951744
speed,504,-0.002936746987951877
speed,505,0.00971385542168679
speed,506,-0.00045180722891557945
speed,507,0.004367469879518082
speed,508,0.0022590361445783413
speed,509,-0.006626506024096368
speed,510,-0.006099397590361488
speed,511,-0.01769578313253023
speed,512,0.0063253012048192225
speed,513,0.014081325301204872
speed,514,0.01106927710843375
speed,515,-0.004819277108433828
speed,516,0.014382530120481962
speed,517,0.0060240963855421326
speed,518,0.00120481927710836
speed,519,-0.015286144578313232
speed,520,-0.002484939759036131
speed,521,-0.015587349397590378
speed,522,-0.012876506024096401
speed,523,-0.027560240963855454
speed,524,-0.004894578313253017
speed,525,-0.0038403614457830915
speed,526,0.006249999999999978
speed,527,0.01242469879518071
speed,528,-0.022213855421686746
speed,529,-0.010240963855421725
speed,530,0.004066265060240992
speed,531,0.00022590361445784524
speed,532,0.003915662650602392
speed,533,0.00835843373493983
speed,534,0.009939759036144635
speed,535,0.0016566265060241614
speed,536,-0.000903614457831381
speed,537,0.007831325301204894
speed,538,0.006250000000000089
speed,539,-0.001204819277108471
speed,540,0.006400602409638578
speed,541,-0.005271084337349408
speed,542,-0.014834337349397597
speed,543,0.009939759036144635
speed,544,-0.007680722891566294
speed,545,0.008810240963855409
speed,546,-0.002259036144578286
speed,547,-0.012725903614457912
speed,548,-0.020707831325301185
speed,549,-0.016039156626506013
speed,550,-0.013855421686747083
speed,551,0.012650602409638556
speed,552,-0.008584337349397675
speed,553,-0.027409638554216853
speed,554,-0.001204819277108471
speed,555,-0.0017319277108433506
speed,556,0.013780120481927671
speed,557,0.006852409638554269
speed,558,0.01942771084337347
speed,559,0.0005271084337349352
speed,560,0.0010542168674699814
speed,561,-0.0033132530120482673
speed,562,-0.004819277108433717
speed,563,0.015963855421686657
speed,564,-0.005496987951807197
speed,565,-0.001957831325301196
speed,566,0.016641566265060304
speed,567,-0.004969879518072318
speed,568,-0.0018072289156627064
speed,569,-0.0347138554216867
speed,570,-0.024096385542168697
speed,571,-0.0069277108433735135
speed,572,0.0037650602409639022
speed,573,0.004894578313253017
speed,574,-0.005496987951807197
speed,575,0.005572289156626442
speed,576,0.013027108433735002
speed,577,0.0018825301204818956
speed,578,0.001807228915662762
speed,579,0.012951807228915646
speed,580,-0.007831325301204783
speed,581,0.013930722891566272
speed,582,0.0031626506024097223
speed,583,0.014156626506024117
speed,584,-0.016641566265060248
speed,585,0.004442771084337327
speed,586,-0.02387048192771085
speed,587,-0.0006777108433735357
speed,588,-0.007078313253012114
speed,589,-0.008132530120481984
speed,590,-0.024999999999999967
speed,591,0.01106927710843375
speed,592,0.02138554216867461
speed,593,-0.017394578313252917
speed,594,0.01656626506024106
speed,595,-0.005647590361445798
speed,596,0.008433734939759074
speed,597,-0.0006777108433734802
speed,598,0.005722891566265043
speed,599,-0.008810240963855465
speed,600,0.004141566265060237
speed,601,-0.0021837349397590966
speed,602,0.009186746987951855
speed,603,-0.014307228915662662
speed,604,0.0019578313253011403
speed,605,-0.0182981927710843
speed,606,-0.0003765060240963902
speed,607,0.015135542168674743
speed,608,-0.014307228915662662
speed,609,-0.010466867469879515
speed,610,0.01972891566265067
speed,611,-0.01046686746987957
speed,612,-0.008057228915662684
speed,613,0.01137048192771084
speed,614,-0.027108433734939763
speed,615,-0.004743975903614417
speed,616,-0.01174698795180723
speed,617,-0.03938253012048187
speed,618,-0.009939759036144635
speed,619,0.007379518072289093
speed,620,-0.007906626506024084
speed,621,0.008433734939759074
speed,622,0.012801204819277157
speed,623,-0.005572289156626553
speed,624,0.006475903614457712
speed,625,0.033132530120481896
speed,626,-0.0063253012048193336
speed,627,-0.006400602409638578
speed,628,0.019804216867469804
speed,629,-0.017620481927710818
speed,630,0.005722891566265043
speed,631,-0.01144578313253014
speed,632,0.005722891566265043
speed,633,0.010692771084337416
speed,634,-0.0185993975903615
speed,635,0.006174698795180622
speed,636,0.006099397590361488
speed,637,-0.03027108433734943
speed,638,0.0030873493975902555
speed,639,-0.003237951807228967
speed,640,-0.015286144578313232
speed,641,-0.0028614457831325213
speed,642,-0.010993975903614395
speed,643,0.005496987951807308
speed,644,0.0063253012048192225
speed,645,-0.006475903614457934
speed,646,0.0013554216867469604
speed,647,-0.005873493975903643
speed,648,-0.019879518072289215
speed,649,0.015210843373493987
speed,650,-0.0025602409638554313
speed,651,0.01076807228915655
speed,652,0.022816265060240926
speed,653,-0.023493975903614517
speed,654,0.004442771084337438
speed,655,-0.016641566265060248
speed,656,-0.004969879518072318
speed,657,-0.0031626506024096668
speed,658,0.009487951807228834
speed,659,-0.021536144578313265
speed,660,-0.013403614457831281
speed,661,0.018373493975903488
speed,662,-0.006024096385542188
speed,663,0.0007530120481927804
speed,664,-0.021310240963855365
speed,665,0.005346385542168708
speed,666,-0.002484939759036131
speed,667,-0.0042921686746988374
speed,668,-0.006475903614457823
speed,669,-0.01671686746987955
speed,670,-0.013403614457831281
speed,671,-0.0033132530120482673
speed,672,0.01686746987951815
speed,673,-0.004367469879518027
speed,674,0.0010542168674699814
speed,675,-0.021009036144578275
speed,676,-0.0010542168674698704
speed,677,0.001807228915662762
speed,678,0.018147590361445753
speed,679,-0.008358433734939663
speed,680,0.0
speed,681,0.008283132530120474
speed,682,-0.025677710843373447
speed,683,0.019503012048192714
speed,684,0.009186746987951855
speed,685,0.026355421686746983
speed,686,-0.013102409638554191
speed,687,0.014382530120481851
speed,688,-0.025301204819277057
speed,689,-0.008132530120481873
speed,690,0.008433734939759074
speed,691,-0.0185993975903615
speed,692,0.019503012048192714
speed,693,-0.016189759036144558
speed,694,-0.015135542168674743
speed,695,-0.001204819277108471
speed,696,0.014457831325301207
speed,697,-0.006777108433734913
speed,698,0.0092620481927711
speed,699,-0.006852409638554213
speed,700,0.0072289156626506035
speed,701,-0.009186746987951855
speed,702,0.0036144578313253017
speed,703,0.011295180722891596
speed,704,0.0022590361445783413
speed,705,0.0016566265060240504
speed,706,7.530120481924474e-05
speed,707,-0.009111445783132444
speed,708,0.0219879518072289
speed,709,0.006701807228915668
speed,710,0.01137048192771073
speed,711,-0.011370481927710785
speed,712,-0.004141566265060237
speed,713,-0.0037650602409638467
speed,714,-0.0023343373493975306
speed,715,0.006249999999999978
speed,716,0.0010542168674698704
speed,717,0.010542168674698815
speed,718,-0.0070783132530120585
speed,719,-0.005873493975903588
speed,720,-0.003840361445783147
speed,721,0.012198795180722977
speed,722,-0.01701807228915664
speed,723,0.02914156626506026
speed,724,-0.01144578313253014
speed,725,0.017921686746987908
speed,726,-0.0186746987951808
speed,727,-0.021686746987951755
speed,728,-0.0034638554216867012
speed,729,-0.010993975903614395
speed,730,-0.000903614457831381
speed,731,0.007003012048192758
speed,732,-0.01197289156626502
speed,733,0.007153614457831359
speed,734,-0.001506024096385561
speed,735,-0.004668674698795117
speed,736,-0.009487951807228834
speed,737,0.0254518072289156
speed,738,0.009789156626506035
speed,739,-0.01099397590361445
speed,740,0.006249999999999978
speed,741,0.017243975903614484
speed,742,0.0072289156626504925
speed,743,0.0024849397590360756
speed,744,-0.01686746987951815
speed,745,-0.015512048192771077
speed,746,-0.0001506024096386005
speed,747,-0.001054216867469926
speed,748,0.0125753012048192
speed,749,-0.0027861445783132766
speed,750,0.0016566265060241614
speed,751,-0.01009036144578318
speed,752,-0.007680722891566294
speed,753,0.014759036144578297
speed,754,0.017771084337349308
speed,755,0.015512048192770966
speed,756,0.001506024096385561
speed,757,0.0008283132530120252
speed,758,-0.008132530120481873
speed,759,0.0027861445783132766
speed,760,-0.005346385542168708
speed,761,-0.01709337349397594
speed,762,0.0009789156626505147
speed,763,-0.0073795180722891485
speed,764,0.014382530120481962
speed,765,-0.013177710843373491
speed,766,-0.014683734939759052
speed,767,-0.020030120481927705
speed,768,-0.015135542168674743
speed,769,-0.01197289156626502
speed,770,0.016566265060240948
speed,771,-0.014608433734939807
speed,772,-0.0034638554216867568
speed,773,-0.007906626506024084
speed,774,0.0012801204819277157
speed,775,-0.01144578313253014
speed,776,-0.002635542168674676
speed,777,0.0033132530120482118
speed,778,-0.011596385542168741
speed,779,-0.005722891566265098
speed,780,0.009111445783132499
speed,781,0.0007530120481927804
speed,782,0.007153614457831359
speed,783,-0.015361445783132532
speed,784,0.02484939759036142
speed,785,-0.025000000000000022
speed,786,-0.023569277108433706
speed,787,-0.01927710843373487
speed,788,-0.010240963855421614
speed,789,0.0039909638554217475
speed,790,0.011445783132530085
speed,791,-0.01001506024096388
speed,792,-0.005873493975903588
speed,793,-0.010692771084337305
speed,794,0.006099397590361488
speed,795,0.0072289156626506035
speed,796,0.0001506024096386005
speed,797,-0.01837349397590371
speed,798,-0.008810240963855465
speed,799,0.015286144578313232
speed,800,-0.01204819277108432
speed,801,-0.01167168674698793
speed,802,0.00865963855421692
speed,803,0.005346385542168708
speed,804,-0.006249999999999978
speed,805,-0.005572289156626553
speed,806,-0.014006024096385461
speed,807,-0.008283132530120474
speed,808,-0.020707831325301185
speed,809,-0.013102409638554302
speed,810,0.006174698795180733
speed,811,-0.016114457831325202
speed,812,0.0033132530120482118
speed,813,0.010240963855421614
speed,814,0.015210843373493987
speed,815,-0.0011295180722891707
speed,816,-0.004819277108433828
speed,817,-0.012801204819277101
speed,818,0.004216867469879482
speed,819,0.015060240963855387
speed,820,0.012198795180722977
speed,821,0.0
speed,822,-0.008358433734939663
speed,823,-0.0073795180722891485
speed,824,0.014834337349397653
speed,825,-0.01807228915662651
speed,826,0.007003012048192758
speed,827,-0.005271084337349408
speed,828,-0.009563253012048245
speed,829,-0.0004518072289156905
speed,830,-0.01174698795180723
speed,831,0.014006024096385516
speed,832,0.006551204819277068
speed,833,0.0033132530120482118
speed,834,-0.01174698795180723
speed,835,0.0183734939759036
speed,836,-0.004894578313253017
speed,837,0.01182228915662642
speed,838,-0.002484939759036131
speed,839,-0.008659638554216864
speed,840,-0.012123493975903565
speed,841,0.005271084337349352
speed,842,-0.014533132530120452
speed,843,-0.0007530120481927804
speed,844,-0.001054216867469926
speed,845,-0.0028614457831325213
speed,846,-0.0037650602409638467
speed,847,-0.002259036144578286
speed,848,-0.006400602409638578
speed,849,-0.0042921686746988374
speed,850,-0.002259036144578286
speed,851,-7.530120481930025e-05
speed,852,0.003012048192771122
speed,853,-0.004668674698795228
speed,854,-0.0075301204819276935
speed,855,0.0036897590361444355
speed,856,-0.003237951807228967
speed,857,-0.017243975903614428
speed,858,0.003237951807228856
speed,859,-0.003539156626506057
speed,860,-0.012123493975903621
speed,861,-0.0027108433734939763
speed,862,-0.007605421686746994
speed,863,-0.005722891566264987
speed,864,-0.011897590361445776
speed,865,0.0025602409638554313
speed,866,-0.0033885542168674565
speed,867,-0.022364457831325346
speed,868,0.0006777108433735357
speed,869,-0.004743975903614417
speed,870,-0.005271084337349408
speed,871,-0.00120481927710836
speed,872,-0.012575301204819311
speed,873,-0.003915662650602447
speed,874,-0.015286144578313232
speed,875,0.014081325301204872
speed,876,0.010015060240963769
speed,877,-0.007454819277108393
speed,878,0.011897590361445887
speed,879,-0.03667168674698801
speed,880,0.0016566265060241614
speed,881,0.002033132530120496
speed,882,-0.0003765060240963902
speed,883,0.0009789156626505147
speed,884,0.009186746987951744
speed,885,-0.0027108433734939763
speed,886,-0.01874999999999999
speed,887,-0.010768072289156605
speed,888,-0.014081325301204872
speed,889,-0.003840361445783147
speed,890,0.0069277108433735135
speed,891,-0.014759036144578241
speed,892,-0.03027108433734932
speed,893,-0.008207831325301118
speed,894,-0.009111445783132555
speed,895,0.0012801204819277157
speed,896,-0.0018825301204819511
speed,897,0.0060240963855421326
speed,898,0.005722891566265043
speed,899,-0.006701807228915724
speed,900,0.01671686746987955
speed,901,-0.014156626506024061
speed,902,-0.0033132530120482673
speed,903,0.01152108433734933
speed,904,-0.01167168674698793
speed,905,-0.005798192771084398
speed,906,-0.017394578313252917
speed,907,-0.0038403614457830915
speed,908,0.014156626506024117
speed,909,-0.008659638554216864
speed,910,0.008433734939759074
speed,911,-0.016415662650602403
speed,912,-0.026204819277108382
speed,913,0.005722891566265043
speed,914,-0.01295180722891559
speed,915,-0.0183734939759036
speed,916,0.0015813253012048056
speed,917,0.010843373493976016
speed,918,-0.01746987951807233
speed,919,0.007153614457831359
speed,920,0.0034638554216868123
speed,921,-0.012725903614457912
speed,922,-0.0038403614457830915
speed,923,-0.011445783132530085
speed,924,0.005948795180722999
speed,925,-0.013554216867469882
speed,926,-0.013629518072289182
speed,927,-0.026807228915662562
speed,928,-0.020707831325301185
speed,929,-0.004442771084337327
speed,930,-0.004066265060241048
speed,931,0.01031626506024097
speed,932,-0.003237951807228967
speed,933,-0.007454819277108393
speed,934,0.000903614457831381
speed,935,0.0005271084337349352
speed,936,0.007605421686747049
speed,937,-0.0075301204819276935
speed,938,0.002936746987951877
speed,939,-0.01234939759036141
speed,940,-0.003237951807228856
speed,941,-0.016942771084337338
speed,942,0.018900602409638534
speed,943,0.002710843373494032
speed,944,-0.026957831325301163
speed,945,0.0
speed,946,-0.007981927710843384
speed,947,0.0031626506024097223
speed,948,0.0008283132530120252
speed,949,0.006701807228915779
speed,950,-0.011219879518072295
speed,951,0.0060240963855421326
speed,952,-0.010918674698795205
speed,953,0.004518072289156572
speed,954,-0.004668674698795228
speed,955,0.004442771084337327
speed,956,0.007756024096385539
speed,957,0.011746987951807286
speed,958,0.0036144578313253017
speed,959,-0.007831325301204894
speed,960,0.014533132530120452
speed,961,0.017469879518072218
speed,962,-0.0019578313253011403
speed,963,-0.009789156626506035
speed,964,0.005120481927710863
speed,965,0.015587349397590433
speed,966,0.0014307228915662051
speed,967,-0.001506024096385561
speed,968,0.011295180722891596
speed,969,0.0063253012048192225
speed,970,-0.009262048192771044
speed,971,-0.013855421686746971
speed,972,0.0010542168674698704
speed,973,-0.008283132530120474
speed,974,0.0033132530120482118
speed,975,-0.009111445783132444
speed,976,0.012349397590361466
speed,977,-0.0033132530120481563
speed,978,0.004216867469879482
speed,979,0.0024849397590360756
speed,980,0.005722891566265043
speed,981,-0.004743975903614417
speed,982,0.0033132530120482118
speed,983,-0.02025602409638555
speed,984,-0.006099397590361544
speed,985,-0.021611445783132566
speed,986,-0.009713855421686735
speed,987,0.028388554216867368
speed,988,0.001204819277108471
speed,989,-0.012876506024096401
speed,990,-0.0014307228915662606
speed,991,0.014006024096385516
speed,992,-0.005496987951807197
speed,993,-0.02974397590361444
speed,994,0.006174698795180622
speed,995,-0.01129518072289154
speed,996,-0.02018072289156625
speed,997,-0.007605421686746994
speed,998,-0.02078313253012043
speed,999,-0.01784638554216872
speed,1000,-0.008057228915662573
speed,1001,0.003840361445783147
speed,1002,0.0021837349397589856
speed,1003,-0.00218373493975893
speed,1004,-0.009563253012048245
speed,1005,0.00850903614457832
speed,1006,-0.0027861445783132766
speed,1007,-0.025677710843373502
speed,1008,-0.007003012048192758
speed,1009,0.010692771084337416
speed,1010,0.00022590361445784524
speed,1011,0.0007530120481927804
speed,1012,-0.004743975903614528
speed,1013,0.0
speed,1014,-0.0008283132530119697
speed,1015,0.009186746987951855
speed,1016,-0.012876506024096401
speed,1017,0.0012801204819277157
speed,1018,0.004367469879518082
speed,1019,0.008132530120481873
speed,1020,0.00971385542168679
speed,1021,0.021009036144578386
speed,1022,-0.009864457831325335
speed,1023,0.01152108433734933
speed,1024,0.0033885542168674565
speed,1025,-0.014382530120481962
speed,1026,-0.011822289156626531
speed,1027,-0.016189759036144558
speed,1028,0.008810240963855409
speed,1029,0.010391566265060326
speed,1030,-0.016114457831325257
speed,1031,0.002409638554216942
speed,1032,-0.004442771084337327
speed,1033,-0.0007530120481927804
speed,1034,-0.011822289156626531
speed,1035,0.0003765060240963347
speed,1036,-0.021385542168674665
speed,1037,0.02168674698795181
speed,1038,0.015286144578313232
speed,1039,-0.013102409638554191
speed,1040,-0.0003765060240963902
speed,1041,-0.011822289156626475
speed,1042,0.005195783132530107
speed,1043,0.002936746987951877
speed,1044,7.530120481924474e-05
speed,1045,-0.016114457831325257
speed,1046,-0.006852409638554213
speed,1047,-0.008358433734939663
speed,1048,-0.010165662650602425
speed,1049,0.016265060240963747
speed,1050,0.011897590361445776
speed,1051,0.006174698795180733
speed,1052,0.009487951807228834
speed,1053,-0.007304216867469904
speed,1054,-0.03162650602409639
speed,1055,0.016942771084337394
speed,1056,-0.005572289156626553
speed,1057,-0.0025602409638554313
speed,1058,-0.016039156626506068
speed,1059,0.006099397590361488
speed,1060,-0.002786144578313221
speed,1061,-0.0075301204819276935
speed,1062,-0.01227409638554211
speed,1063,-0.003915662650602447
speed,1064,-0.005647590361445798
speed,1065,0.002108433734939741
speed,1066,0.017394578313252973
speed,1067,-0.007228915662650548
speed,1068,0.005421686746987953
speed,1069,-0.004518072289156627
speed,1070,0.00030120481927709
speed,1071,-0.0027861445783132766
speed,1072,-0.0127259036144578
speed,1073,-0.006701807228915668
speed,1074,-0.00030120481927709
speed,1075,0.001204819277108471
speed,1076,-0.025075301204819267
speed,1077,0.0069277108433735135
speed,1078,-0.003915662650602447
speed,1079,0.005722891566265043
speed,1080,-0.0310993975903614
speed,1081,0.010090361445783125
speed,1082,-0.0009789156626505702
speed,1083,-0.0064759036144577675
speed,1084,-0.023945783132530096
speed,1085,-7.530120481930025e-05
speed,1086,0.008810240963855409
speed,1087,-0.02989457831325304
speed,1088,-0.014156626506024061
speed,1089,0.0024849397590360756
speed,1090,-0.028313253012048234
speed,1091,-0.01739457831325303
speed,1092,-0.006024096385542188
speed,1093,0.009186746987951855
speed,1094,-0.008057228915662684
speed,1095,-0.009412650602409645
speed,1096,-0.011144578313252995
speed,1097,0.004894578313253017
speed,1098,0.0039909638554216365
speed,1099,0.008283132530120474
speed,1100,-0.009262048192771044
speed,1101,0.008584337349397564
speed,1102,-0.0033885542168674565
speed,1103,0.004367469879518082
speed,1104,0.017996987951807264
speed,1105,0.0011295180722891152
speed,1106,0.006400602409638578
speed,1107,-7.530120481918923e-05
speed,1108,0.002936746987951877
speed,1109,-0.023343373493975916
speed,1110,-0.0036144578313253573
speed,1111,0.01046686746987946
speed,1112,-0.0015813253012048611
speed,1113,-0.012725903614457912
speed,1114,0.0072289156626506035
speed,1115,-0.008057228915662684
speed,1116,0.01167168674698793
speed,1117,-0.009864457831325335
speed,1118,-0.006325301204819278
speed,1119,0.01046686746987957
speed,1120,-0.01867469879518069
speed,1121,-0.007304216867469904
speed,1122,0.014909638554216786
speed,1123,0.009036144578313254
speed,1124,-0.0013554216867469604
speed,1125,0.01121987951807224
speed,1126,-0.005496987951807197
speed,1127,0.012198795180722977
speed,1128,0.013554216867469826
speed,1129,-0.021762048192771166
speed,1130,-0.012801204819277101
speed,1131,-0.010391566265060215
speed,1132,0.008885542168674654
speed,1133,-0.0070783132530120585
speed,1134,-0.003840361445783147
speed,1135,0.0033885542168674565
speed,1136,0.023268072289156727
speed,1137,0.007153614457831359
speed,1138,-0.007078313253012114
speed,1139,0.0069277108433735135
speed,1140,0.007981927710843273
speed,1141,-0.008659638554216864
speed,1142,-0.005873493975903588
speed,1143,-0.0184487951807229
speed,1144,0.00850903614457832
speed,1145,0.005647590361445798
speed,1146,-0.013554216867469882
speed,1147,0.0007530120481927804
speed,1148,0.003539156626506057
speed,1149,-0.01129518072289154
speed,1150,-0.009487951807228945
speed,1151,0.014006024096385516
speed,1152,-0.017545180722891518
speed,1153,0.005271084337349352
speed,1154,0.003012048192771122
speed,1155,0.005421686746987953
speed,1156,-0.014081325301204872
speed,1157,-0.009412650602409645
speed,1158,-0.01227409638554211
speed,1159,-0.007454819277108504
speed,1160,0.002409638554216942
speed,1161,0.017996987951807264
speed,1162,-0.021009036144578275
speed,1163,-0.0009789156626505702
speed,1164,0.01016566265060237
speed,1165,-0.017168674698795128
speed,1166,-0.004969879518072318
speed,1167,-0.000903614457831381
speed,1168,-0.005045180722891618
speed,1169,-0.02025602409638555
speed,1170,-0.014006024096385461
speed,1171,0.002033132530120496
speed,1172,-0.024623493975903576
speed,1173,-0.010165662650602425
speed,1174,-0.009789156626506035
speed,1175,-0.012575301204819311
speed,1176,-0.008584337349397675
speed,1177,-0.009563253012048245
speed,1178,-0.027936746987951844
speed,1179,-0.009563253012048134
speed,1180,-0.005045180722891618
speed,1181,0.005195783132530107
speed,1182,-0.0005271084337348797
speed,1183,0.014156626506024117
speed,1184,-0.004518072289156627
speed,1185,0.008584337349397675
speed,1186,0.0012801204819276046
speed,1187,-0.0008283132530119697
speed,1188,-0.017168674698795128
speed,1189,-0.006626506024096368
speed,1190,-0.00022590361445778973
speed,1191,0.017319277108433728
speed,1192,-0.005195783132530107
speed,1193,0.0001506024096386005
speed,1194,-0.011445783132530085
speed,1195,0.013177710843373491
speed,1196,-0.008810240963855465
speed,1197,-0.004593373493975816
speed,1198,0.0012801204819277157
speed,1199,0.007831325301204894
speed,1200,0.011445783132530085
speed,1201,0.0001506024096386005
speed,1202,-0.002108433734939741
speed,1203,0.004442771084337438
speed,1204,0.004442771084337327
speed,1205,-0.01129518072289154
speed,1206,0.011445783132530196
speed,1207,0.004894578313253017
speed,1208,-0.023569277108433706
speed,1209,-0.006325301204819278
speed,1210,-0.005948795180722888
speed,1211,-0.0036897590361445465
speed,1212,0.007153614457831359
speed,1213,-0.030195783132530074
speed,1214,-0.009563253012048245
speed,1215,-0.013102409638554191
speed,1216,0.0021837349397589856
speed,1217,0.01212349397590351
speed,1218,-0.008885542168674654
speed,1219,0.014081325301204872
speed,1220,0.004819277108433773
speed,1221,0.007605421686747049
speed,1222,-0.02417168674698794
speed,1223,-0.0018072289156626509
speed,1224,0.00896084337349401
speed,1225,-0.013629518072289182
speed,1226,0.0034638554216867012
speed,1227,-0.010240963855421725
speed,1228,0.0012801204819277157
speed,1229,0.01167168674698793
speed,1230,-0.003840361445783147
speed,1231,-0.010542168674698815
speed,1232,-0.004518072289156627
speed,1233,0.005873493975903532
speed,1234,-7.530120481918923e-05
speed,1235,-0.017771084337349308
speed,1236,-0.005120481927710807
speed,1237,-0.026129518072289193
speed,1238,-0.004367469879518027
speed,1239,-0.0015813253012047501
speed,1240,-0.020933734939758974
speed,1241,-0.0014307228915663162
speed,1242,0.0033885542168674565
speed,1243,-0.0018825301204819511
speed,1244,-0.010391566265060215
speed,1245,0.004593373493975927
speed,1246,0.015813253012048167
speed,1247,0.002710843373493921
speed,1248,-0.016792168674698738
speed,1249,-0.005421686746988008
speed,1250,0.013855421686747027
speed,1251,0.01152108433734933
speed,1252,-0.01671686746987955
speed,1253,-0.033960843373493976
speed,1254,-0.0012801204819277712
speed,1255,-0.0027861445783132766
speed,1256,-0.022063253012048145
speed,1257,-0.006250000000000033
speed,1258,-0.008433734939759074
speed,1259,0.021009036144578275
speed,1260,0.0009036144578312699
speed,1261,-0.01099397590361445
speed,1262,0.006249999999999978
speed,1263,0.004969879518072262
speed,1264,-0.011822289156626531
speed,1265,-0.0006777108433734802
speed,1266,0.004819277108433773
speed,1267,-0.007906626506024084
speed,1268,-0.007454819277108393
speed,1269,-0.0036144578313252462
speed,1270,0.0
speed,1271,0.004216867469879482
speed,1272,-0.01242469879518071
speed,1273,0.005948795180722888
speed,1274,0.00986445783132528
speed,1275,-0.004367469879518027
speed,1276,-0.0027861445783132766
speed,1277,-0.0184487951807229
speed,1278,0.0009789156626505147
speed,1279,-0.0024849397590361866
speed,1280,0.01106927710843375
speed,1281,0.021611445783132566
speed,1282,0.006174698795180622
speed,1283,-0.006701807228915668
speed,1284,-0.014834337349397597
speed,1285,-0.004442771084337438
speed,1286,-0.01167168674698793
speed,1287,7.530120481924474e-05
speed,1288,-0.002635542168674676
speed,1289,0.003012048192771122
speed,1290,-0.005798192771084398
speed,1291,-0.016189759036144558
speed,1292,0.004442771084337438
speed,1293,-0.022590361445783136
speed,1294,-0.014307228915662662
speed,1295,-0.01159638554216863
speed,1296,0.005271084337349352
speed,1297,0.002108433734939741
speed,1298,-0.001957831325301196
speed,1299,-0.012575301204819311
speed,1300,0.017319277108433728
speed,1301,-0.002033132530120496
speed,1302,0.02319277108433726
speed,1303,-0.01920180722891568
speed,1304,-0.0005271084337348797
speed,1305,0.012801204819277157
speed,1306,-0.016942771084337338
speed,1307,0.0016566265060241614
speed,1308,0.0183734939759036
speed,1309,-0.005496987951807197
speed,1310,0.0031626506024097223
speed,1311,-0.011596385542168741
speed,1312,-0.01076807228915666
speed,1313,-0.01302710843373489
speed,1314,0.01016566265060237
speed,1315,0.016039156626506013
speed,1316,-0.0003765060240963902
speed,1317,0.011596385542168686
speed,1318,0.00971385542168679
speed,1319,-0.0030873493975903665
speed,1320,-0.016415662650602403
speed,1321,-0.021611445783132566
speed,1322,0.006099397590361488
speed,1323,0.009111445783132499
speed,1324,-0.015512048192771022
speed,1325,0.001506024096385561
speed,1326,0.015813253012048167
speed,1327,-0.01950301204819277
speed,1328,0.0036144578313253017
speed,1329,-0.023569277108433706
speed,1330,0.02673192771084343
speed,1331,-0.02078313253012043
speed,1332,-0.004442771084337327
speed,1333,0.01137048192771084
speed,1334,0.0025602409638554313
speed,1335,-0.004593373493975983
speed,1336,0.015361445783132477
speed,1337,-0.0003765060240963902
speed,1338,-0.008885542168674654
speed,1339,-7.530120481930025e-05
speed,1340,-0.027108433734939763
speed,1341,-0.0007530120481927804
speed,1342,0.004668674698795172
speed,1343,0.004668674698795172
speed,1344,-0.0015813253012047501
speed,1345,-0.009337349397590344
speed,1346,0.010692771084337416
speed,1347,-0.023795180722891607
speed,1348,0.013704819277108427
speed,1349,0.008810240963855409
speed,1350,-0.013478915662650581
speed,1351,-0.002108433734939741
speed,1352,0.0006777108433734247
speed,1353,0.015436746987951833
speed,1354,-0.002183734939759041
speed,1355,-0.0034638554216867012
speed,1356,-0.002183734939759041
speed,1357,0.008584337349397675
speed,1358,-0.012123493975903565
speed,1359,-0.025150602409638623
speed,1360,-0.011219879518072351
speed,1361,0.02183734939759041
speed,1362,0.0021837349397589856
speed,1363,0.0019578313253012514
speed,1364,-0.001506024096385561
speed,1365,0.004141566265060237
speed,1366,-0.015210843373493987
speed,1367,0.010090361445783236
speed,1368,0.009638554216867434
speed,1369,-0.01927710843373498
speed,1370,0.005346385542168708
speed,1371,-0.01069277108433736
speed,1372,-0.023795180722891496
speed,1373,0.004367469879518082
speed,1374,0.0013554216867470714
speed,1375,0.023870481927710796
speed,1376,0.0066265060240963125
speed,1377,0.01167168674698793
speed,1378,0.0008283132530120252
speed,1379,0.007078313253012003
speed,1380,-0.017771084337349308
speed,1381,0.014533132530120452
speed,1382,0.005722891566265043
speed,1383,-0.008057228915662684
speed,1384,0.014608433734939807
speed,1385,0.02364457831325295
speed,1386,-0.011219879518072295
speed,1387,0.0025602409638554313
speed,1388,-0.0127259036144578
speed,1389,-0.005496987951807253
speed,1390,-0.009789156626506035
speed,1391,0.0036144578313253017
speed,1392,0.004442771084337438
speed,1393,0.0007530120481927804
speed,1394,-0.013253012048192847
speed,1395,-0.0011295180722891707
speed,1396,0.0018072289156626509
speed,1397,0.0018825301204818956
speed,1398,0.003840361445783147
speed,1399,0.0039909638554216365
speed,1400,-0.00971385542168679
speed,1401,-0.005195783132530107
speed,1402,-0.01799698795180721
speed,1403,-0.0033132530120481563
speed,1404,0.009638554216867434
speed,1405,0.0028614457831325213
speed,1406,-0.001957831325301196
speed,1407,0.01031626506024097
speed,1408,-0.005948795180722888
speed,1409,-0.0070783132530120585
speed,1410,-0.01807228915662651
speed,1411,-0.008433734939759074
speed,1412,0.001506024096385561
speed,1413,0.002108433734939741
speed,1414,-0.016566265060240948
speed,1415,-0.0018825301204819511
speed,1416,0.0008283132530120252
speed,1417,-0.009638554216867434
speed,1418,-0.006024096385542188
speed,1419,-0.016942771084337338
speed,1420,0.017921686746987908
speed,1421,0.0016566265060241614
speed,1422,0.004141566265060237
speed,1423,-0.00060240963855418
speed,1424,-0.008810240963855465
speed,1425,-0.007831325301204783
speed,1426,0.002635542168674676
speed,1427,0.005647590361445798
speed,1428,0.01212349397590351
speed,1429,-0.004593373493975983
speed,1430,0.007304216867469959
speed,1431,-0.004668674698795228
speed,1432,0.0006777108433734247
speed,1433,0.002936746987951766
speed,1434,-0.0042921686746988374
speed,1435,0.01121987951807224
speed,1436,-0.0064759036144577675
speed,1437,-0.0126506024096385
speed,1438,-0.026656626506024184
speed,1439,0.011822289156626531
speed,1440,0.0025602409638554313
speed,1441,-0.008885542168674654
speed,1442,0.005195783132530218
speed,1443,0.01242469879518071
speed,1444,0.0025602409638554313
speed,1445,0.014006024096385516
speed,1446,-0.037951807228915724
speed,1447,-0.03102409638554221
speed,1448,-0.002936746987951766
speed,1449,-0.006325301204819278
speed,1450,0.0127259036144578
speed,1451,-0.001957831325301196
speed,1452,0.008734939759036164
speed,1453,-0.006024096385542188
speed,1454,0.010542168674698815
speed,1455,0.001807228915662762
speed,1456,0.006249999999999978
speed,1457,0.003237951807228856
speed,1458,-0.012500000000000011
speed,1459,-0.0033132530120481563
speed,1460,0.0036897590361445465
speed,1461,0.006475903614457823
speed,1462,0.0011295180722891152
speed,1463,-0.007831325301204783
speed,1464,-0.01799698795180721
speed,1465,0.0027861445783131655
speed,1466,-0.015888554216867468
speed,1467,0.010993975903614506
speed,1468,0.007379518072289093
speed,1469,-0.012274096385542221
speed,1470,0.009487951807228834
speed,1471,-0.004141566265060237
speed,1472,7.530120481935576e-05
speed,1473,0.0005271084337349352
speed,1474,-0.001204819277108471
speed,1475,-0.020632530120481996
speed,1476,-0.005045180722891618
speed,1477,0.020557228915662584
speed,1478,-0.01197289156626502
speed,1479,-0.00060240963855418
speed,1480,-0.003237951807228856
speed,1481,0.02673192771084343
speed,1482,-0.007454819277108393
speed,1483,0.002710843373494032
speed,1484,-0.0006777108433734802
speed,1485,-0.007981927710843495
speed,1486,-0.0069277108433735135
speed,1487,0.005496987951807308
speed,1488,-0.0005271084337349907
speed,1489,-0.003840361445783147
speed,1490,-0.0014307228915662606
speed,1491,-0.006400602409638578
speed,1492,-0.013704819277108482
speed,1493,-0.0072289156626506035
speed,1494,-0.008810240963855465
speed,1495,-0.014909638554216842
speed,1496,-0.013554216867469882
speed,1497,-0.005421686746988008
speed,1498,-0.007304216867469904
speed,1499,-0.021310240963855365
speed,1500,0.0007530120481927804
speed,1501,-0.005496987951807197
speed,1502,0.015210843373493987
speed,1503,-0.002183734939759041
speed,1504,-0.022439759036144535
speed,1505,-0.005120481927710807
speed,1506,-0.023945783132530096
speed,1507,0.0075301204819276935
speed,1508,0.017394578313252973
speed,1509,-0.016942771084337338
speed,1510,-0.014683734939759052
speed,1511,0.005873493975903532
speed,1512,-0.008283132530120474
speed,1513,0.0015813253012048056
speed,1514,0.0037650602409639022
speed,1515,-0.01859939759036139
speed,1516,0.0012801204819277157
speed,1517,-0.0011295180722891707
speed,1518,-0.01242469879518071
speed,1519,0.01031626506024097
speed,1520,-0.008885542168674654
speed,1521,0.01362951807228907
speed,1522,0.0025602409638555423
speed,1523,-0.0031626506024096668
speed,1524,0.006475903614457712
speed,1525,0.01671686746987955
speed,1526,-0.01905120481927708
speed,1527,-0.014909638554216842
speed,1528,-0.013930722891566272
speed,1529,-0.00030120481927709
speed,1530,-0.0027108433734939763
speed,1531,-0.008433734939759074
speed,1532,-0.006852409638554213
speed,1533,-0.009412650602409645
speed,1534,-0.005346385542168708
speed,1535,-0.016189759036144558
speed,1536,0.01046686746987946
speed,1537,0.002936746987951766
speed,1538,0.0015813253012048056
speed,1539,-0.023268072289156616
speed,1540,-0.0027861445783132766
speed,1541,-0.0007530120481927804
speed,1542,-0.0017319277108433506
speed,1543,0.016415662650602347
speed,1544,0.0033132530120482118
speed,1545,0.013027108433735002
speed,1546,0.0069277108433735135
speed,1547,0.005271084337349352
speed,1548,0.00835843373493983
speed,1549,-0.003237951807228856
speed,1550,0.005120481927710863
speed,1551,-0.010165662650602425
speed,1552,-0.012876506024096401
speed,1553,-0.009638554216867434
speed,1554,0.0036897590361445465
speed,1555,-0.004668674698795228
speed,1556,-0.016340361445783158
speed,1557,-0.006400602409638578
speed,1558,-0.002259036144578286
speed,1559,0.006551204819277179
speed,1560,0.00060240963855418
speed,1561,0.010090361445783236
speed,1562,-0.021837349397590355
speed,1563,0.0018825301204818956
speed,1564,-0.0003765060240963902
speed,1565,-0.014382530120481962
speed,1566,0.0022590361445783413
speed,1567,-7.530120481930025e-05
speed,1568,0.0
speed,1569,-0.006325301204819278
speed,1570,-0.027183734939759063
speed,1571,-0.0063253012048193336
speed,1572,-0.004969879518072207
speed,1573,0.015060240963855387
speed,1574,-0.006325301204819278
speed,1575,-0.014608433734939807
speed,1576,0.0063253012048192225
speed,1577,-0.008283132530120474
speed,1578,0.0183734939759036
speed,1579,-0.006400602409638578
speed,1580,-0.0075301204819276935
speed,1581,0.0186746987951808
speed,1582,-0.00060240963855418
speed,1583,-0.011219879518072351
speed,1584,0.004593373493975927
speed,1585,0.00896084337349401
speed,1586,0.0009036144578312699
speed,1587,-0.007003012048192758
speed,1588,0.005421686746987953
speed,1589,0.019954819277108404
speed,1590,0.009638554216867434
speed,1591,-0.0030120481927710663
speed,1592,0.005346385542168708
speed,1593,0.002635542168674676
speed,1594,-0.002786144578313221
speed,1595,-0.0042921686746988374
speed,1596,-0.0009789156626506812
speed,1597,-0.006099397590361377
speed,1598,-0.0069277108433735135
speed,1599,-0.005496987951807197
speed,1600,0.002710843373493921
speed,1601,0.011746987951807175
speed,1602,0.01242469879518071
speed,1603,-0.017846385542168608
speed,1604,0.006099397590361488
speed,1605,0.008734939759036164
speed,1606,0.02033132530120485
speed,1607,-0.0003765060240963902
speed,1608,0.011219879518072351
speed,1609,0.0004518072289156905
speed,1610,0.013554216867469826
speed,1611,-0.01204819277108432
speed,1612,-0.003840361445783147
speed,1613,-0.0010542168674698704
speed,1614,-0.010843373493975905
speed,1615,-0.005722891566265098
speed,1616,-0.020331325301204795
speed,1617,0.002635542168674676
speed,1618,0.011445783132530196
speed,1619,0.014156626506024117
speed,1620,0.014081325301204872
speed,1621,-0.0028614457831325213
speed,1622,-0.014608433734939752
speed,1623,-0.005647590361445798
speed,1624,0.0001506024096386005
speed,1625,-0.008132530120481873
speed,1626,-0.014608433734939752
speed,1627,-0.010240963855421725
speed,1628,-0.004668674698795228
speed,1629,0.013704819277108427
speed,1630,-0.0028614457831325213
speed,1631,-0.011370481927710785
speed,1632,0.019503012048192714
speed,1633,7.530120481924474e-05
speed,1634,-0.006400602409638578
speed,1635,0.01076807228915655
speed,1636,0.019352409638554113
speed,1637,-0.007153614457831414
speed,1638,-0.01912650602409638
speed,1639,0.011295180722891596
speed,1640,0.01882530120481929
speed,1641,0.0015813253012048056
speed,1642,0.005798192771084398
speed,1643,-0.007454819277108504
speed,1644,-0.015286144578313288
speed,1645,-0.001957831325301196
speed,1646,-0.008207831325301174
speed,1647,-0.01242469879518071
speed,1648,-0.021837349397590355
speed,1649,0.011596385542168797
speed,1650,-0.013704819277108482
speed,1651,-0.005346385542168597
speed,1652,0.010391566265060215
speed,1653,-0.005346385542168708
speed,1654,-0.02153614457831321
speed,1655,0.00030120481927697895
speed,1656,-0.023268072289156616
speed,1657,-0.0031626506024096668
speed,1658,0.005421686746987953
speed,1659,-0.013629518072289182
speed,1660,-0.009036144578313254
speed,1661,-0.002635542168674676
speed,1662,-0.0036897590361446575
speed,1663,0.0006777108433734247
speed,1664,-0.007906626506024084
speed,1665,0.005195783132530107
speed,1666,-0.0031626506024096113
speed,1667,0.007003012048192869
speed,1668,-0.003237951807228856
speed,1669,-0.01686746987951815
speed,1670,-0.016490963855421648
speed,1671,-0.008885542168674654
speed,1672,0.015587349397590322
speed,1673,0.015436746987951833
speed,1674,-0.007756024096385483
speed,1675,-0.005722891566265098
speed,1676,0.00030120481927709
speed,1677,-0.024472891566265087
speed,1678,0.0092620481927711
speed,1679,0.013253012048192736
speed,1680,-0.007981927710843384
speed,1681,0.028012048192771144
speed,1682,-0.0073795180722891485
speed,1683,-0.022816265060240926
speed,1684,0.0034638554216868123
speed,1685,-0.00060240963855418
speed,1686,-0.009864457831325224
speed,1687,-0.009939759036144635
speed,1688,-0.006099397590361488
speed,1689,-0.01777108433734942
speed,1690,-0.008810240963855354
speed,1691,0.013554216867469826
speed,1692,-0.025828313253011992
speed,1693,0.005647590361445798
speed,1694,-0.016340361445783158
speed,1695,0.03064759036144582
speed,1696,-0.00030120481927709
speed,1697,0.002635542168674676
speed,1698,-0.006099397590361488
speed,1699,-0.0012801204819277712
speed,1700,-0.0012801204819277712
speed,1701,0.0021837349397590966
speed,1702,-0.002334337349397586
speed,1703,0.003012048192771122
speed,1704,0.005045180722891618
speed,1705,0.0025602409638555423
speed,1706,-0.007756024096385483
speed,1707,-0.010391566265060215
speed,1708,0.009337349397590344
speed,1709,-0.0012801204819277712
speed,1710,0.015737951807229034
speed,1711,0.001506024096385561
speed,1712,-0.007454819277108393
speed,1713,-0.006777108433734913
speed,1714,-0.008132530120481873
speed,1715,0.02304216867469877
speed,1716,-0.016942771084337338
speed,1717,-0.014457831325301262
speed,1718,-0.00971385542168679
speed,1719,0.02093373493975903
speed,1720,0.0006777108433735357
speed,1721,-0.005647590361445687
speed,1722,-0.005195783132530163
speed,1723,-0.014156626506024061
speed,1724,-0.022740963855421736
speed,1725,-7.530120481930025e-05
speed,1726,-0.002108433734939741
speed,1727,-0.008810240963855465
speed,1728,-0.0015813253012048611
speed,1729,-0.003539156626506057
speed,1730,-0.024623493975903632
speed,1731,0.026129518072289137
speed,1732,0.009412650602409589
speed,1733,-0.01106927710843375
speed,1734,-0.009036144578313254
speed,1735,0.014006024096385516
speed,1736,0.001506024096385561
speed,1737,0.016265060240963747
speed,1738,-0.0030873493975903665
speed,1739,0.015813253012048167
speed,1740,0.0028614457831325213
speed,1741,-0.015813253012048167
speed,1742,0.002334337349397586
speed,1743,0.010692771084337416
speed,1744,0.005647590361445798
speed,1745,-0.01137048192771084
speed,1746,0.002334337349397586
speed,1747,0.017319277108433728
speed,1748,0.002033132530120385
speed,1749,0.00022590361445784524
speed,1750,0.01987951807228916
speed,1751,-0.01890060240963848
speed,1752,-0.0009789156626505702
speed,1753,0.015436746987951833
speed,1754,-0.008358433734939663
speed,1755,0.018298192771084354
speed,1756,-0.0027861445783132766
speed,1757,-0.025828313253011992
speed,1758,0.009412650602409589
speed,1759,0.026430722891566227
speed,1760,0.006249999999999978
speed,1761,0.009939759036144635
speed,1762,0.013704819277108427
speed,1763,-0.010316265060240914
speed,1764,0.004593373493975816
speed,1765,0.003539156626505946
speed,1766,-0.003237951807228856
speed,1767,-0.0031626506024096668
speed,1768,-0.006400602409638578
speed,1769,-0.0036144578313252462
speed,1770,0.004743975903614417
speed,1771,-0.0042921686746988374
speed,1772,-0.014909638554216842
speed,1773,0.016340361445783214
speed,1774,0.01212349397590351
speed,1775,-0.009939759036144524
speed,1776,-0.009563253012048245
speed,1777,0.0033885542168674565
speed,1778,0.017319277108433728
speed,1779,-0.004518072289156627
speed,1780,-0.005120481927710807
speed,1781,-0.0017319277108433506
speed,1782,-0.009638554216867434
speed,1783,-0.004367469879518027
speed,1784,-0.004894578313253017
speed,1785,0.0024849397590361866
speed,1786,-0.006626506024096368
speed,1787,-0.006626506024096368
speed,1788,-0.015060240963855442
speed,1789,-0.009638554216867434
speed,1790,-0.005798192771084287
speed,1791,-0.005572289156626553
speed,1792,-0.0019578313253011403
speed,1793,-0.017545180722891518
speed,1794,0.005045180722891507
speed,1795,0.004894578313253017
speed,1796,0.015060240963855387
speed,1797,0.004066265060240992
speed,1798,0.019352409638554224
speed,1799,-0.006777108433734913
speed,1800,0.004819277108433773
speed,1801,-0.0003765060240963902
speed,1802,-0.011144578313252995
speed,1803,0.01016566265060237
speed,1804,0.004593373493975927
speed,1805,-0.006777108433734913
speed,1806,0.006099397590361377
speed,1807,-0.0027861445783132766
speed,1808,0.013253012048192736
speed,1809,-0.017771084337349308
speed,1810,0.01031626506024097
speed,1811,-0.016641566265060248
speed,1812,-0.014909638554216897
speed,1813,-0.02891566265060247
speed,1814,0.013177710843373491
speed,1815,-0.03847891566265055
speed,1816,-0.0075301204819276935
speed,1817,0.0018072289156626509
speed,1818,0.007078313253012003
speed,1819,0.004894578313253017
speed,1820,0.0009789156626506257
speed,1821,-0.004141566265060237
speed,1822,-0.01137048192771084
speed,1823,0.012198795180722866
speed,1824,-0.008584337349397564
speed,1825,0.006174698795180733
speed,1826,-0.006249999999999978
speed,1827,-0.002786144578313221
speed,1828,0.0025602409638554313
speed,1829,-0.001204819277108471
speed,1830,-0.004668674698795228
speed,1831,0.013177710843373491
speed,1832,-0.010617469879518115
speed,1833,-0.008885542168674654
speed,1834,0.0011295180722891152
speed,1835,0.006400602409638578
speed,1836,0.0036897590361446575
speed,1837,-0.013629518072289182
speed,1838,-0.01106927710843375
speed,1839,-0.007153614457831303
speed,1840,-7.530120481930025e-05
speed,1841,0.0024849397590360756
speed,1842,0.013478915662650581
speed,1843,-0.01325301204819268
speed,1844,0.0066265060240963125
speed,1845,0.0022590361445783413
speed,1846,-0.02914156626506026
speed,1847,-0.008207831325301285
speed,1848,0.0034638554216868123
speed,1849,0.002033132530120496
speed,1850,0.006551204819277179
speed,1851,0.002108433734939741
speed,1852,-0.001506024096385561
speed,1853,-0.004894578313253017
speed,1854,-0.016114457831325257
speed,1855,0.009713855421686679
speed,1856,-0.0370481927710844
speed,1857,0.00820783132530123
speed,1858,0.0019578313253012514
speed,1859,-0.022364457831325346
speed,1860,0.015135542168674743
speed,1861,-0.0033885542168674565
speed,1862,-0.015512048192771077
speed,1863,-0.01890060240963859
speed,1864,0.00896084337349401
speed,1865,-0.004367469879518027
speed,1866,0.005346385542168597
speed,1867,0.002936746987951766
speed,1868,-0.00022590361445778973
speed,1869,-0.012198795180722921
speed,1870,-0.01724397590361454
speed,1871,-0.002936746987951766
speed,1872,-0.022063253012048145
speed,1873,0.005496987951807197
speed,1874,-0.005421686746988008
speed,1875,-0.025602409638554202
speed,1876,0.011746987951807175
speed,1877,-0.01046686746987957
speed,1878,0.004819277108433773
speed,1879,-0.007605421686746938
speed,1880,0.0069277108433734025
speed,1881,0.005798192771084398
speed,1882,-0.0017319277108433506
speed,1883,0.0092620481927711
speed,1884,-0.0031626506024096668
speed,1885,-0.008207831325301285
speed,1886,0.009186746987951855
speed,1887,-0.021686746987951755
speed,1888,-0.000903614457831381
speed,1889,-0.021159638554216875
speed,1890,-0.021460843373493965
speed,1891,-0.028012048192771144
speed,1892,0.006475903614457712
speed,1893,-0.0024096385542168863
speed,1894,0.0008283132530120252
speed,1895,0.004367469879518082
speed,1896,0.006475903614457823
speed,1897,0.004969879518072262
speed,1898,0.004969879518072262
speed,1899,0.02884036144578317
speed,1900,0.004442771084337327
speed,1901,0.0
speed,1902,0.005647590361445798
speed,1903,0.0005271084337349352
speed,1904,0.009337349397590344
speed,1905,-0.01882530120481929
speed,1906,-0.028990963855421714
speed,1907,-0.009563253012048134
speed,1908,-0.00060240963855418
speed,1909,0.00022590361445784524
speed,1910,0.005421686746987953
speed,1911,0.02289156626506017
speed,1912,0.01897590361445789
speed,1913,-0.0024096385542168863
speed,1914,-0.014081325301204872
speed,1915,0.01046686746987946
speed,1916,-0.003915662650602447
speed,1917,0.005798192771084398
speed,1918,-0.01927710843373487
speed,1919,-0.007304216867469904
speed,1920,0.0019578313253012514
speed,1921,0.010090361445783236
speed,1922,-0.002936746987951877
speed,1923,-0.009337349397590455
speed,1924,-0.0254518072289156
speed,1925,-0.00022590361445778973
speed,1926,0.0019578313253011403
speed,1927,0.0016566265060241614
speed,1928,0.006174698795180733
speed,1929,-0.0039909638554216365
speed,1930,-0.007680722891566294
speed,1931,-0.007756024096385483
speed,1932,0.007831325301204783
speed,1933,0.001204819277108471
speed,1934,-0.00045180722891557945
speed,1935,0.0005271084337349352
speed,1936,-0.008358433734939774
speed,1937,-0.007304216867469904
speed,1938,0.0063253012048192225
speed,1939,-0.004894578313253017
speed,1940,0.00030120481927709
speed,1941,0.00022590361445784524
speed,1942,0.009036144578313254
speed,1943,-0.010090361445783125
speed,1944,0.013629518072289182
speed,1945,0.024623493975903576
speed,1946,-0.000301204819277201
speed,1947,0.0022590361445783413
speed,1948,-0.013855421686747083
speed,1949,-0.024096385542168752
speed,1950,-0.01920180722891568
speed,1951,-0.002484939759036131
speed,1952,-0.005496987951807253
speed,1953,0.013478915662650581
speed,1954,-0.01724397590361454
speed,1955,0.0011295180722891152
speed,1956,-0.01302710843373489
speed,1957,-0.013855421686746971
speed,1958,-0.001957831325301196
speed,1959,0.026355421686746983
speed,1960,0.011295180722891596
speed,1961,-0.012500000000000011
speed,1962,-0.001506024096385561
speed,1963,0.013253012048192736
speed,1964,0.0013554216867469604
speed,1965,-0.010768072289156605
speed,1966,-0.002259036144578286
speed,1967,-0.0004518072289156905
speed,1968,0.00835843373493983
speed,1969,0.00820783132530123
speed,1970,0.022213855421686746
speed,1971,-0.0070783132530120585
speed,1972,0.0017319277108432951
speed,1973,0.004593373493975816
speed,1974,-0.028012048192771144
speed,1975,0.006400602409638578
speed,1976,-0.022891566265060337
speed,1977,-0.01084337349397596
speed,1978,0.005496987951807197
speed,1979,-0.008358433734939663
speed,1980,-0.0127259036144578
speed,1981,-0.0011295180722891707
speed,1982,-0.004518072289156627
speed,1983,-0.002635542168674676
speed,1984,-0.009262048192771044
speed,1985,0.013102409638554247
speed,1986,-0.0012801204819277712
speed,1987,-0.01739457831325303
speed,1988,-0.0012801204819277712
speed,1989,0.00850903614457832
speed,1990,-0.005722891566265098
speed,1991,0.015286144578313232
speed,1992,-0.016189759036144558
speed,1993,-0.003915662650602447
speed,1994,-0.012349397590361522
speed,1995,-0.006249999999999978
speed,1996,0.015060240963855387
speed,1997,-0.005045180722891618
speed,1998,0.002936746987951877
speed,1999,0.02484939759036142
speed,2000,-0.014608433734939752
speed,2001,-0.002484939759036131
speed,2002,-0.01807228915662651
speed,2003,-0.0015813253012047501
speed,2004,0.0008283132530120252
speed,2005,-0.0008283132530119697
speed,2006,-0.004668674698795117
speed,2007,0.010843373493976016
speed,2008,0.0066265060240964235
speed,2009,0.0034638554216868123
speed,2010,-0.013478915662650692
speed,2011,-0.015512048192771022
speed,2012,-0.0003765060240963902
speed,2013,-0.0042921686746988374
speed,2014,0.002108433734939741
speed,2015,-0.006551204819277123
speed,2016,-0.013930722891566272
speed,2017,0.002033132530120496
speed,2018,0.02138554216867472
speed,2019,-0.007078313253012114
speed,2020,0.011746987951807175
speed,2021,-0.029216867469879504
speed,2022,-0.0015813253012047501
speed,2023,0.010617469879517949
speed,2024,0.0006777108433735357
speed,2025,-0.016566265060240948
speed,2026,0.010015060240963769
speed,2027,-0.003237951807228856
speed,2028,-0.0007530120481927804
speed,2029,0.01611445783132537
speed,2030,0.014533132530120452
speed,2031,0.007831325301204783
speed,2032,-0.002183734939759041
speed,2033,0.007680722891566183
speed,2034,0.02033132530120485
speed,2035,-0.009337349397590344
speed,2036,0.005346385542168708
speed,2037,-0.010466867469879515
speed,2038,-0.01709337349397594
speed,2039,-0.005647590361445798
speed,2040,-0.01762048192771093
speed,2041,-0.009638554216867434
speed,2042,0.012274096385542221
speed,2043,-0.011822289156626475
speed,2044,-0.014683734939759052
speed,2045,-0.004969879518072318
speed,2046,-0.008810240963855465
speed,2047,-0.01920180722891568
speed,2048,-0.01874999999999999
speed,2049,0.002334337349397586
speed,2050,0.0024849397590360756
speed,2051,0.003840361445783147
speed,2052,-0.012951807228915702
speed,2053,-0.021611445783132566
speed,2054,-0.007680722891566294
speed,2055,-0.014909638554216842
speed,2056,-0.0018072289156626509
speed,2057,-0.000903614457831381
speed,2058,0.00956325301204819
speed,2059,0.010240963855421614
speed,2060,0.00956325301204819
speed,2061,-0.008810240963855465
speed,2062,-0.015963855421686768
speed,2063,-0.010918674698795205
speed,2064,-0.007906626506024084
speed,2065,-0.006551204819277123
speed,2066,-0.0027861445783132766
speed,2067,-0.011144578313252995
speed,2068,-0.006701807228915724
speed,2069,0.009487951807228945
speed,2070,-0.008734939759036164
speed,2071,-0.01174698795180723
speed,2072,0.0072289156626506035
speed,2073,-0.020105421686747005
speed,2074,-0.013780120481927671
speed,2075,0.0024849397590360756
speed,2076,-0.013930722891566272
speed,2077,0.001807228915662762
speed,2078,0.0006777108433734247
speed,2079,0.004216867469879482
speed,2080,0.00045180722891557945
speed,2081,-0.014382530120481851
speed,2082,-0.0031626506024096668
speed,2083,-0.006701807228915668
speed,2084,0.007454819277108449
speed,2085,-0.03049698795180722
speed,2086,-0.0033132530120482673
speed,2087,-0.011822289156626531
speed,2088,0.015737951807228923
speed,2089,0.0011295180722891152
speed,2090,-1.1102230246251565e-16
speed,2091,-0.01837349397590371
speed,2092,-0.01009036144578318
speed,2093,-0.01746987951807233
speed,2094,0.011596385542168797
speed,2095,0.0021837349397589856
speed,2096,0.012349397590361466
speed,2097,-0.00060240963855418
speed,2098,0.0063253012048193336
speed,2099,0.018298192771084354
speed,2100,-0.012198795180722921
speed,2101,-0.01009036144578318
speed,2102,-0.009036144578313254
speed,2103,0.002108433734939741
speed,2104,0.014984939759036142
speed,2105,-0.006024096385542188
speed,2106,-0.005722891566265098
speed,2107,0.007981927710843384
speed,2108,-0.026280120481927793
speed,2109,-0.002484939759036131
speed,2110,-0.021460843373493965
speed,2111,0.021460843373493965
speed,2112,-0.0033885542168674565
speed,2113,-0.004367469879518138
speed,2114,0.01332831325301198
speed,2115,-0.021912650602409656
speed,2116,0.0004518072289158015
speed,2117,0.0033885542168674565
speed,2118,-0.010316265060240914
speed,2119,-0.0042921686746988374
speed,2120,0.0036897590361445465
speed,2121,0.01822289156626511
speed,2122,0.015060240963855387
speed,2123,-0.028689759036144513
speed,2124,-0.025828313253011992
speed,2125,-0.0127259036144578
speed,2126,-0.000903614457831381
speed,2127,-0.005647590361445798
speed,2128,0.015512048192770966
speed,2129,-0.014683734939759052
speed,2130,-0.002108433734939741
speed,2131,-0.01167168674698793
speed,2132,0.002936746987951766
speed,2133,0.011445783132530196
speed,2134,-0.004894578313253017
speed,2135,-0.005421686746988008
speed,2136,0.006852409638554158
speed,2137,0.0006777108433735357
speed,2138,-7.530120481918923e-05
speed,2139,0.0018825301204818956
speed,2140,0.005647590361445798
speed,2141,-0.007304216867469848
speed,2142,-0.0027108433734939763
speed,2143,-0.014081325301204761
speed,2144,-0.003915662650602447
speed,2145,0.007078313253012003
speed,2146,-0.002259036144578286
speed,2147,-0.014457831325301262
speed,2148,-0.015361445783132588
speed,2149,0.0024849397590360756
speed,2150,-0.007906626506024084
speed,2151,-0.004367469879518027
speed,2152,0.01212349397590351
speed,2153,-0.007454819277108393
speed,2154,0.006099397590361377
speed,2155,-0.01920180722891568
speed,2156,-0.020933734939758974
speed,2157,0.013403614457831337
speed,2158,-0.002484939759036131
speed,2159,0.017545180722891573
speed,2160,0.006701807228915668
speed,2161,-0.004216867469879537
speed,2162,-0.015888554216867468
speed,2163,-0.013704819277108482
speed,2164,0.013328313253012092
speed,2165,0.017243975903614484
speed,2166,0.012951807228915646
speed,2167,0.00820783132530123
speed,2168,0.010843373493975905
speed,2169,0.03170180722891569
speed,2170,0.005120481927710863
speed,2171,-0.000903614457831381
speed,2172,-0.001506024096385561
speed,2173,0.000301204819277201
speed,2174,0.002108433734939741
speed,2175,-0.008358433734939774
speed,2176,-0.009789156626506035
speed,2177,-0.013177710843373491
speed,2178,-0.02078313253012043
speed,2179,-0.01649096385542176
speed,2180,0.004518072289156572
speed,2181,-0.033659638554216886
speed,2182,0.007304216867469959
speed,2183,0.0015813253012048056
speed,2184,0.015436746987951833
speed,2185,-0.0075301204819276935
speed,2186,0.012198795180722977
speed,2187,0.002334337349397586
speed,2188,0.01242469879518071
speed,2189,0.005346385542168708
speed,2190,0.0183734939759036
speed,2191,-0.008734939759036053
speed,2192,-0.006551204819277123
speed,2193,-0.008057228915662684
speed,2194,-0.01204819277108432
speed,2195,-0.0037650602409638467
speed,2196,-0.006777108433734913
speed,2197,0.016340361445783214
speed,2198,-0.0001506024096386005
speed,2199,-0.0025602409638554313
speed,2200,-0.013930722891566272
speed,2201,0.014834337349397653
speed,2202,-0.006099397590361377
speed,2203,-0.019503012048192825
speed,2204,0.008433734939759074
speed,2205,0.012499999999999956
speed,2206,0.006701807228915779
speed,2207,-0.017243975903614428
speed,2208,-0.005195783132530107
speed,2209,-0.007831325301204728
speed,2210,-0.010316265060241026
speed,2211,-0.021234939759036175
speed,2212,-0.019728915662650615
speed,2213,0.001506024096385561
speed,2214,0.003915662650602392
speed,2215,0.01671686746987955
speed,2216,-0.008207831325301174
speed,2217,-0.022213855421686746
speed,2218,-0.003539156626506057
speed,2219,-0.0021084337349397964
speed,2220,-0.014156626506024172
speed,2221,-0.009713855421686735
speed,2222,-0.008433734939759074
speed,2223,0.00030120481927709
speed,2224,-0.0070783132530120585
speed,2225,-0.003915662650602447
speed,2226,-0.00060240963855418
speed,2227,0.022364457831325235
speed,2228,-0.015963855421686768
speed,2229,0.016189759036144613
speed,2230,-0.027108433734939763
speed,2231,0.0127259036144578
speed,2232,-0.007680722891566294
speed,2233,-0.015436746987951833
speed,2234,-0.00060240963855418
speed,2235,-0.0127259036144578
speed,2236,0.01227409638554211
speed,2237,0.0031626506024097223
speed,2238,0.009111445783132499
speed,2239,-0.010617469879518115
speed,2240,0.0008283132530120252
speed,2241,-0.010542168674698815
speed,2242,-0.006626506024096368
speed,2243,-0.014457831325301151
speed,2244,-0.013253012048192792
speed,2245,-0.014608433734939807
speed,2246,0.000903614457831381
speed,2247,0.006852409638554269
speed,2248,0.010391566265060215
speed,2249,0.0009789156626506257
speed,2250,0.007831325301204783
speed,2251,-0.0036897590361445465
speed,2252,-0.007756024096385483
speed,2253,-0.00060240963855418
speed,2254,-0.014608433734939752
speed,2255,-0.0184487951807229
speed,2256,0.019503012048192825
speed,2257,-0.008433734939758963
speed,2258,-0.014006024096385572
speed,2259,-0.008433734939758963
speed,2260,-0.0031626506024096113
speed,2261,-0.008207831325301174
speed,2262,0.004216867469879482
speed,2263,-0.013855421686747083
speed,2264,0.002710843373494032
speed,2265,-0.01762048192771093
speed,2266,-0.0015813253012048611
speed,2267,0.000301204819277201
speed,2268,0.006249999999999978
speed,2269,0.015662650602409678
speed,2270,0.0025602409638555423
speed,2271,0.006400602409638578
speed,2272,0.005421686746987953
speed,2273,-0.021611445783132566
speed,2274,0.00865963855421692
speed,2275,0.021310240963855365
speed,2276,0.005948795180722999
speed,2277,-0.010240963855421725
speed,2278,-0.003539156626506057
speed,2279,-0.016189759036144558
speed,2280,-0.0005271084337349907
speed,2281,-0.002334337349397697
speed,2282,-0.008358433734939774
speed,2283,-0.006475903614457823
speed,2284,0.0017319277108434061
speed,2285,0.010240963855421725
speed,2286,-0.0015813253012048611
speed,2287,-0.016415662650602403
speed,2288,-0.007078313253012114
speed,2289,-0.015436746987951833
speed,2290,-0.0030120481927710663
speed,2291,-0.007605421686746994
speed,2292,0.024021084337349397
speed,2293,-0.0031626506024096668
speed,2294,-0.027334337349397553
speed,2295,0.003840361445783147
speed,2296,0.0005271084337349352
speed,2297,-0.0030873493975903665
speed,2298,0.011144578313252995
speed,2299,0.011897590361445776
speed,2300,0.004518072289156572
speed,2301,-0.013780120481927671
speed,2302,-0.001506024096385561
speed,2303,0.007831325301204894
speed,2304,0.005572289156626553
speed,2305,0.0005271084337349352
speed,2306,-0.024924698795180666
speed,2307,0.018524096385542088
speed,2308,0.0003765060240963347
speed,2309,0.006400602409638578
speed,2310,0.01137048192771073
speed,2311,-0.005496987951807253
speed,2312,-0.005195783132530107
speed,2313,0.009111445783132499
speed,2314,0.014984939759036253
speed,2315,0.0015813253012048056
speed,2316,-0.019352409638554224
speed,2317,0.01972891566265067
speed,2318,0.0008283132530120252
speed,2319,0.014382530120481962
speed,2320,-0.006701807228915668
speed,2321,-0.009111445783132555
speed,2322,0.009713855421686679
speed,2323,-0.0061746987951806775
speed,2324,-0.0064759036144577675
speed,2325,0.003237951807228856
speed,2326,0.000602409638554291
speed,2327,0.008283132530120474
speed,2328,-0.006099397590361488
speed,2329,0.004894578313253017
speed,2330,0.01152108433734933
speed,2331,0.002033132530120496
speed,2332,0.0001506024096386005
speed,2333,0.013554216867469826
speed,2334,-0.009036144578313254
speed,2335,-0.014533132530120452
speed,2336,-0.022364457831325346
speed,2337,0.02673192771084343
speed,2338,-0.007680722891566294
speed,2339,0.01701807228915664
speed,2340,-0.0073795180722891485
speed,2341,0.010617469879517949
speed,2342,-0.011897590361445776
speed,2343,-0.0012801204819277712
speed,2344,-0.007756024096385483
speed,2345,-0.0030120481927710663
speed,2346,-0.0036144578313252462
speed,2347,0.005496987951807197
speed,2348,0.0006777108433735357
speed,2349,0.017921686746987908
speed,2350,0.0127259036144578
speed,2351,0.014006024096385516
speed,2352,-0.01814759036144581
speed,2353,-0.0018825301204819511
speed,2354,0.001506024096385561
speed,2355,0.0013554216867469604
speed,2356,-0.0016566265060241059
speed,2357,-0.009262048192771044
speed,2358,0.0007530120481927804
speed,2359,-0.01084337349397596
speed,2360,0.011822289156626531
speed,2361,-0.008885542168674654
speed,2362,0.01287650602409629
speed,2363,0.0075301204819276935
speed,2364,0.00986445783132528
speed,2365,0.005798192771084398
speed,2366,0.0007530120481927804
speed,2367,0.008734939759036164
speed,2368,0.005948795180722888
speed,2369,-0.009638554216867545
speed,2370,-0.0033132530120482673
speed,2371,0.0036897590361446575
speed,2372,-0.016114457831325257
speed,2373,0.01762048192771093
speed,2374,-0.010542168674698815
speed,2375,0.0036144578313253017
speed,2376,0.003237951807228856
speed,2377,-0.01234939759036141
speed,2378,-0.004066265060241048
speed,2379,-0.017168674698795128
speed,2380,0.0039909638554216365
speed,2381,-0.02085843373493973
speed,2382,-0.020858433734939785
speed,2383,0.006174698795180733
speed,2384,0.017319277108433728
speed,2385,-0.008132530120481873
speed,2386,-0.011144578313252995
speed,2387,-0.012725903614457912
speed,2388,-0.007906626506024084
speed,2389,-0.01332831325301198
speed,2390,-0.010768072289156605
speed,2391,-0.0016566265060241059
speed,2392,-0.01159638554216863
speed,2393,0.007605421686747049
speed,2394,-0.009789156626506035
speed,2395,0.0033885542168674565
speed,2396,0.0012801204819277157
speed,2397,-0.016867469879518038
speed,2398,-0.005496987951807197
speed,2399,-0.016415662650602403
speed,2400,-0.004518072289156627
speed,2401,-0.011521084337349385
speed,2402,0.006777108433734913
speed,2403,-0.01332831325301198
speed,2404,-0.020632530120481996
speed,2405,-0.03177710843373488
speed,2406,-0.01769578313253012
speed,2407,0.0001506024096386005
speed,2408,0.02153614457831321
speed,2409,0.021762048192771166
speed,2410,0.007304216867469959
speed,2411,0.002936746987951766
speed,2412,-0.01046686746987957
speed,2413,-0.027484939759036153
speed,2414,-0.008885542168674654
speed,2415,-0.0003765060240963902
speed,2416,-0.009186746987951855
speed,2417,0.0008283132530120252
speed,2418,0.01242469879518071
speed,2419,0.005045180722891507
speed,2420,-0.01084337349397596
speed,2421,-0.008433734939759074
speed,2422,0.0001506024096386005
speed,2423,-0.027861445783132543
speed,2424,-0.010240963855421614
speed,2425,-0.014081325301204872
speed,2426,-0.0011295180722891707
speed,2427,-0.0030120481927710663
speed,2428,0.0010542168674698704
speed,2429,-0.006777108433734913
speed,2430,0.0075301204819276935
speed,2431,0.004216867469879482
speed,2432,0.003012048192771122
speed,2433,-0.01167168674698793
speed,2434,-0.001204819277108471
speed,2435,0.02379518072289155
speed,2436,-0.010165662650602425
speed,2437,0.014231927710843362
speed,2438,0.015813253012048167
speed,2439,-0.004668674698795228
speed,2440,-0.008207831325301285
speed,2441,-0.005722891566265098
speed,2442,-0.014231927710843417
speed,2443,-0.009638554216867434
speed,2444,0.0016566265060241614
speed,2445,-0.0015813253012048611
speed,2446,0.008283132530120474
speed,2447,0.00805722891566274
speed,2448,-0.01362951807228907
speed,2449,-0.033057228915662706
speed,2450,-0.027108433734939763
speed,2451,0.01046686746987946
speed,2452,-0.008509036144578264
speed,2453,0.00030120481927709
speed,2454,0.0009789156626505147
speed,2455,0.0030873493975903665
speed,2456,-0.008584337349397564
speed,2457,-0.0011295180722891707
speed,2458,-0.010165662650602425
speed,2459,-0.003539156626506057
speed,2460,-0.002334337349397586
speed,2461,-0.024623493975903632
speed,2462,0.0060240963855421326
speed,2463,0.017996987951807264
speed,2464,-0.01129518072289154
speed,2465,-0.010391566265060215
speed,2466,-0.016641566265060193
speed,2467,0.00850903614457832
speed,2468,0.004969879518072262
speed,2469,-0.008057228915662684
speed,2470,0.01957831325301207
speed,2471,0.017093373493975883
speed,2472,0.008810240963855409
speed,2473,0.0007530120481927804
speed,2474,0.002108433734939852
speed,2475,0.001204819277108471
speed,2476,0.005647590361445798
speed,2477,-0.017168674698795128
speed,2478,-0.011822289156626531
speed,2479,0.005572289156626553
speed,2480,-0.008283132530120474
speed,2481,-0.008433734939758963
speed,2482,-0.011822289156626531
speed,2483,0.006400602409638578
speed,2484,-0.001204819277108471
speed,2485,-0.009638554216867434
speed,2486,0.012048192771084376
speed,2487,0.0036897590361445465
speed,2488,-0.015361445783132532
speed,2489,0.00986445783132528
speed,2490,7.530120481924474e-05
speed,2491,-0.01762048192771093
speed,2492,-0.005873493975903588
speed,2493,0.0063253012048192225
speed,2494,0.0008283132530120252
speed,2495,-0.002033132530120496
speed,2496,-0.014984939759036142
speed,2497,0.00805722891566274
speed,2498,0.010090361445783236
speed,2499,0.009111445783132499
speed,2500,0.0011295180722891152
speed,2501,-0.03147590361445779
speed,2502,-0.007153614457831303
speed,2503,0.012349397590361466
speed,2504,0.009186746987951855
speed,2505,-0.01069277108433736
speed,2506,0.01762048192771093
speed,2507,-0.020632530120481885
speed,2508,-0.008659638554216864
speed,2509,-0.002786144578313221
speed,2510,0.004819277108433773
speed,2511,0.003915662650602392
speed,2512,-0.009262048192771044
speed,2513,0.012123493975903621
speed,2514,-0.006852409638554158
speed,2515,-0.005346385542168708
speed,2516,-0.002334337349397586
speed,2517,0.009036144578313254
speed,2518,0.004894578313253017
speed,2519,-0.0017319277108434061
speed,2520,-0.001506024096385561
speed,2521,0.011521084337349441
speed,2522,0.023569277108433706
speed,2523,-0.022891566265060226
speed,2524,-0.006099397590361488
speed,2525,-0.002259036144578286
speed,2526,-0.0008283132530120807
speed,2527,-0.012123493975903621
speed,2528,0.014834337349397653
speed,2529,0.0025602409638554313
speed,2530,0.004894578313253017
speed,2531,0.0019578313253011403
speed,2532,0.008433734939759074
speed,2533,0.014683734939759052
speed,2534,-0.006701807228915557
speed,2535,-0.0006777108433734802
speed,2536,0.012048192771084376
speed,2537,-1.1102230246251565e-16
speed,2538,-0.0031626506024096668
speed,2539,0.018448795180722843
speed,2540,0.00790662650602414
speed,2541,-0.010015060240963825
speed,2542,-0.0005271084337349907
speed,2543,-0.0073795180722891485
speed,2544,0.004518072289156572
speed,2545,0.016189759036144613
speed,2546,0.0030873493975903665
speed,2547,-0.0016566265060241059
speed,2548,0.02959337349397584
speed,2549,0.005572289156626442
speed,2550,-0.008433734939759074
speed,2551,-0.0027108433734939763
speed,2552,0.015587349397590433
speed,2553,-0.022740963855421736
speed,2554,0.011596385542168686
speed,2555,0.00805722891566274
speed,2556,-0.004668674698795228
speed,2557,-0.004743975903614417
speed,2558,0.01137048192771073
speed,2559,-0.008960843373493954
speed,2560,-0.006551204819277123
speed,2561,0.008283132530120474
speed,2562,-0.0021837349397590966
speed,2563,-0.014231927710843362
speed,2564,-0.014382530120481962
speed,2565,-0.0014307228915662606
speed,2566,0.010692771084337416
speed,2567,-0.027560240963855454
speed,2568,-0.008960843373494065
speed,2569,-0.009412650602409645
speed,2570,-0.006249999999999978
speed,2571,-0.007454819277108338
speed,2572,0.0015813253012048056
speed,2573,0.007078313253012114
speed,2574,0.0010542168674698704
speed,2575,-0.006099397590361377
speed,2576,-0.015060240963855442
speed,2577,0.026581325301204828
speed,2578,-0.012575301204819311
speed,2579,-0.006249999999999978
speed,2580,0.0007530120481927804
speed,2581,-0.01159638554216863
speed,2582,-0.006852409638554158
speed,2583,-0.007680722891566294
speed,2584,-0.0016566265060240504
speed,2585,0.007981927710843273
speed,2586,-0.009337349397590233
speed,2587,-0.0036897590361445465
speed,2588,0.0011295180722891152
speed,2589,0.013704819277108427
speed,2590,0.004593373493975816
speed,2591,0.004593373493975927
speed,2592,-0.011069277108433695
speed,2593,0.012801204819277157
speed,2594,0.01152108433734933
speed,2595,7.530120481924474e-05
speed,2596,0.011596385542168686
speed,2597,-0.0073795180722891485
speed,2598,-0.005873493975903643
speed,2599,-0.013102409638554191
speed,2600,0.01242469879518071
speed,2601,0.005195783132530218
speed,2602,-0.004668674698795228
speed,2603,0.007153614457831359
speed,2604,-0.005873493975903588
speed,2605,-0.0009789156626505702
speed,2606,-0.008057228915662684
speed,2607,0.020406626506024095
speed,2608,-0.007831325301204783
speed,2609,-0.023042168674698715
speed,2610,-0.018750000000000044
speed,2611,0.000602409638554291
speed,2612,-0.019503012048192825
speed,2613,0.0028614457831325213
speed,2614,-0.007304216867469904
speed,2615,-0.008509036144578375
speed,2616,-0.021084337349397575
speed,2617,0.0007530120481927804
speed,2618,-0.0033132530120481563
speed,2619,-0.013478915662650692
speed,2620,-0.0018072289156627064
speed,2621,-0.0039909638554217475
speed,2622,0.019051204819277134
speed,2623,0.0005271084337349352
speed,2624,-0.017996987951807153
speed,2625,-0.009864457831325335
speed,2626,0.0072289156626504925
speed,2627,-0.002484939759036131
speed,2628,0.015587349397590433
speed,2629,-0.012575301204819311
speed,2630,0.014081325301204872
speed,2631,0.018298192771084354
speed,2632,-0.0018825301204819511
speed,2633,-0.015813253012048167
speed,2634,-0.0127259036144578
speed,2635,0.007981927710843384
speed,2636,-0.017620481927710818
speed,2637,0.015436746987951833
speed,2638,0.008132530120481873
speed,2639,-0.009412650602409645
speed,2640,-0.008659638554216864
speed,2641,0.0003765060240963347
speed,2642,-0.003915662650602447
speed,2643,0.0003765060240963347
speed,2644,-0.004518072289156627
speed,2645,-0.012499999999999956
speed,2646,0.0010542168674699814
speed,2647,0.0037650602409639022
speed,2648,0.007379518072289093
speed,2649,-0.003840361445783147
speed,2650,0.003539156626506057
speed,2651,-0.013177710843373491
speed,2652,0.006249999999999978
speed,2653,-0.01837349397590371
speed,2654,0.005421686746987953
speed,2655,-0.0014307228915661496
speed,2656,-0.00022590361445778973
speed,2657,-0.0030873493975903665
speed,2658,-0.011822289156626531
speed,2659,-0.0013554216867469604
speed,2660,-0.013328313253012092
speed,2661,0.007003012048192758
speed,2662,-0.014307228915662662
speed,2663,-0.005572289156626498
speed,2664,0.003237951807228856
speed,2665,0.01897590361445789
speed,2666,-0.013554216867469882
speed,2667,0.004141566265060237
speed,2668,-0.005496987951807197
speed,2669,-0.0182981927710843
speed,2670,-0.0025602409638554313
speed,2671,0.00820783132530123
speed,2672,0.004518072289156572
speed,2673,0.0033885542168674565
speed,2674,0.014683734939759052
speed,2675,-0.003087349397590311
speed,2676,0.0014307228915662051
speed,2677,-0.007831325301204783
speed,2678,-0.015813253012048167
speed,2679,-0.014006024096385572
speed,2680,-0.006174698795180733
speed,2681,-0.003237951807228856
speed,2682,0.005572289156626442
speed,2683,-0.016340361445783158
speed,2684,-0.007078313253012114
speed,2685,-0.02048192771084334
speed,2686,-0.0075301204819276935
speed,2687,0.01927710843373509
speed,2688,-0.006852409638554158
speed,2689,-0.0072289156626507145
speed,2690,0.01671686746987955
speed,2691,0.007304216867469959
speed,2692,0.00030120481927709
speed,2693,-0.0017319277108434061
speed,2694,0.01106927710843375
speed,2695,-0.0025602409638554313
speed,2696,-0.0018825301204819511
speed,2697,0.001204819277108471
speed,2698,0.00971385542168679
speed,2699,-0.01920180722891568
speed,2700,-0.014909638554216842
speed,2701,0.010240963855421614
speed,2702,-0.0027861445783132766
speed,2703,0.002409638554216942
speed,2704,-0.0009789156626506812
speed,2705,-0.004668674698795228
speed,2706,0.017243975903614484
speed,2707,0.015361445783132477
speed,2708,0.0006777108433735357
speed,2709,-0.01069277108433736
speed,2710,-0.024623493975903632
speed,2711,0.015888554216867412
speed,2712,0.014307228915662606
speed,2713,0.01152108433734933
speed,2714,-0.006099397590361377
speed,2715,-0.016792168674698738
speed,2716,0.006551204819277068
speed,2717,-0.00120481927710836
speed,2718,-0.0027861445783132766
speed,2719,-0.02936746987951805
speed,2720,-0.004668674698795228
speed,2721,0.02003012048192765
speed,2722,0.00120481927710836
speed,2723,0.006701807228915668
speed,2724,-0.013855421686746971
speed,2725,-0.004442771084337327
speed,2726,-0.010316265060241026
speed,2727,-0.006551204819277123
speed,2728,0.009186746987951855
speed,2729,-0.00045180722891557945
speed,2730,0.008433734939759074
speed,2731,0.000602409638554291
speed,2732,-0.0034638554216867568
speed,2733,0.007831325301204783
speed,2734,0.009111445783132499
speed,2735,-0.012575301204819311
speed,2736,-0.0018825301204819511
speed,2737,0.004442771084337327
speed,2738,0.006099397590361377
speed,2739,0.016490963855421703
speed,2740,-0.03411144578313258
speed,2741,-0.0001506024096386005
speed,2742,-0.0185993975903615
speed,2743,-0.0005271084337349907
speed,2744,0.006099397590361488
speed,2745,-0.0019578313253011403
speed,2746,-0.010617469879518115
speed,2747,-0.0042921686746988374
speed,2748,-0.004442771084337438
speed,2749,0.0006777108433735357
speed,2750,-0.0014307228915662606
speed,2751,0.00060240963855418
speed,2752,0.019954819277108404
speed,2753,-0.010843373493975905
speed,2754,0.010090361445783125
speed,2755,0.00030120481927709
speed,2756,0.0005271084337349352
speed,2757,-0.015587349397590378
speed,2758,-0.010316265060241026
speed,2759,-0.0183734939759036
speed,2760,-0.016039156626506013
speed,2761,-0.011219879518072351
speed,2762,0.003915662650602392
speed,2763,0.002936746987951877
speed,2764,0.005120481927710863
speed,2765,-0.002108433734939741
speed,2766,-0.02484939759036142
speed,2767,-0.011445783132530085
speed,2768,0.0075301204819276935
speed,2769,0.013102409638554247
speed,2770,-0.0018072289156627064
speed,2771,-0.010617469879518004
speed,2772,0.01046686746987946
speed,2773,0.007078313253012003
speed,2774,-0.023268072289156616
speed,2775,0.0022590361445783413
speed,2776,0.010993975903614506
speed,2777,-0.013780120481927671
speed,2778,-0.010240963855421614
speed,2779,0.0039909638554216365
speed,2780,-0.007981927710843384
speed,2781,-0.012876506024096401
speed,2782,-0.009262048192771155
speed,2783,-0.0036897590361445465
speed,2784,-0.010768072289156605
speed,2785,0.010015060240963769
speed,2786,-0.008207831325301118
speed,2787,0.0007530120481927804
speed,2788,-0.0126506024096385
speed,2789,-0.0011295180722891707
speed,2790,-0.015888554216867468
speed,2791,-0.007831325301204894
speed,2792,0.0037650602409639022
speed,2793,0.005045180722891507
speed,2794,0.012048192771084376
speed,2795,-0.004518072289156627
speed,2796,-0.0069277108433735135
speed,2797,-0.007003012048192758
speed,2798,-0.0075301204819276935
speed,2799,0.0006777108433734247
speed,2800,0.0033885542168674565
speed,2801,0.0036144578313253017
speed,2802,-0.013780120481927671
speed,2803,0.004743975903614417
speed,2804,0.0075301204819276935
speed,2805,-0.006400602409638578
speed,2806,0.01182228915662642
speed,2807,-0.01009036144578318
speed,2808,0.0036144578313253017
speed,2809,-0.005948795180722888
speed,2810,0.0013554216867469604
speed,2811,-0.006626506024096368
speed,2812,-0.005195783132530163
speed,2813,-0.01769578313253012
speed,2814,0.011144578313252995
speed,2815,0.01106927710843375
speed,2816,0.011746987951807286
speed,2817,-0.011746987951807175
speed,2818,0.00850903614457832
speed,2819,0.0031626506024096113
speed,2820,0.008885542168674654
speed,2821,0.015286144578313232
speed,2822,-0.0024849397590361866
speed,2823,-0.015286144578313232
speed,2824,-0.008207831325301174
speed,2825,-0.01227409638554211
speed,2826,0.011897590361445776
speed,2827,0.00850903614457832
speed,2828,-0.005045180722891618
speed,2829,0.0042921686746988374
speed,2830,-0.011822289156626531
speed,2831,-0.014834337349397597
speed,2832,0.003012048192771122
speed,2833,-0.007756024096385483
speed,2834,-0.0015813253012047501
speed,2835,0.019653614457831314
speed,2836,0.004066265060240992
speed,2837,-0.020707831325301185
speed,2838,0.002409638554216942
speed,2839,0.0060240963855421326
speed,2840,0.01972891566265067
speed,2841,-0.002936746987951766
speed,2842,0.004518072289156572
speed,2843,0.009487951807228834
speed,2844,-0.017620481927710763
speed,2845,-0.0126506024096385
speed,2846,-0.01159638554216863
speed,2847,-0.01197289156626502
speed,2848,-0.004743975903614417
speed,2849,-0.0018825301204819511
speed,2850,0.0025602409638555423
speed,2851,-0.01807228915662651
speed,2852,-0.007756024096385483
speed,2853,-0.023042168674698826
speed,2854,0.005496987951807308
speed,2855,-0.004593373493975927
speed,2856,-0.0013554216867469604
speed,2857,-0.009789156626506035
speed,2858,0.004141566265060237
speed,2859,0.0072289156626506035
speed,2860,-0.0185240963855422
speed,2861,-0.0024096385542168863
speed,2862,0.003539156626506057
speed,2863,-0.014683734939759052
speed,2864,-0.01995481927710846
speed,2865,-0.011370481927710785
speed,2866,0.01121987951807224
speed,2867,0.026054216867469893
speed,2868,-0.020632530120481996
speed,2869,0.005722891566265043
speed,2870,-0.009186746987951855
speed,2871,0.0034638554216867012
speed,2872,-0.007981927710843384
speed,2873,-0.020331325301204795
speed,2874,-0.0005271084337349907
speed,2875,-7.530120481930025e-05
speed,2876,0.010090361445783014
speed,2877,-0.01287650602409629
speed,2878,-0.009186746987951855
speed,2879,-0.003539156626506057
speed,2880,-0.01777108433734942
speed,2881,-0.013554216867469882
speed,2882,-0.0003765060240963902
speed,2883,-0.005873493975903588
speed,2884,-0.0184487951807229
speed,2885,-0.010993975903614395
speed,2886,-0.01807228915662651
speed,2887,0.017846385542168663
speed,2888,0.009111445783132499
speed,2889,-0.008960843373493954
speed,2890,-0.002108433734939741
speed,2891,-0.003840361445783147
speed,2892,-0.016114457831325257
speed,2893,-0.005195783132530163
speed,2894,-0.008207831325301174
speed,2895,-0.0036897590361446575
speed,2896,0.010240963855421725
speed,2897,-0.03102409638554221
speed,2898,0.0016566265060241614
speed,2899,0.01972891566265067
speed,2900,0.0008283132530120252
speed,2901,0.0009789156626505147
speed,2902,-0.005496987951807197
speed,2903,0.01061746987951806
speed,2904,-0.014457831325301262
speed,2905,0.014683734939758941
speed,2906,0.003915662650602392
speed,2907,-0.0037650602409638467
speed,2908,-0.015210843373493987
speed,2909,0.022364457831325346
speed,2910,-0.01822289156626511
speed,2911,0.0036144578313253017
speed,2912,-0.004969879518072207
speed,2913,0.014156626506024117
speed,2914,-0.004216867469879537
speed,2915,-0.008207831325301174
speed,2916,-0.0013554216867469604
speed,2917,0.006400602409638578
speed,2918,0.009789156626506035
speed,2919,0.028463855421686723
speed,2920,-7.530120481930025e-05
speed,2921,-0.008734939759036053
speed,2922,0.0018825301204818956
speed,2923,-0.007906626506024084
speed,2924,-0.0024096385542168863
speed,2925,0.0011295180722891152
speed,2926,-0.028237951807228934
speed,2927,0.0006777108433734247
speed,2928,0.00865963855421692
speed,2929,-0.0017319277108433506
speed,2930,0.007304216867469959
speed,2931,-0.0063253012048193336
speed,2932,-0.009337349397590344
speed,2933,-0.004593373493975816
speed,2934,0.004743975903614417
speed,2935,0.013704819277108427
speed,2936,-0.004668674698795228
speed,2937,-0.0005271084337349907
speed,2938,0.0028614457831326323
speed,2939,0.0072289156626504925
speed,2940,0.014683734939759052
speed,2941,0.00956325301204819
speed,2942,0.007605421686747049
speed,2943,0.0007530120481927804
speed,2944,-0.0031626506024096668
speed,2945,-0.0007530120481927804
speed,2946,0.005045180722891618
speed,2947,-0.003237951807228856
speed,2948,0.007605421686747049
speed,2949,-0.002635542168674676
speed,2950,0.00030120481927709
speed,2951,0.0018825301204818956
speed,2952,-0.005798192771084398
speed,2953,-0.015060240963855442
speed,2954,-0.01882530120481929
speed,2955,-0.025150602409638623
speed,2956,-0.0030120481927710663
speed,2957,-0.003237951807228856
speed,2958,0.01091867469879515
speed,2959,-0.004141566265060237
speed,2960,0.014683734939759052
speed,2961,-0.008584337349397675
speed,2962,-0.017545180722891518
speed,2963,0.009487951807229056
speed,2964,0.002033132530120496
speed,2965,0.0012801204819277157
speed,2966,0.004969879518072262
speed,2967,-0.005948795180722888
speed,2968,-0.013403614457831281
speed,2969,-0.014006024096385572
speed,2970,-0.016340361445783158
speed,2971,0.0012801204819277157
speed,2972,0.003012048192771122
speed,2973,0.013403614457831337
speed,2974,0.009939759036144635
speed,2975,-0.023192771084337316
speed,2976,0.013403614457831337
speed,2977,0.015737951807229034
speed,2978,0.0007530120481927804
speed,2979,0.016867469879518038
speed,2980,0.009939759036144524
speed,2981,-0.012198795180722921
speed,2982,0.032228915662650515
speed,2983,0.002635542168674676
speed,2984,-0.012198795180722921
speed,2985,0.006777108433734913
speed,2986,0.0039909638554216365
speed,2987,0.0036897590361446575
speed,2988,-0.006551204819277123
speed,2989,-0.022289156626506046
speed,2990,0.012801204819277157
speed,2991,-0.0027108433734939763
speed,2992,-0.007078313253012114
speed,2993,-0.016265060240963802
speed,2994,0.01046686746987957
speed,2995,0.0019578313253012514
speed,2996,-0.0019578313253011403
speed,2997,-0.009262048192771044
speed,2998,0.0011295180722891152
speed,2999,-0.007304216867469904
speed,3000,0.0018825301204818956
speed,3001,-0.002786144578313221
speed,3002,0.0018825301204818956
speed,3003,-0.02996987951807223
speed,3004,0.005271084337349352
speed,3005,-0.001355421686747016
speed,3006,0.002710843373494032
speed,3007,-0.000903614457831381
speed,3008,0.003915662650602392
speed,3009,0.01912650602409649
speed,3010,-0.01980421686746986
speed,3011,-0.006551204819277068
speed,3012,0.004066265060240992
speed,3013,-0.011596385542168575
speed,3014,-0.010015060240963825
speed,3015,0.00120481927710836
speed,3016,-0.0024096385542168863
speed,3017,-0.008358433734939663
speed,3018,0.0001506024096386005
speed,3019,-0.004969879518072207
speed,3020,-0.0042921686746988374
speed,3021,-0.015135542168674632
speed,3022,-0.021310240963855365
speed,3023,-0.0016566265060241059
speed,3024,-0.021084337349397575
speed,3025,0.012048192771084376
speed,3026,-0.007756024096385483
speed,3027,0.009036144578313254
speed,3028,0.0018825301204818956
speed,3029,-0.006249999999999978
speed,3030,-0.014608433734939752
speed,3031,-0.007003012048192758
speed,3032,0.014909638554216786
speed,3033,-0.0003765060240963902
speed,3034,0.0015813253012048056
speed,3035,-0.013478915662650581
speed,3036,0.005120481927710863
speed,3037,0.0005271084337349352
speed,3038,0.00850903614457832
speed,3039,-0.01995481927710846
speed,3040,-0.005045180722891618
speed,3041,-0.015135542168674632
speed,3042,-0.013102409638554191
speed,3043,-0.004066265060241048
speed,3044,-0.015662650602409622
speed,3045,0.002409638554216942
speed,3046,0.002409638554216942
speed,3047,-0.003539156626506057
speed,3048,-0.01039156626506027
speed,3049,-0.005948795180722888
speed,3050,-0.009337349397590344
speed,3051,-0.0018072289156627064
speed,3052,0.006777108433734913
speed,3053,-0.01227409638554211
speed,3054,0.009337349397590344
speed,3055,-0.026957831325301163
speed,3056,0.0037650602409639022
speed,3057,-0.0028614457831325213
speed,3058,0.002033132530120496
speed,3059,-0.004593373493975927
speed,3060,-0.014759036144578241
speed,3061,0.007379518072289093
speed,3062,-0.01995481927710846
speed,3063,-0.001204819277108471
speed,3064,-0.014533132530120452
speed,3065,-0.010240963855421614
speed,3066,-0.002108433734939741
speed,3067,-0.005873493975903588
speed,3068,0.0003765060240963347
speed,3069,0.00045180722891557945
speed,3070,0.02349397590361446
speed,3071,0.003012048192771122
speed,3072,0.006174698795180733
speed,3073,-0.005572289156626498
speed,3074,0.013102409638554247
speed,3075,0.005421686746987953
speed,3076,-0.008509036144578264
speed,3077,-0.007756024096385483
speed,3078,-0.007078313253012114
speed,3079,-0.005195783132530163
speed,3080,0.013855421686746916
speed,3081,0.009186746987951744
speed,3082,-7.530120481918923e-05
speed,3083,0.022966867469879526
speed,3084,0.0012801204819277157
speed,3085,0.0024849397590360756
speed,3086,-0.003915662650602447
speed,3087,-0.012801204819277101
speed,3088,-0.017545180722891518
speed,3089,0.004894578313253017
speed,3090,-0.005271084337349408
speed,3091,-0.01920180722891568
speed,3092,-0.006099397590361488
speed,3093,0.0031626506024097223
speed,3094,-0.003539156626506057
speed,3095,0.002710843373494032
speed,3096,0.009487951807228834
speed,3097,0.008584337349397675
speed,3098,0.0006777108433735357
speed,3099,-0.005647590361445798
speed,3100,-0.01227409638554211
speed,3101,0.016039156626506013
speed,3102,-0.017545180722891518
speed,3103,0.0003765060240963347
speed,3104,-0.021837349397590355
speed,3105,-0.0006777108433734802
speed,3106,0.0003765060240963347
speed,3107,0.0009789156626505147
speed,3108,-0.024472891566265087
speed,3109,-0.0185240963855422
speed,3110,-0.02115963855421682
speed,3111,-0.007756024096385483
speed,3112,-0.001506024096385561
speed,3113,0.003539156626506057
speed,3114,-7.530120481918923e-05
speed,3115,0.010843373493976016
speed,3116,-0.005195783132530163
speed,3117,-0.008207831325301174
speed,3118,-0.002033132530120496
speed,3119,-0.020783132530120485
speed,3120,-0.017243975903614428
speed,3121,0.0063253012048193336
speed,3122,-0.007003012048192758
speed,3123,0.007756024096385539
speed,3124,-0.002710843373493921
speed,3125,-0.041490963855421614
speed,3126,0.016867469879517927
speed,3127,-0.02981927710843374
speed,3128,0.002334337349397586
speed,3129,0.007003012048192758
speed,3130,-0.013780120481927671
speed,3131,-0.014683734939759052
speed,3132,0.01091867469879515
speed,3133,-0.01362951807228907
speed,3134,0.005045180722891618
speed,3135,0.00850903614457832
speed,3136,-0.01159638554216863
speed,3137,-0.002259036144578286
speed,3138,0.017996987951807264
speed,3139,0.0066265060240963125
speed,3140,-0.008960843373493954
speed,3141,0.015813253012048167
speed,3142,0.02454819277108422
speed,3143,-0.022665662650602436
speed,3144,-0.009939759036144635
speed,3145,0.01822289156626511
speed,3146,0.004593373493975927
speed,3147,-0.0030120481927710663
speed,3148,-0.010316265060241026
speed,3149,-0.0039909638554216365
speed,3150,-0.02387048192771085
speed,3151,0.01106927710843375
speed,3152,-0.009036144578313254
speed,3153,-0.009713855421686624
speed,3154,0.001204819277108471
speed,3155,-0.0070783132530120585
speed,3156,0.007304216867469959
speed,3157,0.001204819277108471
speed,3158,0.007680722891566294
speed,3159,-0.012575301204819311
speed,3160,0.013704819277108427
speed,3161,-0.0061746987951806775
speed,3162,-0.002409638554216831
speed,3163,-0.008885542168674654
speed,3164,-0.013403614457831281
speed,3165,-0.010316265060241026
speed,3166,-0.004066265060241048
speed,3167,-0.013704819277108482
speed,3168,-0.021310240963855365
speed,3169,0.0009789156626505147
speed,3170,-0.0012801204819277712
speed,3171,0.0069277108433735135
speed,3172,-0.007228915662650548
speed,3173,-0.007906626506024084
speed,3174,-0.008283132530120474
speed,3175,-0.013930722891566272
speed,3176,0.004367469879518082
speed,3177,-0.0024096385542168863
speed,3178,-0.0025602409638554313
speed,3179,-0.0076807228915662384
speed,3180,-0.023192771084337316
speed,3181,0.0022590361445783413
speed,3182,-0.002560240963855487
speed,3183,-0.0075301204819276935
speed,3184,-0.005045180722891507
speed,3185,0.005195783132530107
speed,3186,-0.013102409638554302
speed,3187,-0.019804216867469915
speed,3188,-0.03569277108433733
speed,3189,-0.023042168674698826
speed,3190,0.0036897590361446575
speed,3191,-0.01167168674698793
speed,3192,0.020105421686747005
speed,3193,0.013177710843373491
speed,3194,-0.017620481927710818
speed,3195,-0.023795180722891496
speed,3196,0.005195783132530218
speed,3197,-0.023870481927710796
speed,3198,0.006174698795180733
speed,3199,0.005798192771084398
speed,3200,-0.0018825301204819511
speed,3201,-0.003539156626506057
speed,3202,-0.013930722891566272
speed,3203,0.016340361445783214
speed,3204,0.012801204819277157
speed,3205,0.006475903614457712
speed,3206,-0.019126506024096435
speed,3207,0.0045933734939760384
speed,3208,-0.006400602409638578
speed,3209,-0.008885542168674654
speed,3210,-0.021912650602409656
speed,3211,-0.008358433734939774
speed,3212,0.0069277108433735135
speed,3213,-0.014533132530120452
speed,3214,-0.011445783132530085
speed,3215,0.007454819277108449
speed,3216,-0.004066265060240937
speed,3217,-0.007680722891566294
speed,3218,-0.006099397590361488
speed,3219,-0.006325301204819278
speed,3220,-0.007304216867469904
speed,3221,0.020707831325301185
speed,3222,-0.006701807228915668
speed,3223,0.009412650602409589
speed,3224,0.005948795180722888
speed,3225,-0.006852409638554324
speed,3226,0.0219879518072289
speed,3227,0.0092620481927711
speed,3228,0.0021837349397589856
speed,3229,0.007304216867469959
speed,3230,-0.008283132530120474
speed,3231,0.007981927710843384
speed,3232,0.0
speed,3233,0.011746987951807286
speed,3234,-0.01362951807228907
speed,3235,-0.008960843373494065
speed,3236,-0.009563253012048245
speed,3237,-0.0075301204819276935
speed,3238,-0.0075301204819276935
speed,3239,0.013930722891566272
speed,3240,0.010617469879517949
speed,3241,-0.009864457831325335
speed,3242,0.015963855421686768
speed,3243,0.004066265060240992
speed,3244,-0.007981927710843328
speed,3245,-0.00971385542168679
speed,3246,-0.000903614457831381
speed,3247,-0.004141566265060348
speed,3248,-7.530120481930025e-05
speed,3249,-0.008810240963855465
speed,3250,-0.013629518072289237
speed,3251,0.02123493975903623
speed,3252,-0.007906626506024084
speed,3253,-0.0028614457831325213
speed,3254,0.01287650602409629
speed,3255,-0.0036144578313252462
speed,3256,-0.007003012048192758
speed,3257,0.0010542168674699814
speed,3258,-0.012876506024096401
speed,3259,0.011822289156626531
speed,3260,0.00805722891566274
speed,3261,-0.006551204819277123
speed,3262,0.013253012048192736
speed,3263,0.0072289156626506035
speed,3264,0.00030120481927709
speed,3265,7.530120481924474e-05
speed,3266,0.005647590361445798
speed,3267,-0.004668674698795117
speed,3268,-0.01325301204819268
speed,3269,0.005120481927710863
speed,3270,0.01001506024096388
speed,3271,0.003012048192771122
speed,3272,-0.014984939759036142
speed,3273,0.0007530120481927804
speed,3274,-0.011521084337349441
speed,3275,0.005195783132530107
speed,3276,-0.0014307228915662606
speed,3277,-0.021987951807228956
speed,3278,-0.005647590361445798
speed,3279,0.004743975903614417
speed,3280,0.01091867469879515
speed,3281,0.01912650602409638
speed,3282,-0.0017319277108433506
speed,3283,0.012349397590361466
speed,3284,0.009939759036144635
speed,3285,0.0075301204819276935
speed,3286,0.0033885542168674565
speed,3287,-0.01897590361445789
speed,3288,-0.014156626506024172
speed,3289,0.009412650602409589
speed,3290,-0.026054216867469893
speed,3291,0.012123493975903621
speed,3292,-0.010918674698795205
speed,3293,0.002033132530120496
speed,3294,-0.005045180722891618
speed,3295,-0.009036144578313254
speed,3296,0.0018825301204818956
speed,3297,-0.017243975903614428
speed,3298,-0.012725903614457912
speed,3299,0.0033132530120482118
speed,3300,0.008734939759036164
speed,3301,-0.028614457831325324
speed,3302,0.0013554216867469604
speed,3303,0.013102409638554247
speed,3304,-0.0033885542168674565
speed,3305,-0.0031626506024096668
speed,3306,0.002936746987951877
speed,3307,-0.024322289156626486
speed,3308,0.002334337349397475
speed,3309,0.01152108433734933
speed,3310,-0.011521084337349385
speed,3311,-0.015888554216867412
speed,3312,0.0007530120481927804
speed,3313,-0.021912650602409656
speed,3314,0.011822289156626531
speed,3315,-0.0024849397590361866
speed,3316,-0.0063253012048193336
speed,3317,-0.004442771084337327
speed,3318,-0.0003765060240963902
speed,3319,-0.0012801204819277712
speed,3320,-0.010617469879518004
speed,3321,-7.530120481930025e-05
speed,3322,7.530120481924474e-05
speed,3323,0.00971385542168679
speed,3324,0.009036144578313254
speed,3325,-0.011370481927710785
speed,3326,-0.010391566265060215
speed,3327,-0.026430722891566283
speed,3328,-0.020105421686747005
speed,3329,0.012349397590361466
speed,3330,0.01046686746987946
speed,3331,-0.006927710843373458
speed,3332,-0.025903614457831292
speed,3333,-0.003539156626506057
speed,3334,0.004894578313253017
speed,3335,0.0014307228915662051
speed,3336,0.007003012048192758
speed,3337,0.00986445783132528
speed,3338,0.005346385542168597
speed,3339,-0.012801204819277101
speed,3340,-0.007680722891566294
speed,3341,-0.01129518072289154
speed,3342,-0.0037650602409638467
speed,3343,-0.0013554216867469604
speed,3344,-0.010918674698795205
speed,3345,-0.004894578313253017
speed,3346,-0.005271084337349408
speed,3347,-0.002635542168674676
speed,3348,0.024021084337349508
speed,3349,0.0017319277108432951
speed,3350,0.00865963855421692
speed,3351,0.011295180722891596
speed,3352,0.01137048192771084
speed,3353,0.0031626506024097223
speed,3354,0.015135542168674743
speed,3355,-0.014156626506024172
speed,3356,-0.014909638554216897
speed,3357,0.013478915662650692
speed,3358,0.0001506024096386005
speed,3359,0.00030120481927709
speed,3360,-0.01611445783132537
speed,3361,-0.004216867469879426
speed,3362,0.004216867469879482
speed,3363,0.0030873493975904776
speed,3364,-0.004141566265060237
speed,3365,0.0025602409638555423
speed,3366,-0.012349397590361522
speed,3367,-0.016792168674698738
speed,3368,0.018524096385542088
speed,3369,-0.0009789156626505702
speed,3370,0.003539156626505946
speed,3371,0.004141566265060237
speed,3372,0.01106927710843375
speed,3373,0.011144578313252995
speed,3374,0.004593373493975927
speed,3375,-0.027409638554216853
speed,3376,-0.006777108433734913
speed,3377,-0.01784638554216872
speed,3378,-0.014081325301204872
speed,3379,-0.008659638554216864
speed,3380,-0.004593373493975927
speed,3381,0.02944277108433735
speed,3382,0.007680722891566183
speed,3383,-0.014081325301204872
speed,3384,-0.0006777108433734802
speed,3385,-0.008283132530120474
speed,3386,0.001506024096385561
speed,3387,0.004593373493975927
speed,3388,0.0037650602409639022
speed,3389,-0.01227409638554211
speed,3390,-0.006174698795180733
speed,3391,-0.022665662650602436
speed,3392,-0.014156626506024061
speed,3393,0.013478915662650692
speed,3394,0.0027861445783132766
speed,3395,-0.01890060240963859
speed,3396,0.005798192771084287
speed,3397,-0.020105421686747005
speed,3398,0.0005271084337349352
speed,3399,-0.006626506024096368
speed,3400,-0.0011295180722891707
speed,3401,-0.0013554216867469604
speed,3402,-0.01099397590361445
speed,3403,-0.014683734939759052
speed,3404,0.0072289156626504925
speed,3405,-0.01980421686746986
speed,3406,0.018900602409638534
speed,3407,0.02349397590361446
speed,3408,0.004969879518072373
speed,3409,-0.01686746987951815
speed,3410,0.0018072289156626509
speed,3411,-0.002108433734939741
speed,3412,-0.014156626506024061
speed,3413,-0.012274096385542221
speed,3414,0.0007530120481927804
speed,3415,0.007831325301204783
speed,3416,0.012801204819277157
speed,3417,-0.021084337349397575
speed,3418,-0.003237951807228856
speed,3419,0.013780120481927671
speed,3420,0.004743975903614417
speed,3421,-0.014156626506024061
speed,3422,-0.02003012048192765
speed,3423,-0.005346385542168708
speed,3424,-0.0011295180722891707
speed,3425,0.0072289156626506035
speed,3426,-0.008433734939759074
speed,3427,0.0034638554216867012
speed,3428,0.0022590361445783413
speed,3429,0.00896084337349401
speed,3430,-0.010165662650602425
speed,3431,0.0018825301204818956
speed,3432,-0.009789156626506035
speed,3433,0.00820783132530123
speed,3434,-0.010617469879518115
speed,3435,0.013780120481927671
speed,3436,-0.010768072289156605
speed,3437,0.01167168674698793
speed,3438,0.01046686746987946
speed,3439,-0.0010542168674698704
speed,3440,0.0019578313253012514
speed,3441,0.00022590361445784524
speed,3442,0.003012048192771122
speed,3443,0.005271084337349352
speed,3444,0.0013554216867469604
speed,3445,-0.00120481927710836
speed,3446,0.0017319277108432951
speed,3447,-0.014081325301204872
speed,3448,-7.530120481930025e-05
speed,3449,0.0022590361445783413
speed,3450,0.014683734939759052
speed,3451,-0.004593373493975927
speed,3452,0.025602409638554202
speed,3453,-0.018072289156626398
speed,3454,-0.008960843373494065
speed,3455,-0.0030873493975903665
speed,3456,-0.015813253012048167
speed,3457,-0.0017319277108434061
speed,3458,0.00850903614457832
speed,3459,0.009487951807228945
speed,3460,-0.0185240963855422
speed,3461,0.007078313253012003
speed,3462,-0.013102409638554191
speed,3463,0.01152108433734933
speed,3464,-0.002936746987951766
speed,3465,-0.0036897590361446575
speed,3466,0.019954819277108404
speed,3467,-0.015587349397590378
speed,3468,-0.0076807228915662384
speed,3469,-0.01046686746987957
speed,3470,0.0015813253012048056
speed,3471,-0.005873493975903588
speed,3472,-0.005421686746988008
speed,3473,-0.010542168674698815
speed,3474,-0.022063253012048145
speed,3475,0.0031626506024096113
speed,3476,0.0
speed,3477,-0.021084337349397575
speed,3478,-0.0005271084337349907
speed,3479,-0.006400602409638467
speed,3480,-0.002409638554216831
speed,3481,0.002033132530120496
speed,3482,0.0016566265060241614
speed,3483,0.0027861445783132766
speed,3484,-0.004141566265060237
speed,3485,0.012048192771084376
speed,3486,-0.015361445783132588
speed,3487,-0.012500000000000011
speed,3488,-0.004593373493975816
speed,3489,0.016415662650602347
speed,3490,0.004442771084337438
speed,3491,-0.01762048192771093
speed,3492,-0.014683734939759052
speed,3493,-0.015286144578313232
speed,3494,0.0031626506024097223
speed,3495,0.0037650602409639022
speed,3496,0.023870481927710907
speed,3497,0.004216867469879482
speed,3498,0.0004518072289156905
speed,3499,0.0127259036144578
speed,3500,0.014533132530120452
speed,3501,-0.002635542168674676
speed,3502,0.008132530120481873
speed,3503,-0.01837349397590371
speed,3504,-0.026355421686746983
speed,3505,-0.009337349397590455
speed,3506,0.02484939759036142
speed,3507,-0.002033132530120496
speed,3508,0.012499999999999956
speed,3509,-7.530120481930025e-05
speed,3510,0.007379518072289204
speed,3511,-0.0025602409638554313
speed,3512,0.002334337349397475
speed,3513,0.02033132530120485
speed,3514,-0.014759036144578352
speed,3515,-0.00045180722891557945
speed,3516,0.007379518072289093
speed,3517,-0.0007530120481927804
speed,3518,-7.530120481918923e-05
speed,3519,-0.016641566265060193
speed,3520,-0.004367469879518138
speed,3521,-0.01099397590361445
speed,3522,0.005045180722891618
speed,3523,0.02989457831325304
speed,3524,0.0011295180722891152
speed,3525,0.0
speed,3526,-0.005271084337349408
speed,3527,-0.016189759036144558
speed,3528,0.0092620481927711
speed,3529,0.023117469879518127
speed,3530,-0.002484939759036131
speed,3531,-0.014156626506024061
speed,3532,-0.024472891566265087
speed,3533,-0.017018072289156583
speed,3534,0.011295180722891596
speed,3535,0.002334337349397475
speed,3536,-0.009262048192771044
speed,3537,-0.010316265060241026
speed,3538,0.00835843373493983
speed,3539,-0.01167168674698793
speed,3540,0.0001506024096386005
speed,3541,-0.0016566265060241059
speed,3542,-0.01114457831325305
speed,3543,0.019201807228915624
speed,3544,0.005948795180722888
speed,3545,0.0015813253012048056
speed,3546,0.0004518072289156905
speed,3547,0.009412650602409589
speed,3548,0.007153614457831359
speed,3549,-0.005722891566265098
speed,3550,-0.009563253012048245
speed,3551,0.010391566265060215
speed,3552,0.017243975903614484
speed,3553,0.00030120481927709
speed,3554,0.004593373493975816
speed,3555,0.014759036144578297
speed,3556,0.008810240963855409
speed,3557,-0.01332831325301198
speed,3558,-0.03200301204819278
speed,3559,0.027936746987951788
speed,3560,-0.003840361445783147
speed,3561,-0.0018825301204819511
speed,3562,-0.007304216867469904
speed,3563,0.0031626506024097223
speed,3564,-0.002635542168674676
speed,3565,-0.01137048192771084
speed,3566,0.001204819277108471
speed,3567,0.002635542168674676
speed,3568,-0.01882530120481929
speed,3569,-0.024924698795180666
speed,3570,0.0007530120481927804
speed,3571,0.0006777108433734247
speed,3572,-0.026355421686746983
speed,3573,-0.008283132530120474
speed,3574,-0.008057228915662684
speed,3575,0.004819277108433773
speed,3576,0.0028614457831325213
speed,3577,-0.011370481927710785
speed,3578,-0.0072289156626506035
speed,3579,-0.024021084337349397
speed,3580,0.013328313253012092
speed,3581,-0.0034638554216867012
speed,3582,0.01016566265060237
speed,3583,-0.005873493975903588
speed,3584,0.0072289156626506035
speed,3585,-0.006777108433734913
speed,3586,0.0009789156626505147
speed,3587,-0.020030120481927705
speed,3588,0.0005271084337349352
speed,3589,-0.012801204819277101
speed,3590,-0.008283132530120474
speed,3591,0.0028614457831325213
speed,3592,-0.005271084337349408
speed,3593,0.010240963855421614
speed,3594,-0.015813253012048167
speed,3595,0.01031626506024097
speed,3596,-0.000903614457831381
speed,3597,-0.01046686746987957
speed,3598,-0.0076807228915662384
speed,3599,-0.016490963855421648
speed,3600,0.020858433734939785
speed,3601,0.005873493975903532
speed,3602,0.01152108433734933
speed,3603,-0.0027861445783132766
speed,3604,-0.0017319277108433506
speed,3605,0.0016566265060241614
speed,3606,-0.01784638554216872
speed,3607,-0.01227409638554211
speed,3608,0.006174698795180733
speed,3609,0.008734939759036164
speed,3610,0.002936746987951766
speed,3611,-0.0073795180722891485
speed,3612,-0.014608433734939752
speed,3613,0.00022590361445784524
speed,3614,-0.0001506024096386005
speed,3615,-0.015436746987951833
speed,3616,-0.013253012048192792
speed,3617,0.016265060240963747
speed,3618,-0.010768072289156605
speed,3619,-0.009111445783132444
speed,3620,-0.0018825301204819511
speed,3621,-0.0039909638554216365
speed,3622,-0.008885542168674654
speed,3623,-0.008207831325301174
speed,3624,0.009111445783132499
speed,3625,-0.0069277108433735135
speed,3626,-0.0014307228915662606
speed,3627,0.016566265060240948
speed,3628,-0.007153614457831303
speed,3629,-0.01099397590361445
speed,3630,-0.027108433734939763
speed,3631,-0.007981927710843328
speed,3632,0.008810240963855409
speed,3633,0.0037650602409639022
speed,3634,-0.012500000000000122
speed,3635,0.015286144578313232
speed,3636,0.00986445783132528
speed,3637,0.01807228915662651
speed,3638,0.000903614457831381
speed,3639,0.021912650602409545
speed,3640,0.0025602409638554313
speed,3641,-0.005496987951807197
speed,3642,-0.0018825301204819511
speed,3643,-0.017018072289156583
speed,3644,-0.006174698795180733
speed,3645,-0.011144578313252995
speed,3646,0.014608433734939696
speed,3647,0.015662650602409567
speed,3648,-0.006024096385542188
speed,3649,0.007153614457831359
speed,3650,-0.008960843373494065
speed,3651,-0.009036144578313254
speed,3652,0.01686746987951815
speed,3653,-0.002259036144578286
speed,3654,0.007454819277108449
speed,3655,0.019051204819277023
speed,3656,-0.004518072289156627
speed,3657,0.00850903614457832
speed,3658,0.008283132530120474
speed,3659,0.019051204819277023
speed,3660,-0.0027108433734939763
speed,3661,0.007153614457831359
speed,3662,-0.015963855421686768
speed,3663,0.013780120481927671
speed,3664,-0.013328313253012092
speed,3665,-0.019879518072289215
speed,3666,-0.004969879518072318
speed,3667,-0.0126506024096385
speed,3668,0.004668674698795172
speed,3669,-0.006852409638554213
speed,3670,0.002936746987951877
speed,3671,0.008283132530120474
speed,3672,-0.002259036144578286
speed,3673,-0.0027861445783132766
speed,3674,-0.017545180722891518
speed,3675,0.022063253012048145
speed,3676,0.010090361445783125
speed,3677,0.003012048192771122
speed,3678,-0.0038403614457830915
speed,3679,-0.01046686746987957
speed,3680,0.0016566265060241614
speed,3681,0.003237951807228856
speed,3682,0.023719879518072307
speed,3683,0.013478915662650692
speed,3684,0.007379518072289093
speed,3685,0.0028614457831325213
speed,3686,0.001506024096385561
speed,3687,0.013102409638554247
speed,3688,-0.004743975903614417
speed,3689,0.0036897590361445465
speed,3690,0.0037650602409639022
speed,3691,-0.006099397590361377
speed,3692,0.0021837349397589856
speed,3693,0.0060240963855421326
speed,3694,0.0031626506024097223
speed,3695,0.024924698795180666
speed,3696,-0.0016566265060241059
speed,3697,0.016189759036144613
speed,3698,0.016265060240963858
speed,3699,0.01362951807228907
speed,3700,-0.01950301204819277
speed,3701,-0.002259036144578286
speed,3702,0.0009789156626506257
speed,3703,0.014382530120481851
speed,3704,0.0009789156626506257
speed,3705,0.004668674698795172
speed,3706,-0.006174698795180733
speed,3707,-0.015512048192771077
speed,3708,-0.0007530120481927804
speed,3709,0.02138554216867472
speed,3710,0.009186746987951855
speed,3711,0.013328313253012092
speed,3712,-0.0005271084337349907
speed,3713,0.007153614457831359
speed,3714,-0.01046686746987957
speed,3715,0.01121987951807224
speed,3716,0.003012048192771122
speed,3717,0.001506024096385561
speed,3718,-0.008659638554216864
speed,3719,0.004066265060240992
speed,3720,-0.0007530120481927804
speed,3721,-0.0025602409638554313
speed,3722,0.00015060240963848948
speed,3723,0.005271084337349352
speed,3724,-0.005195783132530107
speed,3725,0.015135542168674632
speed,3726,-0.003237951807228856
speed,3727,-0.015662650602409622
speed,3728,0.012951807228915646
speed,3729,-0.007304216867469904
speed,3730,-0.012575301204819311
speed,3731,0.010542168674698815
speed,3732,-0.009864457831325335
speed,3733,7.530120481924474e-05
speed,3734,0.004292168674698726
speed,3735,0.009337349397590344
speed,3736,-0.01950301204819277
speed,3737,0.01137048192771073
speed,3738,-0.02003012048192765
speed,3739,0.002033132530120496
speed,3740,0.0006777108433735357
speed,3741,-0.0075301204819276935
speed,3742,-0.0031626506024096668
speed,3743,-0.0036897590361445465
speed,3744,-0.01106927710843375
speed,3745,-0.00120481927710836
speed,3746,-0.000903614457831381
speed,3747,-0.014457831325301262
speed,3748,-0.012951807228915702
speed,3749,0.003539156626506057
speed,3750,-0.014231927710843362
speed,3751,-0.008132530120481873
speed,3752,-0.008283132530120474
speed,3753,0.0063253012048192225
speed,3754,-0.000602409638554291
speed,3755,0.015587349397590433
speed,3756,0.011295180722891596
speed,3757,-0.011897590361445776
speed,3758,0.0009789156626505147
speed,3759,-0.007454819277108393
speed,3760,0.01182228915662642
speed,3761,0.006852409638554158
speed,3762,-0.0001506024096386005
speed,3763,0.0011295180722891152
speed,3764,0.012876506024096401
speed,3765,0.004593373493975816
speed,3766,-0.004141566265060237
speed,3767,-0.0006777108433734802
speed,3768,-0.0042921686746988374
speed,3769,-0.008509036144578375
speed,3770,-0.005271084337349408
speed,3771,-0.012500000000000011
speed,3772,0.0033885542168674565
speed,3773,0.014608433734939696
speed,3774,0.0036897590361445465
speed,3775,-0.001506024096385561
speed,3776,-0.012123493975903565
speed,3777,7.530120481924474e-05
speed,3778,0.0004518072289156905
speed,3779,-0.009262048192771044
speed,3780,0.02153614457831332
speed,3781,-0.0184487951807229
speed,3782,0.005346385542168708
speed,3783,-0.01129518072289154
speed,3784,-0.0005271084337349907
speed,3785,-0.01890060240963848
speed,3786,-0.003539156626506057
speed,3787,0.00865963855421692
speed,3788,-0.000903614457831381
speed,3789,0.00971385542168679
speed,3790,0.0017319277108432951
speed,3791,-0.00022590361445778973
speed,3792,-0.015135542168674632
speed,3793,-0.009337349397590455
speed,3794,0.0127259036144578
speed,3795,-0.007756024096385483
speed,3796,-0.005873493975903588
speed,3797,-0.012500000000000011
speed,3798,-0.013704819277108482
speed,3799,-0.026506024096385583
speed,3800,0.009186746987951855
speed,3801,-0.021009036144578275
speed,3802,0.000301204819277201
speed,3803,-0.010993975903614395
speed,3804,-0.017620481927710818
speed,3805,-0.0072289156626506035
speed,3806,-0.007304216867469904
speed,3807,0.0221385542168675
speed,3808,0.007078313253012003
speed,3809,-0.009638554216867434
speed,3810,-0.015135542168674743
speed,3811,-0.002484939759036131
speed,3812,0.006852409638554158
speed,3813,-0.014608433734939752
speed,3814,-0.006701807228915724
speed,3815,-0.009864457831325335
speed,3816,-0.01069277108433736
speed,3817,-0.005647590361445798
speed,3818,-0.01807228915662651
speed,3819,-0.009487951807229
speed,3820,-0.011144578313252995
speed,3821,-0.02078313253012043
speed,3822,0.013403614457831337
speed,3823,0.010391566265060215
speed,3824,-0.011370481927710785
speed,3825,-0.012198795180722921
speed,3826,-0.003915662650602447
speed,3827,0.010240963855421725
speed,3828,0.014156626506024117
speed,3829,0.005120481927710863
speed,3830,-0.005421686746988008
speed,3831,-0.010918674698795205
speed,3832,-0.0018072289156626509
speed,3833,0.01031626506024097
speed,3834,-0.001506024096385561
speed,3835,-0.0001506024096386005
speed,3836,0.022515060240963836
speed,3837,-0.01859939759036139
speed,3838,-0.0010542168674698704
speed,3839,0.01242469879518071
speed,3840,-0.016340361445783158
speed,3841,-0.021084337349397575
speed,3842,-0.003915662650602447
speed,3843,0.01046686746987946
speed,3844,-0.025075301204819267
speed,3845,-0.01701807228915664
speed,3846,-0.016490963855421648
speed,3847,-0.01762048192771093
speed,3848,0.006551204819277179
speed,3849,-0.025075301204819322
speed,3850,-0.02387048192771085
speed,3851,-0.0034638554216867012
speed,3852,0.011972891566265131
speed,3853,-0.007680722891566294
speed,3854,-0.009412650602409645
speed,3855,0.0010542168674698704
speed,3856,-0.0027108433734939763
speed,3857,-0.010316265060241026
speed,3858,-0.0013554216867469604
speed,3859,-0.006701807228915668
speed,3860,-0.003840361445783147
speed,3861,-0.01874999999999999
speed,3862,0.0036897590361446575
speed,3863,-0.005647590361445798
speed,3864,0.0034638554216868123
speed,3865,0.0019578313253011403
speed,3866,0.007304216867469959
speed,3867,-0.013102409638554191
speed,3868,-0.006701807228915724
speed,3869,-0.006626506024096368
speed,3870,-0.01227409638554211
speed,3871,0.003012048192771122
speed,3872,0.0
speed,3873,0.002334337349397586
speed,3874,-0.01069277108433736
speed,3875,-0.003915662650602447
speed,3876,7.530120481924474e-05
speed,3877,-0.007304216867469848
speed,3878,0.014081325301204872
speed,3879,0.009111445783132499
speed,3880,0.0004518072289156905
speed,3881,0.01197289156626502
speed,3882,-0.002560240963855487
speed,3883,0.006777108433734913
speed,3884,0.006249999999999978
speed,3885,-0.008960843373493954
speed,3886,0.007680722891566294
speed,3887,-0.016039156626506013
speed,3888,-0.0007530120481927804
speed,3889,-0.00030120481927697895
speed,3890,-0.011822289156626531
speed,3891,0.0036897590361445465
speed,3892,0.0005271084337349352
speed,3893,0.004819277108433662
speed,3894,-0.010993975903614561
speed,3895,-0.002786144578313221
speed,3896,0.011445783132530196
speed,3897,0.0072289156626506035
speed,3898,0.007605421686747049
speed,3899,-0.01227409638554211
speed,3900,-0.005045180722891618
speed,3901,-0.008734939759036053
speed,3902,0.004066265060240992
speed,3903,-0.005271084337349408
speed,3904,-0.008132530120481873
speed,3905,0.0031626506024097223
speed,3906,-0.0009789156626505702
speed,3907,0.007078313253012114
speed,3908,-0.009262048192771044
speed,3909,0.024924698795180666
speed,3910,-0.006777108433734913
speed,3911,0.003237951807228856
speed,3912,0.0003765060240963347
speed,3913,-0.005120481927710807
speed,3914,-0.0024096385542168863
speed,3915,-0.02018072289156625
speed,3916,-0.002936746987951877
speed,3917,-0.0028614457831325213
speed,3918,0.010542168674698815
speed,3919,-0.0001506024096386005
speed,3920,-0.015737951807228978
speed,3921,0.0033885542168674565
speed,3922,-0.010391566265060215
speed,3923,-0.017921686746987908
speed,3924,-0.000301204819277201
speed,3925,-0.013177710843373491
speed,3926,-0.012801204819277101
speed,3927,0.008283132530120474
speed,3928,0.0030873493975902555
speed,3929,-0.003237951807228967
speed,3930,-0.000903614457831381
speed,3931,-0.008960843373493954
speed,3932,0.0
speed,3933,0.007304216867469959
speed,3934,-0.0012801204819277712
speed,3935,7.530120481924474e-05
speed,3936,-0.017545180722891518
speed,3937,-0.003915662650602447
speed,3938,0.008810240963855409
speed,3939,-0.02484939759036142
speed,3940,-0.004367469879518027
speed,3941,-0.0073795180722891485
speed,3942,-0.00971385542168679
speed,3943,-0.008734939759036053
speed,3944,-0.0021084337349397964
speed,3945,-0.013930722891566272
speed,3946,0.0012801204819277157
speed,3947,-0.005722891566265098
speed,3948,0.0021837349397590966
speed,3949,-0.011521084337349385
speed,3950,0.005873493975903532
speed,3951,0.016189759036144613
speed,3952,-0.01076807228915666
speed,3953,-0.009713855421686735
speed,3954,-0.009638554216867434
speed,3955,-0.000903614457831381
speed,3956,0.004141566265060237
speed,3957,0.0036144578313253017
speed,3958,-0.002259036144578286
speed,3959,-0.009186746987951744
speed,3960,0.013253012048192736
speed,3961,-0.007605421686746938
speed,3962,-0.0037650602409638467
speed,3963,-0.011521084337349385
speed,3964,-0.025301204819277057
speed,3965,0.005572289156626553
speed,3966,0.0001506024096386005
speed,3967,0.006174698795180733
speed,3968,-0.01099397590361445
speed,3969,0.0025602409638554313
speed,3970,0.012876506024096401
speed,3971,0.009939759036144635
speed,3972,-0.007831325301204894
speed,3973,-0.011370481927710785
speed,3974,-0.0016566265060241059
speed,3975,0.0028614457831326323
speed,3976,-0.012951807228915702
speed,3977,0.0004518072289156905
speed,3978,0.0013554216867469604
speed,3979,-0.007831325301204894
speed,3980,-0.02884036144578317
speed,3981,0.01076807228915655
speed,3982,0.01121987951807224
speed,3983,-0.014759036144578241
speed,3984,-0.024021084337349397
speed,3985,-0.005195783132530163
speed,3986,-0.014307228915662662
speed,3987,0.004668674698795172
speed,3988,0.004894578313253017
speed,3989,0.0037650602409639022
speed,3990,0.011295180722891596
speed,3991,0.010692771084337416
speed,3992,-0.0070783132530120585
speed,3993,0.0001506024096386005
speed,3994,-0.016340361445783158
speed,3995,-0.02454819277108433
speed,3996,0.005798192771084398
speed,3997,-0.01626506024096397
speed,3998,-0.01362951807228907
speed,3999,-0.0012801204819276601
speed,4000,0.0013554216867469604
speed,4001,0.001506024096385561
speed,4002,-0.01204819277108432
speed,4003,-0.0064759036144577675
speed,4004,0.011972891566265131
speed,4005,-0.0023343373493975306
speed,4006,-0.007831325301204783
speed,4007,-0.00022590361445778973
speed,4008,0.0060240963855421326
speed,4009,-0.004216867469879426
speed,4010,-0.021460843373493965
speed,4011,0.011295180722891596
speed,4012,0.009337349397590344
speed,4013,-0.0001506024096386005
speed,4014,-0.0033885542168674565
speed,4015,-0.002936746987951877
speed,4016,0.0015813253012048056
speed,4017,-0.0013554216867469604
speed,4018,0.004593373493975927
speed,4019,-0.005647590361445798
speed,4020,-0.00060240963855418
speed,4021,-0.0015813253012047501
speed,4022,0.024021084337349397
speed,4023,-0.0037650602409638467
speed,4024,-0.016265060240963858
speed,4025,0.016942771084337394
speed,4026,0.028012048192771033
speed,4027,-0.006852409638554158
speed,4028,-0.005572289156626498
speed,4029,0.007078313253012114
speed,4030,-0.006174698795180733
speed,4031,0.00850903614457832
speed,4032,-0.009789156626506035
speed,4033,-0.016340361445783103
speed,4034,0.0075301204819276935
speed,4035,0.006551204819277179
speed,4036,-0.009638554216867434
speed,4037,-0.01927710843373498
speed,4038,-0.01099397590361445
speed,4039,-0.014683734939759052
speed,4040,-0.018147590361445698
speed,4041,0.002409638554216942
speed,4042,0.019126506024096268
speed,4043,-0.0027108433734939763
speed,4044,-0.002108433734939741
speed,4045,-0.0015813253012047501
speed,4046,0.005948795180722888
speed,4047,0.0014307228915662051
speed,4048,-0.011596385542168575
speed,4049,0.016114457831325257
speed,4050,0.01031626506024097
speed,4051,0.019503012048192714
speed,4052,0.009939759036144635
speed,4053,0.012801204819277157
speed,4054,0.003237951807228856
speed,4055,-0.008283132530120474
speed,4056,-0.005120481927710918
speed,4057,-0.0033885542168674565
speed,4058,-0.0010542168674698704
speed,4059,0.00986445783132528
speed,4060,-0.01302710843373489
speed,4061,-0.020707831325301185
speed,4062,0.013177710843373491
speed,4063,-0.009864457831325335
speed,4064,-0.0016566265060241059
speed,4065,-0.01295180722891559
speed,4066,0.01031626506024097
speed,4067,-0.017921686746987908
speed,4068,0.005195783132530218
speed,4069,-0.01890060240963859
speed,4070,-0.005948795180722943
speed,4071,0.0031626506024097223
speed,4072,-0.01099397590361445
speed,4073,0.014006024096385516
speed,4074,-0.01242469879518071
speed,4075,-0.014759036144578352
speed,4076,-0.004141566265060237
speed,4077,-0.024924698795180722
speed,4078,0.0021837349397589856
speed,4079,-0.015361445783132588
speed,4080,0.0069277108433735135
speed,4081,0.00120481927710836
speed,4082,0.012123493975903621
speed,4083,0.0042921686746988374
speed,4084,-0.015436746987951833
speed,4085,0.009412650602409589
speed,4086,-0.027936746987951844
speed,4087,0.0018072289156626509
speed,4088,-0.01099397590361445
speed,4089,-0.03237951807228917
speed,4090,0.004518072289156572
speed,4091,0.01091867469879515
speed,4092,0.008283132530120474
speed,4093,-0.008810240963855465
speed,4094,-0.016641566265060193
speed,4095,-0.01905120481927708
speed,4096,-0.005120481927710807
speed,4097,-0.002861445783132577
speed,4098,-0.011897590361445776
speed,4099,-0.020331325301204795
speed,4100,-0.01167168674698793
speed,4101,0.001204819277108471
speed,4102,-0.0186746987951808
speed,4103,0.012349397590361466
speed,4104,0.009412650602409589
speed,4105,0.007003012048192758
speed,4106,0.013177710843373491
speed,4107,-0.010617469879518004
speed,4108,0.0005271084337349352
speed,4109,0.0069277108433734025
speed,4110,-0.011370481927710785
speed,4111,-0.02055722891566264
speed,4112,0.003237951807228856
speed,4113,0.002635542168674676
speed,4114,-0.008810240963855465
speed,4115,-0.002936746987951877
speed,4116,-0.012801204819277101
speed,4117,-0.0017319277108433506
speed,4118,-0.001506024096385561
speed,4119,0.001204819277108471
speed,4120,0.018749999999999933
speed,4121,-0.011897590361445776
speed,4122,0.004593373493975816
speed,4123,-0.004066265060241048
speed,4124,-0.006174698795180733
speed,4125,0.0030873493975904776
speed,4126,-0.008734939759036053
speed,4127,0.0066265060240963125
speed,4128,-0.005722891566265098
speed,4129,0.0019578313253012514
speed,4130,0.004367469879518082
speed,4131,-0.0183734939759036
speed,4132,-0.023042168674698715
speed,4133,-0.012650602409638612
speed,4134,-0.006475903614457823
speed,4135,0.01046686746987946
speed,4136,-0.009262048192771044
speed,4137,-0.005572289156626553
speed,4138,-0.01807228915662651
speed,4139,0.008885542168674654
speed,4140,0.010542168674698815
speed,4141,0.007981927710843384
speed,4142,0.015888554216867523
speed,4143,-0.004216867469879537
speed,4144,-0.0015813253012048611
speed,4145,0.014156626506024117
speed,4146,-0.010165662650602425
speed,4147,0.013554216867469826
speed,4148,-0.010617469879518115
speed,4149,0.015888554216867412
speed,4150,-0.009939759036144635
speed,4151,7.530120481924474e-05
speed,4152,0.015662650602409567
speed,4153,-0.005798192771084398
speed,4154,0.01777108433734942
speed,4155,-0.011219879518072351
speed,4156,0.0031626506024097223
speed,4157,-0.013478915662650581
speed,4158,-0.0003765060240963902
speed,4159,-0.009939759036144524
speed,4160,0.009638554216867434
speed,4161,-0.014307228915662662
speed,4162,0.004367469879518082
speed,4163,0.0
speed,4164,-0.013102409638554302
speed,4165,-0.01920180722891568
speed,4166,-0.017168674698795128
speed,4167,-7.530120481930025e-05
speed,4168,-0.0073795180722891485
speed,4169,-0.012951807228915702
speed,4170,-0.006701807228915668
speed,4171,-0.0005271084337349907
speed,4172,-0.0033132530120482673
speed,4173,0.010843373493975905
speed,4174,-0.004292168674698726
speed,4175,-0.01920180722891568
speed,4176,0.02319277108433726
speed,4177,0.010542168674698815
speed,4178,-0.015587349397590322
speed,4179,0.006475903614457823
speed,4180,0.009036144578313254
speed,4181,-0.01859939759036139
speed,4182,0.007981927710843273
speed,4183,0.014231927710843362
speed,4184,0.0030873493975903665
speed,4185,-0.03539156626506024
speed,4186,-0.0028614457831325213
speed,4187,-0.01686746987951815
speed,4188,-0.002484939759036131
speed,4189,0.012500000000000067
speed,4190,0.005572289156626442
speed,4191,-0.028162650602409633
speed,4192,-0.023644578313253006
speed,4193,0.006701807228915779
speed,4194,0.0027861445783132766
speed,4195,-0.019126506024096435
speed,4196,-0.015662650602409622
speed,4197,-0.005120481927710807
speed,4198,0.02334337349397586
speed,4199,-0.003237951807228856
speed,4200,0.0066265060240964235
speed,4201,-0.003237951807228856
speed,4202,0.002033132530120496
speed,4203,-0.009412650602409645
speed,4204,0.021159638554216764
speed,4205,-0.0013554216867469604
speed,4206,-0.014006024096385461
speed,4207,-0.020180722891566305
speed,4208,-0.014608433734939752
speed,4209,-0.01174698795180723
speed,4210,-0.009337349397590344
speed,4211,-0.006852409638554158
speed,4212,-0.014006024096385572
speed,4213,0.00865963855421692
speed,4214,-0.01174698795180723
speed,4215,-0.009638554216867434
speed,4216,0.0009789156626506257
speed,4217,0.0034638554216867012
speed,4218,-0.01822289156626511
speed,4219,-0.009262048192771044
speed,4220,-0.003915662650602447
speed,4221,0.002409638554216831
speed,4222,-0.021234939759036175
speed,4223,-0.003539156626506057
speed,4224,-0.014683734939759052
speed,4225,-0.003237951807228856
speed,4226,0.0066265060240963125
speed,4227,-0.012123493975903565
speed,4228,-0.002635542168674676
speed,4229,0.007078313253012114
speed,4230,0.0010542168674699814
speed,4231,-0.01287650602409629
speed,4232,-0.025225903614457812
speed,4233,-0.0127259036144578
speed,4234,0.017545180722891573
speed,4235,0.006400602409638578
speed,4236,-0.0006777108433735357
speed,4237,-0.003840361445783147
speed,4238,-0.005798192771084398
speed,4239,0.014759036144578297
speed,4240,-0.0036897590361445465
speed,4241,-0.002635542168674676
speed,4242,-0.01174698795180723
speed,4243,0.011596385542168686
speed,4244,0.003840361445783036
speed,4245,-0.01912650602409638
speed,4246,-0.008960843373493954
speed,4247,0.014683734939759052
speed,4248,-0.015888554216867468
speed,4249,-0.016942771084337338
speed,4250,-0.005346385542168708
speed,4251,0.004593373493975927
speed,4252,-0.0070783132530120585
speed,4253,0.0036144578313253017
speed,4254,0.00805722891566274
speed,4255,0.0092620481927711
speed,4256,-0.004969879518072318
speed,4257,0.009939759036144524
speed,4258,-0.0311746987951807
speed,4259,0.0033885542168674565
speed,4260,0.001506024096385561
speed,4261,0.022063253012048256
speed,4262,-0.005647590361445798
speed,4263,0.0010542168674698704
speed,4264,-0.0024096385542168863
speed,4265,0.01016566265060237
speed,4266,0.0001506024096386005
speed,4267,0.0004518072289156905
speed,4268,0.012048192771084376
speed,4269,0.005948795180722888
speed,4270,-0.008810240963855465
speed,4271,-0.004292168674698726
speed,4272,0.0008283132530120252
speed,4273,-0.017243975903614428
speed,4274,0.005346385542168708
speed,4275,-0.00045180722891557945
speed,4276,-0.002635542168674676
speed,4277,0.011746987951807286
speed,4278,0.0
speed,4279,-0.013930722891566272
speed,4280,0.012951807228915646
speed,4281,0.013102409638554247
speed,4282,-0.01739457831325303
speed,4283,0.0037650602409639022
speed,4284,0.007153614457831359
speed,4285,-0.008207831325301285
speed,4286,0.02243975903614459
speed,4287,-0.011897590361445776
speed,4288,0.007756024096385539
speed,4289,-0.005948795180722777
speed,4290,0.011746987951807175
speed,4291,0.007756024096385539
speed,4292,0.00820783132530123
speed,4293,0.014759036144578297
speed,4294,-0.000301204819277201
speed,4295,0.0010542168674698704
speed,4296,0.005948795180722999
speed,4297,-0.006174698795180733
speed,4298,-0.021159638554216875
speed,4299,-0.006099397590361377
speed,4300,-0.005195783132530163
speed,4301,-0.01084337349397596
speed,4302,0.005948795180722888
speed,4303,0.008057228915662629
speed,4304,0.004894578313253017
speed,4305,-0.008659638554216864
speed,4306,-0.003237951807228856
speed,4307,-0.005873493975903588
speed,4308,-0.004668674698795228
speed,4309,-0.017545180722891518
speed,4310,-0.005798192771084398
speed,4311,0.021310240963855365
speed,4312,-0.02153614457831321
speed,4313,-0.008057228915662573
speed,4314,-0.012500000000000011
speed,4315,-0.010240963855421725
speed,4316,0.0024849397590360756
speed,4317,-0.013780120481927671
speed,4318,-0.014533132530120452
speed,4319,-0.039683734939759074
speed,4320,-0.002484939759036131
speed,4321,-0.01099397590361445
speed,4322,0.002710843373494032
speed,4323,-0.015135542168674632
speed,4324,-0.017168674698795128
speed,4325,0.016641566265060193
speed,4326,-0.0003765060240963902
speed,4327,-0.015963855421686768
speed,4328,0.007831325301204783
speed,4329,0.015737951807228923
speed,4330,-0.01227409638554211
speed,4331,0.004367469879518082
speed,4332,0.014156626506024117
speed,4333,-0.011219879518072351
speed,4334,0.002334337349397586
speed,4335,0.015662650602409567
speed,4336,-0.0010542168674698704
speed,4337,0.0006777108433734247
speed,4338,-0.0027108433734939763
speed,4339,0.006701807228915668
speed,4340,-0.013554216867469882
speed,4341,-0.02868975903614457
speed,4342,-0.005120481927710807
speed,4343,-0.005346385542168597
speed,4344,-0.02996987951807223
speed,4345,0.002334337349397586
speed,4346,-0.010316265060241026
speed,4347,-0.01882530120481929
speed,4348,-0.005948795180722943
speed,4349,-0.006701807228915724
speed,4350,0.00956325301204819
speed,4351,-0.0125753012048192
speed,4352,0.0069277108433735135
speed,4353,0.005948795180722888
speed,4354,-0.009412650602409645
speed,4355,-0.01859939759036139
speed,4356,-0.0069277108433735135
speed,4357,0.002936746987951766
speed,4358,-0.003840361445783147
speed,4359,-0.009111445783132444
speed,4360,0.00060240963855418
speed,4361,-0.009713855421686735
speed,4362,0.02033132530120485
speed,4363,0.006852409638554269
speed,4364,-0.006325301204819278
speed,4365,-0.004969879518072207
speed,4366,-0.005798192771084398
speed,4367,0.018298192771084354
speed,4368,-0.007981927710843384
speed,4369,-0.009186746987951744
speed,4370,-0.03012048192771083
speed,4371,0.005948795180722888
speed,4372,0.003840361445783147
speed,4373,0.010843373493975905
speed,4374,-0.01137048192771084
speed,4375,0.003915662650602392
speed,4376,-0.01897590361445789
speed,4377,-0.0021084337349397964
speed,4378,0.015436746987951833
speed,4379,-0.015888554216867412
speed,4380,0.012048192771084376
speed,4381,0.009939759036144635
speed,4382,-0.009337349397590233
speed,4383,0.0066265060240964235
speed,4384,-0.014683734939759052
speed,4385,-0.007003012048192758
speed,4386,-0.012198795180722921
speed,4387,-0.02085843373493973
speed,4388,-0.010918674698795205
speed,4389,-0.011144578313252995
speed,4390,-0.009111445783132555
speed,4391,0.0003765060240963347
speed,4392,-0.005346385542168708
speed,4393,0.015135542168674743
speed,4394,0.0028614457831325213
speed,4395,-0.008584337349397564
speed,4396,-0.023719879518072307
speed,4397,0.00805722891566274
speed,4398,-0.01980421686746986
speed,4399,-0.0027861445783132766
speed,4400,-0.015361445783132532
speed,4401,-0.006626506024096368
speed,4402,0.002936746987951766
speed,4403,-0.012123493975903565
speed,4404,-0.027033132530120574
speed,4405,0.023117469879518127
speed,4406,0.02838855421686748
speed,4407,-0.004442771084337438
speed,4408,0.017771084337349308
speed,4409,0.016641566265060304
speed,4410,-0.02515060240963851
speed,4411,-0.0024096385542168863
speed,4412,-0.006777108433734913
speed,4413,0.020256024096385605
speed,4414,-0.0033132530120481563
speed,4415,-0.004066265060240937
speed,4416,-0.004593373493975816
speed,4417,0.004442771084337216
speed,4418,0.01987951807228916
speed,4419,0.0066265060240964235
speed,4420,0.00030120481927709
speed,4421,0.007605421686746938
speed,4422,-0.009262048192771044
speed,4423,-0.0070783132530120585
speed,4424,-0.008734939759036053
speed,4425,0.0060240963855421326
speed,4426,0.005798192771084398
speed,4427,-0.0012801204819277712
speed,4428,0.006249999999999978
speed,4429,-0.004819277108433717
speed,4430,-0.010015060240963825
speed,4431,0.022966867469879526
speed,4432,0.00865963855421692
speed,4433,0.015135542168674632
speed,4434,-0.009939759036144635
speed,4435,0.0027861445783132766
speed,4436,-0.011370481927710785
speed,4437,-0.007153614457831303
speed,4438,-0.005421686746987897
speed,4439,0.0028614457831326323
speed,4440,-0.006174698795180733
speed,4441,-0.017319277108433728
speed,4442,0.005647590361445798
speed,4443,0.015587349397590433
speed,4444,0.007831325301204894
speed,4445,-0.006174698795180733
speed,4446,-0.01671686746987955
speed,4447,-0.011897590361445776
speed,4448,-0.0020331325301204406
speed,4449,-0.00120481927710836
speed,4450,-0.014759036144578352
speed,4451,-0.003539156626506057
speed,4452,-0.009186746987951855
speed,4453,-0.0039909638554216365
speed,4454,-0.003840361445783147
speed,4455,-0.01129518072289154
speed,4456,-0.005647590361445798
speed,4457,0.005195783132530218
speed,4458,-0.0014307228915663162
speed,4459,-0.01129518072289154
speed,4460,-0.0126506024096385
speed,4461,-0.005195783132530107
speed,4462,-0.01159638554216863
speed,4463,-0.0001506024096386005
speed,4464,-0.0033885542168674565
speed,4465,0.0031626506024097223
speed,4466,0.02033132530120485
speed,4467,0.008584337349397564
speed,4468,0.012876506024096512
speed,4469,-0.008810240963855465
speed,4470,-0.022891566265060337
speed,4471,-0.016039156626506013
speed,4472,-0.016340361445783158
speed,4473,-0.010918674698795205
speed,4474,0.005873493975903643
speed,4475,-0.0010542168674698704
speed,4476,-0.013478915662650581
speed,4477,0.007756024096385539
speed,4478,-0.026807228915662673
speed,4479,0.003915662650602392
speed,4480,0.025903614457831292
speed,4481,-0.007454819277108504
speed,4482,0.004367469879518082
speed,4483,-0.007454819277108393
speed,4484,-0.0031626506024096668
speed,4485,0.0001506024096386005
speed,4486,-0.010316265060241026
speed,4487,-0.0003765060240963902
speed,4488,-0.005572289156626553
speed,4489,-0.009713855421686735
speed,4490,0.008734939759036053
speed,4491,-0.005120481927710918
speed,4492,-0.004969879518072207
speed,4493,0.006174698795180733
speed,4494,-0.00060240963855418
speed,4495,0.005120481927710863
speed,4496,-0.010015060240963825
speed,4497,-0.005496987951807197
speed,4498,0.012876506024096401
speed,4499,-0.01859939759036139
speed,4500,-0.03478915662650606
speed,4501,0.004216867469879482
speed,4502,0.0031626506024097223
speed,4503,0.013102409638554247
speed,4504,-0.007831325301204783
speed,4505,0.0027861445783132766
speed,4506,-0.015060240963855442
speed,4507,-0.009111445783132555
speed,4508,0.0008283132530120252
speed,4509,-0.01106927710843375
speed,4510,-0.0012801204819277712
speed,4511,-0.0018072289156626509
speed,4512,0.013403614457831337
speed,4513,0.0031626506024097223
speed,4514,0.001506024096385561
speed,4515,0.0042921686746988374
speed,4516,0.007078313253012114
speed,4517,0.012123493975903621
speed,4518,7.530120481924474e-05
speed,4519,0.015813253012048167
speed,4520,0.015361445783132588
speed,4521,-0.005271084337349408
speed,4522,0.008283132530120474
speed,4523,-0.013554216867469882
speed,4524,0.005496987951807197
speed,4525,0.0024849397590360756
speed,4526,0.0017319277108432951
speed,4527,0.017243975903614484
speed,4528,-0.01829819277108441
speed,4529,-0.014231927710843362
speed,4530,-0.002334337349397586
speed,4531,0.0036144578313253017
speed,4532,0.0030873493975903665
speed,4533,0.009412650602409589
speed,4534,0.0003765060240963347
speed,4535,0.011445783132530196
speed,4536,-0.0023343373493975306
speed,4537,0.016641566265060304
speed,4538,-0.013780120481927671
speed,4539,-0.013177710843373491
speed,4540,-0.01867469879518069
speed,4541,-0.01129518072289154
speed,4542,-0.012123493975903621
speed,4543,0.0001506024096386005
speed,4544,-0.020256024096385605
speed,4545,-0.026129518072289082
speed,4546,-0.009111445783132555
speed,4547,-0.001204819277108471
speed,4548,-0.03230421686746987
speed,4549,0.014608433734939807
speed,4550,-0.007906626506024084
speed,4551,0.004518072289156572
speed,4552,-0.005647590361445798
speed,4553,-0.0008283132530120807
speed,4554,-0.012123493975903565
speed,4555,0.0037650602409639022
speed,4556,0.020858433734939674
speed,4557,-0.014156626506024061
speed,4558,0.007756024096385539
speed,4559,-0.015060240963855442
speed,4560,0.0016566265060240504
speed,4561,-0.008509036144578264
speed,4562,-0.015813253012048167
speed,4563,-0.0007530120481927804
speed,4564,-0.0012801204819277712
speed,4565,0.00790662650602414
speed,4566,-0.0037650602409638467
speed,4567,-0.0036897590361445465
speed,4568,-0.005045180722891618
speed,4569,0.0009789156626505147
speed,4570,-0.005798192771084398
speed,4571,-0.01362951807228907
speed,4572,-0.01129518072289154
speed,4573,-0.008433734939758963
speed,4574,-0.026430722891566172
speed,4575,-0.0186746987951808
speed,4576,-0.006325301204819278
speed,4577,-0.009638554216867434
speed,4578,0.007680722891566294
speed,4579,-0.0006777108433735357
speed,4580,-0.016490963855421648
speed,4581,-0.009789156626506035
speed,4582,-0.007304216867469904
speed,4583,-0.01867469879518069
speed,4584,0.0036897590361446575
speed,4585,-0.006099397590361377
speed,4586,-0.001506024096385561
speed,4587,-0.007981927710843328
speed,4588,-0.005572289156626498
speed,4589,0.006551204819277179
speed,4590,-0.003087349397590311
speed,4591,0.00865963855421692
speed,4592,-0.006099397590361377
speed,4593,-0.008283132530120474
speed,4594,-0.0037650602409638467
speed,4595,-0.008885542168674654
speed,4596,-0.004367469879518027
speed,4597,0.005120481927710863
speed,4598,0.02469879518072282
speed,4599,-0.028162650602409633
speed,4600,-0.006174698795180733
speed,4601,-0.0036897590361445465
speed,4602,-0.03253012048192777
speed,4603,-0.009864457831325335
speed,4604,0.007454819277108449
speed,4605,-0.019728915662650615
speed,4606,0.004518072289156572
speed,4607,-0.013554216867469882
speed,4608,0.018524096385542088
speed,4609,-0.01686746987951815
speed,4610,-0.01039156626506027
speed,4611,-0.0028614457831325213
speed,4612,0.010843373493975905
speed,4613,-0.01807228915662651
speed,4614,-0.001355421686747016
speed,4615,0.018298192771084354
speed,4616,-0.00045180722891557945
speed,4617,0.022966867469879526
speed,4618,0.016114457831325257
speed,4619,-0.009487951807228834
speed,4620,-0.0004518072289156905
speed,4621,-0.005572289156626498
speed,4622,0.0039909638554216365
speed,4623,0.0012801204819277157
speed,4624,-0.010015060240963825
speed,4625,-0.008659638554216864
speed,4626,0.013177710843373491
speed,4627,0.009036144578313254
speed,4628,0.008584337349397453
speed,4629,-0.006852409638554158
speed,4630,-0.008509036144578264
speed,4631,0.009789156626506035
speed,4632,0.004819277108433773
speed,4633,-0.013403614457831281
speed,4634,-0.021084337349397575
speed,4635,-0.000301204819277201
speed,4636,0.01182228915662642
speed,4637,0.003840361445783147
speed,4638,0.01701807228915675
speed,4639,-0.015512048192771077
speed,4640,0.002936746987951766
speed,4641,0.0006777108433735357
speed,4642,0.0013554216867469604
speed,4643,-0.01144578313253014
speed,4644,-0.015361445783132532
speed,4645,-0.010391566265060215
speed,4646,-0.01912650602409638
speed,4647,0.004066265060240992
speed,4648,-0.01242469879518071
speed,4649,0.04231927710843364
speed,4650,-0.009939759036144635
speed,4651,-0.014081325301204872
speed,4652,0.0036144578313253017
speed,4653,-0.01137048192771084
speed,4654,-0.021987951807228956
speed,4655,0.015737951807229034
speed,4656,0.0019578313253011403
speed,4657,-0.0010542168674698704
speed,4658,0.01912650602409649
speed,4659,-0.01227409638554211
speed,4660,0.005496987951807197
speed,4661,0.011445783132530196
speed,4662,0.005271084337349352
speed,4663,-0.009939759036144635
speed,4664,-0.0016566265060241059
speed,4665,0.003915662650602392
speed,4666,-0.0033132530120481563
speed,4667,0.025000000000000022
speed,4668,0.015210843373493987
speed,4669,-0.03207831325301208
speed,4670,0.005346385542168708
speed,4671,-0.011897590361445776
speed,4672,0.0018072289156626509
speed,4673,0.006099397590361488
speed,4674,-0.0073795180722891485
speed,4675,0.005120481927710863
speed,4676,0.004969879518072262
speed,4677,-0.00060240963855418
speed,4678,-0.030195783132530074
speed,4679,-0.008207831325301285
speed,4680,-0.006024096385542188
speed,4681,-0.009789156626506035
speed,4682,-0.014457831325301262
speed,4683,-0.002936746987951766
speed,4684,-0.0009789156626505702
speed,4685,-0.0063253012048193336
speed,4686,-0.002409638554216831
speed,4687,0.004442771084337327
speed,4688,0.004442771084337327
speed,4689,-0.01069277108433736
speed,4690,-0.002259036144578286
speed,4691,0.005045180722891618
speed,4692,-0.0005271084337349907
speed,4693,0.0039909638554216365
speed,4694,-0.015210843373493932
speed,4695,0.009412650602409589
speed,4696,0.0022590361445783413
speed,4697,-0.0033885542168674565
speed,4698,0.003539156626506057
speed,4699,-0.0064759036144577675
speed,4700,-0.01024096385542178
speed,4701,-0.0030873493975904776
speed,4702,0.000301204819277201
speed,4703,0.0001506024096386005
speed,4704,0.0016566265060241614
speed,4705,0.0001506024096386005
speed,4706,-0.015436746987951833
speed,4707,0.015060240963855387
speed,4708,-0.006024096385542188
speed,4709,-0.007153614457831303
speed,4710,0.003539156626506057
speed,4711,0.007756024096385539
speed,4712,-0.0063253012048193336
speed,4713,-0.021234939759036175
speed,4714,0.01716867469879524
speed,4715,-0.0036897590361445465
speed,4716,0.031927710843373425
speed,4717,-0.004518072289156627
speed,4718,-0.014608433734939752
speed,4719,-0.007680722891566294
speed,4720,0.0010542168674698704
speed,4721,0.0009789156626505147
speed,4722,-0.001957831325301196
speed,4723,0.0031626506024097223
speed,4724,0.003012048192771122
speed,4725,-0.006852409638554213
speed,4726,0.006475903614457823
speed,4727,-0.0023343373493975306
speed,4728,-0.009111445783132555
speed,4729,-0.01739457831325303
speed,4730,0.011295180722891596
speed,4731,0.00022590361445784524
speed,4732,0.017846385542168663
speed,4733,0.018750000000000044
speed,4734,-0.01129518072289154
speed,4735,-0.0028614457831325213
speed,4736,0.003915662650602392
speed,4737,0.0006777108433735357
speed,4738,-0.0019578313253011403
speed,4739,0.0066265060240963125
speed,4740,0.0018825301204818956
speed,4741,-0.009563253012048245
speed,4742,-0.009036144578313254
speed,4743,-0.0005271084337349907
speed,4744,0.007003012048192758
speed,4745,-0.026807228915662562
speed,4746,-0.002259036144578286
speed,4747,-0.018524096385542088
speed,4748,-0.0014307228915663162
speed,4749,-0.006852409638554213
speed,4750,-0.0028614457831325213
speed,4751,-0.0014307228915663162
speed,4752,0.0003765060240963347
speed,4753,0.011897590361445776
speed,4754,-0.014608433734939752
speed,4755,0.0010542168674699814
speed,4756,-0.013478915662650581
speed,4757,-0.0127259036144578
speed,4758,-0.015888554216867412
speed,4759,-0.0036144578313252462
speed,4760,-0.01882530120481929
speed,4761,0.005948795180722888
speed,4762,0.005195783132530107
speed,4763,-0.0005271084337349907
speed,4764,-0.015737951807228923
speed,4765,-0.004442771084337438
speed,4766,0.003840361445783036
speed,4767,-0.011219879518072351
speed,4768,0.002108433734939852
speed,4769,-0.0017319277108433506
speed,4770,-0.004442771084337438
speed,4771,-0.006024096385542188
speed,4772,0.000903614457831381
speed,4773,0.00030120481927709
speed,4774,-7.530120481930025e-05
speed,4775,0.004367469879518082
speed,4776,0.005572289156626442
speed,4777,0.00835843373493983
speed,4778,-0.002635542168674676
speed,4779,-0.0033885542168674565
speed,4780,-0.004969879518072318
speed,4781,-0.014231927710843417
speed,4782,-0.005798192771084287
speed,4783,0.0019578313253012514
speed,4784,0.004066265060240992
speed,4785,-0.020256024096385605
speed,4786,-0.002334337349397697
speed,4787,-0.008057228915662684
speed,4788,0.004819277108433773
speed,4789,-0.003539156626506057
speed,4790,-0.0007530120481927804
speed,4791,0.009638554216867545
speed,4792,0.01242469879518071
speed,4793,-0.023719879518072307
speed,4794,0.0012801204819277157
speed,4795,0.006551204819277179
speed,4796,-0.0061746987951806775
speed,4797,0.0010542168674698704
speed,4798,-0.0075301204819276935
speed,4799,0.01197289156626502
speed,4800,0.015662650602409567
speed,4801,0.0009789156626505147
speed,4802,-0.01822289156626511
speed,4803,-0.008509036144578264
speed,4804,0.004367469879518082
speed,4805,-0.01069277108433736
speed,4806,0.00030120481927709
speed,4807,0.0007530120481927804
speed,4808,0.005798192771084398
speed,4809,0.008132530120481873
speed,4810,0.007078313253011892
speed,4811,-0.006701807228915668
speed,4812,-0.0024849397590361866
speed,4813,-0.011069277108433695
speed,4814,-0.023493975903614517
speed,4815,-0.0024849397590361866
speed,4816,-0.009939759036144635
speed,4817,0.013177710843373491
speed,4818,-0.007078313253012114
speed,4819,-0.0031626506024096113
speed,4820,0.009412650602409589
speed,4821,-0.001204819277108471
speed,4822,0.013403614457831337
speed,4823,-0.002710843373493921
speed,4824,0.014909638554216786
speed,4825,-0.006852409638554213
speed,4826,-0.01822289156626511
speed,4827,-0.03207831325301197
speed,4828,-0.0033885542168674565
speed,4829,0.01867469879518069
speed,4830,-0.006400602409638578
speed,4831,-0.008207831325301174
speed,4832,-0.021234939759036175
speed,4833,0.0060240963855421326
speed,4834,-0.011219879518072295
speed,4835,-7.530120481918923e-05
speed,4836,-0.014533132530120452
speed,4837,0.0092620481927711
speed,4838,0.010240963855421725
speed,4839,-0.009036144578313254
speed,4840,0.007454819277108449
speed,4841,0.0015813253012048056
speed,4842,-0.004518072289156627
speed,4843,-0.0039909638554217475
speed,4844,-0.0036144578313252462
speed,4845,-0.017243975903614428
speed,4846,-0.008433734939758963
speed,4847,-0.002108433734939741
speed,4848,-0.001957831325301196
speed,4849,0.012876506024096401
speed,4850,0.0069277108433735135
speed,4851,0.009111445783132499
speed,4852,-0.0003765060240963902
speed,4853,-0.005722891566265098
speed,4854,-0.005647590361445798
speed,4855,-0.026807228915662673
speed,4856,0.006701807228915668
speed,4857,0.0036144578313253017
speed,4858,0.001506024096385561
speed,4859,-0.0017319277108433506
speed,4860,0.012048192771084376
speed,4861,0.0015813253012048056
speed,4862,0.007003012048192758
speed,4863,0.01076807228915655
speed,4864,-0.0018825301204819511
speed,4865,0.0008283132530120252
speed,4866,0.002108433734939741
speed,4867,0.009939759036144635
speed,4868,0.024171686746987886
speed,4869,-0.0004518072289156905
speed,4870,-0.0001506024096386005
speed,4871,0.015662650602409567
speed,4872,-0.0005271084337348797
speed,4873,-0.005572289156626498
speed,4874,-0.009563253012048245
speed,4875,0.00045180722891557945
speed,4876,0.017018072289156527
speed,4877,-0.0009789156626505702
speed,4878,0.015662650602409678
speed,4879,0.005120481927710863
speed,4880,-0.002710843373493921
speed,4881,-0.007153614457831303
speed,4882,0.005948795180722888
speed,4883,0.00060240963855418
speed,4884,-0.007981927710843328
speed,4885,0.009111445783132499
speed,4886,0.016566265060240948
speed,4887,-0.0038403614457830915
speed,4888,0.01212349397590351
speed,4889,0.005798192771084398
speed,4890,-0.008885542168674654
speed,4891,0.012801204819277157
speed,4892,-0.009638554216867434
speed,4893,-0.00022590361445778973
speed,4894,-0.011144578313252995
speed,4895,-0.008659638554216864
speed,4896,-0.021385542168674665
speed,4897,-0.0009789156626506812
speed,4898,-0.002033132530120496
speed,4899,-0.005271084337349408
speed,4900,-0.008810240963855465
speed,4901,-0.011822289156626531
speed,4902,0.002409638554216942
speed,4903,-0.002710843373493921
speed,4904,-0.02838855421686748
speed,4905,0.012650602409638556
speed,4906,-0.020707831325301185
speed,4907,-0.014683734939759052
speed,4908,0.0019578313253011403
speed,4909,-0.0034638554216867012
speed,4910,0.0017319277108432951
speed,4911,-0.006701807228915668
speed,4912,0.007078313253012003
speed,4913,0.01076807228915655
speed,4914,0.01091867469879515
speed,4915,0.01212349397590351
speed,4916,0.000903614457831381
speed,4917,0.016942771084337394
speed,4918,-0.015737951807228923
speed,4919,-0.009337349397590455
speed,4920,0.004668674698795172
speed,4921,0.014081325301204872
speed,4922,-0.0030873493975904776
speed,4923,-0.007304216867469904
speed,4924,0.033283132530120496
speed,4925,-0.013328313253012092
speed,4926,-0.006777108433734913
speed,4927,0.004216867469879482
speed,4928,-0.001355421686747016
speed,4929,0.0007530120481927804
speed,4930,-0.0027108433734939763
speed,4931,-0.019126506024096435
speed,4932,0.011746987951807175
speed,4933,0.012048192771084376
speed,4934,0.008734939759036164
speed,4935,0.016490963855421703
speed,4936,-0.01242469879518071
speed,4937,-0.0073795180722891485
speed,4938,0.01046686746987946
speed,4939,-0.001506024096385561
speed,4940,-0.014006024096385572
speed,4941,-0.013554216867469882
speed,4942,-0.011144578313252995
speed,4943,-0.008734939759036053
speed,4944,-0.023192771084337316
speed,4945,-0.014156626506024172
speed,4946,-0.006777108433734913
speed,4947,-0.022816265060240926
speed,4948,-0.0018825301204819511
speed,4949,0.0034638554216868123
speed,4950,0.01912650602409638
speed,4951,-0.008207831325301174
speed,4952,-0.009487951807228834
speed,4953,0.006777108433734913
speed,4954,-0.012801204819277101
speed,4955,-0.0037650602409638467
speed,4956,0.015210843373493987
speed,4957,-0.01965361445783137
speed,4958,-0.0006777108433734802
speed,4959,0.007756024096385539
speed,4960,-0.010918674698795205
speed,4961,-0.004518072289156627
speed,4962,0.007153614457831359
speed,4963,0.0025602409638555423
speed,4964,-0.007304216867469848
speed,4965,-0.0014307228915662606
speed,4966,0.0039909638554216365
speed,4967,-0.008358433734939663
speed,4968,0.002033132530120496
speed,4969,0.0001506024096386005
speed,4970,0.00805722891566274
speed,4971,0.019804216867469804
speed,4972,0.005120481927710863
speed,4973,-0.022138554216867556
speed,4974,-0.005572289156626498
speed,4975,-0.007605421686746994
speed,4976,0.002108433734939852
speed,4977,0.014834337349397653
speed,4978,0.00805722891566274
speed,4979,-0.0070783132530120585
speed,4980,-0.007831325301204783
speed,4981,-0.0073795180722891485
speed,4982,-0.005948795180722943
speed,4983,0.008584337349397675
speed,4984,-0.010993975903614395
speed,4985,0.01016566265060237
speed,4986,-0.008810240963855354
speed,4987,-0.010391566265060215
speed,4988,0.007304216867469959
speed,4989,-0.010466867469879515
speed,4990,-0.010993975903614395
speed,4991,0.0030873493975903665
speed,4992,-0.003087349397590311
speed,4993,0.00030120481927709
speed,4994,-0.009262048192771044
speed,4995,0.0022590361445783413
speed,4996,-0.01686746987951815
speed,4997,-0.009412650602409645
speed,4998,-0.008885542168674654
speed,4999,0.0072289156626506035
acceleration,0,-0.017771084337349308
acceleration,1,-0.0042921686746988374
acceleration,2,-0.015436746987951833
acceleration,3,-0.015587349397590378
acceleration,4,-0.007605421686746938
acceleration,5,0.016265060240963858
acceleration,6,-0.005572289156626553
acceleration,7,0.006551204819277068
acceleration,8,0.004969879518072262
acceleration,9,0.0127259036144578
acceleration,10,-0.005195783132530107
acceleration,11,0.008584337349397675
acceleration,12,-0.003237951807228856
acceleration,13,0.012499999999999956
acceleration,14,-0.010542168674698815
acceleration,15,0.010090361445783236
acceleration,16,0.012951807228915646
acceleration,17,-0.00030120481927709
acceleration,18,0.009186746987951855
acceleration,19,-0.007831325301204783
acceleration,20,-0.01746987951807233
acceleration,21,-0.007906626506024084
acceleration,22,-0.005873493975903588
acceleration,23,0.0034638554216868123
acceleration,24,0.0017319277108434061
acceleration,25,-0.006777108433734913
acceleration,26,0.015135542168674743
acceleration,27,-0.013328313253012092
acceleration,28,0.01137048192771073
acceleration,29,-0.015060240963855442
acceleration,30,0.009412650602409589
acceleration,31,0.0019578313253012514
acceleration,32,0.0005271084337349352
acceleration,33,0.007831325301204783
acceleration,34,0.03870481927710845
acceleration,35,0.010993975903614506
acceleration,36,0.009638554216867434
acceleration,37,-0.005120481927710807
acceleration,38,-0.023192771084337316
acceleration,39,0.009111445783132499
acceleration,40,0.005421686746987953
acceleration,41,-0.007605421686746994
acceleration,42,-0.007756024096385483
acceleration,43,-0.009186746987951744
acceleration,44,-0.008584337349397675
acceleration,45,0.01046686746987946
acceleration,46,-0.0070783132530120585
acceleration,47,0.0060240963855421326
acceleration,48,-0.003237951807228856
acceleration,49,-0.006475903614457823
acceleration,50,0.01242469879518071
acceleration,51,0.003012048192771122
acceleration,52,-0.007003012048192758
acceleration,53,-0.00060240963855418
acceleration,54,0.0006777108433734247
acceleration,55,-0.0072289156626506035
acceleration,56,0.005496987951807197
acceleration,57,-0.007153614457831303
acceleration,58,0.0045933734939760384
acceleration,59,-0.0018825301204819511
acceleration,60,0.024774096385542177
acceleration,61,0.0001506024096386005
acceleration,62,-0.0031626506024096113
acceleration,63,0.0037650602409639022
acceleration,64,0.00850903614457832
acceleration,65,0.01137048192771084
acceleration,66,0.0037650602409639022
acceleration,67,-0.00971385542168679
acceleration,68,0.004743975903614417
acceleration,69,0.01016566265060237
acceleration,70,-0.0022590361445782303
acceleration,71,0.014307228915662606
acceleration,72,0.007831325301204783
acceleration,73,0.0042921686746988374
acceleration,74,0.012650602409638556
acceleration,75,0.00805722891566274
acceleration,76,-0.008509036144578264
acceleration,77,0.0066265060240963125
acceleration,78,-0.006024096385542188
acceleration,79,0.0012801204819277157
acceleration,80,-0.01905120481927708
acceleration,81,-0.010090361445783125
acceleration,82,0.018147590361445753
acceleration,83,0.009713855421686679
acceleration,84,0.002033132530120496
acceleration,85,-0.007003012048192814
acceleration,86,0.0016566265060241614
acceleration,87,-0.0006777108433735357
acceleration,88,-0.0069277108433735135
acceleration,89,-0.006174698795180733
acceleration,90,-0.0069277108433735135
acceleration,91,0.009638554216867434
acceleration,92,-0.017018072289156583
acceleration,93,0.00986445783132528
acceleration,94,0.005948795180722999
acceleration,95,-0.007153614457831303
acceleration,96,-0.009939759036144635
acceleration,97,0.013102409638554247
acceleration,98,-0.003237951807228856
acceleration,99,0.011295180722891596
acceleration,100,0.007680722891566294
acceleration,101,-0.009186746987951855
acceleration,102,0.0019578313253012514
acceleration,103,-0.021611445783132566
acceleration,104,0.007304216867469959
acceleration,105,0.012048192771084376
acceleration,106,-0.007981927710843384
acceleration,107,0.014081325301204761
acceleration,108,-0.01106927710843375
acceleration,109,0.002409638554216942
acceleration,110,0.0037650602409639022
acceleration,111,0.00896084337349401
acceleration,112,0.022213855421686746
acceleration,113,-0.02115963855421682
acceleration,114,-0.007831325301204894
acceleration,115,-0.0030120481927710663
acceleration,116,0.020256024096385605
acceleration,117,0.003840361445783147
acceleration,118,-0.015737951807228923
acceleration,119,-0.0001506024096386005
acceleration,120,0.004969879518072262
acceleration,121,-0.006551204819277123
acceleration,122,0.0007530120481927804
acceleration,123,0.005195783132530218
acceleration,124,0.00022590361445784524
acceleration,125,-0.004894578313253017
acceleration,126,0.0066265060240963125
acceleration,127,-0.01204819277108432
acceleration,128,-0.005195783132530163
acceleration,129,0.004819277108433773
acceleration,130,-0.01069277108433736
acceleration,131,-0.005271084337349408
acceleration,132,0.01777108433734942
acceleration,133,0.0018825301204818956
acceleration,134,0.008433734939759074
acceleration,135,-0.0036897590361445465
acceleration,136,0.004593373493975927
acceleration,137,-0.005271084337349408
acceleration,138,0.0042921686746988374
acceleration,139,-0.005722891566264987
acceleration,140,0.002409638554216942
acceleration,141,-0.001957831325301196
acceleration,142,0.005120481927710863
acceleration,143,0.023268072289156727
acceleration,144,-0.006927710843373458
acceleration,145,-0.0027108433734939763
acceleration,146,0.00805722891566274
acceleration,147,0.014909638554216786
acceleration,148,0.002409638554216831
acceleration,149,0.0004518072289156905
acceleration,150,-0.022590361445783136
acceleration,151,0.0016566265060240504
acceleration,152,0.0072289156626504925
acceleration,153,-0.015060240963855442
acceleration,154,0.008584337349397564
acceleration,155,-0.015436746987951833
acceleration,156,0.004367469879518082
acceleration,157,-0.01777108433734942
acceleration,158,0.008283132530120474
acceleration,159,0.01302710843373489
acceleration,160,-0.005346385542168597
acceleration,161,-0.009186746987951855
acceleration,162,0.008885542168674654
acceleration,163,-0.005873493975903643
acceleration,164,7.530120481924474e-05
acceleration,165,-0.008734939759036164
acceleration,166,-0.0025602409638554313
acceleration,167,0.025602409638554202
acceleration,168,0.007304216867469848
acceleration,169,-0.011219879518072351
acceleration,170,0.017018072289156527
acceleration,171,0.02168674698795181
acceleration,172,0.030421686746987975
acceleration,173,0.03260542168674696
acceleration,174,0.004141566265060237
acceleration,175,0.014081325301204872
acceleration,176,-0.00030120481927709
acceleration,177,-0.0075301204819276935
acceleration,178,-0.008810240963855465
acceleration,179,-0.0013554216867469604
acceleration,180,-0.014984939759036142
acceleration,181,0.025828313253012047
acceleration,182,0.009412650602409589
acceleration,183,0.00030120481927709
acceleration,184,7.530120481924474e-05
acceleration,185,-0.0025602409638554313
acceleration,186,-0.03087349397590361
acceleration,187,0.0019578313253012514
acceleration,188,-0.005873493975903588
acceleration,189,0.0018072289156626509
acceleration,190,0.004442771084337438
acceleration,191,0.02484939759036142
acceleration,192,0.004894578313253017
acceleration,193,-0.0063253012048193336
acceleration,194,0.003539156626505946
acceleration,195,-0.01905120481927708
acceleration,196,-0.012876506024096401
acceleration,197,0.008433734939759074
acceleration,198,-0.004593373493975927
acceleration,199,0.011897590361445776
acceleration,200,0.002334337349397586
acceleration,201,0.000301204819277201
acceleration,202,-0.006024096385542188
acceleration,203,-0.002259036144578286
acceleration,204,0.002635542168674676
acceleration,205,-0.002635542168674676
acceleration,206,-0.004969879518072318
acceleration,207,-0.007304216867469904
acceleration,208,0.009186746987951855
acceleration,209,0.02093373493975903
acceleration,210,0.021159638554216764
acceleration,211,0.002635542168674676
acceleration,212,0.0015813253012048056
acceleration,213,0.01837349397590371
acceleration,214,-0.0030873493975903665
acceleration,215,0.004819277108433773
acceleration,216,0.004216867469879482
acceleration,217,0.0025602409638554313
acceleration,218,-0.0006777108433735357
acceleration,219,-0.003237951807228856
acceleration,220,-0.003840361445783147
acceleration,221,0.007454819277108449
acceleration,222,-0.01701807228915664
acceleration,223,-0.028087349397590333
acceleration,224,0.002710843373494032
acceleration,225,-0.01777108433734942
acceleration,226,0.00850903614457832
acceleration,227,-0.002936746987951766
acceleration,228,-0.013253012048192792
acceleration,229,0.02409638554216864
acceleration,230,-0.006701807228915668
acceleration,231,-0.008433734939759074
acceleration,232,0.006475903614457823
acceleration,233,-0.0075301204819276935
acceleration,234,0.0030873493975903665
acceleration,235,-0.006777108433734913
acceleration,236,-0.002183734939759041
acceleration,237,0.011445783132530196
acceleration,238,-0.013328313253012092
acceleration,239,0.01302710843373489
acceleration,240,-0.028237951807228934
acceleration,241,-0.008132530120481873
acceleration,242,0.005120481927710863
acceleration,243,0.003237951807228856
acceleration,244,-0.01799698795180721
acceleration,245,0.0017319277108432951
acceleration,246,0.005346385542168708
acceleration,247,-0.0042921686746988374
acceleration,248,0.004819277108433773
acceleration,249,0.01076807228915666
acceleration,250,-0.024623493975903632
acceleration,251,-0.006024096385542188
acceleration,252,0.012650602409638556
acceleration,253,-0.002635542168674676
acceleration,254,0.002033132530120496
acceleration,255,-0.01129518072289154
acceleration,256,-0.0070783132530120585
acceleration,257,-0.010165662650602425
acceleration,258,0.004141566265060237
acceleration,259,0.005421686746987953
acceleration,260,-0.008358433734939663
acceleration,261,0.016039156626506013
acceleration,262,-0.014231927710843362
acceleration,263,0.005421686746987953
acceleration,264,0.003539156626506057
acceleration,265,0.006777108433734913
acceleration,266,0.0021837349397590966
acceleration,267,0.005346385542168708
acceleration,268,-0.007605421686746938
acceleration,269,-0.010165662650602425
acceleration,270,-0.003237951807228856
acceleration,271,0.005271084337349352
acceleration,272,-0.0014307228915662606
acceleration,273,0.03019578313253013
acceleration,274,-0.008358433734939774
acceleration,275,0.0036144578313253017
acceleration,276,0.005647590361445798
acceleration,277,0.0010542168674698704
acceleration,278,0.004292168674698726
acceleration,279,0.013554216867469826
acceleration,280,0.0027861445783132766
acceleration,281,-0.0034638554216867012
acceleration,282,0.005346385542168708
acceleration,283,0.01046686746987957
acceleration,284,-0.005195783132530107
acceleration,285,0.0025602409638555423
acceleration,286,0.005798192771084398
acceleration,287,-0.007981927710843384
acceleration,288,0.013403614457831337
acceleration,289,-0.005496987951807197
acceleration,290,-0.028915662650602414
acceleration,291,0.001506024096385672
acceleration,292,0.008810240963855409
acceleration,293,0.03290662650602416
acceleration,294,-0.0020331325301204406
acceleration,295,0.005045180722891618
acceleration,296,0.004066265060240881
acceleration,297,-0.002936746987951766
acceleration,298,0.00060240963855418
acceleration,299,-0.007304216867469904
acceleration,300,-0.00060240963855418
acceleration,301,0.0186746987951808
acceleration,302,-0.00022590361445778973
acceleration,303,0.004668674698795172
acceleration,304,-0.009337349397590455
acceleration,305,-0.002259036144578286
acceleration,306,0.005798192771084287
acceleration,307,-0.01814759036144581
acceleration,308,-0.008584337349397564
acceleration,309,-0.014984939759036198
acceleration,310,0.007605421686747049
acceleration,311,-0.0024096385542168863
acceleration,312,-0.013780120481927671
acceleration,313,0.005572289156626442
acceleration,314,-0.028689759036144513
acceleration,315,-0.015662650602409622
acceleration,316,0.000903614457831381
acceleration,317,0.009337349397590344
acceleration,318,0.03539156626506024
acceleration,319,-0.017243975903614428
acceleration,320,0.0005271084337349352
acceleration,321,0.0017319277108432951
acceleration,322,0.012500000000000067
acceleration,323,-0.008132530120481873
acceleration,324,0.0006777108433734247
acceleration,325,-0.002334337349397586
acceleration,326,-0.0075301204819276935
acceleration,327,0.0007530120481927804
acceleration,328,0.005873493975903532
acceleration,329,0.00820783132530123
acceleration,330,-0.007379518072289204
acceleration,331,-0.0007530120481927804
acceleration,332,0.02063253012048194
acceleration,333,-0.005045180722891618
acceleration,334,0.002710843373494032
acceleration,335,-0.004518072289156627
acceleration,336,-0.008057228915662684
acceleration,337,0.003539156626506057
acceleration,338,-0.014834337349397597
acceleration,339,-0.009262048192771044
acceleration,340,0.013403614457831337
acceleration,341,0.010015060240963769
acceleration,342,-0.0185993975903615
acceleration,343,-0.01174698795180723
acceleration,344,-0.01099397590361445
acceleration,345,-0.0030120481927710663
acceleration,346,0.005647590361445798
acceleration,347,-0.00022590361445778973
acceleration,348,-0.009262048192771155
acceleration,349,0.0013554216867470714
acceleration,350,0.011144578313252995
acceleration,351,0.015210843373493987
acceleration,352,0.013177710843373491
acceleration,353,-0.00060240963855418
acceleration,354,0.011295180722891596
acceleration,355,-7.530120481930025e-05
acceleration,356,0.006852409638554158
acceleration,357,-0.010391566265060215
acceleration,358,-0.0024096385542168863
acceleration,359,0.003237951807228856
acceleration,360,0.005271084337349352
acceleration,361,0.005421686746987953
acceleration,362,0.01031626506024097
acceleration,363,-0.01724397590361454
acceleration,364,0.017243975903614484
acceleration,365,0.013780120481927671
acceleration,366,-0.003539156626506057
acceleration,367,-0.021837349397590355
acceleration,368,-0.004066265060241048
acceleration,369,-0.01799698795180732
acceleration,370,-0.0072289156626506035
acceleration,371,-0.000602409638554291
acceleration,372,-0.016716867469879493
acceleration,373,-0.011521084337349441
acceleration,374,0.002108433734939741
acceleration,375,-0.015361445783132532
acceleration,376,-0.007228915662650548
acceleration,377,0.005873493975903532
acceleration,378,-0.01167168674698793
acceleration,379,0.0033885542168674565
acceleration,380,-0.0033885542168674565
acceleration,381,0.007304216867469959
acceleration,382,-0.01001506024096388
acceleration,383,-0.020933734939758974
acceleration,384,0.0092620481927711
acceleration,385,-0.01227409638554211
acceleration,386,0.00060240963855418
acceleration,387,-0.004216867469879537
acceleration,388,0.0033132530120482118
acceleration,389,0.006174698795180733
acceleration,390,-0.00971385542168679
acceleration,391,-0.009337349397590455
acceleration,392,0.00835843373493983
acceleration,393,0.0033885542168674565
acceleration,394,-0.01242469879518071
acceleration,395,-0.005948795180722943
acceleration,396,0.022213855421686746
acceleration,397,-0.011219879518072295
acceleration,398,-0.0016566265060241059
acceleration,399,-0.008207831325301285
acceleration,400,-0.015060240963855442
acceleration,401,-0.023493975903614517
acceleration,402,-0.006024096385542188
acceleration,403,-0.0072289156626506035
acceleration,404,0.017996987951807264
acceleration,405,-0.015060240963855442
acceleration,406,0.012876506024096401
acceleration,407,-0.006249999999999978
acceleration,408,-0.016039156626506013
acceleration,409,-0.000903614457831381
acceleration,410,0.000903614457831381
acceleration,411,-0.019352409638554224
acceleration,412,0.0030873493975902555
acceleration,413,-0.0003765060240963902
acceleration,414,-0.004668674698795228
acceleration,415,-0.0031626506024096668
acceleration,416,-0.011144578313252995
acceleration,417,0.02048192771084345
acceleration,418,0.006099397590361488
acceleration,419,0.023870481927710907
acceleration,420,0.026957831325301163
acceleration,421,-0.013704819277108482
acceleration,422,0.0007530120481927804
acceleration,423,0.027183734939759008
acceleration,424,0.0019578313253012514
acceleration,425,0.0034638554216867012
acceleration,426,0.0036144578313253017
acceleration,427,0.002635542168674676
acceleration,428,-0.008433734939758963
acceleration,429,0.012951807228915646
acceleration,430,0.0072289156626506035
acceleration,431,-0.01084337349397596
acceleration,432,-0.009563253012048245
acceleration,433,0.004141566265060237
acceleration,434,-0.024472891566265087
acceleration,435,0.015963855421686768
acceleration,436,0.0003765060240963347
acceleration,437,-0.0069277108433735135
acceleration,438,0.015436746987951833
acceleration,439,0.018524096385542088
acceleration,440,0.004367469879518082
acceleration,441,0.004969879518072262
acceleration,442,0.004593373493975927
acceleration,443,0.0001506024096386005
acceleration,444,-0.0184487951807229
acceleration,445,0.004969879518072262
acceleration,446,0.00986445783132528
acceleration,447,-0.004216867469879537
acceleration,448,0.01912650602409638
acceleration,449,0.0016566265060240504
acceleration,450,0.01822289156626511
acceleration,451,0.016792168674698793
acceleration,452,0.004969879518072262
acceleration,453,-0.005722891566264987
acceleration,454,0.016415662650602347
acceleration,455,0.025225903614457867
acceleration,456,-0.009487951807228945
acceleration,457,-0.005271084337349408
acceleration,458,-0.007680722891566294
acceleration,459,0.02153614457831332
acceleration,460,-0.001204819277108471
acceleration,461,7.530120481924474e-05
acceleration,462,-0.014081325301204872
acceleration,463,0.02003012048192765
acceleration,464,0.015587349397590322
acceleration,465,0.010843373493976016
acceleration,466,-0.012951807228915702
acceleration,467,-0.023493975903614406
acceleration,468,-0.01882530120481929
acceleration,469,0.009789156626506035
acceleration,470,-0.008734939759036053
acceleration,471,0.0034638554216868123
acceleration,472,0.006777108433734913
acceleration,473,0.012499999999999956
acceleration,474,0.0034638554216867012
acceleration,475,7.530120481924474e-05
acceleration,476,0.011596385542168797
acceleration,477,-0.006024096385542188
acceleration,478,0.003237951807228856
acceleration,479,-0.0126506024096385
acceleration,480,-0.008358433734939774
acceleration,481,-0.014307228915662662
acceleration,482,0.009111445783132499
acceleration,483,-0.02326807228915667
acceleration,484,-0.006249999999999978
acceleration,485,-0.01227409638554211
acceleration,486,-0.006701807228915668
acceleration,487,0.00045180722891557945
acceleration,488,0.0034638554216867012
acceleration,489,0.004141566265060237
acceleration,490,-0.009864457831325224
acceleration,491,0.0024849397590360756
acceleration,492,-0.004367469879518027
acceleration,493,0.0075301204819276935
acceleration,494,-0.008509036144578375
acceleration,495,-0.023343373493975916
acceleration,496,-0.022891566265060226
acceleration,497,0.03079819277108431
acceleration,498,0.02334337349397586
acceleration,499,0.0012801204819276046
acceleration,500,0.003237951807228856
acceleration,501,0.004216867469879482
acceleration,502,-0.004367469879518138
acceleration,503,-0.004216867469879537
acceleration,504,0.005421686746987953
acceleration,505,-0.004593373493975927
acceleration,506,-0.008885542168674654
acceleration,507,0.009186746987951855
acceleration,508,0.013403614457831337
acceleration,509,0.014382530120481962
acceleration,510,-0.013704819277108482
acceleration,511,-0.01995481927710846
acceleration,512,0.004367469879518082
acceleration,513,0.006551204819277179
acceleration,514,-0.005572289156626498
acceleration,515,-0.01890060240963848
acceleration,516,0.018599397590361444
acceleration,517,-0.020557228915662695
acceleration,518,-0.010918674698795205
acceleration,519,-0.014683734939759052
acceleration,520,0.006475903614457823
acceleration,521,-0.020481927710843395
acceleration,522,0.0042921686746988374
acceleration,523,0.01031626506024097
acceleration,524,-0.002635542168674676
acceleration,525,0.02063253012048194
acceleration,526,-0.013328313253012092
acceleration,527,0.013780120481927671
acceleration,528,0.005798192771084398
acceleration,529,0.013855421686747027
acceleration,530,0.0009789156626506257
acceleration,531,-0.011144578313252995
acceleration,532,-0.000903614457831381
acceleration,533,0.014608433734939807
acceleration,534,0.01197289156626491
acceleration,535,-0.008584337349397564
acceleration,536,-0.008358433734939663
acceleration,537,-0.013554216867469882
acceleration,538,0.005045180722891507
acceleration,539,-0.0031626506024096113
acceleration,540,0.001506024096385561
acceleration,541,0.03350903614457834
acceleration,542,-0.0021837349397590966
acceleration,543,-0.0184487951807229
acceleration,544,0.01671686746987955
acceleration,545,0.012349397590361466
acceleration,546,0.0019578313253011403
acceleration,547,-0.002936746987951766
acceleration,548,-0.017394578313252917
acceleration,549,0.017093373493975883
acceleration,550,-0.009864457831325224
acceleration,551,-0.0003765060240963902
acceleration,552,-0.01874999999999999
acceleration,553,0.008584337349397675
acceleration,554,0.01076807228915655
acceleration,555,-0.0033132530120481563
acceleration,556,-0.01897590361445778
acceleration,557,-0.011897590361445776
acceleration,558,-0.006400602409638578
acceleration,559,0.0033885542168674565
acceleration,560,0.005873493975903643
acceleration,561,0.01212349397590351
acceleration,562,-0.005647590361445798
acceleration,563,-0.011596385542168741
acceleration,564,0.010391566265060215
acceleration,565,0.00835843373493983
acceleration,566,-0.008960843373493954
acceleration,567,0.005346385542168708
acceleration,568,-0.006024096385542188
acceleration,569,-0.027560240963855342
acceleration,570,0.009939759036144635
acceleration,571,0.006249999999999978
acceleration,572,0.012500000000000067
acceleration,573,0.016189759036144613
acceleration,574,0.012575301204819311
acceleration,575,0.0036897590361445465
acceleration,576,-0.013930722891566272
acceleration,577,0.0060240963855421326
acceleration,578,0.0066265060240963125
acceleration,579,-0.0125753012048192
acceleration,580,-0.0028614457831325213
acceleration,581,-0.0184487951807229
acceleration,582,-0.005120481927710807
acceleration,583,-0.01302710843373489
acceleration,584,-0.009111445783132555
acceleration,585,-0.006249999999999978
acceleration,586,0.007304216867469848
acceleration,587,0.008283132530120474
acceleration,588,0.034487951807228856
acceleration,589,0.005271084337349352
acceleration,590,-0.005873493975903588
acceleration,591,0.009186746987951855
acceleration,592,0.02018072289156625
acceleration,593,-0.01099397590361445
acceleration,594,-0.020481927710843395
acceleration,595,0.00060240963855418
acceleration,596,-0.002033132530120496
acceleration,597,0.007981927710843384
acceleration,598,0.0036897590361445465
acceleration,599,-0.006249999999999978
acceleration,600,-0.00060240963855418
acceleration,601,-0.002635542168674676
acceleration,602,0.0025602409638554313
acceleration,603,0.022515060240963947
acceleration,604,0.0005271084337349352
acceleration,605,-0.020105421686747005
acceleration,606,0.008810240963855409
acceleration,607,0.019503012048192714
acceleration,608,-0.013102409638554191
acceleration,609,0.007605421686746938
acceleration,610,-0.007153614457831303
acceleration,611,-0.002108433734939741
acceleration,612,-0.01167168674698793
acceleration,613,-0.01912650602409638
acceleration,614,-0.01746987951807233
acceleration,615,-0.011822289156626475
acceleration,616,-0.013780120481927671
acceleration,617,-0.0016566265060241059
acceleration,618,0.00060240963855418
acceleration,619,-0.0069277108433735135
acceleration,620,0.00820783132530123
acceleration,621,0.007153614457831359
acceleration,622,-0.007153614457831303
acceleration,623,0.006099397590361488
acceleration,624,-0.005722891566265098
acceleration,625,-0.006174698795180733
acceleration,626,0.0025602409638555423
acceleration,627,-0.017168674698795128
acceleration,628,-0.01995481927710846
acceleration,629,0.007981927710843273
acceleration,630,0.016942771084337394
acceleration,631,-0.002108433734939741
acceleration,632,0.01076807228915655
acceleration,633,-0.008584337349397564
acceleration,634,0.007379518072289093
acceleration,635,0.009186746987951855
acceleration,636,0.00986445783132528
acceleration,637,-0.01227409638554211
acceleration,638,-0.013177710843373491
acceleration,639,-0.012499999999999956
acceleration,640,0.000903614457831381
acceleration,641,0.004743975903614417
acceleration,642,-0.0003765060240963902
acceleration,643,-0.011822289156626531
acceleration,644,0.008132530120481984
acceleration,645,-0.013328313253012092
acceleration,646,-0.015060240963855442
acceleration,647,-0.008659638554216864
acceleration,648,0.003915662650602392
acceleration,649,-0.0017319277108433506
acceleration,650,-0.019728915662650615
acceleration,651,0.0018072289156626509
acceleration,652,0.004743975903614417
acceleration,653,-7.530120481930025e-05
acceleration,654,0.0221385542168675
acceleration,655,0.010617469879517949
acceleration,656,-0.010165662650602425
acceleration,657,-0.004894578313253017
acceleration,658,-0.015888554216867412
acceleration,659,-0.010918674698795205
acceleration,660,0.00022590361445784524
acceleration,661,-0.017243975903614428
acceleration,662,-0.005045180722891618
acceleration,663,0.0037650602409639022
acceleration,664,-0.0027861445783132766
acceleration,665,0.002936746987951766
acceleration,666,-0.0127259036144578
acceleration,667,0.018147590361445753
acceleration,668,-0.025978915662650592
acceleration,669,0.0003765060240963347
acceleration,670,-0.024698795180722877
acceleration,671,0.002409638554216942
acceleration,672,0.007981927710843384
acceleration,673,0.01227409638554211
acceleration,674,-0.010316265060240914
acceleration,675,0.0036144578313253017
acceleration,676,0.016114457831325257
acceleration,677,-0.0037650602409638467
acceleration,678,-0.008885542168674654
acceleration,679,0.013253012048192736
acceleration,680,-0.0037650602409638467
acceleration,681,0.010843373493976016
acceleration,682,-0.008057228915662684
acceleration,683,-0.009111445783132555
acceleration,684,0.00790662650602414
acceleration,685,-0.014382530120481962
acceleration,686,0.002936746987951655
acceleration,687,0.003012048192771122
acceleration,688,0.0060240963855421326
acceleration,689,-0.007304216867469904
acceleration,690,-0.005798192771084287
acceleration,691,-0.015737951807228978
acceleration,692,0.007379518072289204
acceleration,693,-0.005120481927710807
acceleration,694,-0.007831325301204783
acceleration,695,-0.0184487951807229
acceleration,696,-0.016340361445783158
acceleration,697,0.004367469879518082
acceleration,698,0.01731927710843384
acceleration,699,0.014231927710843473
acceleration,700,-0.001506024096385561
acceleration,701,0.004518072289156572
acceleration,702,-0.013855421686746971
acceleration,703,-0.010918674698795205
acceleration,704,-0.021009036144578275
acceleration,705,-0.004367469879518027
acceleration,706,-0.013328313253012092
acceleration,707,0.015060240963855387
acceleration,708,0.012123493975903621
acceleration,709,0.002334337349397586
acceleration,710,0.011746987951807175
acceleration,711,-0.008433734939759074
acceleration,712,0.018900602409638534
acceleration,713,0.007454819277108449
acceleration,714,0.004141566265060237
acceleration,715,-0.0006777108433734802
acceleration,716,0.012500000000000067
acceleration,717,0.0127259036144578
acceleration,718,-0.008659638554216864
acceleration,719,-0.026731927710843373
acceleration,720,-0.007831325301204783
acceleration,721,-0.0042921686746988374
acceleration,722,-0.005873493975903588
acceleration,723,0.007981927710843384
acceleration,724,-0.016490963855421648
acceleration,725,-0.004141566265060237
acceleration,726,0.007003012048192758
acceleration,727,-0.016415662650602403
acceleration,728,0.015436746987951833
acceleration,729,0.016039156626506013
acceleration,730,-0.013704819277108482
acceleration,731,0.019804216867469804
acceleration,732,0.0007530120481927804
acceleration,733,0.002334337349397475
acceleration,734,0.01972891566265067
acceleration,735,0.0
acceleration,736,0.006400602409638578
acceleration,737,0.010692771084337416
acceleration,738,-0.002259036144578286
acceleration,739,0.000903614457831381
acceleration,740,0.0219879518072289
acceleration,741,-0.0027861445783132766
acceleration,742,0.0014307228915663162
acceleration,743,0.005948795180722999
acceleration,744,0.017695783132530174
acceleration,745,0.005271084337349352
acceleration,746,0.0063253012048193336
acceleration,747,-0.016340361445783158
acceleration,748,-0.0021837349397590966
acceleration,749,-0.005647590361445798
acceleration,750,0.03109939759036151
acceleration,751,0.016641566265060304
acceleration,752,0.004819277108433773
acceleration,753,-0.006475903614457823
acceleration,754,0.010240963855421614
acceleration,755,0.02078313253012054
acceleration,756,-0.004216867469879537
acceleration,757,-0.0008283132530119697
acceleration,758,0.0063253012048193336
acceleration,759,-0.012801204819277101
acceleration,760,-0.013177710843373491
acceleration,761,-0.009638554216867545
acceleration,762,0.0042921686746988374
acceleration,763,-0.011972891566265131
acceleration,764,0.00986445783132528
acceleration,765,0.0063253012048193336
acceleration,766,0.01686746987951815
acceleration,767,0.006099397590361377
acceleration,768,-0.004668674698795228
acceleration,769,-0.009939759036144635
acceleration,770,0.008584337349397675
acceleration,771,-0.005572289156626553
acceleration,772,-0.0010542168674698704
acceleration,773,-0.00971385542168679
acceleration,774,0.01573795180722881
acceleration,775,0.002409638554216942
acceleration,776,0.0018072289156626509
acceleration,777,-0.004141566265060237
acceleration,778,-0.0039909638554216365
acceleration,779,-0.0033132530120482673
acceleration,780,-0.0001506024096386005
acceleration,781,-0.027108433734939763
acceleration,782,-0.007304216867469904
acceleration,783,-0.0028614457831325213
acceleration,784,-0.006551204819277068
acceleration,785,-0.006475903614457934
acceleration,786,0.011445783132530196
acceleration,787,0.008132530120481873
acceleration,788,0.013554216867469826
acceleration,789,-0.01920180722891568
acceleration,790,-0.009262048192771044
acceleration,791,0.007153614457831359
acceleration,792,-0.0008283132530120807
acceleration,793,0.005195783132530107
acceleration,794,-0.007078313253012114
acceleration,795,-0.009789156626506035
acceleration,796,-0.009864457831325224
acceleration,797,-0.004969879518072373
acceleration,798,-0.006701807228915724
acceleration,799,0.013629518072289182
acceleration,800,0.001204819277108471
acceleration,801,-0.01897590361445789
acceleration,802,-0.006174698795180733
acceleration,803,-0.01137048192771084
acceleration,804,0.015286144578313232
acceleration,805,-0.013930722891566272
acceleration,806,0.02228915662650599
acceleration,807,-0.021686746987951755
acceleration,808,-0.013478915662650581
acceleration,809,0.005346385542168708
acceleration,810,-0.012198795180722921
acceleration,811,-0.013930722891566272
acceleration,812,-0.0033132530120482673
acceleration,813,-0.0126506024096385
acceleration,814,-0.01995481927710846
acceleration,815,-0.005873493975903643
acceleration,816,0.018147590361445753
acceleration,817,-0.005647590361445798
acceleration,818,0.005647590361445798
acceleration,819,0.002635542168674676
acceleration,820,0.0027861445783132766
acceleration,821,-0.017545180722891518
acceleration,822,-0.0066265060240964235
acceleration,823,0.01611445783132537
acceleration,824,-0.006626506024096368
acceleration,825,0.015286144578313232
acceleration,826,0.009939759036144635
acceleration,827,0.003539156626506057
acceleration,828,-0.014683734939759052
acceleration,829,0.004969879518072262
acceleration,830,-0.002635542168674676
acceleration,831,0.0005271084337349352
acceleration,832,-7.530120481930025e-05
acceleration,833,-0.007680722891566294
acceleration,834,-0.008810240963855465
acceleration,835,0.006852409638554158
acceleration,836,-0.015060240963855442
acceleration,837,0.000903614457831381
acceleration,838,0.0030873493975902555
acceleration,839,0.0034638554216867012
acceleration,840,0.0024849397590361866
acceleration,841,-0.014909638554216842
acceleration,842,0.01137048192771084
acceleration,843,-0.008885542168674654
acceleration,844,-0.0015813253012047501
acceleration,845,-0.0126506024096385
acceleration,846,0.015512048192771077
acceleration,847,0.0045933734939760384
acceleration,848,0.006249999999999978
acceleration,849,0.0001506024096386005
acceleration,850,-0.01920180722891568
acceleration,851,0.00022590361445784524
acceleration,852,-0.006325301204819278
acceleration,853,-0.0009789156626505702
acceleration,854,0.005045180722891618
acceleration,855,0.002936746987951766
acceleration,856,0.004141566265060237
acceleration,857,-0.003915662650602447
acceleration,858,-0.011746987951807175
acceleration,859,0.005271084337349352
acceleration,860,-7.530120481935576e-05
acceleration,861,0.010692771084337416
acceleration,862,0.006249999999999978
acceleration,863,0.01822289156626511
acceleration,864,-0.0006777108433734802
acceleration,865,0.008885542168674654
acceleration,866,0.004593373493975816
acceleration,867,-0.008358433734939774
acceleration,868,-0.024397590361445842
acceleration,869,0.012349397590361466
acceleration,870,-0.008659638554216864
acceleration,871,0.005271084337349352
acceleration,872,0.03335843373493974
acceleration,873,-0.001054216867469926
acceleration,874,-0.01882530120481929
acceleration,875,0.027108433734939763
acceleration,876,0.0037650602409639022
acceleration,877,-0.012725903614457912
acceleration,878,-0.004668674698795117
acceleration,879,0.008057228915662629
acceleration,880,-0.008057228915662684
acceleration,881,-0.007756024096385483
acceleration,882,0.010993975903614395
acceleration,883,0.009036144578313254
acceleration,884,-0.006099397590361488
acceleration,885,0.00850903614457832
acceleration,886,-0.007680722891566294
acceleration,887,0.019201807228915624
acceleration,888,0.017168674698795128
acceleration,889,0.00820783132530123
acceleration,890,-0.015662650602409622
acceleration,891,-0.014457831325301262
acceleration,892,-0.004066265060240937
acceleration,893,0.013403614457831337
acceleration,894,-0.012801204819277101
acceleration,895,0.0030873493975903665
acceleration,896,-0.0011295180722891707
acceleration,897,-0.008659638554216864
acceleration,898,-0.015286144578313232
acceleration,899,0.0
acceleration,900,-0.005045180722891618
acceleration,901,0.003237951807228856
acceleration,902,0.0022590361445783413
acceleration,903,0.01061746987951806
acceleration,904,-0.0182981927710843
acceleration,905,-0.008433734939759074
acceleration,906,-0.009111445783132555
acceleration,907,0.026581325301204828
acceleration,908,0.0075301204819276935
acceleration,909,0.005572289156626442
acceleration,910,0.00030120481927709
acceleration,911,-0.022590361445783136
acceleration,912,-0.0039909638554216365
acceleration,913,-0.0034638554216867012
acceleration,914,-0.008358433734939774
acceleration,915,0.0012801204819277157
acceleration,916,0.02003012048192776
acceleration,917,0.003237951807228967
acceleration,918,-0.007454819277108393
acceleration,919,-0.023945783132530096
acceleration,920,0.015737951807229034
acceleration,921,-0.009789156626506035
acceleration,922,0.0018825301204818956
acceleration,923,0.0011295180722891152
acceleration,924,-0.016340361445783158
acceleration,925,-0.002033132530120496
acceleration,926,-0.006024096385542188
acceleration,927,-0.006852409638554213
acceleration,928,0.005572289156626553
acceleration,929,-0.009789156626506035
acceleration,930,0.004668674698795172
acceleration,931,-0.010316265060241026
acceleration,932,0.021611445783132566
acceleration,933,-0.0005271084337349907
acceleration,934,-0.0018072289156626509
acceleration,935,0.02093373493975903
acceleration,936,0.012198795180722977
acceleration,937,-0.024171686746987886
acceleration,938,-0.013704819277108482
acceleration,939,0.012500000000000067
acceleration,940,0.01332831325301198
acceleration,941,-0.01242469879518071
acceleration,942,0.0183734939759036
acceleration,943,0.016039156626506013
acceleration,944,-0.01792168674698802
acceleration,945,0.0016566265060241614
acceleration,946,-0.005271084337349408
acceleration,947,-0.0014307228915663162
acceleration,948,-0.005722891566264987
acceleration,949,0.02409638554216864
acceleration,950,0.0
acceleration,951,0.007680722891566294
acceleration,952,-0.041265060240963825
acceleration,953,-0.010391566265060215
acceleration,954,-0.0034638554216867568
acceleration,955,0.005045180722891507
acceleration,956,-0.009337349397590455
acceleration,957,-0.00022590361445778973
acceleration,958,-0.002334337349397586
acceleration,959,-0.003237951807228856
acceleration,960,0.004668674698795172
acceleration,961,0.026204819277108382
acceleration,962,-0.0013554216867469604
acceleration,963,0.010843373493975905
acceleration,964,0.010542168674698815
acceleration,965,-0.014984939759036198
acceleration,966,0.013102409638554247
acceleration,967,0.016566265060240948
acceleration,968,-0.004141566265060237
acceleration,969,0.021762048192771055
acceleration,970,-0.002635542168674676
acceleration,971,0.007454819277108449
acceleration,972,-0.0024849397590361866
acceleration,973,0.005120481927710863
acceleration,974,-0.026656626506024073
acceleration,975,0.015436746987951833
acceleration,976,-0.0018072289156626509
acceleration,977,-0.010466867469879515
acceleration,978,-0.01167168674698793
acceleration,979,-0.0012801204819277712
acceleration,980,-0.008960843373493954
acceleration,981,-0.005798192771084398
acceleration,982,-0.005873493975903588
acceleration,983,0.0001506024096386005
acceleration,984,0.0013554216867469604
acceleration,985,0.01671686746987955
acceleration,986,0.0013554216867469604
acceleration,987,0.012650602409638556
acceleration,988,0.017243975903614484
acceleration,989,0.0027861445783132766
acceleration,990,-0.016415662650602403
acceleration,991,0.00805722891566274
acceleration,992,0.014533132530120563
acceleration,993,-0.002334337349397586
acceleration,994,-0.014307228915662662
acceleration,995,0.012274096385542221
acceleration,996,0.005722891566265043
acceleration,997,-0.027861445783132543
acceleration,998,-0.0072289156626506035
acceleration,999,0.014834337349397653
acceleration,1000,-0.006701807228915668
acceleration,1001,-0.013177710843373491
acceleration,1002,0.0011295180722891152
acceleration,1003,0.0042921686746988374
acceleration,1004,0.017921686746987908
acceleration,1005,-0.004743975903614417
acceleration,1006,0.0033132530120481007
acceleration,1007,-0.004141566265060237
acceleration,1008,-0.01069277108433736
acceleration,1009,-0.023945783132530096
acceleration,1010,0.014608433734939696
acceleration,1011,0.01882530120481929
acceleration,1012,-0.004593373493975927
acceleration,1013,-0.004819277108433828
acceleration,1014,-0.01167168674698793
acceleration,1015,-0.0031626506024096668
acceleration,1016,0.003539156626506057
acceleration,1017,0.011596385542168797
acceleration,1018,-0.003237951807228967
acceleration,1019,-0.008433734939759074
acceleration,1020,0.007153614457831359
acceleration,1021,0.006852409638554269
acceleration,1022,0.0127259036144578
acceleration,1023,-0.02153614457831321
acceleration,1024,0.013253012048192736
acceleration,1025,0.008057228915662629
acceleration,1026,0.00896084337349401
acceleration,1027,-0.0222891566265061
acceleration,1028,0.005421686746987953
acceleration,1029,0.004819277108433773
acceleration,1030,-0.005798192771084398
acceleration,1031,-0.014307228915662662
acceleration,1032,-0.0017319277108433506
acceleration,1033,-0.000301204819277201
acceleration,1034,0.01212349397590351
acceleration,1035,-0.0001506024096386005
acceleration,1036,-0.004442771084337327
acceleration,1037,-0.004743975903614417
acceleration,1038,-0.0013554216867469604
acceleration,1039,-0.03531626506024105
acceleration,1040,-0.004819277108433828
acceleration,1041,0.006475903614457823
acceleration,1042,0.023644578313253062
acceleration,1043,0.01152108433734933
acceleration,1044,-0.0018825301204819511
acceleration,1045,0.0125753012048192
acceleration,1046,-0.0036144578313252462
acceleration,1047,-0.001204819277108471
acceleration,1048,-0.020256024096385605
acceleration,1049,-0.009638554216867434
acceleration,1050,-0.002635542168674676
acceleration,1051,-0.0073795180722891485
acceleration,1052,0.0015813253012048056
acceleration,1053,0.01927710843373487
acceleration,1054,-0.013704819277108482
acceleration,1055,0.0028614457831325213
acceleration,1056,0.002108433734939741
acceleration,1057,-0.014307228915662662
acceleration,1058,0.004518072289156572
acceleration,1059,0.011596385542168686
acceleration,1060,0.02228915662650599
acceleration,1061,-0.039457831325301285
acceleration,1062,-0.0036897590361445465
acceleration,1063,-0.015135542168674743
acceleration,1064,0.0001506024096386005
acceleration,1065,-0.006852409638554213
acceleration,1066,0.012801204819277157
acceleration,1067,0.005346385542168708
acceleration,1068,0.005722891566265043
acceleration,1069,-0.006551204819277123
acceleration,1070,-0.016942771084337338
acceleration,1071,0.004894578313253017
acceleration,1072,-0.006099397590361488
acceleration,1073,-0.004969879518072318
acceleration,1074,0.0001506024096386005
acceleration,1075,-0.007304216867469904
acceleration,1076,-0.005572289156626553
acceleration,1077,-0.00022590361445790075
acceleration,1078,-0.006250000000000033
acceleration,1079,-0.002334337349397586
acceleration,1080,0.003012048192771122
acceleration,1081,0.015135542168674743
acceleration,1082,0.0001506024096386005
acceleration,1083,0.0018825301204818956
acceleration,1084,0.004969879518072262
acceleration,1085,-0.008885542168674654
acceleration,1086,0.0033885542168674565
acceleration,1087,0.01671686746987955
acceleration,1088,-0.00022590361445778973
acceleration,1089,0.018298192771084354
acceleration,1090,0.00835843373493983
acceleration,1091,0.004442771084337438
acceleration,1092,-0.0031626506024096668
acceleration,1093,0.003539156626506057
acceleration,1094,-0.0006777108433735357
acceleration,1095,-0.010918674698795205
acceleration,1096,-0.0018072289156626509
acceleration,1097,-0.01106927710843375
acceleration,1098,-0.01009036144578318
acceleration,1099,-0.03268072289156626
acceleration,1100,-0.002033132530120496
acceleration,1101,0.003915662650602392
acceleration,1102,0.0
acceleration,1103,-0.016942771084337338
acceleration,1104,-0.0018072289156627064
acceleration,1105,0.013855421686746916
acceleration,1106,-0.002259036144578286
acceleration,1107,0.003915662650602392
acceleration,1108,0.010240963855421725
acceleration,1109,-0.0039909638554216365
acceleration,1110,-0.021912650602409656
acceleration,1111,0.005045180722891618
acceleration,1112,0.013930722891566272
acceleration,1113,0.012198795180722977
acceleration,1114,0.014533132530120452
acceleration,1115,0.022063253012048145
acceleration,1116,0.009412650602409589
acceleration,1117,0.001506024096385561
acceleration,1118,-0.008734939759036164
acceleration,1119,0.004442771084337327
acceleration,1120,0.011822289156626531
acceleration,1121,-0.017243975903614428
acceleration,1122,0.0072289156626504925
acceleration,1123,-0.009864457831325224
acceleration,1124,0.007379518072289093
acceleration,1125,-0.013328313253012092
acceleration,1126,0.011972891566265131
acceleration,1127,-0.004668674698795228
acceleration,1128,0.013478915662650581
acceleration,1129,0.00850903614457832
acceleration,1130,0.0025602409638554313
acceleration,1131,0.003012048192771122
acceleration,1132,-0.012274096385542221
acceleration,1133,0.015737951807228923
acceleration,1134,-0.012725903614457912
acceleration,1135,-0.0036144578313252462
acceleration,1136,0.02243975903614459
acceleration,1137,-0.011445783132530085
acceleration,1138,-0.02484939759036142
acceleration,1139,0.016867469879518038
acceleration,1140,0.013930722891566272
acceleration,1141,-0.005195783132530107
acceleration,1142,0.01837349397590371
acceleration,1143,0.005496987951807197
acceleration,1144,-0.016340361445783158
acceleration,1145,0.00030120481927709
acceleration,1146,0.0031626506024097223
acceleration,1147,0.010090361445783236
acceleration,1148,-0.012876506024096401
acceleration,1149,-0.0036897590361445465
acceleration,1150,0.016265060240963858
acceleration,1151,0.0022590361445783413
acceleration,1152,0.006099397590361377
acceleration,1153,0.011144578313252995
acceleration,1154,0.02868975903614457
acceleration,1155,0.004141566265060237
acceleration,1156,0.009789156626506035
acceleration,1157,-0.004668674698795228
acceleration,1158,-0.0021084337349397964
acceleration,1159,-0.005798192771084398
acceleration,1160,-0.012575301204819311
acceleration,1161,0.0018072289156626509
acceleration,1162,0.002334337349397586
acceleration,1163,0.0001506024096386005
acceleration,1164,-0.002183734939759041
acceleration,1165,0.002108433734939741
acceleration,1166,0.0003765060240963347
acceleration,1167,0.002033132530120496
acceleration,1168,0.0075301204819276935
acceleration,1169,-0.015888554216867412
acceleration,1170,0.006174698795180733
acceleration,1171,-0.016792168674698738
acceleration,1172,0.00030120481927709
acceleration,1173,0.002033132530120496
acceleration,1174,-0.0017319277108433506
acceleration,1175,0.002409638554216831
acceleration,1176,0.0183734939759036
acceleration,1177,0.001204819277108471
acceleration,1178,-0.006852409638554158
acceleration,1179,-0.008659638554216864
acceleration,1180,-0.010918674698795205
acceleration,1181,-0.015737951807228978
acceleration,1182,-0.005045180722891618
acceleration,1183,0.0010542168674698704
acceleration,1184,0.015361445783132477
acceleration,1185,-0.003915662650602447
acceleration,1186,-0.005421686746988008
acceleration,1187,-0.01762048192771093
acceleration,1188,-0.002108433734939741
acceleration,1189,-0.0037650602409638467
acceleration,1190,-0.0070783132530120585
acceleration,1191,0.0183734939759036
acceleration,1192,0.005572289156626553
acceleration,1193,-0.006551204819277123
acceleration,1194,-0.007379518072289204
acceleration,1195,-0.015813253012048167
acceleration,1196,-0.005722891566264987
acceleration,1197,0.0021837349397589856
acceleration,1198,-0.010768072289156605
acceleration,1199,0.010391566265060215
acceleration,1200,0.005120481927710863
acceleration,1201,0.012499999999999956
acceleration,1202,-0.012123493975903565
acceleration,1203,-0.0018825301204819511
acceleration,1204,-0.015135542168674743
acceleration,1205,-0.010316265060241026
acceleration,1206,-0.004819277108433828
acceleration,1207,-0.01362951807228907
acceleration,1208,-0.014608433734939752
acceleration,1209,0.013328313253012092
acceleration,1210,-0.01965361445783137
acceleration,1211,-0.02078313253012043
acceleration,1212,0.005798192771084398
acceleration,1213,0.009186746987951744
acceleration,1214,-0.015135542168674743
acceleration,1215,0.012575301204819311
acceleration,1216,0.01972891566265067
acceleration,1217,0.007003012048192758
acceleration,1218,0.015361445783132477
acceleration,1219,-0.005346385542168597
acceleration,1220,-0.006174698795180733
acceleration,1221,0.007605421686747049
acceleration,1222,-0.003237951807228967
acceleration,1223,-0.005948795180722888
acceleration,1224,-0.002334337349397586
acceleration,1225,-0.01204819277108432
acceleration,1226,0.023569277108433706
acceleration,1227,0.008283132530120474
acceleration,1228,-0.0070783132530120585
acceleration,1229,0.0024849397590360756
acceleration,1230,-0.002033132530120496
acceleration,1231,0.010993975903614506
acceleration,1232,-0.013930722891566272
acceleration,1233,-0.012801204819277101
acceleration,1234,-0.011144578313252995
acceleration,1235,0.005346385542168597
acceleration,1236,-0.015361445783132532
acceleration,1237,0.01031626506024097
acceleration,1238,-0.022063253012048145
acceleration,1239,0.01106927710843375
acceleration,1240,0.022816265060240926
acceleration,1241,0.016189759036144613
acceleration,1242,0.011746987951807175
acceleration,1243,-0.005421686746988008
acceleration,1244,0.008358433734939719
acceleration,1245,-0.0006777108433734802
acceleration,1246,0.005120481927710863
acceleration,1247,0.007304216867469959
acceleration,1248,0.004216867469879482
acceleration,1249,0.004743975903614417
acceleration,1250,0.00986445783132528
acceleration,1251,0.006777108433734913
acceleration,1252,0.023117469879518016
acceleration,1253,-0.002484939759036131
acceleration,1254,-0.0013554216867469604
acceleration,1255,0.013478915662650581
acceleration,1256,-0.015737951807228978
acceleration,1257,0.00022590361445784524
acceleration,1258,-0.016942771084337338
acceleration,1259,0.008132530120481873
acceleration,1260,0.015135542168674743
acceleration,1261,-0.021536144578313265
acceleration,1262,0.0017319277108432951
acceleration,1263,0.0027861445783131655
acceleration,1264,-0.0033885542168674565
acceleration,1265,-0.01106927710843375
acceleration,1266,-0.003915662650602447
acceleration,1267,-0.001957831325301196
acceleration,1268,0.0018825301204818956
acceleration,1269,-0.002183734939759041
acceleration,1270,0.009036144578313254
acceleration,1271,0.008584337349397675
acceleration,1272,0.013253012048192736
acceleration,1273,-0.0031626506024096668
acceleration,1274,0.0013554216867470714
acceleration,1275,-0.005120481927710807
acceleration,1276,0.016792168674698793
acceleration,1277,0.02228915662650599
acceleration,1278,0.004442771084337438
acceleration,1279,0.007003012048192758
acceleration,1280,-0.01099397590361445
acceleration,1281,-0.0008283132530120807
acceleration,1282,-0.009337349397590455
acceleration,1283,0.0031626506024097223
acceleration,1284,-0.006551204819277123
acceleration,1285,-0.020331325301204795
acceleration,1286,0.0011295180722891152
acceleration,1287,-0.021234939759036175
acceleration,1288,0.02108433734939763
acceleration,1289,0.015210843373493987
acceleration,1290,-0.01769578313253012
acceleration,1291,0.005647590361445798
acceleration,1292,-0.01671686746987955
acceleration,1293,-0.01242469879518071
acceleration,1294,-0.014608433734939752
acceleration,1295,-0.01807228915662651
acceleration,1296,0.0060240963855421326
acceleration,1297,0.0034638554216867012
acceleration,1298,0.00896084337349401
acceleration,1299,0.009412650602409589
acceleration,1300,0.022515060240963947
acceleration,1301,-0.015963855421686768
acceleration,1302,0.0008283132530120252
acceleration,1303,-0.002936746987951766
acceleration,1304,0.009337349397590344
acceleration,1305,0.0028614457831325213
acceleration,1306,-0.003915662650602447
acceleration,1307,-0.004141566265060237
acceleration,1308,0.0014307228915662051
acceleration,1309,-0.005421686746988008
acceleration,1310,-0.015963855421686712
acceleration,1311,-0.014231927710843417
acceleration,1312,-0.004969879518072318
acceleration,1313,-0.01106927710843375
acceleration,1314,0.022966867469879526
acceleration,1315,-0.009563253012048245
acceleration,1316,0.0036897590361446575
acceleration,1317,0.015737951807228923
acceleration,1318,0.012274096385542221
acceleration,1319,-0.014307228915662662
acceleration,1320,-0.004367469879518027
acceleration,1321,0.0060240963855421326
acceleration,1322,0.0069277108433734025
acceleration,1323,-0.02153614457831321
acceleration,1324,-0.016867469879517982
acceleration,1325,0.000602409638554291
acceleration,1326,-0.005798192771084287
acceleration,1327,-0.010316265060240914
acceleration,1328,-0.0027861445783132766
acceleration,1329,-0.009337349397590455
acceleration,1330,-0.0014307228915662606
acceleration,1331,0.015888554216867412
acceleration,1332,-0.0005271084337349907
acceleration,1333,-0.007831325301204894
acceleration,1334,0.0033132530120482118
acceleration,1335,-0.01611445783132537
acceleration,1336,-0.021837349397590355
acceleration,1337,-0.0012801204819277712
acceleration,1338,-0.011897590361445776
acceleration,1339,0.014156626506024117
acceleration,1340,-0.016415662650602403
acceleration,1341,-0.006701807228915668
acceleration,1342,0.008810240963855409
acceleration,1343,-0.015060240963855442
acceleration,1344,0.019503012048192714
acceleration,1345,-0.009939759036144635
acceleration,1346,0.00896084337349401
acceleration,1347,0.01882530120481929
acceleration,1348,0.00022590361445784524
acceleration,1349,0.0031626506024097223
acceleration,1350,-0.002108433734939741
acceleration,1351,-0.009638554216867434
acceleration,1352,0.00850903614457832
acceleration,1353,0.017996987951807264
acceleration,1354,0.01701807228915664
acceleration,1355,0.009487951807228834
acceleration,1356,-0.001204819277108471
acceleration,1357,0.003840361445783147
acceleration,1358,-0.010391566265060215
acceleration,1359,0.003915662650602392
acceleration,1360,0.0033132530120482118
acceleration,1361,-0.004066265060241048
acceleration,1362,-0.0008283132530120807
acceleration,1363,0.011746987951807286
acceleration,1364,0.0014307228915662051
acceleration,1365,0.005948795180722999
acceleration,1366,0.014909638554216786
acceleration,1367,-0.0019578313253011403
acceleration,1368,-0.007981927710843328
acceleration,1369,-0.01046686746987957
acceleration,1370,0.00790662650602414
acceleration,1371,-0.005045180722891507
acceleration,1372,-0.014231927710843362
acceleration,1373,0.010843373493976016
acceleration,1374,0.0069277108433735135
acceleration,1375,-0.01799698795180721
acceleration,1376,0.006174698795180733
acceleration,1377,0.013629518072289182
acceleration,1378,-0.010843373493975905
acceleration,1379,0.012951807228915646
acceleration,1380,0.011822289156626531
acceleration,1381,0.0009789156626505147
acceleration,1382,-0.0013554216867469604
acceleration,1383,0.0006777108433734247
acceleration,1384,0.005873493975903532
acceleration,1385,0.0021837349397589856
acceleration,1386,-0.007831325301204783
acceleration,1387,0.0037650602409639022
acceleration,1388,0.0025602409638554313
acceleration,1389,0.0006777108433734247
acceleration,1390,0.003237951807228856
acceleration,1391,-0.0033885542168674565
acceleration,1392,0.022063253012048145
acceleration,1393,-0.034262048192771066
acceleration,1394,-0.015135542168674798
acceleration,1395,0.014307228915662606
acceleration,1396,0.026882530120481918
acceleration,1397,0.01942771084337347
acceleration,1398,0.01137048192771084
acceleration,1399,0.018448795180722843
acceleration,1400,0.005948795180722999
acceleration,1401,0.006174698795180733
acceleration,1402,0.01927710843373487
acceleration,1403,-0.004668674698795228
acceleration,1404,0.010692771084337416
acceleration,1405,0.0005271084337349352
acceleration,1406,0.02673192771084343
acceleration,1407,-0.008358433734939774
acceleration,1408,-0.01069277108433736
acceleration,1409,-0.02018072289156625
acceleration,1410,0.017394578313252973
acceleration,1411,-0.01867469879518069
acceleration,1412,-0.0010542168674698704
acceleration,1413,0.007756024096385539
acceleration,1414,0.012650602409638556
acceleration,1415,-0.009036144578313254
acceleration,1416,0.0012801204819277157
acceleration,1417,-0.001054216867469926
acceleration,1418,0.0011295180722891152
acceleration,1419,-0.007981927710843328
acceleration,1420,0.0033885542168674565
acceleration,1421,-0.0031626506024096668
acceleration,1422,0.015436746987951833
acceleration,1423,0.002635542168674676
acceleration,1424,0.005271084337349352
acceleration,1425,0.0014307228915663162
acceleration,1426,-0.0012801204819277712
acceleration,1427,-0.010617469879518115
acceleration,1428,-0.02018072289156625
acceleration,1429,-0.011445783132530085
acceleration,1430,-0.01144578313253014
acceleration,1431,-0.005045180722891618
acceleration,1432,-0.002409638554216831
acceleration,1433,0.007831325301204783
acceleration,1434,0.0028614457831325213
acceleration,1435,0.003012048192771122
acceleration,1436,-0.002635542168674676
acceleration,1437,-0.0370481927710844
acceleration,1438,0.01957831325301207
acceleration,1439,-0.008810240963855465
acceleration,1440,0.02274096385542168
acceleration,1441,0.006852409638554269
acceleration,1442,-0.005421686746988008
acceleration,1443,-0.002635542168674676
acceleration,1444,-0.004668674698795117
acceleration,1445,-0.009262048192771044
acceleration,1446,0.00896084337349401
acceleration,1447,-0.015813253012048167
acceleration,1448,-0.0033885542168674565
acceleration,1449,-0.008283132530120474
acceleration,1450,0.004518072289156572
acceleration,1451,0.009638554216867434
acceleration,1452,-0.0005271084337349907
acceleration,1453,-0.013478915662650692
acceleration,1454,0.013554216867469826
acceleration,1455,0.009939759036144635
acceleration,1456,-0.017921686746987908
acceleration,1457,0.005045180722891618
acceleration,1458,0.0028614457831325213
acceleration,1459,0.026355421686746983
acceleration,1460,-0.012725903614457912
acceleration,1461,0.0036144578313253017
acceleration,1462,-0.016641566265060248
acceleration,1463,-0.01137048192771084
acceleration,1464,-0.000301204819277201
acceleration,1465,-0.02153614457831321
acceleration,1466,0.0025602409638554313
acceleration,1467,0.02078313253012054
acceleration,1468,-0.043072289156626475
acceleration,1469,0.021912650602409545
acceleration,1470,0.002409638554216942
acceleration,1471,-0.007304216867469904
acceleration,1472,0.009939759036144635
acceleration,1473,0.00896084337349401
acceleration,1474,0.02409638554216864
acceleration,1475,0.01016566265060237
acceleration,1476,-0.014081325301204872
acceleration,1477,-0.005195783132530163
acceleration,1478,-0.0127259036144578
acceleration,1479,-0.014307228915662662
acceleration,1480,-0.010918674698795205
acceleration,1481,0.011144578313252995
acceleration,1482,0.004819277108433773
acceleration,1483,-0.005722891566265098
acceleration,1484,-0.004969879518072318
acceleration,1485,0.002334337349397586
acceleration,1486,0.0039909638554216365
acceleration,1487,0.009412650602409589
acceleration,1488,-0.002033132530120496
acceleration,1489,0.02003012048192776
acceleration,1490,0.014984939759036142
acceleration,1491,-7.530120481930025e-05
acceleration,1492,0.012123493975903621
acceleration,1493,-0.002183734939759041
acceleration,1494,-0.01144578313253014
acceleration,1495,0.010617469879517949
acceleration,1496,0.007605421686747049
acceleration,1497,0.02838855421686748
acceleration,1498,0.009036144578313254
acceleration,1499,-0.0018072289156626509
acceleration,1500,7.530120481924474e-05
acceleration,1501,-0.016942771084337338
acceleration,1502,0.011144578313252995
acceleration,1503,-0.009638554216867434
acceleration,1504,0.005045180722891618
acceleration,1505,-0.015135542168674632
acceleration,1506,0.0063253012048192225
acceleration,1507,-0.010466867469879515
acceleration,1508,0.004819277108433773
acceleration,1509,0.012650602409638556
acceleration,1510,-0.008509036144578264
acceleration,1511,-0.003840361445783147
acceleration,1512,0.01106927710843375
acceleration,1513,-0.013554216867469882
acceleration,1514,0.003840361445783036
acceleration,1515,0.005271084337349352
acceleration,1516,-0.024623493975903632
acceleration,1517,-0.022590361445783136
acceleration,1518,-0.0075301204819276935
acceleration,1519,-0.014006024096385461
acceleration,1520,0.0066265060240963125
acceleration,1521,-0.02454819277108433
acceleration,1522,-0.01287650602409629
acceleration,1523,-0.004743975903614417
acceleration,1524,0.011445783132530196
acceleration,1525,-0.014608433734939807
acceleration,1526,0.00865963855421692
acceleration,1527,-0.027635542168674643
acceleration,1528,-0.007831325301204894
acceleration,1529,0.0021837349397590966
acceleration,1530,0.014683734939759052
acceleration,1531,0.013780120481927671
acceleration,1532,0.0018072289156626509
acceleration,1533,-0.025000000000000022
acceleration,1534,-0.009111445783132555
acceleration,1535,0.016340361445783214
acceleration,1536,-0.027259036144578364
acceleration,1537,-0.008810240963855354
acceleration,1538,0.005798192771084398
acceleration,1539,0.005271084337349352
acceleration,1540,0.0007530120481927804
acceleration,1541,0.014382530120481851
acceleration,1542,-0.004743975903614417
acceleration,1543,-0.0036897590361446575
acceleration,1544,0.013253012048192736
acceleration,1545,-0.03750000000000003
acceleration,1546,-0.004442771084337438
acceleration,1547,-0.0037650602409638467
acceleration,1548,0.010843373493975794
acceleration,1549,0.006099397590361488
acceleration,1550,-0.01641566265060246
acceleration,1551,0.007003012048192758
acceleration,1552,0.008734939759036164
acceleration,1553,-0.004216867469879648
acceleration,1554,-0.01777108433734942
acceleration,1555,-0.0038403614457830915
acceleration,1556,-0.0070783132530120585
acceleration,1557,0.008734939759036164
acceleration,1558,0.008734939759036164
acceleration,1559,0.017996987951807264
acceleration,1560,-0.01927710843373498
acceleration,1561,0.00030120481927709
acceleration,1562,0.004141566265060237
acceleration,1563,0.009487951807228834
acceleration,1564,0.013704819277108427
acceleration,1565,-0.020783132530120485
acceleration,1566,0.0025602409638554313
acceleration,1567,0.004518072289156572
acceleration,1568,0.005873493975903532
acceleration,1569,-0.005572289156626553
acceleration,1570,-0.005496987951807197
acceleration,1571,-0.004141566265060237
acceleration,1572,-0.000903614457831381
acceleration,1573,0.017846385542168663
acceleration,1574,-0.0036144578313252462
acceleration,1575,0.003012048192771122
acceleration,1576,0.0036144578313253017
acceleration,1577,-0.02153614457831321
acceleration,1578,0.01837349397590371
acceleration,1579,-0.0005271084337349907
acceleration,1580,-0.011144578313252995
acceleration,1581,0.003012048192771122
acceleration,1582,0.002108433734939741
acceleration,1583,0.01807228915662651
acceleration,1584,-0.014231927710843362
acceleration,1585,0.0013554216867469604
acceleration,1586,0.007003012048192758
acceleration,1587,0.002033132530120496
acceleration,1588,0.0016566265060241614
acceleration,1589,-0.01897590361445778
acceleration,1590,-0.003539156626505946
acceleration,1591,-0.012876506024096401
acceleration,1592,0.0031626506024097223
acceleration,1593,-0.0031626506024096113
acceleration,1594,0.0008283132530120252
acceleration,1595,0.02289156626506028
acceleration,1596,0.006701807228915668
acceleration,1597,0.002635542168674676
acceleration,1598,-0.02484939759036142
acceleration,1599,-0.005572289156626553
acceleration,1600,-0.000301204819277201
acceleration,1601,0.004593373493975816
acceleration,1602,0.004743975903614417
acceleration,1603,0.0037650602409639022
acceleration,1604,0.0063253012048193336
acceleration,1605,0.011295180722891596
acceleration,1606,-0.005120481927710807
acceleration,1607,0.02168674698795181
acceleration,1608,-0.016415662650602403
acceleration,1609,0.0010542168674698704
acceleration,1610,0.012198795180722977
acceleration,1611,0.02168674698795181
acceleration,1612,-0.010015060240963825
acceleration,1613,-0.014533132530120452
acceleration,1614,-0.027936746987951844
acceleration,1615,0.0014307228915662051
acceleration,1616,0.004743975903614417
acceleration,1617,0.001506024096385561
acceleration,1618,-0.0037650602409638467
acceleration,1619,0.0030873493975902555
acceleration,1620,-0.006174698795180733
acceleration,1621,0.01987951807228916
acceleration,1622,-0.012499999999999956
acceleration,1623,0.004442771084337327
acceleration,1624,0.002936746987951877
acceleration,1625,-0.0036144578313252462
acceleration,1626,-0.001506024096385561
acceleration,1627,0.012274096385542221
acceleration,1628,-0.0027861445783132766
acceleration,1629,-0.009337349397590455
acceleration,1630,-0.001506024096385561
acceleration,1631,-0.020030120481927705
acceleration,1632,0.0011295180722891152
acceleration,1633,-0.0005271084337349907
acceleration,1634,-0.009939759036144635
acceleration,1635,0.0221385542168675
acceleration,1636,-0.005421686746988008
acceleration,1637,-0.008132530120481873
acceleration,1638,-0.0014307228915663162
acceleration,1639,0.017620481927710818
acceleration,1640,0.0039909638554216365
acceleration,1641,-0.002484939759036131
acceleration,1642,0.010993975903614506
acceleration,1643,-0.002108433734939741
acceleration,1644,-0.010843373493975905
acceleration,1645,0.027635542168674698
acceleration,1646,0.01822289156626511
acceleration,1647,0.010240963855421614
acceleration,1648,-0.009789156626506035
acceleration,1649,0.0019578313253012514
acceleration,1650,0.008132530120481873
acceleration,1651,-0.0017319277108433506
acceleration,1652,0.005647590361445798
acceleration,1653,-0.005572289156626498
acceleration,1654,-0.024096385542168697
acceleration,1655,-0.0039909638554216365
acceleration,1656,0.014156626506024117
acceleration,1657,-0.011521084337349385
acceleration,1658,0.0034638554216868123
acceleration,1659,-0.007831325301204894
acceleration,1660,-0.008659638554216864
acceleration,1661,0.0033132530120482118
acceleration,1662,-0.01204819277108432
acceleration,1663,-0.0033885542168674565
acceleration,1664,0.008734939759036053
acceleration,1665,-0.010617469879518004
acceleration,1666,0.0007530120481927804
acceleration,1667,-0.001204819277108471
acceleration,1668,0.026430722891566227
acceleration,1669,0.014759036144578297
acceleration,1670,0.0036897590361445465
acceleration,1671,0.0011295180722891152
acceleration,1672,0.0019578313253011403
acceleration,1673,-0.0012801204819276601
acceleration,1674,0.002033132530120496
acceleration,1675,-0.00060240963855418
acceleration,1676,-0.003539156626506057
acceleration,1677,0.0024849397590360756
acceleration,1678,-0.011822289156626531
acceleration,1679,0.0016566265060241614
acceleration,1680,0.003012048192771122
acceleration,1681,-0.0064759036144577675
acceleration,1682,0.013328313253012092
acceleration,1683,0.004894578313253017
acceleration,1684,0.004593373493975927
acceleration,1685,-0.022740963855421736
acceleration,1686,0.0027861445783132766
acceleration,1687,0.007153614457831359
acceleration,1688,0.015813253012048167
acceleration,1689,-0.0016566265060241059
acceleration,1690,0.015587349397590433
acceleration,1691,-0.014457831325301262
acceleration,1692,7.530120481924474e-05
acceleration,1693,-0.008207831325301174
acceleration,1694,0.0075301204819276935
acceleration,1695,-0.01144578313253014
acceleration,1696,0.01987951807228916
acceleration,1697,-0.014156626506024061
acceleration,1698,-0.005873493975903588
acceleration,1699,-0.013930722891566272
acceleration,1700,-0.010768072289156605
acceleration,1701,-0.0008283132530119697
acceleration,1702,0.002033132530120496
acceleration,1703,0.01076807228915666
acceleration,1704,0.0066265060240963125
acceleration,1705,-0.013328313253012092
acceleration,1706,0.002108433734939741
acceleration,1707,-0.007981927710843384
acceleration,1708,0.0042921686746988374
acceleration,1709,-0.009563253012048245
acceleration,1710,-0.005120481927710918
acceleration,1711,-0.022138554216867556
acceleration,1712,0.0013554216867469604
acceleration,1713,0.00896084337349401
acceleration,1714,-0.017018072289156583
acceleration,1715,-0.04322289156626502
acceleration,1716,-0.01144578313253014
acceleration,1717,0.0075301204819276935
acceleration,1718,0.016189759036144613
acceleration,1719,0.017695783132530174
acceleration,1720,-0.019728915662650615
acceleration,1721,0.012123493975903621
acceleration,1722,-0.025000000000000022
acceleration,1723,0.01046686746987946
acceleration,1724,-0.004668674698795228
acceleration,1725,-0.015512048192771077
acceleration,1726,0.0007530120481927804
acceleration,1727,0.014759036144578297
acceleration,1728,0.015286144578313232
acceleration,1729,-0.007153614457831303
acceleration,1730,-0.003840361445783147
acceleration,1731,0.013554216867469826
acceleration,1732,0.0036897590361445465
acceleration,1733,-0.008960843373493954
acceleration,1734,-0.011521084337349385
acceleration,1735,-0.027484939759036153
acceleration,1736,0.014231927710843473
acceleration,1737,0.01091867469879515
acceleration,1738,0.004819277108433773
acceleration,1739,-0.00022590361445778973
acceleration,1740,0.011445783132530085
acceleration,1741,0.00120481927710836
acceleration,1742,0.005271084337349352
acceleration,1743,0.009487951807228945
acceleration,1744,0.002033132530120385
acceleration,1745,0.004066265060240992
acceleration,1746,-0.012801204819277101
acceleration,1747,-0.019352409638554224
acceleration,1748,0.01972891566265067
acceleration,1749,-0.008433734939759074
acceleration,1750,0.005572289156626442
acceleration,1751,-7.530120481930025e-05
acceleration,1752,-0.002033132530120496
acceleration,1753,-0.009713855421686735
acceleration,1754,0.018524096385542088
acceleration,1755,0.010843373493976016
acceleration,1756,-0.0033132530120481563
acceleration,1757,0.010391566265060326
acceleration,1758,-0.009337349397590455
acceleration,1759,7.530120481924474e-05
acceleration,1760,-0.005948795180722943
acceleration,1761,0.024171686746987997
acceleration,1762,0.0018825301204818956
acceleration,1763,0.005798192771084398
acceleration,1764,0.005045180722891618
acceleration,1765,-0.005496987951807197
acceleration,1766,-0.008132530120481873
acceleration,1767,0.0072289156626504925
acceleration,1768,0.011822289156626531
acceleration,1769,-0.00015060240963848948
acceleration,1770,-0.01942771084337347
acceleration,1771,0.004969879518072262
acceleration,1772,-0.0030873493975903665
acceleration,1773,-0.002108433734939741
acceleration,1774,-0.0021837349397590966
acceleration,1775,0.00820783132530123
acceleration,1776,-0.0007530120481927804
acceleration,1777,-0.004593373493975816
acceleration,1778,0.006475903614457823
acceleration,1779,0.013780120481927782
acceleration,1780,-0.002936746987951766
acceleration,1781,-0.00022590361445778973
acceleration,1782,-0.0005271084337349907
acceleration,1783,-0.016792168674698738
acceleration,1784,-0.02484939759036142
acceleration,1785,-0.000903614457831381
acceleration,1786,0.017921686746987908
acceleration,1787,-0.01197289156626502
acceleration,1788,-0.0014307228915663162
acceleration,1789,0.00865963855421692
acceleration,1790,-0.013177710843373491
acceleration,1791,-0.008207831325301174
acceleration,1792,-0.007680722891566294
acceleration,1793,-0.00060240963855418
acceleration,1794,-0.0009789156626505702
acceleration,1795,-0.004442771084337327
acceleration,1796,0.015210843373493987
acceleration,1797,0.014006024096385516
acceleration,1798,0.0027861445783132766
acceleration,1799,0.003539156626506057
acceleration,1800,0.00015060240963848948
acceleration,1801,-0.003539156626505946
acceleration,1802,0.0003765060240963347
acceleration,1803,-0.017620481927710818
acceleration,1804,-0.00060240963855418
acceleration,1805,0.004367469879518082
acceleration,1806,-0.012876506024096401
acceleration,1807,-0.001506024096385561
acceleration,1808,0.023569277108433706
acceleration,1809,-0.005647590361445798
acceleration,1810,-0.005496987951807197
acceleration,1811,-0.0008283132530120807
acceleration,1812,-0.01302710843373489
acceleration,1813,0.004442771084337438
acceleration,1814,-0.013930722891566272
acceleration,1815,-0.010993975903614395
acceleration,1816,-0.009864457831325335
acceleration,1817,-0.008509036144578375
acceleration,1818,0.005722891566265043
acceleration,1819,-0.008659638554216864
acceleration,1820,-0.009864457831325224
acceleration,1821,-0.014081325301204872
acceleration,1822,-0.01686746987951815
acceleration,1823,0.011445783132530085
acceleration,1824,-0.016566265060240948
acceleration,1825,-0.026054216867469837
acceleration,1826,-0.005346385542168597
acceleration,1827,-0.008433734939759074
acceleration,1828,-0.0023343373493975306
acceleration,1829,-0.009563253012048245
acceleration,1830,0.004216867469879482
acceleration,1831,0.004894578313253017
acceleration,1832,0.0028614457831325213
acceleration,1833,-0.0003765060240962792
acceleration,1834,-0.016867469879518038
acceleration,1835,0.00835843373493983
acceleration,1836,-0.002183734939759041
acceleration,1837,0.002033132530120496
acceleration,1838,0.014984939759036142
acceleration,1839,-0.0033885542168674565
acceleration,1840,0.002108433734939741
acceleration,1841,0.018298192771084354
acceleration,1842,0.017168674698795128
acceleration,1843,0.0009036144578312699
acceleration,1844,-0.016566265060240948
acceleration,1845,0.006852409638554269
acceleration,1846,0.0030873493975904776
acceleration,1847,0.005647590361445798
acceleration,1848,0.001807228915662762
acceleration,1849,-0.015512048192771022
acceleration,1850,-0.010918674698795205
acceleration,1851,0.012123493975903621
acceleration,1852,0.002108433734939852
acceleration,1853,0.013253012048192736
acceleration,1854,-0.007304216867469904
acceleration,1855,0.008132530120481873
acceleration,1856,0.009487951807228945
acceleration,1857,0.010993975903614395
acceleration,1858,-0.022138554216867445
acceleration,1859,0.011822289156626531
acceleration,1860,0.0017319277108434061
acceleration,1861,0.003012048192771122
acceleration,1862,-0.009412650602409645
acceleration,1863,-0.011596385542168741
acceleration,1864,0.0025602409638554313
acceleration,1865,0.005798192771084398
acceleration,1866,0.007454819277108449
acceleration,1867,0.009412650602409589
acceleration,1868,-0.01234939759036141
acceleration,1869,-0.006551204819277123
acceleration,1870,-0.005948795180722888
acceleration,1871,-0.013930722891566272
acceleration,1872,0.018599397590361444
acceleration,1873,-0.006099397590361488
acceleration,1874,-0.0036897590361445465
acceleration,1875,0.0016566265060241614
acceleration,1876,0.0016566265060241614
acceleration,1877,-0.006099397590361377
acceleration,1878,-0.03381024096385543
acceleration,1879,-0.003915662650602447
acceleration,1880,-0.005873493975903588
acceleration,1881,0.025978915662650648
acceleration,1882,0.019503012048192714
acceleration,1883,-0.006174698795180733
acceleration,1884,0.005195783132530107
acceleration,1885,0.013780120481927671
acceleration,1886,-0.004066265060241048
acceleration,1887,-0.0033885542168674565
acceleration,1888,0.0042921686746988374
acceleration,1889,0.00022590361445784524
acceleration,1890,-0.0003765060240963902
acceleration,1891,0.01686746987951815
acceleration,1892,-0.0036897590361445465
acceleration,1893,-0.026430722891566283
acceleration,1894,-0.008283132530120474
acceleration,1895,-0.006249999999999978
acceleration,1896,-0.01784638554216872
acceleration,1897,0.01076807228915655
acceleration,1898,0.01822289156626511
acceleration,1899,0.01046686746987946
acceleration,1900,-0.009186746987951855
acceleration,1901,-0.02018072289156625
acceleration,1902,0.00120481927710836
acceleration,1903,-0.006475903614457823
acceleration,1904,-0.02868975903614457
acceleration,1905,0.01332831325301198
acceleration,1906,-0.002334337349397586
acceleration,1907,0.014608433734939696
acceleration,1908,0.0031626506024096113
acceleration,1909,0.0037650602409639022
acceleration,1910,-0.004743975903614417
acceleration,1911,-0.00060240963855418
acceleration,1912,-0.005873493975903588
acceleration,1913,-0.0007530120481927804
acceleration,1914,-0.0016566265060241059
acceleration,1915,0.0007530120481927804
acceleration,1916,-0.012575301204819311
acceleration,1917,0.017319277108433728
acceleration,1918,-0.011521084337349385
acceleration,1919,-0.0006777108433734802
acceleration,1920,0.008734939759036164
acceleration,1921,0.004668674698795172
acceleration,1922,0.012801204819277157
acceleration,1923,0.0031626506024096113
acceleration,1924,0.009638554216867434
acceleration,1925,0.0042921686746988374
acceleration,1926,0.0
acceleration,1927,-0.003915662650602447
acceleration,1928,0.003539156626506057
acceleration,1929,-0.01995481927710846
acceleration,1930,0.008584337349397564
acceleration,1931,0.004743975903614417
acceleration,1932,-0.008509036144578375
acceleration,1933,0.011897590361445776
acceleration,1934,0.016490963855421703
acceleration,1935,0.004518072289156572
acceleration,1936,-0.007906626506024084
acceleration,1937,0.0042921686746988374
acceleration,1938,0.004216867469879482
acceleration,1939,0.011144578313252995
acceleration,1940,-0.014156626506024061
acceleration,1941,-0.005421686746988008
acceleration,1942,-0.005798192771084398
acceleration,1943,0.02228915662650599
acceleration,1944,0.026054216867469893
acceleration,1945,0.008734939759036164
acceleration,1946,0.024246987951807242
acceleration,1947,0.014231927710843473
acceleration,1948,0.002936746987951877
acceleration,1949,-0.015587349397590378
acceleration,1950,-0.008283132530120474
acceleration,1951,0.011445783132530196
acceleration,1952,-0.007379518072289204
acceleration,1953,0.002936746987951877
acceleration,1954,0.012725903614457912
acceleration,1955,0.001506024096385561
acceleration,1956,0.0015813253012048056
acceleration,1957,0.01332831325301198
acceleration,1958,0.010843373493976016
acceleration,1959,0.011746987951807286
acceleration,1960,0.01242469879518071
acceleration,1961,-0.0018825301204819511
acceleration,1962,-0.009638554216867434
acceleration,1963,0.010015060240963769
acceleration,1964,-0.026129518072289193
acceleration,1965,0.013554216867469826
acceleration,1966,0.008584337349397675
acceleration,1967,0.006701807228915668
acceleration,1968,0.006249999999999978
acceleration,1969,0.00022590361445784524
acceleration,1970,0.0009789156626505147
acceleration,1971,-0.0036144578313252462
acceleration,1972,0.01106927710843375
acceleration,1973,-0.01159638554216863
acceleration,1974,0.006099397590361488
acceleration,1975,-0.012349397590361522
acceleration,1976,0.015813253012048167
acceleration,1977,0.010993975903614506
acceleration,1978,0.004894578313253017
acceleration,1979,0.004518072289156572
acceleration,1980,0.0022590361445783413
acceleration,1981,0.03245481927710847
acceleration,1982,-0.0007530120481927804
acceleration,1983,-0.008057228915662684
acceleration,1984,-0.016415662650602403
acceleration,1985,0.019653614457831314
acceleration,1986,-0.006249999999999978
acceleration,1987,0.005647590361445798
acceleration,1988,0.010240963855421725
acceleration,1989,0.014006024096385516
acceleration,1990,0.010391566265060215
acceleration,1991,0.020105421686747005
acceleration,1992,-0.004819277108433828
acceleration,1993,-0.01204819277108432
acceleration,1994,0.01671686746987955
acceleration,1995,-0.0017319277108433506
acceleration,1996,0.006099397590361488
acceleration,1997,0.004518072289156572
acceleration,1998,0.009412650602409589
acceleration,1999,0.00805722891566274
acceleration,2000,-0.013780120481927671
acceleration,2001,0.019503012048192825
acceleration,2002,-0.013253012048192847
acceleration,2003,0.009713855421686679
acceleration,2004,-0.010918674698795205
acceleration,2005,0.0024849397590360756
acceleration,2006,-0.0031626506024096668
acceleration,2007,-0.002108433734939741
acceleration,2008,-0.0027108433734940873
acceleration,2009,-0.01611445783132537
acceleration,2010,0.005798192771084287
acceleration,2011,0.01001506024096388
acceleration,2012,0.0183734939759036
acceleration,2013,-0.0069277108433735135
acceleration,2014,0.002033132530120496
acceleration,2015,-0.00045180722891557945
acceleration,2016,-0.006400602409638578
acceleration,2017,0.006475903614457823
acceleration,2018,-0.014683734939759052
acceleration,2019,0.00060240963855418
acceleration,2020,-0.005647590361445798
acceleration,2021,0.013629518072289182
acceleration,2022,-0.009262048192771044
acceleration,2023,0.0015813253012048056
acceleration,2024,0.007003012048192758
acceleration,2025,-0.015286144578313232
acceleration,2026,-0.013704819277108482
acceleration,2027,0.008132530120481984
acceleration,2028,0.026430722891566227
acceleration,2029,-0.0014307228915662606
acceleration,2030,0.004969879518072262
acceleration,2031,0.030271084337349485
acceleration,2032,-0.006174698795180733
acceleration,2033,0.009412650602409589
acceleration,2034,-0.01671686746987955
acceleration,2035,0.0031626506024097223
acceleration,2036,0.011295180722891596
acceleration,2037,-0.005346385542168597
acceleration,2038,0.020707831325301185
acceleration,2039,-0.015286144578313288
acceleration,2040,-0.008734939759036164
acceleration,2041,-0.01039156626506027
acceleration,2042,0.027861445783132543
acceleration,2043,-0.008358433734939774
acceleration,2044,-0.011370481927710785
acceleration,2045,-0.032680722891566316
acceleration,2046,-0.004216867469879426
acceleration,2047,0.0012801204819277157
acceleration,2048,0.013780120481927671
acceleration,2049,-0.0033132530120482673
acceleration,2050,0.0016566265060241614
acceleration,2051,-0.008509036144578264
acceleration,2052,0.007680722891566294
acceleration,2053,-0.013930722891566272
acceleration,2054,0.01762048192771093
acceleration,2055,-0.006099397590361377
acceleration,2056,0.012725903614457912
acceleration,2057,-0.005346385542168597
acceleration,2058,0.0018825301204818956
acceleration,2059,-0.0033132530120481007
acceleration,2060,-0.016792168674698738
acceleration,2061,0.00850903614457832
acceleration,2062,-0.002108433734939741
acceleration,2063,0.01242469879518071
acceleration,2064,-0.020256024096385605
acceleration,2065,0.0028614457831325213
acceleration,2066,0.004367469879518082
acceleration,2067,0.008885542168674654
acceleration,2068,0.013177710843373491
acceleration,2069,-0.006551204819277123
acceleration,2070,-0.0027861445783132766
acceleration,2071,0.016340361445783214
acceleration,2072,-0.005647590361445798
acceleration,2073,-0.007756024096385483
acceleration,2074,-0.007454819277108504
acceleration,2075,0.0008283132530120252
acceleration,2076,-0.014457831325301151
acceleration,2077,0.0075301204819276935
acceleration,2078,0.00022590361445784524
acceleration,2079,-0.012198795180722866
acceleration,2080,-0.008584337349397564
acceleration,2081,-0.002183734939759041
acceleration,2082,-0.004066265060240937
acceleration,2083,-0.016566265060240948
acceleration,2084,0.02093373493975903
acceleration,2085,-0.009412650602409645
acceleration,2086,-0.004066265060241048
acceleration,2087,-0.01769578313253012
acceleration,2088,-0.0033132530120481563
acceleration,2089,-0.020331325301204795
acceleration,2090,-0.00022590361445778973
acceleration,2091,0.003539156626505946
acceleration,2092,-0.008509036144578264
acceleration,2093,-0.007454819277108504
acceleration,2094,-0.009939759036144524
acceleration,2095,0.01212349397590351
acceleration,2096,0.01106927710843375
acceleration,2097,0.0018825301204818956
acceleration,2098,-0.009789156626506035
acceleration,2099,0.01121987951807224
acceleration,2100,-0.024021084337349397
acceleration,2101,0.018298192771084354
acceleration,2102,-0.006249999999999978
acceleration,2103,-0.011144578313252995
acceleration,2104,0.0011295180722891152
acceleration,2105,-0.0075301204819276935
acceleration,2106,-0.0030120481927710663
acceleration,2107,0.01242469879518071
acceleration,2108,0.0063253012048193336
acceleration,2109,0.015737951807228923
acceleration,2110,0.03215361445783138
acceleration,2111,0.0072289156626504925
acceleration,2112,0.017093373493975883
acceleration,2113,-0.01807228915662651
acceleration,2114,0.011295180722891596
acceleration,2115,-0.0126506024096385
acceleration,2116,-0.020783132530120485
acceleration,2117,0.013780120481927671
acceleration,2118,-0.0033132530120481563
acceleration,2119,-0.005346385542168597
acceleration,2120,-0.005873493975903588
acceleration,2121,0.006551204819277179
acceleration,2122,0.009412650602409589
acceleration,2123,0.017846385542168663
acceleration,2124,-0.006174698795180733
acceleration,2125,-0.005647590361445798
acceleration,2126,-0.011521084337349385
acceleration,2127,0.007756024096385539
acceleration,2128,0.019352409638554224
acceleration,2129,-0.0039909638554217475
acceleration,2130,-0.008960843373493954
acceleration,2131,-0.006024096385542188
acceleration,2132,-0.005722891566264987
acceleration,2133,7.530120481924474e-05
acceleration,2134,-0.005195783132530163
acceleration,2135,-0.0001506024096386005
acceleration,2136,0.0030873493975903665
acceleration,2137,-0.0001506024096386005
acceleration,2138,0.014834337349397653
acceleration,2139,0.0031626506024097223
acceleration,2140,0.017093373493975883
acceleration,2141,0.016641566265060193
acceleration,2142,0.007981927710843273
acceleration,2143,0.0012801204819277157
acceleration,2144,-0.012575301204819311
acceleration,2145,0.02048192771084345
acceleration,2146,-0.002635542168674676
acceleration,2147,-0.0008283132530120807
acceleration,2148,0.007003012048192869
acceleration,2149,-0.025376506024096412
acceleration,2150,-0.009111445783132444
acceleration,2151,-0.007605421686746938
acceleration,2152,0.014307228915662606
acceleration,2153,0.01031626506024097
acceleration,2154,-0.014608433734939807
acceleration,2155,0.0039909638554216365
acceleration,2156,0.01121987951807224
acceleration,2157,-0.006852409638554324
acceleration,2158,0.021159638554216875
acceleration,2159,-0.0015813253012048611
acceleration,2160,-0.0184487951807229
acceleration,2161,-7.530120481918923e-05
acceleration,2162,0.005873493975903643
acceleration,2163,0.002409638554216942
acceleration,2164,-0.006626506024096368
acceleration,2165,-0.016039156626506013
acceleration,2166,0.01332831325301198
acceleration,2167,-0.000903614457831381
acceleration,2168,0.004216867469879482
acceleration,2169,-0.008810240963855465
acceleration,2170,-0.009412650602409645
acceleration,2171,-0.01890060240963859
acceleration,2172,-0.0034638554216867568
acceleration,2173,-0.023117469879518127
acceleration,2174,0.008132530120481873
acceleration,2175,0.02379518072289155
acceleration,2176,-0.014909638554216842
acceleration,2177,-0.001506024096385561
acceleration,2178,-0.03908132530120478
acceleration,2179,0.017921686746987908
acceleration,2180,0.01822289156626511
acceleration,2181,-7.530120481918923e-05
acceleration,2182,-0.011596385542168741
acceleration,2183,-0.006626506024096368
acceleration,2184,0.010993975903614506
acceleration,2185,0.016641566265060193
acceleration,2186,0.007756024096385539
acceleration,2187,-0.013780120481927671
acceleration,2188,-0.002033132530120496
acceleration,2189,-0.01927710843373498
acceleration,2190,0.0024849397590360756
acceleration,2191,0.0018825301204818956
acceleration,2192,0.013328313253012092
acceleration,2193,0.007153614457831359
acceleration,2194,0.0004518072289156905
acceleration,2195,0.0036144578313253017
acceleration,2196,0.023117469879518127
acceleration,2197,-0.0010542168674698704
acceleration,2198,0.002334337349397475
acceleration,2199,0.0039909638554216365
acceleration,2200,-0.005045180722891618
acceleration,2201,0.0034638554216868123
acceleration,2202,0.005496987951807197
acceleration,2203,-0.01204819277108432
acceleration,2204,0.014984939759036142
acceleration,2205,0.0033885542168674565
acceleration,2206,-0.01724397590361454
acceleration,2207,-0.00030120481927709
acceleration,2208,-0.010316265060241026
acceleration,2209,0.004518072289156572
acceleration,2210,-0.021084337349397575
acceleration,2211,0.006701807228915668
acceleration,2212,0.0003765060240963347
acceleration,2213,-0.00015060240963848948
acceleration,2214,-0.010768072289156605
acceleration,2215,0.015436746987951833
acceleration,2216,-0.013328313253012092
acceleration,2217,-0.001204819277108471
acceleration,2218,-0.0003765060240963902
acceleration,2219,0.005045180722891618
acceleration,2220,-0.012575301204819311
acceleration,2221,-0.013780120481927671
acceleration,2222,0.0183734939759036
acceleration,2223,-0.007153614457831303
acceleration,2224,-0.0009789156626505702
acceleration,2225,-0.006626506024096368
acceleration,2226,-0.01197289156626502
acceleration,2227,0.029819277108433795
acceleration,2228,-0.021385542168674665
acceleration,2229,-0.01671686746987955
acceleration,2230,-0.0028614457831325213
acceleration,2231,0.002334337349397586
acceleration,2232,0.013930722891566272
acceleration,2233,-0.005120481927710918
acceleration,2234,-0.016867469879518038
acceleration,2235,0.009789156626506035
acceleration,2236,0.02138554216867472
acceleration,2237,-0.008509036144578264
acceleration,2238,0.01091867469879515
acceleration,2239,-0.007906626506024084
acceleration,2240,0.005722891566265043
acceleration,2241,0.005798192771084398
acceleration,2242,0.011972891566265131
acceleration,2243,-0.0018825301204819511
acceleration,2244,-0.002936746987951877
acceleration,2245,0.005948795180722888
acceleration,2246,-0.0019578313253011403
acceleration,2247,-0.0033885542168674565
acceleration,2248,-0.01882530120481929
acceleration,2249,0.0037650602409639022
acceleration,2250,-0.018750000000000044
acceleration,2251,0.013704819277108427
acceleration,2252,-0.004894578313253017
acceleration,2253,0.005948795180722888
acceleration,2254,0.023719879518072307
acceleration,2255,-0.0037650602409638467
acceleration,2256,-0.027484939759036153
acceleration,2257,-0.004819277108433828
acceleration,2258,0.022515060240963947
acceleration,2259,0.00896084337349401
acceleration,2260,-0.015361445783132532
acceleration,2261,-0.00022590361445778973
acceleration,2262,0.002635542168674676
acceleration,2263,-0.015512048192771022
acceleration,2264,-0.024698795180722932
acceleration,2265,0.014759036144578408
acceleration,2266,0.016867469879518038
acceleration,2267,0.00956325301204819
acceleration,2268,-0.00873493975903622
acceleration,2269,0.006777108433734913
acceleration,2270,0.0033885542168674565
acceleration,2271,0.023870481927710907
acceleration,2272,-0.0028614457831325213
acceleration,2273,-0.008584337349397508
acceleration,2274,0.007454819277108449
acceleration,2275,0.018298192771084354
acceleration,2276,-0.0042921686746988374
acceleration,2277,0.015060240963855387
acceleration,2278,-0.009412650602409645
acceleration,2279,-0.02018072289156625
acceleration,2280,-0.0012801204819277712
acceleration,2281,0.012349397590361466
acceleration,2282,0.0019578313253012514
acceleration,2283,0.006777108433734913
acceleration,2284,-0.015060240963855442
acceleration,2285,-0.012198795180722921
acceleration,2286,-0.01769578313253012
acceleration,2287,-0.013704819277108371
acceleration,2288,0.02989457831325304
acceleration,2289,-0.0015813253012048611
acceleration,2290,-0.02055722891566264
acceleration,2291,-0.013780120481927782
acceleration,2292,0.015737951807228923
acceleration,2293,-0.010617469879518004
acceleration,2294,-0.002936746987951766
acceleration,2295,0.003539156626506057
acceleration,2296,-0.004819277108433717
acceleration,2297,-0.005045180722891618
acceleration,2298,-0.025527108433734902
acceleration,2299,0.013403614457831337
acceleration,2300,0.00865963855421692
acceleration,2301,0.007680722891566183
acceleration,2302,-0.021837349397590355
acceleration,2303,0.004518072289156572
acceleration,2304,0.017921686746987908
acceleration,2305,-0.0009789156626505702
acceleration,2306,-0.01167168674698793
acceleration,2307,-0.015210843373493987
acceleration,2308,-0.015813253012048167
acceleration,2309,-0.0025602409638554313
acceleration,2310,-0.004593373493975927
acceleration,2311,-0.0005271084337349907
acceleration,2312,-0.0184487951807229
acceleration,2313,0.008885542168674654
acceleration,2314,0.013177710843373491
acceleration,2315,-0.004141566265060237
acceleration,2316,-0.023042168674698826
acceleration,2317,-0.0064759036144577675
acceleration,2318,-0.004442771084337327
acceleration,2319,-0.03200301204819278
acceleration,2320,-0.005421686746988008
acceleration,2321,-0.005195783132530107
acceleration,2322,-0.008132530120481873
acceleration,2323,0.0031626506024097223
acceleration,2324,0.0014307228915662051
acceleration,2325,0.0012801204819277157
acceleration,2326,-0.011144578313252995
acceleration,2327,0.0066265060240963125
acceleration,2328,0.016867469879518038
acceleration,2329,0.003012048192771122
acceleration,2330,0.028313253012048234
acceleration,2331,-0.002259036144578286
acceleration,2332,-0.007906626506024084
acceleration,2333,0.027936746987951788
acceleration,2334,-0.0030120481927710663
acceleration,2335,-0.021084337349397575
acceleration,2336,0.0034638554216868123
acceleration,2337,-0.012575301204819311
acceleration,2338,0.017620481927710818
acceleration,2339,-0.006400602409638578
acceleration,2340,0.019352409638554224
acceleration,2341,-0.002635542168674676
acceleration,2342,0.002108433734939741
acceleration,2343,-0.006777108433734913
acceleration,2344,0.0063253012048193336
acceleration,2345,-0.006777108433734913
acceleration,2346,-0.0010542168674698704
acceleration,2347,0.016039156626506013
acceleration,2348,0.006475903614457823
acceleration,2349,-0.014759036144578241
acceleration,2350,0.00956325301204819
acceleration,2351,-0.013704819277108482
acceleration,2352,0.008885542168674765
acceleration,2353,0.0033132530120482118
acceleration,2354,-0.006400602409638578
acceleration,2355,-0.016490963855421648
acceleration,2356,0.01031626506024097
acceleration,2357,-0.004141566265060237
acceleration,2358,0.0018825301204818956
acceleration,2359,-0.0033885542168674565
acceleration,2360,0.01686746987951815
acceleration,2361,-0.01129518072289154
acceleration,2362,-0.0037650602409638467
acceleration,2363,0.002033132530120496
acceleration,2364,0.015963855421686768
acceleration,2365,0.013403614457831337
acceleration,2366,0.014006024096385516
acceleration,2367,-0.015737951807228923
acceleration,2368,-0.008509036144578264
acceleration,2369,0.013855421686746916
acceleration,2370,-0.0013554216867469604
acceleration,2371,0.017996987951807264
acceleration,2372,-0.002710843373493921
acceleration,2373,0.0018072289156626509
acceleration,2374,-0.008584337349397564
acceleration,2375,-0.006099397590361488
acceleration,2376,-0.002484939759036131
acceleration,2377,-0.01920180722891568
acceleration,2378,0.0021837349397590966
acceleration,2379,-0.009563253012048134
acceleration,2380,-0.0009789156626505702
acceleration,2381,-0.004518072289156627
acceleration,2382,0.005572289156626553
acceleration,2383,-0.0033132530120481563
acceleration,2384,0.0024849397590360756
acceleration,2385,0.005271084337349352
acceleration,2386,0.010542168674698815
acceleration,2387,-0.0003765060240963902
acceleration,2388,-0.0127259036144578
acceleration,2389,0.0009789156626505147
acceleration,2390,0.00030120481927709
acceleration,2391,-0.008132530120481873
acceleration,2392,-0.007981927710843328
acceleration,2393,0.016114457831325146
acceleration,2394,-0.009412650602409645
acceleration,2395,-0.005195783132530107
acceleration,2396,-0.0030120481927710663
acceleration,2397,-0.0033885542168674565
acceleration,2398,0.01942771084337347
acceleration,2399,-0.0030873493975903665
acceleration,2400,-0.016415662650602403
acceleration,2401,-0.009487951807228945
acceleration,2402,0.002710843373494032
acceleration,2403,0.002936746987951877
acceleration,2404,0.002108433734939741
acceleration,2405,0.0022590361445783413
acceleration,2406,-0.017620481927710818
acceleration,2407,-0.007454819277108393
acceleration,2408,0.009638554216867434
acceleration,2409,-0.0021837349397590966
acceleration,2410,-0.006174698795180733
acceleration,2411,0.006099397590361599
acceleration,2412,-0.0018072289156626509
acceleration,2413,-0.012801204819277101
acceleration,2414,0.005647590361445798
acceleration,2415,-0.0039909638554216365
acceleration,2416,0.00956325301204819
acceleration,2417,-0.014081325301204872
acceleration,2418,0.011596385542168686
acceleration,2419,0.01031626506024097
acceleration,2420,-0.015512048192771077
acceleration,2421,-0.004593373493975927
acceleration,2422,0.01152108433734933
acceleration,2423,0.006475903614457712
acceleration,2424,0.01762048192771093
acceleration,2425,0.0018825301204818956
acceleration,2426,-0.0033132530120481563
acceleration,2427,-0.002484939759036131
acceleration,2428,-0.002861445783132577
acceleration,2429,0.014533132530120452
acceleration,2430,0.008885542168674654
acceleration,2431,0.0015813253012048056
acceleration,2432,-0.01709337349397594
acceleration,2433,0.012725903614457912
acceleration,2434,0.013704819277108427
acceleration,2435,0.020557228915662584
acceleration,2436,-0.024246987951807242
acceleration,2437,-0.0070783132530120585
acceleration,2438,0.024472891566265087
acceleration,2439,-0.002259036144578286
acceleration,2440,0.0017319277108432951
acceleration,2441,-0.0033885542168674565
acceleration,2442,-0.004743975903614417
acceleration,2443,-0.0033132530120482673
acceleration,2444,0.009036144578313254
acceleration,2445,0.014608433734939807
acceleration,2446,-0.022138554216867445
acceleration,2447,-0.0126506024096385
acceleration,2448,-0.0003765060240963902
acceleration,2449,-0.008584337349397675
acceleration,2450,0.017846385542168663
acceleration,2451,-0.009111445783132555
acceleration,2452,-0.011897590361445776
acceleration,2453,0.0013554216867469604
acceleration,2454,-0.005798192771084398
acceleration,2455,-0.012499999999999956
acceleration,2456,-0.009789156626506035
acceleration,2457,0.01046686746987957
acceleration,2458,0.0011295180722891152
acceleration,2459,0.013177710843373491
acceleration,2460,0.017771084337349308
acceleration,2461,0.005873493975903532
acceleration,2462,0.0022590361445783413
acceleration,2463,-0.0184487951807229
acceleration,2464,0.0005271084337349352
acceleration,2465,-0.001204819277108471
acceleration,2466,-0.003237951807228856
acceleration,2467,0.0024849397590360756
acceleration,2468,0.0060240963855421326
acceleration,2469,0.004367469879518082
acceleration,2470,-0.012725903614457912
acceleration,2471,0.02048192771084334
acceleration,2472,0.015587349397590433
acceleration,2473,0.002710843373494032
acceleration,2474,-0.026129518072289193
acceleration,2475,-0.019352409638554224
acceleration,2476,0.0022590361445783413
acceleration,2477,0.01882530120481929
acceleration,2478,0.01016566265060237
acceleration,2479,0.001506024096385561
acceleration,2480,0.014457831325301207
acceleration,2481,0.00045180722891557945
acceleration,2482,0.03064759036144571
acceleration,2483,-0.0016566265060241059
acceleration,2484,-0.008659638554216864
acceleration,2485,-0.0001506024096386005
acceleration,2486,-0.0018825301204819511
acceleration,2487,0.0072289156626504925
acceleration,2488,0.013403614457831337
acceleration,2489,-0.00911144578313261
acceleration,2490,-0.000301204819277201
acceleration,2491,-0.024924698795180722
acceleration,2492,-0.004743975903614417
acceleration,2493,-0.005647590361445798
acceleration,2494,-0.0031626506024096668
acceleration,2495,0.014081325301204872
acceleration,2496,0.02944277108433735
acceleration,2497,0.0033885542168674565
acceleration,2498,0.02018072289156625
acceleration,2499,0.002936746987951877
acceleration,2500,-0.011144578313252995
acceleration,2501,-0.006551204819277123
acceleration,2502,0.011897590361445776
acceleration,2503,0.009036144578313254
acceleration,2504,0.01016566265060237
acceleration,2505,0.013403614457831337
acceleration,2506,-0.01701807228915664
acceleration,2507,0.016566265060240948
acceleration,2508,0.012499999999999956
acceleration,2509,-0.013780120481927671
acceleration,2510,-0.011370481927710785
acceleration,2511,0.015361445783132588
acceleration,2512,0.0015813253012048056
acceleration,2513,-0.006852409638554158
acceleration,2514,0.013027108433735002
acceleration,2515,0.009036144578313254
acceleration,2516,0.008584337349397675
acceleration,2517,0.006852409638554269
acceleration,2518,0.02093373493975903
acceleration,2519,0.0011295180722891152
acceleration,2520,-0.007454819277108504
acceleration,2521,-0.0034638554216867568
acceleration,2522,-0.01807228915662651
acceleration,2523,0.009036144578313254
acceleration,2524,-0.014382530120481962
acceleration,2525,-0.0011295180722891707
acceleration,2526,0.006777108433734913
acceleration,2527,0.008283132530120474
acceleration,2528,0.02929216867469875
acceleration,2529,-0.021234939759036175
acceleration,2530,-0.00030120481927709
acceleration,2531,-0.009789156626506035
acceleration,2532,0.008057228915662629
acceleration,2533,-0.000903614457831381
acceleration,2534,-0.000903614457831381
acceleration,2535,-0.00060240963855418
acceleration,2536,0.011596385542168797
acceleration,2537,0.007078313253012003
acceleration,2538,-7.530120481930025e-05
acceleration,2539,-0.01069277108433736
acceleration,2540,-0.004066265060241048
acceleration,2541,-0.004894578313253017
acceleration,2542,-0.004141566265060237
acceleration,2543,-0.006475903614457823
acceleration,2544,0.0008283132530120252
acceleration,2545,-0.009789156626506035
acceleration,2546,0.016039156626506013
acceleration,2547,-0.007454819277108504
acceleration,2548,-0.0018072289156627064
acceleration,2549,-0.026430722891566172
acceleration,2550,0.015587349397590433
acceleration,2551,0.004518072289156572
acceleration,2552,-0.0018072289156626509
acceleration,2553,-0.00030120481927709
acceleration,2554,-0.015060240963855442
acceleration,2555,0.0039909638554216365
acceleration,2556,-0.0028614457831325213
acceleration,2557,0.0001506024096386005
acceleration,2558,0.01076807228915655
acceleration,2559,-0.0011295180722891707
acceleration,2560,-0.0254518072289156
acceleration,2561,0.013554216867469826
acceleration,2562,0.0017319277108432951
acceleration,2563,-0.015135542168674743
acceleration,2564,-0.003915662650602447
acceleration,2565,-0.01009036144578318
acceleration,2566,-0.005195783132530107
acceleration,2567,-0.004066265060241048
acceleration,2568,0.017243975903614484
acceleration,2569,0.015210843373493987
acceleration,2570,0.011295180722891596
acceleration,2571,0.006099397590361488
acceleration,2572,0.01167168674698793
acceleration,2573,0.00045180722891557945
acceleration,2574,-0.010165662650602425
acceleration,2575,-0.0015813253012047501
acceleration,2576,-0.000903614457831381
acceleration,2577,0.027710843373493943
acceleration,2578,-0.006701807228915724
acceleration,2579,-0.01227409638554211
acceleration,2580,-0.006024096385542188
acceleration,2581,-0.013704819277108482
acceleration,2582,0.014457831325301207
acceleration,2583,-0.008207831325301174
acceleration,2584,-0.00120481927710836
acceleration,2585,0.020557228915662695
acceleration,2586,-0.0072289156626506035
acceleration,2587,0.013629518072289182
acceleration,2588,-0.0028614457831325213
acceleration,2589,0.005346385542168597
acceleration,2590,-0.01950301204819277
acceleration,2591,0.01031626506024097
acceleration,2592,-0.0033885542168674565
acceleration,2593,0.006701807228915668
acceleration,2594,0.0016566265060241614
acceleration,2595,0.0185240963855422
acceleration,2596,0.002108433734939741
acceleration,2597,-7.530120481930025e-05
acceleration,2598,-0.0003765060240963902
acceleration,2599,-0.0005271084337349907
acceleration,2600,0.025828313253012047
acceleration,2601,0.002936746987951655
acceleration,2602,0.0060240963855421326
acceleration,2603,0.006777108433734913
acceleration,2604,-0.005045180722891507
acceleration,2605,0.012048192771084376
acceleration,2606,0.006249999999999978
acceleration,2607,0.0001506024096386005
acceleration,2608,0.005346385542168708
acceleration,2609,-0.01159638554216863
acceleration,2610,0.01882530120481929
acceleration,2611,-0.010843373493975794
acceleration,2612,-0.013930722891566272
acceleration,2613,-0.002635542168674676
acceleration,2614,0.011822289156626531
acceleration,2615,0.0015813253012048056
acceleration,2616,-0.006325301204819278
acceleration,2617,-0.0016566265060241059
acceleration,2618,0.01867469879518069
acceleration,2619,0.004668674698795172
acceleration,2620,0.002033132530120496
acceleration,2621,-0.021762048192771166
acceleration,2622,0.02093373493975903
acceleration,2623,0.0009789156626506257
acceleration,2624,0.008885542168674765
acceleration,2625,-0.010617469879518115
acceleration,2626,0.00120481927710836
acceleration,2627,-0.016039156626506013
acceleration,2628,-0.005496987951807197
acceleration,2629,0.0004518072289156905
acceleration,2630,-0.008885542168674654
acceleration,2631,0.011822289156626531
acceleration,2632,0.0021837349397590966
acceleration,2633,0.0063253012048192225
acceleration,2634,-0.01174698795180723
acceleration,2635,-0.00030120481927709
acceleration,2636,-0.0018825301204819511
acceleration,2637,0.001506024096385561
acceleration,2638,0.018900602409638534
acceleration,2639,0.026506024096385583
acceleration,2640,-0.007756024096385594
acceleration,2641,-0.009789156626506035
acceleration,2642,-0.0034638554216867012
acceleration,2643,0.0036897590361444355
acceleration,2644,-0.013478915662650581
acceleration,2645,-0.0012048192771085264
acceleration,2646,0.002635542168674676
acceleration,2647,-0.005572289156626553
acceleration,2648,-0.01001506024096388
acceleration,2649,-0.008358433734939774
acceleration,2650,0.013253012048192736
acceleration,2651,0.00030120481927709
acceleration,2652,-0.0009789156626505702
acceleration,2653,-0.010918674698795205
acceleration,2654,-0.004819277108433717
acceleration,2655,-0.02055722891566264
acceleration,2656,0.003237951807228856
acceleration,2657,-0.0127259036144578
acceleration,2658,-0.0025602409638554313
acceleration,2659,0.012876506024096401
acceleration,2660,0.002936746987951766
acceleration,2661,0.001807228915662762
acceleration,2662,-0.0033132530120481563
acceleration,2663,0.0037650602409639022
acceleration,2664,-0.009412650602409645
acceleration,2665,-0.0182981927710843
acceleration,2666,-0.006024096385542188
acceleration,2667,-0.027786144578313243
acceleration,2668,-0.003840361445783147
acceleration,2669,-0.01641566265060246
acceleration,2670,0.013930722891566272
acceleration,2671,0.005948795180722999
acceleration,2672,-0.0072289156626506035
acceleration,2673,-0.014984939759036142
acceleration,2674,0.003237951807228856
acceleration,2675,0.02168674698795181
acceleration,2676,0.006701807228915668
acceleration,2677,-0.0037650602409638467
acceleration,2678,-0.024246987951807242
acceleration,2679,0.01046686746987946
acceleration,2680,-0.015662650602409622
acceleration,2681,-0.006325301204819278
acceleration,2682,0.006852409638554269
acceleration,2683,-0.0010542168674698704
acceleration,2684,-0.021987951807228845
acceleration,2685,-0.01106927710843375
acceleration,2686,0.0013554216867469604
acceleration,2687,-0.0033132530120482673
acceleration,2688,0.014683734939759052
acceleration,2689,0.002936746987951877
acceleration,2690,0.02853915662650608
acceleration,2691,0.006174698795180733
acceleration,2692,-0.002409638554216831
acceleration,2693,-0.0001506024096386005
acceleration,2694,-0.005271084337349408
acceleration,2695,0.012499999999999956
acceleration,2696,-0.0017319277108433506
acceleration,2697,-0.017921686746987908
acceleration,2698,-0.004593373493975816
acceleration,2699,-0.020933734939758974
acceleration,2700,-0.0030873493975903665
acceleration,2701,-0.006626506024096368
acceleration,2702,-0.021460843373493965
acceleration,2703,0.0009789156626505147
acceleration,2704,-0.0005271084337349907
acceleration,2705,0.0021837349397590966
acceleration,2706,-0.004141566265060237
acceleration,2707,-0.001204819277108471
acceleration,2708,0.001807228915662762
acceleration,2709,0.0034638554216867012
acceleration,2710,-0.022063253012048145
acceleration,2711,-0.0007530120481927804
acceleration,2712,-0.01890060240963859
acceleration,2713,-0.0007530120481927804
acceleration,2714,-0.008734939759036053
acceleration,2715,-0.004066265060240937
acceleration,2716,0.006852409638554158
acceleration,2717,0.004066265060240992
acceleration,2718,0.01137048192771073
acceleration,2719,0.011596385542168686
acceleration,2720,0.0018825301204818956
acceleration,2721,0.014457831325301207
acceleration,2722,0.013780120481927671
acceleration,2723,0.002936746987951766
acceleration,2724,-0.002259036144578286
acceleration,2725,0.02168674698795181
acceleration,2726,-0.009864457831325335
acceleration,2727,-0.0073795180722891485
acceleration,2728,0.003012048192771122
acceleration,2729,0.00022590361445784524
acceleration,2730,-0.015210843373493987
acceleration,2731,0.006174698795180733
acceleration,2732,-0.005722891566264987
acceleration,2733,0.00986445783132528
acceleration,2734,0.00850903614457832
acceleration,2735,-0.014683734939759108
acceleration,2736,-0.008659638554216864
acceleration,2737,0.0027861445783132766
acceleration,2738,0.0014307228915663162
acceleration,2739,-0.0034638554216867568
acceleration,2740,0.015888554216867523
acceleration,2741,0.02108433734939763
acceleration,2742,0.019954819277108404
acceleration,2743,-0.005572289156626498
acceleration,2744,-0.002710843373493921
acceleration,2745,-0.021912650602409656
acceleration,2746,-0.008132530120481984
acceleration,2747,0.011596385542168686
acceleration,2748,0.016641566265060304
acceleration,2749,-0.002033132530120496
acceleration,2750,0.0185240963855422
acceleration,2751,0.0025602409638554313
acceleration,2752,-0.003915662650602447
acceleration,2753,0.01091867469879515
acceleration,2754,0.011596385542168797
acceleration,2755,-0.0037650602409638467
acceleration,2756,0.002635542168674676
acceleration,2757,-0.021837349397590355
acceleration,2758,0.019804216867469804
acceleration,2759,0.027409638554216964
acceleration,2760,-0.0018072289156626509
acceleration,2761,-0.01890060240963859
acceleration,2762,-0.01641566265060246
acceleration,2763,-0.012349397590361522
acceleration,2764,0.012951807228915646
acceleration,2765,0.005271084337349352
acceleration,2766,-0.008659638554216864
acceleration,2767,-0.002334337349397586
acceleration,2768,0.015286144578313232
acceleration,2769,0.014608433734939696
acceleration,2770,-7.530120481918923e-05
acceleration,2771,-0.0003765060240963902
acceleration,2772,-0.007756024096385594
acceleration,2773,-0.0034638554216867012
acceleration,2774,-0.022891566265060337
acceleration,2775,0.000903614457831381
acceleration,2776,0.005496987951807197
acceleration,2777,0.00865963855421692
acceleration,2778,-0.010617469879518115
acceleration,2779,-0.006701807228915724
acceleration,2780,0.01061746987951806
acceleration,2781,-0.005045180722891618
acceleration,2782,-0.0019578313253011403
acceleration,2783,-0.0008283132530120807
acceleration,2784,-0.00045180722891557945
acceleration,2785,0.0036144578313253017
acceleration,2786,0.006099397590361488
acceleration,2787,-0.004518072289156627
acceleration,2788,-7.530120481935576e-05
acceleration,2789,-0.006099397590361377
acceleration,2790,0.005045180722891618
acceleration,2791,-0.0001506024096386005
acceleration,2792,0.009939759036144635
acceleration,2793,-0.01144578313253014
acceleration,2794,-0.00120481927710836
acceleration,2795,-0.0038403614457830915
acceleration,2796,-0.007003012048192758
acceleration,2797,-0.024322289156626486
acceleration,2798,-0.0011295180722891707
acceleration,2799,-0.01799698795180721
acceleration,2800,0.01792168674698802
acceleration,2801,-0.004743975903614417
acceleration,2802,0.00896084337349401
acceleration,2803,0.007078313253012003
acceleration,2804,0.0
acceleration,2805,0.014231927710843473
acceleration,2806,-0.0033132530120481563
acceleration,2807,0.028614457831325324
acceleration,2808,0.006099397590361488
acceleration,2809,0.015060240963855387
acceleration,2810,-0.009487951807228945
acceleration,2811,0.00820783132530123
acceleration,2812,-0.0036897590361446575
acceleration,2813,0.004066265060240992
acceleration,2814,-0.007981927710843384
acceleration,2815,-0.024774096385542177
acceleration,2816,-0.007756024096385483
acceleration,2817,-0.014307228915662662
acceleration,2818,-0.002560240963855487
acceleration,2819,-0.013177710843373491
acceleration,2820,0.013780120481927671
acceleration,2821,0.0017319277108432951
acceleration,2822,0.0021837349397589856
acceleration,2823,0.0018072289156626509
acceleration,2824,0.011144578313253106
acceleration,2825,-0.0003765060240963902
acceleration,2826,-0.014081325301204872
acceleration,2827,0.01927710843373487
acceleration,2828,-0.014984939759036198
acceleration,2829,-0.003840361445783147
acceleration,2830,0.0011295180722891152
acceleration,2831,-0.003689759036144491
acceleration,2832,0.00956325301204819
acceleration,2833,0.0072289156626504925
acceleration,2834,-0.004894578313253017
acceleration,2835,-0.008885542168674765
acceleration,2836,0.007605421686747049
acceleration,2837,0.006777108433734913
acceleration,2838,0.019051204819277023
acceleration,2839,0.009939759036144635
acceleration,2840,0.00805722891566274
acceleration,2841,0.004969879518072262
acceleration,2842,0.015361445783132477
acceleration,2843,-0.002033132530120496
acceleration,2844,0.006551204819277179
acceleration,2845,-0.0010542168674698704
acceleration,2846,-0.008358433734939663
acceleration,2847,0.006852409638554158
acceleration,2848,0.005120481927710863
acceleration,2849,0.004894578313253017
acceleration,2850,-0.002259036144578286
acceleration,2851,0.00060240963855418
acceleration,2852,0.014156626506024117
acceleration,2853,-0.0021837349397590966
acceleration,2854,0.010391566265060215
acceleration,2855,0.008584337349397564
acceleration,2856,0.004593373493975816
acceleration,2857,0.0033885542168674565
acceleration,2858,-0.000903614457831381
acceleration,2859,0.01152108433734933
acceleration,2860,-0.004593373493975816
acceleration,2861,-0.0025602409638554313
acceleration,2862,0.019954819277108404
acceleration,2863,0.0018825301204818956
acceleration,2864,-0.010542168674698815
acceleration,2865,-0.019352409638554224
acceleration,2866,0.0066265060240963125
acceleration,2867,-0.02756024096385551
acceleration,2868,0.012650602409638556
acceleration,2869,-0.0011295180722891707
acceleration,2870,0.006852409638554158
acceleration,2871,0.008283132530120474
acceleration,2872,0.000301204819277201
acceleration,2873,0.013780120481927671
acceleration,2874,0.003237951807228967
acceleration,2875,0.006852409638554269
acceleration,2876,-0.009563253012048134
acceleration,2877,0.001807228915662762
acceleration,2878,-0.020105421686747005
acceleration,2879,-0.013704819277108482
acceleration,2880,-0.014984939759036142
acceleration,2881,0.013328313253012092
acceleration,2882,0.0001506024096386005
acceleration,2883,-0.00022590361445778973
acceleration,2884,-0.012951807228915702
acceleration,2885,0.010542168674698815
acceleration,2886,0.0066265060240963125
acceleration,2887,-0.004141566265060237
acceleration,2888,-0.01957831325301207
acceleration,2889,-0.023117469879518127
acceleration,2890,0.01031626506024097
acceleration,2891,0.006174698795180733
acceleration,2892,0.0015813253012048056
acceleration,2893,-0.006551204819277123
acceleration,2894,0.010617469879517949
acceleration,2895,-0.023192771084337316
acceleration,2896,-0.01137048192771084
acceleration,2897,-0.0031626506024096113
acceleration,2898,-0.0008283132530120807
acceleration,2899,0.019653614457831203
acceleration,2900,0.013629518072289293
acceleration,2901,0.01031626506024097
acceleration,2902,0.01182228915662642
acceleration,2903,0.0004518072289156905
acceleration,2904,0.0033885542168674565
acceleration,2905,-0.006099397590361488
acceleration,2906,0.006475903614457823
acceleration,2907,-0.021912650602409545
acceleration,2908,0.00986445783132528
acceleration,2909,-0.0017319277108433506
acceleration,2910,-0.01137048192771084
acceleration,2911,0.008734939759036053
acceleration,2912,-0.007680722891566294
acceleration,2913,7.530120481924474e-05
acceleration,2914,0.013930722891566272
acceleration,2915,-0.021385542168674776
acceleration,2916,-0.022515060240963836
acceleration,2917,-0.006701807228915668
acceleration,2918,-0.002033132530120496
acceleration,2919,-0.017620481927710818
acceleration,2920,0.007756024096385539
acceleration,2921,0.011596385542168686
acceleration,2922,0.004066265060240992
acceleration,2923,0.014683734939759052
acceleration,2924,-0.013478915662650692
acceleration,2925,-0.008207831325301285
acceleration,2926,0.004367469879518082
acceleration,2927,-0.008132530120481873
acceleration,2928,-0.016415662650602403
acceleration,2929,0.02033132530120485
acceleration,2930,0.004367469879518082
acceleration,2931,-0.010015060240963825
acceleration,2932,-0.0061746987951806775
acceleration,2933,-0.0126506024096385
acceleration,2934,-0.024698795180722877
acceleration,2935,-0.009939759036144635
acceleration,2936,0.000903614457831381
acceleration,2937,-0.01287650602409629
acceleration,2938,-0.01664156626506036
acceleration,2939,-0.007605421686746994
acceleration,2940,-0.008734939759036053
acceleration,2941,-0.006852409638554213
acceleration,2942,0.01167168674698793
acceleration,2943,0.002710843373493921
acceleration,2944,-0.008885542168674654
acceleration,2945,-0.010165662650602425
acceleration,2946,-0.008885542168674654
acceleration,2947,0.0019578313253011403
acceleration,2948,-0.002484939759036131
acceleration,2949,-0.004743975903614417
acceleration,2950,-0.008885542168674654
acceleration,2951,0.006249999999999978
acceleration,2952,0.01106927710843375
acceleration,2953,0.004442771084337438
acceleration,2954,-0.034939759036144546
acceleration,2955,0.0015813253012048056
acceleration,2956,-0.014307228915662662
acceleration,2957,0.0011295180722891152
acceleration,2958,-0.003539156626506057
acceleration,2959,0.01362951807228907
acceleration,2960,0.02334337349397586
acceleration,2961,-0.0036897590361445465
acceleration,2962,0.012349397590361466
acceleration,2963,0.021912650602409656
acceleration,2964,0.008734939759036164
acceleration,2965,0.033584337349397586
acceleration,2966,-0.0006777108433733692
acceleration,2967,0.01001506024096388
acceleration,2968,-0.005722891566265098
acceleration,2969,0.0025602409638554313
acceleration,2970,-0.009412650602409645
acceleration,2971,0.009713855421686679
acceleration,2972,0.006777108433734913
acceleration,2973,-0.01957831325301207
acceleration,2974,-0.01927710843373498
acceleration,2975,0.002108433734939852
acceleration,2976,0.02063253012048205
acceleration,2977,-0.000301204819277201
acceleration,2978,0.00045180722891557945
acceleration,2979,0.005346385542168597
acceleration,2980,-0.008810240963855354
acceleration,2981,0.015512048192771077
acceleration,2982,-0.008283132530120474
acceleration,2983,0.01152108433734933
acceleration,2984,0.0036897590361445465
acceleration,2985,0.004743975903614417
acceleration,2986,-0.008810240963855465
acceleration,2987,-0.008132530120481984
acceleration,2988,0.00956325301204819
acceleration,2989,-0.002560240963855487
acceleration,2990,0.008885542168674654
acceleration,2991,0.02575301204819269
acceleration,2992,0.011144578313252995
acceleration,2993,0.005120481927710863
acceleration,2994,0.006400602409638578
acceleration,2995,-0.0012801204819276601
acceleration,2996,0.00790662650602414
acceleration,2997,-0.005271084337349408
acceleration,2998,0.0019578313253012514
acceleration,2999,-0.024171686746987886
acceleration,3000,-0.012198795180722866
acceleration,3001,0.0017319277108432951
acceleration,3002,-0.0127259036144578
acceleration,3003,0.01362951807228907
acceleration,3004,-0.023268072289156616
acceleration,3005,-0.0027108433734939763
acceleration,3006,0.00790662650602414
acceleration,3007,-0.004593373493975816
acceleration,3008,-0.03245481927710847
acceleration,3009,0.005271084337349352
acceleration,3010,0.008433734939759074
acceleration,3011,0.008734939759036164
acceleration,3012,-0.003915662650602447
acceleration,3013,-0.01980421686746986
acceleration,3014,0.009487951807228945
acceleration,3015,0.004141566265060237
acceleration,3016,-0.015135542168674743
acceleration,3017,0.002108433734939741
acceleration,3018,-0.012575301204819311
acceleration,3019,-0.0028614457831325213
acceleration,3020,0.016340361445783214
acceleration,3021,0.004216867469879482
acceleration,3022,0.0028614457831326323
acceleration,3023,-0.002183734939759041
acceleration,3024,0.015135542168674632
acceleration,3025,0.011295180722891596
acceleration,3026,0.001506024096385561
acceleration,3027,0.012349397590361466
acceleration,3028,0.010240963855421725
acceleration,3029,0.0008283132530120252
acceleration,3030,0.00022590361445784524
acceleration,3031,-0.0011295180722891707
acceleration,3032,-0.010316265060241026
acceleration,3033,-0.02025602409638544
acceleration,3034,0.02123493975903623
acceleration,3035,-0.01302710843373489
acceleration,3036,-0.0030873493975903665
acceleration,3037,-0.002936746987951766
acceleration,3038,-0.010542168674698815
acceleration,3039,0.0007530120481927804
acceleration,3040,0.0011295180722891152
acceleration,3041,0.0017319277108432951
acceleration,3042,-0.00060240963855418
acceleration,3043,0.003237951807228856
acceleration,3044,0.0025602409638554313
acceleration,3045,-0.004819277108433717
acceleration,3046,-0.0014307228915662606
acceleration,3047,0.004894578313253017
acceleration,3048,-0.010617469879518115
acceleration,3049,-0.010165662650602425
acceleration,3050,0.014457831325301207
acceleration,3051,-0.015361445783132532
acceleration,3052,-0.0008283132530119697
acceleration,3053,0.004066265060240992
acceleration,3054,0.02183734939759041
acceleration,3055,-0.0009789156626505702
acceleration,3056,0.024924698795180666
acceleration,3057,0.0072289156626504925
acceleration,3058,-0.009939759036144635
acceleration,3059,0.004367469879518082
acceleration,3060,-0.0012801204819277712
acceleration,3061,-0.005572289156626498
acceleration,3062,0.013704819277108427
acceleration,3063,0.005346385542168597
acceleration,3064,-0.008584337349397675
acceleration,3065,-0.01137048192771084
acceleration,3066,-0.008810240963855465
acceleration,3067,0.02914156626506026
acceleration,3068,-0.001204819277108471
acceleration,3069,-0.01129518072289154
acceleration,3070,0.023268072289156505
acceleration,3071,0.00835843373493983
acceleration,3072,0.001506024096385561
acceleration,3073,0.0018825301204818956
acceleration,3074,-0.015210843373493987
acceleration,3075,0.007756024096385539
acceleration,3076,0.005496987951807197
acceleration,3077,-0.022063253012048145
acceleration,3078,0.0075301204819276935
acceleration,3079,-0.0004518072289156905
acceleration,3080,0.0015813253012048056
acceleration,3081,0.002108433734939741
acceleration,3082,-0.0038403614457830915
acceleration,3083,-0.0009036144578312699
acceleration,3084,0.004066265060240992
acceleration,3085,0.005647590361445798
acceleration,3086,0.001807228915662762
acceleration,3087,0.007454819277108449
acceleration,3088,-0.004141566265060237
acceleration,3089,0.009638554216867434
acceleration,3090,-0.008509036144578264
acceleration,3091,0.01227409638554211
acceleration,3092,-0.004969879518072318
acceleration,3093,-0.007003012048192758
acceleration,3094,0.029066265060241014
acceleration,3095,-0.0037650602409638467
acceleration,3096,0.0016566265060241614
acceleration,3097,0.006551204819277179
acceleration,3098,-0.011822289156626475
acceleration,3099,0.01302710843373489
acceleration,3100,-0.003539156626506057
acceleration,3101,0.015813253012048167
acceleration,3102,-0.01709337349397594
acceleration,3103,-0.014834337349397542
acceleration,3104,-0.01287650602409629
acceleration,3105,0.002108433734939741
acceleration,3106,0.00022590361445784524
acceleration,3107,0.007379518072289093
acceleration,3108,-0.01227409638554211
acceleration,3109,-0.005873493975903643
acceleration,3110,-0.021686746987951755
acceleration,3111,-0.012801204819277101
acceleration,3112,-0.016566265060240948
acceleration,3113,0.013629518072289182
acceleration,3114,0.011521084337349441
acceleration,3115,-0.016340361445783158
acceleration,3116,0.022364457831325235
acceleration,3117,0.0037650602409639022
acceleration,3118,0.0075301204819276935
acceleration,3119,-0.008057228915662684
acceleration,3120,-0.012951807228915702
acceleration,3121,-0.01009036144578318
acceleration,3122,0.02018072289156636
acceleration,3123,0.0011295180722891152
acceleration,3124,0.014834337349397542
acceleration,3125,-0.008885542168674765
acceleration,3126,-0.007003012048192758
acceleration,3127,-0.006551204819277123
acceleration,3128,-0.019728915662650615
acceleration,3129,-0.00015060240963848948
acceleration,3130,-0.020933734939758974
acceleration,3131,0.00820783132530123
acceleration,3132,-0.013403614457831281
acceleration,3133,-0.008734939759036164
acceleration,3134,-0.01799698795180732
acceleration,3135,0.01242469879518071
acceleration,3136,0.014909638554216897
acceleration,3137,0.011822289156626531
acceleration,3138,-0.006701807228915668
acceleration,3139,0.0042921686746988374
acceleration,3140,0.01121987951807224
acceleration,3141,0.011295180722891596
acceleration,3142,-0.008509036144578264
acceleration,3143,0.0009789156626505147
acceleration,3144,0.0007530120481927804
acceleration,3145,0.0
acceleration,3146,0.002936746987951766
acceleration,3147,0.0016566265060241614
acceleration,3148,0.007981927710843384
acceleration,3149,-0.020632530120481996
acceleration,3150,0.01076807228915655
acceleration,3151,0.004367469879518082
acceleration,3152,0.016415662650602347
acceleration,3153,7.530120481924474e-05
acceleration,3154,-0.004969879518072318
acceleration,3155,-0.00022590361445778973
acceleration,3156,0.008132530120481873
acceleration,3157,-0.000903614457831381
acceleration,3158,0.014984939759036253
acceleration,3159,0.001506024096385561
acceleration,3160,-0.004066265060240937
acceleration,3161,-0.00022590361445778973
acceleration,3162,-0.0018825301204819511
acceleration,3163,0.009487951807228834
acceleration,3164,-0.009487951807228945
acceleration,3165,0.008283132530120474
acceleration,3166,-0.001506024096385561
acceleration,3167,-0.007454819277108504
acceleration,3168,-0.0011295180722891707
acceleration,3169,-0.004894578313253017
acceleration,3170,-0.014683734939759052
acceleration,3171,0.025602409638554202
acceleration,3172,0.01167168674698793
acceleration,3173,0.010843373493975905
acceleration,3174,0.005346385542168597
acceleration,3175,-0.029216867469879504
acceleration,3176,0.0033132530120482118
acceleration,3177,-0.00060240963855418
acceleration,3178,-0.014533132530120507
acceleration,3179,-0.013780120481927671
acceleration,3180,-0.007981927710843328
acceleration,3181,-0.005271084337349408
acceleration,3182,0.0024849397590360756
acceleration,3183,0.015060240963855387
acceleration,3184,0.0018825301204818956
acceleration,3185,0.005045180722891618
acceleration,3186,0.013328313253012092
acceleration,3187,0.017545180722891573
acceleration,3188,-0.014909638554216842
acceleration,3189,-0.0021837349397590966
acceleration,3190,0.003840361445783036
acceleration,3191,0.006174698795180733
acceleration,3192,0.014457831325301207
acceleration,3193,-0.006174698795180733
acceleration,3194,0.020256024096385494
acceleration,3195,-0.012123493975903565
acceleration,3196,-0.001204819277108471
acceleration,3197,-0.015662650602409622
acceleration,3198,-0.0011295180722891707
acceleration,3199,-0.0034638554216867568
acceleration,3200,0.014156626506024117
acceleration,3201,-0.003539156626505946
acceleration,3202,0.017695783132530174
acceleration,3203,-0.008358433734939774
acceleration,3204,-0.005798192771084398
acceleration,3205,0.007981927710843273
acceleration,3206,0.01212349397590351
acceleration,3207,-0.007981927710843328
acceleration,3208,-0.002484939759036131
acceleration,3209,0.02168674698795181
acceleration,3210,-0.004819277108433828
acceleration,3211,-0.020707831325301185
acceleration,3212,0.014533132530120452
acceleration,3213,0.014909638554216786
acceleration,3214,-0.00060240963855418
acceleration,3215,-0.008057228915662573
acceleration,3216,-0.006551204819277068
acceleration,3217,0.0031626506024097223
acceleration,3218,0.0024849397590360756
acceleration,3219,0.0005271084337349352
acceleration,3220,-0.014759036144578352
acceleration,3221,-0.0021837349397590966
acceleration,3222,-0.006099397590361488
acceleration,3223,0.002334337349397586
acceleration,3224,0.005722891566265043
acceleration,3225,0.0028614457831325213
acceleration,3226,-0.01197289156626502
acceleration,3227,-0.005873493975903588
acceleration,3228,-0.01167168674698793
acceleration,3229,0.006701807228915668
acceleration,3230,-0.009713855421686735
acceleration,3231,0.003012048192771122
acceleration,3232,-0.002033132530120496
acceleration,3233,0.020105421686747005
acceleration,3234,0.010090361445783236
acceleration,3235,0.002334337349397697
acceleration,3236,0.0007530120481926694
acceleration,3237,-0.014683734939759052
acceleration,3238,-0.028539156626506024
acceleration,3239,0.021159638554216764
acceleration,3240,0.008283132530120474
acceleration,3241,-0.0019578313253011403
acceleration,3242,-0.0030120481927710663
acceleration,3243,-0.0031626506024096668
acceleration,3244,-0.005421686746988008
acceleration,3245,-0.013027108433735002
acceleration,3246,0.022063253012048256
acceleration,3247,0.0
acceleration,3248,-0.01927710843373498
acceleration,3249,-0.006249999999999978
acceleration,3250,-0.012123493975903621
acceleration,3251,0.014081325301204872
acceleration,3252,-0.0075301204819276935
acceleration,3253,0.010542168674698815
acceleration,3254,0.022665662650602436
acceleration,3255,0.01031626506024097
acceleration,3256,0.007680722891566183
acceleration,3257,0.017319277108433728
acceleration,3258,0.01242469879518071
acceleration,3259,0.0012801204819277157
acceleration,3260,-0.005421686746988008
acceleration,3261,-0.017771084337349474
acceleration,3262,0.008433734939759074
acceleration,3263,-0.003237951807228856
acceleration,3264,0.0075301204819276935
acceleration,3265,-7.530120481930025e-05
acceleration,3266,0.00060240963855418
acceleration,3267,0.001807228915662762
acceleration,3268,0.0006777108433735357
acceleration,3269,-0.003539156626505946
acceleration,3270,-0.014984939759036198
acceleration,3271,0.009487951807228834
acceleration,3272,0.007153614457831359
acceleration,3273,-0.015587349397590378
acceleration,3274,-0.007003012048192758
acceleration,3275,0.016189759036144613
acceleration,3276,-0.003915662650602336
acceleration,3277,-0.015888554216867412
acceleration,3278,-0.0028614457831325213
acceleration,3279,0.027635542168674698
acceleration,3280,-0.009563253012048245
acceleration,3281,0.02274096385542168
acceleration,3282,-0.024472891566265087
acceleration,3283,0.026054216867469893
acceleration,3284,0.0027861445783132766
acceleration,3285,0.013403614457831337
acceleration,3286,0.018749999999999933
acceleration,3287,0.01227409638554211
acceleration,3288,0.01152108433734933
acceleration,3289,0.005948795180722999
acceleration,3290,0.018599397590361444
acceleration,3291,0.002033132530120496
acceleration,3292,-0.024548192771084276
acceleration,3293,0.003840361445783036
acceleration,3294,-0.027786144578313243
acceleration,3295,-0.015963855421686768
acceleration,3296,0.0004518072289158015
acceleration,3297,-0.0011295180722891707
acceleration,3298,0.009487951807228945
acceleration,3299,0.005120481927710863
acceleration,3300,-0.011370481927710785
acceleration,3301,0.006174698795180733
acceleration,3302,-0.006174698795180733
acceleration,3303,-0.006325301204819278
acceleration,3304,-0.004518072289156627
acceleration,3305,-0.01129518072289154
acceleration,3306,0.013177710843373491
acceleration,3307,0.023117469879518127
acceleration,3308,0.018599397590361444
acceleration,3309,0.004216867469879482
acceleration,3310,0.014307228915662606
acceleration,3311,0.007304216867469848
acceleration,3312,0.0033885542168674565
acceleration,3313,-0.01167168674698793
acceleration,3314,0.018749999999999933
acceleration,3315,-0.0069277108433735135
acceleration,3316,0.03034638554216862
acceleration,3317,0.020406626506024095
acceleration,3318,0.008584337349397564
acceleration,3319,-0.0004518072289156905
acceleration,3320,0.0015813253012048056
acceleration,3321,-0.0014307228915663162
acceleration,3322,-0.014457831325301151
acceleration,3323,-0.0033132530120481563
acceleration,3324,0.007831325301204783
acceleration,3325,0.011521084337349441
acceleration,3326,-0.003539156626506057
acceleration,3327,0.021611445783132566
acceleration,3328,0.0033885542168674565
acceleration,3329,-0.016340361445783158
acceleration,3330,-0.012951807228915702
acceleration,3331,0.01957831325301207
acceleration,3332,0.007003012048192758
acceleration,3333,-0.0005271084337349907
acceleration,3334,0.019954819277108404
acceleration,3335,0.005496987951807197
acceleration,3336,0.0031626506024097223
acceleration,3337,0.006777108433734913
acceleration,3338,0.004668674698795172
acceleration,3339,-0.01814759036144581
acceleration,3340,-0.005421686746987897
acceleration,3341,-0.0075301204819276935
acceleration,3342,0.0024849397590360756
acceleration,3343,-0.00030120481927709
acceleration,3344,-0.016566265060240948
acceleration,3345,-0.010918674698795205
acceleration,3346,-7.530120481930025e-05
acceleration,3347,0.009789156626506035
acceleration,3348,0.010993975903614506
acceleration,3349,-0.005271084337349408
acceleration,3350,-0.01709337349397594
acceleration,3351,0.004442771084337327
acceleration,3352,-0.004969879518072207
acceleration,3353,-0.0018825301204819511
acceleration,3354,-0.01204819277108432
acceleration,3355,0.015512048192770966
acceleration,3356,0.007003012048192869
acceleration,3357,-0.01995481927710846
acceleration,3358,-0.0016566265060241059
acceleration,3359,-0.009563253012048245
acceleration,3360,-0.007906626506024084
acceleration,3361,0.02394578313253004
acceleration,3362,-0.013554216867469882
acceleration,3363,-0.011596385542168741
acceleration,3364,-0.001204819277108471
acceleration,3365,-0.0008283132530119697
acceleration,3366,0.006475903614457823
acceleration,3367,0.002710843373493921
acceleration,3368,-0.002033132530120496
acceleration,3369,0.0025602409638555423
acceleration,3370,-0.0007530120481927804
acceleration,3371,0.0033132530120482118
acceleration,3372,0.0075301204819276935
acceleration,3373,-0.008207831325301174
acceleration,3374,-0.006099397590361488
acceleration,3375,0.00805722891566274
acceleration,3376,0.013554216867469826
acceleration,3377,-0.0028614457831325213
acceleration,3378,0.009186746987951855
acceleration,3379,0.01227409638554211
acceleration,3380,0.014759036144578297
acceleration,3381,0.010692771084337416
acceleration,3382,-0.0070783132530120585
acceleration,3383,-0.0031626506024096668
acceleration,3384,0.007756024096385539
acceleration,3385,-0.027259036144578364
acceleration,3386,0.01137048192771084
acceleration,3387,0.010843373493976016
acceleration,3388,-0.006701807228915668
acceleration,3389,0.0069277108433735135
acceleration,3390,-0.01935240963855417
acceleration,3391,-0.013403614457831281
acceleration,3392,-0.008734939759036053
acceleration,3393,-0.0030873493975903665
acceleration,3394,0.00820783132530123
acceleration,3395,-0.02515060240963851
acceleration,3396,-0.013554216867469882
acceleration,3397,0.0042921686746988374
acceleration,3398,0.009487951807228945
acceleration,3399,0.005722891566265043
acceleration,3400,-0.002710843373493921
acceleration,3401,0.0027861445783132766
acceleration,3402,0.011822289156626531
acceleration,3403,0.017394578313253084
acceleration,3404,-0.008207831325301285
acceleration,3405,-0.0012801204819277712
acceleration,3406,-0.019352409638554224
acceleration,3407,0.007605421686747049
acceleration,3408,-7.530120481930025e-05
acceleration,3409,-0.01920180722891568
acceleration,3410,-0.0038403614457830915
acceleration,3411,-0.013554216867469882
acceleration,3412,0.001506024096385561
acceleration,3413,-0.0023343373493975306
acceleration,3414,-0.001355421686747016
acceleration,3415,0.00060240963855418
acceleration,3416,0.012048192771084376
acceleration,3417,0.000903614457831381
acceleration,3418,-0.0011295180722891707
acceleration,3419,0.0019578313253011403
acceleration,3420,0.00022590361445784524
acceleration,3421,-0.0007530120481927804
acceleration,3422,-0.01174698795180723
acceleration,3423,-0.0037650602409638467
acceleration,3424,-0.014382530120481851
acceleration,3425,0.004969879518072262
acceleration,3426,0.0017319277108432951
acceleration,3427,-0.017394578313252917
acceleration,3428,-0.005873493975903643
acceleration,3429,-0.0075301204819276935
acceleration,3430,0.009789156626506035
acceleration,3431,-0.017018072289156583
acceleration,3432,0.008057228915662629
acceleration,3433,0.02673192771084343
acceleration,3434,-0.003237951807228856
acceleration,3435,-0.011219879518072295
acceleration,3436,0.028614457831325324
acceleration,3437,-0.006701807228915724
acceleration,3438,-0.016490963855421648
acceleration,3439,0.023569277108433706
acceleration,3440,-0.0019578313253011403
acceleration,3441,-0.011897590361445776
acceleration,3442,0.01076807228915655
acceleration,3443,0.00865963855421692
acceleration,3444,-0.0037650602409638467
acceleration,3445,0.011596385542168797
acceleration,3446,0.009939759036144635
acceleration,3447,0.002409638554216942
acceleration,3448,0.01121987951807224
acceleration,3449,-0.007981927710843384
acceleration,3450,0.00805722891566274
acceleration,3451,-0.013253012048192792
acceleration,3452,-0.013855421686746971
acceleration,3453,-0.000903614457831381
acceleration,3454,-0.007680722891566294
acceleration,3455,0.014457831325301207
acceleration,3456,0.0005271084337349352
acceleration,3457,0.0006777108433734247
acceleration,3458,-0.01882530120481929
acceleration,3459,0.02364457831325295
acceleration,3460,-0.0033885542168674565
acceleration,3461,-0.005421686746988008
acceleration,3462,-0.002861445783132577
acceleration,3463,0.009186746987951855
acceleration,3464,0.0012801204819276046
acceleration,3465,-0.001957831325301196
acceleration,3466,0.008584337349397675
acceleration,3467,-0.012575301204819311
acceleration,3468,-0.004819277108433717
acceleration,3469,-0.02025602409638555
acceleration,3470,0.006174698795180733
acceleration,3471,-0.005120481927710918
acceleration,3472,0.005045180722891618
acceleration,3473,0.005271084337349352
acceleration,3474,-0.009262048192771155
acceleration,3475,-0.01769578313253012
acceleration,3476,-0.008283132530120474
acceleration,3477,0.005722891566265043
acceleration,3478,0.00030120481927709
acceleration,3479,0.015210843373493987
acceleration,3480,-0.001204819277108471
acceleration,3481,0.0009036144578312699
acceleration,3482,-0.01234939759036141
acceleration,3483,-0.0027108433734939763
acceleration,3484,-0.009186746987951855
acceleration,3485,-0.004743975903614417
acceleration,3486,0.02454819277108433
acceleration,3487,0.008885542168674654
acceleration,3488,0.002334337349397475
acceleration,3489,0.000602409638554291
acceleration,3490,-0.004442771084337327
acceleration,3491,-0.008283132530120474
acceleration,3492,0.0183734939759036
acceleration,3493,0.01227409638554211
acceleration,3494,0.004216867469879482
acceleration,3495,0.00030120481927709
acceleration,3496,0.0010542168674699814
acceleration,3497,-0.003087349397590311
acceleration,3498,0.015060240963855387
acceleration,3499,0.0092620481927711
acceleration,3500,-0.0033132530120481563
acceleration,3501,0.0036897590361446575
acceleration,3502,-0.01069277108433736
acceleration,3503,0.009337349397590344
acceleration,3504,0.011295180722891596
acceleration,3505,-0.002033132530120496
acceleration,3506,-0.012123493975903621
acceleration,3507,-0.0185240963855422
acceleration,3508,0.010692771084337416
acceleration,3509,0.01671686746987955
acceleration,3510,0.0075301204819276935
acceleration,3511,0.023418674698795106
acceleration,3512,0.0025602409638554313
acceleration,3513,-0.004367469879518027
acceleration,3514,-0.01167168674698793
acceleration,3515,0.0037650602409639022
acceleration,3516,0.004819277108433662
acceleration,3517,-0.014081325301204872
acceleration,3518,-0.005421686746988008
acceleration,3519,-0.007756024096385483
acceleration,3520,-0.006777108433734913
acceleration,3521,0.0015060240963854499
acceleration,3522,-0.000301204819277201
acceleration,3523,0.00956325301204819
acceleration,3524,0.0017319277108432951
acceleration,3525,0.016641566265060193
acceleration,3526,-0.014231927710843417
acceleration,3527,-0.018750000000000044
acceleration,3528,0.0014307228915662051
acceleration,3529,-0.016114457831325257
acceleration,3530,0.0009789156626506257
acceleration,3531,0.008659638554216809
acceleration,3532,0.0011295180722891152
acceleration,3533,0.008283132530120474
acceleration,3534,0.0007530120481927804
acceleration,3535,0.0072289156626504925
acceleration,3536,0.02123493975903623
acceleration,3537,0.007078313253012114
acceleration,3538,0.0034638554216868123
acceleration,3539,-0.001506024096385561
acceleration,3540,0.006174698795180733
acceleration,3541,-0.013478915662650581
acceleration,3542,-0.022213855421686746
acceleration,3543,0.0005271084337349352
acceleration,3544,0.018448795180722843
acceleration,3545,0.011596385542168797
acceleration,3546,-0.005798192771084287
acceleration,3547,0.0027861445783132766
acceleration,3548,0.01076807228915655
acceleration,3549,-0.001957831325301196
acceleration,3550,-0.01167168674698793
acceleration,3551,-0.03042168674698803
acceleration,3552,0.019503012048192714
acceleration,3553,-0.0027108433734939763
acceleration,3554,-0.0011295180722891707
acceleration,3555,0.004743975903614417
acceleration,3556,-0.009563253012048245
acceleration,3557,0.0011295180722891152
acceleration,3558,-0.008358433734939774
acceleration,3559,-0.020105421686747005
acceleration,3560,0.007003012048192758
acceleration,3561,0.0072289156626504925
acceleration,3562,-0.0016566265060241059
acceleration,3563,0.011144578313252995
acceleration,3564,0.006099397590361488
acceleration,3565,-0.009412650602409645
acceleration,3566,-0.004367469879518027
acceleration,3567,-0.02040662650602404
acceleration,3568,-0.003087349397590311
acceleration,3569,-0.0070783132530120585
acceleration,3570,0.01106927710843364
acceleration,3571,0.005496987951807197
acceleration,3572,0.002108433734939741
acceleration,3573,-0.003539156626506057
acceleration,3574,0.0019578313253011403
acceleration,3575,0.018900602409638534
acceleration,3576,0.008885542168674654
acceleration,3577,-0.008659638554216864
acceleration,3578,0.010015060240963769
acceleration,3579,0.006400602409638578
acceleration,3580,-0.016039156626506013
acceleration,3581,0.007304216867469959
acceleration,3582,0.005195783132530107
acceleration,3583,0.0005271084337349352
acceleration,3584,0.01957831325301207
acceleration,3585,0.011295180722891596
acceleration,3586,-0.005722891566265154
acceleration,3587,-0.027183734939758952
acceleration,3588,-0.012575301204819311
acceleration,3589,-0.002936746987951877
acceleration,3590,-0.008810240963855465
acceleration,3591,-0.01769578313253012
acceleration,3592,-0.005873493975903588
acceleration,3593,-0.01129518072289154
acceleration,3594,0.0001506024096386005
acceleration,3595,0.020256024096385605
acceleration,3596,-0.01920180722891568
acceleration,3597,0.0092620481927711
acceleration,3598,-0.004743975903614417
acceleration,3599,0.008132530120481873
acceleration,3600,-0.0016566265060241059
acceleration,3601,-0.01769578313253012
acceleration,3602,-0.013403614457831281
acceleration,3603,0.005948795180722777
acceleration,3604,-7.530120481930025e-05
acceleration,3605,0.01302710843373489
acceleration,3606,-0.005647590361445798
acceleration,3607,-0.01129518072289154
acceleration,3608,-0.022665662650602436
acceleration,3609,-0.027259036144578364
acceleration,3610,0.006475903614457712
acceleration,3611,0.007304216867469959
acceleration,3612,0.01046686746987946
acceleration,3613,0.002936746987951877
acceleration,3614,0.011897590361445887
acceleration,3615,0.020707831325301185
acceleration,3616,-0.0007530120481927804
acceleration,3617,0.008433734939759074
acceleration,3618,-0.008132530120481873
acceleration,3619,0.0027861445783132766
acceleration,3620,-0.0006777108433734802
acceleration,3621,-0.0024096385542168863
acceleration,3622,0.01152108433734933
acceleration,3623,0.005346385542168708
acceleration,3624,-0.005798192771084287
acceleration,3625,-0.0017319277108433506
acceleration,3626,0.0018825301204818956
acceleration,3627,0.013102409638554247
acceleration,3628,-0.004743975903614417
acceleration,3629,0.000301204819277201
acceleration,3630,-0.013930722891566272
acceleration,3631,-0.001506024096385561
acceleration,3632,-0.03614457831325302
acceleration,3633,0.024924698795180666
acceleration,3634,0.004216867469879482
acceleration,3635,-0.004292168674698726
acceleration,3636,0.006099397590361377
acceleration,3637,0.00865963855421692
acceleration,3638,0.022665662650602436
acceleration,3639,0.004367469879518082
acceleration,3640,0.020256024096385605
acceleration,3641,0.025376506024096468
acceleration,3642,0.01152108433734933
acceleration,3643,-0.0006777108433734802
acceleration,3644,-0.01837349397590371
acceleration,3645,-0.011596385542168741
acceleration,3646,0.002334337349397586
acceleration,3647,-0.006024096385542188
acceleration,3648,-0.026204819277108493
acceleration,3649,0.016189759036144613
acceleration,3650,-0.009939759036144635
acceleration,3651,-0.005496987951807197
acceleration,3652,0.005120481927710863
acceleration,3653,-0.01777108433734942
acceleration,3654,-0.0185993975903615
acceleration,3655,-0.023042168674698826
acceleration,3656,0.018147590361445753
acceleration,3657,0.005346385542168597
acceleration,3658,0.0015813253012048056
acceleration,3659,-0.0009036144578312699
acceleration,3660,-0.010240963855421725
acceleration,3661,-0.0030873493975904776
acceleration,3662,0.0024849397590360756
acceleration,3663,-0.00022590361445778973
acceleration,3664,-0.004593373493975816
acceleration,3665,0.0018072289156626509
acceleration,3666,-0.0003765060240963902
acceleration,3667,-0.003840361445783147
acceleration,3668,0.0006777108433734247
acceleration,3669,-0.0005271084337349907
acceleration,3670,-0.02003012048192765
acceleration,3671,0.01121987951807224
acceleration,3672,-0.004894578313253017
acceleration,3673,0.0017319277108434061
acceleration,3674,0.005647590361445798
acceleration,3675,0.017093373493975883
acceleration,3676,0.014156626506024117
acceleration,3677,-0.011822289156626531
acceleration,3678,0.027635542168674698
acceleration,3679,0.005271084337349352
acceleration,3680,0.001204819277108471
acceleration,3681,-0.007153614457831303
acceleration,3682,-0.014834337349397597
acceleration,3683,-0.023042168674698826
acceleration,3684,0.010542168674698815
acceleration,3685,-0.017921686746987908
acceleration,3686,-0.0072289156626506035
acceleration,3687,-0.01995481927710846
acceleration,3688,0.0005271084337349352
acceleration,3689,0.0015813253012049167
acceleration,3690,0.02123493975903623
acceleration,3691,0.01182228915662642
acceleration,3692,-0.013704819277108482
acceleration,3693,-0.0030120481927710663
acceleration,3694,0.013102409638554247
acceleration,3695,-0.012575301204819311
acceleration,3696,0.010993975903614506
acceleration,3697,-0.01144578313253014
acceleration,3698,0.023644578313253062
acceleration,3699,-0.0004518072289156905
acceleration,3700,-0.011219879518072295
acceleration,3701,-0.005496987951807253
acceleration,3702,-0.009186746987951855
acceleration,3703,-0.005346385542168597
acceleration,3704,0.007003012048192758
acceleration,3705,-0.01167168674698793
acceleration,3706,0.003840361445783258
acceleration,3707,-0.005120481927710918
acceleration,3708,-0.0037650602409638467
acceleration,3709,0.004518072289156572
acceleration,3710,-0.004442771084337438
acceleration,3711,0.006249999999999978
acceleration,3712,0.02063253012048194
acceleration,3713,-0.005948795180722943
acceleration,3714,-0.002936746987951766
acceleration,3715,-0.0028614457831325213
acceleration,3716,0.0031626506024097223
acceleration,3717,0.0006777108433734247
acceleration,3718,-0.0005271084337349907
acceleration,3719,-0.014457831325301262
acceleration,3720,-0.007304216867469904
acceleration,3721,0.013780120481927671
acceleration,3722,-0.0005271084337348797
acceleration,3723,0.007078313253012003
acceleration,3724,-0.011897590361445831
acceleration,3725,0.017319277108433728
acceleration,3726,-0.014533132530120452
acceleration,3727,-0.0127259036144578
acceleration,3728,0.007153614457831359
acceleration,3729,-0.005421686746988008
acceleration,3730,0.0010542168674698704
acceleration,3731,0.01242469879518071
acceleration,3732,-0.011144578313252995
acceleration,3733,0.001506024096385561
acceleration,3734,-0.0030120481927710663
acceleration,3735,0.009036144578313254
acceleration,3736,-0.007078313253012114
acceleration,3737,0.016265060240963858
acceleration,3738,0.008734939759036053
acceleration,3739,-0.012575301204819311
acceleration,3740,0.01792168674698802
acceleration,3741,0.013554216867469826
acceleration,3742,-0.003237951807228856
acceleration,3743,-0.01942771084337347
acceleration,3744,0.0072289156626506035
acceleration,3745,0.00865963855421692
acceleration,3746,0.023569277108433706
acceleration,3747,-0.015210843373493987
acceleration,3748,0.004367469879518082
acceleration,3749,0.0033132530120482118
acceleration,3750,0.0028614457831325213
acceleration,3751,0.003012048192771122
acceleration,3752,-0.006701807228915724
acceleration,3753,0.008734939759036164
acceleration,3754,-0.006777108433734913
acceleration,3755,0.017319277108433728
acceleration,3756,0.002108433734939741
acceleration,3757,-0.005346385542168597
acceleration,3758,0.006701807228915668
acceleration,3759,0.01897590361445789
acceleration,3760,-0.0027861445783132766
acceleration,3761,-0.0021837349397590966
acceleration,3762,-0.004593373493975927
acceleration,3763,-0.0015813253012048611
acceleration,3764,-0.007228915662650548
acceleration,3765,-0.011521084337349385
acceleration,3766,-0.00971385542168679
acceleration,3767,0.017846385542168663
acceleration,3768,-0.004969879518072318
acceleration,3769,0.015436746987951833
acceleration,3770,0.009337349397590455
acceleration,3771,-0.011144578313252995
acceleration,3772,-0.01905120481927708
acceleration,3773,0.012048192771084376
acceleration,3774,0.004668674698795172
acceleration,3775,-0.004518072289156627
acceleration,3776,0.007454819277108449
acceleration,3777,-0.01167168674698793
acceleration,3778,-0.0039909638554216365
acceleration,3779,-0.002033132530120496
acceleration,3780,0.02153614457831321
acceleration,3781,0.02409638554216864
acceleration,3782,0.021611445783132566
acceleration,3783,0.00790662650602414
acceleration,3784,0.019051204819277023
acceleration,3785,-0.008960843373493954
acceleration,3786,0.0027861445783132766
acceleration,3787,-0.014006024096385461
acceleration,3788,-0.018750000000000044
acceleration,3789,0.013253012048192736
acceleration,3790,0.003840361445783036
acceleration,3791,0.001506024096385561
acceleration,3792,-0.0070783132530120585
acceleration,3793,-0.0003765060240963902
acceleration,3794,0.00986445783132528
acceleration,3795,0.006701807228915779
acceleration,3796,-0.011972891566265131
acceleration,3797,0.014156626506024117
acceleration,3798,-0.005346385542168708
acceleration,3799,-0.009111445783132444
acceleration,3800,0.004894578313253017
acceleration,3801,-0.0031626506024096668
acceleration,3802,-0.005421686746987897
acceleration,3803,-0.015286144578313232
acceleration,3804,0.01746987951807233
acceleration,3805,0.00896084337349401
acceleration,3806,-0.005421686746987897
acceleration,3807,-0.010768072289156605
acceleration,3808,-0.014759036144578352
acceleration,3809,-0.026355421686746983
acceleration,3810,0.016792168674698793
acceleration,3811,-0.008433734939759074
acceleration,3812,0.0014307228915662051
acceleration,3813,0.0042921686746988374
acceleration,3814,0.011144578313252995
acceleration,3815,0.01106927710843375
acceleration,3816,0.013102409638554247
acceleration,3817,0.0016566265060241614
acceleration,3818,-0.009412650602409645
acceleration,3819,0.013629518072289182
acceleration,3820,-0.004066265060240937
acceleration,3821,-0.004593373493975927
acceleration,3822,0.00835843373493983
acceleration,3823,-0.001506024096385561
acceleration,3824,-0.011219879518072351
acceleration,3825,0.0033132530120482118
acceleration,3826,0.009412650602409589
acceleration,3827,0.018448795180722843
acceleration,3828,0.007831325301204783
acceleration,3829,-0.014006024096385572
acceleration,3830,0.013403614457831337
acceleration,3831,-0.0003765060240963902
acceleration,3832,-0.0006777108433734802
acceleration,3833,-0.0016566265060241059
acceleration,3834,0.017771084337349308
acceleration,3835,0.0028614457831325213
acceleration,3836,0.0030873493975903665
acceleration,3837,-0.025828313253012103
acceleration,3838,-0.005120481927710807
acceleration,3839,0.005647590361445798
acceleration,3840,-0.008810240963855354
acceleration,3841,-0.008509036144578264
acceleration,3842,-0.022891566265060337
acceleration,3843,0.01332831325301198
acceleration,3844,-0.0031626506024096668
acceleration,3845,-0.0033885542168674565
acceleration,3846,0.013629518072289182
acceleration,3847,-0.0017319277108433506
acceleration,3848,-0.0072289156626506035
acceleration,3849,0.009638554216867434
acceleration,3850,-0.007304216867469904
acceleration,3851,0.006400602409638578
acceleration,3852,-0.01332831325301198
acceleration,3853,-0.0023343373493975306
acceleration,3854,0.005647590361445798
acceleration,3855,0.014909638554216786
acceleration,3856,0.003237951807228856
acceleration,3857,-0.009262048192771044
acceleration,3858,-0.009939759036144635
acceleration,3859,-0.011596385542168741
acceleration,3860,-0.0011295180722891707
acceleration,3861,0.000903614457831381
acceleration,3862,0.007831325301204783
acceleration,3863,-0.005346385542168708
acceleration,3864,-0.002033132530120496
acceleration,3865,0.0024849397590360756
acceleration,3866,-0.006174698795180733
acceleration,3867,0.013554216867469826
acceleration,3868,-0.0008283132530120807
acceleration,3869,-0.01099397590361445
acceleration,3870,-0.004216867469879537
acceleration,3871,-0.0006777108433735357
acceleration,3872,-0.0027861445783132766
acceleration,3873,-0.009186746987951855
acceleration,3874,-0.006400602409638578
acceleration,3875,0.033584337349397475
acceleration,3876,0.01746987951807233
acceleration,3877,-0.006099397590361488
acceleration,3878,0.00986445783132528
acceleration,3879,0.00790662650602414
acceleration,3880,0.01837349397590371
acceleration,3881,0.012198795180722977
acceleration,3882,0.006777108433734913
acceleration,3883,-0.0073795180722891485
acceleration,3884,0.007605421686746938
acceleration,3885,-0.005271084337349408
acceleration,3886,0.015963855421686657
acceleration,3887,-0.003539156626506057
acceleration,3888,0.01091867469879515
acceleration,3889,-0.015737951807228978
acceleration,3890,-0.017319277108433728
acceleration,3891,-0.002334337349397586
acceleration,3892,0.0017319277108432951
acceleration,3893,-0.01302710843373489
acceleration,3894,-0.010391566265060215
acceleration,3895,-0.005496987951807253
acceleration,3896,-0.008283132530120474
acceleration,3897,0.00805722891566274
acceleration,3898,-0.0009789156626505702
acceleration,3899,0.0011295180722891152
acceleration,3900,0.007078313253012003
acceleration,3901,-0.0007530120481927804
acceleration,3902,0.030572289156626464
acceleration,3903,0.0003765060240963347
acceleration,3904,0.0014307228915663162
acceleration,3905,0.001506024096385561
acceleration,3906,0.0015813253012048056
acceleration,3907,-0.01942771084337347
acceleration,3908,0.0069277108433735135
acceleration,3909,0.0042921686746988374
acceleration,3910,0.007153614457831359
acceleration,3911,-0.009111445783132555
acceleration,3912,-0.015888554216867468
acceleration,3913,-0.004141566265060237
acceleration,3914,0.00820783132530123
acceleration,3915,-0.0013554216867469604
acceleration,3916,-0.007981927710843384
acceleration,3917,-0.008132530120481873
acceleration,3918,0.0022590361445783413
acceleration,3919,0.012725903614457912
acceleration,3920,-0.007831325301204783
acceleration,3921,-0.017921686746987908
acceleration,3922,0.006249999999999978
acceleration,3923,0.00805722891566274
acceleration,3924,-0.01679216867469885
acceleration,3925,-0.003237951807228856
acceleration,3926,0.008885542168674654
acceleration,3927,-0.005421686746988008
acceleration,3928,0.016265060240963858
acceleration,3929,0.008885542168674654
acceleration,3930,-0.007981927710843384
acceleration,3931,-0.006325301204819278
acceleration,3932,0.018749999999999933
acceleration,3933,0.004969879518072262
acceleration,3934,0.02183734939759041
acceleration,3935,-0.01167168674698793
acceleration,3936,-0.026882530120481862
acceleration,3937,-0.0006777108433734802
acceleration,3938,0.0030873493975902555
acceleration,3939,-0.005496987951807197
acceleration,3940,0.00896084337349401
acceleration,3941,-0.011897590361445776
acceleration,3942,0.006701807228915668
acceleration,3943,0.015210843373493987
acceleration,3944,-0.0012801204819277712
acceleration,3945,-0.0010542168674698704
acceleration,3946,-0.008433734939759074
acceleration,3947,0.02439759036144573
acceleration,3948,0.010316265060240859
acceleration,3949,-0.007831325301204894
acceleration,3950,-0.002484939759036131
acceleration,3951,0.0015813253012048056
acceleration,3952,0.018900602409638534
acceleration,3953,0.004593373493975816
acceleration,3954,-0.01009036144578318
acceleration,3955,0.01927710843373498
acceleration,3956,0.018900602409638534
acceleration,3957,-0.006174698795180733
acceleration,3958,0.009111445783132499
acceleration,3959,0.007680722891566294
acceleration,3960,0.0004518072289156905
acceleration,3961,-0.000903614457831381
acceleration,3962,-0.010165662650602425
acceleration,3963,-0.019352409638554224
acceleration,3964,0.013102409638554247
acceleration,3965,0.022063253012048145
acceleration,3966,0.0010542168674698704
acceleration,3967,0.010542168674698815
acceleration,3968,0.004819277108433773
acceleration,3969,7.530120481924474e-05
acceleration,3970,-0.015737951807228923
acceleration,3971,-0.016189759036144558
acceleration,3972,0.0003765060240963347
acceleration,3973,0.02319277108433737
acceleration,3974,0.003840361445783147
acceleration,3975,-0.03335843373493974
acceleration,3976,0.021912650602409656
acceleration,3977,0.0027861445783132766
acceleration,3978,0.0069277108433735135
acceleration,3979,0.02364457831325295
acceleration,3980,-0.003915662650602447
acceleration,3981,-0.0039909638554216365
acceleration,3982,-0.002484939759036131
acceleration,3983,0.005195783132530107
acceleration,3984,-0.011822289156626531
acceleration,3985,0.012048192771084376
acceleration,3986,-0.022289156626506046
acceleration,3987,0.01972891566265067
acceleration,3988,0.0014307228915662051
acceleration,3989,0.006551204819277179
acceleration,3990,-0.007153614457831303
acceleration,3991,0.0034638554216867012
acceleration,3992,-0.007981927710843384
acceleration,3993,-0.008960843373494065
acceleration,3994,-0.006174698795180733
acceleration,3995,0.006475903614457823
acceleration,3996,0.0011295180722891152
acceleration,3997,-0.022816265060240926
acceleration,3998,0.004216867469879482
acceleration,3999,-0.006475903614457823
acceleration,4000,0.004141566265060237
acceleration,4001,-0.00045180722891557945
acceleration,4002,-0.004216867469879537
acceleration,4003,0.015060240963855387
acceleration,4004,0.010542168674698815
acceleration,4005,-0.006174698795180733
acceleration,4006,0.007680722891566183
acceleration,4007,-0.006777108433734913
acceleration,4008,0.017093373493975883
acceleration,4009,0.017018072289156527
acceleration,4010,0.017018072289156527
acceleration,4011,-0.007981927710843495
acceleration,4012,-0.007228915662650548
acceleration,4013,-0.0013554216867469604
acceleration,4014,0.0017319277108432951
acceleration,4015,0.0024849397590360756
acceleration,4016,0.004668674698795172
acceleration,4017,0.012198795180722977
acceleration,4018,-0.016039156626506013
acceleration,4019,0.03629518072289151
acceleration,4020,-0.007153614457831303
acceleration,4021,-0.024924698795180666
acceleration,4022,-0.0027861445783132766
acceleration,4023,0.001807228915662762
acceleration,4024,0.0008283132530120252
acceleration,4025,0.006099397590361377
acceleration,4026,-0.0007530120481927804
acceleration,4027,-0.012123493975903565
acceleration,4028,0.01046686746987946
acceleration,4029,-0.011144578313252995
acceleration,4030,0.005421686746987953
acceleration,4031,0.00805722891566274
acceleration,4032,0.009111445783132499
acceleration,4033,0.015512048192771077
acceleration,4034,0.0008283132530120252
acceleration,4035,0.01197289156626502
acceleration,4036,0.0018825301204818956
acceleration,4037,0.005798192771084398
acceleration,4038,-0.009638554216867434
acceleration,4039,0.004969879518072262
acceleration,4040,0.015512048192771077
acceleration,4041,0.003012048192771122
acceleration,4042,-0.014156626506024061
acceleration,4043,-0.008509036144578375
acceleration,4044,-0.013403614457831281
acceleration,4045,-0.008659638554216864
acceleration,4046,0.005948795180722888
acceleration,4047,-0.011746987951807175
acceleration,4048,-0.010993975903614395
acceleration,4049,0.0027861445783132766
acceleration,4050,0.021912650602409545
acceleration,4051,7.530120481924474e-05
acceleration,4052,0.006701807228915668
acceleration,4053,-0.0011295180722891707
acceleration,4054,0.004367469879518082
acceleration,4055,-0.007680722891566294
acceleration,4056,0.007304216867469959
acceleration,4057,0.016716867469879437
acceleration,4058,-0.004367469879518027
acceleration,4059,0.007379518072289093
acceleration,4060,0.016792168674698793
acceleration,4061,0.00790662650602414
acceleration,4062,-0.008433734939759074
acceleration,4063,0.02033132530120485
acceleration,4064,0.01076807228915655
acceleration,4065,-0.009487951807228945
acceleration,4066,-0.00030120481927709
acceleration,4067,-0.015286144578313232
acceleration,4068,0.002409638554216942
acceleration,4069,0.0036144578313253017
acceleration,4070,0.003915662650602392
acceleration,4071,0.004442771084337438
acceleration,4072,-0.0033132530120481563
acceleration,4073,0.005271084337349352
acceleration,4074,-0.01671686746987955
acceleration,4075,0.0060240963855421326
acceleration,4076,-0.014006024096385572
acceleration,4077,-0.006701807228915668
acceleration,4078,0.012500000000000067
acceleration,4079,0.02304216867469877
acceleration,4080,-0.0006777108433734802
acceleration,4081,0.006475903614457823
acceleration,4082,-0.002108433734939741
acceleration,4083,0.020256024096385494
acceleration,4084,0.009638554216867434
acceleration,4085,0.009487951807228945
acceleration,4086,0.004518072289156572
acceleration,4087,-0.016189759036144558
acceleration,4088,-0.01950301204819277
acceleration,4089,-0.007454819277108393
acceleration,4090,0.013328313253012092
acceleration,4091,-0.005948795180722888
acceleration,4092,-0.011822289156626531
acceleration,4093,-0.008659638554216864
acceleration,4094,-0.005496987951807253
acceleration,4095,-0.008057228915662684
acceleration,4096,-0.005798192771084398
acceleration,4097,0.014683734939759052
acceleration,4098,-0.021159638554216986
acceleration,4099,0.01197289156626502
acceleration,4100,-0.011370481927710785
acceleration,4101,-0.005421686746988008
acceleration,4102,0.011521084337349441
acceleration,4103,0.016566265060240948
acceleration,4104,-0.004743975903614417
acceleration,4105,0.01972891566265067
acceleration,4106,-0.002183734939759041
acceleration,4107,0.017545180722891573
acceleration,4108,-0.006475903614457823
acceleration,4109,0.017545180722891573
acceleration,4110,-0.01957831325301207
acceleration,4111,-0.014156626506024061
acceleration,4112,-0.02838855421686748
acceleration,4113,-0.016641566265060248
acceleration,4114,0.010843373493975905
acceleration,4115,-0.006325301204819278
acceleration,4116,-0.017319277108433728
acceleration,4117,0.012048192771084376
acceleration,4118,0.003237951807228856
acceleration,4119,0.00986445783132528
acceleration,4120,-0.022515060240963836
acceleration,4121,0.005572289156626442
acceleration,4122,0.010843373493975905
acceleration,4123,-0.004743975903614417
acceleration,4124,0.014984939759036142
acceleration,4125,-0.005647590361445798
acceleration,4126,-0.01822289156626511
acceleration,4127,0.005647590361445798
acceleration,4128,-0.006626506024096368
acceleration,4129,-0.017319277108433728
acceleration,4130,-0.007078313253012114
acceleration,4131,0.026957831325301163
acceleration,4132,-0.0007530120481927804
acceleration,4133,-0.015888554216867412
acceleration,4134,-0.007756024096385483
acceleration,4135,0.004216867469879482
acceleration,4136,-0.024322289156626486
acceleration,4137,0.008885542168674654
acceleration,4138,-0.0039909638554216365
acceleration,4139,0.02703313253012052
acceleration,4140,-0.002409638554216831
acceleration,4141,-0.004442771084337271
acceleration,4142,-0.022515060240963947
acceleration,4143,-0.0025602409638554313
acceleration,4144,0.0017319277108432951
acceleration,4145,-0.015060240963855442
acceleration,4146,-0.002861445783132577
acceleration,4147,0.004819277108433773
acceleration,4148,-0.0031626506024096668
acceleration,4149,0.0022590361445783413
acceleration,4150,-0.011897590361445776
acceleration,4151,-0.003087349397590311
acceleration,4152,-0.021310240963855365
acceleration,4153,-0.000301204819277201
acceleration,4154,0.007680722891566183
acceleration,4155,0.004819277108433773
acceleration,4156,0.004668674698795172
acceleration,4157,-0.002108433734939741
acceleration,4158,-0.009789156626506035
acceleration,4159,0.0017319277108432951
acceleration,4160,-0.008132530120481873
acceleration,4161,-0.0014307228915662606
acceleration,4162,-0.006551204819277123
acceleration,4163,-0.010240963855421725
acceleration,4164,-0.009036144578313254
acceleration,4165,-7.530120481930025e-05
acceleration,4166,0.01076807228915655
acceleration,4167,-0.0037650602409638467
acceleration,4168,-0.0033132530120482673
acceleration,4169,0.01091867469879515
acceleration,4170,-0.004216867469879537
acceleration,4171,0.0019578313253011403
acceleration,4172,0.01332831325301198
acceleration,4173,-0.003539156626506057
acceleration,4174,-0.009713855421686735
acceleration,4175,-0.004819277108433828
acceleration,4176,-0.02040662650602404
acceleration,4177,0.016641566265060304
acceleration,4178,0.005120481927710863
acceleration,4179,0.0
acceleration,4180,-0.0031626506024096668
acceleration,4181,-0.012500000000000011
acceleration,4182,0.002108433734939741
acceleration,4183,-0.0019578313253011403
acceleration,4184,0.017394578313252973
acceleration,4185,-0.002484939759036131
acceleration,4186,-0.00022590361445778973
acceleration,4187,-0.016039156626506013
acceleration,4188,0.017394578313252973
acceleration,4189,0.016114457831325257
acceleration,4190,-0.024698795180722877
acceleration,4191,0.004969879518072262
acceleration,4192,-0.010090361445783125
acceleration,4193,-0.021084337349397575
acceleration,4194,-0.007981927710843384
acceleration,4195,0.002409638554216942
acceleration,4196,-0.0126506024096385
acceleration,4197,0.007003012048192758
acceleration,4198,0.002635542168674676
acceleration,4199,-0.009262048192771155
acceleration,4200,0.009412650602409589
acceleration,4201,-0.009713855421686735
acceleration,4202,-0.0007530120481927804
acceleration,4203,0.006852409638554269
acceleration,4204,0.009487951807228945
acceleration,4205,0.00030120481927709
acceleration,4206,-0.014081325301204872
acceleration,4207,0.00120481927710836
acceleration,4208,0.01091867469879515
acceleration,4209,0.014984939759036142
acceleration,4210,0.016867469879518038
acceleration,4211,-0.00022590361445778973
acceleration,4212,0.005572289156626442
acceleration,4213,0.003915662650602392
acceleration,4214,-0.012725903614457912
acceleration,4215,0.0021837349397589856
acceleration,4216,0.015286144578313232
acceleration,4217,0.024623493975903687
acceleration,4218,-0.0017319277108434061
acceleration,4219,0.014457831325301207
acceleration,4220,0.0008283132530120252
acceleration,4221,0.00865963855421692
acceleration,4222,-0.014608433734939752
acceleration,4223,0.013253012048192736
acceleration,4224,0.0019578313253011403
acceleration,4225,-0.025677710843373447
acceleration,4226,0.00820783132530123
acceleration,4227,0.0036897590361446575
acceleration,4228,-0.007003012048192758
acceleration,4229,0.0006777108433734247
acceleration,4230,0.01746987951807233
acceleration,4231,0.005948795180722888
acceleration,4232,-0.006099397590361377
acceleration,4233,0.014382530120481851
acceleration,4234,0.0033132530120482118
acceleration,4235,0.015436746987951833
acceleration,4236,0.0019578313253011403
acceleration,4237,-0.008433734939758963
acceleration,4238,0.023569277108433706
acceleration,4239,-0.0008283132530120807
acceleration,4240,0.015210843373493987
acceleration,4241,-0.01957831325301207
acceleration,4242,0.0010542168674698704
acceleration,4243,0.007304216867469959
acceleration,4244,-0.011822289156626531
acceleration,4245,-0.007605421686746938
acceleration,4246,0.0069277108433734025
acceleration,4247,-0.00022590361445790075
acceleration,4248,-0.02914156626506026
acceleration,4249,0.002936746987951766
acceleration,4250,-0.010240963855421725
acceleration,4251,0.012123493975903621
acceleration,4252,0.01882530120481929
acceleration,4253,0.0037650602409639022
acceleration,4254,-0.017545180722891518
acceleration,4255,0.019804216867469804
acceleration,4256,-0.01942771084337347
acceleration,4257,-0.002259036144578286
acceleration,4258,0.002635542168674676
acceleration,4259,0.017695783132530174
acceleration,4260,-0.0007530120481927804
acceleration,4261,-0.009487951807228834
acceleration,4262,-0.007003012048192758
acceleration,4263,0.0009789156626505147
acceleration,4264,0.026430722891566227
acceleration,4265,-0.022665662650602436
acceleration,4266,-0.016566265060240948
acceleration,4267,-0.002334337349397586
acceleration,4268,0.012198795180722977
acceleration,4269,0.006777108433734913
acceleration,4270,-0.010015060240963825
acceleration,4271,-0.002334337349397586
acceleration,4272,0.0011295180722891152
acceleration,4273,-0.00218373493975893
acceleration,4274,0.017695783132530174
acceleration,4275,0.006249999999999978
acceleration,4276,0.005346385542168597
acceleration,4277,-0.008283132530120474
acceleration,4278,-0.00060240963855418
acceleration,4279,-0.015210843373493987
acceleration,4280,0.0022590361445783413
acceleration,4281,0.01897590361445789
acceleration,4282,0.01242469879518071
acceleration,4283,0.0092620481927711
acceleration,4284,-0.01069277108433736
acceleration,4285,0.002033132530120496
acceleration,4286,-0.008207831325301174
acceleration,4287,0.025376506024096468
acceleration,4288,0.01152108433734933
acceleration,4289,0.014006024096385516
acceleration,4290,0.002033132530120496
acceleration,4291,-0.021686746987951755
acceleration,4292,-0.009638554216867434
acceleration,4293,-0.0009789156626505702
acceleration,4294,0.0092620481927711
acceleration,4295,0.0025602409638555423
acceleration,4296,-0.010090361445783125
acceleration,4297,-0.022138554216867445
acceleration,4298,-0.024924698795180666
acceleration,4299,0.025150602409638623
acceleration,4300,0.007680722891566294
acceleration,4301,0.020256024096385494
acceleration,4302,0.004743975903614417
acceleration,4303,-0.019277108433735035
acceleration,4304,0.003539156626505946
acceleration,4305,-0.01227409638554211
acceleration,4306,0.02974397590361444
acceleration,4307,-0.022665662650602325
acceleration,4308,0.004969879518072262
acceleration,4309,-0.014909638554216842
acceleration,4310,0.00030120481927709
acceleration,4311,0.014006024096385516
acceleration,4312,0.009111445783132499
acceleration,4313,0.005647590361445798
acceleration,4314,0.00060240963855418
acceleration,4315,0.008433734939758963
acceleration,4316,0.0034638554216868123
acceleration,4317,-0.0073795180722891485
acceleration,4318,-0.007454819277108393
acceleration,4319,-0.01204819277108432
acceleration,4320,0.01972891566265067
acceleration,4321,0.005647590361445798
acceleration,4322,0.0009789156626505147
acceleration,4323,0.018900602409638534
acceleration,4324,0.0033885542168674565
acceleration,4325,0.0033132530120482118
acceleration,4326,0.01076807228915666
acceleration,4327,0.008132530120481873
acceleration,4328,0.00971385542168679
acceleration,4329,0.03335843373493985
acceleration,4330,-0.014608433734939752
acceleration,4331,0.01746987951807233
acceleration,4332,0.005346385542168597
acceleration,4333,-0.007454819277108393
acceleration,4334,-0.005948795180722943
acceleration,4335,0.005271084337349352
acceleration,4336,-0.009638554216867434
acceleration,4337,-0.008207831325301285
acceleration,4338,-0.005722891566265098
acceleration,4339,0.04292168674698793
acceleration,4340,0.0012801204819277157
acceleration,4341,-0.008283132530120474
acceleration,4342,-0.015210843373493987
acceleration,4343,-0.015286144578313232
acceleration,4344,-0.006777108433734913
acceleration,4345,-0.007304216867469904
acceleration,4346,0.004743975903614417
acceleration,4347,-0.016566265060240948
acceleration,4348,0.006777108433734913
acceleration,4349,0.01302710843373489
acceleration,4350,0.00045180722891557945
acceleration,4351,0.0014307228915663162
acceleration,4352,0.006400602409638578
acceleration,4353,-0.009563253012048245
acceleration,4354,0.015737951807228923
acceleration,4355,-0.014307228915662662
acceleration,4356,0.00045180722891557945
acceleration,4357,-0.007304216867469904
acceleration,4358,-0.0030873493975903665
acceleration,4359,-0.0023343373493975306
acceleration,4360,-0.014834337349397597
acceleration,4361,-0.023945783132530096
acceleration,4362,-0.005722891566265098
acceleration,4363,-0.024021084337349397
acceleration,4364,-0.0025602409638554313
acceleration,4365,0.01106927710843375
acceleration,4366,0.024623493975903687
acceleration,4367,-0.010391566265060215
acceleration,4368,0.009036144578313254
acceleration,4369,0.015737951807229034
acceleration,4370,-0.008132530120481873
acceleration,4371,-0.027409638554216853
acceleration,4372,0.02153614457831332
acceleration,4373,0.02959337349397584
acceleration,4374,0.0008283132530120252
acceleration,4375,0.025602409638554202
acceleration,4376,-0.00120481927710836
acceleration,4377,0.004141566265060237
acceleration,4378,-0.0031626506024096668
acceleration,4379,0.01227409638554211
acceleration,4380,0.002033132530120496
acceleration,4381,-0.006174698795180733
acceleration,4382,-0.013780120481927671
acceleration,4383,-0.0010542168674698704
acceleration,4384,0.0015813253012048056
acceleration,4385,-0.005572289156626553
acceleration,4386,0.0025602409638554313
acceleration,4387,0.0025602409638554313
acceleration,4388,-0.0042921686746988374
acceleration,4389,-0.017319277108433728
acceleration,4390,-0.007153614457831303
acceleration,4391,-0.00030120481927709
acceleration,4392,0.0016566265060240504
acceleration,4393,0.0011295180722891152
acceleration,4394,0.002334337349397586
acceleration,4395,-0.015135542168674632
acceleration,4396,-0.004442771084337327
acceleration,4397,-0.0018072289156626509
acceleration,4398,0.004141566265060237
acceleration,4399,0.0022590361445783413
acceleration,4400,0.0024849397590360756
acceleration,4401,-0.011445783132530085
acceleration,4402,-0.01822289156626511
acceleration,4403,0.03019578313253013
acceleration,4404,0.00790662650602414
acceleration,4405,-0.005421686746987897
acceleration,4406,-0.01799698795180721
acceleration,4407,-0.017243975903614428
acceleration,4408,-0.005346385542168708
acceleration,4409,7.530120481924474e-05
acceleration,4410,0.0019578313253012514
acceleration,4411,-0.014608433734939752
acceleration,4412,0.0003765060240963347
acceleration,4413,0.00820783132530123
acceleration,4414,-0.004442771084337438
acceleration,4415,0.006099397590361488
acceleration,4416,0.0033885542168674565
acceleration,4417,0.0024849397590360756
acceleration,4418,-0.007831325301204783
acceleration,4419,-0.020858433734939785
acceleration,4420,-0.024472891566265087
acceleration,4421,-0.011746987951807342
acceleration,4422,0.004216867469879482
acceleration,4423,0.013403614457831337
acceleration,4424,-0.021762048192771166
acceleration,4425,-0.01137048192771084
acceleration,4426,-0.005195783132530107
acceleration,4427,0.003539156626506057
acceleration,4428,0.02123493975903623
acceleration,4429,0.001807228915662762
acceleration,4430,-0.003237951807228967
acceleration,4431,-0.003915662650602447
acceleration,4432,0.007981927710843273
acceleration,4433,-0.009789156626506035
acceleration,4434,0.0024849397590360756
acceleration,4435,0.00790662650602414
acceleration,4436,-0.008509036144578375
acceleration,4437,0.007078313253012003
acceleration,4438,-0.016189759036144558
acceleration,4439,-0.02003012048192765
acceleration,4440,0.00820783132530123
acceleration,4441,0.017243975903614484
acceleration,4442,0.007153614457831359
acceleration,4443,-0.00060240963855418
acceleration,4444,0.0069277108433734025
acceleration,4445,0.018524096385542088
acceleration,4446,-0.005271084337349408
acceleration,4447,0.0031626506024097223
acceleration,4448,0.02153614457831321
acceleration,4449,0.011144578313252995
acceleration,4450,-0.00971385542168679
acceleration,4451,-0.0004518072289156905
acceleration,4452,-0.007003012048192758
acceleration,4453,-0.006174698795180733
acceleration,4454,-0.016340361445783103
acceleration,4455,-0.00045180722891557945
acceleration,4456,0.023268072289156616
acceleration,4457,-0.009262048192771044
acceleration,4458,-0.011897590361445776
acceleration,4459,-0.0006777108433734802
acceleration,4460,0.0042921686746988374
acceleration,4461,0.0039909638554216365
acceleration,4462,0.007078313253012114
acceleration,4463,0.015737951807228923
acceleration,4464,0.011219879518072351
acceleration,4465,-0.00120481927710836
acceleration,4466,0.0037650602409639022
acceleration,4467,-0.009713855421686735
acceleration,4468,-0.009638554216867545
acceleration,4469,0.003012048192771122
acceleration,4470,-0.017921686746987908
acceleration,4471,0.015587349397590433
acceleration,4472,0.007454819277108449
acceleration,4473,-0.00060240963855418
acceleration,4474,-0.032605421686747016
acceleration,4475,-0.006551204819277123
acceleration,4476,-0.012801204819277101
acceleration,4477,-0.0024096385542168863
acceleration,4478,0.007078313253012003
acceleration,4479,0.0018825301204818956
acceleration,4480,0.004668674698795172
acceleration,4481,0.006777108433734913
acceleration,4482,-0.0015813253012048611
acceleration,4483,-0.017394578313252917
acceleration,4484,-0.011897590361445776
acceleration,4485,0.006701807228915779
acceleration,4486,0.0066265060240963125
acceleration,4487,0.004518072289156572
acceleration,4488,0.0072289156626506035
acceleration,4489,-0.0003765060240963902
acceleration,4490,-0.0069277108433735135
acceleration,4491,-0.006325301204819278
acceleration,4492,-0.008509036144578264
acceleration,4493,-0.013780120481927671
acceleration,4494,0.0027861445783132766
acceleration,4495,0.005647590361445798
acceleration,4496,0.02153614457831332
acceleration,4497,-0.0017319277108433506
acceleration,4498,-0.003237951807228856
acceleration,4499,0.01807228915662651
acceleration,4500,0.01807228915662651
acceleration,4501,-0.007454819277108393
acceleration,4502,0.016867469879518038
acceleration,4503,0.004894578313253017
acceleration,4504,-0.006701807228915724
acceleration,4505,-0.007680722891566294
acceleration,4506,0.0036897590361445465
acceleration,4507,0.007454819277108449
acceleration,4508,-0.01882530120481929
acceleration,4509,-0.0003765060240963902
acceleration,4510,0.009789156626506035
acceleration,4511,-0.007605421686746994
acceleration,4512,-0.009036144578313254
acceleration,4513,-0.005496987951807253
acceleration,4514,0.01152108433734933
acceleration,4515,-0.01227409638554211
acceleration,4516,0.017996987951807264
acceleration,4517,0.015737951807228923
acceleration,4518,0.0
acceleration,4519,-0.009111445783132555
acceleration,4520,-0.010542168674698815
acceleration,4521,0.0034638554216867012
acceleration,4522,-0.007605421686746994
acceleration,4523,0.008433734939759074
acceleration,4524,-0.014759036144578352
acceleration,4525,0.004743975903614417
acceleration,4526,0.015888554216867523
acceleration,4527,-0.00120481927710836
acceleration,4528,0.012876506024096512
acceleration,4529,-0.018750000000000044
acceleration,4530,0.013478915662650581
acceleration,4531,0.0001506024096386005
acceleration,4532,0.011596385542168797
acceleration,4533,-0.015813253012048167
acceleration,4534,-0.011219879518072351
acceleration,4535,0.007605421686747049
acceleration,4536,-0.003915662650602447
acceleration,4537,-0.01325301204819268
acceleration,4538,0.005496987951807197
acceleration,4539,0.011445783132530196
acceleration,4540,0.018147590361445753
acceleration,4541,-0.0037650602409638467
acceleration,4542,-0.009111445783132555
acceleration,4543,-0.024924698795180722
acceleration,4544,-0.01807228915662651
acceleration,4545,-0.013328313253012092
acceleration,4546,0.004442771084337438
acceleration,4547,0.011746987951807286
acceleration,4548,-0.013930722891566272
acceleration,4549,0.00030120481927709
acceleration,4550,-0.004442771084337438
acceleration,4551,-0.023493975903614517
acceleration,4552,-0.008584337349397564
acceleration,4553,0.01106927710843375
acceleration,4554,0.015662650602409567
acceleration,4555,-0.009713855421686735
acceleration,4556,-0.002033132530120496
acceleration,4557,-0.0185993975903615
acceleration,4558,-0.0031626506024096668
acceleration,4559,0.0006777108433734247
acceleration,4560,0.01987951807228927
acceleration,4561,-0.015512048192771077
acceleration,4562,-0.005421686746988008
acceleration,4563,0.018448795180722843
acceleration,4564,0.004743975903614417
acceleration,4565,0.026807228915662673
acceleration,4566,0.01152108433734933
acceleration,4567,-0.0031626506024096668
acceleration,4568,0.010692771084337416
acceleration,4569,0.0005271084337349352
acceleration,4570,-0.01987951807228916
acceleration,4571,-0.0015813253012048611
acceleration,4572,-0.0028614457831325213
acceleration,4573,-0.002108433734939741
acceleration,4574,0.0092620481927711
acceleration,4575,-0.01287650602409629
acceleration,4576,0.005346385542168708
acceleration,4577,0.009713855421686679
acceleration,4578,-0.0018072289156626509
acceleration,4579,-0.005045180722891618
acceleration,4580,-0.006551204819277123
acceleration,4581,-0.008057228915662684
acceleration,4582,0.006475903614457712
acceleration,4583,-0.01362951807228907
acceleration,4584,0.008283132530120474
acceleration,4585,0.016867469879518038
acceleration,4586,-0.005873493975903588
acceleration,4587,-0.009337349397590344
acceleration,4588,-0.0036897590361445465
acceleration,4589,-0.01942771084337347
acceleration,4590,0.003539156626506057
acceleration,4591,-0.000903614457831381
acceleration,4592,-0.009939759036144635
acceleration,4593,0.012951807228915646
acceleration,4594,0.005120481927710863
acceleration,4595,0.003539156626506057
acceleration,4596,0.014006024096385516
acceleration,4597,0.002033132530120496
acceleration,4598,0.009638554216867434
acceleration,4599,-0.0030873493975904776
acceleration,4600,0.011445783132530196
acceleration,4601,0.007831325301204783
acceleration,4602,0.01121987951807224
acceleration,4603,0.0036144578313253017
acceleration,4604,-0.025677710843373502
acceleration,4605,-0.0030120481927710663
acceleration,4606,-0.025075301204819267
acceleration,4607,0.0009789156626505147
acceleration,4608,-0.002259036144578286
acceleration,4609,-0.005798192771084287
acceleration,4610,0.007003012048192758
acceleration,4611,0.007680722891566294
acceleration,4612,0.029518072289156705
acceleration,4613,0.007003012048192758
acceleration,4614,-0.007003012048192758
acceleration,4615,-0.012349397590361522
acceleration,4616,0.013177710843373491
acceleration,4617,0.01016566265060237
acceleration,4618,0.004141566265060237
acceleration,4619,0.017319277108433728
acceleration,4620,0.009487951807228945
acceleration,4621,-0.011897590361445776
acceleration,4622,0.0001506024096386005
acceleration,4623,-0.006400602409638467
acceleration,4624,-0.005421686746987897
acceleration,4625,0.007605421686747049
acceleration,4626,0.0033885542168674565
acceleration,4627,-0.0008283132530119697
acceleration,4628,-0.0008283132530120807
acceleration,4629,0.015286144578313232
acceleration,4630,-0.00971385542168679
acceleration,4631,-0.010617469879518115
acceleration,4632,0.004442771084337438
acceleration,4633,0.007831325301204783
acceleration,4634,0.00865963855421692
acceleration,4635,0.021009036144578275
acceleration,4636,-0.0012801204819277712
acceleration,4637,0.012801204819277157
acceleration,4638,-0.006174698795180733
acceleration,4639,-0.012198795180722921
acceleration,4640,0.0
acceleration,4641,0.0008283132530120252
acceleration,4642,0.014081325301204872
acceleration,4643,0.008810240963855409
acceleration,4644,-0.0011295180722891707
acceleration,4645,-0.017771084337349308
acceleration,4646,0.00850903614457832
acceleration,4647,0.007078313253012003
acceleration,4648,-0.012951807228915702
acceleration,4649,-0.015963855421686768
acceleration,4650,-0.008810240963855465
acceleration,4651,-0.011746987951807175
acceleration,4652,0.0004518072289156905
acceleration,4653,0.03079819277108431
acceleration,4654,-0.009262048192771044
acceleration,4655,-0.0024096385542168863
acceleration,4656,-0.008207831325301285
acceleration,4657,-0.02055722891566264
acceleration,4658,-0.009789156626506035
acceleration,4659,-0.02914156626506026
acceleration,4660,0.01106927710843375
acceleration,4661,0.003237951807228856
acceleration,4662,0.011144578313252995
acceleration,4663,-0.028915662650602414
acceleration,4664,0.0028614457831325213
acceleration,4665,-0.012801204819277101
acceleration,4666,-0.01611445783132537
acceleration,4667,-0.015512048192771077
acceleration,4668,0.0028614457831325213
acceleration,4669,0.004066265060240992
acceleration,4670,0.0011295180722891152
acceleration,4671,0.02228915662650599
acceleration,4672,0.03230421686746998
acceleration,4673,0.003012048192771122
acceleration,4674,-0.015135542168674632
acceleration,4675,0.011295180722891596
acceleration,4676,0.00820783132530123
acceleration,4677,0.02078313253012054
acceleration,4678,0.002409638554216942
acceleration,4679,0.0092620481927711
acceleration,4680,0.013704819277108427
acceleration,4681,-0.000301204819277201
acceleration,4682,0.003539156626506057
acceleration,4683,-0.004216867469879426
acceleration,4684,0.007680722891566294
acceleration,4685,-0.005873493975903643
acceleration,4686,-0.002033132530120496
acceleration,4687,0.012650602409638556
acceleration,4688,0.0037650602409639022
acceleration,4689,-0.005195783132530163
acceleration,4690,0.0007530120481927804
acceleration,4691,-0.015737951807228978
acceleration,4692,0.0006777108433734247
acceleration,4693,0.011445783132530196
acceleration,4694,0.001204819277108471
acceleration,4695,0.027409638554216964
acceleration,4696,-0.021686746987951755
acceleration,4697,-0.005722891566264987
acceleration,4698,-0.0027861445783132766
acceleration,4699,0.011295180722891596
acceleration,4700,0.026807228915662562
acceleration,4701,-0.001506024096385561
acceleration,4702,-0.025225903614457812
acceleration,4703,-0.008734939759036053
acceleration,4704,-0.004141566265060237
acceleration,4705,-0.007680722891566294
acceleration,4706,-0.014307228915662662
acceleration,4707,-0.002560240963855487
acceleration,4708,0.016114457831325257
acceleration,4709,-0.007906626506024084
acceleration,4710,0.005421686746987953
acceleration,4711,0.0036144578313253017
acceleration,4712,0.004743975903614417
acceleration,4713,-0.005722891566264987
acceleration,4714,-0.009563253012048134
acceleration,4715,0.00865963855421692
acceleration,4716,0.0001506024096386005
acceleration,4717,-0.0016566265060241059
acceleration,4718,-0.0012801204819277712
acceleration,4719,-0.010542168674698815
acceleration,4720,0.008734939759036053
acceleration,4721,-0.021310240963855476
acceleration,4722,-0.016340361445783158
acceleration,4723,-0.010015060240963825
acceleration,4724,-0.014081325301204761
acceleration,4725,0.001506024096385561
acceleration,4726,-0.000903614457831381
acceleration,4727,-0.01799698795180721
acceleration,4728,0.0019578313253012514
acceleration,4729,-0.007831325301204783
acceleration,4730,0.001807228915662762
acceleration,4731,-0.01204819277108432
acceleration,4732,0.012048192771084376
acceleration,4733,-0.009337349397590344
acceleration,4734,0.004894578313253017
acceleration,4735,-0.013629518072289182
acceleration,4736,0.0015813253012048056
acceleration,4737,0.006551204819277179
acceleration,4738,-0.022966867469879526
acceleration,4739,0.005346385542168597
acceleration,4740,-0.002861445783132577
acceleration,4741,-0.0033132530120481563
acceleration,4742,-0.01950301204819277
acceleration,4743,0.005647590361445798
acceleration,4744,-0.002108433734939741
acceleration,4745,0.0016566265060241614
acceleration,4746,-0.009939759036144635
acceleration,4747,-0.0073795180722891485
acceleration,4748,-0.0028614457831325213
acceleration,4749,-0.006099397590361377
acceleration,4750,0.0037650602409639022
acceleration,4751,-0.0037650602409638467
acceleration,4752,0.0063253012048192225
acceleration,4753,-0.004668674698795228
acceleration,4754,-0.028162650602409633
acceleration,4755,0.007605421686747049
acceleration,4756,-0.0005271084337349907
acceleration,4757,0.00911144578313261
acceleration,4758,-0.0069277108433735135
acceleration,4759,-0.006777108433734913
acceleration,4760,-0.008734939759036053
acceleration,4761,0.005873493975903532
acceleration,4762,-0.007756024096385594
acceleration,4763,0.007304216867469848
acceleration,4764,-0.008433734939759074
acceleration,4765,-0.012801204819277101
acceleration,4766,0.001204819277108471
acceleration,4767,-0.004442771084337327
acceleration,4768,-0.0012801204819277712
acceleration,4769,0.02018072289156625
acceleration,4770,-0.0030873493975903665
acceleration,4771,-0.013855421686747083
acceleration,4772,-0.020933734939758974
acceleration,4773,0.01671686746987955
acceleration,4774,0.01076807228915655
acceleration,4775,-0.010542168674698815
acceleration,4776,-0.003237951807228856
acceleration,4777,-0.010768072289156605
acceleration,4778,0.001506024096385561
acceleration,4779,0.01302710843373489
acceleration,4780,-0.01942771084337347
acceleration,4781,-0.01197289156626502
acceleration,4782,0.013328313253012092
acceleration,4783,-0.00971385542168679
acceleration,4784,-0.0007530120481927804
acceleration,4785,-0.015963855421686768
acceleration,4786,0.005120481927710863
acceleration,4787,0.001204819277108582
acceleration,4788,0.012500000000000067
acceleration,4789,0.00850903614457832
acceleration,4790,-0.01777108433734942
acceleration,4791,-0.005271084337349408
acceleration,4792,0.005948795180722999
acceleration,4793,0.010090361445783125
acceleration,4794,0.003237951807228856
acceleration,4795,-0.006099397590361488
acceleration,4796,-0.0069277108433735135
acceleration,4797,0.0017319277108432951
acceleration,4798,0.00850903614457832
acceleration,4799,-0.005496987951807197
acceleration,4800,0.013253012048192736
acceleration,4801,0.008885542168674654
acceleration,4802,-0.0038403614457830915
acceleration,4803,0.0034638554216867012
acceleration,4804,0.009412650602409589
acceleration,4805,0.00030120481927709
acceleration,4806,-0.005045180722891618
acceleration,4807,0.012951807228915646
acceleration,4808,-0.015662650602409622
acceleration,4809,-0.005647590361445798
acceleration,4810,-0.009487951807228945
acceleration,4811,-0.014457831325301262
acceleration,4812,0.017319277108433728
acceleration,4813,0.0221385542168675
acceleration,4814,0.0033885542168674565
acceleration,4815,0.0018825301204818956
acceleration,4816,0.02108433734939763
acceleration,4817,0.00850903614457832
acceleration,4818,-0.010090361445783125
acceleration,4819,-0.008358433734939774
acceleration,4820,0.012349397590361466
acceleration,4821,0.005346385542168819
acceleration,4822,0.01897590361445778
acceleration,4823,-0.004518072289156627
acceleration,4824,-0.011822289156626531
acceleration,4825,-0.023192771084337316
acceleration,4826,-0.0069277108433735135
acceleration,4827,-0.004668674698795228
acceleration,4828,-0.0030120481927710663
acceleration,4829,0.003840361445783147
acceleration,4830,-0.006400602409638578
acceleration,4831,-0.0024096385542168863
acceleration,4832,-0.016942771084337338
acceleration,4833,-0.008509036144578264
acceleration,4834,-0.006551204819277123
acceleration,4835,-0.0125753012048192
acceleration,4836,0.0034638554216868123
acceleration,4837,-0.002936746987951766
acceleration,4838,-7.530120481918923e-05
acceleration,4839,-0.005496987951807197
acceleration,4840,0.007153614457831359
acceleration,4841,-0.0017319277108433506
acceleration,4842,-0.006325301204819167
acceleration,4843,-0.003915662650602447
acceleration,4844,0.005120481927710863
acceleration,4845,-0.009186746987951855
acceleration,4846,-0.01069277108433736
acceleration,4847,0.01046686746987957
acceleration,4848,-0.005271084337349408
acceleration,4849,0.003840361445783036
acceleration,4850,0.007454819277108449
acceleration,4851,0.004141566265060237
acceleration,4852,-0.015436746987951833
acceleration,4853,0.005722891566265043
acceleration,4854,0.01897590361445789
acceleration,4855,-0.01174698795180723
acceleration,4856,0.0010542168674698704
acceleration,4857,0.0005271084337349352
acceleration,4858,0.0025602409638554313
acceleration,4859,0.0221385542168675
acceleration,4860,0.0028614457831325213
acceleration,4861,0.01091867469879515
acceleration,4862,0.0072289156626506035
acceleration,4863,0.004593373493975927
acceleration,4864,0.009111445783132499
acceleration,4865,-0.013478915662650692
acceleration,4866,0.014759036144578297
acceleration,4867,-0.0036897590361445465
acceleration,4868,0.0033132530120482118
acceleration,4869,0.004216867469879482
acceleration,4870,0.0014307228915662051
acceleration,4871,-0.013403614457831392
acceleration,4872,0.011144578313252995
acceleration,4873,0.004518072289156572
acceleration,4874,-0.01739457831325303
acceleration,4875,0.019804216867469804
acceleration,4876,-0.0069277108433735135
acceleration,4877,-7.530120481918923e-05
acceleration,4878,-0.013102409638554302
acceleration,4879,0.022966867469879526
acceleration,4880,0.01076807228915655
acceleration,4881,0.021009036144578275
acceleration,4882,-0.008132530120481873
acceleration,4883,-0.00022590361445778973
acceleration,4884,-0.022063253012048145
acceleration,4885,-0.006927710843373458
acceleration,4886,0.001204819277108471
acceleration,4887,-0.004819277108433828
acceleration,4888,0.009638554216867434
acceleration,4889,-0.0066265060240964235
acceleration,4890,0.02673192771084343
acceleration,4891,0.020557228915662695
acceleration,4892,0.0030873493975902555
acceleration,4893,-0.0254518072289156
acceleration,4894,-0.006777108433734913
acceleration,4895,-0.0007530120481927804
acceleration,4896,-0.01234939759036141
acceleration,4897,0.004518072289156572
acceleration,4898,0.0021837349397590966
acceleration,4899,0.015888554216867412
acceleration,4900,-0.01167168674698793
acceleration,4901,0.013403614457831337
acceleration,4902,-0.0005271084337349907
acceleration,4903,0.0254518072289156
acceleration,4904,0.012650602409638556
acceleration,4905,0.023418674698795217
acceleration,4906,-0.0184487951807229
acceleration,4907,-0.01167168674698793
acceleration,4908,-0.005948795180722943
acceleration,4909,0.0024849397590360756
acceleration,4910,0.007003012048192758
acceleration,4911,-0.000301204819277201
acceleration,4912,0.009337349397590455
acceleration,4913,0.012198795180722977
acceleration,4914,0.00805722891566274
acceleration,4915,0.00835843373493983
acceleration,4916,-0.007605421686746994
acceleration,4917,-0.0016566265060241059
acceleration,4918,0.014156626506024117
acceleration,4919,-0.016490963855421648
acceleration,4920,-0.0182981927710843
acceleration,4921,0.01076807228915655
acceleration,4922,-0.009864457831325335
acceleration,4923,0.006777108433734913
acceleration,4924,0.011445783132530085
acceleration,4925,-0.008960843373493954
acceleration,4926,0.0015813253012048056
acceleration,4927,-0.0010542168674698704
acceleration,4928,0.0037650602409639022
acceleration,4929,0.00022590361445784524
acceleration,4930,-0.007003012048192758
acceleration,4931,-0.014006024096385572
acceleration,4932,0.017921686746987908
acceleration,4933,0.0072289156626506035
acceleration,4934,-0.005195783132530107
acceleration,4935,-0.003539156626506057
acceleration,4936,-0.0075301204819276935
acceleration,4937,0.0039909638554216365
acceleration,4938,-0.0031626506024096668
acceleration,4939,-0.016792168674698738
acceleration,4940,0.01972891566265067
acceleration,4941,0.016641566265060304
acceleration,4942,-0.0012801204819277712
acceleration,4943,-0.023870481927710796
acceleration,4944,0.00956325301204819
acceleration,4945,0.007981927710843384
acceleration,4946,-0.005948795180722888
acceleration,4947,0.003237951807228856
acceleration,4948,0.026355421686746983
acceleration,4949,0.0007530120481927804
acceleration,4950,0.004518072289156572
acceleration,4951,-0.01227409638554211
acceleration,4952,0.0033885542168674565
acceleration,4953,-0.0014307228915663162
acceleration,4954,-0.01106927710843375
acceleration,4955,-0.005421686746988008
acceleration,4956,0.013704819277108427
acceleration,4957,-0.02085843373493973
acceleration,4958,-0.01227409638554211
acceleration,4959,0.004819277108433773
acceleration,4960,-0.007304216867469904
acceleration,4961,-0.013102409638554191
acceleration,4962,-0.012725903614457912
acceleration,4963,0.0072289156626504925
acceleration,4964,-0.004969879518072318
acceleration,4965,0.004141566265060237
acceleration,4966,0.0003765060240963347
acceleration,4967,0.007153614457831359
acceleration,4968,-0.008960843373494065
acceleration,4969,0.006400602409638578
acceleration,4970,-0.009563253012048245
acceleration,4971,0.007756024096385539
acceleration,4972,0.006174698795180733
acceleration,4973,0.014231927710843362
acceleration,4974,0.0036144578313253017
acceleration,4975,0.005722891566265043
acceleration,4976,0.0024849397590360756
acceleration,4977,0.02018072289156625
acceleration,4978,0.010542168674698815
acceleration,4979,0.004442771084337438
acceleration,4980,-0.014156626506024061
acceleration,4981,-0.010015060240963825
acceleration,4982,0.005722891566265043
acceleration,4983,-0.005722891566265098
acceleration,4984,0.009638554216867434
acceleration,4985,0.004894578313253017
acceleration,4986,-0.005195783132530163
acceleration,4987,-0.0017319277108433506
acceleration,4988,0.0075301204819276935
acceleration,4989,-0.020180722891566305
acceleration,4990,-0.001506024096385561
acceleration,4991,0.006777108433734913
acceleration,4992,-0.003237951807228856
acceleration,4993,-0.01174698795180723
acceleration,4994,-0.006551204819277123
acceleration,4995,0.012198795180722977
acceleration,4996,0.005496987951807308
acceleration,4997,-0.0036897590361445465
acceleration,4998,-0.004066265060240937
acceleration,4999,-0.007605421686746994
turn_change,0,0.00896084337349401
turn_change,1,0.0066265060240963125
turn_change,2,0.001204819277108471
turn_change,3,-0.002861445783132577
turn_change,4,-0.006927710843373458
turn_change,5,0.012951807228915646
turn_change,6,-0.014759036144578241
turn_change,7,0.011822289156626531
turn_change,8,0.014834337349397653
turn_change,9,-0.0073795180722891485
turn_change,10,0.015963855421686768
turn_change,11,-0.019352409638554224
turn_change,12,-0.014307228915662662
turn_change,13,0.002334337349397475
turn_change,14,0.013253012048192736
turn_change,15,-0.006777108433734913
turn_change,16,-0.004141566265060237
turn_change,17,0.0018072289156626509
turn_change,18,0.008283132530120474
turn_change,19,0.0014307228915662051
turn_change,20,-0.001506024096385561
turn_change,21,-0.008283132530120474
turn_change,22,0.0031626506024097223
turn_change,23,-0.0027108433734939763
turn_change,24,0.005873493975903532
turn_change,25,0.005722891566265043
turn_change,26,0.008283132530120474
turn_change,27,-0.0018072289156626509
turn_change,28,0.01046686746987946
turn_change,29,0.007756024096385539
turn_change,30,-0.002334337349397586
turn_change,31,0.021611445783132566
turn_change,32,0.005572289156626442
turn_change,33,0.02989457831325293
turn_change,34,-0.002936746987951877
turn_change,35,0.0012801204819277157
turn_change,36,-0.003840361445783147
turn_change,37,0.0006777108433734247
turn_change,38,-0.001204819277108471
turn_change,39,-0.021611445783132455
turn_change,40,-7.530120481935576e-05
turn_change,41,-0.005346385542168708
turn_change,42,-0.023042168674698715
turn_change,43,-0.002033132530120496
turn_change,44,0.012123493975903621
turn_change,45,-0.005948795180722943
turn_change,46,0.002108433734939741
turn_change,47,0.02929216867469875
turn_change,48,-0.017243975903614428
turn_change,49,-0.008885542168674654
turn_change,50,-0.017319277108433728
turn_change,51,0.0007530120481927804
turn_change,52,-0.01882530120481929
turn_change,53,-0.014156626506024061
turn_change,54,-0.004216867469879537
turn_change,55,-0.0030873493975903665
turn_change,56,-0.009262048192771044
turn_change,57,0.010993975903614395
turn_change,58,-0.004819277108433828
turn_change,59,-0.0036897590361446575
turn_change,60,0.005346385542168819
turn_change,61,-0.026506024096385472
turn_change,62,0.0036897590361445465
turn_change,63,-0.01227409638554211
turn_change,64,0.006174698795180733
turn_change,65,-0.015813253012048167
turn_change,66,-0.0031626506024096668
turn_change,67,0.020858433734939785
turn_change,68,-0.0034638554216867568
turn_change,69,0.002108433734939741
turn_change,70,0.010240963855421614
turn_change,71,0.009412650602409589
turn_change,72,-0.005572289156626498
turn_change,73,-0.014533132530120452
turn_change,74,0.01016566265060237
turn_change,75,0.026882530120481918
turn_change,76,0.008734939759036164
turn_change,77,-0.0033885542168674565
turn_change,78,0.012801204819277157
turn_change,79,0.008584337349397675
turn_change,80,0.016039156626506013
turn_change,81,-0.01641566265060246
turn_change,82,0.002033132530120496
turn_change,83,7.530120481924474e-05
turn_change,84,-0.0027108433734939763
turn_change,85,-0.0061746987951806775
turn_change,86,-0.009864457831325224
turn_change,87,-0.004442771084337327
turn_change,88,0.016490963855421703
turn_change,89,-0.004743975903614417
turn_change,90,0.015286144578313232
turn_change,91,-0.004743975903614417
turn_change,92,-0.015060240963855442
turn_change,93,-0.00022590361445778973
turn_change,94,7.530120481924474e-05
turn_change,95,0.006174698795180733
turn_change,96,0.005346385542168708
turn_change,97,0.01016566265060237
turn_change,98,0.0001506024096386005
turn_change,99,-0.007153614457831303
turn_change,100,-0.000301204819277201
turn_change,101,0.0007530120481927804
turn_change,102,0.018147590361445753
turn_change,103,-0.0013554216867469604
turn_change,104,0.0021837349397590966
turn_change,105,0.0031626506024097223
turn_change,106,-0.003237951807228856
turn_change,107,0.0036144578313253017
turn_change,108,-0.011822289156626531
turn_change,109,-0.0025602409638554313
turn_change,110,-0.016265060240963858
turn_change,111,-0.014683734939759052
turn_change,112,-0.01807228915662651
turn_change,113,-0.0016566265060241059
turn_change,114,-0.0018825301204819511
turn_change,115,-0.0010542168674698704
turn_change,116,0.015587349397590433
turn_change,117,0.014307228915662606
turn_change,118,0.027710843373493943
turn_change,119,-0.020030120481927705
turn_change,120,0.01121987951807224
turn_change,121,-0.014231927710843417
turn_change,122,-0.003840361445783147
turn_change,123,0.013780120481927782
turn_change,124,0.0006777108433734247
turn_change,125,0.01106927710843375
turn_change,126,-0.010617469879518115
turn_change,127,0.02334337349397586
turn_change,128,-0.03034638554216862
turn_change,129,-0.002484939759036131
turn_change,130,-0.012575301204819311
turn_change,131,-0.005346385542168597
turn_change,132,0.0
turn_change,133,-0.004819277108433717
turn_change,134,-0.029066265060240903
turn_change,135,-0.0004518072289156905
turn_change,136,-0.000301204819277201
turn_change,137,-0.010240963855421725
turn_change,138,0.02138554216867472
turn_change,139,0.005271084337349352
turn_change,140,-0.002108433734939741
turn_change,141,-0.0184487951807229
turn_change,142,0.005120481927710863
turn_change,143,0.004894578313253017
turn_change,144,-0.021762048192771055
turn_change,145,-0.016415662650602403
turn_change,146,0.007981927710843384
turn_change,147,0.005421686746987953
turn_change,148,0.004969879518072262
turn_change,149,0.02033132530120485
turn_change,150,-0.0012801204819276601
turn_change,151,0.0030873493975903665
turn_change,152,0.01031626506024097
turn_change,153,-0.005195783132530107
turn_change,154,-0.0126506024096385
turn_change,155,-0.015060240963855442
turn_change,156,0.005948795180722888
turn_change,157,-0.012801204819277101
turn_change,158,0.009412650602409589
turn_change,159,0.0012801204819277157
turn_change,160,-0.006701807228915668
turn_change,161,0.01227409638554211
turn_change,162,0.006174698795180733
turn_change,163,0.0006777108433735357
turn_change,164,-0.004066265060240937
turn_change,165,-0.0013554216867469604
turn_change,166,-0.019728915662650615
turn_change,167,0.010843373493976016
turn_change,168,0.011144578313252995
turn_change,169,-0.006024096385542188
turn_change,170,-0.01822289156626511
turn_change,171,-0.008659638554216864
turn_change,172,-0.00030120481927709
turn_change,173,-0.0027861445783132766
turn_change,174,-0.027710843373493943
turn_change,175,0.00015060240963848948
turn_change,176,-0.010918674698795205
turn_change,177,0.015888554216867523
turn_change,178,0.014231927710843473
turn_change,179,-0.027635542168674754
turn_change,180,-0.006852409638554213
turn_change,181,0.0063253012048192225
turn_change,182,0.024623493975903687
turn_change,183,0.01957831325301207
turn_change,184,0.0185240963855422
turn_change,185,0.001204819277108471
turn_change,186,-0.01242469879518071
turn_change,187,0.024322289156626598
turn_change,188,-0.009262048192771044
turn_change,189,-0.010015060240963825
turn_change,190,0.011445783132530196
turn_change,191,0.0013554216867469604
turn_change,192,-0.023117469879518127
turn_change,193,-0.017168674698795128
turn_change,194,-0.019352409638554224
turn_change,195,-0.010993975903614395
turn_change,196,0.004141566265060237
turn_change,197,-0.01204819277108432
turn_change,198,0.00060240963855418
turn_change,199,-0.010617469879518115
turn_change,200,-0.0009789156626505702
turn_change,201,-0.013177710843373491
turn_change,202,0.01167168674698793
turn_change,203,-0.010843373493975905
turn_change,204,0.020707831325301185
turn_change,205,0.0036144578313253017
turn_change,206,0.00790662650602414
turn_change,207,0.025828313253012047
turn_change,208,0.025225903614457867
turn_change,209,0.005496987951807197
turn_change,210,0.013478915662650692
turn_change,211,0.017243975903614484
turn_change,212,0.0005271084337349352
turn_change,213,0.005346385542168708
turn_change,214,-0.024171686746987886
turn_change,215,0.004367469879518082
turn_change,216,0.0069277108433735135
turn_change,217,-0.00030120481927709
turn_change,218,0.01942771084337347
turn_change,219,-0.0008283132530120807
turn_change,220,0.0031626506024097223
turn_change,221,0.003840361445783147
turn_change,222,-0.004066265060240937
turn_change,223,0.014231927710843362
turn_change,224,0.0027861445783132766
turn_change,225,-0.006777108433734913
turn_change,226,0.0006777108433734247
turn_change,227,0.005496987951807197
turn_change,228,-0.002635542168674676
turn_change,229,-0.023493975903614517
turn_change,230,-0.002108433734939741
turn_change,231,0.024774096385542177
turn_change,232,0.0092620481927711
turn_change,233,-0.005722891566264987
turn_change,234,-0.00218373493975893
turn_change,235,0.008960843373493899
turn_change,236,0.0033885542168674565
turn_change,237,0.007304216867469959
turn_change,238,-0.0027108433734939763
turn_change,239,0.002409638554216942
turn_change,240,0.009939759036144524
turn_change,241,-0.010692771084337305
turn_change,242,-0.022891566265060226
turn_change,243,-0.013403614457831281
turn_change,244,0.0018072289156626509
turn_change,245,0.009036144578313254
turn_change,246,0.006174698795180733
turn_change,247,-0.0033132530120482673
turn_change,248,-0.009337349397590344
turn_change,249,0.018900602409638534
turn_change,250,-0.016039156626506013
turn_change,251,0.014307228915662606
turn_change,252,-0.008960843373493954
turn_change,253,0.01016566265060237
turn_change,254,0.014608433734939807
turn_change,255,-0.0183734939759036
turn_change,256,-0.00022590361445790075
turn_change,257,0.011144578313252995
turn_change,258,-0.003539156626506057
turn_change,259,0.011897590361445776
turn_change,260,0.004969879518072262
turn_change,261,0.015060240963855387
turn_change,262,0.005045180722891618
turn_change,263,0.01137048192771073
turn_change,264,-0.0006777108433735357
turn_change,265,0.0012801204819277157
turn_change,266,-0.0030873493975903665
turn_change,267,-0.0016566265060240504
turn_change,268,0.005421686746987953
turn_change,269,-0.0027861445783132766
turn_change,270,0.011596385542168797
turn_change,271,0.010542168674698815
turn_change,272,0.00030120481927709
turn_change,273,0.014307228915662606
turn_change,274,-0.0075301204819276935
turn_change,275,0.007454819277108449
turn_change,276,-0.01799698795180721
turn_change,277,-0.014457831325301262
turn_change,278,0.021611445783132455
turn_change,279,0.001807228915662762
turn_change,280,-0.01129518072289154
turn_change,281,-0.00060240963855418
turn_change,282,-0.0007530120481927804
turn_change,283,-0.003237951807228967
turn_change,284,-0.013780120481927671
turn_change,285,0.005572289156626442
turn_change,286,0.006852409638554158
turn_change,287,-0.0072289156626506035
turn_change,288,-0.003087349397590311
turn_change,289,0.014683734939759052
turn_change,290,0.014156626506024117
turn_change,291,-0.002033132530120496
turn_change,292,0.0021837349397590966
turn_change,293,0.005120481927710863
turn_change,294,0.0025602409638554313
turn_change,295,-0.021912650602409545
turn_change,296,-0.011746987951807175
turn_change,297,-0.03501506024096385
turn_change,298,-0.006626506024096368
turn_change,299,0.012500000000000067
turn_change,300,0.001506024096385561
turn_change,301,-0.0028614457831325213
turn_change,302,-0.013704819277108482
turn_change,303,0.020557228915662584
turn_change,304,0.02123493975903623
turn_change,305,0.0024849397590360756
turn_change,306,0.014382530120481962
turn_change,307,-0.022063253012048145
turn_change,308,0.015135542168674632
turn_change,309,-0.004066265060240937
turn_change,310,-0.0031626506024096668
turn_change,311,-0.006325301204819278
turn_change,312,-0.0036144578313252462
turn_change,313,-0.014683734939759052
turn_change,314,0.03034638554216862
turn_change,315,-0.012499999999999956
turn_change,316,-0.003915662650602336
turn_change,317,0.009939759036144635
turn_change,318,0.013328313253012092
turn_change,319,0.012198795180722977
turn_change,320,0.01106927710843375
turn_change,321,-0.004743975903614528
turn_change,322,-0.021611445783132566
turn_change,323,-0.014608433734939752
turn_change,324,0.014533132530120452
turn_change,325,-0.014533132530120507
turn_change,326,-0.004969879518072318
turn_change,327,-0.0012801204819277712
turn_change,328,-0.0006777108433734802
turn_change,329,0.008810240963855409
turn_change,330,-0.008584337349397564
turn_change,331,-0.01965361445783126
turn_change,332,0.009036144578313365
turn_change,333,0.014457831325301207
turn_change,334,0.002108433734939741
turn_change,335,0.007003012048192758
turn_change,336,-0.005496987951807197
turn_change,337,-0.015662650602409622
turn_change,338,0.00956325301204819
turn_change,339,-0.004066265060240937
turn_change,340,0.0021837349397589856
turn_change,341,0.008584337349397675
turn_change,342,0.007454819277108449
turn_change,343,0.03155120481927709
turn_change,344,-0.014081325301204872
turn_change,345,-0.0126506024096385
turn_change,346,-0.012274096385542221
turn_change,347,0.004894578313253017
turn_change,348,-0.002936746987951766
turn_change,349,-0.0036144578313252462
turn_change,350,-0.01137048192771084
turn_change,351,-0.013855421686747083
turn_change,352,-0.0066265060240964235
turn_change,353,0.017620481927710818
turn_change,354,0.0036144578313253017
turn_change,355,-0.01129518072289154
turn_change,356,-0.002484939759036131
turn_change,357,-0.013629518072289182
turn_change,358,0.0006777108433735357
turn_change,359,0.007003012048192758
turn_change,360,0.007680722891566183
turn_change,361,-0.015813253012048167
turn_change,362,0.010692771084337416
turn_change,363,-0.016490963855421648
turn_change,364,-0.010768072289156605
turn_change,365,0.010090361445783125
turn_change,366,-0.01302710843373489
turn_change,367,0.0006777108433735357
turn_change,368,-0.015888554216867412
turn_change,369,-0.0070783132530120585
turn_change,370,-0.005195783132530107
turn_change,371,0.015361445783132588
turn_change,372,-0.001054216867469926
turn_change,373,0.013102409638554247
turn_change,374,0.005722891566265043
turn_change,375,-0.016566265060240948
turn_change,376,0.006475903614457823
turn_change,377,0.011822289156626531
turn_change,378,-0.0034638554216867568
turn_change,379,-0.01302710843373489
turn_change,380,-0.02951807228915665
turn_change,381,0.002033132530120496
turn_change,382,0.00060240963855418
turn_change,383,-0.0018072289156627064
turn_change,384,0.009412650602409589
turn_change,385,-0.0069277108433735135
turn_change,386,0.013930722891566272
turn_change,387,0.000301204819277201
turn_change,388,-0.0027108433734939763
turn_change,389,0.010692771084337416
turn_change,390,0.02153614457831321
turn_change,391,0.009789156626506035
turn_change,392,0.008885542168674654
turn_change,393,-0.005722891566265098
turn_change,394,-0.0013554216867469604
turn_change,395,-0.022364457831325346
turn_change,396,-0.0021837349397590966
turn_change,397,-0.01679216867469885
turn_change,398,-0.0042921686746988374
turn_change,399,0.017319277108433728
turn_change,400,-0.008283132530120474
turn_change,401,-0.024397590361445842
turn_change,402,0.005496987951807197
turn_change,403,0.004743975903614417
turn_change,404,0.004066265060240881
turn_change,405,0.010692771084337416
turn_change,406,-0.001957831325301196
turn_change,407,0.008433734939759074
turn_change,408,-0.012274096385542221
turn_change,409,0.013554216867469826
turn_change,410,-0.014081325301204761
turn_change,411,0.004894578313253017
turn_change,412,-0.005647590361445798
turn_change,413,0.0031626506024097223
turn_change,414,0.006777108433734913
turn_change,415,-0.010768072289156605
turn_change,416,0.007605421686747049
turn_change,417,-0.0006777108433734802
turn_change,418,0.0060240963855421326
turn_change,419,0.013328313253012092
turn_change,420,0.0034638554216868123
turn_change,421,0.016340361445783214
turn_change,422,0.014909638554216786
turn_change,423,-0.006551204819277123
turn_change,424,-0.008810240963855465
turn_change,425,-0.005873493975903643
turn_change,426,0.015060240963855387
turn_change,427,0.0005271084337349352
turn_change,428,0.010240963855421725
turn_change,429,0.013403614457831337
turn_change,430,-0.0012801204819277712
turn_change,431,-0.01287650602409629
turn_change,432,0.01242469879518071
turn_change,433,0.015662650602409567
turn_change,434,-0.01920180722891568
turn_change,435,-0.0018825301204819511
turn_change,436,-0.010466867469879515
turn_change,437,0.017243975903614484
turn_change,438,0.003237951807228856
turn_change,439,0.005120481927710863
turn_change,440,0.011822289156626531
turn_change,441,0.013102409638554247
turn_change,442,-0.013102409638554191
turn_change,443,0.000602409638554291
turn_change,444,-0.009412650602409645
turn_change,445,-0.03057228915662652
turn_change,446,-0.008509036144578264
turn_change,447,-0.01287650602409629
turn_change,448,-0.007756024096385483
turn_change,449,-0.009789156626506035
turn_change,450,0.005271084337349352
turn_change,451,-0.0004518072289156905
turn_change,452,0.008734939759036164
turn_change,453,-0.01129518072289154
turn_change,454,-0.004518072289156627
turn_change,455,0.015060240963855387
turn_change,456,0.001204819277108471
turn_change,457,0.005045180722891618
turn_change,458,0.0017319277108432951
turn_change,459,0.017846385542168663
turn_change,460,0.016189759036144613
turn_change,461,-0.005722891566264987
turn_change,462,-0.0066265060240964235
turn_change,463,-0.016490963855421648
turn_change,464,0.017168674698795128
turn_change,465,-0.014608433734939752
turn_change,466,-0.003915662650602447
turn_change,467,-0.008810240963855465
turn_change,468,0.008810240963855409
turn_change,469,0.00896084337349401
turn_change,470,-0.0018072289156627064
turn_change,471,-0.004969879518072207
turn_change,472,0.019804216867469804
turn_change,473,0.009186746987951855
turn_change,474,0.0039909638554216365
turn_change,475,-0.006927710843373458
turn_change,476,-0.007454819277108393
turn_change,477,0.01897590361445789
turn_change,478,-0.011069277108433695
turn_change,479,-0.010542168674698815
turn_change,480,0.007756024096385539
turn_change,481,-0.01234939759036141
turn_change,482,0.0018072289156626509
turn_change,483,-0.001506024096385561
turn_change,484,0.004518072289156572
turn_change,485,-0.005572289156626387
turn_change,486,-0.016942771084337338
turn_change,487,-0.009262048192771044
turn_change,488,-0.00911144578313261
turn_change,489,-0.005948795180722888
turn_change,490,-0.007605421686747105
turn_change,491,-0.008132530120481873
turn_change,492,-0.0001506024096386005
turn_change,493,-0.002560240963855487
turn_change,494,-0.015737951807228923
turn_change,495,0.007304216867469959
turn_change,496,-0.01129518072289154
turn_change,497,0.016415662650602347
turn_change,498,-0.016265060240963858
turn_change,499,0.031626506024096335
turn_change,500,-0.004141566265060237
turn_change,501,-0.0075301204819276935
turn_change,502,0.0069277108433735135
turn_change,503,0.013177710843373491
turn_change,504,0.01106927710843375
turn_change,505,0.007078313253011892
turn_change,506,-0.021912650602409545
turn_change,507,-0.005271084337349408
turn_change,508,0.000903614457831381
turn_change,509,-0.02018072289156625
turn_change,510,0.008584337349397675
turn_change,511,-0.015060240963855442
turn_change,512,-0.01965361445783126
turn_change,513,0.0036897590361445465
turn_change,514,-0.025301204819277112
turn_change,515,0.01121987951807224
turn_change,516,-0.006551204819277123
turn_change,517,-0.004668674698795228
turn_change,518,-0.024924698795180722
turn_change,519,0.006400602409638578
turn_change,520,-0.006325301204819167
turn_change,521,0.005271084337349352
turn_change,522,-0.010542168674698815
turn_change,523,-0.004819277108433828
turn_change,524,-0.011219879518072184
turn_change,525,0.01076807228915655
turn_change,526,-0.0031626506024096113
turn_change,527,-0.0039909638554216365
turn_change,528,0.0010542168674699814
turn_change,529,0.011897590361445776
turn_change,530,-0.009789156626506035
turn_change,531,0.0034638554216867012
turn_change,532,0.0007530120481927804
turn_change,533,0.011897590361445776
turn_change,534,-0.00120481927710836
turn_change,535,0.03606927710843377
turn_change,536,-0.0021084337349397964
turn_change,537,0.010993975903614506
turn_change,538,-0.008734939759036164
turn_change,539,0.0075301204819276935
turn_change,540,0.0125753012048192
turn_change,541,-0.010240963855421614
turn_change,542,-0.008132530120481873
turn_change,543,-0.010918674698795205
turn_change,544,-0.011897590361445831
turn_change,545,-0.023042168674698826
turn_change,546,-0.0006777108433735357
turn_change,547,-0.020858433734939785
turn_change,548,-0.006099397590361488
turn_change,549,-0.004216867469879537
turn_change,550,-0.014608433734939752
turn_change,551,-0.02003012048192765
turn_change,552,-0.006852409638554158
turn_change,553,-0.020481927710843395
turn_change,554,0.0013554216867469604
turn_change,555,0.01942771084337347
turn_change,556,-0.012123493975903621
turn_change,557,-0.006099397590361377
turn_change,558,-0.016942771084337338
turn_change,559,-0.01942771084337347
turn_change,560,-0.003237951807228967
turn_change,561,-0.015587349397590322
turn_change,562,0.007756024096385539
turn_change,563,-0.002861445783132577
turn_change,564,0.01227409638554211
turn_change,565,-0.012499999999999956
turn_change,566,0.015813253012048167
turn_change,567,-0.009036144578313254
turn_change,568,0.009939759036144635
turn_change,569,-0.005572289156626498
turn_change,570,0.0036897590361446575
turn_change,571,0.024774096385542177
turn_change,572,-0.009337349397590455
turn_change,573,-0.009186746987951855
turn_change,574,-0.0030873493975903665
turn_change,575,-0.021837349397590355
turn_change,576,0.009487951807228945
turn_change,577,0.0183734939759036
turn_change,578,-0.005798192771084398
turn_change,579,0.013253012048192736
turn_change,580,0.017695783132530174
turn_change,581,-0.0010542168674698704
turn_change,582,0.0022590361445783413
turn_change,583,-0.007605421686746938
turn_change,584,-0.010240963855421725
turn_change,585,0.008810240963855409
turn_change,586,0.005948795180722999
turn_change,587,0.01972891566265067
turn_change,588,-0.007680722891566294
turn_change,589,0.005271084337349352
turn_change,590,-0.0018825301204819511
turn_change,591,0.019201807228915624
turn_change,592,-0.01069277108433736
turn_change,593,0.006701807228915668
turn_change,594,0.016942771084337394
turn_change,595,0.008734939759036164
turn_change,596,0.0010542168674698704
turn_change,597,0.01061746987951806
turn_change,598,0.0060240963855421326
turn_change,599,-0.005647590361445798
turn_change,600,0.01272590361445769
turn_change,601,0.007756024096385539
turn_change,602,-0.0023343373493975306
turn_change,603,0.0024849397590361866
turn_change,604,0.00850903614457832
turn_change,605,0.002108433734939741
turn_change,606,0.004066265060240992
turn_change,607,-0.00971385542168679
turn_change,608,-0.008885542168674654
turn_change,609,0.021460843373493965
turn_change,610,0.00030120481927709
turn_change,611,0.007605421686747049
turn_change,612,-0.001204819277108471
turn_change,613,-0.01114457831325305
turn_change,614,-0.006174698795180733
turn_change,615,0.0027861445783132766
turn_change,616,0.007680722891566294
turn_change,617,0.009487951807228945
turn_change,618,0.02515060240963851
turn_change,619,0.002409638554216831
turn_change,620,-0.009186746987951855
turn_change,621,0.0019578313253012514
turn_change,622,0.01152108433734933
turn_change,623,-0.007379518072289204
turn_change,624,-0.01046686746987957
turn_change,625,7.530120481924474e-05
turn_change,626,0.01152108433734933
turn_change,627,-0.005722891566265098
turn_change,628,0.011295180722891596
turn_change,629,0.005647590361445798
turn_change,630,-0.0018072289156627064
turn_change,631,0.013855421686746916
turn_change,632,0.007153614457831359
turn_change,633,0.0036144578313253017
turn_change,634,-0.014231927710843362
turn_change,635,0.024021084337349508
turn_change,636,0.004442771084337327
turn_change,637,0.01611445783132537
turn_change,638,0.006249999999999978
turn_change,639,0.0015813253012048056
turn_change,640,-0.0033885542168674565
turn_change,641,0.01897590361445789
turn_change,642,-0.020331325301204795
turn_change,643,-0.015813253012048167
turn_change,644,-0.004593373493975816
turn_change,645,0.005346385542168708
turn_change,646,0.010240963855421614
turn_change,647,0.004066265060240992
turn_change,648,-0.01807228915662651
turn_change,649,-0.017620481927710818
turn_change,650,0.0092620481927711
turn_change,651,-0.01039156626506027
turn_change,652,-0.016942771084337338
turn_change,653,0.012349397590361466
turn_change,654,0.0006777108433735357
turn_change,655,-0.008433734939759074
turn_change,656,-0.0024096385542168863
turn_change,657,-0.004367469879518027
turn_change,658,0.0039909638554216365
turn_change,659,0.005195783132530218
turn_change,660,0.010692771084337416
turn_change,661,0.024021084337349397
turn_change,662,0.0006777108433734247
turn_change,663,-0.0039909638554216365
turn_change,664,-0.002484939759036131
turn_change,665,-0.0020331325301204406
turn_change,666,-0.014759036144578352
turn_change,667,-0.0034638554216867012
turn_change,668,0.0
turn_change,669,-0.013403614457831281
turn_change,670,0.002635542168674676
turn_change,671,-0.009337349397590455
turn_change,672,0.01897590361445789
turn_change,673,-0.0005271084337349907
turn_change,674,-0.002936746987951877
turn_change,675,0.011144578313253106
turn_change,676,0.024246987951807242
turn_change,677,-0.009563253012048245
turn_change,678,-0.017545180722891518
turn_change,679,-0.010316265060241026
turn_change,680,-0.0063253012048193336
turn_change,681,0.017394578313252973
turn_change,682,-0.004367469879518027
turn_change,683,-0.019352409638554224
turn_change,684,0.005271084337349352
turn_change,685,0.0014307228915662051
turn_change,686,0.0025602409638553203
turn_change,687,-0.0021837349397590966
turn_change,688,-0.01069277108433736
turn_change,689,-0.008734939759036164
turn_change,690,-0.0039909638554216365
turn_change,691,-0.007981927710843384
turn_change,692,0.014156626506024117
turn_change,693,-0.0038403614457830915
turn_change,694,0.0069277108433735135
turn_change,695,-0.009864457831325224
turn_change,696,-0.007228915662650548
turn_change,697,-0.006777108433734913
turn_change,698,0.015361445783132477
turn_change,699,0.004969879518072262
turn_change,700,-0.006777108433734913
turn_change,701,-0.0028614457831325213
turn_change,702,-0.01227409638554211
turn_change,703,0.0024849397590360756
turn_change,704,-0.005346385542168597
turn_change,705,-0.011897590361445776
turn_change,706,0.011746987951807175
turn_change,707,-0.005271084337349408
turn_change,708,0.0008283132530120252
turn_change,709,-0.023117469879518127
turn_change,710,0.008283132530120474
turn_change,711,-0.009186746987951855
turn_change,712,0.007304216867469848
turn_change,713,-0.000903614457831381
turn_change,714,-0.008132530120481873
turn_change,715,0.009036144578313254
turn_change,716,-0.009036144578313254
turn_change,717,-0.005271084337349408
turn_change,718,0.02078313253012054
turn_change,719,0.011822289156626531
turn_change,720,0.016792168674698793
turn_change,721,-0.004518072289156627
turn_change,722,-0.008509036144578264
turn_change,723,-0.012876506024096401
turn_change,724,0.00896084337349401
turn_change,725,-0.014081325301204761
turn_change,726,-0.004141566265060237
turn_change,727,0.016641566265060304
turn_change,728,0.005271084337349352
turn_change,729,-0.008207831325301174
turn_change,730,-0.006099397590361488
turn_change,731,0.005948795180722888
turn_change,732,-0.002033132530120496
turn_change,733,0.002710843373493921
turn_change,734,0.00820783132530123
turn_change,735,0.013780120481927671
turn_change,736,0.014307228915662606
turn_change,737,0.011897590361445887
turn_change,738,0.007680722891566294
turn_change,739,0.013102409638554247
turn_change,740,-0.007003012048192758
turn_change,741,0.007454819277108449
turn_change,742,-0.018524096385542088
turn_change,743,0.006701807228915668
turn_change,744,0.0009789156626506257
turn_change,745,0.004066265060240992
turn_change,746,-0.0072289156626506035
turn_change,747,0.010316265060240859
turn_change,748,0.002936746987951766
turn_change,749,-0.014759036144578352
turn_change,750,-0.01920180722891568
turn_change,751,-0.01859939759036139
turn_change,752,-0.004442771084337438
turn_change,753,-0.021536144578313265
turn_change,754,-0.0014307228915662606
turn_change,755,0.00986445783132528
turn_change,756,0.0024849397590361866
turn_change,757,-0.008207831325301285
turn_change,758,-0.002936746987951766
turn_change,759,0.010843373493976016
turn_change,760,0.004141566265060237
turn_change,761,0.011897590361445776
turn_change,762,-0.0004518072289156905
turn_change,763,0.0033885542168674565
turn_change,764,0.014909638554216786
turn_change,765,-0.009487951807228834
turn_change,766,0.015662650602409567
turn_change,767,-0.005496987951807197
turn_change,768,0.002409638554216942
turn_change,769,0.006551204819277179
turn_change,770,0.007078313253012114
turn_change,771,-0.0010542168674698704
turn_change,772,0.014984939759036253
turn_change,773,0.00805722891566274
turn_change,774,-0.0012801204819276601
turn_change,775,-0.0013554216867469604
turn_change,776,0.009412650602409589
turn_change,777,0.0060240963855421326
turn_change,778,-0.014608433734939752
turn_change,779,-0.0011295180722891707
turn_change,780,0.00896084337349401
turn_change,781,0.017695783132530174
turn_change,782,0.03652108433734935
turn_change,783,-0.023042168674698826
turn_change,784,0.003012048192771122
turn_change,785,0.007304216867469959
turn_change,786,-0.003237951807228967
turn_change,787,-0.0017319277108433506
turn_change,788,0.017093373493975883
turn_change,789,-0.01174698795180723
turn_change,790,0.006551204819277179
turn_change,791,0.0008283132530120252
turn_change,792,0.02394578313253004
turn_change,793,-0.023644578313253006
turn_change,794,-0.005045180722891618
turn_change,795,-0.025978915662650592
turn_change,796,-0.0033885542168674565
turn_change,797,-0.005496987951807197
turn_change,798,-0.0039909638554216365
turn_change,799,0.01762048192771093
turn_change,800,-0.0042921686746988374
turn_change,801,0.016340361445783214
turn_change,802,0.021460843373493965
turn_change,803,0.003237951807228856
turn_change,804,-0.015888554216867412
turn_change,805,-0.009412650602409645
turn_change,806,0.0031626506024097223
turn_change,807,0.015135542168674854
turn_change,808,-0.027259036144578364
turn_change,809,0.0006777108433735357
turn_change,810,-0.0037650602409638467
turn_change,811,0.0015813253012048056
turn_change,812,-0.006701807228915724
turn_change,813,-0.000301204819277201
turn_change,814,0.002710843373493921
turn_change,815,-0.0010542168674698704
turn_change,816,0.0027861445783132766
turn_change,817,-0.01046686746987957
turn_change,818,-0.005873493975903588
turn_change,819,-0.021310240963855476
turn_change,820,-0.010015060240963825
turn_change,821,0.0013554216867469604
turn_change,822,0.02093373493975903
turn_change,823,-0.0028614457831325213
turn_change,824,-0.0042921686746988374
turn_change,825,0.0060240963855421326
turn_change,826,0.01076807228915655
turn_change,827,-0.034337349397590367
turn_change,828,-0.0034638554216867568
turn_change,829,0.0005271084337349352
turn_change,830,0.0014307228915663162
turn_change,831,0.009036144578313254
turn_change,832,-0.010993975903614395
turn_change,833,0.024171686746987997
turn_change,834,-0.008960843373494065
turn_change,835,-0.01069277108433736
turn_change,836,-0.0042921686746988374
turn_change,837,0.0022590361445783413
turn_change,838,-0.008584337349397564
turn_change,839,-0.0127259036144578
turn_change,840,-0.008358433734939774
turn_change,841,-0.010391566265060215
turn_change,842,-0.005195783132530107
turn_change,843,0.008734939759036053
turn_change,844,-0.008734939759036164
turn_change,845,0.013177710843373491
turn_change,846,0.004969879518072262
turn_change,847,0.006701807228915668
turn_change,848,-0.005873493975903588
turn_change,849,0.008885542168674654
turn_change,850,-0.006777108433734913
turn_change,851,0.005798192771084398
turn_change,852,-0.015737951807228923
turn_change,853,0.016189759036144613
turn_change,854,0.012500000000000067
turn_change,855,-0.007304216867469848
turn_change,856,-0.0016566265060240504
turn_change,857,0.012198795180722977
turn_change,858,-0.00022590361445778973
turn_change,859,0.005798192771084398
turn_change,860,-0.0003765060240963902
turn_change,861,-0.004819277108433606
turn_change,862,-0.008057228915662684
turn_change,863,0.005195783132530107
turn_change,864,-0.01649096385542176
turn_change,865,0.013403614457831337
turn_change,866,-0.004141566265060237
turn_change,867,-0.010617469879518004
turn_change,868,0.008885542168674654
turn_change,869,0.015060240963855387
turn_change,870,0.00820783132530123
turn_change,871,-0.0016566265060241059
turn_change,872,-0.029518072289156594
turn_change,873,-0.016490963855421648
turn_change,874,0.008810240963855409
turn_change,875,-0.002259036144578286
turn_change,876,0.0013554216867469604
turn_change,877,-0.010768072289156605
turn_change,878,-0.010617469879518004
turn_change,879,0.009036144578313254
turn_change,880,0.006174698795180733
turn_change,881,0.0039909638554216365
turn_change,882,0.0019578313253012514
turn_change,883,-0.006475903614457823
turn_change,884,0.004969879518072262
turn_change,885,-0.015060240963855442
turn_change,886,0.0033885542168674565
turn_change,887,0.010692771084337416
turn_change,888,-0.002484939759036131
turn_change,889,-0.0027861445783132766
turn_change,890,-0.01069277108433736
turn_change,891,0.00865963855421692
turn_change,892,-0.006099397590361488
turn_change,893,-0.002033132530120496
turn_change,894,-0.0018825301204819511
turn_change,895,0.002334337349397475
turn_change,896,-7.530120481918923e-05
turn_change,897,-0.001204819277108471
turn_change,898,0.005421686746987953
turn_change,899,0.0042921686746988374
turn_change,900,0.015286144578313232
turn_change,901,0.015737951807228923
turn_change,902,-0.0031626506024096668
turn_change,903,-0.011972891566265131
turn_change,904,-0.008207831325301174
turn_change,905,-0.010617469879518004
turn_change,906,-0.015210843373493987
turn_change,907,0.015286144578313232
turn_change,908,-0.004969879518072318
turn_change,909,-0.0012801204819277712
turn_change,910,-0.008734939759036164
turn_change,911,0.004969879518072262
turn_change,912,-0.009337349397590344
turn_change,913,-0.014156626506024061
turn_change,914,-0.0003765060240963902
turn_change,915,-0.0036897590361445465
turn_change,916,-0.022515060240963947
turn_change,917,0.028087349397590278
turn_change,918,0.004367469879518082
turn_change,919,-0.015436746987951833
turn_change,920,0.03637048192771086
turn_change,921,-0.008810240963855465
turn_change,922,0.018900602409638534
turn_change,923,-0.01912650602409638
turn_change,924,0.001204819277108471
turn_change,925,0.0036144578313253017
turn_change,926,0.008283132530120474
turn_change,927,0.0015813253012048056
turn_change,928,0.007153614457831359
turn_change,929,-0.002484939759036131
turn_change,930,-0.013403614457831281
turn_change,931,-0.0039909638554217475
turn_change,932,0.010692771084337305
turn_change,933,-0.00022590361445778973
turn_change,934,0.009487951807228834
turn_change,935,-0.017319277108433728
turn_change,936,0.007153614457831359
turn_change,937,-0.0036897590361446575
turn_change,938,0.02078313253012054
turn_change,939,0.008132530120481984
turn_change,940,-0.006626506024096368
turn_change,941,-0.014457831325301262
turn_change,942,0.004216867469879482
turn_change,943,-0.0036897590361445465
turn_change,944,-0.007454819277108504
turn_change,945,0.014231927710843473
turn_change,946,-0.01882530120481929
turn_change,947,0.002635542168674676
turn_change,948,-0.010918674698795205
turn_change,949,0.004518072289156572
turn_change,950,0.0001506024096386005
turn_change,951,-0.010165662650602425
turn_change,952,-0.01106927710843375
turn_change,953,-0.009262048192771155
turn_change,954,-0.007756024096385483
turn_change,955,-0.004743975903614417
turn_change,956,0.002710843373494032
turn_change,957,-0.015210843373493987
turn_change,958,0.011746987951807286
turn_change,959,0.0024849397590360756
turn_change,960,0.0036144578313253017
turn_change,961,-0.007153614457831303
turn_change,962,-0.003539156626505946
turn_change,963,0.0025602409638554313
turn_change,964,-0.0042921686746988374
turn_change,965,0.009789156626506035
turn_change,966,-0.004593373493975816
turn_change,967,0.0012801204819276046
turn_change,968,0.010391566265060215
turn_change,969,0.01167168674698793
turn_change,970,0.0033132530120482118
turn_change,971,-0.01957831325301207
turn_change,972,-0.025150602409638456
turn_change,973,0.008433734939759074
turn_change,974,-0.034487951807228856
turn_change,975,-0.016265060240963858
turn_change,976,0.026656626506024073
turn_change,977,-0.0036897590361446575
turn_change,978,0.009186746987951744
turn_change,979,-0.01957831325301207
turn_change,980,-0.009789156626506035
turn_change,981,-0.007756024096385483
turn_change,982,-0.006099397590361377
turn_change,983,0.0001506024096386005
turn_change,984,-0.0030120481927710663
turn_change,985,0.015286144578313232
turn_change,986,0.01746987951807233
turn_change,987,-0.001506024096385561
turn_change,988,-0.01106927710843375
turn_change,989,0.01106927710843375
turn_change,990,-0.008659638554216864
turn_change,991,-0.01980421686746986
turn_change,992,-0.0063253012048193336
turn_change,993,-0.012725903614457912
turn_change,994,0.009036144578313254
turn_change,995,-0.008358433734939885
turn_change,996,-0.005647590361445798
turn_change,997,-0.002484939759036131
turn_change,998,-0.03215361445783138
turn_change,999,0.005421686746987953
turn_change,1000,-0.0070783132530120585
turn_change,1001,0.0042921686746988374
turn_change,1002,0.002033132530120385
turn_change,1003,0.0031626506024097223
turn_change,1004,-0.007981927710843384
turn_change,1005,0.007153614457831359
turn_change,1006,-0.01942771084337347
turn_change,1007,0.007680722891566294
turn_change,1008,-0.010316265060241026
turn_change,1009,-7.530120481930025e-05
turn_change,1010,0.009638554216867434
turn_change,1011,0.005647590361445798
turn_change,1012,0.020406626506024095
turn_change,1013,0.009111445783132499
turn_change,1014,0.0060240963855421326
turn_change,1015,0.009111445783132499
turn_change,1016,0.007078313253012114
turn_change,1017,0.008283132530120474
turn_change,1018,-0.008207831325301285
turn_change,1019,0.015587349397590433
turn_change,1020,0.0024849397590360756
turn_change,1021,-0.003840361445783147
turn_change,1022,0.0092620481927711
turn_change,1023,0.013629518072289182
turn_change,1024,0.02123493975903623
turn_change,1025,0.002334337349397475
turn_change,1026,0.014081325301204872
turn_change,1027,0.005195783132530107
turn_change,1028,-0.009262048192771044
turn_change,1029,-0.009487951807228945
turn_change,1030,-0.00120481927710836
turn_change,1031,-0.013855421686746971
turn_change,1032,0.0034638554216867012
turn_change,1033,0.002409638554216942
turn_change,1034,-0.0036897590361446575
turn_change,1035,0.011746987951807175
turn_change,1036,-0.01197289156626502
turn_change,1037,-0.014081325301204872
turn_change,1038,-0.0013554216867469604
turn_change,1039,0.013855421686747027
turn_change,1040,0.003915662650602392
turn_change,1041,0.026129518072289137
turn_change,1042,0.015286144578313232
turn_change,1043,-0.01039156626506027
turn_change,1044,-0.0007530120481927804
turn_change,1045,-0.00060240963855418
turn_change,1046,0.007379518072289093
turn_change,1047,0.006249999999999978
turn_change,1048,-0.002484939759036131
turn_change,1049,0.015436746987951833
turn_change,1050,-0.02018072289156625
turn_change,1051,-0.008358433734939663
turn_change,1052,0.005045180722891618
turn_change,1053,0.007003012048192758
turn_change,1054,0.009939759036144635
turn_change,1055,-0.008283132530120474
turn_change,1056,-0.002259036144578286
turn_change,1057,0.02259036144578308
turn_change,1058,-0.011521084337349385
turn_change,1059,0.019051204819277134
turn_change,1060,-0.016340361445783158
turn_change,1061,-0.004518072289156627
turn_change,1062,0.0014307228915663162
turn_change,1063,0.004593373493975816
turn_change,1064,-0.016265060240963858
turn_change,1065,0.007304216867469848
turn_change,1066,-0.022816265060240926
turn_change,1067,0.016340361445783103
turn_change,1068,-0.0031626506024096668
turn_change,1069,-0.004216867469879426
turn_change,1070,0.0072289156626506035
turn_change,1071,-0.014608433734939752
turn_change,1072,-0.017771084337349308
turn_change,1073,0.0072289156626504925
turn_change,1074,0.014156626506024117
turn_change,1075,0.0015813253012048056
turn_change,1076,-0.007756024096385483
turn_change,1077,-0.004819277108433828
turn_change,1078,-0.006852409638554158
turn_change,1079,0.008283132530120474
turn_change,1080,0.014006024096385516
turn_change,1081,0.005572289156626553
turn_change,1082,0.01686746987951815
turn_change,1083,0.009337349397590344
turn_change,1084,-0.009939759036144635
turn_change,1085,-0.01927710843373498
turn_change,1086,0.0066265060240963125
turn_change,1087,0.014382530120481962
turn_change,1088,0.006701807228915779
turn_change,1089,0.01822289156626511
turn_change,1090,-0.027108433734939763
turn_change,1091,-0.0021837349397590966
turn_change,1092,0.0016566265060241614
turn_change,1093,-0.002334337349397586
turn_change,1094,-0.011219879518072295
turn_change,1095,-0.002786144578313221
turn_change,1096,0.007153614457831359
turn_change,1097,-0.010918674698795205
turn_change,1098,0.0036144578313253017
turn_change,1099,-0.008283132530120474
turn_change,1100,-0.027786144578313243
turn_change,1101,0.002635542168674676
turn_change,1102,0.004894578313253017
turn_change,1103,-0.015286144578313232
turn_change,1104,0.002108433734939741
turn_change,1105,0.01807228915662651
turn_change,1106,-0.005798192771084398
turn_change,1107,0.0011295180722891152
turn_change,1108,0.005195783132530218
turn_change,1109,-0.013855421686747083
turn_change,1110,0.0014307228915662051
turn_change,1111,7.530120481924474e-05
turn_change,1112,0.010542168674698815
turn_change,1113,-0.0028614457831325213
turn_change,1114,0.00120481927710836
turn_change,1115,0.015813253012048167
turn_change,1116,-0.001054216867469926
turn_change,1117,0.016415662650602347
turn_change,1118,0.004518072289156572
turn_change,1119,-0.01106927710843375
turn_change,1120,-0.003237951807228856
turn_change,1121,-0.0076807228915662384
turn_change,1122,0.013554216867469826
turn_change,1123,-0.0015813253012049167
turn_change,1124,0.00030120481927709
turn_change,1125,0.016415662650602347
turn_change,1126,-0.006024096385542188
turn_change,1127,0.0037650602409639022
turn_change,1128,-0.015286144578313232
turn_change,1129,-0.007304216867469904
turn_change,1130,0.0075301204819276935
turn_change,1131,0.01837349397590371
turn_change,1132,0.004442771084337327
turn_change,1133,-0.008057228915662684
turn_change,1134,0.005120481927710863
turn_change,1135,0.02304216867469877
turn_change,1136,0.014307228915662606
turn_change,1137,0.013177710843373491
turn_change,1138,0.0028614457831325213
turn_change,1139,0.0
turn_change,1140,0.0011295180722891152
turn_change,1141,-0.0028614457831325213
turn_change,1142,-0.01995481927710846
turn_change,1143,-0.014759036144578352
turn_change,1144,-0.002033132530120496
turn_change,1145,-0.0061746987951806775
turn_change,1146,0.00022590361445784524
turn_change,1147,-0.0024096385542168863
turn_change,1148,0.0021837349397590966
turn_change,1149,-7.530120481918923e-05
turn_change,1150,-0.011219879518072351
turn_change,1151,-0.009036144578313254
turn_change,1152,-0.002108433734939741
turn_change,1153,-0.015512048192771077
turn_change,1154,-0.022665662650602436
turn_change,1155,0.015286144578313232
turn_change,1156,0.013855421686746916
turn_change,1157,0.012349397590361466
turn_change,1158,-0.004593373493975816
turn_change,1159,0.012725903614457912
turn_change,1160,0.0021837349397589856
turn_change,1161,0.01302710843373489
turn_change,1162,-0.008734939759036053
turn_change,1163,0.0006777108433734247
turn_change,1164,0.0010542168674698704
turn_change,1165,0.005271084337349352
turn_change,1166,-0.011521084337349385
turn_change,1167,-0.0028614457831325213
turn_change,1168,-0.0039909638554217475
turn_change,1169,-0.0066265060240964235
turn_change,1170,0.015512048192770966
turn_change,1171,0.02018072289156625
turn_change,1172,0.008810240963855409
turn_change,1173,0.006475903614457712
turn_change,1174,0.006475903614457823
turn_change,1175,0.00896084337349401
turn_change,1176,0.002635542168674676
turn_change,1177,-0.005271084337349408
turn_change,1178,0.006249999999999978
turn_change,1179,-0.0015813253012048611
turn_change,1180,-0.0015813253012048611
turn_change,1181,0.030572289156626575
turn_change,1182,0.002033132530120496
turn_change,1183,-0.0126506024096385
turn_change,1184,0.007831325301204894
turn_change,1185,-0.0007530120481927804
turn_change,1186,-0.004819277108433828
turn_change,1187,-0.0027861445783132766
turn_change,1188,0.004367469879518082
turn_change,1189,-0.015135542168674743
turn_change,1190,-0.004743975903614528
turn_change,1191,-0.004141566265060237
turn_change,1192,-0.007304216867469904
turn_change,1193,-0.003539156626505946
turn_change,1194,0.017846385542168663
turn_change,1195,-0.004367469879518027
turn_change,1196,0.0014307228915662051
turn_change,1197,-0.013704819277108371
turn_change,1198,-0.0028614457831325213
turn_change,1199,-0.010617469879518004
turn_change,1200,0.0060240963855421326
turn_change,1201,0.004969879518072262
turn_change,1202,0.0012801204819277157
turn_change,1203,-0.01129518072289154
turn_change,1204,0.003840361445783147
turn_change,1205,0.021009036144578275
turn_change,1206,-0.008810240963855465
turn_change,1207,-0.0039909638554216365
turn_change,1208,-0.03260542168674696
turn_change,1209,0.005346385542168708
turn_change,1210,-7.530120481930025e-05
turn_change,1211,-0.002484939759036131
turn_change,1212,0.012349397590361466
turn_change,1213,0.011822289156626531
turn_change,1214,-0.0006777108433735357
turn_change,1215,-0.013102409638554302
turn_change,1216,0.005195783132530107
turn_change,1217,0.022364457831325346
turn_change,1218,-0.007680722891566294
turn_change,1219,-0.01957831325301207
turn_change,1220,0.013102409638554247
turn_change,1221,-0.010015060240963825
turn_change,1222,-0.001957831325301196
turn_change,1223,0.002108433734939741
turn_change,1224,0.019352409638554224
turn_change,1225,-0.017394578313252917
turn_change,1226,0.007756024096385539
turn_change,1227,-0.0020331325301204406
turn_change,1228,0.004894578313253017
turn_change,1229,0.002334337349397475
turn_change,1230,-0.003915662650602447
turn_change,1231,-0.005722891566265098
turn_change,1232,-0.020632530120481996
turn_change,1233,-0.0008283132530120807
turn_change,1234,-0.009186746987951855
turn_change,1235,0.01242469879518071
turn_change,1236,0.022816265060240926
turn_change,1237,0.0008283132530120252
turn_change,1238,-0.008509036144578264
turn_change,1239,0.009337349397590455
turn_change,1240,-0.004141566265060237
turn_change,1241,0.02899096385542166
turn_change,1242,0.016189759036144613
turn_change,1243,-0.023192771084337316
turn_change,1244,-0.002259036144578286
turn_change,1245,-0.01807228915662651
turn_change,1246,-0.023042168674698826
turn_change,1247,-0.009713855421686735
turn_change,1248,0.008885542168674654
turn_change,1249,0.008433734939759074
turn_change,1250,0.010240963855421725
turn_change,1251,0.016490963855421703
turn_change,1252,0.0036897590361445465
turn_change,1253,-0.0030120481927710663
turn_change,1254,0.012650602409638556
turn_change,1255,0.0066265060240963125
turn_change,1256,0.02469879518072282
turn_change,1257,-0.006249999999999978
turn_change,1258,0.004819277108433773
turn_change,1259,0.004518072289156572
turn_change,1260,-0.008659638554216864
turn_change,1261,0.006475903614457823
turn_change,1262,-0.008358433734939663
turn_change,1263,-0.0184487951807229
turn_change,1264,-0.019352409638554224
turn_change,1265,0.008584337349397564
turn_change,1266,0.0092620481927711
turn_change,1267,0.01167168674698793
turn_change,1268,0.005798192771084398
turn_change,1269,-0.01965361445783126
turn_change,1270,0.015888554216867412
turn_change,1271,-0.005271084337349408
turn_change,1272,0.014759036144578297
turn_change,1273,0.005572289156626442
turn_change,1274,0.0031626506024097223
turn_change,1275,-0.0015813253012048611
turn_change,1276,0.015210843373493987
turn_change,1277,0.006551204819277179
turn_change,1278,0.004518072289156572
turn_change,1279,-0.010542168674698815
turn_change,1280,0.014984939759036142
turn_change,1281,-0.008659638554216864
turn_change,1282,0.002936746987951766
turn_change,1283,0.00820783132530123
turn_change,1284,-0.001957831325301196
turn_change,1285,-0.016039156626506013
turn_change,1286,-0.010391566265060215
turn_change,1287,-0.014307228915662662
turn_change,1288,-0.009337349397590455
turn_change,1289,0.0024849397590360756
turn_change,1290,0.00850903614457832
turn_change,1291,0.015210843373493987
turn_change,1292,0.01212349397590351
turn_change,1293,-0.015361445783132588
turn_change,1294,-0.004743975903614417
turn_change,1295,-0.024397590361445787
turn_change,1296,0.003237951807228856
turn_change,1297,-0.0017319277108433506
turn_change,1298,0.01106927710843375
turn_change,1299,0.0003765060240963347
turn_change,1300,-0.006024096385542188
turn_change,1301,0.004216867469879482
turn_change,1302,-0.006024096385542188
turn_change,1303,-0.011219879518072351
turn_change,1304,0.009412650602409589
turn_change,1305,-0.013780120481927671
turn_change,1306,0.012198795180722977
turn_change,1307,0.0011295180722891152
turn_change,1308,-0.005195783132530107
turn_change,1309,-0.004141566265060237
turn_change,1310,0.00835843373493983
turn_change,1311,0.016039156626506013
turn_change,1312,0.008132530120481873
turn_change,1313,0.0015813253012048056
turn_change,1314,-0.0073795180722891485
turn_change,1315,0.019653614457831314
turn_change,1316,0.010542168674698815
turn_change,1317,-0.005948795180722888
turn_change,1318,0.00986445783132528
turn_change,1319,0.01242469879518071
turn_change,1320,0.002334337349397475
turn_change,1321,0.014683734939759052
turn_change,1322,-0.010617469879518115
turn_change,1323,-0.006777108433734913
turn_change,1324,-0.007153614457831303
turn_change,1325,0.014984939759036253
turn_change,1326,0.015436746987951833
turn_change,1327,0.026581325301204828
turn_change,1328,0.013855421686746916
turn_change,1329,-0.006099397590361488
turn_change,1330,-0.01927710843373498
turn_change,1331,-0.004141566265060237
turn_change,1332,0.014834337349397653
turn_change,1333,0.006701807228915668
turn_change,1334,0.0014307228915662051
turn_change,1335,0.007756024096385539
turn_change,1336,-0.03554216867469884
turn_change,1337,0.00790662650602414
turn_change,1338,-0.002108433734939741
turn_change,1339,-0.011746987951807175
turn_change,1340,0.010090361445783236
turn_change,1341,-0.024999999999999967
turn_change,1342,0.00850903614457832
turn_change,1343,-0.010240963855421725
turn_change,1344,-0.004442771084337327
turn_change,1345,0.028463855421686834
turn_change,1346,-0.001054216867469926
turn_change,1347,-0.0005271084337349907
turn_change,1348,-0.012801204819277101
turn_change,1349,-0.013629518072289182
turn_change,1350,0.010692771084337416
turn_change,1351,-0.00813253012048204
turn_change,1352,-0.005798192771084398
turn_change,1353,-0.003539156626505946
turn_change,1354,0.009487951807228945
turn_change,1355,-0.004969879518072207
turn_change,1356,-0.014382530120481851
turn_change,1357,-0.005120481927710807
turn_change,1358,-0.023343373493975916
turn_change,1359,-0.014156626506024061
turn_change,1360,0.021009036144578386
turn_change,1361,0.007831325301204783
turn_change,1362,0.005120481927710863
turn_change,1363,0.0027861445783132766
turn_change,1364,0.009789156626506035
turn_change,1365,0.011219879518072351
turn_change,1366,-0.0023343373493975306
turn_change,1367,0.01076807228915655
turn_change,1368,0.011295180722891596
turn_change,1369,0.0072289156626504925
turn_change,1370,-0.014457831325301262
turn_change,1371,0.010090361445783125
turn_change,1372,-0.0039909638554217475
turn_change,1373,-0.011822289156626531
turn_change,1374,-0.014382530120481962
turn_change,1375,-0.00911144578313261
turn_change,1376,0.00022590361445784524
turn_change,1377,0.0022590361445783413
turn_change,1378,-0.008433734939759074
turn_change,1379,0.004442771084337327
turn_change,1380,0.005045180722891618
turn_change,1381,-0.008659638554216864
turn_change,1382,-0.004819277108433717
turn_change,1383,-0.0003765060240963902
turn_change,1384,-0.015210843373493987
turn_change,1385,-0.0013554216867469604
turn_change,1386,-0.009864457831325335
turn_change,1387,-0.009864457831325224
turn_change,1388,-0.003237951807228856
turn_change,1389,-0.0031626506024096668
turn_change,1390,-0.014006024096385572
turn_change,1391,0.0069277108433735135
turn_change,1392,0.00022590361445784524
turn_change,1393,0.005948795180722888
turn_change,1394,0.008358433734939719
turn_change,1395,0.0030873493975903665
turn_change,1396,0.005948795180722888
turn_change,1397,-0.021159638554216875
turn_change,1398,0.0039909638554216365
turn_change,1399,-0.0036897590361445465
turn_change,1400,-0.03742469879518068
turn_change,1401,0.0092620481927711
turn_change,1402,0.012349397590361466
turn_change,1403,-0.009563253012048245
turn_change,1404,-0.015813253012048167
turn_change,1405,0.002033132530120496
turn_change,1406,-0.0006777108433734802
turn_change,1407,-0.00030120481927709
turn_change,1408,-0.0033885542168674565
turn_change,1409,-0.0014307228915663162
turn_change,1410,-0.0004518072289156905
turn_change,1411,-0.003840361445783258
turn_change,1412,-0.008734939759036164
turn_change,1413,-0.007605421686746938
turn_change,1414,-0.005948795180722888
turn_change,1415,-0.014533132530120452
turn_change,1416,-0.005195783132530163
turn_change,1417,0.006852409638554158
turn_change,1418,0.012650602409638556
turn_change,1419,-0.005120481927710918
turn_change,1420,-0.006400602409638578
turn_change,1421,-0.0001506024096386005
turn_change,1422,0.00805722891566274
turn_change,1423,0.004819277108433773
turn_change,1424,0.004292168674698726
turn_change,1425,0.0034638554216867012
turn_change,1426,-0.002936746987951766
turn_change,1427,-0.01227409638554211
turn_change,1428,0.0018825301204818956
turn_change,1429,0.0066265060240963125
turn_change,1430,-0.000903614457831381
turn_change,1431,-0.023644578313253006
turn_change,1432,-0.008659638554216864
turn_change,1433,0.010542168674698815
turn_change,1434,-0.011822289156626531
turn_change,1435,0.013780120481927671
turn_change,1436,-0.0003765060240963902
turn_change,1437,0.0007530120481927804
turn_change,1438,-0.015737951807228923
turn_change,1439,-0.0011295180722891707
turn_change,1440,-0.0018072289156627064
turn_change,1441,0.00030120481927709
turn_change,1442,0.005722891566265043
turn_change,1443,0.007379518072289093
turn_change,1444,-0.014382530120481962
turn_change,1445,-0.014909638554216897
turn_change,1446,0.02673192771084343
turn_change,1447,-0.025000000000000022
turn_change,1448,0.0042921686746988374
turn_change,1449,0.010542168674698815
turn_change,1450,0.00015060240963848948
turn_change,1451,-0.009262048192771044
turn_change,1452,-0.0001506024096386005
turn_change,1453,-0.005948795180722943
turn_change,1454,0.0008283132530120252
turn_change,1455,-0.015587349397590378
turn_change,1456,0.004442771084337438
turn_change,1457,-0.0011295180722891707
turn_change,1458,0.015963855421686768
turn_change,1459,0.009412650602409589
turn_change,1460,0.006475903614457823
turn_change,1461,0.0069277108433734025
turn_change,1462,-0.002108433734939741
turn_change,1463,-0.010240963855421614
turn_change,1464,0.0060240963855421326
turn_change,1465,-0.004367469879518138
turn_change,1466,-0.004518072289156627
turn_change,1467,-0.007680722891566294
turn_change,1468,0.0018072289156625398
turn_change,1469,-0.013177710843373491
turn_change,1470,-0.022740963855421736
turn_change,1471,0.01242469879518071
turn_change,1472,0.012951807228915646
turn_change,1473,0.017243975903614484
turn_change,1474,-0.01874999999999999
turn_change,1475,-0.009412650602409645
turn_change,1476,-0.013855421686747083
turn_change,1477,0.01641566265060246
turn_change,1478,0.01001506024096388
turn_change,1479,0.0033885542168674565
turn_change,1480,0.016189759036144613
turn_change,1481,0.0027861445783132766
turn_change,1482,0.011897590361445776
turn_change,1483,0.018599397590361444
turn_change,1484,0.004216867469879593
turn_change,1485,0.01091867469879515
turn_change,1486,0.0004518072289156905
turn_change,1487,0.0013554216867469604
turn_change,1488,0.009487951807228945
turn_change,1489,-0.013403614457831281
turn_change,1490,0.03320783132530125
turn_change,1491,0.02048192771084345
turn_change,1492,-0.006249999999999978
turn_change,1493,-0.01905120481927708
turn_change,1494,-0.006551204819277123
turn_change,1495,-0.03237951807228917
turn_change,1496,0.03019578313253013
turn_change,1497,-0.03448795180722897
turn_change,1498,0.007304216867469959
turn_change,1499,-0.014909638554216842
turn_change,1500,-0.020933734939758974
turn_change,1501,0.004894578313253017
turn_change,1502,-0.0018072289156626509
turn_change,1503,0.0034638554216868123
turn_change,1504,-0.01867469879518069
turn_change,1505,-0.008734939759036164
turn_change,1506,-0.015361445783132588
turn_change,1507,0.006174698795180733
turn_change,1508,0.02123493975903623
turn_change,1509,0.012123493975903621
turn_change,1510,0.013253012048192736
turn_change,1511,-0.010316265060241026
turn_change,1512,-0.0008283132530119697
turn_change,1513,-0.02025602409638555
turn_change,1514,0.01762048192771093
turn_change,1515,0.0018825301204818956
turn_change,1516,0.014533132530120452
turn_change,1517,0.008433734939759074
turn_change,1518,-0.000903614457831381
turn_change,1519,0.005346385542168708
turn_change,1520,0.021310240963855365
turn_change,1521,-0.008283132530120474
turn_change,1522,0.007304216867469959
turn_change,1523,-0.007605421686746994
turn_change,1524,0.02153614457831332
turn_change,1525,0.002409638554216942
turn_change,1526,-0.02387048192771085
turn_change,1527,0.014457831325301207
turn_change,1528,-0.013629518072289182
turn_change,1529,0.02078313253012054
turn_change,1530,-0.005647590361445798
turn_change,1531,-0.013478915662650581
turn_change,1532,0.0125753012048192
turn_change,1533,-0.024322289156626486
turn_change,1534,0.02274096385542168
turn_change,1535,0.0033885542168674565
turn_change,1536,-0.006475903614457823
turn_change,1537,0.026204819277108382
turn_change,1538,0.0005271084337349352
turn_change,1539,-0.008207831325301174
turn_change,1540,-0.01242469879518071
turn_change,1541,0.015060240963855387
turn_change,1542,0.012575301204819311
turn_change,1543,-0.026882530120481973
turn_change,1544,-0.003539156626506057
turn_change,1545,-0.016792168674698738
turn_change,1546,0.007003012048192758
turn_change,1547,-0.002259036144578286
turn_change,1548,0.02515060240963851
turn_change,1549,0.011445783132530196
turn_change,1550,-0.006249999999999978
turn_change,1551,0.008734939759036164
turn_change,1552,0.017168674698795128
turn_change,1553,0.01912650602409638
turn_change,1554,-0.00022590361445778973
turn_change,1555,0.005346385542168597
turn_change,1556,0.001807228915662762
turn_change,1557,-0.002108433734939741
turn_change,1558,0.019201807228915624
turn_change,1559,-0.015135542168674743
turn_change,1560,-0.011521084337349385
turn_change,1561,-0.0042921686746988374
turn_change,1562,0.001506024096385561
turn_change,1563,0.006400602409638578
turn_change,1564,-0.0030873493975903665
turn_change,1565,-0.01362951807228907
turn_change,1566,-0.010015060240963825
turn_change,1567,0.010090361445783125
turn_change,1568,0.018298192771084354
turn_change,1569,-0.01987951807228905
turn_change,1570,-0.01837349397590371
turn_change,1571,-0.006852409638554158
turn_change,1572,0.016792168674698793
turn_change,1573,0.01106927710843375
turn_change,1574,-0.01242469879518071
turn_change,1575,0.0017319277108432951
turn_change,1576,-0.026129518072289193
turn_change,1577,0.005873493975903532
turn_change,1578,-0.01980421686746986
turn_change,1579,0.003915662650602392
turn_change,1580,0.01882530120481929
turn_change,1581,0.0092620481927711
turn_change,1582,0.017319277108433728
turn_change,1583,0.009939759036144635
turn_change,1584,0.0028614457831325213
turn_change,1585,0.007605421686747049
turn_change,1586,-0.008584337349397675
turn_change,1587,-0.005647590361445798
turn_change,1588,0.001506024096385561
turn_change,1589,0.01942771084337347
turn_change,1590,-0.0036897590361445465
turn_change,1591,-0.004894578313253017
turn_change,1592,-0.01099397590361445
turn_change,1593,-0.0007530120481927804
turn_change,1594,-0.006852409638554158
turn_change,1595,0.007379518072289093
turn_change,1596,0.013704819277108427
turn_change,1597,-0.007756024096385483
turn_change,1598,-0.006777108433734913
turn_change,1599,0.00805722891566274
turn_change,1600,0.01137048192771073
turn_change,1601,0.0012801204819277157
turn_change,1602,-0.002183734939759041
turn_change,1603,-0.004743975903614417
turn_change,1604,0.012123493975903732
turn_change,1605,0.0027861445783132766
turn_change,1606,0.005798192771084398
turn_change,1607,0.0025602409638554313
turn_change,1608,0.007003012048192758
turn_change,1609,0.009638554216867545
turn_change,1610,-0.0007530120481927804
turn_change,1611,-0.0126506024096385
turn_change,1612,-0.01076807228915666
turn_change,1613,0.026581325301204828
turn_change,1614,-0.013855421686746971
turn_change,1615,0.02018072289156636
turn_change,1616,-0.023117469879518127
turn_change,1617,-0.007605421686746994
turn_change,1618,0.007680722891566294
turn_change,1619,0.014231927710843473
turn_change,1620,0.0018072289156626509
turn_change,1621,0.010015060240963769
turn_change,1622,0.010316265060240859
turn_change,1623,0.0027861445783132766
turn_change,1624,0.002936746987951877
turn_change,1625,-0.01227409638554211
turn_change,1626,-0.005346385542168708
turn_change,1627,-0.01957831325301207
turn_change,1628,-0.011972891566265131
turn_change,1629,0.0018072289156626509
turn_change,1630,-0.006852409638554158
turn_change,1631,-0.015587349397590378
turn_change,1632,0.015210843373493987
turn_change,1633,-0.005798192771084398
turn_change,1634,-0.0037650602409638467
turn_change,1635,0.0030873493975903665
turn_change,1636,0.01242469879518071
turn_change,1637,-0.023343373493975916
turn_change,1638,0.005647590361445798
turn_change,1639,-0.00060240963855418
turn_change,1640,-0.022966867469879526
turn_change,1641,0.004442771084337327
turn_change,1642,-0.010542168674698815
turn_change,1643,0.02168674698795181
turn_change,1644,0.018147590361445753
turn_change,1645,0.01987951807228916
turn_change,1646,0.0033132530120482118
turn_change,1647,0.0012801204819277157
turn_change,1648,0.01807228915662651
turn_change,1649,-0.007454819277108504
turn_change,1650,-0.002108433734939741
turn_change,1651,0.013253012048192736
turn_change,1652,7.530120481924474e-05
turn_change,1653,-0.006475903614457823
turn_change,1654,0.007379518072289093
turn_change,1655,0.003237951807228856
turn_change,1656,0.0039909638554216365
turn_change,1657,-0.01980421686746986
turn_change,1658,0.007680722891566294
turn_change,1659,0.023945783132530152
turn_change,1660,-0.009036144578313254
turn_change,1661,-0.013478915662650692
turn_change,1662,-0.004593373493975927
turn_change,1663,0.014984939759036253
turn_change,1664,0.0063253012048192225
turn_change,1665,0.003915662650602392
turn_change,1666,-0.0014307228915662606
turn_change,1667,-0.0006777108433734802
turn_change,1668,0.0024849397590360756
turn_change,1669,-0.008207831325301285
turn_change,1670,0.0060240963855421326
turn_change,1671,0.008584337349397564
turn_change,1672,0.003012048192771122
turn_change,1673,0.005948795180722777
turn_change,1674,-0.001957831325301196
turn_change,1675,0.003765060240963791
turn_change,1676,0.018147590361445753
turn_change,1677,-0.011370481927710785
turn_change,1678,-0.010843373493975794
turn_change,1679,-0.009036144578313254
turn_change,1680,0.0031626506024097223
turn_change,1681,-0.008810240963855465
turn_change,1682,-0.02387048192771085
turn_change,1683,-0.014759036144578352
turn_change,1684,-0.01302710843373489
turn_change,1685,-0.014231927710843417
turn_change,1686,-0.006551204819277123
turn_change,1687,0.012198795180722977
turn_change,1688,0.007304216867469959
turn_change,1689,-0.008057228915662573
turn_change,1690,0.009487951807228945
turn_change,1691,-0.026807228915662673
turn_change,1692,0.01167168674698793
turn_change,1693,-0.008734939759036164
turn_change,1694,-0.007756024096385594
turn_change,1695,0.015662650602409567
turn_change,1696,-0.001054216867469926
turn_change,1697,0.015286144578313232
turn_change,1698,0.0125753012048192
turn_change,1699,0.004367469879518082
turn_change,1700,0.01197289156626502
turn_change,1701,0.0036897590361445465
turn_change,1702,-0.013629518072289182
turn_change,1703,-0.021385542168674776
turn_change,1704,0.007153614457831359
turn_change,1705,-0.0064759036144577675
turn_change,1706,-0.022063253012048256
turn_change,1707,0.003012048192771122
turn_change,1708,0.006400602409638578
turn_change,1709,0.018599397590361444
turn_change,1710,-0.005421686746988008
turn_change,1711,-0.008132530120481873
turn_change,1712,0.0005271084337349352
turn_change,1713,-0.0015813253012047501
turn_change,1714,-0.009789156626506035
turn_change,1715,-0.005496987951807197
turn_change,1716,0.0039909638554216365
turn_change,1717,-0.006551204819277123
turn_change,1718,0.016114457831325146
turn_change,1719,-0.0034638554216867012
turn_change,1720,0.014834337349397653
turn_change,1721,-0.016340361445783158
turn_change,1722,0.004216867469879482
turn_change,1723,0.0
turn_change,1724,-0.016039156626506013
turn_change,1725,0.015587349397590433
turn_change,1726,-0.01129518072289154
turn_change,1727,0.010015060240963769
turn_change,1728,-0.01701807228915664
turn_change,1729,-0.006400602409638578
turn_change,1730,-0.0010542168674698704
turn_change,1731,-0.0016566265060241059
turn_change,1732,0.0005271084337349352
turn_change,1733,0.014683734939759052
turn_change,1734,-0.008358433734939663
turn_change,1735,0.016189759036144613
turn_change,1736,-0.009487951807228945
turn_change,1737,0.005045180722891618
turn_change,1738,-0.005873493975903588
turn_change,1739,-0.01069277108433736
turn_change,1740,0.01046686746987957
turn_change,1741,-0.009337349397590344
turn_change,1742,0.007454819277108449
turn_change,1743,-0.007153614457831303
turn_change,1744,-0.0007530120481927804
turn_change,1745,0.005195783132530218
turn_change,1746,0.013478915662650692
turn_change,1747,-0.025301204819277223
turn_change,1748,0.018750000000000044
turn_change,1749,0.004141566265060237
turn_change,1750,-0.0073795180722891485
turn_change,1751,-0.010617469879518115
turn_change,1752,-0.0024096385542168863
turn_change,1753,0.007756024096385539
turn_change,1754,0.0031626506024097223
turn_change,1755,0.0006777108433735357
turn_change,1756,-0.009412650602409645
turn_change,1757,0.006249999999999978
turn_change,1758,-0.01649096385542176
turn_change,1759,0.002108433734939741
turn_change,1760,-0.023418674698795217
turn_change,1761,0.0
turn_change,1762,-0.015210843373493987
turn_change,1763,0.0042921686746988374
turn_change,1764,0.0025602409638555423
turn_change,1765,-0.010918674698795205
turn_change,1766,0.011897590361445776
turn_change,1767,-0.0014307228915663162
turn_change,1768,-0.018524096385542088
turn_change,1769,0.006551204819277179
turn_change,1770,0.009939759036144635
turn_change,1771,0.002033132530120385
turn_change,1772,-0.002033132530120496
turn_change,1773,0.004442771084337438
turn_change,1774,0.016792168674698793
turn_change,1775,-0.016641566265060193
turn_change,1776,-0.013177710843373491
turn_change,1777,0.0016566265060241614
turn_change,1778,-0.007304216867469904
turn_change,1779,0.02454819277108422
turn_change,1780,-0.006099397590361488
turn_change,1781,-0.007605421686746994
turn_change,1782,-0.007605421686746994
turn_change,1783,-0.002259036144578286
turn_change,1784,0.006551204819277179
turn_change,1785,0.004668674698795172
turn_change,1786,-0.01137048192771084
turn_change,1787,-0.008734939759036164
turn_change,1788,-0.015512048192771022
turn_change,1789,-0.0003765060240963902
turn_change,1790,0.020858433734939674
turn_change,1791,-0.018147590361445698
turn_change,1792,0.02033132530120485
turn_change,1793,-0.009036144578313254
turn_change,1794,-0.004743975903614417
turn_change,1795,0.00865963855421692
turn_change,1796,-0.03019578313253013
turn_change,1797,0.005722891566265043
turn_change,1798,0.016265060240963747
turn_change,1799,-0.005195783132530107
turn_change,1800,-0.01746987951807233
turn_change,1801,-0.0069277108433735135
turn_change,1802,0.007003012048192758
turn_change,1803,0.005120481927710863
turn_change,1804,-0.021310240963855365
turn_change,1805,0.020105421686747005
turn_change,1806,0.0010542168674698704
turn_change,1807,0.0
turn_change,1808,0.002108433734939741
turn_change,1809,-0.009111445783132444
turn_change,1810,-0.004969879518072318
turn_change,1811,-0.01716867469879524
turn_change,1812,0.01076807228915666
turn_change,1813,-0.01106927710843375
turn_change,1814,0.0007530120481927804
turn_change,1815,0.0013554216867469604
turn_change,1816,0.015286144578313232
turn_change,1817,-0.005195783132530107
turn_change,1818,-0.0073795180722891485
turn_change,1819,0.00986445783132528
turn_change,1820,-0.01099397590361445
turn_change,1821,0.010015060240963769
turn_change,1822,-0.026054216867469893
turn_change,1823,-0.0034638554216867012
turn_change,1824,-0.004141566265060237
turn_change,1825,0.019653614457831314
turn_change,1826,-0.003237951807228967
turn_change,1827,0.012951807228915646
turn_change,1828,0.0033132530120482118
turn_change,1829,-0.0010542168674698704
turn_change,1830,-0.004969879518072318
turn_change,1831,-0.02876506024096387
turn_change,1832,-0.021310240963855365
turn_change,1833,-0.0028614457831325213
turn_change,1834,0.013554216867469826
turn_change,1835,0.01287650602409629
turn_change,1836,0.007981927710843384
turn_change,1837,0.013478915662650692
turn_change,1838,0.004593373493975927
turn_change,1839,0.010015060240963769
turn_change,1840,-0.005271084337349408
turn_change,1841,-0.01129518072289154
turn_change,1842,0.0014307228915662051
turn_change,1843,-0.004743975903614528
turn_change,1844,-0.018147590361445864
turn_change,1845,0.008132530120481873
turn_change,1846,0.007003012048192758
turn_change,1847,-0.015963855421686712
turn_change,1848,0.000301204819277201
turn_change,1849,0.0075301204819276935
turn_change,1850,0.017243975903614484
turn_change,1851,0.008132530120481873
turn_change,1852,-0.006400602409638578
turn_change,1853,-0.010843373493975905
turn_change,1854,-0.0015813253012047501
turn_change,1855,-0.0030120481927710663
turn_change,1856,-0.01769578313253012
turn_change,1857,-0.0034638554216867568
turn_change,1858,0.01912650602409649
turn_change,1859,-0.014081325301204872
turn_change,1860,-0.008509036144578264
turn_change,1861,0.010240963855421725
turn_change,1862,0.0042921686746988374
turn_change,1863,0.01927710843373498
turn_change,1864,0.016340361445783214
turn_change,1865,0.017319277108433728
turn_change,1866,0.013629518072289182
turn_change,1867,-0.020105421686747005
turn_change,1868,0.009337349397590344
turn_change,1869,0.00986445783132528
turn_change,1870,0.010391566265060326
turn_change,1871,-0.0037650602409638467
turn_change,1872,-0.01784638554216872
turn_change,1873,-0.010316265060241026
turn_change,1874,-0.0014307228915662606
turn_change,1875,-0.0185240963855422
turn_change,1876,0.004367469879518082
turn_change,1877,-0.01686746987951815
turn_change,1878,0.011822289156626531
turn_change,1879,-0.0310993975903614
turn_change,1880,0.0015813253012048056
turn_change,1881,-0.009186746987951744
turn_change,1882,0.006777108433734913
turn_change,1883,-0.03253012048192777
turn_change,1884,0.008433734939759074
turn_change,1885,-0.0021837349397590966
turn_change,1886,0.005948795180722888
turn_change,1887,0.013253012048192736
turn_change,1888,0.0006777108433734247
turn_change,1889,0.014307228915662606
turn_change,1890,-0.01829819277108441
turn_change,1891,0.003237951807228856
turn_change,1892,-0.008207831325301285
turn_change,1893,-0.0009789156626505702
turn_change,1894,-0.004668674698795228
turn_change,1895,0.018599397590361444
turn_change,1896,0.010090361445783236
turn_change,1897,-0.01174698795180723
turn_change,1898,-0.0033885542168674565
turn_change,1899,0.005572289156626442
turn_change,1900,-0.004216867469879537
turn_change,1901,0.004066265060240992
turn_change,1902,0.0036144578313253017
turn_change,1903,0.005045180722891618
turn_change,1904,-0.007003012048192758
turn_change,1905,-0.0072289156626506035
turn_change,1906,-0.009638554216867434
turn_change,1907,0.011295180722891596
turn_change,1908,-0.01069277108433736
turn_change,1909,-0.005647590361445798
turn_change,1910,-0.01174698795180723
turn_change,1911,-0.027560240963855454
turn_change,1912,-0.009111445783132555
turn_change,1913,-0.006024096385542188
turn_change,1914,-0.010993975903614395
turn_change,1915,0.005421686746987953
turn_change,1916,0.0009789156626505147
turn_change,1917,0.020406626506024095
turn_change,1918,0.007756024096385539
turn_change,1919,-0.03049698795180722
turn_change,1920,0.005195783132530218
turn_change,1921,0.010240963855421725
turn_change,1922,0.007379518072289093
turn_change,1923,-0.01069277108433736
turn_change,1924,-0.004969879518072318
turn_change,1925,-0.005647590361445798
turn_change,1926,0.01061746987951806
turn_change,1927,-0.007680722891566294
turn_change,1928,-0.002484939759036131
turn_change,1929,-0.007153614457831303
turn_change,1930,0.01242469879518071
turn_change,1931,0.009036144578313254
turn_change,1932,0.024021084337349508
turn_change,1933,0.020105421686747005
turn_change,1934,-0.005496987951807197
turn_change,1935,0.013629518072289182
turn_change,1936,-0.0006777108433735357
turn_change,1937,0.01061746987951806
turn_change,1938,-0.011746987951807175
turn_change,1939,-0.014156626506024172
turn_change,1940,-0.004367469879518027
turn_change,1941,-0.002635542168674676
turn_change,1942,-0.002936746987951766
turn_change,1943,-0.01204819277108432
turn_change,1944,0.004969879518072373
turn_change,1945,0.0017319277108432951
turn_change,1946,0.016641566265060304
turn_change,1947,-0.01709337349397594
turn_change,1948,-0.015662650602409622
turn_change,1949,0.013554216867469826
turn_change,1950,0.017996987951807264
turn_change,1951,0.00015060240963848948
turn_change,1952,-0.010466867469879515
turn_change,1953,-0.005722891566264987
turn_change,1954,-0.0028614457831325213
turn_change,1955,-0.0019578313253011403
turn_change,1956,0.008283132530120474
turn_change,1957,0.013403614457831337
turn_change,1958,-0.024774096385542177
turn_change,1959,-0.01227409638554211
turn_change,1960,-0.0008283132530119697
turn_change,1961,-0.008207831325301174
turn_change,1962,-0.0005271084337349907
turn_change,1963,0.0030873493975903665
turn_change,1964,-0.0006777108433733692
turn_change,1965,-0.002259036144578286
turn_change,1966,-0.01777108433734942
turn_change,1967,0.01957831325301207
turn_change,1968,-0.010165662650602425
turn_change,1969,-0.006024096385542188
turn_change,1970,-0.002334337349397586
turn_change,1971,0.012951807228915646
turn_change,1972,0.018599397590361444
turn_change,1973,0.016340361445783214
turn_change,1974,0.0030873493975902555
turn_change,1975,0.015135542168674743
turn_change,1976,-0.012198795180722921
turn_change,1977,-0.008509036144578264
turn_change,1978,-0.0009789156626506812
turn_change,1979,0.00956325301204819
turn_change,1980,-0.004066265060241048
turn_change,1981,0.03975903614457832
turn_change,1982,-0.017620481927710818
turn_change,1983,0.007153614457831359
turn_change,1984,0.017695783132530174
turn_change,1985,-0.0182981927710843
turn_change,1986,-0.0018072289156626509
turn_change,1987,-0.0013554216867469604
turn_change,1988,-0.004442771084337327
turn_change,1989,0.005722891566265043
turn_change,1990,-0.006551204819277123
turn_change,1991,-0.0008283132530119697
turn_change,1992,7.530120481924474e-05
turn_change,1993,-0.0018072289156626509
turn_change,1994,-0.005496987951807197
turn_change,1995,-0.000903614457831381
turn_change,1996,0.018749999999999933
turn_change,1997,0.014307228915662606
turn_change,1998,-0.0017319277108433506
turn_change,1999,-0.007981927710843384
turn_change,2000,0.018750000000000044
turn_change,2001,-0.006852409638554158
turn_change,2002,-0.021385542168674665
turn_change,2003,-0.021611445783132566
turn_change,2004,-0.02025602409638555
turn_change,2005,-0.00060240963855418
turn_change,2006,-0.006249999999999978
turn_change,2007,0.008584337349397564
turn_change,2008,0.02078313253012054
turn_change,2009,-0.014683734939759052
turn_change,2010,-0.010240963855421614
turn_change,2011,0.008584337349397675
turn_change,2012,0.015737951807228923
turn_change,2013,-0.017394578313252917
turn_change,2014,0.009713855421686679
turn_change,2015,-0.004518072289156627
turn_change,2016,0.003012048192771122
turn_change,2017,0.0011295180722891152
turn_change,2018,0.01152108433734933
turn_change,2019,-0.010542168674698815
turn_change,2020,-0.013102409638554191
turn_change,2021,0.0063253012048192225
turn_change,2022,0.006099397590361377
turn_change,2023,0.007379518072289093
turn_change,2024,0.005572289156626553
turn_change,2025,-0.004969879518072207
turn_change,2026,-0.0027108433734939763
turn_change,2027,-0.012123493975903621
turn_change,2028,0.0007530120481927804
turn_change,2029,-0.01325301204819268
turn_change,2030,-0.008960843373493954
turn_change,2031,0.011144578313252995
turn_change,2032,-0.0017319277108433506
turn_change,2033,-0.013177710843373436
turn_change,2034,-0.012123493975903565
turn_change,2035,-0.0007530120481927804
turn_change,2036,0.009638554216867434
turn_change,2037,0.0008283132530120252
turn_change,2038,-0.01197289156626502
turn_change,2039,0.010843373493976016
turn_change,2040,-0.01822289156626511
turn_change,2041,0.002936746987951766
turn_change,2042,0.004743975903614417
turn_change,2043,-0.0033132530120481007
turn_change,2044,-0.018373493975903488
turn_change,2045,0.009412650602409589
turn_change,2046,0.0033132530120482118
turn_change,2047,-0.006325301204819278
turn_change,2048,0.01076807228915655
turn_change,2049,-0.014156626506024061
turn_change,2050,0.015963855421686768
turn_change,2051,0.007680722891566294
turn_change,2052,0.007304216867469959
turn_change,2053,-0.0028614457831325213
turn_change,2054,0.009337349397590344
turn_change,2055,-0.01159638554216863
turn_change,2056,-0.018147590361445698
turn_change,2057,-0.002183734939759041
turn_change,2058,0.0063253012048192225
turn_change,2059,-0.001506024096385561
turn_change,2060,-0.009186746987951855
turn_change,2061,0.00120481927710836
turn_change,2062,-0.0003765060240963902
turn_change,2063,0.008132530120481873
turn_change,2064,0.002409638554216831
turn_change,2065,0.0034638554216868123
turn_change,2066,-0.0036144578313252462
turn_change,2067,-0.008810240963855465
turn_change,2068,-0.02025602409638555
turn_change,2069,-0.014683734939759052
turn_change,2070,-0.004593373493975927
turn_change,2071,-0.012198795180722921
turn_change,2072,0.014759036144578297
turn_change,2073,-0.009337349397590455
turn_change,2074,-0.015587349397590378
turn_change,2075,0.007379518072289093
turn_change,2076,0.025075301204819378
turn_change,2077,0.021159638554216875
turn_change,2078,-0.009186746987951855
turn_change,2079,0.013478915662650581
turn_change,2080,0.006701807228915779
turn_change,2081,-0.005120481927710807
turn_change,2082,-0.03712349397590359
turn_change,2083,0.006099397590361488
turn_change,2084,-0.0021084337349397964
turn_change,2085,-0.0008283132530119697
turn_change,2086,-0.0069277108433735135
turn_change,2087,0.02183734939759041
turn_change,2088,0.005798192771084398
turn_change,2089,0.006250000000000089
turn_change,2090,0.0016566265060241614
turn_change,2091,0.023719879518072307
turn_change,2092,0.01972891566265067
turn_change,2093,-0.007153614457831303
turn_change,2094,-0.009186746987951744
turn_change,2095,-0.01039156626506027
turn_change,2096,-0.0036897590361445465
turn_change,2097,0.02289156626506028
turn_change,2098,-0.022289156626506046
turn_change,2099,0.00850903614457832
turn_change,2100,-0.0018825301204819511
turn_change,2101,-0.023418674698795217
turn_change,2102,0.014909638554216786
turn_change,2103,0.004442771084337327
turn_change,2104,0.016189759036144613
turn_change,2105,0.011144578313253106
turn_change,2106,-0.010993975903614395
turn_change,2107,-0.023192771084337316
turn_change,2108,0.003012048192771122
turn_change,2109,0.02063253012048194
turn_change,2110,-0.017243975903614428
turn_change,2111,0.03245481927710847
turn_change,2112,0.004141566265060237
turn_change,2113,-0.009036144578313254
turn_change,2114,-0.01905120481927708
turn_change,2115,0.0028614457831325213
turn_change,2116,-0.010316265060241026
turn_change,2117,-0.004141566265060237
turn_change,2118,0.0039909638554216365
turn_change,2119,-0.007981927710843384
turn_change,2120,-0.008207831325301285
turn_change,2121,0.0025602409638554313
turn_change,2122,-0.011596385542168741
turn_change,2123,-0.0126506024096385
turn_change,2124,-0.0029367469879517105
turn_change,2125,-0.0018072289156626509
turn_change,2126,7.530120481924474e-05
turn_change,2127,-0.02326807228915667
turn_change,2128,0.005271084337349352
turn_change,2129,0.00045180722891557945
turn_change,2130,-0.004668674698795228
turn_change,2131,0.008132530120481873
turn_change,2132,-0.0070783132530120585
turn_change,2133,-0.007454819277108393
turn_change,2134,0.013629518072289182
turn_change,2135,-0.01129518072289154
turn_change,2136,-0.0033885542168674565
turn_change,2137,-0.008283132530120474
turn_change,2138,0.025075301204819378
turn_change,2139,0.0031626506024097223
turn_change,2140,-0.0007530120481927804
turn_change,2141,-0.005647590361445798
turn_change,2142,-0.024623493975903632
turn_change,2143,0.005195783132530107
turn_change,2144,0.014156626506024117
turn_change,2145,0.0075301204819276935
turn_change,2146,0.018448795180722843
turn_change,2147,0.0014307228915663162
turn_change,2148,0.010240963855421725
turn_change,2149,0.007078313253012114
turn_change,2150,-0.009864457831325335
turn_change,2151,-0.0024096385542168863
turn_change,2152,0.0001506024096386005
turn_change,2153,0.03170180722891558
turn_change,2154,0.013403614457831337
turn_change,2155,-0.001957831325301196
turn_change,2156,-0.010015060240963825
turn_change,2157,-0.0003765060240963902
turn_change,2158,-0.006551204819277123
turn_change,2159,0.016641566265060304
turn_change,2160,-0.007304216867469904
turn_change,2161,-0.005421686746988008
turn_change,2162,-0.009186746987951744
turn_change,2163,0.007304216867469959
turn_change,2164,0.008132530120481873
turn_change,2165,0.015662650602409567
turn_change,2166,0.005421686746987953
turn_change,2167,-0.015587349397590378
turn_change,2168,0.008433734939759074
turn_change,2169,0.01091867469879515
turn_change,2170,-0.015135542168674743
turn_change,2171,-0.005120481927710807
turn_change,2172,0.014156626506024117
turn_change,2173,0.01912650602409649
turn_change,2174,0.0007530120481927804
turn_change,2175,0.007831325301204894
turn_change,2176,-0.009036144578313254
turn_change,2177,-0.001204819277108471
turn_change,2178,-0.010391566265060215
turn_change,2179,-0.016415662650602403
turn_change,2180,-0.008057228915662684
turn_change,2181,-0.0025602409638554313
turn_change,2182,0.010090361445783236
turn_change,2183,-0.01995481927710846
turn_change,2184,0.017018072289156527
turn_change,2185,0.012274096385542221
turn_change,2186,-0.0036897590361445465
turn_change,2187,0.0039909638554217475
turn_change,2188,-0.002108433734939741
turn_change,2189,-0.014156626506024061
turn_change,2190,0.0003765060240963347
turn_change,2191,-0.00120481927710836
turn_change,2192,-0.008057228915662573
turn_change,2193,-0.0039909638554217475
turn_change,2194,-0.01769578313253012
turn_change,2195,-0.010918674698795205
turn_change,2196,-0.005271084337349408
turn_change,2197,-0.008509036144578264
turn_change,2198,-0.004593373493975927
turn_change,2199,-0.002484939759036131
turn_change,2200,-0.015662650602409622
turn_change,2201,0.0022590361445783413
turn_change,2202,-0.0003765060240963902
turn_change,2203,-0.020406626506024095
turn_change,2204,0.003012048192771122
turn_change,2205,0.006701807228915779
turn_change,2206,-0.013855421686746971
turn_change,2207,-0.008734939759036164
turn_change,2208,0.007756024096385539
turn_change,2209,0.01227409638554211
turn_change,2210,0.003012048192771122
turn_change,2211,-0.01204819277108432
turn_change,2212,0.010240963855421725
turn_change,2213,0.016340361445783214
turn_change,2214,-0.004894578313253017
turn_change,2215,0.01302710843373489
turn_change,2216,0.0007530120481927804
turn_change,2217,-0.00022590361445778973
turn_change,2218,0.01671686746987955
turn_change,2219,0.01137048192771084
turn_change,2220,0.014759036144578297
turn_change,2221,-0.007379518072289204
turn_change,2222,-0.01762048192771093
turn_change,2223,-0.004819277108433828
turn_change,2224,-0.003915662650602447
turn_change,2225,0.004367469879518082
turn_change,2226,0.0039909638554216365
turn_change,2227,-0.005873493975903588
turn_change,2228,-0.005948795180722888
turn_change,2229,0.007831325301204783
turn_change,2230,0.012048192771084376
turn_change,2231,-0.010165662650602425
turn_change,2232,-0.009337349397590344
turn_change,2233,-0.003915662650602447
turn_change,2234,0.0034638554216867012
turn_change,2235,0.030120481927710885
turn_change,2236,0.00120481927710836
turn_change,2237,-0.004969879518072318
turn_change,2238,-0.01649096385542176
turn_change,2239,0.0003765060240963347
turn_change,2240,0.012650602409638556
turn_change,2241,0.0036144578313253017
turn_change,2242,0.004141566265060237
turn_change,2243,0.015737951807229034
turn_change,2244,0.015737951807228923
turn_change,2245,-0.008734939759036053
turn_change,2246,-0.0014307228915661496
turn_change,2247,0.016942771084337394
turn_change,2248,-0.0013554216867469604
turn_change,2249,-0.0183734939759036
turn_change,2250,0.0021837349397589856
turn_change,2251,0.0005271084337349352
turn_change,2252,-0.0184487951807229
turn_change,2253,0.01897590361445789
turn_change,2254,0.009337349397590455
turn_change,2255,-0.0030873493975903665
turn_change,2256,0.005195783132530107
turn_change,2257,0.012349397590361466
turn_change,2258,0.0042921686746988374
turn_change,2259,0.01882530120481929
turn_change,2260,0.0021837349397590966
turn_change,2261,-0.0018072289156627064
turn_change,2262,0.007680722891566294
turn_change,2263,-0.009186746987951744
turn_change,2264,-0.01807228915662651
turn_change,2265,-0.009186746987951744
turn_change,2266,-0.007454819277108504
turn_change,2267,0.003840361445783036
turn_change,2268,-0.004593373493975927
turn_change,2269,-0.016415662650602403
turn_change,2270,-0.013704819277108482
turn_change,2271,-0.0021837349397590966
turn_change,2272,0.019653614457831203
turn_change,2273,0.02989457831325304
turn_change,2274,0.01031626506024097
turn_change,2275,0.0011295180722891152
turn_change,2276,0.010993975903614395
turn_change,2277,-0.002033132530120496
turn_change,2278,-0.005271084337349408
turn_change,2279,0.010090361445783236
turn_change,2280,-0.01890060240963859
turn_change,2281,0.004894578313253017
turn_change,2282,0.0007530120481927804
turn_change,2283,-0.010768072289156605
turn_change,2284,-0.004216867469879537
turn_change,2285,-0.009036144578313254
turn_change,2286,0.01746987951807233
turn_change,2287,-0.014156626506024061
turn_change,2288,-0.023569277108433706
turn_change,2289,-0.009111445783132555
turn_change,2290,-0.016265060240963858
turn_change,2291,-0.0015813253012047501
turn_change,2292,0.007454819277108449
turn_change,2293,-0.008057228915662573
turn_change,2294,0.003915662650602392
turn_change,2295,-0.028614457831325324
turn_change,2296,-0.014533132530120452
turn_change,2297,-0.0033132530120481563
turn_change,2298,0.011897590361445776
turn_change,2299,-0.011219879518072295
turn_change,2300,0.007981927710843273
turn_change,2301,0.021912650602409656
turn_change,2302,0.012801204819277157
turn_change,2303,0.0185240963855422
turn_change,2304,-0.016566265060240948
turn_change,2305,0.02168674698795181
turn_change,2306,0.0
turn_change,2307,0.007078313253012003
turn_change,2308,0.008433734939759074
turn_change,2309,-0.004894578313253017
turn_change,2310,-0.025677710843373502
turn_change,2311,0.002409638554216942
turn_change,2312,0.002033132530120385
turn_change,2313,0.012198795180722977
turn_change,2314,-0.021611445783132455
turn_change,2315,-0.01167168674698793
turn_change,2316,0.016867469879518038
turn_change,2317,-0.004819277108433828
turn_change,2318,0.004518072289156572
turn_change,2319,0.01227409638554211
turn_change,2320,0.0060240963855421326
turn_change,2321,-0.014759036144578352
turn_change,2322,-0.010240963855421725
turn_change,2323,0.01242469879518071
turn_change,2324,0.015286144578313232
turn_change,2325,0.009939759036144635
turn_change,2326,-0.005421686746988008
turn_change,2327,-0.005195783132530107
turn_change,2328,-0.008584337349397564
turn_change,2329,-0.020933734939758974
turn_change,2330,-0.01995481927710846
turn_change,2331,-0.000602409638554291
turn_change,2332,-0.005120481927710807
turn_change,2333,0.004743975903614417
turn_change,2334,-0.016189759036144558
turn_change,2335,-0.021460843373493965
turn_change,2336,0.0001506024096386005
turn_change,2337,-0.006551204819277123
turn_change,2338,0.021009036144578275
turn_change,2339,-0.007605421686746994
turn_change,2340,0.013328313253012092
turn_change,2341,0.0030873493975902555
turn_change,2342,-0.015286144578313232
turn_change,2343,-0.022891566265060226
turn_change,2344,-0.014533132530120452
turn_change,2345,-0.017771084337349308
turn_change,2346,0.007379518072289093
turn_change,2347,-0.023117469879518127
turn_change,2348,-0.01746987951807233
turn_change,2349,-0.0073795180722891485
turn_change,2350,-0.010316265060241026
turn_change,2351,0.0042921686746988374
turn_change,2352,0.0011295180722891152
turn_change,2353,-0.022966867469879526
turn_change,2354,-0.005572289156626498
turn_change,2355,0.01822289156626511
turn_change,2356,0.017545180722891573
turn_change,2357,0.0010542168674699814
turn_change,2358,-0.0012801204819277712
turn_change,2359,-0.014006024096385572
turn_change,2360,0.01242469879518071
turn_change,2361,-0.014156626506024061
turn_change,2362,0.0019578313253012514
turn_change,2363,0.012650602409638556
turn_change,2364,0.0005271084337349352
turn_change,2365,-0.0038403614457830915
turn_change,2366,0.03004518072289164
turn_change,2367,-0.005873493975903588
turn_change,2368,0.024322289156626486
turn_change,2369,-0.004894578313253017
turn_change,2370,-0.0075301204819276935
turn_change,2371,0.01137048192771084
turn_change,2372,0.0069277108433735135
turn_change,2373,0.00790662650602414
turn_change,2374,-0.007981927710843328
turn_change,2375,-0.0028614457831325213
turn_change,2376,-0.0012801204819277712
turn_change,2377,-0.015813253012048167
turn_change,2378,0.009412650602409589
turn_change,2379,0.0031626506024097223
turn_change,2380,0.005045180722891618
turn_change,2381,-0.005798192771084398
turn_change,2382,-0.0021084337349397964
turn_change,2383,-0.006701807228915668
turn_change,2384,-0.020331325301204795
turn_change,2385,0.011219879518072351
turn_change,2386,-0.004593373493975927
turn_change,2387,0.006475903614457823
turn_change,2388,-0.012349397590361522
turn_change,2389,-0.000301204819277201
turn_change,2390,-0.007831325301204783
turn_change,2391,-0.02055722891566264
turn_change,2392,0.004894578313253017
turn_change,2393,0.00865963855421692
turn_change,2394,0.0031626506024097223
turn_change,2395,-0.002484939759036131
turn_change,2396,-0.009036144578313254
turn_change,2397,-0.001204819277108471
turn_change,2398,0.014834337349397653
turn_change,2399,0.012349397590361466
turn_change,2400,0.0036897590361445465
turn_change,2401,-0.010090361445783125
turn_change,2402,-0.009337349397590344
turn_change,2403,-0.0013554216867469604
turn_change,2404,0.017093373493975883
turn_change,2405,0.004969879518072262
turn_change,2406,0.009111445783132499
turn_change,2407,0.010843373493975905
turn_change,2408,-0.0073795180722891485
turn_change,2409,0.0045933734939760384
turn_change,2410,-0.009939759036144635
turn_change,2411,0.014081325301204872
turn_change,2412,-0.009036144578313254
turn_change,2413,0.009412650602409589
turn_change,2414,0.007831325301204894
turn_change,2415,0.008132530120481873
turn_change,2416,0.017243975903614484
turn_change,2417,0.0010542168674699814
turn_change,2418,-0.004593373493975927
turn_change,2419,0.008885542168674765
turn_change,2420,0.01912650602409638
turn_change,2421,-0.000602409638554291
turn_change,2422,0.02078313253012043
turn_change,2423,0.007454819277108449
turn_change,2424,-0.008283132530120474
turn_change,2425,0.007831325301204894
turn_change,2426,0.02003012048192776
turn_change,2427,-0.010316265060241026
turn_change,2428,-0.006174698795180733
turn_change,2429,-0.002936746987951877
turn_change,2430,-0.0009789156626506812
turn_change,2431,0.003840361445783036
turn_change,2432,-0.0008283132530120807
turn_change,2433,-0.0018072289156626509
turn_change,2434,0.026280120481927738
turn_change,2435,-0.006024096385542188
turn_change,2436,-0.008433734939759074
turn_change,2437,0.00865963855421692
turn_change,2438,-0.004141566265060237
turn_change,2439,-0.0003765060240963902
turn_change,2440,-0.002334337349397586
turn_change,2441,0.009939759036144635
turn_change,2442,0.0033885542168674565
turn_change,2443,-0.007003012048192758
turn_change,2444,-0.023042168674698826
turn_change,2445,0.0011295180722891152
turn_change,2446,-0.016566265060240948
turn_change,2447,-0.024397590361445787
turn_change,2448,-0.014156626506024061
turn_change,2449,-0.015060240963855442
turn_change,2450,-0.0013554216867469604
turn_change,2451,0.019051204819277134
turn_change,2452,-0.0038403614457830915
turn_change,2453,0.013629518072289182
turn_change,2454,0.011596385542168686
turn_change,2455,0.004518072289156572
turn_change,2456,0.003840361445783036
turn_change,2457,-0.017168674698795128
turn_change,2458,-0.005647590361445798
turn_change,2459,-0.0037650602409638467
turn_change,2460,-0.01099397590361445
turn_change,2461,0.019051204819277023
turn_change,2462,-0.01611445783132537
turn_change,2463,-0.014984939759036142
turn_change,2464,-0.01874999999999999
turn_change,2465,0.015737951807228923
turn_change,2466,0.003012048192771122
turn_change,2467,-0.0008283132530120807
turn_change,2468,0.022213855421686746
turn_change,2469,0.011144578313252995
turn_change,2470,0.013177710843373491
turn_change,2471,0.007756024096385539
turn_change,2472,-0.004743975903614528
turn_change,2473,0.0075301204819276935
turn_change,2474,0.0063253012048193336
turn_change,2475,-0.01709337349397594
turn_change,2476,-0.0033885542168674565
turn_change,2477,0.014608433734939696
turn_change,2478,-0.01144578313253014
turn_change,2479,-0.0073795180722891485
turn_change,2480,0.014156626506024117
turn_change,2481,-0.005572289156626498
turn_change,2482,-0.007228915662650548
turn_change,2483,-0.005647590361445798
turn_change,2484,0.012876506024096401
turn_change,2485,-0.005346385542168708
turn_change,2486,-0.012198795180722921
turn_change,2487,0.01242469879518071
turn_change,2488,-0.008885542168674654
turn_change,2489,0.02989457831325304
turn_change,2490,-0.01799698795180721
turn_change,2491,-0.014307228915662662
turn_change,2492,0.009487951807228834
turn_change,2493,-0.002861445783132577
turn_change,2494,0.002635542168674676
turn_change,2495,-0.015888554216867468
turn_change,2496,-0.001506024096385561
turn_change,2497,-0.016114457831325202
turn_change,2498,0.005045180722891618
turn_change,2499,-0.0024096385542168863
turn_change,2500,0.010015060240963769
turn_change,2501,-0.004367469879518027
turn_change,2502,0.016189759036144613
turn_change,2503,-0.006701807228915724
turn_change,2504,0.019804216867469915
turn_change,2505,0.015587349397590433
turn_change,2506,-0.007605421686746994
turn_change,2507,-0.01874999999999999
turn_change,2508,-0.022138554216867445
turn_change,2509,0.014457831325301207
turn_change,2510,-0.03305722891566265
turn_change,2511,-0.009186746987951855
turn_change,2512,0.004442771084337216
turn_change,2513,0.01031626506024097
turn_change,2514,-0.01137048192771084
turn_change,2515,0.00805722891566274
turn_change,2516,-0.000903614457831381
turn_change,2517,-0.009864457831325335
turn_change,2518,-0.007153614457831303
turn_change,2519,0.013027108433735002
turn_change,2520,-0.008584337349397675
turn_change,2521,-0.015135542168674743
turn_change,2522,0.003915662650602392
turn_change,2523,-0.027033132530120463
turn_change,2524,0.01867469879518069
turn_change,2525,-0.0036897590361445465
turn_change,2526,0.010692771084337305
turn_change,2527,0.00030120481927709
turn_change,2528,0.006099397590361377
turn_change,2529,-0.013478915662650692
turn_change,2530,-0.010090361445783125
turn_change,2531,0.0016566265060241614
turn_change,2532,0.00060240963855418
turn_change,2533,-0.015888554216867468
turn_change,2534,0.003915662650602392
turn_change,2535,-0.009939759036144524
turn_change,2536,0.0017319277108432951
turn_change,2537,0.002409638554216942
turn_change,2538,0.0069277108433735135
turn_change,2539,-0.008885542168674654
turn_change,2540,-0.0037650602409638467
turn_change,2541,-0.009638554216867434
turn_change,2542,-0.012499999999999956
turn_change,2543,0.009337349397590344
turn_change,2544,0.0019578313253012514
turn_change,2545,-0.0036897590361446575
turn_change,2546,-0.005195783132530163
turn_change,2547,-0.009638554216867545
turn_change,2548,-0.005496987951807197
turn_change,2549,-0.002183734939759041
turn_change,2550,-0.003539156626506057
turn_change,2551,-0.014006024096385572
turn_change,2552,-0.02454819277108433
turn_change,2553,-0.009262048192771044
turn_change,2554,-0.02025602409638555
turn_change,2555,0.024623493975903687
turn_change,2556,0.006174698795180733
turn_change,2557,0.016942771084337394
turn_change,2558,-0.0038403614457830915
turn_change,2559,-0.01799698795180732
turn_change,2560,0.0018825301204818956
turn_change,2561,0.01746987951807233
turn_change,2562,-0.0039909638554217475
turn_change,2563,-0.007981927710843384
turn_change,2564,-0.006551204819277123
turn_change,2565,-0.007454819277108393
turn_change,2566,-0.013328313253012092
turn_change,2567,-0.002484939759036131
turn_change,2568,-0.01920180722891568
turn_change,2569,0.005948795180722888
turn_change,2570,0.003012048192771122
turn_change,2571,0.022515060240963947
turn_change,2572,-0.00045180722891557945
turn_change,2573,-0.0018825301204819511
turn_change,2574,-0.012349397590361522
turn_change,2575,-0.011897590361445776
turn_change,2576,-0.0005271084337349907
turn_change,2577,-0.00022590361445778973
turn_change,2578,-0.0064759036144577675
turn_change,2579,0.014984939759036142
turn_change,2580,-0.008358433734939774
turn_change,2581,-0.009638554216867545
turn_change,2582,0.015512048192771077
turn_change,2583,0.0036144578313253017
turn_change,2584,-0.0042921686746988374
turn_change,2585,0.0069277108433735135
turn_change,2586,-0.0024096385542168863
turn_change,2587,-0.011822289156626531
turn_change,2588,0.016490963855421703
turn_change,2589,-0.006777108433734913
turn_change,2590,0.01987951807228927
turn_change,2591,-0.01069277108433736
turn_change,2592,-0.008283132530120474
turn_change,2593,0.005421686746987953
turn_change,2594,-0.007605421686746994
turn_change,2595,-0.01890060240963859
turn_change,2596,-0.004367469879518027
turn_change,2597,0.002033132530120496
turn_change,2598,-0.0038403614457830915
turn_change,2599,0.01076807228915655
turn_change,2600,0.000903614457831381
turn_change,2601,0.013478915662650581
turn_change,2602,-0.004518072289156627
turn_change,2603,-0.00022590361445790075
turn_change,2604,0.019051204819277134
turn_change,2605,0.0010542168674699814
turn_change,2606,-0.010316265060241026
turn_change,2607,-0.0025602409638554313
turn_change,2608,-0.006852409638554158
turn_change,2609,-0.0063253012048193336
turn_change,2610,-0.02816265060240969
turn_change,2611,-0.006325301204819278
turn_change,2612,0.0006777108433734247
turn_change,2613,0.0018825301204818956
turn_change,2614,0.013328313253012092
turn_change,2615,-0.0042921686746988374
turn_change,2616,0.024322289156626486
turn_change,2617,-0.012951807228915702
turn_change,2618,0.005647590361445798
turn_change,2619,0.005647590361445798
turn_change,2620,-0.022213855421686746
turn_change,2621,0.014683734939759052
turn_change,2622,0.005195783132530107
turn_change,2623,0.0033132530120482118
turn_change,2624,0.0005271084337349352
turn_change,2625,0.012048192771084376
turn_change,2626,0.002635542168674676
turn_change,2627,0.0007530120481927804
turn_change,2628,0.002033132530120496
turn_change,2629,-0.01325301204819268
turn_change,2630,0.016566265060240948
turn_change,2631,-0.022138554216867556
turn_change,2632,0.00060240963855418
turn_change,2633,0.004819277108433773
turn_change,2634,-0.0069277108433735135
turn_change,2635,-0.005120481927710807
turn_change,2636,-0.002033132530120496
turn_change,2637,-0.0037650602409638467
turn_change,2638,0.007304216867469959
turn_change,2639,0.015135542168674632
turn_change,2640,0.007304216867469959
turn_change,2641,-0.012575301204819311
turn_change,2642,0.010391566265060215
turn_change,2643,-0.020105421686747005
turn_change,2644,0.012499999999999956
turn_change,2645,0.005572289156626442
turn_change,2646,-0.006475903614457823
turn_change,2647,-0.022891566265060337
turn_change,2648,0.0018072289156626509
turn_change,2649,0.012500000000000067
turn_change,2650,0.000301204819277201
turn_change,2651,-0.0222891566265061
turn_change,2652,-0.01822289156626511
turn_change,2653,0.010692771084337416
turn_change,2654,-0.010316265060241026
turn_change,2655,0.002635542168674676
turn_change,2656,-0.006626506024096368
turn_change,2657,-0.014608433734939641
turn_change,2658,-0.009713855421686735
turn_change,2659,-0.012650602409638612
turn_change,2660,0.0033885542168674565
turn_change,2661,-0.01867469879518069
turn_change,2662,-0.005421686746987897
turn_change,2663,-0.002484939759036131
turn_change,2664,-0.0005271084337349907
turn_change,2665,-0.014834337349397597
turn_change,2666,-0.01106927710843375
turn_change,2667,0.008433734939759074
turn_change,2668,0.009111445783132499
turn_change,2669,0.009186746987951855
turn_change,2670,0.0036897590361445465
turn_change,2671,-0.006400602409638578
turn_change,2672,0.0221385542168675
turn_change,2673,-0.01069277108433736
turn_change,2674,0.002108433734939741
turn_change,2675,-0.005346385542168597
turn_change,2676,-0.008734939759036053
turn_change,2677,0.0018072289156626509
turn_change,2678,0.012801204819277157
turn_change,2679,-0.0039909638554216365
turn_change,2680,-0.004367469879518027
turn_change,2681,0.016566265060240948
turn_change,2682,0.004969879518072262
turn_change,2683,0.014081325301204872
turn_change,2684,0.01016566265060237
turn_change,2685,0.009111445783132499
turn_change,2686,-0.0018825301204819511
turn_change,2687,-0.0033885542168674565
turn_change,2688,-0.0024849397590361866
turn_change,2689,0.006249999999999978
turn_change,2690,-0.006024096385542188
turn_change,2691,0.0042921686746988374
turn_change,2692,-0.01099397590361445
turn_change,2693,0.008810240963855409
turn_change,2694,-0.004894578313253017
turn_change,2695,0.002033132530120496
turn_change,2696,0.01362951807228907
turn_change,2697,-0.006024096385542188
turn_change,2698,0.0005271084337349352
turn_change,2699,0.012198795180722977
turn_change,2700,-0.010391566265060215
turn_change,2701,0.000301204819277201
turn_change,2702,0.007003012048192758
turn_change,2703,0.0072289156626504925
turn_change,2704,0.00956325301204819
turn_change,2705,-0.03245481927710836
turn_change,2706,-0.004743975903614417
turn_change,2707,-0.018750000000000044
turn_change,2708,-0.021987951807228956
turn_change,2709,-0.005195783132530107
turn_change,2710,-0.019352409638554224
turn_change,2711,0.02093373493975903
turn_change,2712,-0.002936746987951766
turn_change,2713,0.004668674698795172
turn_change,2714,0.017921686746987908
turn_change,2715,0.016265060240963858
turn_change,2716,0.0031626506024097223
turn_change,2717,0.004518072289156572
turn_change,2718,0.02733433734939761
turn_change,2719,0.00022590361445784524
turn_change,2720,-0.0011295180722891707
turn_change,2721,0.0024849397590360756
turn_change,2722,0.0033132530120482118
turn_change,2723,0.012951807228915646
turn_change,2724,-0.000903614457831381
turn_change,2725,0.01762048192771093
turn_change,2726,-0.01204819277108432
turn_change,2727,-0.00022590361445790075
turn_change,2728,0.0006777108433735357
turn_change,2729,0.014759036144578297
turn_change,2730,0.014909638554216786
turn_change,2731,0.01807228915662651
turn_change,2732,-0.008358433734939774
turn_change,2733,0.02048192771084345
turn_change,2734,-0.002108433734939741
turn_change,2735,-0.006024096385542188
turn_change,2736,-0.008132530120481873
turn_change,2737,-0.0018825301204819511
turn_change,2738,-0.01784638554216872
turn_change,2739,-0.005948795180722943
turn_change,2740,-0.0009789156626505702
turn_change,2741,-0.009262048192771044
turn_change,2742,0.009412650602409589
turn_change,2743,-0.01980421686746986
turn_change,2744,-0.013403614457831281
turn_change,2745,-0.0030873493975903665
turn_change,2746,0.007304216867469959
turn_change,2747,0.007304216867469959
turn_change,2748,0.008584337349397564
turn_change,2749,0.004141566265060237
turn_change,2750,-0.0034638554216867012
turn_change,2751,0.00805722891566274
turn_change,2752,0.01091867469879515
turn_change,2753,-0.01106927710843375
turn_change,2754,0.003915662650602392
turn_change,2755,0.00790662650602414
turn_change,2756,-0.02356927710843376
turn_change,2757,0.017846385542168663
turn_change,2758,-0.01046686746987957
turn_change,2759,0.007680722891566294
turn_change,2760,-0.0033885542168674565
turn_change,2761,-0.011370481927710785
turn_change,2762,0.002409638554216942
turn_change,2763,0.0004518072289156905
turn_change,2764,-0.000903614457831381
turn_change,2765,0.003012048192771122
turn_change,2766,0.01106927710843375
turn_change,2767,0.018749999999999933
turn_change,2768,0.01927710843373487
turn_change,2769,0.007680722891566294
turn_change,2770,-0.002635542168674676
turn_change,2771,-0.009713855421686735
turn_change,2772,0.014156626506024117
turn_change,2773,-0.005647590361445798
turn_change,2774,0.00022590361445784524
turn_change,2775,0.006777108433734913
turn_change,2776,0.0024849397590360756
turn_change,2777,-0.015210843373493987
turn_change,2778,-0.008283132530120474
turn_change,2779,-0.0027108433734939763
turn_change,2780,-0.004819277108433828
turn_change,2781,-0.023268072289156616
turn_change,2782,-0.0030873493975903665
turn_change,2783,-0.01234939759036141
turn_change,2784,-0.0039909638554216365
turn_change,2785,0.015587349397590433
turn_change,2786,0.00896084337349401
turn_change,2787,0.004743975903614417
turn_change,2788,0.010015060240963769
turn_change,2789,-0.008358433734939663
turn_change,2790,-0.007304216867469904
turn_change,2791,-0.008509036144578264
turn_change,2792,-0.0024096385542168863
turn_change,2793,0.005496987951807197
turn_change,2794,-0.010090361445783125
turn_change,2795,0.0021837349397590966
turn_change,2796,-0.0007530120481927804
turn_change,2797,-0.010090361445783125
turn_change,2798,-0.009864457831325335
turn_change,2799,-0.00022590361445778973
turn_change,2800,0.0060240963855421326
turn_change,2801,-0.0075301204819276935
turn_change,2802,0.011144578313252995
turn_change,2803,0.006777108433734802
turn_change,2804,0.0072289156626504925
turn_change,2805,0.004066265060240992
turn_change,2806,0.005873493975903532
turn_change,2807,0.0021837349397589856
turn_change,2808,-0.014307228915662717
turn_change,2809,0.0022590361445783413
turn_change,2810,0.0015813253012048056
turn_change,2811,-0.002936746987951766
turn_change,2812,-0.0023343373493975306
turn_change,2813,-0.016792168674698738
turn_change,2814,-0.016792168674698738
turn_change,2815,0.016415662650602347
turn_change,2816,0.012198795180722977
turn_change,2817,0.0127259036144578
turn_change,2818,0.004066265060240992
turn_change,2819,0.017093373493975883
turn_change,2820,0.008132530120481873
turn_change,2821,0.0066265060240963125
turn_change,2822,0.013930722891566272
turn_change,2823,0.0060240963855421326
turn_change,2824,-0.009864457831325224
turn_change,2825,-0.003237951807228967
turn_change,2826,0.000903614457831381
turn_change,2827,-0.0185240963855422
turn_change,2828,0.006777108433734913
turn_change,2829,0.015662650602409567
turn_change,2830,0.02899096385542166
turn_change,2831,-0.014834337349397597
turn_change,2832,0.018524096385542088
turn_change,2833,-0.007153614457831303
turn_change,2834,-0.0019578313253011403
turn_change,2835,0.0006777108433734247
turn_change,2836,0.01302710843373489
turn_change,2837,0.018222891566264998
turn_change,2838,-0.0015813253012048611
turn_change,2839,0.0039909638554217475
turn_change,2840,-0.01769578313253012
turn_change,2841,-0.0028614457831325213
turn_change,2842,-0.008885542168674654
turn_change,2843,-0.0011295180722891707
turn_change,2844,-0.01762048192771093
turn_change,2845,-0.014231927710843362
turn_change,2846,0.0014307228915663162
turn_change,2847,-0.01242469879518071
turn_change,2848,0.01912650602409649
turn_change,2849,0.008734939759036053
turn_change,2850,-0.003539156626506057
turn_change,2851,-0.0001506024096386005
turn_change,2852,0.0092620481927711
turn_change,2853,0.014156626506024117
turn_change,2854,-0.015963855421686712
turn_change,2855,0.015210843373493987
turn_change,2856,-0.004819277108433717
turn_change,2857,-0.01332831325301198
turn_change,2858,-0.002635542168674676
turn_change,2859,-0.000301204819277201
turn_change,2860,-0.01325301204819268
turn_change,2861,0.0030873493975902555
turn_change,2862,-0.009262048192771044
turn_change,2863,-0.01709337349397594
turn_change,2864,0.004593373493975927
turn_change,2865,0.0037650602409639022
turn_change,2866,0.0005271084337349352
turn_change,2867,0.00850903614457832
turn_change,2868,-0.01046686746987957
turn_change,2869,0.0092620481927711
turn_change,2870,0.006852409638554269
turn_change,2871,-0.01242469879518071
turn_change,2872,-0.010542168674698815
turn_change,2873,0.0009789156626505147
turn_change,2874,0.014006024096385516
turn_change,2875,-0.0072289156626506035
turn_change,2876,0.007454819277108449
turn_change,2877,0.0024849397590360756
turn_change,2878,-0.021536144578313265
turn_change,2879,0.003915662650602392
turn_change,2880,-0.015737951807228923
turn_change,2881,0.004442771084337327
turn_change,2882,-0.00015060240963848948
turn_change,2883,0.02484939759036142
turn_change,2884,-0.01769578313253012
turn_change,2885,0.006551204819277179
turn_change,2886,-0.02914156626506026
turn_change,2887,-0.004593373493975927
turn_change,2888,-0.005647590361445798
turn_change,2889,-0.016792168674698738
turn_change,2890,-0.020331325301204795
turn_change,2891,0.004066265060240992
turn_change,2892,-0.009789156626506035
turn_change,2893,0.016189759036144613
turn_change,2894,-0.012725903614457745
turn_change,2895,0.010993975903614506
turn_change,2896,-0.013554216867469882
turn_change,2897,-0.0034638554216867012
turn_change,2898,-0.002334337349397586
turn_change,2899,-0.003237951807228856
turn_change,2900,-0.01611445783132537
turn_change,2901,-0.0038403614457830915
turn_change,2902,-0.014156626506024061
turn_change,2903,0.006852409638554158
turn_change,2904,-0.00060240963855418
turn_change,2905,-0.01129518072289154
turn_change,2906,0.0025602409638555423
turn_change,2907,0.013478915662650581
turn_change,2908,-0.00022590361445778973
turn_change,2909,0.007003012048192758
turn_change,2910,-0.0023343373493975306
turn_change,2911,0.004216867469879482
turn_change,2912,0.006852409638554269
turn_change,2913,-0.014081325301204872
turn_change,2914,-0.001204819277108471
turn_change,2915,0.0015813253012048056
turn_change,2916,0.012349397590361466
turn_change,2917,-0.0016566265060241059
turn_change,2918,-0.008057228915662684
turn_change,2919,0.006777108433734913
turn_change,2920,-0.004593373493975816
turn_change,2921,-0.013478915662650692
turn_change,2922,0.024774096385542177
turn_change,2923,-0.007454819277108504
turn_change,2924,-0.01799698795180732
turn_change,2925,0.0033132530120482118
turn_change,2926,-0.0127259036144578
turn_change,2927,0.00045180722891557945
turn_change,2928,-0.01995481927710846
turn_change,2929,-0.002183734939759041
turn_change,2930,-0.013102409638554191
turn_change,2931,-0.005271084337349408
turn_change,2932,0.0006777108433734247
turn_change,2933,0.01807228915662651
turn_change,2934,0.007454819277108449
turn_change,2935,-0.006852409638554213
turn_change,2936,0.006174698795180733
turn_change,2937,-0.007454819277108504
turn_change,2938,0.0
turn_change,2939,-0.008960843373493899
turn_change,2940,-0.0018072289156626509
turn_change,2941,-7.530120481918923e-05
turn_change,2942,-0.0004518072289156905
turn_change,2943,-0.010015060240963825
turn_change,2944,-0.011897590361445831
turn_change,2945,0.024472891566265087
turn_change,2946,-0.006475903614457823
turn_change,2947,-0.004442771084337327
turn_change,2948,-0.009111445783132444
turn_change,2949,-0.007906626506024084
turn_change,2950,-0.015963855421686768
turn_change,2951,-0.005572289156626498
turn_change,2952,0.015060240963855387
turn_change,2953,-0.01234939759036141
turn_change,2954,-0.023268072289156616
turn_change,2955,-0.010843373493975905
turn_change,2956,-0.007153614457831303
turn_change,2957,0.0015813253012048056
turn_change,2958,0.01897590361445789
turn_change,2959,0.012349397590361466
turn_change,2960,0.0033885542168674565
turn_change,2961,-0.0001506024096386005
turn_change,2962,-0.021234939759036175
turn_change,2963,0.0042921686746988374
turn_change,2964,-0.0007530120481927804
turn_change,2965,-0.00030120481927709
turn_change,2966,0.02409638554216864
turn_change,2967,-0.004743975903614417
turn_change,2968,-0.00120481927710836
turn_change,2969,0.005948795180722999
turn_change,2970,0.01106927710843375
turn_change,2971,0.0024849397590360756
turn_change,2972,-0.01242469879518071
turn_change,2973,-0.014457831325301262
turn_change,2974,0.01746987951807233
turn_change,2975,-0.024472891566265087
turn_change,2976,0.00971385542168679
turn_change,2977,0.0003765060240963347
turn_change,2978,0.00835843373493983
turn_change,2979,0.018147590361445753
turn_change,2980,-0.005647590361445798
turn_change,2981,-0.03245481927710836
turn_change,2982,0.016490963855421703
turn_change,2983,0.007153614457831359
turn_change,2984,0.0036144578313253017
turn_change,2985,0.021762048192771055
turn_change,2986,0.004066265060240992
turn_change,2987,0.0005271084337349352
turn_change,2988,0.01091867469879515
turn_change,2989,-0.00045180722891557945
turn_change,2990,-0.0018825301204819511
turn_change,2991,0.02733433734939761
turn_change,2992,-0.008810240963855465
turn_change,2993,-0.007454819277108393
turn_change,2994,-0.004216867469879537
turn_change,2995,-0.006475903614457934
turn_change,2996,-0.009262048192771044
turn_change,2997,-0.01890060240963859
turn_change,2998,0.0072289156626504925
turn_change,2999,0.01091867469879515
turn_change,3000,0.01762048192771093
turn_change,3001,-0.004668674698795228
turn_change,3002,-0.01069277108433736
turn_change,3003,-0.005722891566264987
turn_change,3004,-0.0001506024096386005
turn_change,3005,0.006174698795180733
turn_change,3006,-0.0126506024096385
turn_change,3007,-0.005798192771084398
turn_change,3008,0.006249999999999978
turn_change,3009,-0.009789156626506035
turn_change,3010,0.002108433734939741
turn_change,3011,-0.009638554216867434
turn_change,3012,0.022364457831325346
turn_change,3013,0.01972891566265067
turn_change,3014,-0.009186746987951855
turn_change,3015,0.014307228915662606
turn_change,3016,0.001204819277108471
turn_change,3017,0.004367469879518082
turn_change,3018,0.01912650602409638
turn_change,3019,-0.02003012048192765
turn_change,3020,0.0012801204819276046
turn_change,3021,-0.009186746987951855
turn_change,3022,0.007078313253012114
turn_change,3023,-0.009939759036144635
turn_change,3024,-0.011897590361445776
turn_change,3025,-0.02868975903614457
turn_change,3026,0.0017319277108432951
turn_change,3027,-0.015286144578313232
turn_change,3028,-0.002635542168674676
turn_change,3029,0.002334337349397475
turn_change,3030,0.016867469879518038
turn_change,3031,-0.014382530120481851
turn_change,3032,-0.01686746987951815
turn_change,3033,-0.008584337349397564
turn_change,3034,0.011897590361445776
turn_change,3035,-0.0034638554216867568
turn_change,3036,-0.01287650602409629
turn_change,3037,0.014759036144578297
turn_change,3038,0.00045180722891557945
turn_change,3039,-0.006249999999999978
turn_change,3040,-0.0012801204819277712
turn_change,3041,0.0005271084337349352
turn_change,3042,0.015135542168674632
turn_change,3043,-0.002710843373493921
turn_change,3044,-0.007906626506024084
turn_change,3045,-0.027259036144578364
turn_change,3046,-0.0018825301204819511
turn_change,3047,-0.016114457831325257
turn_change,3048,-0.00911144578313261
turn_change,3049,-0.014909638554216842
turn_change,3050,-0.009487951807228945
turn_change,3051,-0.009412650602409645
turn_change,3052,0.0007530120481927804
turn_change,3053,0.003237951807228967
turn_change,3054,0.006174698795180733
turn_change,3055,0.0039909638554217475
turn_change,3056,0.025075301204819267
turn_change,3057,-0.0030120481927710663
turn_change,3058,0.015361445783132477
turn_change,3059,-0.003915662650602447
turn_change,3060,-0.0003765060240963902
turn_change,3061,0.01671686746987955
turn_change,3062,-0.002484939759036131
turn_change,3063,0.014834337349397542
turn_change,3064,-0.01302710843373489
turn_change,3065,0.004367469879518082
turn_change,3066,0.026807228915662673
turn_change,3067,0.006701807228915779
turn_change,3068,0.009337349397590455
turn_change,3069,0.015286144578313232
turn_change,3070,0.0036897590361445465
turn_change,3071,0.011972891566265131
turn_change,3072,0.008885542168674654
turn_change,3073,0.004141566265060237
turn_change,3074,0.027484939759036098
turn_change,3075,-0.010768072289156605
turn_change,3076,0.011897590361445887
turn_change,3077,-0.008734939759036164
turn_change,3078,0.007153614457831359
turn_change,3079,-0.0009789156626505702
turn_change,3080,-0.008960843373493954
turn_change,3081,-0.021385542168674665
turn_change,3082,0.004216867469879482
turn_change,3083,0.00805722891566274
turn_change,3084,0.008132530120481984
turn_change,3085,-0.005195783132530107
turn_change,3086,-0.0030873493975903665
turn_change,3087,0.0063253012048192225
turn_change,3088,0.0
turn_change,3089,-0.004743975903614417
turn_change,3090,-0.020707831325301185
turn_change,3091,-0.021611445783132566
turn_change,3092,0.020406626506023984
turn_change,3093,-0.01995481927710846
turn_change,3094,0.017996987951807264
turn_change,3095,0.007078313253012114
turn_change,3096,0.018750000000000044
turn_change,3097,0.012575301204819311
turn_change,3098,0.009036144578313254
turn_change,3099,-0.0028614457831325213
turn_change,3100,0.02605421686746978
turn_change,3101,-0.005647590361445798
turn_change,3102,-0.006024096385542188
turn_change,3103,-0.01664156626506036
turn_change,3104,0.013478915662650692
turn_change,3105,-0.002710843373493921
turn_change,3106,0.000602409638554291
turn_change,3107,0.0015813253012048056
turn_change,3108,0.004367469879518082
turn_change,3109,-0.01769578313253012
turn_change,3110,0.0030873493975902555
turn_change,3111,0.013177710843373491
turn_change,3112,-0.022063253012048145
turn_change,3113,0.015361445783132477
turn_change,3114,-0.01242469879518071
turn_change,3115,-0.009563253012048134
turn_change,3116,0.003840361445783147
turn_change,3117,0.0066265060240963125
turn_change,3118,-0.00022590361445778973
turn_change,3119,-0.011144578313252995
turn_change,3120,0.005421686746987953
turn_change,3121,-0.002033132530120496
turn_change,3122,0.0063253012048192225
turn_change,3123,-0.005722891566265098
turn_change,3124,-0.015813253012048167
turn_change,3125,0.012274096385542221
turn_change,3126,-0.004593373493975927
turn_change,3127,-0.0075301204819276935
turn_change,3128,-0.007605421686746938
turn_change,3129,-0.004442771084337327
turn_change,3130,0.004442771084337327
turn_change,3131,0.001506024096385561
turn_change,3132,0.010090361445783014
turn_change,3133,-0.002334337349397586
turn_change,3134,-0.01287650602409629
turn_change,3135,0.0005271084337349352
turn_change,3136,0.016265060240963858
turn_change,3137,0.028614457831325324
turn_change,3138,0.004743975903614417
turn_change,3139,0.001807228915662762
turn_change,3140,-0.008057228915662684
turn_change,3141,0.010316265060240859
turn_change,3142,-0.0184487951807229
turn_change,3143,-0.010617469879518004
turn_change,3144,-0.012951807228915702
turn_change,3145,-0.0073795180722891485
turn_change,3146,-0.016792168674698738
turn_change,3147,0.004819277108433773
turn_change,3148,0.013403614457831337
turn_change,3149,-0.011370481927710785
turn_change,3150,0.00865963855421692
turn_change,3151,0.0016566265060241614
turn_change,3152,-0.01069277108433736
turn_change,3153,-0.005045180722891618
turn_change,3154,-0.004969879518072207
turn_change,3155,0.0018072289156626509
turn_change,3156,-0.015813253012048167
turn_change,3157,-0.015135542168674743
turn_change,3158,-0.01769578313253012
turn_change,3159,-0.002936746987951766
turn_change,3160,-0.004367469879518027
turn_change,3161,0.003915662650602392
turn_change,3162,0.014683734939759052
turn_change,3163,0.002033132530120496
turn_change,3164,-0.0028614457831325213
turn_change,3165,0.0021837349397589856
turn_change,3166,-0.017921686746987908
turn_change,3167,0.0017319277108432951
turn_change,3168,-0.023343373493975916
turn_change,3169,0.006852409638554269
turn_change,3170,0.009111445783132499
turn_change,3171,0.007078313253012114
turn_change,3172,-0.01242469879518071
turn_change,3173,-0.02417168674698794
turn_change,3174,0.014006024096385516
turn_change,3175,0.00022590361445784524
turn_change,3176,0.008132530120481873
turn_change,3177,0.000903614457831381
turn_change,3178,-0.01995481927710846
turn_change,3179,-0.0006777108433734802
turn_change,3180,0.012500000000000067
turn_change,3181,-0.009864457831325224
turn_change,3182,0.014081325301204872
turn_change,3183,-0.0031626506024096668
turn_change,3184,-0.00030120481927709
turn_change,3185,-0.011972891566265131
turn_change,3186,0.013177710843373491
turn_change,3187,-0.01965361445783126
turn_change,3188,-0.0023343373493975306
turn_change,3189,-0.001506024096385561
turn_change,3190,-0.014081325301204872
turn_change,3191,0.02319277108433726
turn_change,3192,-0.0368222891566265
turn_change,3193,-0.0027108433734939763
turn_change,3194,-0.009789156626506035
turn_change,3195,-0.01084337349397596
turn_change,3196,0.013177710843373491
turn_change,3197,0.012801204819277157
turn_change,3198,0.0019578313253012514
turn_change,3199,-0.01024096385542178
turn_change,3200,-0.0007530120481927804
turn_change,3201,-0.001957831325301196
turn_change,3202,0.005195783132530107
turn_change,3203,0.012951807228915646
turn_change,3204,-0.008584337349397675
turn_change,3205,-0.010316265060241026
turn_change,3206,0.015737951807228923
turn_change,3207,-0.01890060240963859
turn_change,3208,-0.007831325301204783
turn_change,3209,-0.017771084337349308
turn_change,3210,-0.004141566265060237
turn_change,3211,-0.021912650602409656
turn_change,3212,0.008358433734939719
turn_change,3213,-0.0017319277108433506
turn_change,3214,-0.012575301204819311
turn_change,3215,-0.008810240963855354
turn_change,3216,0.001807228915662762
turn_change,3217,0.008885542168674654
turn_change,3218,0.0016566265060240504
turn_change,3219,0.0021837349397589856
turn_change,3220,-0.023569277108433706
turn_change,3221,7.530120481924474e-05
turn_change,3222,0.006400602409638578
turn_change,3223,-0.0027861445783132766
turn_change,3224,0.010843373493976016
turn_change,3225,0.006852409638554158
turn_change,3226,-0.005195783132530107
turn_change,3227,0.011596385542168686
turn_change,3228,-0.0004518072289156905
turn_change,3229,-0.004216867469879426
turn_change,3230,-0.011219879518072295
turn_change,3231,0.006400602409638578
turn_change,3232,0.005948795180722888
turn_change,3233,-0.028162650602409633
turn_change,3234,0.0039909638554217475
turn_change,3235,-0.004442771084337327
turn_change,3236,-0.009262048192771155
turn_change,3237,-0.0030120481927710663
turn_change,3238,-0.004518072289156627
turn_change,3239,0.003539156626506057
turn_change,3240,-0.005647590361445798
turn_change,3241,0.014081325301204872
turn_change,3242,-0.015436746987951833
turn_change,3243,0.007003012048192758
turn_change,3244,0.004216867469879482
turn_change,3245,-0.004593373493975816
turn_change,3246,0.0027861445783132766
turn_change,3247,0.013629518072289182
turn_change,3248,-0.007756024096385594
turn_change,3249,0.01227409638554211
turn_change,3250,0.017319277108433728
turn_change,3251,-0.004969879518072318
turn_change,3252,-0.0042921686746988374
turn_change,3253,0.018599397590361444
turn_change,3254,0.007454819277108449
turn_change,3255,0.003012048192771122
turn_change,3256,0.011445783132530196
turn_change,3257,-0.015662650602409622
turn_change,3258,0.005421686746987953
turn_change,3259,0.01137048192771084
turn_change,3260,0.0042921686746988374
turn_change,3261,0.0012801204819277157
turn_change,3262,-0.01957831325301207
turn_change,3263,0.01897590361445789
turn_change,3264,-0.0006777108433734802
turn_change,3265,0.009036144578313254
turn_change,3266,0.0069277108433735135
turn_change,3267,0.0016566265060241614
turn_change,3268,0.004442771084337327
turn_change,3269,0.004593373493975816
turn_change,3270,-0.00015060240963848948
turn_change,3271,-0.011370481927710951
turn_change,3272,-0.007153614457831303
turn_change,3273,-0.003915662650602447
turn_change,3274,-0.015963855421686768
turn_change,3275,0.0013554216867469604
turn_change,3276,0.019201807228915624
turn_change,3277,-0.012198795180722921
turn_change,3278,-0.008358433734939774
turn_change,3279,-0.0033132530120481563
turn_change,3280,-0.0003765060240963902
turn_change,3281,0.01882530120481929
turn_change,3282,0.005572289156626442
turn_change,3283,-0.010542168674698815
turn_change,3284,-0.001054216867469926
turn_change,3285,0.0022590361445783413
turn_change,3286,0.003012048192771122
turn_change,3287,-0.002560240963855487
turn_change,3288,-0.010617469879518004
turn_change,3289,0.0072289156626506035
turn_change,3290,0.026204819277108382
turn_change,3291,0.005421686746987953
turn_change,3292,0.005572289156626442
turn_change,3293,-0.002635542168674676
turn_change,3294,-0.01837349397590371
turn_change,3295,-0.008207831325301174
turn_change,3296,-0.000903614457831381
turn_change,3297,0.016490963855421703
turn_change,3298,-0.014156626506024061
turn_change,3299,0.011897590361445776
turn_change,3300,-0.019126506024096435
turn_change,3301,0.01137048192771073
turn_change,3302,0.009713855421686679
turn_change,3303,0.015587349397590322
turn_change,3304,-0.008885542168674654
turn_change,3305,0.0277861445783133
turn_change,3306,0.0063253012048192225
turn_change,3307,0.001506024096385561
turn_change,3308,-0.01890060240963848
turn_change,3309,-0.0075301204819276935
turn_change,3310,0.007003012048192758
turn_change,3311,-0.012500000000000011
turn_change,3312,-0.011144578313252995
turn_change,3313,0.009412650602409589
turn_change,3314,0.020707831325301185
turn_change,3315,-0.006024096385542188
turn_change,3316,0.0022590361445783413
turn_change,3317,-0.002635542168674676
turn_change,3318,-0.007003012048192758
turn_change,3319,-0.01807228915662651
turn_change,3320,0.000903614457831381
turn_change,3321,-0.0027861445783132766
turn_change,3322,-0.0008283132530119697
turn_change,3323,0.003012048192771122
turn_change,3324,0.019954819277108404
turn_change,3325,-0.027786144578313243
turn_change,3326,0.014081325301204872
turn_change,3327,-0.025301204819277057
turn_change,3328,0.022665662650602325
turn_change,3329,0.0037650602409639022
turn_change,3330,-0.03162650602409639
turn_change,3331,-0.013855421686747083
turn_change,3332,0.012499999999999956
turn_change,3333,0.004216867469879482
turn_change,3334,0.007981927710843384
turn_change,3335,0.004894578313253017
turn_change,3336,0.013930722891566272
turn_change,3337,0.0075301204819276935
turn_change,3338,0.010542168674698815
turn_change,3339,0.012951807228915646
turn_change,3340,0.0036144578313253017
turn_change,3341,0.025978915662650648
turn_change,3342,-0.013177710843373491
turn_change,3343,0.007756024096385539
turn_change,3344,-0.012274096385542221
turn_change,3345,0.002936746987951766
turn_change,3346,-0.008734939759036164
turn_change,3347,0.009412650602409589
turn_change,3348,0.015060240963855387
turn_change,3349,0.00850903614457832
turn_change,3350,0.017319277108433728
turn_change,3351,-0.01777108433734942
turn_change,3352,0.004668674698795172
turn_change,3353,-0.006250000000000033
turn_change,3354,0.0024849397590360756
turn_change,3355,0.003915662650602392
turn_change,3356,-0.006174698795180733
turn_change,3357,-0.005346385542168708
turn_change,3358,-0.0037650602409638467
turn_change,3359,-0.003087349397590311
turn_change,3360,-0.011219879518072351
turn_change,3361,0.0036897590361445465
turn_change,3362,0.002334337349397586
turn_change,3363,-0.022439759036144535
turn_change,3364,-0.0012801204819277712
turn_change,3365,0.012951807228915646
turn_change,3366,0.0037650602409639022
turn_change,3367,0.005722891566265043
turn_change,3368,0.0012801204819277157
turn_change,3369,-0.01204819277108432
turn_change,3370,-0.007680722891566294
turn_change,3371,0.010993975903614506
turn_change,3372,-0.014608433734939752
turn_change,3373,-0.0018072289156626509
turn_change,3374,0.013102409638554247
turn_change,3375,-0.014984939759036198
turn_change,3376,-0.005346385542168708
turn_change,3377,0.007153614457831359
turn_change,3378,-0.001054216867469926
turn_change,3379,0.01121987951807224
turn_change,3380,-0.004894578313253017
turn_change,3381,0.0013554216867469604
turn_change,3382,-0.004743975903614417
turn_change,3383,0.005421686746987953
turn_change,3384,0.006852409638554158
turn_change,3385,0.003840361445783147
turn_change,3386,0.006475903614457823
turn_change,3387,0.018448795180722843
turn_change,3388,-0.005045180722891618
turn_change,3389,0.0031626506024097223
turn_change,3390,-0.002484939759036131
turn_change,3391,0.00820783132530123
turn_change,3392,0.009337349397590455
turn_change,3393,-0.009337349397590344
turn_change,3394,-0.01106927710843375
turn_change,3395,0.007756024096385539
turn_change,3396,0.0072289156626507145
turn_change,3397,-0.010316265060241026
turn_change,3398,-0.03049698795180722
turn_change,3399,0.012575301204819311
turn_change,3400,-0.017921686746987908
turn_change,3401,-0.0003765060240963902
turn_change,3402,0.005873493975903532
turn_change,3403,-0.0018825301204819511
turn_change,3404,-0.0030120481927710663
turn_change,3405,0.006249999999999978
turn_change,3406,-0.01987951807228916
turn_change,3407,-0.00030120481927697895
turn_change,3408,0.007379518072289093
turn_change,3409,0.007981927710843384
turn_change,3410,0.005195783132530107
turn_change,3411,0.006475903614457712
turn_change,3412,0.01031626506024097
turn_change,3413,0.0004518072289156905
turn_change,3414,0.0060240963855421326
turn_change,3415,0.00865963855421692
turn_change,3416,-0.004216867469879426
turn_change,3417,-0.005271084337349408
turn_change,3418,0.0003765060240963347
turn_change,3419,-0.010391566265060215
turn_change,3420,-0.016340361445783158
turn_change,3421,0.0036144578313253017
turn_change,3422,0.032228915662650515
turn_change,3423,-0.003689759036144491
turn_change,3424,0.0063253012048193336
turn_change,3425,0.008358433734939719
turn_change,3426,-0.015436746987951833
turn_change,3427,-0.01724397590361454
turn_change,3428,-0.0012801204819276601
turn_change,3429,0.0037650602409639022
turn_change,3430,0.008734939759036164
turn_change,3431,0.009186746987951855
turn_change,3432,-0.0037650602409638467
turn_change,3433,-0.016415662650602403
turn_change,3434,-0.01784638554216872
turn_change,3435,0.005572289156626442
turn_change,3436,-0.0038403614457830915
turn_change,3437,-0.01046686746987957
turn_change,3438,0.0019578313253012514
turn_change,3439,-0.002936746987951766
turn_change,3440,-0.003087349397590311
turn_change,3441,-0.010090361445783125
turn_change,3442,0.022063253012048145
turn_change,3443,0.010240963855421614
turn_change,3444,0.011144578313253106
turn_change,3445,0.004216867469879482
turn_change,3446,-0.003539156626506057
turn_change,3447,0.013855421686746916
turn_change,3448,0.0014307228915662051
turn_change,3449,0.00956325301204819
turn_change,3450,0.005045180722891618
turn_change,3451,-0.012198795180722921
turn_change,3452,0.00790662650602414
turn_change,3453,0.012951807228915646
turn_change,3454,0.011897590361445887
turn_change,3455,-0.0034638554216867012
turn_change,3456,-0.0011295180722891707
turn_change,3457,0.013930722891566272
turn_change,3458,-0.010768072289156605
turn_change,3459,0.014231927710843362
turn_change,3460,-0.0018825301204819511
turn_change,3461,-0.002108433734939741
turn_change,3462,0.005647590361445798
turn_change,3463,0.001807228915662762
turn_change,3464,0.009186746987951855
turn_change,3465,0.005045180722891618
turn_change,3466,0.004894578313253017
turn_change,3467,0.012575301204819311
turn_change,3468,-0.004593373493975816
turn_change,3469,-0.008734939759036164
turn_change,3470,-0.0033132530120481563
turn_change,3471,0.01912650602409638
turn_change,3472,-0.005647590361445798
turn_change,3473,-0.008659638554216864
turn_change,3474,0.008132530120481873
turn_change,3475,-0.016265060240963858
turn_change,3476,0.0
turn_change,3477,0.014156626506024117
turn_change,3478,0.013780120481927782
turn_change,3479,-0.006475903614457823
turn_change,3480,-0.006249999999999978
turn_change,3481,0.002033132530120496
turn_change,3482,-0.01234939759036141
turn_change,3483,0.010993975903614395
turn_change,3484,-0.01822289156626511
turn_change,3485,0.017093373493975883
turn_change,3486,-0.023644578313253062
turn_change,3487,-0.017394578313252917
turn_change,3488,0.004367469879518082
turn_change,3489,-0.0182981927710843
turn_change,3490,0.0028614457831325213
turn_change,3491,0.024623493975903687
turn_change,3492,-0.00060240963855418
turn_change,3493,-0.011897590361445776
turn_change,3494,-0.005421686746988008
turn_change,3495,-0.004367469879518027
turn_change,3496,-0.000903614457831381
turn_change,3497,-0.012499999999999956
turn_change,3498,-0.006099397590361488
turn_change,3499,-0.0004518072289156905
turn_change,3500,-0.026280120481927793
turn_change,3501,-0.007756024096385483
turn_change,3502,-0.020331325301204795
turn_change,3503,-0.012349397590361522
turn_change,3504,0.006852409638554158
turn_change,3505,0.02733433734939761
turn_change,3506,0.01106927710843375
turn_change,3507,-0.0018072289156627064
turn_change,3508,-0.01671686746987955
turn_change,3509,0.006099397590361488
turn_change,3510,-0.033509036144578286
turn_change,3511,-0.013102409638554302
turn_change,3512,0.011596385542168686
turn_change,3513,0.004518072289156572
turn_change,3514,-0.0034638554216867568
turn_change,3515,-0.010316265060241026
turn_change,3516,-0.00060240963855418
turn_change,3517,-0.01076807228915666
turn_change,3518,0.006250000000000089
turn_change,3519,-0.004518072289156627
turn_change,3520,0.014834337349397542
turn_change,3521,0.002936746987951766
turn_change,3522,-0.023268072289156616
turn_change,3523,0.001204819277108582
turn_change,3524,0.012575301204819311
turn_change,3525,0.004518072289156572
turn_change,3526,-0.004743975903614417
turn_change,3527,0.006475903614457823
turn_change,3528,-0.01942771084337347
turn_change,3529,0.009939759036144524
turn_change,3530,0.013629518072289182
turn_change,3531,0.002635542168674676
turn_change,3532,0.0005271084337349352
turn_change,3533,0.005873493975903532
turn_change,3534,-0.006852409638554213
turn_change,3535,-0.008057228915662684
turn_change,3536,-0.0039909638554216365
turn_change,3537,0.0022590361445783413
turn_change,3538,0.002409638554216942
turn_change,3539,0.0010542168674699814
turn_change,3540,-0.015737951807228923
turn_change,3541,0.004141566265060237
turn_change,3542,0.0024849397590360756
turn_change,3543,0.001204819277108471
turn_change,3544,-0.002936746987951877
turn_change,3545,0.0066265060240963125
turn_change,3546,-0.008132530120481984
turn_change,3547,-0.013177710843373491
turn_change,3548,-0.005798192771084398
turn_change,3549,-0.006551204819277123
turn_change,3550,0.006099397590361377
turn_change,3551,-0.010316265060241026
turn_change,3552,0.025978915662650648
turn_change,3553,-0.013102409638554191
turn_change,3554,-0.016265060240963802
turn_change,3555,0.011295180722891596
turn_change,3556,-0.0018825301204819511
turn_change,3557,-0.002635542168674676
turn_change,3558,-0.0025602409638554313
turn_change,3559,-0.0021084337349397964
turn_change,3560,0.002334337349397475
turn_change,3561,0.002108433734939741
turn_change,3562,-0.0182981927710843
turn_change,3563,0.010843373493976016
turn_change,3564,-0.010316265060241026
turn_change,3565,-0.010542168674698815
turn_change,3566,0.009412650602409589
turn_change,3567,-0.008358433734939663
turn_change,3568,0.009337349397590344
turn_change,3569,0.0
turn_change,3570,-0.004743975903614528
turn_change,3571,0.01106927710843375
turn_change,3572,0.006400602409638578
turn_change,3573,0.006400602409638578
turn_change,3574,0.0001506024096386005
turn_change,3575,-0.01867469879518069
turn_change,3576,0.018448795180722843
turn_change,3577,-0.011521084337349385
turn_change,3578,0.0072289156626504925
turn_change,3579,-0.0033132530120481563
turn_change,3580,-0.0184487951807229
turn_change,3581,0.01762048192771093
turn_change,3582,0.009111445783132499
turn_change,3583,0.012349397590361466
turn_change,3584,0.015963855421686768
turn_change,3585,-0.014382530120481962
turn_change,3586,0.000903614457831381
turn_change,3587,-0.01912650602409638
turn_change,3588,0.009638554216867545
turn_change,3589,-0.005647590361445798
turn_change,3590,0.004593373493975927
turn_change,3591,0.009337349397590233
turn_change,3592,-0.005798192771084398
turn_change,3593,0.024171686746987997
turn_change,3594,-0.0033885542168674565
turn_change,3595,-0.01144578313253014
turn_change,3596,0.008283132530120474
turn_change,3597,-0.017921686746987908
turn_change,3598,0.0013554216867469604
turn_change,3599,-0.014909638554216842
turn_change,3600,-0.012349397590361522
turn_change,3601,0.021159638554216875
turn_change,3602,0.025527108433734957
turn_change,3603,-0.008509036144578375
turn_change,3604,-0.0010542168674698704
turn_change,3605,-0.015135542168674743
turn_change,3606,-0.0031626506024096668
turn_change,3607,0.0010542168674698704
turn_change,3608,0.014457831325301207
turn_change,3609,0.0010542168674698704
turn_change,3610,-0.005346385542168597
turn_change,3611,0.003539156626505946
turn_change,3612,0.009111445783132499
turn_change,3613,0.014081325301204872
turn_change,3614,-0.016415662650602403
turn_change,3615,-0.0036897590361445465
turn_change,3616,-0.00060240963855418
turn_change,3617,-0.013780120481927671
turn_change,3618,0.012575301204819311
turn_change,3619,-0.010090361445783125
turn_change,3620,-0.014533132530120452
turn_change,3621,-0.012725903614457745
turn_change,3622,0.00850903614457832
turn_change,3623,-0.013403614457831281
turn_change,3624,-0.014156626506024061
turn_change,3625,0.020256024096385494
turn_change,3626,0.016039156626506013
turn_change,3627,-0.00060240963855418
turn_change,3628,-0.01234939759036141
turn_change,3629,0.016641566265060193
turn_change,3630,0.0127259036144578
turn_change,3631,-0.0018825301204819511
turn_change,3632,-0.0030120481927710663
turn_change,3633,-0.024548192771084276
turn_change,3634,0.02123493975903623
turn_change,3635,-0.007605421686746994
turn_change,3636,-0.025075301204819267
turn_change,3637,-0.004743975903614528
turn_change,3638,-0.004518072289156627
turn_change,3639,0.006852409638554269
turn_change,3640,-0.021987951807228956
turn_change,3641,0.02959337349397584
turn_change,3642,-0.002033132530120496
turn_change,3643,-0.013855421686746971
turn_change,3644,-0.015963855421686768
turn_change,3645,0.0033132530120482118
turn_change,3646,-0.0039909638554216365
turn_change,3647,-0.011521084337349385
turn_change,3648,0.0010542168674698704
turn_change,3649,0.0031626506024097223
turn_change,3650,-0.003539156626506057
turn_change,3651,0.012198795180722977
turn_change,3652,0.0010542168674698704
turn_change,3653,-0.030572289156626464
turn_change,3654,0.003840361445783036
turn_change,3655,0.013328313253012092
turn_change,3656,-0.020105421686747005
turn_change,3657,-0.005271084337349408
turn_change,3658,-0.016566265060240948
turn_change,3659,0.00060240963855418
turn_change,3660,0.015813253012048167
turn_change,3661,-0.017545180722891518
turn_change,3662,-0.029593373493975894
turn_change,3663,0.012801204819277157
turn_change,3664,0.002033132530120496
turn_change,3665,-0.0031626506024096668
turn_change,3666,0.0006777108433734247
turn_change,3667,-0.004518072289156627
turn_change,3668,0.0066265060240963125
turn_change,3669,0.011295180722891596
turn_change,3670,-0.021536144578313265
turn_change,3671,-0.009638554216867434
turn_change,3672,0.00045180722891557945
turn_change,3673,0.0069277108433735135
turn_change,3674,-0.011219879518072295
turn_change,3675,-0.005496987951807197
turn_change,3676,-0.019728915662650615
turn_change,3677,-0.0030120481927710663
turn_change,3678,-0.0185993975903615
turn_change,3679,0.016490963855421703
turn_change,3680,-0.011219879518072351
turn_change,3681,0.009111445783132499
turn_change,3682,-0.01204819277108432
turn_change,3683,-0.008132530120481873
turn_change,3684,-0.0024096385542168863
turn_change,3685,0.006475903614457712
turn_change,3686,0.00060240963855418
turn_change,3687,0.005120481927710863
turn_change,3688,-0.026430722891566283
turn_change,3689,0.013478915662650692
turn_change,3690,-0.006777108433734913
turn_change,3691,0.01701807228915664
turn_change,3692,-0.012499999999999956
turn_change,3693,-0.004216867469879537
turn_change,3694,0.026280120481927738
turn_change,3695,0.011144578313252995
turn_change,3696,0.011897590361445776
turn_change,3697,0.0033885542168674565
turn_change,3698,0.001506024096385561
turn_change,3699,0.016415662650602347
turn_change,3700,-0.0010542168674698704
turn_change,3701,0.007831325301204783
turn_change,3702,0.01987951807228927
turn_change,3703,0.0028614457831325213
turn_change,3704,0.020406626506024206
turn_change,3705,0.011219879518072351
turn_change,3706,-0.009864457831325335
turn_change,3707,-0.01197289156626502
turn_change,3708,-0.005195783132530107
turn_change,3709,0.007756024096385539
turn_change,3710,0.012575301204819311
turn_change,3711,0.003237951807228967
turn_change,3712,0.014608433734939807
turn_change,3713,-0.009412650602409645
turn_change,3714,-0.015662650602409678
turn_change,3715,0.001506024096385561
turn_change,3716,0.004894578313252906
turn_change,3717,-0.014006024096385461
turn_change,3718,0.007078313253012003
turn_change,3719,0.01912650602409638
turn_change,3720,0.00956325301204819
turn_change,3721,-0.011069277108433695
turn_change,3722,0.01137048192771073
turn_change,3723,-0.0038403614457830915
turn_change,3724,0.017996987951807264
turn_change,3725,0.011445783132530196
turn_change,3726,0.00865963855421692
turn_change,3727,-0.0030120481927710663
turn_change,3728,0.0063253012048193336
turn_change,3729,0.011897590361445776
turn_change,3730,0.003840361445783036
turn_change,3731,0.0012801204819276046
turn_change,3732,-0.005421686746988008
turn_change,3733,-0.002259036144578286
turn_change,3734,0.00865963855421692
turn_change,3735,-0.006701807228915668
turn_change,3736,-0.003237951807228856
turn_change,3737,0.004819277108433773
turn_change,3738,-7.530120481930025e-05
turn_change,3739,-0.015135542168674743
turn_change,3740,-0.025753012048192803
turn_change,3741,0.005647590361445798
turn_change,3742,0.005572289156626553
turn_change,3743,0.0016566265060241614
turn_change,3744,-0.012123493975903621
turn_change,3745,-0.009789156626506035
turn_change,3746,-0.0030120481927710663
turn_change,3747,0.00896084337349401
turn_change,3748,-0.01287650602409629
turn_change,3749,0.010542168674698815
turn_change,3750,-0.004894578313253017
turn_change,3751,0.01671686746987955
turn_change,3752,0.009939759036144635
turn_change,3753,-0.023268072289156616
turn_change,3754,-0.01920180722891568
turn_change,3755,0.0036144578313253017
turn_change,3756,-0.017319277108433728
turn_change,3757,0.010617469879517949
turn_change,3758,-0.0028614457831325213
turn_change,3759,0.011445783132530196
turn_change,3760,-0.0034638554216867012
turn_change,3761,-0.00022590361445778973
turn_change,3762,-0.02929216867469886
turn_change,3763,-0.0018825301204819511
turn_change,3764,-0.014834337349397597
turn_change,3765,0.0008283132530120252
turn_change,3766,-0.008810240963855465
turn_change,3767,-0.01287650602409629
turn_change,3768,-0.005948795180722888
turn_change,3769,-0.007003012048192758
turn_change,3770,-0.005572289156626553
turn_change,3771,0.00971385542168679
turn_change,3772,-0.02025602409638555
turn_change,3773,-0.010768072289156605
turn_change,3774,-0.004743975903614528
turn_change,3775,0.010391566265060215
turn_change,3776,-0.008358433734939774
turn_change,3777,0.017695783132530174
turn_change,3778,-0.02003012048192765
turn_change,3779,0.014156626506024117
turn_change,3780,0.0021837349397590966
turn_change,3781,0.006099397590361488
turn_change,3782,0.0030873493975903665
turn_change,3783,0.017846385542168663
turn_change,3784,-0.004216867469879537
turn_change,3785,-0.001957831325301196
turn_change,3786,0.0015813253012048056
turn_change,3787,-0.014683734939759052
turn_change,3788,0.006701807228915668
turn_change,3789,0.0014307228915662051
turn_change,3790,0.02929216867469886
turn_change,3791,0.005722891566265043
turn_change,3792,-0.015210843373493987
turn_change,3793,0.005948795180722888
turn_change,3794,-0.011144578313252995
turn_change,3795,0.0018825301204818956
turn_change,3796,0.01016566265060237
turn_change,3797,-0.013253012048192792
turn_change,3798,0.0001506024096386005
turn_change,3799,-0.0031626506024096113
turn_change,3800,0.007981927710843384
turn_change,3801,-0.013328313253012092
turn_change,3802,-0.006325301204819278
turn_change,3803,0.00865963855421692
turn_change,3804,0.0092620481927711
turn_change,3805,0.01227409638554211
turn_change,3806,0.006174698795180733
turn_change,3807,0.000301204819277201
turn_change,3808,0.0030873493975903665
turn_change,3809,-0.008433734939759074
turn_change,3810,-0.01137048192771084
turn_change,3811,-0.010768072289156605
turn_change,3812,0.008358433734939719
turn_change,3813,-0.0019578313253011403
turn_change,3814,0.0014307228915663162
turn_change,3815,-0.004442771084337327
turn_change,3816,0.0075301204819276935
turn_change,3817,0.01927710843373487
turn_change,3818,-0.015587349397590378
turn_change,3819,0.013177710843373491
turn_change,3820,-0.0014307228915661496
turn_change,3821,-0.007454819277108504
turn_change,3822,0.0075301204819276935
turn_change,3823,0.002334337349397475
turn_change,3824,-0.03938253012048187
turn_change,3825,0.021159638554216764
turn_change,3826,-0.005496987951807197
turn_change,3827,0.017319277108433728
turn_change,3828,0.005195783132530218
turn_change,3829,0.007304216867469959
turn_change,3830,-0.013177710843373491
turn_change,3831,0.009337349397590344
turn_change,3832,-0.008283132530120474
turn_change,3833,-0.005421686746988008
turn_change,3834,-0.0016566265060240504
turn_change,3835,-0.016340361445783158
turn_change,3836,0.0034638554216867012
turn_change,3837,0.002108433734939741
turn_change,3838,0.0060240963855421326
turn_change,3839,0.030271084337349485
turn_change,3840,-0.015135542168674743
turn_change,3841,-0.004141566265060237
turn_change,3842,-0.010015060240963825
turn_change,3843,-0.014909638554216842
turn_change,3844,0.018298192771084354
turn_change,3845,-0.007680722891566294
turn_change,3846,0.010391566265060215
turn_change,3847,-0.027560240963855454
turn_change,3848,0.005572289156626553
turn_change,3849,0.00850903614457832
turn_change,3850,0.007454819277108449
turn_change,3851,-0.013554216867469882
turn_change,3852,-0.007153614457831303
turn_change,3853,0.00896084337349401
turn_change,3854,0.0017319277108432951
turn_change,3855,0.005120481927710863
turn_change,3856,0.00865963855421692
turn_change,3857,0.0092620481927711
turn_change,3858,-0.008885542168674654
turn_change,3859,0.00022590361445784524
turn_change,3860,-0.009939759036144635
turn_change,3861,-0.014909638554216842
turn_change,3862,-0.005722891566264987
turn_change,3863,0.005647590361445798
turn_change,3864,-0.008584337349397564
turn_change,3865,-0.013403614457831392
turn_change,3866,-0.007153614457831303
turn_change,3867,0.02123493975903623
turn_change,3868,-0.0039909638554216365
turn_change,3869,-0.001506024096385561
turn_change,3870,0.008433734939759074
turn_change,3871,0.013102409638554247
turn_change,3872,-0.0005271084337349907
turn_change,3873,-0.0033132530120482673
turn_change,3874,0.0014307228915663162
turn_change,3875,0.0092620481927711
turn_change,3876,-0.000301204819277201
turn_change,3877,-0.01234939759036141
turn_change,3878,0.0039909638554217475
turn_change,3879,-0.010015060240963825
turn_change,3880,0.0005271084337349352
turn_change,3881,-0.00060240963855418
turn_change,3882,-0.0184487951807229
turn_change,3883,-0.02944277108433735
turn_change,3884,0.0033132530120482118
turn_change,3885,0.003237951807228967
turn_change,3886,-0.01069277108433736
turn_change,3887,-0.0008283132530121362
turn_change,3888,-0.003237951807228856
turn_change,3889,-0.013704819277108482
turn_change,3890,-0.013478915662650581
turn_change,3891,-0.012499999999999956
turn_change,3892,-0.016867469879518038
turn_change,3893,-0.013855421686746971
turn_change,3894,0.014382530120481962
turn_change,3895,-0.001204819277108471
turn_change,3896,0.015813253012048167
turn_change,3897,0.00896084337349401
turn_change,3898,-0.0012801204819277712
turn_change,3899,-0.0033132530120481563
turn_change,3900,0.0007530120481927804
turn_change,3901,0.018900602409638534
turn_change,3902,-0.006852409638554213
turn_change,3903,-0.008659638554216864
turn_change,3904,-0.01897590361445789
turn_change,3905,0.004668674698795172
turn_change,3906,0.0007530120481927804
turn_change,3907,-0.004894578313253017
turn_change,3908,-0.002484939759036131
turn_change,3909,-0.0127259036144578
turn_change,3910,-0.005948795180722943
turn_change,3911,-0.012650602409638612
turn_change,3912,0.029216867469879504
turn_change,3913,-0.002334337349397586
turn_change,3914,-0.013328313253012092
turn_change,3915,-0.01204819277108432
turn_change,3916,-0.009337349397590233
turn_change,3917,0.005722891566265043
turn_change,3918,-7.530120481918923e-05
turn_change,3919,-0.008960843373494065
turn_change,3920,-0.010165662650602425
turn_change,3921,-0.002259036144578286
turn_change,3922,-0.0027108433734939763
turn_change,3923,-0.0012801204819277712
turn_change,3924,-0.028915662650602414
turn_change,3925,-0.001506024096385561
turn_change,3926,0.016415662650602347
turn_change,3927,0.0025602409638554313
turn_change,3928,-0.006551204819277123
turn_change,3929,-0.007831325301204894
turn_change,3930,-0.002108433734939741
turn_change,3931,-0.012123493975903621
turn_change,3932,0.015060240963855387
turn_change,3933,0.0221385542168675
turn_change,3934,0.014231927710843362
turn_change,3935,-0.010316265060240914
turn_change,3936,0.0008283132530120252
turn_change,3937,-0.023493975903614517
turn_change,3938,-0.010542168674698815
turn_change,3939,0.018524096385542088
turn_change,3940,-0.0064759036144577675
turn_change,3941,-0.002484939759036131
turn_change,3942,0.005271084337349352
turn_change,3943,0.008885542168674654
turn_change,3944,-0.014081325301204872
turn_change,3945,-0.015286144578313232
turn_change,3946,0.027635542168674698
turn_change,3947,-0.003539156626506057
turn_change,3948,-0.024472891566265087
turn_change,3949,0.00850903614457832
turn_change,3950,0.014759036144578297
turn_change,3951,0.00790662650602414
turn_change,3952,0.0033885542168674565
turn_change,3953,0.015963855421686768
turn_change,3954,-0.0076807228915662384
turn_change,3955,-0.016641566265060248
turn_change,3956,0.026430722891566227
turn_change,3957,0.01076807228915655
turn_change,3958,0.005496987951807197
turn_change,3959,-0.0009036144578312699
turn_change,3960,-0.005195783132530107
turn_change,3961,0.0009036144578312699
turn_change,3962,0.005195783132530107
turn_change,3963,0.004819277108433773
turn_change,3964,-0.008810240963855465
turn_change,3965,-0.002710843373493921
turn_change,3966,-0.0064759036144577675
turn_change,3967,0.00986445783132528
turn_change,3968,-0.0018825301204819511
turn_change,3969,0.0001506024096386005
turn_change,3970,0.010993975903614395
turn_change,3971,-0.008734939759036053
turn_change,3972,-0.021460843373493965
turn_change,3973,-0.019728915662650615
turn_change,3974,-0.0007530120481927804
turn_change,3975,-0.0009789156626505702
turn_change,3976,0.006777108433734913
turn_change,3977,0.02974397590361444
turn_change,3978,0.01197289156626502
turn_change,3979,-0.0075301204819276935
turn_change,3980,-0.025225903614457812
turn_change,3981,-0.005120481927710918
turn_change,3982,-0.011897590361445831
turn_change,3983,0.002710843373494032
turn_change,3984,-0.0031626506024096668
turn_change,3985,-0.010617469879518115
turn_change,3986,-0.019352409638554224
turn_change,3987,-0.014307228915662662
turn_change,3988,0.003237951807228856
turn_change,3989,0.0006777108433735357
turn_change,3990,-0.0009789156626505702
turn_change,3991,0.015060240963855387
turn_change,3992,0.007605421686746938
turn_change,3993,-0.008659638554216864
turn_change,3994,0.009186746987951855
turn_change,3995,0.009638554216867434
turn_change,3996,-0.0027108433734939763
turn_change,3997,-0.03027108433734943
turn_change,3998,0.003840361445783147
turn_change,3999,0.013554216867469826
turn_change,4000,0.016792168674698793
turn_change,4001,-0.0042921686746988374
turn_change,4002,0.0060240963855421326
turn_change,4003,0.007756024096385539
turn_change,4004,0.004216867469879482
turn_change,4005,-0.011521084337349385
turn_change,4006,0.007605421686747049
turn_change,4007,0.008057228915662629
turn_change,4008,-0.01980421686746986
turn_change,4009,-0.008885542168674654
turn_change,4010,0.0092620481927711
turn_change,4011,0.0010542168674698704
turn_change,4012,0.005572289156626553
turn_change,4013,0.016039156626506013
turn_change,4014,-0.0031626506024096668
turn_change,4015,0.0
turn_change,4016,-0.021460843373493965
turn_change,4017,0.004894578313253017
turn_change,4018,-0.007153614457831303
turn_change,4019,-0.007605421686746938
turn_change,4020,0.014006024096385516
turn_change,4021,-0.011897590361445776
turn_change,4022,0.005798192771084287
turn_change,4023,-0.013780120481927671
turn_change,4024,-0.0126506024096385
turn_change,4025,-0.004066265060240937
turn_change,4026,-0.000903614457831381
turn_change,4027,-0.022364457831325346
turn_change,4028,0.00986445783132528
turn_change,4029,0.0024849397590360756
turn_change,4030,0.021912650602409545
turn_change,4031,0.01016566265060237
turn_change,4032,0.02063253012048194
turn_change,4033,0.0001506024096386005
turn_change,4034,-0.004819277108433717
turn_change,4035,-0.007906626506024084
turn_change,4036,0.0
turn_change,4037,0.0036897590361446575
turn_change,4038,-0.01069277108433736
turn_change,4039,-0.009939759036144635
turn_change,4040,0.005271084337349352
turn_change,4041,-0.0028614457831325213
turn_change,4042,0.007078313253012003
turn_change,4043,0.019804216867469804
turn_change,4044,-0.026430722891566283
turn_change,4045,-0.013704819277108371
turn_change,4046,-0.009789156626506035
turn_change,4047,-0.006777108433734913
turn_change,4048,-0.001204819277108471
turn_change,4049,0.005798192771084398
turn_change,4050,0.0031626506024096113
turn_change,4051,-0.001957831325301196
turn_change,4052,-0.012951807228915702
turn_change,4053,0.01957831325301207
turn_change,4054,0.0003765060240963347
turn_change,4055,0.011295180722891596
turn_change,4056,0.00820783132530123
turn_change,4057,-0.002259036144578286
turn_change,4058,-0.0031626506024096668
turn_change,4059,0.0221385542168675
turn_change,4060,0.010993975903614506
turn_change,4061,0.001204819277108471
turn_change,4062,0.010542168674698815
turn_change,4063,0.00022590361445784524
turn_change,4064,-0.008283132530120474
turn_change,4065,-0.010918674698795205
turn_change,4066,0.016641566265060193
turn_change,4067,0.010240963855421836
turn_change,4068,0.005421686746987953
turn_change,4069,-0.0184487951807229
turn_change,4070,-0.01784638554216872
turn_change,4071,-0.004819277108433828
turn_change,4072,0.025376506024096468
turn_change,4073,0.01611445783132537
turn_change,4074,-0.006551204819277123
turn_change,4075,-0.0018825301204819511
turn_change,4076,0.008885542168674765
turn_change,4077,-0.007756024096385483
turn_change,4078,-0.022289156626505935
turn_change,4079,-0.012876506024096401
turn_change,4080,0.009638554216867434
turn_change,4081,0.01016566265060237
turn_change,4082,-0.011144578313252995
turn_change,4083,-0.003237951807228856
turn_change,4084,-0.0012801204819277712
turn_change,4085,0.003012048192771122
turn_change,4086,0.0063253012048193336
turn_change,4087,-0.009939759036144635
turn_change,4088,-0.003539156626506057
turn_change,4089,0.01362951807228907
turn_change,4090,0.02575301204819269
turn_change,4091,0.006852409638554269
turn_change,4092,0.00896084337349401
turn_change,4093,-0.008057228915662684
turn_change,4094,-0.004216867469879537
turn_change,4095,-0.0010542168674698704
turn_change,4096,0.00022590361445784524
turn_change,4097,0.0063253012048193336
turn_change,4098,0.026054216867469893
turn_change,4099,-0.004066265060241048
turn_change,4100,0.012575301204819311
turn_change,4101,0.006400602409638578
turn_change,4102,0.016039156626506124
turn_change,4103,0.01152108433734933
turn_change,4104,-0.006024096385542188
turn_change,4105,-0.002108433734939741
turn_change,4106,-0.0023343373493975306
turn_change,4107,-0.008734939759036164
turn_change,4108,0.014984939759036142
turn_change,4109,-0.0073795180722891485
turn_change,4110,-0.0018825301204819511
turn_change,4111,-0.006777108433734913
turn_change,4112,-0.0018825301204819511
turn_change,4113,0.019051204819277023
turn_change,4114,-0.002484939759036131
turn_change,4115,0.0001506024096386005
turn_change,4116,0.008810240963855409
turn_change,4117,-0.0023343373493975306
turn_change,4118,-0.012500000000000011
turn_change,4119,0.0033885542168674565
turn_change,4120,0.003539156626506057
turn_change,4121,0.007379518072289093
turn_change,4122,0.004894578313253017
turn_change,4123,0.009036144578313254
turn_change,4124,0.012198795180722977
turn_change,4125,-0.016490963855421648
turn_change,4126,0.004141566265060237
turn_change,4127,-0.000903614457831381
turn_change,4128,-0.0006777108433735357
turn_change,4129,0.008810240963855409
turn_change,4130,0.0008283132530120252
turn_change,4131,-0.014834337349397597
turn_change,4132,0.005572289156626442
turn_change,4133,-0.008659638554216864
turn_change,4134,0.000903614457831381
turn_change,4135,0.00956325301204819
turn_change,4136,-0.006024096385542188
turn_change,4137,0.008584337349397564
turn_change,4138,0.013629518072289182
turn_change,4139,-0.016867469879517982
turn_change,4140,-0.015587349397590378
turn_change,4141,0.005120481927710863
turn_change,4142,0.000301204819277201
turn_change,4143,0.0015813253012048056
turn_change,4144,-0.007078313253012114
turn_change,4145,0.017695783132530174
turn_change,4146,0.01121987951807224
turn_change,4147,-0.002033132530120496
turn_change,4148,-0.008283132530120474
turn_change,4149,-0.008885542168674654
turn_change,4150,-0.01874999999999999
turn_change,4151,-0.03012048192771083
turn_change,4152,-0.0185993975903615
turn_change,4153,0.006400602409638578
turn_change,4154,-0.015662650602409622
turn_change,4155,0.0005271084337349352
turn_change,4156,0.010391566265060215
turn_change,4157,0.02304216867469877
turn_change,4158,0.007003012048192869
turn_change,4159,-0.005496987951807197
turn_change,4160,-0.008057228915662573
turn_change,4161,0.00850903614457832
turn_change,4162,-0.0042921686746988374
turn_change,4163,-0.0008283132530119697
turn_change,4164,0.006174698795180733
turn_change,4165,0.015512048192771077
turn_change,4166,-0.002635542168674676
turn_change,4167,-0.002710843373493921
turn_change,4168,-0.01242469879518071
turn_change,4169,-0.002936746987951877
turn_change,4170,0.009789156626506035
turn_change,4171,-0.007304216867469904
turn_change,4172,0.004518072289156572
turn_change,4173,-0.007304216867469848
turn_change,4174,-0.00060240963855418
turn_change,4175,0.004518072289156572
turn_change,4176,0.006777108433734913
turn_change,4177,0.008734939759036164
turn_change,4178,-0.015361445783132532
turn_change,4179,-0.003915662650602447
turn_change,4180,0.004216867469879482
turn_change,4181,0.010015060240963769
turn_change,4182,0.012575301204819311
turn_change,4183,0.005271084337349352
turn_change,4184,-0.0024096385542168863
turn_change,4185,0.021310240963855365
turn_change,4186,-0.0069277108433735135
turn_change,4187,0.005421686746987953
turn_change,4188,-0.01129518072289154
turn_change,4189,-0.021686746987951755
turn_change,4190,0.014457831325301207
turn_change,4191,0.010843373493975905
turn_change,4192,0.017168674698795128
turn_change,4193,0.0072289156626506035
turn_change,4194,0.0012801204819277157
turn_change,4195,-0.01167168674698793
turn_change,4196,0.014909638554216786
turn_change,4197,0.006400602409638578
turn_change,4198,-0.001204819277108471
turn_change,4199,-0.006325301204819278
turn_change,4200,0.0036144578313253017
turn_change,4201,0.0009789156626505147
turn_change,4202,0.018900602409638534
turn_change,4203,0.014457831325301207
turn_change,4204,0.0022590361445783413
turn_change,4205,0.011822289156626531
turn_change,4206,-0.01799698795180732
turn_change,4207,-0.014533132530120452
turn_change,4208,0.011445783132530085
turn_change,4209,-0.008509036144578375
turn_change,4210,0.005195783132530107
turn_change,4211,-0.024924698795180722
turn_change,4212,0.0033132530120482118
turn_change,4213,-0.01302710843373489
turn_change,4214,-0.0016566265060241059
turn_change,4215,0.007379518072289093
turn_change,4216,0.014382530120482073
turn_change,4217,-0.005271084337349408
turn_change,4218,-0.014006024096385572
turn_change,4219,-0.01777108433734942
turn_change,4220,-0.008659638554216864
turn_change,4221,0.00956325301204819
turn_change,4222,0.004518072289156572
turn_change,4223,0.012725903614457912
turn_change,4224,0.005271084337349352
turn_change,4225,0.009638554216867434
turn_change,4226,0.015210843373493987
turn_change,4227,0.0004518072289156905
turn_change,4228,-0.005722891566265098
turn_change,4229,0.0004518072289158015
turn_change,4230,-0.009864457831325224
turn_change,4231,-0.002033132530120496
turn_change,4232,-0.009262048192771044
turn_change,4233,-0.005948795180722888
turn_change,4234,0.011445783132530196
turn_change,4235,-0.002786144578313221
turn_change,4236,0.00805722891566274
turn_change,4237,-0.012876506024096401
turn_change,4238,-0.008207831325301174
turn_change,4239,0.0016566265060241614
turn_change,4240,0.03335843373493974
turn_change,4241,0.011897590361445776
turn_change,4242,-0.001506024096385561
turn_change,4243,-0.012801204819277101
turn_change,4244,-0.011370481927710785
turn_change,4245,-0.0014307228915662606
turn_change,4246,0.016114457831325257
turn_change,4247,0.00956325301204819
turn_change,4248,-0.009262048192771044
turn_change,4249,0.005873493975903532
turn_change,4250,-0.0072289156626506035
turn_change,4251,-0.004593373493975816
turn_change,4252,-0.015361445783132532
turn_change,4253,0.01701807228915664
turn_change,4254,-0.01890060240963859
turn_change,4255,-0.014307228915662662
turn_change,4256,0.0018825301204818956
turn_change,4257,0.01197289156626502
turn_change,4258,-0.010768072289156605
turn_change,4259,-0.0014307228915663162
turn_change,4260,0.01882530120481929
turn_change,4261,-0.01069277108433736
turn_change,4262,-0.015888554216867412
turn_change,4263,0.01167168674698793
turn_change,4264,-0.016867469879518038
turn_change,4265,0.0016566265060241614
turn_change,4266,-0.02115963855421682
turn_change,4267,-0.015512048192771022
turn_change,4268,-0.007906626506024084
turn_change,4269,-0.014608433734939641
turn_change,4270,0.006475903614457823
turn_change,4271,0.0010542168674698704
turn_change,4272,0.0030873493975903665
turn_change,4273,-0.004518072289156627
turn_change,4274,-0.008659638554216864
turn_change,4275,0.006174698795180733
turn_change,4276,0.003539156626506057
turn_change,4277,0.016039156626506013
turn_change,4278,-0.0183734939759036
turn_change,4279,0.02078313253012043
turn_change,4280,-0.014759036144578352
turn_change,4281,0.014834337349397542
turn_change,4282,-0.005045180722891618
turn_change,4283,0.03064759036144582
turn_change,4284,0.007680722891566294
turn_change,4285,0.017093373493975883
turn_change,4286,-0.002635542168674676
turn_change,4287,-0.007906626506024084
turn_change,4288,-0.011596385542168741
turn_change,4289,-0.011521084337349385
turn_change,4290,-0.020105421686747005
turn_change,4291,0.028915662650602414
turn_change,4292,-0.009638554216867434
turn_change,4293,0.008885542168674654
turn_change,4294,0.0033132530120482118
turn_change,4295,-0.003237951807228856
turn_change,4296,0.0009789156626505147
turn_change,4297,-0.0027861445783132766
turn_change,4298,-0.012951807228915702
turn_change,4299,-0.014307228915662662
turn_change,4300,-0.024397590361445787
turn_change,4301,0.0009789156626505147
turn_change,4302,0.00896084337349401
turn_change,4303,0.0028614457831325213
turn_change,4304,-0.003539156626506057
turn_change,4305,0.01091867469879515
turn_change,4306,-0.00060240963855418
turn_change,4307,0.007304216867469959
turn_change,4308,0.02153614457831332
turn_change,4309,-0.004442771084337327
turn_change,4310,0.001204819277108471
turn_change,4311,0.004216867469879482
turn_change,4312,-0.02989457831325304
turn_change,4313,0.019201807228915624
turn_change,4314,-0.0184487951807229
turn_change,4315,-0.014457831325301262
turn_change,4316,0.0034638554216868123
turn_change,4317,0.014307228915662606
turn_change,4318,0.009036144578313254
turn_change,4319,0.002936746987951766
turn_change,4320,-0.006701807228915724
turn_change,4321,0.0016566265060241614
turn_change,4322,0.002409638554216942
turn_change,4323,0.0022590361445784524
turn_change,4324,-0.022213855421686746
turn_change,4325,0.009789156626506035
turn_change,4326,-0.010692771084337305
turn_change,4327,0.006250000000000089
turn_change,4328,0.026506024096385583
turn_change,4329,0.013478915662650581
turn_change,4330,0.004743975903614417
turn_change,4331,-0.005496987951807197
turn_change,4332,-0.0036144578313252462
turn_change,4333,-0.002259036144578286
turn_change,4334,-0.0012801204819277712
turn_change,4335,0.015512048192771077
turn_change,4336,-0.01144578313253014
turn_change,4337,-0.010843373493975905
turn_change,4338,0.00790662650602414
turn_change,4339,-0.007153614457831303
turn_change,4340,0.005647590361445798
turn_change,4341,0.005798192771084398
turn_change,4342,-0.008734939759036164
turn_change,4343,-0.013629518072289182
turn_change,4344,0.0019578313253012514
turn_change,4345,-0.012575301204819311
turn_change,4346,-0.01701807228915664
turn_change,4347,-0.009262048192771155
turn_change,4348,0.007680722891566294
turn_change,4349,0.011972891566265131
turn_change,4350,0.005798192771084398
turn_change,4351,-0.015361445783132532
turn_change,4352,0.0092620481927711
turn_change,4353,-0.002183734939759041
turn_change,4354,0.007454819277108449
turn_change,4355,-0.0070783132530120585
turn_change,4356,-0.01905120481927708
turn_change,4357,0.00896084337349401
turn_change,4358,0.00022590361445784524
turn_change,4359,-0.006174698795180733
turn_change,4360,0.003915662650602392
turn_change,4361,0.00015060240963848948
turn_change,4362,0.014081325301204761
turn_change,4363,0.007680722891566294
turn_change,4364,-0.010391566265060215
turn_change,4365,-0.0063253012048193336
turn_change,4366,-0.004743975903614417
turn_change,4367,-0.009186746987951855
turn_change,4368,0.016265060240963747
turn_change,4369,0.005722891566265043
turn_change,4370,-0.00971385542168679
turn_change,4371,-0.003087349397590311
turn_change,4372,0.012801204819277157
turn_change,4373,-0.0073795180722891485
turn_change,4374,0.00805722891566274
turn_change,4375,-0.015286144578313232
turn_change,4376,0.0025602409638554313
turn_change,4377,-0.006099397590361544
turn_change,4378,0.013629518072289182
turn_change,4379,-0.008659638554216864
turn_change,4380,-0.007981927710843328
turn_change,4381,0.007756024096385539
turn_change,4382,0.0022590361445783413
turn_change,4383,0.007605421686746938
turn_change,4384,-0.0019578313253011403
turn_change,4385,-0.006250000000000033
turn_change,4386,-0.003915662650602447
turn_change,4387,0.0007530120481927804
turn_change,4388,-0.006701807228915668
turn_change,4389,0.00956325301204819
turn_change,4390,-0.004894578313253017
turn_change,4391,0.0003765060240963347
turn_change,4392,0.008810240963855409
turn_change,4393,-0.0012801204819277712
turn_change,4394,0.021611445783132566
turn_change,4395,-0.01890060240963859
turn_change,4396,0.002108433734939741
turn_change,4397,-0.002484939759036131
turn_change,4398,-0.002108433734939741
turn_change,4399,0.015963855421686768
turn_change,4400,0.010240963855421614
turn_change,4401,-0.0012801204819277712
turn_change,4402,0.015888554216867412
turn_change,4403,-0.012499999999999956
turn_change,4404,-0.006325301204819278
turn_change,4405,-0.004593373493975927
turn_change,4406,0.005120481927710863
turn_change,4407,-0.01807228915662651
turn_change,4408,-0.0007530120481927804
turn_change,4409,0.017319277108433728
turn_change,4410,0.005346385542168597
turn_change,4411,0.013478915662650581
turn_change,4412,0.013930722891566272
turn_change,4413,-0.009337349397590344
turn_change,4414,0.012048192771084376
turn_change,4415,-0.009638554216867434
turn_change,4416,-0.01076807228915666
turn_change,4417,0.002334337349397586
turn_change,4418,0.002108433734939741
turn_change,4419,0.007454819277108449
turn_change,4420,-0.013629518072289182
turn_change,4421,0.01197289156626502
turn_change,4422,0.009412650602409589
turn_change,4423,0.01822289156626511
turn_change,4424,0.003915662650602392
turn_change,4425,-0.0036144578313252462
turn_change,4426,0.0036897590361445465
turn_change,4427,0.007756024096385539
turn_change,4428,-0.005346385542168708
turn_change,4429,0.007153614457831359
turn_change,4430,-0.017545180722891518
turn_change,4431,-0.004969879518072318
turn_change,4432,0.0007530120481927804
turn_change,4433,-0.007228915662650548
turn_change,4434,-0.0037650602409638467
turn_change,4435,0.018900602409638534
turn_change,4436,0.0022590361445783413
turn_change,4437,-0.01144578313253014
turn_change,4438,0.004593373493975927
turn_change,4439,0.005647590361445798
turn_change,4440,-0.005045180722891618
turn_change,4441,-0.013930722891566272
turn_change,4442,0.01137048192771073
turn_change,4443,-0.003237951807228856
turn_change,4444,0.0025602409638555423
turn_change,4445,-0.0006777108433734802
turn_change,4446,-0.004141566265060237
turn_change,4447,0.0036897590361446575
turn_change,4448,0.00790662650602414
turn_change,4449,-0.0184487951807229
turn_change,4450,-0.010240963855421725
turn_change,4451,-0.006400602409638578
turn_change,4452,-0.000903614457831381
turn_change,4453,-0.0007530120481927804
turn_change,4454,0.003840361445783147
turn_change,4455,0.010843373493975905
turn_change,4456,0.004894578313253017
turn_change,4457,0.01016566265060237
turn_change,4458,-0.008885542168674654
turn_change,4459,-0.013253012048192792
turn_change,4460,-0.0018825301204819511
turn_change,4461,0.020707831325301185
turn_change,4462,0.011596385542168797
turn_change,4463,0.015436746987951833
turn_change,4464,0.0036144578313253017
turn_change,4465,0.00030120481927709
turn_change,4466,-0.003539156626506057
turn_change,4467,0.004442771084337327
turn_change,4468,-0.025301204819277112
turn_change,4469,0.0036144578313253017
turn_change,4470,0.013780120481927671
turn_change,4471,7.530120481924474e-05
turn_change,4472,0.010692771084337305
turn_change,4473,0.0028614457831326323
turn_change,4474,0.012575301204819311
turn_change,4475,-0.015210843373493987
turn_change,4476,0.02289156626506028
turn_change,4477,-0.006325301204819278
turn_change,4478,0.024623493975903687
turn_change,4479,0.004141566265060237
turn_change,4480,-0.03531626506024105
turn_change,4481,-0.006400602409638578
turn_change,4482,-0.004141566265060237
turn_change,4483,0.0069277108433735135
turn_change,4484,-0.0017319277108433506
turn_change,4485,-0.004668674698795117
turn_change,4486,-0.002560240963855487
turn_change,4487,0.007831325301204894
turn_change,4488,-0.0015813253012047501
turn_change,4489,0.006400602409638578
turn_change,4490,0.009186746987951855
turn_change,4491,-0.010391566265060215
turn_change,4492,0.003237951807228856
turn_change,4493,0.008283132530120474
turn_change,4494,0.01091867469879515
turn_change,4495,0.009111445783132499
turn_change,4496,-0.004141566265060237
turn_change,4497,0.01611445783132537
turn_change,4498,-0.013328313253012092
turn_change,4499,-7.530120481918923e-05
turn_change,4500,-0.01332831325301198
turn_change,4501,0.016114457831325257
turn_change,4502,0.002936746987951766
turn_change,4503,0.009337349397590455
turn_change,4504,0.015361445783132588
turn_change,4505,0.004593373493975816
turn_change,4506,-0.02018072289156625
turn_change,4507,0.0011295180722891152
turn_change,4508,-0.013704819277108371
turn_change,4509,-0.0033885542168674565
turn_change,4510,0.021009036144578275
turn_change,4511,-0.014307228915662662
turn_change,4512,0.019503012048192714
turn_change,4513,-0.0003765060240963902
turn_change,4514,-0.008584337349397564
turn_change,4515,-0.006701807228915668
turn_change,4516,-0.007831325301204894
turn_change,4517,0.002409638554216831
turn_change,4518,0.009186746987951855
turn_change,4519,-0.009111445783132444
turn_change,4520,-0.017319277108433728
turn_change,4521,0.0024849397590360756
turn_change,4522,-0.003915662650602447
turn_change,4523,-0.0004518072289156905
turn_change,4524,0.0030873493975903665
turn_change,4525,-0.002635542168674676
turn_change,4526,0.014759036144578297
turn_change,4527,0.008885542168674654
turn_change,4528,0.015587349397590433
turn_change,4529,-0.009262048192771044
turn_change,4530,-0.005045180722891618
turn_change,4531,0.004141566265060237
turn_change,4532,-0.008584337349397564
turn_change,4533,0.004969879518072262
turn_change,4534,0.0033132530120482118
turn_change,4535,0.004969879518072262
turn_change,4536,-0.015286144578313232
turn_change,4537,0.01121987951807224
turn_change,4538,0.003237951807228856
turn_change,4539,0.009713855421686679
turn_change,4540,-0.005798192771084287
turn_change,4541,-0.006099397590361544
turn_change,4542,-0.008509036144578375
turn_change,4543,-0.0038403614457830915
turn_change,4544,-0.001506024096385561
turn_change,4545,0.01362951807228907
turn_change,4546,0.005271084337349352
turn_change,4547,0.025000000000000022
turn_change,4548,0.022213855421686746
turn_change,4549,0.017243975903614484
turn_change,4550,0.027108433734939763
turn_change,4551,0.009939759036144635
turn_change,4552,-0.0061746987951806775
turn_change,4553,0.01137048192771084
turn_change,4554,-0.004141566265060237
turn_change,4555,0.02409638554216864
turn_change,4556,-0.025301204819277112
turn_change,4557,-0.004066265060240937
turn_change,4558,0.02018072289156625
turn_change,4559,0.009111445783132499
turn_change,4560,-0.004367469879518027
turn_change,4561,-0.004066265060240937
turn_change,4562,-0.008358433734939774
turn_change,4563,-0.005647590361445798
turn_change,4564,0.013780120481927782
turn_change,4565,0.0036897590361446575
turn_change,4566,-0.010165662650602425
turn_change,4567,0.001506024096385561
turn_change,4568,-0.01159638554216863
turn_change,4569,0.024397590361445842
turn_change,4570,0.007153614457831359
turn_change,4571,-0.01287650602409629
turn_change,4572,-0.005722891566264987
turn_change,4573,-0.004367469879518138
turn_change,4574,-0.008433734939758963
turn_change,4575,0.012123493975903732
turn_change,4576,0.017319277108433728
turn_change,4577,-0.015060240963855442
turn_change,4578,0.0069277108433735135
turn_change,4579,0.005948795180722888
turn_change,4580,-0.010466867469879515
turn_change,4581,0.011295180722891596
turn_change,4582,-0.01325301204819268
turn_change,4583,0.024924698795180777
turn_change,4584,-0.002334337349397586
turn_change,4585,-0.004518072289156627
turn_change,4586,0.0027861445783132766
turn_change,4587,-0.01001506024096388
turn_change,4588,-0.009638554216867434
turn_change,4589,0.01822289156626511
turn_change,4590,0.017394578313252973
turn_change,4591,0.003840361445783036
turn_change,4592,0.004141566265060237
turn_change,4593,0.017846385542168663
turn_change,4594,0.008584337349397564
turn_change,4595,0.0018825301204818956
turn_change,4596,-0.01129518072289154
turn_change,4597,-0.0254518072289156
turn_change,4598,-0.03531626506024094
turn_change,4599,0.005722891566265043
turn_change,4600,0.00820783132530123
turn_change,4601,0.004819277108433773
turn_change,4602,0.017168674698795128
turn_change,4603,0.0003765060240963347
turn_change,4604,-0.004367469879518027
turn_change,4605,-0.0037650602409638467
turn_change,4606,-0.004518072289156627
turn_change,4607,0.018900602409638534
turn_change,4608,-0.0011295180722891707
turn_change,4609,-0.0028614457831325213
turn_change,4610,-0.0007530120481927804
turn_change,4611,0.018448795180722843
turn_change,4612,0.015286144578313232
turn_change,4613,-0.006777108433734913
turn_change,4614,-0.010466867469879515
turn_change,4615,-0.0030120481927710663
turn_change,4616,0.001506024096385561
turn_change,4617,-0.022063253012048145
turn_change,4618,-0.0007530120481927804
turn_change,4619,0.01031626506024097
turn_change,4620,-0.004819277108433606
turn_change,4621,-0.026807228915662673
turn_change,4622,-0.022816265060240926
turn_change,4623,0.005873493975903532
turn_change,4624,0.009713855421686679
turn_change,4625,0.004216867469879482
turn_change,4626,0.02379518072289155
turn_change,4627,-0.03155120481927709
turn_change,4628,-0.01709337349397594
turn_change,4629,-0.008734939759036164
turn_change,4630,-0.003915662650602336
turn_change,4631,0.010692771084337416
turn_change,4632,0.01987951807228916
turn_change,4633,0.0031626506024096113
turn_change,4634,0.005948795180722999
turn_change,4635,0.014909638554216786
turn_change,4636,0.004518072289156572
turn_change,4637,0.005647590361445798
turn_change,4638,0.011822289156626531
turn_change,4639,-0.009713855421686735
turn_change,4640,-0.013478915662650581
turn_change,4641,-0.010542168674698815
turn_change,4642,-0.006400602409638578
turn_change,4643,0.019051204819277134
turn_change,4644,0.008132530120481873
turn_change,4645,-0.010466867469879515
turn_change,4646,0.010240963855421725
turn_change,4647,-0.014608433734939807
turn_change,4648,0.017545180722891573
turn_change,4649,0.00015060240963848948
turn_change,4650,0.009789156626506035
turn_change,4651,-0.006249999999999978
turn_change,4652,-0.008358433734939774
turn_change,4653,0.0001506024096386005
turn_change,4654,0.005271084337349352
turn_change,4655,-0.009412650602409645
turn_change,4656,0.0003765060240963347
turn_change,4657,-0.014382530120481851
turn_change,4658,-0.007906626506024084
turn_change,4659,0.006852409638554269
turn_change,4660,0.005873493975903532
turn_change,4661,-0.01920180722891568
turn_change,4662,0.014533132530120452
turn_change,4663,-0.004819277108433717
turn_change,4664,0.004743975903614417
turn_change,4665,-0.009789156626506035
turn_change,4666,-0.015361445783132532
turn_change,4667,0.007078313253012003
turn_change,4668,0.0072289156626506035
turn_change,4669,0.0069277108433735135
turn_change,4670,0.026430722891566227
turn_change,4671,-0.014984939759036198
turn_change,4672,0.0024849397590360756
turn_change,4673,0.0014307228915663162
turn_change,4674,-0.007906626506024084
turn_change,4675,0.004668674698795172
turn_change,4676,0.005948795180722888
turn_change,4677,-0.008960843373493954
turn_change,4678,-0.008132530120481873
turn_change,4679,-0.007906626506024084
turn_change,4680,0.0022590361445783413
turn_change,4681,0.01332831325301198
turn_change,4682,0.016039156626506013
turn_change,4683,-0.008207831325301174
turn_change,4684,-0.014457831325301262
turn_change,4685,0.010391566265060215
turn_change,4686,0.021912650602409545
turn_change,4687,-0.007304216867469848
turn_change,4688,-0.007078313253012114
turn_change,4689,-0.01822289156626511
turn_change,4690,-0.004141566265060237
turn_change,4691,-0.021837349397590355
turn_change,4692,0.015888554216867412
turn_change,4693,-0.01822289156626511
turn_change,4694,-0.01423192771084325
turn_change,4695,-0.0008283132530120807
turn_change,4696,-0.013177710843373491
turn_change,4697,0.006852409638554158
turn_change,4698,0.00986445783132528
turn_change,4699,-0.022213855421686746
turn_change,4700,0.001204819277108471
turn_change,4701,-0.013102409638554302
turn_change,4702,-0.0016566265060241059
turn_change,4703,-0.006701807228915724
turn_change,4704,-0.013478915662650581
turn_change,4705,0.0016566265060241614
turn_change,4706,0.019051204819277134
turn_change,4707,-0.003539156626506057
turn_change,4708,0.004969879518072262
turn_change,4709,-0.01701807228915664
turn_change,4710,0.005421686746987953
turn_change,4711,-0.004819277108433717
turn_change,4712,-0.009864457831325335
turn_change,4713,-0.022816265060240926
turn_change,4714,0.005195783132530218
turn_change,4715,-0.0185993975903615
turn_change,4716,-0.013930722891566272
turn_change,4717,-0.005572289156626553
turn_change,4718,0.007153614457831359
turn_change,4719,-0.007756024096385483
turn_change,4720,-0.004066265060240937
turn_change,4721,0.007756024096385539
turn_change,4722,0.027108433734939763
turn_change,4723,-0.016942771084337338
turn_change,4724,-0.023569277108433706
turn_change,4725,0.01242469879518071
turn_change,4726,0.0036897590361445465
turn_change,4727,0.0010542168674698704
turn_change,4728,-0.0014307228915662606
turn_change,4729,-0.01709337349397594
turn_change,4730,-0.004593373493975816
turn_change,4731,-0.006400602409638578
turn_change,4732,0.0027861445783132766
turn_change,4733,-0.008509036144578264
turn_change,4734,0.025075301204819267
turn_change,4735,0.017319277108433728
turn_change,4736,-0.008810240963855465
turn_change,4737,0.000903614457831381
turn_change,4738,-0.0027108433734939763
turn_change,4739,0.004593373493975927
turn_change,4740,0.03125
turn_change,4741,-0.004216867469879537
turn_change,4742,-0.006927710843373458
turn_change,4743,-0.005421686746988008
turn_change,4744,0.005496987951807197
turn_change,4745,0.007304216867469959
turn_change,4746,0.0012801204819277157
turn_change,4747,0.03637048192771086
turn_change,4748,-0.0013554216867469604
turn_change,4749,0.0022590361445783413
turn_change,4750,-0.006551204819277123
turn_change,4751,0.0005271084337349352
turn_change,4752,-0.004668674698795228
turn_change,4753,0.0028614457831326323
turn_change,4754,-0.002183734939759041
turn_change,4755,-0.005421686746988008
turn_change,4756,0.014231927710843362
turn_change,4757,0.004593373493975816
turn_change,4758,-0.034262048192771066
turn_change,4759,0.004743975903614417
turn_change,4760,-0.0064759036144577675
turn_change,4761,0.004668674698795172
turn_change,4762,0.012876506024096512
turn_change,4763,-0.001506024096385561
turn_change,4764,-0.015813253012048167
turn_change,4765,-0.004066265060241048
turn_change,4766,-0.00060240963855418
turn_change,4767,0.007304216867469959
turn_change,4768,-0.0008283132530119697
turn_change,4769,-0.0016566265060241059
turn_change,4770,0.005873493975903532
turn_change,4771,-0.009487951807228945
turn_change,4772,0.002710843373494032
turn_change,4773,-0.016265060240963858
turn_change,4774,0.005572289156626442
turn_change,4775,0.006475903614457823
turn_change,4776,-7.530120481930025e-05
turn_change,4777,-0.004969879518072318
turn_change,4778,-0.005647590361445798
turn_change,4779,0.006777108433734913
turn_change,4780,-0.01882530120481929
turn_change,4781,0.015210843373493987
turn_change,4782,-0.007153614457831303
turn_change,4783,0.005120481927710863
turn_change,4784,-0.014683734939759052
turn_change,4785,0.004066265060240992
turn_change,4786,-0.01295180722891559
turn_change,4787,-0.0001506024096386005
turn_change,4788,-0.009789156626506035
turn_change,4789,-0.03117469879518081
turn_change,4790,0.0027861445783132766
turn_change,4791,-0.01325301204819268
turn_change,4792,0.00790662650602414
turn_change,4793,-0.0066265060240964235
turn_change,4794,-0.025301204819277057
turn_change,4795,0.004066265060240992
turn_change,4796,-0.005120481927710807
turn_change,4797,-0.013554216867469882
turn_change,4798,0.00835843373493983
turn_change,4799,0.01212349397590351
turn_change,4800,0.007454819277108449
turn_change,4801,-7.530120481918923e-05
turn_change,4802,0.009337349397590455
turn_change,4803,-0.002108433734939741
turn_change,4804,-0.008659638554216864
turn_change,4805,0.002710843373494032
turn_change,4806,-0.009412650602409645
turn_change,4807,-0.004141566265060237
turn_change,4808,0.006475903614457823
turn_change,4809,-0.01046686746987957
turn_change,4810,-0.015587349397590322
turn_change,4811,0.008584337349397564
turn_change,4812,0.00850903614457832
turn_change,4813,0.00986445783132528
turn_change,4814,-0.0001506024096386005
turn_change,4815,-0.015512048192771077
turn_change,4816,0.01031626506024097
turn_change,4817,0.0005271084337349352
turn_change,4818,-0.017319277108433728
turn_change,4819,-0.0024096385542168863
turn_change,4820,0.00971385542168679
turn_change,4821,0.015888554216867523
turn_change,4822,0.0005271084337349352
turn_change,4823,-0.007003012048192758
turn_change,4824,0.00015060240963848948
turn_change,4825,-0.00045180722891557945
turn_change,4826,0.005572289156626553
turn_change,4827,-0.009036144578313254
turn_change,4828,-0.013177710843373491
turn_change,4829,0.007153614457831359
turn_change,4830,-0.0069277108433735135
turn_change,4831,-0.022289156626505935
turn_change,4832,-0.010015060240963825
turn_change,4833,-0.02515060240963851
turn_change,4834,-0.023569277108433706
turn_change,4835,0.012801204819277157
turn_change,4836,-0.001204819277108471
turn_change,4837,-0.0017319277108433506
turn_change,4838,0.01912650602409649
turn_change,4839,-0.009487951807228945
turn_change,4840,0.0012801204819277157
turn_change,4841,-0.01242469879518071
turn_change,4842,-0.0075301204819276935
turn_change,4843,0.003840361445783036
turn_change,4844,0.023644578313253062
turn_change,4845,0.009939759036144635
turn_change,4846,0.006551204819277179
turn_change,4847,-0.015813253012048167
turn_change,4848,-0.005120481927710807
turn_change,4849,-0.0008283132530120807
turn_change,4850,-0.003237951807228856
turn_change,4851,-0.001355421686747016
turn_change,4852,0.010542168674698815
turn_change,4853,0.005195783132530107
turn_change,4854,0.0127259036144578
turn_change,4855,-7.530120481918923e-05
turn_change,4856,-0.022364457831325235
turn_change,4857,-0.015436746987951833
turn_change,4858,-0.008734939759036164
turn_change,4859,0.015662650602409567
turn_change,4860,0.01121987951807224
turn_change,4861,-0.0001506024096386005
turn_change,4862,0.0036897590361445465
turn_change,4863,0.00030120481927709
turn_change,4864,-0.006325301204819278
turn_change,4865,0.013027108433735002
turn_change,4866,0.0075301204819276935
turn_change,4867,0.01242469879518071
turn_change,4868,0.015361445783132477
turn_change,4869,0.006551204819277179
turn_change,4870,-0.0037650602409638467
turn_change,4871,0.033433734939758986
turn_change,4872,0.005873493975903532
turn_change,4873,0.008433734939759074
turn_change,4874,-0.006249999999999978
turn_change,4875,0.019804216867469804
turn_change,4876,0.0060240963855421326
turn_change,4877,-0.021837349397590355
turn_change,4878,7.530120481924474e-05
turn_change,4879,-0.008960843373494065
turn_change,4880,-0.005572289156626498
turn_change,4881,-0.016265060240963802
turn_change,4882,-0.0001506024096386005
turn_change,4883,0.014909638554216786
turn_change,4884,-0.010240963855421614
turn_change,4885,-0.004969879518072318
turn_change,4886,-0.015286144578313232
turn_change,4887,-0.000903614457831381
turn_change,4888,-0.002786144578313221
turn_change,4889,-0.005271084337349408
turn_change,4890,0.0019578313253012514
turn_change,4891,0.014231927710843473
turn_change,4892,-0.015662650602409622
turn_change,4893,0.015210843373493987
turn_change,4894,-0.003915662650602447
turn_change,4895,0.018222891566264998
turn_change,4896,0.0021837349397589856
turn_change,4897,0.00820783132530123
turn_change,4898,0.0069277108433735135
turn_change,4899,0.014156626506024117
turn_change,4900,-0.02115963855421682
turn_change,4901,-0.01302710843373489
turn_change,4902,-0.01174698795180723
turn_change,4903,0.0039909638554216365
turn_change,4904,-0.012500000000000011
turn_change,4905,0.005271084337349352
turn_change,4906,-0.012951807228915702
turn_change,4907,-0.008433734939759074
turn_change,4908,-0.024698795180722877
turn_change,4909,-0.015587349397590378
turn_change,4910,-0.005572289156626498
turn_change,4911,-0.008885542168674654
turn_change,4912,-0.012198795180722921
turn_change,4913,-0.0017319277108433506
turn_change,4914,0.007605421686747049
turn_change,4915,0.006475903614457712
turn_change,4916,-0.002635542168674676
turn_change,4917,0.00790662650602414
turn_change,4918,-0.013177710843373491
turn_change,4919,0.0063253012048193336
turn_change,4920,0.018147590361445753
turn_change,4921,0.004367469879518082
turn_change,4922,0.02409638554216864
turn_change,4923,0.02138554216867472
turn_change,4924,0.008433734939759074
turn_change,4925,0.007003012048192869
turn_change,4926,0.002033132530120496
turn_change,4927,-0.0254518072289156
turn_change,4928,-0.014006024096385572
turn_change,4929,-0.007756024096385483
turn_change,4930,-0.011219879518072295
turn_change,4931,-0.008810240963855354
turn_change,4932,0.0036897590361444355
turn_change,4933,0.016792168674698793
turn_change,4934,0.007831325301204783
turn_change,4935,-0.0073795180722891485
turn_change,4936,0.010015060240963769
turn_change,4937,-0.017545180722891518
turn_change,4938,0.0012801204819277157
turn_change,4939,0.0063253012048193336
turn_change,4940,0.00835843373493983
turn_change,4941,-0.005798192771084398
turn_change,4942,0.002033132530120496
turn_change,4943,0.0008283132530121362
turn_change,4944,-0.0018072289156627064
turn_change,4945,-0.010466867469879515
turn_change,4946,-0.007454819277108504
turn_change,4947,0.010692771084337416
turn_change,4948,-0.004743975903614417
turn_change,4949,-0.013027108433735002
turn_change,4950,-0.01227409638554211
turn_change,4951,-0.004367469879518138
turn_change,4952,0.017545180722891573
turn_change,4953,-0.021310240963855365
turn_change,4954,-0.002484939759036131
turn_change,4955,0.002710843373493921
turn_change,4956,-0.0031626506024096668
turn_change,4957,0.001506024096385561
turn_change,4958,0.011897590361445776
turn_change,4959,-0.0011295180722891707
turn_change,4960,-0.0034638554216867012
turn_change,4961,0.02409638554216864
turn_change,4962,-0.0009036144578312699
turn_change,4963,0.003237951807228856
turn_change,4964,0.012951807228915646
turn_change,4965,0.014457831325301207
turn_change,4966,-0.029593373493975894
turn_change,4967,0.0010542168674697594
turn_change,4968,0.002409638554216942
turn_change,4969,-0.013253012048192792
turn_change,4970,0.009111445783132499
turn_change,4971,-0.0019578313253011403
turn_change,4972,-0.0008283132530120807
turn_change,4973,-0.0007530120481927804
turn_change,4974,0.010993975903614506
turn_change,4975,0.009487951807228945
turn_change,4976,-0.009337349397590455
turn_change,4977,0.0007530120481927804
turn_change,4978,-0.005948795180722888
turn_change,4979,0.008283132530120474
turn_change,4980,0.0185240963855422
turn_change,4981,0.0069277108433735135
turn_change,4982,-0.013855421686747083
turn_change,4983,0.004216867469879482
turn_change,4984,-0.005798192771084287
turn_change,4985,-0.016340361445783158
turn_change,4986,0.003539156626506057
turn_change,4987,-0.023644578313253062
turn_change,4988,-0.0027108433734939763
turn_change,4989,0.01242469879518071
turn_change,4990,0.007153614457831359
turn_change,4991,0.0007530120481927804
turn_change,4992,0.010090361445783125
turn_change,4993,0.015512048192771077
turn_change,4994,-0.011596385542168575
turn_change,4995,-0.00030120481927709
turn_change,4996,-0.0016566265060241059
turn_change,4997,-0.002484939759036131
turn_change,4998,0.00022590361445784524
turn_change,4999,-0.011521084337349385
density_scale_change,0,-0.022364457831325346
density_scale_change,1,0.0030496987951806886
density_scale_change,2,0.017243975903614484
density_scale_change,3,0.002936746987951766
density_scale_change,4,0.007981927710843384
density_scale_change,5,0.019201807228915624
density_scale_change,6,0.0077936746987951055
density_scale_change,7,0.0018825301204818956
density_scale_change,8,0.0014307228915662051
density_scale_change,9,0.002108433734939741
density_scale_change,10,0.01807228915662651
density_scale_change,11,0.017168674698795128
density_scale_change,12,-0.012349397590361355
density_scale_change,13,0.007680722891566294
density_scale_change,14,0.0031626506024097223
density_scale_change,15,-0.01351656626506026
density_scale_change,16,0.014118975903614439
density_scale_change,17,-0.0027108433734939763
density_scale_change,18,-0.024585843373493954
density_scale_change,19,-0.011634036144578364
density_scale_change,20,0.009412650602409589
density_scale_change,21,0.011295180722891596
density_scale_change,22,0.01167168674698793
density_scale_change,23,0.0036144578313253017
density_scale_change,24,-0.0004518072289156905
density_scale_change,25,0.013704819277108427
density_scale_change,26,0.0075301204819276935
density_scale_change,27,-0.0034638554216867568
density_scale_change,28,0.0019578313253012514
density_scale_change,29,0.004743975903614528
density_scale_change,30,-0.000903614457831381
density_scale_change,31,-0.008621987951807242
density_scale_change,32,-0.0016566265060241059
density_scale_change,33,0.008734939759036164
density_scale_change,34,-0.017545180722891518
density_scale_change,35,0.008094879518072307
density_scale_change,36,0.004518072289156572
density_scale_change,37,0.014495481927710885
density_scale_change,38,0.007266566265060281
density_scale_change,39,-0.0036897590361445465
density_scale_change,40,-0.0007906626506024028
density_scale_change,41,0.007643072289156616
density_scale_change,42,0.004743975903614528
density_scale_change,43,-0.007643072289156672
density_scale_change,44,-0.014006024096385572
density_scale_change,45,-0.01039156626506027
density_scale_change,46,-0.0125753012048192
density_scale_change,47,-0.007304216867469904
density_scale_change,48,0.01106927710843375
density_scale_change,49,0.018599397590361444
density_scale_change,50,0.010993975903614395
density_scale_change,51,0.01197289156626502
density_scale_change,52,0.014081325301204872
density_scale_change,53,0.029329819277108427
density_scale_change,54,-0.016792168674698738
density_scale_change,55,-0.01705572289156626
density_scale_change,56,-0.0036144578313253573
density_scale_change,57,-0.005760542168674665
density_scale_change,58,-0.007567771084337316
density_scale_change,59,0.011596385542168575
density_scale_change,60,0.0006777108433735357
density_scale_change,61,0.0013554216867469604
density_scale_change,62,0.029141566265060148
density_scale_change,63,0.0033132530120482118
density_scale_change,64,0.00820783132530123
density_scale_change,65,0.004216867469879482
density_scale_change,66,0.016001506024096335
density_scale_change,67,-0.0019578313253011403
density_scale_change,68,0.003802710843373469
density_scale_change,69,0.007040662650602325
density_scale_change,70,-0.004480421686747005
density_scale_change,71,-0.0008659638554217586
density_scale_change,72,0.01848644578313252
density_scale_change,73,-0.017808734939759097
density_scale_change,74,-0.0038780120481927693
density_scale_change,75,-0.002899096385542199
density_scale_change,76,-0.012763554216867479
density_scale_change,77,-0.029819277108433684
density_scale_change,78,0.004668674698795172
density_scale_change,79,-7.530120481918923e-05
density_scale_change,80,0.002371987951807264
density_scale_change,81,0.010881024096385583
density_scale_change,82,0.011558734939759008
density_scale_change,83,-0.005873493975903588
density_scale_change,84,0.002974397590361444
density_scale_change,85,-0.01784638554216872
density_scale_change,86,0.0033509036144578896
density_scale_change,87,-0.0025602409638554313
density_scale_change,88,0.0012424698795181488
density_scale_change,89,0.02368222891566274
density_scale_change,90,-0.00011295180722892262
density_scale_change,91,0.0009789156626506257
density_scale_change,92,0.00120481927710836
density_scale_change,93,0.008734939759036053
density_scale_change,94,-0.01242469879518071
density_scale_change,95,0.010278614457831292
density_scale_change,96,-0.009864457831325335
density_scale_change,97,0.008132530120481873
density_scale_change,98,0.00350150602409649
density_scale_change,99,-0.005271084337349408
density_scale_change,100,0.016114457831325257
density_scale_change,101,-0.010768072289156605
density_scale_change,102,0.013140060240963924
density_scale_change,103,-0.0064759036144577675
density_scale_change,104,0.0016566265060241614
density_scale_change,105,-0.0007530120481927804
density_scale_change,106,-0.005082831325301185
density_scale_change,107,0.007454819277108449
density_scale_change,108,-0.007153614457831303
density_scale_change,109,-0.0013930722891565828
density_scale_change,110,0.011972891566265131
density_scale_change,111,0.003200301204819289
density_scale_change,112,0.01792168674698802
density_scale_change,113,0.024322289156626486
density_scale_change,114,0.005421686746987953
density_scale_change,115,0.031475903614457845
density_scale_change,116,-0.010429216867469837
density_scale_change,117,-0.006513554216867556
density_scale_change,118,0.010391566265060215
density_scale_change,119,0.0092620481927711
density_scale_change,120,-0.0020707831325301185
density_scale_change,121,-0.002522590361445809
density_scale_change,122,-0.01204819277108432
density_scale_change,123,-0.007454819277108504
density_scale_change,124,0.006250000000000089
density_scale_change,125,-0.003915662650602336
density_scale_change,126,0.02168674698795181
density_scale_change,127,0.010617469879517949
density_scale_change,128,0.013102409638554247
density_scale_change,129,0.00120481927710836
density_scale_change,130,0.0030496987951806886
density_scale_change,131,-0.01174698795180723
density_scale_change,132,-0.002936746987951766
density_scale_change,133,-0.012387048192771144
density_scale_change,134,-0.0075301204819276935
density_scale_change,135,-0.008998493975903632
density_scale_change,136,-0.01197289156626502
density_scale_change,137,0.0028614457831325213
density_scale_change,138,0.014721385542168619
density_scale_change,139,-0.010240963855421725
density_scale_change,140,0.008283132530120474
density_scale_change,141,0.01212349397590351
density_scale_change,142,0.0347138554216867
density_scale_change,143,0.016152108433734935
density_scale_change,144,0.01698042168674707
density_scale_change,145,-0.005572289156626553
density_scale_change,146,-0.0016566265060241059
density_scale_change,147,0.01671686746987955
density_scale_change,148,0.006814759036144591
density_scale_change,149,-0.0030873493975903665
density_scale_change,150,-0.005346385542168763
density_scale_change,151,0.005572289156626442
density_scale_change,152,0.0072289156626506035
density_scale_change,153,-0.007944277108433706
density_scale_change,154,0.0
density_scale_change,155,-0.0007153614457831581
density_scale_change,156,-0.007718373493975916
density_scale_change,157,-0.003087349397590311
density_scale_change,158,-0.009337349397590344
density_scale_change,159,0.028162650602409744
density_scale_change,160,-0.009186746987951855
density_scale_change,161,0.01792168674698802
density_scale_change,162,0.02458584337349401
density_scale_change,163,-0.01362951807228907
density_scale_change,164,-0.010128012048192803
density_scale_change,165,0.0034262048192770234
density_scale_change,166,0.003237951807228856
density_scale_change,167,0.007567771084337371
density_scale_change,168,-0.013478915662650692
density_scale_change,169,-0.008509036144578264
density_scale_change,170,-0.007003012048192758
density_scale_change,171,-0.007266566265060337
density_scale_change,172,0.010956325301204828
density_scale_change,173,0.0018448795180723288
density_scale_change,174,0.019239457831325302
density_scale_change,175,-0.0015813253012048611
density_scale_change,176,-0.008734939759036164
density_scale_change,177,0.01061746987951806
density_scale_change,178,0.0042921686746988374
density_scale_change,179,-0.0015813253012048611
density_scale_change,180,0.024774096385542177
density_scale_change,181,-0.0016566265060241059
density_scale_change,182,0.019917168674698837
density_scale_change,183,-0.0010918674698795483
density_scale_change,184,-0.004668674698795228
density_scale_change,185,-0.0012801204819276601
density_scale_change,186,-0.0036897590361446575
density_scale_change,187,0.02123493975903623
density_scale_change,188,-0.009149096385542232
density_scale_change,189,-0.017620481927710818
density_scale_change,190,0.016265060240963858
density_scale_change,191,-0.0018825301204819511
density_scale_change,192,0.008132530120481984
density_scale_change,193,-0.0007906626506024028
density_scale_change,194,0.018335843373494032
density_scale_change,195,-0.008923192771084332
density_scale_change,196,-0.004631024096385605
density_scale_change,197,-0.0028614457831325213
density_scale_change,198,-0.004367469879518027
density_scale_change,199,0.013930722891566272
density_scale_change,200,-0.006362951807228956
density_scale_change,201,0.0033509036144578896
density_scale_change,202,-0.002221385542168719
density_scale_change,203,0.0027484939759037097
density_scale_change,204,0.02138554216867472
density_scale_change,205,-0.0013554216867469604
density_scale_change,206,0.01106927710843375
density_scale_change,207,-0.0033132530120481563
density_scale_change,208,0.0060240963855421326
density_scale_change,209,0.012198795180722866
density_scale_change,210,0.007153614457831359
density_scale_change,211,0.016490963855421703
density_scale_change,212,0.000903614457831381
density_scale_change,213,-0.012763554216867479
density_scale_change,214,0.012010542168674698
density_scale_change,215,-0.007944277108433706
density_scale_change,216,-0.004518072289156627
density_scale_change,217,0.007605421686746938
density_scale_change,218,-0.0075301204819276935
density_scale_change,219,-0.0017319277108433506
density_scale_change,220,0.01152108433734933
density_scale_change,221,0.002936746987951766
density_scale_change,222,0.0
density_scale_change,223,-0.0006777108433733692
density_scale_change,224,-0.0034638554216867012
density_scale_change,225,-0.005572289156626498
density_scale_change,226,0.006777108433734913
density_scale_change,227,-0.012499999999999956
density_scale_change,228,-0.0033132530120481563
density_scale_change,229,0.008019578313253062
density_scale_change,230,0.01517319277108431
density_scale_change,231,-0.004367469879518027
density_scale_change,232,-0.0013554216867469604
density_scale_change,233,0.004631024096385605
density_scale_change,234,-0.007756024096385483
density_scale_change,235,-0.0023343373493975306
density_scale_change,236,-0.008471385542168697
density_scale_change,237,0.028012048192771144
density_scale_change,238,0.00790662650602414
density_scale_change,239,-0.011634036144578364
density_scale_change,240,0.014984939759036142
density_scale_change,241,0.001506024096385561
density_scale_change,242,0.01152108433734933
density_scale_change,243,-0.01652861445783138
density_scale_change,244,-0.015587349397590322
density_scale_change,245,0.036935240963855365
density_scale_change,246,0.013704819277108427
density_scale_change,247,-0.006701807228915668
density_scale_change,248,-0.008245481927710852
density_scale_change,249,0.007605421686747049
density_scale_change,250,-0.001054216867469926
density_scale_change,251,-0.0027108433734939763
density_scale_change,252,0.009638554216867434
density_scale_change,253,0.02804969879518071
density_scale_change,254,-0.004819277108433717
density_scale_change,255,-0.005835843373493965
density_scale_change,256,-0.011972891566265131
density_scale_change,257,0.01837349397590371
density_scale_change,258,0.01777108433734942
density_scale_change,259,-0.008960843373493954
density_scale_change,260,-0.0127259036144578
density_scale_change,261,0.015625
density_scale_change,262,0.005722891566265043
density_scale_change,263,0.0063253012048193336
density_scale_change,264,0.02228915662650599
density_scale_change,265,0.006890060240963836
density_scale_change,266,0.015361445783132588
density_scale_change,267,-0.0015813253012048611
density_scale_change,268,0.0036897590361445465
density_scale_change,269,0.010052710843373447
density_scale_change,270,0.0014307228915663162
density_scale_change,271,-0.010918674698795205
density_scale_change,272,-0.0126506024096385
density_scale_change,273,-0.0027108433734939763
density_scale_change,274,0.00820783132530123
density_scale_change,275,0.010278614457831292
density_scale_change,276,-0.02797439759036141
density_scale_change,277,-0.007454819277108393
density_scale_change,278,0.009186746987951855
density_scale_change,279,0.0277861445783133
density_scale_change,280,-0.004819277108433717
density_scale_change,281,-0.005873493975903643
density_scale_change,282,0.0006777108433734247
density_scale_change,283,0.0013177710843373935
density_scale_change,284,0.004819277108433773
density_scale_change,285,-0.009751506024096412
density_scale_change,286,-0.008810240963855354
density_scale_change,287,0.04307228915662653
density_scale_change,288,0.02292921686746996
density_scale_change,289,-0.005948795180722888
density_scale_change,290,0.012048192771084376
density_scale_change,291,0.012951807228915646
density_scale_change,292,-0.01874999999999999
density_scale_change,293,0.014759036144578297
density_scale_change,294,0.004367469879518082
density_scale_change,295,0.007831325301204783
density_scale_change,296,0.011746987951807286
density_scale_change,297,0.014231927710843473
density_scale_change,298,0.007981927710843384
density_scale_change,299,0.014156626506024117
density_scale_change,300,0.0008283132530120252
density_scale_change,301,0.022402108433734913
density_scale_change,302,0.013704819277108427
density_scale_change,303,-0.0070783132530120585
density_scale_change,304,-0.002936746987951766
density_scale_change,305,0.017959337349397475
density_scale_change,306,0.003576807228915624
density_scale_change,307,-0.004894578313253017
density_scale_change,308,0.0054593373493976305
density_scale_change,309,0.013855421686746916
density_scale_change,310,0.008885542168674654
density_scale_change,311,0.004028614457831314
density_scale_change,312,0.0034638554216868123
density_scale_change,313,-0.01039156626506027
density_scale_change,314,-0.002259036144578286
density_scale_change,315,-0.026204819277108493
density_scale_change,316,0.0016942771084337283
density_scale_change,317,-0.008207831325301285
density_scale_change,318,-0.01920180722891568
density_scale_change,319,0.007040662650602436
density_scale_change,320,0.006400602409638578
density_scale_change,321,0.005271084337349352
density_scale_change,322,0.029668674698795194
density_scale_change,323,0.01242469879518071
density_scale_change,324,0.010843373493975905
density_scale_change,325,0.004216867469879482
density_scale_change,326,0.005873493975903532
density_scale_change,327,0.0
density_scale_change,328,-0.013968373493975894
density_scale_change,329,-0.0018825301204819511
density_scale_change,330,0.007868975903614461
density_scale_change,331,-0.006400602409638634
density_scale_change,332,-0.006890060240963947
density_scale_change,333,-0.005082831325301185
density_scale_change,334,-0.003237951807228856
density_scale_change,335,-0.00022590361445778973
density_scale_change,336,-0.021950301204819278
density_scale_change,337,0.003840361445783147
density_scale_change,338,0.0024849397590360756
density_scale_change,339,-0.009036144578313254
density_scale_change,340,0.021310240963855365
density_scale_change,341,0.013704819277108427
density_scale_change,342,-0.00402861445783137
density_scale_change,343,-0.0039909638554216365
density_scale_change,344,0.00956325301204819
density_scale_change,345,0.016942771084337394
density_scale_change,346,0.00850903614457832
density_scale_change,347,0.0025225903614457534
density_scale_change,348,-0.0008283132530120807
density_scale_change,349,0.016603915662650515
density_scale_change,350,-0.016415662650602403
density_scale_change,351,-0.0005647590361445576
density_scale_change,352,0.009638554216867434
density_scale_change,353,0.0006400602409638578
density_scale_change,354,0.003539156626506057
density_scale_change,355,-0.012838855421686723
density_scale_change,356,-0.0027484939759035987
density_scale_change,357,-0.01362951807228907
density_scale_change,358,0.000903614457831381
density_scale_change,359,0.010993975903614506
density_scale_change,360,0.020707831325301185
density_scale_change,361,0.0060617469879518104
density_scale_change,362,-0.014006024096385572
density_scale_change,363,0.0005271084337349352
density_scale_change,364,0.009337349397590455
density_scale_change,365,-0.0011671686746987375
density_scale_change,366,0.005873493975903643
density_scale_change,367,0.024623493975903687
density_scale_change,368,0.00022590361445784524
density_scale_change,369,-0.003539156626505946
density_scale_change,370,-0.009638554216867434
density_scale_change,371,0.003802710843373469
density_scale_change,372,0.015662650602409567
density_scale_change,373,-0.000301204819277201
density_scale_change,374,-0.007040662650602436
density_scale_change,375,0.0072289156626506035
density_scale_change,376,-0.02055722891566264
density_scale_change,377,0.01987951807228916
density_scale_change,378,0.01882530120481929
density_scale_change,379,0.01242469879518071
density_scale_change,380,-0.0021837349397590966
density_scale_change,381,-0.005271084337349408
density_scale_change,382,-0.01995481927710846
density_scale_change,383,0.012801204819277157
density_scale_change,384,0.013403614457831337
density_scale_change,385,-0.0013930722891566383
density_scale_change,386,-0.0044051204819277046
density_scale_change,387,0.01046686746987957
density_scale_change,388,0.019051204819277023
density_scale_change,389,0.011897590361445887
density_scale_change,390,-0.01739457831325303
density_scale_change,391,0.009186746987951855
density_scale_change,392,-0.0126506024096385
density_scale_change,393,-0.016867469879518038
density_scale_change,394,-0.007003012048192758
density_scale_change,395,-0.005873493975903588
density_scale_change,396,0.0031250000000000444
density_scale_change,397,-0.014156626506024061
density_scale_change,398,0.008057228915662629
density_scale_change,399,0.0019201807228915735
density_scale_change,400,0.02217620481927718
density_scale_change,401,-0.01084337349397596
density_scale_change,402,0.006852409638554269
density_scale_change,403,0.008245481927710796
density_scale_change,404,-0.010918674698795205
density_scale_change,405,-0.0021837349397590966
density_scale_change,406,-0.004668674698795228
density_scale_change,407,0.00666415662650599
density_scale_change,408,-0.006626506024096368
density_scale_change,409,0.004932228915662584
density_scale_change,410,-0.010843373493975905
density_scale_change,411,0.02484939759036142
density_scale_change,412,-0.0002635542168674121
density_scale_change,413,-0.0036521084337348686
density_scale_change,414,0.00530873493975903
density_scale_change,415,0.00666415662650599
density_scale_change,416,-0.002635542168674676
density_scale_change,417,0.01762048192771093
density_scale_change,418,0.0031626506024097223
density_scale_change,419,0.01637801204819278
density_scale_change,420,-0.009864457831325335
density_scale_change,421,0.009036144578313254
density_scale_change,422,-0.0010918674698795483
density_scale_change,423,0.005195783132530107
density_scale_change,424,0.007492469879518016
density_scale_change,425,0.0039909638554216365
density_scale_change,426,0.005120481927710863
density_scale_change,427,0.01942771084337347
density_scale_change,428,0.01426957831325304
density_scale_change,429,-0.0070783132530120585
density_scale_change,430,-0.00018825301204816736
density_scale_change,431,0.0036144578313253017
density_scale_change,432,-0.008019578313253006
density_scale_change,433,0.023569277108433706
density_scale_change,434,0.005421686746987953
density_scale_change,435,-0.0009036144578312699
density_scale_change,436,-0.008584337349397675
density_scale_change,437,-0.0007153614457831581
density_scale_change,438,-0.008132530120481873
density_scale_change,439,0.002334337349397586
density_scale_change,440,-0.022364457831325346
density_scale_change,441,0.0031250000000000444
density_scale_change,442,-0.00015060240963848948
density_scale_change,443,0.000903614457831381
density_scale_change,444,0.001167168674698793
density_scale_change,445,-0.003124999999999989
density_scale_change,446,-0.0027484939759035987
density_scale_change,447,0.00986445783132528
density_scale_change,448,-0.006852409638554213
density_scale_change,449,0.002334337349397586
density_scale_change,450,-0.004141566265060237
density_scale_change,451,-0.000903614457831381
density_scale_change,452,0.003915662650602392
density_scale_change,453,0.007078313253012114
density_scale_change,454,0.00986445783132528
density_scale_change,455,0.011746987951807175
density_scale_change,456,-0.005534638554216875
density_scale_change,457,-0.006814759036144535
density_scale_change,458,0.01972891566265067
density_scale_change,459,0.0008283132530120252
density_scale_change,460,0.014796686746987975
density_scale_change,461,0.0025602409638555423
density_scale_change,462,-0.00463102409638555
density_scale_change,463,-0.010240963855421614
density_scale_change,464,-0.005722891566264987
density_scale_change,465,0.003840361445783036
density_scale_change,466,-0.011822289156626531
density_scale_change,467,-0.016641566265060193
density_scale_change,468,0.004141566265060237
density_scale_change,469,0.0012801204819277157
density_scale_change,470,0.02413403614457832
density_scale_change,471,-0.005346385542168597
density_scale_change,472,0.00820783132530123
density_scale_change,473,0.004367469879518082
density_scale_change,474,-0.021649096385542188
density_scale_change,475,0.0183734939759036
density_scale_change,476,0.004631024096385494
density_scale_change,477,0.00410391566265067
density_scale_change,478,0.020971385542168597
density_scale_change,479,0.013253012048192736
density_scale_change,480,0.007944277108433706
density_scale_change,481,-0.019352409638554224
density_scale_change,482,-0.008245481927710852
density_scale_change,483,0.02334337349397586
density_scale_change,484,0.0016566265060240504
density_scale_change,485,0.007191265060240926
density_scale_change,486,-0.006287650602409656
density_scale_change,487,0.0036144578313253017
density_scale_change,488,0.004367469879518082
density_scale_change,489,-0.015060240963855442
density_scale_change,490,0.00022590361445784524
density_scale_change,491,0.007379518072289093
density_scale_change,492,0.016453313253012025
density_scale_change,493,-0.008772590361445787
density_scale_change,494,-0.010391566265060215
density_scale_change,495,0.02669427710843375
density_scale_change,496,0.007003012048192758
density_scale_change,497,-0.00395331325301207
density_scale_change,498,0.006438253012048145
density_scale_change,499,0.007078313253012114
density_scale_change,500,0.00560993975903612
density_scale_change,501,-0.008132530120481984
density_scale_change,502,0.007680722891566294
density_scale_change,503,0.0036897590361444355
density_scale_change,504,-0.009299698795180666
density_scale_change,505,-0.0056099397590361755
density_scale_change,506,0.002033132530120496
density_scale_change,507,0.013554216867469826
density_scale_change,508,-0.00022590361445778973
density_scale_change,509,0.0045557228915662495
density_scale_change,510,0.0016566265060241614
density_scale_change,511,0.013591867469879504
density_scale_change,512,-0.012763554216867423
density_scale_change,513,0.015549698795180755
density_scale_change,514,0.0031250000000000444
density_scale_change,515,-0.00395331325301207
density_scale_change,516,-0.006400602409638578
density_scale_change,517,0.020745481927710863
density_scale_change,518,0.00395331325301207
density_scale_change,519,-0.016039156626506013
density_scale_change,520,-0.008433734939759074
density_scale_change,521,-0.0014683734939759385
density_scale_change,522,-0.0158509036144579
density_scale_change,523,0.019164156626506057
density_scale_change,524,-0.0056099397590361755
density_scale_change,525,0.00060240963855418
density_scale_change,526,0.0005271084337349352
density_scale_change,527,-0.0007906626506024028
density_scale_change,528,0.012951807228915646
density_scale_change,529,-0.007981927710843384
density_scale_change,530,-0.020933734939758974
density_scale_change,531,-0.014231927710843362
density_scale_change,532,-0.014834337349397597
density_scale_change,533,0.001468373493975883
density_scale_change,534,-0.0013554216867469604
density_scale_change,535,0.00790662650602414
density_scale_change,536,0.021912650602409656
density_scale_change,537,-0.02270331325301206
density_scale_change,538,0.004367469879518082
density_scale_change,539,-0.006814759036144535
density_scale_change,540,-0.015323795180722799
density_scale_change,541,-0.015737951807228978
density_scale_change,542,-0.00493222891566264
density_scale_change,543,-0.0014307228915662606
density_scale_change,544,0.005647590361445798
density_scale_change,545,0.0048569277108434505
density_scale_change,546,0.0024849397590360756
density_scale_change,547,0.0009789156626506257
density_scale_change,548,-0.0039909638554216365
density_scale_change,549,0.003878012048192825
density_scale_change,550,-0.002221385542168719
density_scale_change,551,-0.01234939759036141
density_scale_change,552,0.0009412650602409478
density_scale_change,553,0.0021460843373494187
density_scale_change,554,0.002597891566265109
density_scale_change,555,0.013855421686747027
density_scale_change,556,-0.0069277108433735135
density_scale_change,557,0.016265060240963858
density_scale_change,558,0.007605421686746938
density_scale_change,559,0.004969879518072262
density_scale_change,560,-0.01084337349397596
density_scale_change,561,-0.013704819277108482
density_scale_change,562,-0.010768072289156605
density_scale_change,563,0.026506024096385583
density_scale_change,564,-0.0126506024096385
density_scale_change,565,0.02409638554216864
density_scale_change,566,0.009676204819277001
density_scale_change,567,-0.0018448795180723288
density_scale_change,568,-0.005722891566265098
density_scale_change,569,0.005835843373493965
density_scale_change,570,0.005572289156626442
density_scale_change,571,-0.0016566265060241059
density_scale_change,572,0.023268072289156616
density_scale_change,573,0.008245481927710907
density_scale_change,574,0.004668674698795172
density_scale_change,575,-0.014984939759036142
density_scale_change,576,0.02469879518072282
density_scale_change,577,0.01197289156626502
density_scale_change,578,-0.0009789156626505702
density_scale_change,579,0.001506024096385561
density_scale_change,580,-0.006777108433734913
density_scale_change,581,-0.007756024096385483
density_scale_change,582,0.0025602409638555423
density_scale_change,583,-0.009186746987951744
density_scale_change,584,0.005120481927710863
density_scale_change,585,-0.015888554216867412
density_scale_change,586,0.007831325301204783
density_scale_change,587,0.008810240963855409
density_scale_change,588,-0.0007530120481927804
density_scale_change,589,0.016754518072289115
density_scale_change,590,0.0036897590361446575
density_scale_change,591,-0.008810240963855465
density_scale_change,592,-0.003539156626506057
density_scale_change,593,-0.012500000000000011
density_scale_change,594,0.00832078313253004
density_scale_change,595,0.008621987951807242
density_scale_change,596,-0.0022966867469880192
density_scale_change,597,0.007793674698795217
density_scale_change,598,-0.001618975903614428
density_scale_change,599,3.765060240956686e-05
density_scale_change,600,0.0066265060240964235
density_scale_change,601,0.02228915662650599
density_scale_change,602,-0.013328313253012092
density_scale_change,603,0.0069277108433735135
density_scale_change,604,-0.0018072289156626509
density_scale_change,605,0.007831325301204894
density_scale_change,606,-0.012349397590361522
density_scale_change,607,-0.003915662650602447
density_scale_change,608,0.0017319277108434061
density_scale_change,609,0.0283509036144578
density_scale_change,610,0.016189759036144613
density_scale_change,611,0.007831325301204894
density_scale_change,612,0.012387048192771144
density_scale_change,613,-0.0025225903614458645
density_scale_change,614,-0.011106927710843373
density_scale_change,615,-0.0077936746987951055
density_scale_change,616,0.017206325301204806
density_scale_change,617,0.0247364457831325
density_scale_change,618,-0.005195783132530107
density_scale_change,619,-0.005346385542168597
density_scale_change,620,0.016340361445783103
density_scale_change,621,0.011596385542168686
density_scale_change,622,0.012989457831325324
density_scale_change,623,0.021310240963855365
density_scale_change,624,0.007304216867469959
density_scale_change,625,-0.004856927710843395
density_scale_change,626,0.0060240963855421326
density_scale_change,627,-0.023155120481927693
density_scale_change,628,0.013893072289156705
density_scale_change,629,0.011822289156626531
density_scale_change,630,0.00805722891566274
density_scale_change,631,-0.010918674698795205
density_scale_change,632,0.0010542168674698704
density_scale_change,633,-0.01754518072289163
density_scale_change,634,0.013968373493975839
density_scale_change,635,0.012537650602409633
density_scale_change,636,-0.003237951807228856
density_scale_change,637,0.013102409638554247
density_scale_change,638,0.0002635542168674121
density_scale_change,639,0.002673192771084354
density_scale_change,640,-0.0029367469879517105
density_scale_change,641,-0.018222891566264998
density_scale_change,642,0.008132530120481873
density_scale_change,643,0.010542168674698815
density_scale_change,644,-0.0073795180722891485
density_scale_change,645,0.00896084337349401
density_scale_change,646,0.004932228915662584
density_scale_change,647,0.0030496987951806886
density_scale_change,648,-0.013290662650602414
density_scale_change,649,0.021310240963855365
density_scale_change,650,-0.020218373493975927
density_scale_change,651,-0.014307228915662662
density_scale_change,652,-0.0021460843373494187
density_scale_change,653,0.009751506024096468
density_scale_change,654,0.016114457831325257
density_scale_change,655,0.016001506024096335
density_scale_change,656,0.014156626506024117
density_scale_change,657,-0.0038403614457830915
density_scale_change,658,-0.008923192771084332
density_scale_change,659,0.014231927710843362
density_scale_change,660,0.008433734939759074
density_scale_change,661,-0.009412650602409645
density_scale_change,662,-0.012198795180722921
density_scale_change,663,-0.001618975903614428
density_scale_change,664,-0.004593373493975816
density_scale_change,665,0.0063629518072289
density_scale_change,666,0.0054593373493976305
density_scale_change,667,0.006249999999999978
density_scale_change,668,0.008358433734939719
density_scale_change,669,0.0010165662650603036
density_scale_change,670,0.01076807228915666
density_scale_change,671,-0.015813253012048167
density_scale_change,672,-0.004141566265060237
density_scale_change,673,0.0025225903614457534
density_scale_change,674,-0.003124999999999989
density_scale_change,675,-0.002259036144578286
density_scale_change,676,-0.0075301204819276935
density_scale_change,677,-0.0059111445783132655
density_scale_change,678,0.013780120481927671
density_scale_change,679,0.0036897590361445465
density_scale_change,680,0.0037650602409639022
density_scale_change,681,-0.017243975903614428
density_scale_change,682,0.011106927710843428
density_scale_change,683,-0.0015813253012048611
density_scale_change,684,0.013478915662650692
density_scale_change,685,0.011746987951807286
density_scale_change,686,0.0010918674698795483
density_scale_change,687,0.006588855421686746
density_scale_change,688,0.0010165662650601925
density_scale_change,689,-0.00120481927710836
density_scale_change,690,0.00060240963855418
density_scale_change,691,0.006250000000000089
density_scale_change,692,-0.002259036144578286
density_scale_change,693,0.005384036144578275
density_scale_change,694,0.005384036144578386
density_scale_change,695,0.0006400602409638578
density_scale_change,696,0.007793674698795217
density_scale_change,697,0.005685240963855476
density_scale_change,698,-0.007153614457831303
density_scale_change,699,0.006287650602409545
density_scale_change,700,-0.01302710843373489
density_scale_change,701,0.016302710843373425
density_scale_change,702,0.012123493975903621
density_scale_change,703,-0.012575301204819311
density_scale_change,704,-0.016415662650602403
density_scale_change,705,0.011332831325301274
density_scale_change,706,-0.0034638554216867568
density_scale_change,707,0.004254518072289271
density_scale_change,708,0.018109939759036187
density_scale_change,709,0.00820783132530123
density_scale_change,710,0.007191265060240926
density_scale_change,711,0.0024472891566265087
density_scale_change,712,0.01227409638554211
density_scale_change,713,0.0006777108433734247
density_scale_change,714,0.017545180722891573
density_scale_change,715,0.009073795180722821
density_scale_change,716,0.006777108433734913
density_scale_change,717,-0.03125
density_scale_change,718,0.016942771084337394
density_scale_change,719,0.0063629518072289
density_scale_change,720,-0.004518072289156627
density_scale_change,721,0.011408132530120518
density_scale_change,722,-0.014984939759036198
density_scale_change,723,0.0019954819277109292
density_scale_change,724,0.021874999999999978
density_scale_change,725,0.016340361445783214
density_scale_change,726,-0.01950301204819266
density_scale_change,727,0.005948795180722888
density_scale_change,728,-0.006137048192771166
density_scale_change,729,0.04213102409638558
density_scale_change,730,-0.014081325301204872
density_scale_change,731,-0.00022590361445790075
density_scale_change,732,-0.007341867469879526
density_scale_change,733,0.0019201807228915735
density_scale_change,734,0.015210843373493876
density_scale_change,735,-0.003539156626506057
density_scale_change,736,0.01321536144578317
density_scale_change,737,0.014081325301204872
density_scale_change,738,0.009638554216867434
density_scale_change,739,0.0003765060240963347
density_scale_change,740,-0.013403614457831281
density_scale_change,741,0.00018825301204816736
density_scale_change,742,-0.006024096385542188
density_scale_change,743,0.014759036144578297
density_scale_change,744,0.017093373493975883
density_scale_change,745,0.01532379518072291
density_scale_change,746,0.0021460843373494187
density_scale_change,747,0.0003765060240963347
density_scale_change,748,0.0033885542168674565
density_scale_change,749,0.022966867469879526
density_scale_change,750,-0.02944277108433735
density_scale_change,751,0.0039909638554216365
density_scale_change,752,-0.007756024096385594
density_scale_change,753,0.010015060240963769
density_scale_change,754,0.004593373493975927
density_scale_change,755,-0.015737951807228923
density_scale_change,756,0.002974397590361444
density_scale_change,757,0.0042921686746988374
density_scale_change,758,0.007793674698795217
density_scale_change,759,0.005271084337349352
density_scale_change,760,0.010391566265060215
density_scale_change,761,0.0034262048192770234
density_scale_change,762,0.011182228915662673
density_scale_change,763,-0.005572289156626498
density_scale_change,764,0.02503765060240959
density_scale_change,765,-0.008283132530120474
density_scale_change,766,-0.010993975903614561
density_scale_change,767,0.02014307228915657
density_scale_change,768,0.015737951807228923
density_scale_change,769,0.025564759036144635
density_scale_change,770,-0.023493975903614517
density_scale_change,771,0.0063629518072289
density_scale_change,772,0.02247740963855427
density_scale_change,773,-0.0050075301204819955
density_scale_change,774,-0.007680722891566294
density_scale_change,775,-0.00030120481927709
density_scale_change,776,0.0019954819277108182
density_scale_change,777,0.0019578313253012514
density_scale_change,778,0.015210843373493987
density_scale_change,779,0.010240963855421725
density_scale_change,780,-0.0015813253012048611
density_scale_change,781,-0.01524849397590361
density_scale_change,782,-0.01129518072289154
density_scale_change,783,0.0033132530120482118
density_scale_change,784,0.0060240963855421326
density_scale_change,785,0.006438253012048145
density_scale_change,786,-0.004819277108433717
density_scale_change,787,-0.0069277108433735135
density_scale_change,788,0.0028614457831325213
density_scale_change,789,0.016302710843373425
density_scale_change,790,0.020707831325301185
density_scale_change,791,0.006400602409638578
density_scale_change,792,0.009751506024096468
density_scale_change,793,0.00896084337349401
density_scale_change,794,0.0018825301204818956
density_scale_change,795,0.000301204819277201
density_scale_change,796,0.028463855421686834
density_scale_change,797,-0.0004518072289156905
density_scale_change,798,0.02123493975903612
density_scale_change,799,0.004179216867469804
density_scale_change,800,0.006475903614457823
density_scale_change,801,-0.0027108433734939763
density_scale_change,802,0.016603915662650515
density_scale_change,803,-0.0034638554216867568
density_scale_change,804,0.012838855421686723
density_scale_change,805,0.02929216867469875
density_scale_change,806,-0.011935240963855454
density_scale_change,807,0.013027108433735002
density_scale_change,808,0.02398343373493972
density_scale_change,809,-0.010391566265060215
density_scale_change,810,-0.01942771084337347
density_scale_change,811,-0.009525602409638512
density_scale_change,812,0.017093373493975883
density_scale_change,813,0.004969879518072262
density_scale_change,814,-0.0006400602409638578
density_scale_change,815,0.016415662650602347
density_scale_change,816,0.007492469879518127
density_scale_change,817,0.0006777108433735357
density_scale_change,818,0.009487951807228834
density_scale_change,819,-0.01784638554216872
density_scale_change,820,-0.002334337349397586
density_scale_change,821,0.002334337349397586
density_scale_change,822,-0.0014683734939759385
density_scale_change,823,-0.01396837349397595
density_scale_change,824,0.008245481927710907
density_scale_change,825,0.016603915662650515
density_scale_change,826,7.530120481924474e-05
density_scale_change,827,-0.006588855421686746
density_scale_change,828,0.0013930722891565273
density_scale_change,829,0.002635542168674676
density_scale_change,830,0.012349397590361355
density_scale_change,831,0.002936746987951766
density_scale_change,832,0.0005271084337349352
density_scale_change,833,0.002108433734939741
density_scale_change,834,0.004819277108433773
density_scale_change,835,-0.016415662650602403
density_scale_change,836,0.0024849397590361866
density_scale_change,837,0.0054593373493976305
density_scale_change,838,-0.008132530120481873
density_scale_change,839,0.0005647590361446131
density_scale_change,840,0.007191265060241037
density_scale_change,841,0.021423192771084287
density_scale_change,842,-0.0005647590361445576
density_scale_change,843,0.002673192771084354
density_scale_change,844,-0.008885542168674654
density_scale_change,845,-0.009563253012048245
density_scale_change,846,0.005195783132530218
density_scale_change,847,0.007040662650602436
density_scale_change,848,0.0019954819277108182
density_scale_change,849,-0.007266566265060337
density_scale_change,850,-0.010993975903614561
density_scale_change,851,0.011709337349397608
density_scale_change,852,0.02669427710843375
density_scale_change,853,0.021799698795180733
density_scale_change,854,0.004367469879518082
density_scale_change,855,0.0051581325301204295
density_scale_change,856,0.013554216867469826
density_scale_change,857,0.0042921686746988374
density_scale_change,858,0.0008659638554217031
density_scale_change,859,0.016942771084337394
density_scale_change,860,-0.009036144578313254
density_scale_change,861,0.013855421686746916
density_scale_change,862,-0.002560240963855487
density_scale_change,863,0.016792168674698793
density_scale_change,864,0.01302710843373489
density_scale_change,865,0.034638554216867457
density_scale_change,866,0.0069277108433735135
density_scale_change,867,-0.02326807228915667
density_scale_change,868,-0.0027861445783132766
density_scale_change,869,0.0051581325301205405
density_scale_change,870,-0.004743975903614528
density_scale_change,871,0.03576807228915657
density_scale_change,872,-0.0075301204819276935
density_scale_change,873,0.00820783132530123
density_scale_change,874,0.002597891566265109
density_scale_change,875,-0.010391566265060215
density_scale_change,876,-0.004781626506024095
density_scale_change,877,-0.01829819277108441
density_scale_change,878,-0.007454819277108393
density_scale_change,879,0.008546686746987997
density_scale_change,880,-0.004028614457831259
density_scale_change,881,0.006438253012048145
density_scale_change,882,-0.006400602409638578
density_scale_change,883,0.00971385542168679
density_scale_change,884,-0.0030120481927710663
density_scale_change,885,-0.002409638554216831
density_scale_change,886,0.00045180722891557945
density_scale_change,887,0.0012801204819277157
density_scale_change,888,-0.006061746987951755
density_scale_change,889,0.0028614457831325213
density_scale_change,890,-0.0029743975903614994
density_scale_change,891,0.0024849397590360756
density_scale_change,892,0.005421686746987953
density_scale_change,893,-0.018750000000000044
density_scale_change,894,-0.009939759036144635
density_scale_change,895,0.009412650602409589
density_scale_change,896,0.015625
density_scale_change,897,0.029668674698795194
density_scale_change,898,0.016265060240963858
density_scale_change,899,-0.0037274096385542244
density_scale_change,900,0.00805722891566274
density_scale_change,901,-0.009487951807228945
density_scale_change,902,-0.006739457831325346
density_scale_change,903,-0.013930722891566272
density_scale_change,904,0.012500000000000067
density_scale_change,905,0.003840361445783036
density_scale_change,906,-0.0012801204819277712
density_scale_change,907,0.002899096385542199
density_scale_change,908,-0.017658132530120496
density_scale_change,909,0.007379518072289093
density_scale_change,910,-0.0015436746987951278
density_scale_change,911,0.015286144578313232
density_scale_change,912,-0.010165662650602425
density_scale_change,913,-0.001317771084337338
density_scale_change,914,-0.005798192771084398
density_scale_change,915,-0.012763554216867479
density_scale_change,916,0.005308734939759141
density_scale_change,917,-0.0008283132530120807
density_scale_change,918,0.014006024096385516
density_scale_change,919,0.016754518072289115
density_scale_change,920,0.029969879518072284
density_scale_change,921,0.017921686746987908
density_scale_change,922,0.002371987951807264
density_scale_change,923,-0.007115963855421736
density_scale_change,924,0.014382530120481962
density_scale_change,925,0.013177710843373491
density_scale_change,926,-0.0007906626506024028
density_scale_change,927,0.011106927710843428
density_scale_change,928,0.008245481927710907
density_scale_change,929,-0.0011295180722891707
density_scale_change,930,-0.002899096385542088
density_scale_change,931,-0.003840361445783147
density_scale_change,932,0.01242469879518071
density_scale_change,933,-0.007756024096385483
density_scale_change,934,0.005496987951807308
density_scale_change,935,0.003539156626506057
density_scale_change,936,0.013441265060241014
density_scale_change,937,-0.0126506024096385
density_scale_change,938,0.010090361445783236
density_scale_change,939,-0.006852409638554213
density_scale_change,940,0.00805722891566274
density_scale_change,941,-0.007605421686746938
density_scale_change,942,-0.007605421686746994
density_scale_change,943,-0.021009036144578386
density_scale_change,944,0.006137048192771166
density_scale_change,945,-0.002484939759036131
density_scale_change,946,-0.03057228915662652
density_scale_change,947,0.017921686746987908
density_scale_change,948,0.00022590361445784524
density_scale_change,949,0.0039909638554216365
density_scale_change,950,0.0157756024096386
density_scale_change,951,-0.004367469879518027
density_scale_change,952,0.013441265060240903
density_scale_change,953,0.00820783132530123
density_scale_change,954,0.02808734939759039
density_scale_change,955,-0.004743975903614417
density_scale_change,956,-0.010843373493975794
density_scale_change,957,-0.002108433734939741
density_scale_change,958,0.008132530120481873
density_scale_change,959,0.0063253012048192225
density_scale_change,960,-0.006739457831325346
density_scale_change,961,0.004668674698795172
density_scale_change,962,0.000903614457831381
density_scale_change,963,0.0066265060240963125
density_scale_change,964,0.017808734939759097
density_scale_change,965,0.012763554216867479
density_scale_change,966,-0.0021837349397590966
density_scale_change,967,0.007304216867469959
density_scale_change,968,-0.0001506024096386005
density_scale_change,969,-0.008734939759036164
density_scale_change,970,-0.0027108433734939763
density_scale_change,971,0.026882530120481918
density_scale_change,972,0.004367469879518082
density_scale_change,973,-0.01814759036144581
density_scale_change,974,0.006852409638554269
density_scale_change,975,-0.01630271084337348
density_scale_change,976,0.00045180722891557945
density_scale_change,977,0.003012048192771122
density_scale_change,978,0.00425451807228916
density_scale_change,979,0.0018825301204818956
density_scale_change,980,0.007680722891566183
density_scale_change,981,-0.0030496987951806886
density_scale_change,982,0.016603915662650515
density_scale_change,983,-0.0031626506024096113
density_scale_change,984,0.015888554216867523
density_scale_change,985,-0.01144578313253014
density_scale_change,986,0.018787650602409722
density_scale_change,987,0.012010542168674698
density_scale_change,988,-0.011257530120481973
density_scale_change,989,0.006174698795180733
density_scale_change,990,-0.007040662650602492
density_scale_change,991,0.013667168674698749
density_scale_change,992,-0.01615210843373499
density_scale_change,993,0.018448795180722843
density_scale_change,994,-0.015737951807228923
density_scale_change,995,-0.012575301204819311
density_scale_change,996,0.008396084337349397
density_scale_change,997,-0.008433734939758963
density_scale_change,998,-0.00120481927710836
density_scale_change,999,0.007944277108433706
density_scale_change,1000,0.015323795180722799
density_scale_change,1001,-0.0006777108433734802
density_scale_change,1002,0.018787650602409722
density_scale_change,1003,0.01137048192771084
density_scale_change,1004,-0.0005647590361445576
density_scale_change,1005,0.008810240963855409
density_scale_change,1006,-0.040888554216867434
density_scale_change,1007,0.015813253012048167
density_scale_change,1008,0.0011295180722891152
density_scale_change,1009,0.0072289156626506035
density_scale_change,1010,-0.0013930722891565828
density_scale_change,1011,0.019954819277108404
density_scale_change,1012,-0.01690512048192777
density_scale_change,1013,0.004819277108433773
density_scale_change,1014,0.010504518072289137
density_scale_change,1015,-0.00432981927710846
density_scale_change,1016,0.007868975903614461
density_scale_change,1017,0.009186746987951855
density_scale_change,1018,0.0036897590361446575
density_scale_change,1019,0.010391566265060215
density_scale_change,1020,-0.009073795180722877
density_scale_change,1021,0.02304216867469877
density_scale_change,1022,0.018749999999999933
density_scale_change,1023,0.0002635542168675231
density_scale_change,1024,-0.0011295180722891707
density_scale_change,1025,0.028350903614457912
density_scale_change,1026,0.014307228915662606
density_scale_change,1027,0.007417168674698771
density_scale_change,1028,0.0024472891566265087
density_scale_change,1029,0.015286144578313232
density_scale_change,1030,-0.004894578313253017
density_scale_change,1031,0.008734939759036164
density_scale_change,1032,-0.003840361445783147
density_scale_change,1033,0.008546686746987997
density_scale_change,1034,0.010617469879518171
density_scale_change,1035,0.008019578313253062
density_scale_change,1036,0.0008659638554217031
density_scale_change,1037,0.0
density_scale_change,1038,0.013478915662650692
density_scale_change,1039,-0.011106927710843373
density_scale_change,1040,0.006701807228915668
density_scale_change,1041,-0.004141566265060237
density_scale_change,1042,-0.01867469879518069
density_scale_change,1043,0.021912650602409545
density_scale_change,1044,-0.01381777108433746
density_scale_change,1045,0.01882530120481929
density_scale_change,1046,0.02974397590361444
density_scale_change,1047,-0.0008659638554217586
density_scale_change,1048,0.0017319277108432951
density_scale_change,1049,0.004894578313253017
density_scale_change,1050,-0.010203313253011992
density_scale_change,1051,-0.002108433734939741
density_scale_change,1052,0.0008659638554217031
density_scale_change,1053,-0.009262048192771044
density_scale_change,1054,-0.009638554216867545
density_scale_change,1055,-0.0019578313253011403
density_scale_change,1056,0.007379518072289093
density_scale_change,1057,-0.0020707831325301185
density_scale_change,1058,-0.01129518072289154
density_scale_change,1059,0.005647590361445798
density_scale_change,1060,0.006739457831325346
density_scale_change,1061,0.010843373493975905
density_scale_change,1062,0.006475903614457823
density_scale_change,1063,-0.026129518072289193
density_scale_change,1064,0.0021460843373493077
density_scale_change,1065,-7.530120481918923e-05
density_scale_change,1066,-0.006739457831325346
density_scale_change,1067,0.0037274096385542244
density_scale_change,1068,-0.013365963855421714
density_scale_change,1069,-0.005421686746988008
density_scale_change,1070,-0.01129518072289154
density_scale_change,1071,-0.0005271084337349907
density_scale_change,1072,-0.010052710843373447
density_scale_change,1073,0.015625
density_scale_change,1074,-0.008207831325301285
density_scale_change,1075,0.009412650602409589
density_scale_change,1076,0.0037274096385541133
density_scale_change,1077,0.017808734939759097
density_scale_change,1078,0.007153614457831359
density_scale_change,1079,-0.0003765060240963902
density_scale_change,1080,0.003275602409638534
density_scale_change,1081,0.001807228915662762
density_scale_change,1082,-0.008509036144578264
density_scale_change,1083,-0.006664156626505935
density_scale_change,1084,0.013554216867469826
density_scale_change,1085,0.005948795180722777
density_scale_change,1086,-0.008998493975903632
density_scale_change,1087,-0.003915662650602336
density_scale_change,1088,0.0031626506024097223
density_scale_change,1089,0.0016189759036144835
density_scale_change,1090,0.017658132530120385
density_scale_change,1091,-0.010165662650602425
density_scale_change,1092,0.005798192771084287
density_scale_change,1093,0.025978915662650648
density_scale_change,1094,-0.01321536144578317
density_scale_change,1095,-0.007680722891566294
density_scale_change,1096,-0.003727409638554169
density_scale_change,1097,0.02307981927710845
density_scale_change,1098,0.009111445783132499
density_scale_change,1099,0.0031249999999999334
density_scale_change,1100,0.0039909638554216365
density_scale_change,1101,-0.008396084337349452
density_scale_change,1102,-0.006024096385542188
density_scale_change,1103,-0.0039909638554217475
density_scale_change,1104,-0.002597891566265109
density_scale_change,1105,0.009939759036144635
density_scale_change,1106,0.0092620481927711
density_scale_change,1107,0.006137048192771166
density_scale_change,1108,0.009939759036144635
density_scale_change,1109,0.012161144578313299
density_scale_change,1110,0.009073795180722821
density_scale_change,1111,0.0005647590361445021
density_scale_change,1112,-0.010203313253011992
density_scale_change,1113,0.000903614457831381
density_scale_change,1114,0.0005647590361446131
density_scale_change,1115,-0.004668674698795228
density_scale_change,1116,0.020557228915662695
density_scale_change,1117,0.005120481927710863
density_scale_change,1118,-0.010504518072289193
density_scale_change,1119,0.021197289156626553
density_scale_change,1120,0.0
density_scale_change,1121,0.005873493975903532
density_scale_change,1122,-0.021912650602409656
density_scale_change,1123,0.01927710843373487
density_scale_change,1124,-0.01204819277108432
density_scale_change,1125,0.017733433734939852
density_scale_change,1126,-0.004969879518072207
density_scale_change,1127,0.005271084337349352
density_scale_change,1128,-0.00060240963855418
density_scale_change,1129,0.005948795180722888
density_scale_change,1130,0.022665662650602436
density_scale_change,1131,-0.012311746987951844
density_scale_change,1132,-0.006664156626505935
density_scale_change,1133,-0.015512048192771077
density_scale_change,1134,-0.009073795180722877
density_scale_change,1135,0.005271084337349352
density_scale_change,1136,-0.005722891566265098
density_scale_change,1137,-0.012688253012048123
density_scale_change,1138,0.0008283132530120252
density_scale_change,1139,-0.0030496987951806886
density_scale_change,1140,0.027560240963855454
density_scale_change,1141,-0.004969879518072318
density_scale_change,1142,0.011445783132530196
density_scale_change,1143,0.005271084337349352
density_scale_change,1144,0.02274096385542168
density_scale_change,1145,-0.022100903614457823
density_scale_change,1146,0.0008283132530120252
density_scale_change,1147,-0.009036144578313254
density_scale_change,1148,-0.001317771084337338
density_scale_change,1149,0.00410391566265067
density_scale_change,1150,-0.008885542168674654
density_scale_change,1151,-0.008094879518072307
density_scale_change,1152,-0.016265060240963802
density_scale_change,1153,-0.016415662650602403
density_scale_change,1154,-0.0030496987951806886
density_scale_change,1155,0.007003012048192758
density_scale_change,1156,-0.00971385542168679
density_scale_change,1157,0.011897590361445776
density_scale_change,1158,0.007454819277108449
density_scale_change,1159,0.019465361445783147
density_scale_change,1160,0.008697289156626486
density_scale_change,1161,7.530120481924474e-05
density_scale_change,1162,0.006287650602409545
density_scale_change,1163,0.006438253012048145
density_scale_change,1164,0.000903614457831381
density_scale_change,1165,0.011521084337349441
density_scale_change,1166,0.010542168674698815
density_scale_change,1167,0.005271084337349352
density_scale_change,1168,0.004028614457831203
density_scale_change,1169,-7.530120481918923e-05
density_scale_change,1170,0.0027484939759037097
density_scale_change,1171,0.004593373493975927
density_scale_change,1172,-0.01344126506024107
density_scale_change,1173,0.005722891566265043
density_scale_change,1174,0.0018072289156626509
density_scale_change,1175,0.005271084337349352
density_scale_change,1176,0.003200301204819289
density_scale_change,1177,-0.004066265060240937
density_scale_change,1178,-0.002484939759036131
density_scale_change,1179,0.0016566265060241614
density_scale_change,1180,-0.005120481927710807
density_scale_change,1181,-0.01987951807228905
density_scale_change,1182,0.0072289156626504925
density_scale_change,1183,-0.0008283132530119697
density_scale_change,1184,0.0008283132530120252
density_scale_change,1185,0.014006024096385516
density_scale_change,1186,0.017432228915662762
density_scale_change,1187,0.016039156626506013
density_scale_change,1188,0.0063629518072289
density_scale_change,1189,0.015813253012048167
density_scale_change,1190,-0.001204819277108471
density_scale_change,1191,0.0012801204819276046
density_scale_change,1192,-0.013441265060240903
density_scale_change,1193,0.01671686746987955
density_scale_change,1194,0.019954819277108404
density_scale_change,1195,-0.010805722891566172
density_scale_change,1196,-0.013742469879518049
density_scale_change,1197,-0.01009036144578318
density_scale_change,1198,-0.007304216867469848
density_scale_change,1199,-0.004216867469879426
density_scale_change,1200,-0.00030120481927709
density_scale_change,1201,-0.017771084337349308
density_scale_change,1202,-0.0030873493975903665
density_scale_change,1203,0.011746987951807286
density_scale_change,1204,-0.006626506024096368
density_scale_change,1205,-0.009111445783132444
density_scale_change,1206,-0.005798192771084398
density_scale_change,1207,0.007718373493975861
density_scale_change,1208,0.004894578313253017
density_scale_change,1209,-0.023305722891566294
density_scale_change,1210,0.01137048192771084
density_scale_change,1211,0.0039909638554216365
density_scale_change,1212,-0.007040662650602436
density_scale_change,1213,0.006099397590361377
density_scale_change,1214,0.011219879518072351
density_scale_change,1215,-0.009525602409638623
density_scale_change,1216,0.007981927710843384
density_scale_change,1217,-0.0075301204819276935
density_scale_change,1218,0.0027484939759035987
density_scale_change,1219,0.006701807228915779
density_scale_change,1220,0.007379518072289093
density_scale_change,1221,-0.007417168674698826
density_scale_change,1222,-0.0004894578313252573
density_scale_change,1223,0.0009789156626505147
density_scale_change,1224,0.01152108433734933
density_scale_change,1225,-0.0001506024096386005
density_scale_change,1226,0.0004518072289156905
density_scale_change,1227,-0.019503012048192825
density_scale_change,1228,-0.007454819277108504
density_scale_change,1229,0.018298192771084354
density_scale_change,1230,0.026581325301204828
density_scale_change,1231,-0.008659638554216864
density_scale_change,1232,-0.018561746987951766
density_scale_change,1233,0.002296686746987908
density_scale_change,1234,0.007003012048192758
density_scale_change,1235,0.01197289156626502
density_scale_change,1236,0.004932228915662584
density_scale_change,1237,-0.008584337349397564
density_scale_change,1238,0.010692771084337416
density_scale_change,1239,-0.015135542168674798
density_scale_change,1240,0.024171686746987997
density_scale_change,1241,-0.006400602409638578
density_scale_change,1242,0.015436746987951833
density_scale_change,1243,0.03275602409638556
density_scale_change,1244,0.002899096385542088
density_scale_change,1245,0.014457831325301207
density_scale_change,1246,-0.005572289156626553
density_scale_change,1247,-0.01743222891566265
density_scale_change,1248,-0.02040662650602404
density_scale_change,1249,-0.002710843373493921
density_scale_change,1250,0.015512048192771077
density_scale_change,1251,0.012198795180722977
density_scale_change,1252,-0.010278614457831292
density_scale_change,1253,-0.002296686746987908
density_scale_change,1254,0.00790662650602414
density_scale_change,1255,0.0036521084337349796
density_scale_change,1256,-0.004781626506024039
density_scale_change,1257,0.0016566265060241614
density_scale_change,1258,0.003501506024096379
density_scale_change,1259,0.013253012048192736
density_scale_change,1260,-0.020444277108433828
density_scale_change,1261,0.015060240963855387
density_scale_change,1262,-0.020143072289156627
density_scale_change,1263,0.005271084337349352
density_scale_change,1264,0.010090361445783236
density_scale_change,1265,-0.0024472891566265087
density_scale_change,1266,-0.001317771084337338
density_scale_change,1267,0.012876506024096401
density_scale_change,1268,0.01091867469879515
density_scale_change,1269,-0.012951807228915702
density_scale_change,1270,0.003237951807228856
density_scale_change,1271,-0.002936746987951766
density_scale_change,1272,-0.004028614457831259
density_scale_change,1273,-0.002522590361445809
density_scale_change,1274,0.012500000000000067
density_scale_change,1275,-0.00432981927710846
density_scale_change,1276,0.0005647590361446131
density_scale_change,1277,0.00011295180722903364
density_scale_change,1278,0.009638554216867545
density_scale_change,1279,0.00350150602409649
density_scale_change,1280,0.015361445783132477
density_scale_change,1281,0.006475903614457823
density_scale_change,1282,-0.0021460843373494187
density_scale_change,1283,0.016114457831325257
density_scale_change,1284,0.030271084337349374
density_scale_change,1285,0.010692771084337416
density_scale_change,1286,0.005120481927710863
density_scale_change,1287,0.025602409638554202
density_scale_change,1288,0.0034262048192770234
density_scale_change,1289,0.0016189759036144835
density_scale_change,1290,-0.004743975903614417
density_scale_change,1291,-0.009789156626506035
density_scale_change,1292,0.008433734939759074
density_scale_change,1293,0.021310240963855365
density_scale_change,1294,-0.011031626506024073
density_scale_change,1295,0.003237951807228856
density_scale_change,1296,0.005346385542168597
density_scale_change,1297,0.012989457831325324
density_scale_change,1298,-0.0019954819277108182
density_scale_change,1299,-0.0005271084337349907
density_scale_change,1300,0.0018825301204818956
density_scale_change,1301,0.0060240963855421326
density_scale_change,1302,0.002334337349397586
density_scale_change,1303,0.008734939759036053
density_scale_change,1304,0.02243975903614459
density_scale_change,1305,-0.003539156626506057
density_scale_change,1306,0.014006024096385516
density_scale_change,1307,0.009073795180722821
density_scale_change,1308,0.00986445783132528
density_scale_change,1309,0.007191265060240926
density_scale_change,1310,-0.003087349397590311
density_scale_change,1311,-0.004216867469879537
density_scale_change,1312,0.005082831325301185
density_scale_change,1313,0.002070783132530174
density_scale_change,1314,-0.0006400602409638578
density_scale_change,1315,0.008433734939759074
density_scale_change,1316,0.004518072289156572
density_scale_change,1317,-0.0008283132530120807
density_scale_change,1318,-0.008734939759036053
density_scale_change,1319,0.022703313253012114
density_scale_change,1320,-0.008509036144578264
density_scale_change,1321,-0.01302710843373489
density_scale_change,1322,-0.028012048192771144
density_scale_change,1323,0.001807228915662762
density_scale_change,1324,0.015210843373493987
density_scale_change,1325,0.008132530120481873
density_scale_change,1326,-0.002899096385542088
density_scale_change,1327,0.002070783132530174
density_scale_change,1328,-0.01129518072289154
density_scale_change,1329,-0.002183734939759041
density_scale_change,1330,-0.005948795180722943
density_scale_change,1331,-0.014081325301204761
density_scale_change,1332,-0.004593373493975816
density_scale_change,1333,-0.008885542168674765
density_scale_change,1334,-0.0072289156626506035
density_scale_change,1335,0.00896084337349401
density_scale_change,1336,-0.004141566265060237
density_scale_change,1337,-0.005120481927710807
density_scale_change,1338,0.010655120481927627
density_scale_change,1339,0.013554216867469826
density_scale_change,1340,0.010579819277108382
density_scale_change,1341,-0.003727409638554169
density_scale_change,1342,0.008697289156626598
density_scale_change,1343,-0.007756024096385483
density_scale_change,1344,-0.004743975903614417
density_scale_change,1345,0.010993975903614506
density_scale_change,1346,0.014721385542168619
density_scale_change,1347,-0.004254518072289215
density_scale_change,1348,0.005948795180722888
density_scale_change,1349,-0.023192771084337316
density_scale_change,1350,0.003275602409638534
density_scale_change,1351,-0.009262048192771044
density_scale_change,1352,0.002710843373494032
density_scale_change,1353,0.00395331325301207
density_scale_change,1354,0.004179216867469915
density_scale_change,1355,3.765060240956686e-05
density_scale_change,1356,0.0033885542168674565
density_scale_change,1357,-0.0001506024096386005
density_scale_change,1358,0.007643072289156616
density_scale_change,1359,0.02183734939759041
density_scale_change,1360,0.01912650602409638
density_scale_change,1361,-0.008283132530120474
density_scale_change,1362,-0.009186746987951855
density_scale_change,1363,0.0017319277108432951
density_scale_change,1364,-0.005459337349397575
density_scale_change,1365,0.013855421686747027
density_scale_change,1366,0.0039909638554216365
density_scale_change,1367,0.003012048192771122
density_scale_change,1368,0.016302710843373425
density_scale_change,1369,0.013102409638554247
density_scale_change,1370,0.006852409638554269
density_scale_change,1371,0.001468373493975883
density_scale_change,1372,-0.01487198795180722
density_scale_change,1373,-0.006551204819277123
density_scale_change,1374,0.019239457831325302
density_scale_change,1375,0.004216867469879593
density_scale_change,1376,0.01212349397590351
density_scale_change,1377,0.001204819277108471
density_scale_change,1378,0.00820783132530123
density_scale_change,1379,-0.001957831325301196
density_scale_change,1380,-0.006890060240963836
density_scale_change,1381,0.010993975903614395
density_scale_change,1382,0.003539156626505946
density_scale_change,1383,-0.0075301204819276935
density_scale_change,1384,0.00060240963855418
density_scale_change,1385,-0.008847891566265087
density_scale_change,1386,-0.0009412650602409478
density_scale_change,1387,0.023268072289156616
density_scale_change,1388,-0.0015436746987952388
density_scale_change,1389,0.0012801204819277157
density_scale_change,1390,-0.02872740963855419
density_scale_change,1391,0.0019578313253011403
density_scale_change,1392,0.0005271084337349352
density_scale_change,1393,0.004668674698795172
density_scale_change,1394,0.007793674698795217
density_scale_change,1395,0.004442771084337327
density_scale_change,1396,-0.01709337349397594
density_scale_change,1397,0.00022590361445784524
density_scale_change,1398,0.01152108433734933
density_scale_change,1399,-0.01106927710843375
density_scale_change,1400,0.00820783132530123
density_scale_change,1401,0.00850903614457832
density_scale_change,1402,0.0022213855421686635
density_scale_change,1403,-0.0036897590361445465
density_scale_change,1404,-0.004141566265060237
density_scale_change,1405,-0.0012424698795181488
density_scale_change,1406,0.002409638554216942
density_scale_change,1407,0.011746987951807286
density_scale_change,1408,0.0027484939759037097
density_scale_change,1409,-0.004743975903614528
density_scale_change,1410,-0.005158132530120485
density_scale_change,1411,0.008132530120481873
density_scale_change,1412,-0.005647590361445798
density_scale_change,1413,0.012500000000000067
density_scale_change,1414,0.009375000000000022
density_scale_change,1415,0.011408132530120518
density_scale_change,1416,0.0063629518072289
density_scale_change,1417,0.0018825301204818956
density_scale_change,1418,-0.0076807228915662384
density_scale_change,1419,0.01667921686746987
density_scale_change,1420,0.0125753012048192
density_scale_change,1421,0.01332831325301198
density_scale_change,1422,0.012311746987951788
density_scale_change,1423,0.005082831325301185
density_scale_change,1424,0.0001506024096386005
density_scale_change,1425,0.004179216867469915
density_scale_change,1426,0.017771084337349308
density_scale_change,1427,-0.005722891566264987
density_scale_change,1428,0.012123493975903621
density_scale_change,1429,0.007868975903614461
density_scale_change,1430,0.01773343373493974
density_scale_change,1431,0.003915662650602392
density_scale_change,1432,-0.0006777108433735357
density_scale_change,1433,0.011219879518072351
density_scale_change,1434,-0.010203313253011992
density_scale_change,1435,0.013064759036144458
density_scale_change,1436,0.022063253012048256
density_scale_change,1437,0.006137048192771055
density_scale_change,1438,-0.0021460843373493077
density_scale_change,1439,-0.016039156626506013
density_scale_change,1440,-0.00060240963855418
density_scale_change,1441,0.006701807228915557
density_scale_change,1442,0.0033885542168674565
density_scale_change,1443,0.01457078313253013
density_scale_change,1444,0.00850903614457832
density_scale_change,1445,-0.014006024096385461
density_scale_change,1446,-0.005045180722891618
density_scale_change,1447,-0.02989457831325304
density_scale_change,1448,-0.005986445783132566
density_scale_change,1449,0.00350150602409649
density_scale_change,1450,0.0027484939759035987
density_scale_change,1451,0.02454819277108433
density_scale_change,1452,-0.011935240963855342
density_scale_change,1453,-0.005534638554216875
density_scale_change,1454,-0.009864457831325335
density_scale_change,1455,-0.013253012048192792
density_scale_change,1456,0.01197289156626491
density_scale_change,1457,-0.021686746987951755
density_scale_change,1458,0.01227409638554211
density_scale_change,1459,0.002635542168674676
density_scale_change,1460,-0.0012801204819276601
density_scale_change,1461,0.006475903614457712
density_scale_change,1462,-0.011521084337349385
density_scale_change,1463,0.007981927710843273
density_scale_change,1464,-0.0008283132530119697
density_scale_change,1465,-0.002484939759036131
density_scale_change,1466,0.0054593373493976305
density_scale_change,1467,-0.006814759036144535
density_scale_change,1468,-0.002635542168674676
density_scale_change,1469,-0.020783132530120485
density_scale_change,1470,-0.009977409638554313
density_scale_change,1471,0.01487198795180722
density_scale_change,1472,-0.009939759036144635
density_scale_change,1473,0.000903614457831381
density_scale_change,1474,0.011031626506024184
density_scale_change,1475,-0.0025602409638554313
density_scale_change,1476,-0.00022590361445778973
density_scale_change,1477,-0.004894578313253017
density_scale_change,1478,-0.0008283132530119697
density_scale_change,1479,-0.009487951807229
density_scale_change,1480,0.01061746987951806
density_scale_change,1481,-0.011746987951807175
density_scale_change,1482,0.010240963855421725
density_scale_change,1483,0.017319277108433728
density_scale_change,1484,-0.005948795180722943
density_scale_change,1485,-0.01389307228915665
density_scale_change,1486,0.000903614457831381
density_scale_change,1487,0.004781626506024095
density_scale_change,1488,-0.003915662650602447
density_scale_change,1489,0.011483433734939763
density_scale_change,1490,0.003501506024096379
density_scale_change,1491,0.0075301204819276935
density_scale_change,1492,-0.025188253012048245
density_scale_change,1493,0.003539156626506057
density_scale_change,1494,0.013855421686746916
density_scale_change,1495,-0.00033885542168671234
density_scale_change,1496,0.01031626506024097
density_scale_change,1497,-0.013667168674698804
density_scale_change,1498,0.012801204819277157
density_scale_change,1499,0.0033885542168674565
density_scale_change,1500,0.004593373493975927
density_scale_change,1501,0.0033132530120481007
density_scale_change,1502,0.005722891566265154
density_scale_change,1503,0.007756024096385539
density_scale_change,1504,-0.017394578313252917
density_scale_change,1505,0.007718373493975861
density_scale_change,1506,0.007605421686746938
density_scale_change,1507,0.002710843373494032
density_scale_change,1508,-0.0014307228915662606
density_scale_change,1509,0.008621987951807242
density_scale_change,1510,-0.01234939759036141
density_scale_change,1511,-0.012537650602409689
density_scale_change,1512,-0.026242469879518004
density_scale_change,1513,-0.0019954819277108182
density_scale_change,1514,-0.0042921686746988374
density_scale_change,1515,-0.00493222891566264
density_scale_change,1516,0.02609186746987957
density_scale_change,1517,-0.011106927710843373
density_scale_change,1518,0.008584337349397564
density_scale_change,1519,0.010843373493976016
density_scale_change,1520,-0.007680722891566294
density_scale_change,1521,0.008433734939759074
density_scale_change,1522,-0.018147590361445698
density_scale_change,1523,0.001769578313252973
density_scale_change,1524,0.0033132530120482118
density_scale_change,1525,0.007643072289156616
density_scale_change,1526,0.02654367469879515
density_scale_change,1527,-0.0008283132530120807
density_scale_change,1528,0.0054593373493976305
density_scale_change,1529,-0.004442771084337438
density_scale_change,1530,0.013478915662650581
density_scale_change,1531,-0.0184487951807229
density_scale_change,1532,-0.014947289156626464
density_scale_change,1533,0.013554216867469826
density_scale_change,1534,-0.013328313253012092
density_scale_change,1535,0.002334337349397475
density_scale_change,1536,0.014683734939759052
density_scale_change,1537,-0.0045557228915662495
density_scale_change,1538,0.0033885542168674565
density_scale_change,1539,0.004141566265060237
density_scale_change,1540,0.0021837349397589856
density_scale_change,1541,0.025376506024096468
density_scale_change,1542,-0.0011295180722891707
density_scale_change,1543,-0.0030120481927710663
density_scale_change,1544,0.018034638554216942
density_scale_change,1545,-0.018750000000000044
density_scale_change,1546,0.03309487951807233
density_scale_change,1547,-0.0020707831325301185
density_scale_change,1548,0.012951807228915646
density_scale_change,1549,-0.01242469879518071
density_scale_change,1550,0.005911144578313321
density_scale_change,1551,-0.002936746987951877
density_scale_change,1552,-0.014231927710843362
density_scale_change,1553,-0.019503012048192825
density_scale_change,1554,-0.023042168674698826
density_scale_change,1555,0.01227409638554211
density_scale_change,1556,0.01061746987951806
density_scale_change,1557,0.008584337349397675
density_scale_change,1558,0.009638554216867434
density_scale_change,1559,0.0010542168674698704
density_scale_change,1560,0.000903614457831381
density_scale_change,1561,0.0028614457831325213
density_scale_change,1562,0.0003765060240963347
density_scale_change,1563,0.006701807228915668
density_scale_change,1564,-0.012123493975903621
density_scale_change,1565,-0.007831325301204894
density_scale_change,1566,0.005195783132529996
density_scale_change,1567,0.008772590361445842
density_scale_change,1568,0.0004141566265060126
density_scale_change,1569,0.016792168674698793
density_scale_change,1570,0.014081325301204872
density_scale_change,1571,0.0018825301204818956
density_scale_change,1572,-0.013930722891566272
density_scale_change,1573,0.0060240963855421326
density_scale_change,1574,0.017996987951807264
density_scale_change,1575,-0.005496987951807197
density_scale_change,1576,0.004819277108433773
density_scale_change,1577,0.006438253012048145
density_scale_change,1578,-0.005873493975903588
density_scale_change,1579,0.007040662650602436
density_scale_change,1580,0.009939759036144635
density_scale_change,1581,-0.025865963855421725
density_scale_change,1582,0.005986445783132566
density_scale_change,1583,0.0092620481927711
density_scale_change,1584,-0.004179216867469859
density_scale_change,1585,0.015963855421686768
density_scale_change,1586,0.0013554216867469604
density_scale_change,1587,-0.00120481927710836
density_scale_change,1588,0.0017319277108432951
density_scale_change,1589,-0.004216867469879426
density_scale_change,1590,0.00022590361445784524
density_scale_change,1591,0.014646084337349485
density_scale_change,1592,0.01773343373493974
density_scale_change,1593,0.006777108433734913
density_scale_change,1594,0.0024849397590360756
density_scale_change,1595,-0.004668674698795228
density_scale_change,1596,-0.006362951807228956
density_scale_change,1597,0.013403614457831337
density_scale_change,1598,0.00820783132530123
density_scale_change,1599,0.013290662650602525
density_scale_change,1600,0.03365963855421694
density_scale_change,1601,0.02307981927710845
density_scale_change,1602,0.007003012048192758
density_scale_change,1603,-0.011709337349397553
density_scale_change,1604,0.007793674698795217
density_scale_change,1605,-0.01332831325301198
density_scale_change,1606,-0.01600150602409639
density_scale_change,1607,0.028125000000000067
density_scale_change,1608,0.009036144578313254
density_scale_change,1609,-0.009789156626506035
density_scale_change,1610,0.0011295180722891152
density_scale_change,1611,-0.008207831325301174
density_scale_change,1612,-0.0010542168674697594
density_scale_change,1613,0.019766566265060237
density_scale_change,1614,0.009111445783132499
density_scale_change,1615,0.003539156626506057
density_scale_change,1616,-0.0008659638554217586
density_scale_change,1617,0.010730421686746983
density_scale_change,1618,-0.00425451807228916
density_scale_change,1619,0.007417168674698771
density_scale_change,1620,0.02564006024096377
density_scale_change,1621,0.014759036144578297
density_scale_change,1622,-0.007492469879518127
density_scale_change,1623,0.02048192771084345
density_scale_change,1624,-0.008207831325301174
density_scale_change,1625,0.004028614457831425
density_scale_change,1626,-0.014118975903614439
density_scale_change,1627,-0.013667168674698804
density_scale_change,1628,-0.0015813253012048611
density_scale_change,1629,0.0021837349397590966
density_scale_change,1630,0.0036521084337349796
density_scale_change,1631,0.005986445783132566
density_scale_change,1632,-0.01069277108433736
density_scale_change,1633,-0.014457831325301262
density_scale_change,1634,-0.010843373493975905
density_scale_change,1635,-0.01069277108433736
density_scale_change,1636,-0.007304216867469848
density_scale_change,1637,-7.530120481918923e-05
density_scale_change,1638,-0.021987951807228956
density_scale_change,1639,-0.0037274096385542244
density_scale_change,1640,-0.015436746987951833
density_scale_change,1641,0.01547439759036151
density_scale_change,1642,-0.006400602409638578
density_scale_change,1643,0.006249999999999978
density_scale_change,1644,0.001506024096385561
density_scale_change,1645,-0.01449548192771083
density_scale_change,1646,0.007605421686746938
density_scale_change,1647,0.001506024096385561
density_scale_change,1648,0.0011295180722891152
density_scale_change,1649,-0.0037650602409638467
density_scale_change,1650,0.0001506024096386005
density_scale_change,1651,0.015813253012048167
density_scale_change,1652,-0.0045557228915662495
density_scale_change,1653,0.01822289156626511
density_scale_change,1654,0.02443524096385541
density_scale_change,1655,0.02684487951807224
density_scale_change,1656,0.031626506024096335
density_scale_change,1657,0.0025602409638554313
density_scale_change,1658,0.0060617469879518104
density_scale_change,1659,-0.0009789156626505702
density_scale_change,1660,0.004442771084337327
density_scale_change,1661,0.009036144578313254
density_scale_change,1662,-0.01671686746987955
density_scale_change,1663,-0.002108433734939741
density_scale_change,1664,0.00060240963855418
density_scale_change,1665,-0.0004894578313253684
density_scale_change,1666,0.0019578313253011403
density_scale_change,1667,7.530120481924474e-05
density_scale_change,1668,-0.016039156626506013
density_scale_change,1669,0.016001506024096335
density_scale_change,1670,0.012349397590361466
density_scale_change,1671,0.002371987951807264
density_scale_change,1672,-0.0012801204819277712
density_scale_change,1673,-0.003237951807228856
density_scale_change,1674,-0.004518072289156627
density_scale_change,1675,-0.0042921686746988374
density_scale_change,1676,-0.008584337349397675
density_scale_change,1677,0.008170180722891551
density_scale_change,1678,0.01637801204819278
density_scale_change,1679,0.02063253012048194
density_scale_change,1680,-0.0006777108433734802
density_scale_change,1681,0.014495481927710885
density_scale_change,1682,-0.0021460843373493077
density_scale_change,1683,0.013780120481927671
density_scale_change,1684,0.0075301204819278045
density_scale_change,1685,0.012236445783132655
density_scale_change,1686,0.013742469879518104
density_scale_change,1687,0.009676204819277112
density_scale_change,1688,0.005120481927710863
density_scale_change,1689,0.014909638554216786
density_scale_change,1690,-0.004442771084337327
density_scale_change,1691,-0.0012801204819277712
density_scale_change,1692,0.01792168674698802
density_scale_change,1693,0.0054593373493976305
density_scale_change,1694,0.013780120481927671
density_scale_change,1695,0.005045180722891507
density_scale_change,1696,-0.00591114457831321
density_scale_change,1697,-0.014608433734939807
density_scale_change,1698,0.015286144578313232
density_scale_change,1699,-0.011859939759036153
density_scale_change,1700,-0.0018448795180723288
density_scale_change,1701,-0.008998493975903632
density_scale_change,1702,0.00470632530120485
density_scale_change,1703,0.0030873493975903665
density_scale_change,1704,0.015888554216867523
density_scale_change,1705,0.01957831325301207
density_scale_change,1706,-0.009676204819277057
density_scale_change,1707,0.006475903614457823
density_scale_change,1708,0.013102409638554247
density_scale_change,1709,0.008885542168674654
density_scale_change,1710,0.02003012048192765
density_scale_change,1711,0.00060240963855418
density_scale_change,1712,-0.016792168674698738
density_scale_change,1713,0.0019578313253011403
density_scale_change,1714,-0.00493222891566264
density_scale_change,1715,0.013215361445783058
density_scale_change,1716,0.009149096385542177
density_scale_change,1717,0.002899096385542199
density_scale_change,1718,-0.007003012048192758
density_scale_change,1719,-0.006250000000000033
density_scale_change,1720,0.009299698795180777
density_scale_change,1721,-0.005685240963855365
density_scale_change,1722,0.012688253012048234
density_scale_change,1723,0.0075301204819276935
density_scale_change,1724,0.0027484939759035987
density_scale_change,1725,0.0014307228915663162
density_scale_change,1726,-0.008471385542168697
density_scale_change,1727,0.011897590361445776
density_scale_change,1728,-0.014457831325301262
density_scale_change,1729,-0.004179216867469859
density_scale_change,1730,-0.018862951807228967
density_scale_change,1731,-0.01649096385542176
density_scale_change,1732,-0.002936746987951877
density_scale_change,1733,-0.007605421686747105
density_scale_change,1734,0.008546686746987886
density_scale_change,1735,-0.0014683734939759385
density_scale_change,1736,-0.0039909638554217475
density_scale_change,1737,0.0021837349397589856
density_scale_change,1738,-0.006174698795180733
density_scale_change,1739,-0.0036897590361445465
density_scale_change,1740,0.010843373493976016
density_scale_change,1741,-0.009977409638554202
density_scale_change,1742,0.014796686746987975
density_scale_change,1743,-0.0029367469879517105
density_scale_change,1744,0.01046686746987957
density_scale_change,1745,0.013554216867469826
density_scale_change,1746,-0.011144578313252995
density_scale_change,1747,-0.008810240963855465
density_scale_change,1748,-0.001317771084337338
density_scale_change,1749,-0.012537650602409522
density_scale_change,1750,0.013968373493975839
density_scale_change,1751,-0.0002635542168674121
density_scale_change,1752,0.008094879518072307
density_scale_change,1753,-0.020707831325301185
density_scale_change,1754,0.018862951807228856
density_scale_change,1755,0.003802710843373469
density_scale_change,1756,-0.007756024096385483
density_scale_change,1757,0.004216867469879482
density_scale_change,1758,-0.014344879518072229
density_scale_change,1759,0.005873493975903532
density_scale_change,1760,0.006174698795180733
density_scale_change,1761,-0.006024096385542188
density_scale_change,1762,-0.0027861445783132766
density_scale_change,1763,0.00030120481927709
density_scale_change,1764,-0.003915662650602447
density_scale_change,1765,0.005082831325301185
density_scale_change,1766,-0.008885542168674654
density_scale_change,1767,0.001506024096385561
density_scale_change,1768,0.01622740963855418
density_scale_change,1769,0.009789156626506035
density_scale_change,1770,0.014081325301204872
density_scale_change,1771,0.00892319277108422
density_scale_change,1772,0.01302710843373489
density_scale_change,1773,-0.0184487951807229
density_scale_change,1774,0.0024849397590360756
density_scale_change,1775,0.012311746987951788
density_scale_change,1776,0.011182228915662562
density_scale_change,1777,0.012085843373493943
density_scale_change,1778,-0.011859939759036153
density_scale_change,1779,0.010843373493975905
density_scale_change,1780,0.00956325301204819
density_scale_change,1781,0.007003012048192758
density_scale_change,1782,0.0012424698795180378
density_scale_change,1783,-0.004216867469879537
density_scale_change,1784,0.013403614457831337
density_scale_change,1785,-0.002635542168674676
density_scale_change,1786,0.006249999999999978
density_scale_change,1787,-0.0001129518072288116
density_scale_change,1788,0.006777108433734913
density_scale_change,1789,0.011897590361445776
density_scale_change,1790,0.032680722891566316
density_scale_change,1791,0.002974397590361444
density_scale_change,1792,0.007756024096385539
density_scale_change,1793,-0.009186746987951855
density_scale_change,1794,0.009789156626506035
density_scale_change,1795,-0.01980421686746986
density_scale_change,1796,0.0069277108433735135
density_scale_change,1797,0.005685240963855365
density_scale_change,1798,-0.003237951807228856
density_scale_change,1799,0.011822289156626531
density_scale_change,1800,0.009977409638554202
density_scale_change,1801,0.002635542168674676
density_scale_change,1802,0.007003012048192758
density_scale_change,1803,-0.00402861445783137
density_scale_change,1804,0.004518072289156572
density_scale_change,1805,0.02639307228915655
density_scale_change,1806,-0.015888554216867412
density_scale_change,1807,-0.002936746987951766
density_scale_change,1808,-0.005496987951807197
density_scale_change,1809,3.765060240967788e-05
density_scale_change,1810,0.009487951807228834
density_scale_change,1811,0.008847891566265087
density_scale_change,1812,0.0022590361445783413
density_scale_change,1813,-0.01713102409638556
density_scale_change,1814,0.0022590361445783413
density_scale_change,1815,0.00011295180722903364
density_scale_change,1816,0.015512048192771077
density_scale_change,1817,0.002409638554216942
density_scale_change,1818,0.006287650602409656
density_scale_change,1819,-0.007680722891566294
density_scale_change,1820,0.01137048192771084
density_scale_change,1821,-0.01129518072289154
density_scale_change,1822,0.0031250000000000444
density_scale_change,1823,0.017093373493975883
density_scale_change,1824,-0.0050075301204819955
density_scale_change,1825,-0.011972891566265131
density_scale_change,1826,0.01197289156626502
density_scale_change,1827,0.01698042168674696
density_scale_change,1828,-0.004743975903614528
density_scale_change,1829,0.00790662650602414
density_scale_change,1830,-0.011897590361445776
density_scale_change,1831,0.001506024096385561
density_scale_change,1832,0.00470632530120485
density_scale_change,1833,0.0007530120481927804
density_scale_change,1834,-0.0011671686746987375
density_scale_change,1835,-0.010165662650602425
density_scale_change,1836,0.016867469879518038
density_scale_change,1837,0.008283132530120474
density_scale_change,1838,0.013102409638554247
density_scale_change,1839,-0.006400602409638578
density_scale_change,1840,0.02243975903614459
density_scale_change,1841,-0.0015813253012048611
density_scale_change,1842,0.0185240963855422
density_scale_change,1843,-0.008396084337349397
density_scale_change,1844,0.0004518072289156905
density_scale_change,1845,0.005421686746987953
density_scale_change,1846,0.008433734939759074
density_scale_change,1847,-0.001506024096385561
density_scale_change,1848,0.012048192771084376
density_scale_change,1849,0.01957831325301207
density_scale_change,1850,0.019691265060240992
density_scale_change,1851,-0.01167168674698793
density_scale_change,1852,-0.02172439759036149
density_scale_change,1853,0.011897590361445776
density_scale_change,1854,0.012951807228915646
density_scale_change,1855,0.003237951807228856
density_scale_change,1856,0.0016566265060241614
density_scale_change,1857,-0.008132530120481984
density_scale_change,1858,-0.004442771084337327
density_scale_change,1859,0.004743975903614417
density_scale_change,1860,-0.00033885542168676785
density_scale_change,1861,0.012349397590361466
density_scale_change,1862,0.00820783132530123
density_scale_change,1863,0.00696536144578308
density_scale_change,1864,-0.008358433734939663
density_scale_change,1865,-0.0033509036144577786
density_scale_change,1866,0.0057605421686747205
density_scale_change,1867,0.005873493975903532
density_scale_change,1868,-0.0003765060240963902
density_scale_change,1869,0.01197289156626502
density_scale_change,1870,-0.005459337349397575
density_scale_change,1871,0.014683734939759052
density_scale_change,1872,0.006890060240963947
density_scale_change,1873,0.005120481927710863
density_scale_change,1874,-0.001957831325301196
density_scale_change,1875,-0.0039909638554216365
density_scale_change,1876,-0.005120481927710918
density_scale_change,1877,-0.002484939759036131
density_scale_change,1878,0.0042921686746988374
density_scale_change,1879,0.01046686746987946
density_scale_change,1880,-0.012989457831325324
density_scale_change,1881,0.009412650602409589
density_scale_change,1882,0.003915662650602392
density_scale_change,1883,-0.0037650602409638467
density_scale_change,1884,-0.0004141566265060126
density_scale_change,1885,0.001506024096385561
density_scale_change,1886,0.01137048192771073
density_scale_change,1887,0.011144578313252995
density_scale_change,1888,-0.0001506024096386005
density_scale_change,1889,0.015549698795180644
density_scale_change,1890,0.008697289156626486
density_scale_change,1891,-0.022477409638554213
density_scale_change,1892,0.005534638554216764
density_scale_change,1893,0.01016566265060237
density_scale_change,1894,0.012763554216867368
density_scale_change,1895,0.005948795180722888
density_scale_change,1896,0.02274096385542168
density_scale_change,1897,0.02579066265060237
density_scale_change,1898,0.007266566265060281
density_scale_change,1899,0.005120481927710863
density_scale_change,1900,-0.0067771084337348575
density_scale_change,1901,-0.016265060240963802
density_scale_change,1902,0.0009036144578312699
density_scale_change,1903,-0.010881024096385583
density_scale_change,1904,0.005685240963855476
density_scale_change,1905,-0.007454819277108393
density_scale_change,1906,0.00896084337349401
density_scale_change,1907,0.011822289156626531
density_scale_change,1908,0.005120481927710863
density_scale_change,1909,-0.00591114457831321
density_scale_change,1910,0.010692771084337416
density_scale_change,1911,0.009036144578313254
density_scale_change,1912,0.00696536144578308
density_scale_change,1913,-0.004442771084337327
density_scale_change,1914,0.018862951807228856
density_scale_change,1915,-0.01167168674698793
density_scale_change,1916,-0.0027108433734939763
density_scale_change,1917,-0.0038780120481927693
density_scale_change,1918,-0.0007530120481927804
density_scale_change,1919,0.0034262048192770234
density_scale_change,1920,0.005647590361445798
density_scale_change,1921,-0.02018072289156625
density_scale_change,1922,0.012650602409638556
density_scale_change,1923,-0.008847891566265087
density_scale_change,1924,-0.023343373493975916
density_scale_change,1925,0.013667168674698749
density_scale_change,1926,0.030760542168674743
density_scale_change,1927,0.01302710843373489
density_scale_change,1928,0.012236445783132655
density_scale_change,1929,0.010881024096385583
density_scale_change,1930,-0.019992469879518027
density_scale_change,1931,-0.009262048192771044
density_scale_change,1932,-0.02692018072289154
density_scale_change,1933,0.00470632530120485
density_scale_change,1934,0.008810240963855409
density_scale_change,1935,0.02153614457831332
density_scale_change,1936,-0.0007530120481927804
density_scale_change,1937,-0.0005647590361445576
density_scale_change,1938,0.009939759036144635
density_scale_change,1939,0.024246987951807242
density_scale_change,1940,-0.006701807228915668
density_scale_change,1941,0.008998493975903687
density_scale_change,1942,0.009638554216867434
density_scale_change,1943,0.014382530120481851
density_scale_change,1944,0.002899096385542199
density_scale_change,1945,-0.002183734939759041
density_scale_change,1946,0.021950301204819223
density_scale_change,1947,-0.025602409638554202
density_scale_change,1948,-0.0014307228915662606
density_scale_change,1949,-0.0004141566265060126
density_scale_change,1950,0.014382530120481962
density_scale_change,1951,-0.007981927710843328
density_scale_change,1952,-0.0010542168674698704
density_scale_change,1953,0.002409638554216831
density_scale_change,1954,-0.008584337349397564
density_scale_change,1955,0.00986445783132528
density_scale_change,1956,-0.01442018072289164
density_scale_change,1957,-0.009262048192771044
density_scale_change,1958,0.01016566265060237
density_scale_change,1959,-0.0018825301204819511
density_scale_change,1960,-0.004593373493975927
density_scale_change,1961,-0.0023719879518072085
density_scale_change,1962,0.006212349397590411
density_scale_change,1963,-0.0030873493975903665
density_scale_change,1964,0.0
density_scale_change,1965,-0.012876506024096401
density_scale_change,1966,-0.002334337349397586
density_scale_change,1967,-0.008057228915662684
density_scale_change,1968,0.011859939759036098
density_scale_change,1969,0.020368975903614417
density_scale_change,1970,0.030760542168674743
density_scale_change,1971,0.006701807228915668
density_scale_change,1972,-0.025602409638554202
density_scale_change,1973,-0.0018825301204819511
density_scale_change,1974,-0.002823795180722899
density_scale_change,1975,0.012236445783132543
density_scale_change,1976,-0.0026731927710842984
density_scale_change,1977,-0.004216867469879537
density_scale_change,1978,0.006777108433734913
density_scale_change,1979,0.00530873493975903
density_scale_change,1980,-0.00045180722891557945
density_scale_change,1981,-0.002259036144578286
density_scale_change,1982,0.024359939759036164
density_scale_change,1983,0.008772590361445842
density_scale_change,1984,0.0014307228915662051
density_scale_change,1985,0.0021837349397589856
density_scale_change,1986,-0.020293674698795228
density_scale_change,1987,-0.009525602409638512
density_scale_change,1988,-0.016039156626506013
density_scale_change,1989,0.012462349397590278
density_scale_change,1990,0.012161144578313299
density_scale_change,1991,-0.002409638554216831
density_scale_change,1992,-0.004856927710843395
density_scale_change,1993,-0.015361445783132588
density_scale_change,1994,0.0007906626506023473
density_scale_change,1995,0.005572289156626442
density_scale_change,1996,0.012688253012048234
density_scale_change,1997,0.007831325301204672
density_scale_change,1998,0.008923192771084443
density_scale_change,1999,-0.005346385542168597
density_scale_change,2000,-0.015210843373493987
density_scale_change,2001,-0.0011671686746987375
density_scale_change,2002,-0.012387048192771144
density_scale_change,2003,-0.016265060240963802
density_scale_change,2004,0.004216867469879482
density_scale_change,2005,0.007003012048192758
density_scale_change,2006,0.008170180722891551
density_scale_change,2007,0.004480421686746894
density_scale_change,2008,-0.007003012048192758
density_scale_change,2009,0.0033132530120482118
density_scale_change,2010,0.0310993975903614
density_scale_change,2011,0.00500753012048194
density_scale_change,2012,0.00011295180722892262
density_scale_change,2013,0.011596385542168797
density_scale_change,2014,0.008584337349397675
density_scale_change,2015,0.009149096385542177
density_scale_change,2016,0.0004518072289156905
density_scale_change,2017,-0.0027861445783132766
density_scale_change,2018,0.006475903614457712
density_scale_change,2019,-0.0031626506024096668
density_scale_change,2020,0.0018825301204818956
density_scale_change,2021,-0.021460843373493965
density_scale_change,2022,0.005572289156626442
density_scale_change,2023,0.021611445783132566
density_scale_change,2024,-0.006438253012048145
density_scale_change,2025,-0.0035768072289156794
density_scale_change,2026,-0.001054216867469926
density_scale_change,2027,0.001506024096385561
density_scale_change,2028,-0.01957831325301207
density_scale_change,2029,-0.001506024096385561
density_scale_change,2030,0.017319277108433728
density_scale_change,2031,-0.010617469879518004
density_scale_change,2032,-0.0050075301204818845
density_scale_change,2033,0.010429216867469782
density_scale_change,2034,0.023456325301204783
density_scale_change,2035,-0.009864457831325224
density_scale_change,2036,0.007492469879518016
density_scale_change,2037,0.014533132530120452
density_scale_change,2038,0.01897590361445789
density_scale_change,2039,0.007115963855421681
density_scale_change,2040,-0.01927710843373498
density_scale_change,2041,0.01426957831325304
density_scale_change,2042,-0.020594879518072318
density_scale_change,2043,-0.004442771084337327
density_scale_change,2044,-0.022515060240963836
density_scale_change,2045,-0.0019954819277108182
density_scale_change,2046,-0.0010542168674698704
density_scale_change,2047,0.0012801204819277157
density_scale_change,2048,-0.01701807228915675
density_scale_change,2049,-0.006890060240963947
density_scale_change,2050,0.011445783132530196
density_scale_change,2051,-0.007906626506024084
density_scale_change,2052,0.003012048192771122
density_scale_change,2053,-0.024811746987951855
density_scale_change,2054,0.016905120481927716
density_scale_change,2055,0.008584337349397675
density_scale_change,2056,0.004028614457831203
density_scale_change,2057,0.0025225903614457534
density_scale_change,2058,0.00892319277108422
density_scale_change,2059,-0.012801204819277101
density_scale_change,2060,0.0092620481927711
density_scale_change,2061,0.0036144578313253017
density_scale_change,2062,-0.0042921686746988374
density_scale_change,2063,0.005233433734939785
density_scale_change,2064,0.007153614457831359
density_scale_change,2065,0.002409638554216831
density_scale_change,2066,-0.006212349397590355
density_scale_change,2067,-0.001618975903614539
density_scale_change,2068,-0.010805722891566394
density_scale_change,2069,-0.004216867469879537
density_scale_change,2070,0.02093373493975903
density_scale_change,2071,-0.0026731927710842984
density_scale_change,2072,-0.0023719879518072085
density_scale_change,2073,0.011558734939759008
density_scale_change,2074,-0.014759036144578352
density_scale_change,2075,0.004367469879518082
density_scale_change,2076,0.012989457831325324
density_scale_change,2077,0.0075301204819276935
density_scale_change,2078,0.010278614457831403
density_scale_change,2079,-0.005798192771084287
density_scale_change,2080,0.025301204819277112
density_scale_change,2081,-0.014156626506024061
density_scale_change,2082,0.002673192771084354
density_scale_change,2083,-0.007718373493975916
density_scale_change,2084,-0.004066265060240937
density_scale_change,2085,0.0012424698795180378
density_scale_change,2086,-0.001054216867469926
density_scale_change,2087,-0.0014683734939759385
density_scale_change,2088,0.004781626506023984
density_scale_change,2089,-0.008697289156626486
density_scale_change,2090,0.0028237951807228434
density_scale_change,2091,0.0057605421686747205
density_scale_change,2092,0.004668674698795172
density_scale_change,2093,0.016641566265060304
density_scale_change,2094,0.004216867469879482
density_scale_change,2095,-0.014006024096385572
density_scale_change,2096,-0.009487951807228945
density_scale_change,2097,0.007341867469879526
density_scale_change,2098,0.022552710843373514
density_scale_change,2099,-0.004518072289156627
density_scale_change,2100,-0.020896084337349408
density_scale_change,2101,0.02033132530120485
density_scale_change,2102,0.024209337349397564
density_scale_change,2103,-0.0056099397590361755
density_scale_change,2104,0.001506024096385561
density_scale_change,2105,0.0060240963855421326
density_scale_change,2106,0.016603915662650515
density_scale_change,2107,0.007078313253012003
density_scale_change,2108,-0.014344879518072229
density_scale_change,2109,-0.015512048192771077
density_scale_change,2110,0.020971385542168708
density_scale_change,2111,0.015248493975903665
density_scale_change,2112,0.008885542168674654
density_scale_change,2113,0.020820783132530107
density_scale_change,2114,-0.014156626506024061
density_scale_change,2115,0.027070783132530196
density_scale_change,2116,0.01091867469879515
density_scale_change,2117,-0.007756024096385483
density_scale_change,2118,0.005233433734939785
density_scale_change,2119,-0.001054216867469926
density_scale_change,2120,0.009600903614457867
density_scale_change,2121,0.02033132530120485
density_scale_change,2122,0.008433734939759074
density_scale_change,2123,-0.01754518072289163
density_scale_change,2124,0.005346385542168708
density_scale_change,2125,-0.005045180722891618
density_scale_change,2126,-0.007304216867469904
density_scale_change,2127,0.004367469879518082
density_scale_change,2128,-0.019239457831325246
density_scale_change,2129,-0.008772590361445842
density_scale_change,2130,-0.010090361445783125
density_scale_change,2131,0.013403614457831337
density_scale_change,2132,0.003576807228915624
density_scale_change,2133,0.01061746987951806
density_scale_change,2134,0.010542168674698815
density_scale_change,2135,0.0037650602409639022
density_scale_change,2136,-0.0009036144578312699
density_scale_change,2137,0.01927710843373498
density_scale_change,2138,-0.01570030120481919
density_scale_change,2139,0.01818524096385543
density_scale_change,2140,-0.01509789156626501
density_scale_change,2141,0.023117469879518127
density_scale_change,2142,-0.0037650602409638467
density_scale_change,2143,-0.005873493975903588
density_scale_change,2144,-0.0011671686746988486
density_scale_change,2145,0.004743975903614417
density_scale_change,2146,-0.013177710843373491
density_scale_change,2147,-0.0033885542168674565
density_scale_change,2148,0.004179216867469804
density_scale_change,2149,0.021347891566265043
density_scale_change,2150,-0.0018825301204819511
density_scale_change,2151,-0.020632530120481885
density_scale_change,2152,0.02153614457831321
density_scale_change,2153,-0.011031626506024184
density_scale_change,2154,-0.00015060240963848948
density_scale_change,2155,0.0030496987951806886
density_scale_change,2156,-0.002861445783132577
density_scale_change,2157,0.004743975903614417
density_scale_change,2158,0.004141566265060237
density_scale_change,2159,0.003915662650602392
density_scale_change,2160,-0.014081325301204872
density_scale_change,2161,0.0021837349397589856
density_scale_change,2162,-0.009299698795180722
density_scale_change,2163,0.017243975903614484
density_scale_change,2164,-0.00120481927710836
density_scale_change,2165,0.006551204819277179
density_scale_change,2166,-0.0030120481927710663
density_scale_change,2167,0.0012801204819277157
density_scale_change,2168,0.010730421686746983
density_scale_change,2169,0.0008283132530120252
density_scale_change,2170,0.01046686746987957
density_scale_change,2171,-0.013140060240963869
density_scale_change,2172,-0.001317771084337338
density_scale_change,2173,-0.011408132530120574
density_scale_change,2174,-0.0042921686746988374
density_scale_change,2175,-0.007003012048192758
density_scale_change,2176,-0.024774096385542177
density_scale_change,2177,-0.0159262048192772
density_scale_change,2178,-0.005798192771084398
density_scale_change,2179,0.016641566265060304
density_scale_change,2180,0.027786144578313188
density_scale_change,2181,0.003840361445783036
density_scale_change,2182,0.01031626506024097
density_scale_change,2183,0.015436746987951833
density_scale_change,2184,0.02228915662650599
density_scale_change,2185,0.01197289156626502
density_scale_change,2186,-0.005798192771084398
density_scale_change,2187,0.013140060240963813
density_scale_change,2188,0.016453313253012025
density_scale_change,2189,0.004593373493975927
density_scale_change,2190,-0.0031626506024096668
density_scale_change,2191,-0.01927710843373498
density_scale_change,2192,-0.005948795180722943
density_scale_change,2193,0.0018448795180723288
density_scale_change,2194,0.02168674698795181
density_scale_change,2195,0.009977409638554202
density_scale_change,2196,-0.013177710843373491
density_scale_change,2197,-0.002259036144578286
density_scale_change,2198,0.008094879518072307
density_scale_change,2199,-0.01069277108433736
density_scale_change,2200,0.008885542168674765
density_scale_change,2201,0.013177710843373491
density_scale_change,2202,0.003237951807228856
density_scale_change,2203,0.004743975903614417
density_scale_change,2204,-0.00432981927710846
density_scale_change,2205,-0.01204819277108432
density_scale_change,2206,0.01912650602409638
density_scale_change,2207,-0.0006777108433734802
density_scale_change,2208,7.530120481924474e-05
density_scale_change,2209,-0.01897590361445789
density_scale_change,2210,-0.015060240963855442
density_scale_change,2211,-0.01204819277108432
density_scale_change,2212,-0.012612951807228934
density_scale_change,2213,0.013893072289156594
density_scale_change,2214,-0.015512048192771077
density_scale_change,2215,0.01197289156626502
density_scale_change,2216,0.001204819277108582
density_scale_change,2217,-0.008509036144578264
density_scale_change,2218,-0.01950301204819277
density_scale_change,2219,0.013177710843373491
density_scale_change,2220,-0.006099397590361488
density_scale_change,2221,0.0014307228915662051
density_scale_change,2222,0.016641566265060193
density_scale_change,2223,0.015210843373493987
density_scale_change,2224,-0.008584337349397675
density_scale_change,2225,0.00530873493975903
density_scale_change,2226,0.003275602409638534
density_scale_change,2227,0.012085843373493943
density_scale_change,2228,0.0022590361445783413
density_scale_change,2229,0.012763554216867479
density_scale_change,2230,0.010956325301204828
density_scale_change,2231,0.002974397590361444
density_scale_change,2232,0.012612951807228878
density_scale_change,2233,0.012838855421686723
density_scale_change,2234,0.01517319277108431
density_scale_change,2235,0.006551204819277179
density_scale_change,2236,-0.002259036144578286
density_scale_change,2237,-0.017884036144578286
density_scale_change,2238,-0.0003765060240963902
density_scale_change,2239,-0.019465361445783147
density_scale_change,2240,-0.011257530120481973
density_scale_change,2241,0.01837349397590371
density_scale_change,2242,0.0016189759036143725
density_scale_change,2243,-0.020143072289156627
density_scale_change,2244,0.011897590361445776
density_scale_change,2245,0.008396084337349508
density_scale_change,2246,0.02217620481927718
density_scale_change,2247,0.0006400602409638578
density_scale_change,2248,0.0010542168674698704
density_scale_change,2249,0.0033885542168674565
density_scale_change,2250,0.02409638554216864
density_scale_change,2251,0.012575301204819311
density_scale_change,2252,0.00011295180722903364
density_scale_change,2253,0.003840361445783258
density_scale_change,2254,-0.0008659638554217586
density_scale_change,2255,0.0001506024096386005
density_scale_change,2256,0.0024849397590360756
density_scale_change,2257,0.007605421686747049
density_scale_change,2258,0.004668674698795172
density_scale_change,2259,-0.004969879518072207
density_scale_change,2260,0.0069277108433735135
density_scale_change,2261,0.0007153614457832136
density_scale_change,2262,-0.0016566265060241059
density_scale_change,2263,-0.00493222891566264
density_scale_change,2264,0.010579819277108382
density_scale_change,2265,-0.00120481927710836
density_scale_change,2266,0.004442771084337327
density_scale_change,2267,-0.009262048192771044
density_scale_change,2268,-0.0004894578313252573
density_scale_change,2269,0.01182228915662642
density_scale_change,2270,-0.007944277108433706
density_scale_change,2271,0.0069277108433735135
density_scale_change,2272,-0.007492469879518127
density_scale_change,2273,-0.026129518072289193
density_scale_change,2274,0.0022213855421686635
density_scale_change,2275,-0.0016566265060241059
density_scale_change,2276,0.004329819277108404
density_scale_change,2277,-0.01735692771084335
density_scale_change,2278,-0.005271084337349408
density_scale_change,2279,0.0015436746987951278
density_scale_change,2280,-0.0004518072289156905
density_scale_change,2281,0.0014307228915662051
density_scale_change,2282,0.022665662650602436
density_scale_change,2283,-0.016189759036144558
density_scale_change,2284,0.018260542168674676
density_scale_change,2285,-0.001317771084337338
density_scale_change,2286,0.0092620481927711
density_scale_change,2287,-0.00030120481927709
density_scale_change,2288,0.004141566265060237
density_scale_change,2289,0.004405120481927649
density_scale_change,2290,0.009412650602409589
density_scale_change,2291,-0.010843373493975794
density_scale_change,2292,0.009036144578313254
density_scale_change,2293,-0.01069277108433736
density_scale_change,2294,0.011709337349397608
density_scale_change,2295,0.0031249999999999334
density_scale_change,2296,-0.004480421686747005
density_scale_change,2297,0.01227409638554211
density_scale_change,2298,-0.006099397590361377
density_scale_change,2299,0.012010542168674698
density_scale_change,2300,0.021611445783132566
density_scale_change,2301,0.014834337349397653
density_scale_change,2302,-0.004216867469879426
density_scale_change,2303,-0.0008283132530119697
density_scale_change,2304,0.004894578313253017
density_scale_change,2305,-0.01509789156626512
density_scale_change,2306,-0.006475903614457823
density_scale_change,2307,0.015060240963855387
density_scale_change,2308,0.0028614457831325213
density_scale_change,2309,-0.006137048192771055
density_scale_change,2310,-0.007868975903614517
density_scale_change,2311,-0.015060240963855442
density_scale_change,2312,0.010504518072289137
density_scale_change,2313,-0.005647590361445798
density_scale_change,2314,0.01807228915662651
density_scale_change,2315,0.01818524096385543
density_scale_change,2316,0.002033132530120496
density_scale_change,2317,0.0030496987951806886
density_scale_change,2318,-0.023343373493975916
density_scale_change,2319,-0.01174698795180723
density_scale_change,2320,-0.016942771084337338
density_scale_change,2321,-0.01242469879518071
density_scale_change,2322,-0.009262048192771044
density_scale_change,2323,0.003915662650602392
density_scale_change,2324,0.009487951807228834
density_scale_change,2325,-0.002296686746987908
density_scale_change,2326,-0.004593373493975927
density_scale_change,2327,-0.006475903614457823
density_scale_change,2328,-0.007228915662650548
density_scale_change,2329,0.02093373493975903
density_scale_change,2330,0.01242469879518071
density_scale_change,2331,-0.0044051204819277046
density_scale_change,2332,-0.0011671686746987375
density_scale_change,2333,-0.006287650602409545
density_scale_change,2334,-0.01009036144578318
density_scale_change,2335,7.530120481924474e-05
density_scale_change,2336,0.012236445783132543
density_scale_change,2337,0.021009036144578386
density_scale_change,2338,7.530120481924474e-05
density_scale_change,2339,-0.006325301204819278
density_scale_change,2340,-0.002033132530120496
density_scale_change,2341,0.0021460843373493077
density_scale_change,2342,-0.013102409638554302
density_scale_change,2343,0.018637048192771122
density_scale_change,2344,-0.007153614457831303
density_scale_change,2345,0.016792168674698793
density_scale_change,2346,-0.004593373493975816
density_scale_change,2347,0.008810240963855409
density_scale_change,2348,0.010843373493975905
density_scale_change,2349,-0.0027484939759035987
density_scale_change,2350,-0.004216867469879537
density_scale_change,2351,-0.01600150602409639
density_scale_change,2352,0.02093373493975903
density_scale_change,2353,-0.004668674698795228
density_scale_change,2354,-0.007115963855421736
density_scale_change,2355,0.004367469879518082
density_scale_change,2356,-0.007417168674698826
density_scale_change,2357,0.00696536144578308
density_scale_change,2358,0.0002635542168675231
density_scale_change,2359,0.0033885542168674565
density_scale_change,2360,-0.006927710843373458
density_scale_change,2361,-0.011822289156626531
density_scale_change,2362,0.016039156626506013
density_scale_change,2363,0.003539156626505946
density_scale_change,2364,0.009337349397590455
density_scale_change,2365,-0.007417168674698826
density_scale_change,2366,-0.0036521084337349796
density_scale_change,2367,0.0066265060240963125
density_scale_change,2368,0.01897590361445789
density_scale_change,2369,0.014759036144578297
density_scale_change,2370,0.017846385542168663
density_scale_change,2371,-0.021649096385542188
density_scale_change,2372,0.016039156626506013
density_scale_change,2373,0.012575301204819311
density_scale_change,2374,0.0005271084337349352
density_scale_change,2375,0.013704819277108427
density_scale_change,2376,0.0036144578313253017
density_scale_change,2377,0.012500000000000067
density_scale_change,2378,0.011031626506024184
density_scale_change,2379,-0.0007153614457831581
density_scale_change,2380,-0.016189759036144558
density_scale_change,2381,0.0036144578313253017
density_scale_change,2382,0.006777108433734913
density_scale_change,2383,0.016415662650602347
density_scale_change,2384,0.005647590361445798
density_scale_change,2385,0.01954066265060239
density_scale_change,2386,0.01152108433734933
density_scale_change,2387,-0.0023343373493975306
density_scale_change,2388,-0.010730421686746983
density_scale_change,2389,0.021573795180723
density_scale_change,2390,-0.0073795180722891485
density_scale_change,2391,7.530120481924474e-05
density_scale_change,2392,0.02108433734939763
density_scale_change,2393,-0.002108433734939741
density_scale_change,2394,-0.006777108433734913
density_scale_change,2395,0.0221385542168675
density_scale_change,2396,-0.014984939759036142
density_scale_change,2397,0.0008659638554217031
density_scale_change,2398,0.005835843373493965
density_scale_change,2399,-0.007605421686746994
density_scale_change,2400,-0.015587349397590322
density_scale_change,2401,-0.003840361445783147
density_scale_change,2402,-0.009111445783132555
density_scale_change,2403,0.024661144578313254
density_scale_change,2404,0.008094879518072307
density_scale_change,2405,-0.0011295180722891707
density_scale_change,2406,0.0027861445783132766
density_scale_change,2407,0.015963855421686657
density_scale_change,2408,-0.005798192771084398
density_scale_change,2409,0.003802710843373469
density_scale_change,2410,-0.004969879518072207
density_scale_change,2411,0.014231927710843473
density_scale_change,2412,0.016114457831325257
density_scale_change,2413,0.008170180722891551
density_scale_change,2414,0.020707831325301185
density_scale_change,2415,-0.0009789156626506812
density_scale_change,2416,0.008170180722891551
density_scale_change,2417,-0.010240963855421725
density_scale_change,2418,-0.001317771084337338
density_scale_change,2419,0.007153614457831359
density_scale_change,2420,-0.0018825301204819511
density_scale_change,2421,0.006438253012048145
density_scale_change,2422,0.008584337349397564
density_scale_change,2423,0.014006024096385516
density_scale_change,2424,0.02929216867469875
density_scale_change,2425,0.01106927710843364
density_scale_change,2426,0.014608433734939696
density_scale_change,2427,-0.008207831325301174
density_scale_change,2428,-0.011935240963855454
density_scale_change,2429,-0.0010918674698795483
density_scale_change,2430,-0.005647590361445798
density_scale_change,2431,-0.002936746987951877
density_scale_change,2432,0.0025225903614457534
density_scale_change,2433,0.002635542168674676
density_scale_change,2434,0.00971385542168679
density_scale_change,2435,0.01882530120481929
density_scale_change,2436,-0.01517319277108442
density_scale_change,2437,-0.007003012048192758
density_scale_change,2438,0.016340361445783214
density_scale_change,2439,-0.01137048192771084
density_scale_change,2440,-0.004969879518072318
density_scale_change,2441,0.017093373493975883
density_scale_change,2442,-0.0028614457831325213
density_scale_change,2443,0.004593373493975816
density_scale_change,2444,-0.01234939759036141
density_scale_change,2445,-0.01784638554216872
density_scale_change,2446,0.004631024096385605
density_scale_change,2447,0.007756024096385539
density_scale_change,2448,0.0034638554216868123
density_scale_change,2449,-0.004141566265060237
density_scale_change,2450,-0.009939759036144635
density_scale_change,2451,-0.002635542168674676
density_scale_change,2452,0.0060617469879518104
density_scale_change,2453,-0.0039909638554216365
density_scale_change,2454,-0.007115963855421736
density_scale_change,2455,-0.01227409638554211
density_scale_change,2456,-0.009224397590361422
density_scale_change,2457,-0.013780120481927671
density_scale_change,2458,0.030873493975903665
density_scale_change,2459,-0.008207831325301285
density_scale_change,2460,0.0060617469879518104
density_scale_change,2461,0.007944277108433706
density_scale_change,2462,0.007605421686747049
density_scale_change,2463,0.009487951807228945
density_scale_change,2464,0.01046686746987946
density_scale_change,2465,0.000903614457831381
density_scale_change,2466,0.029028614457831337
density_scale_change,2467,-0.00493222891566264
density_scale_change,2468,0.0033885542168674565
density_scale_change,2469,-0.00402861445783137
density_scale_change,2470,-0.007153614457831303
density_scale_change,2471,0.014683734939759052
density_scale_change,2472,0.011144578313252995
density_scale_change,2473,-0.009939759036144635
density_scale_change,2474,0.006814759036144591
density_scale_change,2475,0.0011295180722891152
density_scale_change,2476,-0.004103915662650615
density_scale_change,2477,0.005271084337349352
density_scale_change,2478,-0.01957831325301207
density_scale_change,2479,0.002635542168674676
density_scale_change,2480,0.009751506024096468
density_scale_change,2481,-0.008019578313253006
density_scale_change,2482,0.004066265060240992
density_scale_change,2483,0.0033885542168674565
density_scale_change,2484,0.005082831325301185
density_scale_change,2485,-0.01197289156626502
density_scale_change,2486,0.01671686746987955
density_scale_change,2487,-0.0018072289156627064
density_scale_change,2488,0.013215361445783058
density_scale_change,2489,0.005572289156626442
density_scale_change,2490,0.0030873493975902555
density_scale_change,2491,0.0021837349397589856
density_scale_change,2492,-0.0007530120481927804
density_scale_change,2493,0.004518072289156572
density_scale_change,2494,-0.008396084337349397
density_scale_change,2495,0.014006024096385516
density_scale_change,2496,0.008734939759036164
density_scale_change,2497,0.006852409638554269
density_scale_change,2498,0.009337349397590344
density_scale_change,2499,0.005082831325301185
density_scale_change,2500,0.01897590361445789
density_scale_change,2501,0.015625
density_scale_change,2502,-0.01291415662650608
density_scale_change,2503,-0.014006024096385572
density_scale_change,2504,-0.00033885542168676785
density_scale_change,2505,0.0072289156626504925
density_scale_change,2506,-0.005496987951807197
density_scale_change,2507,0.00986445783132528
density_scale_change,2508,0.0009036144578312699
density_scale_change,2509,-0.007605421686746994
density_scale_change,2510,-0.0028614457831325213
density_scale_change,2511,0.0004518072289156905
density_scale_change,2512,0.005572289156626442
density_scale_change,2513,0.0018072289156626509
density_scale_change,2514,0.015737951807229034
density_scale_change,2515,0.013102409638554247
density_scale_change,2516,-0.0076807228915662384
density_scale_change,2517,-0.0018448795180723288
density_scale_change,2518,0.0039909638554216365
density_scale_change,2519,0.009412650602409589
density_scale_change,2520,-0.016641566265060248
density_scale_change,2521,0.004593373493975927
density_scale_change,2522,-0.0182981927710843
density_scale_change,2523,0.003840361445783147
density_scale_change,2524,-0.0023343373493975306
density_scale_change,2525,0.002899096385542088
density_scale_change,2526,0.002936746987951877
density_scale_change,2527,0.013140060240963813
density_scale_change,2528,0.00410391566265067
density_scale_change,2529,-0.015436746987951833
density_scale_change,2530,0.0033885542168674565
density_scale_change,2531,0.0010542168674698704
density_scale_change,2532,0.004781626506024095
density_scale_change,2533,0.009826807228915602
density_scale_change,2534,-0.01144578313253014
density_scale_change,2535,0.0022213855421686635
density_scale_change,2536,-0.006513554216867445
density_scale_change,2537,-0.004932228915662695
density_scale_change,2538,-0.0039909638554216365
density_scale_change,2539,0.007981927710843273
density_scale_change,2540,-0.009036144578313254
density_scale_change,2541,0.012010542168674698
density_scale_change,2542,0.002371987951807264
density_scale_change,2543,0.004819277108433773
density_scale_change,2544,0.01671686746987955
density_scale_change,2545,0.017658132530120496
density_scale_change,2546,0.003576807228915624
density_scale_change,2547,0.005045180722891618
density_scale_change,2548,0.012198795180722977
density_scale_change,2549,0.009149096385542288
density_scale_change,2550,0.0004894578313252573
density_scale_change,2551,0.00030120481927709
density_scale_change,2552,-0.003539156626506057
density_scale_change,2553,-0.008207831325301285
density_scale_change,2554,-0.0048569277108433395
density_scale_change,2555,-0.006664156626506046
density_scale_change,2556,-0.0315512048192772
density_scale_change,2557,0.017996987951807264
density_scale_change,2558,-0.006664156626505935
density_scale_change,2559,0.006852409638554269
density_scale_change,2560,0.028124999999999956
density_scale_change,2561,0.008283132530120474
density_scale_change,2562,-0.0014307228915662606
density_scale_change,2563,0.017808734939758986
density_scale_change,2564,0.0002635542168675231
density_scale_change,2565,0.006777108433734913
density_scale_change,2566,-7.530120481930025e-05
density_scale_change,2567,0.021347891566265043
density_scale_change,2568,-0.010128012048192803
density_scale_change,2569,0.002409638554216942
density_scale_change,2570,-0.00022590361445790075
density_scale_change,2571,-0.009751506024096412
density_scale_change,2572,0.019917168674698837
density_scale_change,2573,0.0031249999999999334
density_scale_change,2574,-0.0014307228915662606
density_scale_change,2575,-0.013478915662650581
density_scale_change,2576,0.005534638554216764
density_scale_change,2577,-0.022439759036144535
density_scale_change,2578,-0.011746987951807175
density_scale_change,2579,0.007680722891566183
density_scale_change,2580,-0.002823795180722899
density_scale_change,2581,0.021272590361445798
density_scale_change,2582,-0.0053087349397590855
density_scale_change,2583,-0.005082831325301185
density_scale_change,2584,0.007605421686747049
density_scale_change,2585,0.013855421686746916
density_scale_change,2586,-0.0037650602409638467
density_scale_change,2587,0.010881024096385472
density_scale_change,2588,0.0014307228915662051
density_scale_change,2589,-0.015361445783132532
density_scale_change,2590,0.01622740963855418
density_scale_change,2591,-0.0016566265060241059
density_scale_change,2592,0.001204819277108471
density_scale_change,2593,0.013855421686746916
density_scale_change,2594,0.013817771084337349
density_scale_change,2595,0.00030120481927709
density_scale_change,2596,0.00850903614457832
density_scale_change,2597,0.0024849397590360756
density_scale_change,2598,-0.005647590361445798
density_scale_change,2599,-0.010128012048192803
density_scale_change,2600,-0.005120481927710807
density_scale_change,2601,-0.0011671686746987375
density_scale_change,2602,-0.009864457831325224
density_scale_change,2603,0.004518072289156572
density_scale_change,2604,0.0015813253012048056
density_scale_change,2605,0.01942771084337347
density_scale_change,2606,-0.0005271084337349907
density_scale_change,2607,-0.0014683734939759385
density_scale_change,2608,0.002108433734939852
density_scale_change,2609,0.00956325301204819
density_scale_change,2610,-0.01682981927710836
density_scale_change,2611,0.005948795180722999
density_scale_change,2612,0.000903614457831381
density_scale_change,2613,0.002334337349397475
density_scale_change,2614,-0.016039156626506013
density_scale_change,2615,-0.00030120481927709
density_scale_change,2616,-0.004969879518072207
density_scale_change,2617,0.0031249999999999334
density_scale_change,2618,0.013930722891566272
density_scale_change,2619,0.008697289156626598
density_scale_change,2620,-0.008132530120481873
density_scale_change,2621,0.0018448795180723288
density_scale_change,2622,0.0033885542168674565
density_scale_change,2623,0.002710843373494032
density_scale_change,2624,0.022816265060240926
density_scale_change,2625,0.008433734939759074
density_scale_change,2626,0.001506024096385561
density_scale_change,2627,0.006400602409638578
density_scale_change,2628,-0.011521084337349385
density_scale_change,2629,0.008772590361445842
density_scale_change,2630,-0.006777108433735024
density_scale_change,2631,-0.006551204819277068
density_scale_change,2632,-0.009337349397590344
density_scale_change,2633,-0.014457831325301262
density_scale_change,2634,0.0254518072289156
density_scale_change,2635,0.0015436746987951278
density_scale_change,2636,0.024021084337349508
density_scale_change,2637,0.0019578313253012514
density_scale_change,2638,0.0012801204819277157
density_scale_change,2639,-0.006325301204819278
density_scale_change,2640,-0.009412650602409645
density_scale_change,2641,-0.006061746987951755
density_scale_change,2642,-0.010542168674698815
density_scale_change,2643,0.0036897590361445465
density_scale_change,2644,0.012462349397590278
density_scale_change,2645,0.007417168674698771
density_scale_change,2646,0.0060240963855421326
density_scale_change,2647,-0.012801204819277101
density_scale_change,2648,0.006099397590361488
density_scale_change,2649,0.002673192771084354
density_scale_change,2650,-0.007868975903614517
density_scale_change,2651,0.012500000000000067
density_scale_change,2652,-0.003200301204819289
density_scale_change,2653,-0.004103915662650615
density_scale_change,2654,-0.0029367469879517105
density_scale_change,2655,0.009375000000000022
density_scale_change,2656,0.005346385542168597
density_scale_change,2657,-0.010203313253011992
density_scale_change,2658,-0.009789156626506035
density_scale_change,2659,0.003802710843373469
density_scale_change,2660,0.0033885542168674565
density_scale_change,2661,0.00530873493975903
density_scale_change,2662,-0.019465361445783258
density_scale_change,2663,-0.022552710843373514
density_scale_change,2664,0.02398343373493983
density_scale_change,2665,-0.015963855421686768
density_scale_change,2666,-0.013102409638554191
density_scale_change,2667,-0.002033132530120496
density_scale_change,2668,-0.004743975903614417
density_scale_change,2669,0.0021460843373493077
density_scale_change,2670,-0.008057228915662573
density_scale_change,2671,-0.01351656626506026
density_scale_change,2672,-0.0027108433734939763
density_scale_change,2673,-0.0034638554216867568
density_scale_change,2674,-0.002560240963855487
density_scale_change,2675,0.015549698795180755
density_scale_change,2676,0.0075301204819276935
density_scale_change,2677,0.021649096385542133
density_scale_change,2678,7.530120481924474e-05
density_scale_change,2679,0.02018072289156625
density_scale_change,2680,-0.0027108433734939763
density_scale_change,2681,0.013629518072289182
density_scale_change,2682,0.00060240963855418
density_scale_change,2683,-0.007492469879518127
density_scale_change,2684,0.0002635542168674121
density_scale_change,2685,0.00790662650602414
density_scale_change,2686,-0.0027484939759037097
density_scale_change,2687,-0.007680722891566294
density_scale_change,2688,-0.006664156626506046
density_scale_change,2689,-0.0012801204819277712
density_scale_change,2690,-0.012876506024096401
density_scale_change,2691,0.020594879518072262
density_scale_change,2692,-0.0075301204819276935
density_scale_change,2693,-0.0009412650602409478
density_scale_change,2694,-0.007191265060240926
density_scale_change,2695,-0.007153614457831303
density_scale_change,2696,0.015662650602409567
density_scale_change,2697,-0.004442771084337438
density_scale_change,2698,-0.003539156626506057
density_scale_change,2699,-0.01046686746987957
density_scale_change,2700,0.013516566265060148
density_scale_change,2701,0.014307228915662606
density_scale_change,2702,0.021009036144578275
density_scale_change,2703,-0.009600903614457812
density_scale_change,2704,-0.006099397590361377
density_scale_change,2705,0.010128012048192803
density_scale_change,2706,0.009676204819277001
density_scale_change,2707,0.003539156626506057
density_scale_change,2708,0.0007530120481927804
density_scale_change,2709,0.02153614457831332
density_scale_change,2710,0.008810240963855409
density_scale_change,2711,0.003200301204819289
density_scale_change,2712,-0.007906626506024084
density_scale_change,2713,-0.002635542168674676
density_scale_change,2714,0.0005647590361446131
density_scale_change,2715,-0.0014307228915663162
density_scale_change,2716,0.015737951807228923
density_scale_change,2717,0.010542168674698815
density_scale_change,2718,0.009412650602409589
density_scale_change,2719,-0.0024849397590361866
density_scale_change,2720,-0.01204819277108432
density_scale_change,2721,0.00865963855421692
density_scale_change,2722,-0.012951807228915702
density_scale_change,2723,0.013403614457831337
density_scale_change,2724,-0.01242469879518071
density_scale_change,2725,-0.008734939759036164
density_scale_change,2726,-0.005948795180722888
density_scale_change,2727,0.0045557228915662495
density_scale_change,2728,0.009111445783132499
density_scale_change,2729,-0.006588855421686746
density_scale_change,2730,0.008810240963855409
density_scale_change,2731,0.010052710843373558
density_scale_change,2732,0.009977409638554202
density_scale_change,2733,0.014759036144578297
density_scale_change,2734,0.019653614457831203
density_scale_change,2735,-0.006400602409638578
density_scale_change,2736,0.013780120481927671
density_scale_change,2737,0.00350150602409649
density_scale_change,2738,0.022213855421686746
density_scale_change,2739,-0.008509036144578375
density_scale_change,2740,0.015135542168674854
density_scale_change,2741,0.0018825301204818956
density_scale_change,2742,0.005346385542168597
density_scale_change,2743,0.008621987951807242
density_scale_change,2744,0.017658132530120496
density_scale_change,2745,0.00696536144578308
density_scale_change,2746,0.020293674698795172
density_scale_change,2747,0.011106927710843428
density_scale_change,2748,0.0028614457831325213
density_scale_change,2749,-0.007454819277108393
density_scale_change,2750,0.017545180722891573
density_scale_change,2751,-0.004743975903614417
density_scale_change,2752,0.021874999999999978
density_scale_change,2753,0.014043674698795194
density_scale_change,2754,-0.016340361445783158
density_scale_change,2755,0.00820783132530123
density_scale_change,2756,0.007417168674698771
density_scale_change,2757,-0.006099397590361488
density_scale_change,2758,-0.024021084337349397
density_scale_change,2759,0.017846385542168663
density_scale_change,2760,0.021498493975903532
density_scale_change,2761,0.011332831325301163
density_scale_change,2762,0.020707831325301185
density_scale_change,2763,0.01592620481927709
density_scale_change,2764,0.01957831325301207
density_scale_change,2765,0.006287650602409545
density_scale_change,2766,-0.009751506024096357
density_scale_change,2767,0.004743975903614417
density_scale_change,2768,0.010655120481927738
density_scale_change,2769,0.00805722891566274
density_scale_change,2770,-0.00022590361445778973
density_scale_change,2771,-0.005195783132530163
density_scale_change,2772,-0.005496987951807253
density_scale_change,2773,0.004668674698795172
density_scale_change,2774,0.004932228915662584
density_scale_change,2775,-0.0010165662650601925
density_scale_change,2776,-0.006475903614457823
density_scale_change,2777,0.02274096385542168
density_scale_change,2778,-0.006965361445783136
density_scale_change,2779,-0.0027484939759035987
density_scale_change,2780,0.0019578313253011403
density_scale_change,2781,0.013704819277108427
density_scale_change,2782,0.008170180722891551
density_scale_change,2783,0.003840361445783147
density_scale_change,2784,0.0063629518072289
density_scale_change,2785,-0.008998493975903632
density_scale_change,2786,0.0008283132530120252
density_scale_change,2787,0.015286144578313232
density_scale_change,2788,-0.010165662650602425
density_scale_change,2789,-0.007831325301204783
density_scale_change,2790,0.0009789156626506257
density_scale_change,2791,0.013930722891566272
density_scale_change,2792,-0.0006777108433735357
density_scale_change,2793,-0.004743975903614417
density_scale_change,2794,0.0
density_scale_change,2795,-0.010015060240963825
density_scale_change,2796,-0.005722891566264987
density_scale_change,2797,0.006438253012048145
density_scale_change,2798,0.01227409638554211
density_scale_change,2799,-0.006701807228915724
density_scale_change,2800,0.004179216867469804
density_scale_change,2801,0.0016566265060241614
density_scale_change,2802,-0.0012801204819277712
density_scale_change,2803,-0.006551204819277123
density_scale_change,2804,-0.0154743975903614
density_scale_change,2805,-0.006325301204819278
density_scale_change,2806,0.002108433734939741
density_scale_change,2807,-0.0010918674698795483
density_scale_change,2808,0.02078313253012054
density_scale_change,2809,0.02985692771084336
density_scale_change,2810,0.019954819277108404
density_scale_change,2811,-0.015286144578313232
density_scale_change,2812,0.002635542168674676
density_scale_change,2813,-0.009789156626506035
density_scale_change,2814,-0.0006777108433735357
density_scale_change,2815,-0.002597891566265109
density_scale_change,2816,0.0018072289156626509
density_scale_change,2817,-0.012876506024096401
density_scale_change,2818,0.014984939759036142
density_scale_change,2819,-0.008697289156626486
density_scale_change,2820,-0.0015813253012047501
density_scale_change,2821,0.021121987951807197
density_scale_change,2822,0.03034638554216862
density_scale_change,2823,0.012688253012048234
density_scale_change,2824,0.01957831325301207
density_scale_change,2825,-0.016340361445783158
density_scale_change,2826,-0.003426204819277079
density_scale_change,2827,-0.005045180722891618
density_scale_change,2828,0.006099397590361488
density_scale_change,2829,-0.004066265060240937
density_scale_change,2830,0.014457831325301207
density_scale_change,2831,0.005722891566265043
density_scale_change,2832,-0.0073795180722891485
density_scale_change,2833,0.017168674698795128
density_scale_change,2834,0.00835843373493983
density_scale_change,2835,-0.0006777108433735357
density_scale_change,2836,0.019013554216867457
density_scale_change,2837,-0.01351656626506026
density_scale_change,2838,-0.02153614457831321
density_scale_change,2839,0.016001506024096335
density_scale_change,2840,-0.0026731927710842984
density_scale_change,2841,0.012688253012048234
density_scale_change,2842,-0.007906626506024084
density_scale_change,2843,0.012010542168674698
density_scale_change,2844,0.03399849397590371
density_scale_change,2845,0.015135542168674632
density_scale_change,2846,0.003802710843373469
density_scale_change,2847,0.008772590361445731
density_scale_change,2848,0.011596385542168686
density_scale_change,2849,0.025828313253012047
density_scale_change,2850,0.0045557228915662495
density_scale_change,2851,-0.00018825301204816736
density_scale_change,2852,-0.008132530120481984
density_scale_change,2853,-0.011634036144578364
density_scale_change,2854,-0.01332831325301198
density_scale_change,2855,0.015323795180722799
density_scale_change,2856,0.018411144578313277
density_scale_change,2857,0.004141566265060237
density_scale_change,2858,0.012123493975903621
density_scale_change,2859,0.020858433734939785
density_scale_change,2860,0.002974397590361444
density_scale_change,2861,-0.006438253012048145
density_scale_change,2862,-0.0076807228915662384
density_scale_change,2863,0.009149096385542177
density_scale_change,2864,-0.012725903614457912
density_scale_change,2865,-0.01890060240963859
density_scale_change,2866,0.015210843373493987
density_scale_change,2867,3.765060240956686e-05
density_scale_change,2868,0.008734939759036164
density_scale_change,2869,0.03350903614457834
density_scale_change,2870,-0.000301204819277201
density_scale_change,2871,0.014231927710843473
density_scale_change,2872,0.003237951807228967
density_scale_change,2873,-0.002597891566265109
density_scale_change,2874,0.025602409638554202
density_scale_change,2875,-0.007944277108433706
density_scale_change,2876,0.004216867469879482
density_scale_change,2877,0.009676204819277001
density_scale_change,2878,0.0004141566265060126
density_scale_change,2879,0.01426957831325304
density_scale_change,2880,0.007567771084337371
density_scale_change,2881,-0.01001506024096388
density_scale_change,2882,0.010692771084337416
density_scale_change,2883,0.004141566265060237
density_scale_change,2884,-0.003501506024096379
density_scale_change,2885,0.014420180722891529
density_scale_change,2886,0.004593373493975927
density_scale_change,2887,0.008433734939759074
density_scale_change,2888,0.0036521084337349796
density_scale_change,2889,0.012876506024096401
density_scale_change,2890,0.019804216867469804
density_scale_change,2891,0.0009789156626505147
density_scale_change,2892,-0.012951807228915702
density_scale_change,2893,0.015813253012048167
density_scale_change,2894,0.007981927710843273
density_scale_change,2895,-0.0020707831325301185
density_scale_change,2896,0.013554216867469826
density_scale_change,2897,0.0063253012048192225
density_scale_change,2898,-0.0037650602409638467
density_scale_change,2899,0.0012424698795181488
density_scale_change,2900,0.0010918674698794373
density_scale_change,2901,-0.0029743975903614994
density_scale_change,2902,0.009939759036144635
density_scale_change,2903,-0.005572289156626498
density_scale_change,2904,0.005195783132530107
density_scale_change,2905,-0.025564759036144635
density_scale_change,2906,-0.004518072289156627
density_scale_change,2907,0.003802710843373469
density_scale_change,2908,0.007153614457831359
density_scale_change,2909,-0.0023343373493975306
density_scale_change,2910,-0.011709337349397553
density_scale_change,2911,0.016867469879518038
density_scale_change,2912,-0.0031626506024096668
density_scale_change,2913,0.005986445783132566
density_scale_change,2914,-0.016189759036144558
density_scale_change,2915,0.012387048192771144
density_scale_change,2916,0.007756024096385539
density_scale_change,2917,-0.0077936746987951055
density_scale_change,2918,-0.005948795180722943
density_scale_change,2919,0.0025602409638554313
density_scale_change,2920,-0.006174698795180733
density_scale_change,2921,0.00790662650602414
density_scale_change,2922,-0.009864457831325335
density_scale_change,2923,0.0004518072289156905
density_scale_change,2924,-0.0013554216867469604
density_scale_change,2925,0.02639307228915655
density_scale_change,2926,-0.009864457831325335
density_scale_change,2927,0.008358433734939719
density_scale_change,2928,0.00395331325301207
density_scale_change,2929,0.005308734939759141
density_scale_change,2930,0.011144578313252995
density_scale_change,2931,0.01897590361445778
density_scale_change,2932,-0.01069277108433736
density_scale_change,2933,0.00696536144578308
density_scale_change,2934,0.013742469879518104
density_scale_change,2935,0.017959337349397586
density_scale_change,2936,0.007944277108433706
density_scale_change,2937,0.00500753012048194
density_scale_change,2938,-0.008358433734939663
density_scale_change,2939,-0.01637801204819278
density_scale_change,2940,-0.002484939759036131
density_scale_change,2941,-0.006212349397590355
density_scale_change,2942,-0.009149096385542232
density_scale_change,2943,0.016415662650602347
density_scale_change,2944,-0.01069277108433736
density_scale_change,2945,-0.0012424698795181488
density_scale_change,2946,-0.0018448795180723288
density_scale_change,2947,0.0034638554216868123
density_scale_change,2948,0.0007906626506023473
density_scale_change,2949,0.0069277108433735135
density_scale_change,2950,-0.01084337349397596
density_scale_change,2951,-0.006061746987951755
density_scale_change,2952,0.01671686746987955
density_scale_change,2953,0.022213855421686746
density_scale_change,2954,-0.005271084337349408
density_scale_change,2955,-0.00553463855421682
density_scale_change,2956,0.0019578313253012514
density_scale_change,2957,-0.01204819277108432
density_scale_change,2958,0.006588855421686746
density_scale_change,2959,0.0036144578313253017
density_scale_change,2960,0.02183734939759041
density_scale_change,2961,-0.015625
density_scale_change,2962,-0.0030496987951807997
density_scale_change,2963,-0.00033885542168676785
density_scale_change,2964,0.010278614457831292
density_scale_change,2965,0.014947289156626464
density_scale_change,2966,0.00790662650602414
density_scale_change,2967,-0.007078313253012114
density_scale_change,2968,0.019390060240963902
density_scale_change,2969,0.007304216867469959
density_scale_change,2970,-0.012499999999999956
density_scale_change,2971,0.010203313253012047
density_scale_change,2972,-0.0018825301204819511
density_scale_change,2973,0.009713855421686679
density_scale_change,2974,-0.01799698795180732
density_scale_change,2975,-0.003802710843373469
density_scale_change,2976,-0.005082831325301185
density_scale_change,2977,-0.021385542168674776
density_scale_change,2978,-0.011219879518072295
density_scale_change,2979,-0.001204819277108471
density_scale_change,2980,0.019691265060240992
density_scale_change,2981,0.00865963855421692
density_scale_change,2982,-0.002033132530120496
density_scale_change,2983,-0.0013554216867469604
density_scale_change,2984,-0.005948795180722888
density_scale_change,2985,-0.019917168674698837
density_scale_change,2986,0.004141566265060237
density_scale_change,2987,0.00022590361445784524
density_scale_change,2988,-0.016039156626506013
density_scale_change,2989,0.017055722891566316
density_scale_change,2990,0.009826807228915602
density_scale_change,2991,0.019390060240963902
density_scale_change,2992,-0.013365963855421714
density_scale_change,2993,0.0018072289156625398
density_scale_change,2994,-0.0021837349397590966
density_scale_change,2995,0.009826807228915602
density_scale_change,2996,-0.014834337349397542
density_scale_change,2997,0.03215361445783138
density_scale_change,2998,0.0037274096385541133
density_scale_change,2999,0.012575301204819311
density_scale_change,3000,0.01061746987951806
density_scale_change,3001,-0.0016566265060241059
density_scale_change,3002,0.007718373493975861
density_scale_change,3003,-0.0002635542168674676
density_scale_change,3004,0.011859939759036098
density_scale_change,3005,-0.0024096385542168863
density_scale_change,3006,-0.010768072289156605
density_scale_change,3007,0.005572289156626442
density_scale_change,3008,0.017319277108433728
density_scale_change,3009,-0.009487951807228834
density_scale_change,3010,0.0057605421686747205
density_scale_change,3011,0.004593373493975816
density_scale_change,3012,0.007304216867469848
density_scale_change,3013,0.03219126506024095
density_scale_change,3014,-0.0008283132530120807
density_scale_change,3015,-0.0185993975903615
density_scale_change,3016,-0.006664156626506046
density_scale_change,3017,-0.012876506024096401
density_scale_change,3018,0.013102409638554247
density_scale_change,3019,-0.007304216867469904
density_scale_change,3020,0.0063629518072289
density_scale_change,3021,0.01746987951807233
density_scale_change,3022,0.010015060240963769
density_scale_change,3023,-0.003539156626506057
density_scale_change,3024,-0.01167168674698793
density_scale_change,3025,0.007831325301204894
density_scale_change,3026,-0.002296686746987908
density_scale_change,3027,-0.01615210843373499
density_scale_change,3028,0.004066265060240992
density_scale_change,3029,0.03294427710843373
density_scale_change,3030,0.005195783132530218
density_scale_change,3031,0.0063253012048192225
density_scale_change,3032,-0.008734939759036053
density_scale_change,3033,0.0013177710843373935
density_scale_change,3034,0.013704819277108427
density_scale_change,3035,0.00666415662650599
density_scale_change,3036,0.012688253012048234
density_scale_change,3037,-0.016566265060240948
density_scale_change,3038,-0.01287650602409629
density_scale_change,3039,-0.002033132530120496
density_scale_change,3040,-0.009487951807228945
density_scale_change,3041,0.0013554216867469604
density_scale_change,3042,-0.004216867469879537
density_scale_change,3043,0.004442771084337327
density_scale_change,3044,0.014156626506024117
density_scale_change,3045,0.0069277108433734025
density_scale_change,3046,0.019465361445783147
density_scale_change,3047,0.0063253012048192225
density_scale_change,3048,0.0018825301204818956
density_scale_change,3049,-0.0003765060240963902
density_scale_change,3050,-0.003501506024096379
density_scale_change,3051,0.010052710843373447
density_scale_change,3052,-0.0007906626506024028
density_scale_change,3053,0.016302710843373536
density_scale_change,3054,-0.007492469879518127
density_scale_change,3055,0.008697289156626486
density_scale_change,3056,0.005798192771084287
density_scale_change,3057,0.00530873493975903
density_scale_change,3058,0.009337349397590344
density_scale_change,3059,0.00289909638554231
density_scale_change,3060,0.021611445783132566
density_scale_change,3061,-0.012010542168674754
density_scale_change,3062,0.004668674698795172
density_scale_change,3063,0.014118975903614439
density_scale_change,3064,-0.011634036144578364
density_scale_change,3065,-0.014156626506024061
density_scale_change,3066,0.02228915662650599
density_scale_change,3067,0.010542168674698815
density_scale_change,3068,0.008132530120481873
density_scale_change,3069,0.000602409638554291
density_scale_change,3070,0.02123493975903623
density_scale_change,3071,-0.008509036144578264
density_scale_change,3072,0.00892319277108422
density_scale_change,3073,-0.0017695783132530285
density_scale_change,3074,-0.0073795180722891485
density_scale_change,3075,0.013554216867469826
density_scale_change,3076,-0.014608433734939752
density_scale_change,3077,-0.007567771084337316
density_scale_change,3078,-0.01069277108433736
density_scale_change,3079,-0.01234939759036141
density_scale_change,3080,0.014646084337349485
density_scale_change,3081,-0.011031626506024073
density_scale_change,3082,0.010090361445783125
density_scale_change,3083,0.01031626506024097
density_scale_change,3084,-0.01204819277108432
density_scale_change,3085,0.013742469879518104
density_scale_change,3086,3.765060240956686e-05
density_scale_change,3087,-0.002899096385542088
density_scale_change,3088,-0.013064759036144513
density_scale_change,3089,0.00022590361445784524
density_scale_change,3090,-0.002108433734939741
density_scale_change,3091,0.0025602409638554313
density_scale_change,3092,0.01472138554216873
density_scale_change,3093,0.009186746987951855
density_scale_change,3094,0.003012048192771122
density_scale_change,3095,0.027823795180722977
density_scale_change,3096,0.007981927710843384
density_scale_change,3097,0.0031249999999999334
density_scale_change,3098,-0.007831325301204783
density_scale_change,3099,0.026355421686746983
density_scale_change,3100,-0.008847891566265087
density_scale_change,3101,-0.008697289156626486
density_scale_change,3102,-0.006438253012048145
density_scale_change,3103,0.015399096385542155
density_scale_change,3104,-0.002108433734939741
density_scale_change,3105,-0.01396837349397595
density_scale_change,3106,0.022213855421686746
density_scale_change,3107,-0.0064759036144577675
density_scale_change,3108,-0.0017319277108433506
density_scale_change,3109,0.011746987951807175
density_scale_change,3110,0.0069277108433734025
density_scale_change,3111,0.0063253012048193336
density_scale_change,3112,-0.017243975903614428
density_scale_change,3113,0.010203313253012047
density_scale_change,3114,-0.0029743975903614994
density_scale_change,3115,0.01227409638554211
density_scale_change,3116,0.009789156626506035
density_scale_change,3117,0.002635542168674676
density_scale_change,3118,-0.013855421686747083
density_scale_change,3119,0.004631024096385494
density_scale_change,3120,0.022364457831325346
density_scale_change,3121,0.004631024096385494
density_scale_change,3122,-0.00033885542168671234
density_scale_change,3123,0.011144578313252995
density_scale_change,3124,-0.005271084337349408
density_scale_change,3125,0.0022590361445783413
density_scale_change,3126,-0.005195783132530163
density_scale_change,3127,0.0045557228915662495
density_scale_change,3128,-0.0021460843373494187
density_scale_change,3129,0.0057605421686747205
density_scale_change,3130,-0.008471385542168697
density_scale_change,3131,0.011746987951807286
density_scale_change,3132,-0.006099397590361488
density_scale_change,3133,0.01242469879518071
density_scale_change,3134,0.021498493975903643
density_scale_change,3135,0.01076807228915655
density_scale_change,3136,-0.0014307228915662606
density_scale_change,3137,0.005346385542168597
density_scale_change,3138,-0.003501506024096379
density_scale_change,3139,0.004254518072289271
density_scale_change,3140,-0.0034638554216867012
density_scale_change,3141,-0.007680722891566294
density_scale_change,3142,0.0007530120481927804
density_scale_change,3143,-0.011483433734939763
density_scale_change,3144,-0.0007530120481927804
density_scale_change,3145,-0.008734939759036053
density_scale_change,3146,-0.000903614457831381
density_scale_change,3147,0.009450301204819267
density_scale_change,3148,-0.0025602409638554313
density_scale_change,3149,-0.008471385542168697
density_scale_change,3150,0.01152108433734933
density_scale_change,3151,-0.0004894578313252573
density_scale_change,3152,-0.005158132530120596
density_scale_change,3153,-0.011219879518072295
density_scale_change,3154,0.025865963855421614
density_scale_change,3155,0.03757530120481922
density_scale_change,3156,-0.002033132530120496
density_scale_change,3157,-0.009337349397590455
density_scale_change,3158,0.0033132530120482118
density_scale_change,3159,-0.010090361445783125
density_scale_change,3160,0.007341867469879526
density_scale_change,3161,-0.007981927710843328
density_scale_change,3162,0.018637048192771122
density_scale_change,3163,0.011445783132530196
density_scale_change,3164,-0.01167168674698793
density_scale_change,3165,0.007379518072289093
density_scale_change,3166,-0.005120481927710807
density_scale_change,3167,-0.020933734939758974
density_scale_change,3168,-0.002484939759036131
density_scale_change,3169,-0.009638554216867434
density_scale_change,3170,0.013253012048192736
density_scale_change,3171,0.0013177710843373935
density_scale_change,3172,0.02078313253012054
density_scale_change,3173,-0.011219879518072351
density_scale_change,3174,0.0063629518072289
density_scale_change,3175,-0.007981927710843328
density_scale_change,3176,0.0254518072289156
density_scale_change,3177,-0.011596385542168741
density_scale_change,3178,0.018411144578313166
density_scale_change,3179,0.0027861445783132766
density_scale_change,3180,-0.0214231927710844
density_scale_change,3181,-0.006362951807228956
density_scale_change,3182,-0.01882530120481929
density_scale_change,3183,0.0019201807228915735
density_scale_change,3184,0.01987951807228927
density_scale_change,3185,0.019051204819277134
density_scale_change,3186,7.530120481924474e-05
density_scale_change,3187,-0.007115963855421736
density_scale_change,3188,-0.009111445783132444
density_scale_change,3189,-0.0011295180722891707
density_scale_change,3190,0.008396084337349397
density_scale_change,3191,0.003012048192771122
density_scale_change,3192,-0.007304216867469904
density_scale_change,3193,-0.002259036144578286
density_scale_change,3194,0.0045557228915663606
density_scale_change,3195,0.015436746987951833
density_scale_change,3196,0.0010165662650603036
density_scale_change,3197,0.003576807228915624
density_scale_change,3198,0.007341867469879526
density_scale_change,3199,0.011935240963855454
density_scale_change,3200,-0.0034638554216867568
density_scale_change,3201,0.0019954819277108182
density_scale_change,3202,-0.0027861445783132766
density_scale_change,3203,-0.014909638554216842
density_scale_change,3204,0.014156626506024117
density_scale_change,3205,-0.01129518072289154
density_scale_change,3206,0.003237951807228856
density_scale_change,3207,-0.01890060240963848
density_scale_change,3208,-0.002786144578313221
density_scale_change,3209,-0.010052710843373502
density_scale_change,3210,-0.0011295180722891707
density_scale_change,3211,-0.019352409638554224
density_scale_change,3212,0.0022590361445783413
density_scale_change,3213,0.01972891566265067
density_scale_change,3214,0.004819277108433773
density_scale_change,3215,0.01152108433734933
density_scale_change,3216,0.004894578313253017
density_scale_change,3217,-0.007153614457831303
density_scale_change,3218,-0.009111445783132444
density_scale_change,3219,-0.002710843373493921
density_scale_change,3220,0.012236445783132543
density_scale_change,3221,0.02183734939759041
density_scale_change,3222,0.01882530120481929
density_scale_change,3223,-0.004819277108433828
density_scale_change,3224,0.002334337349397586
density_scale_change,3225,-0.0032756024096385894
density_scale_change,3226,-0.011144578313252995
density_scale_change,3227,0.018637048192771122
density_scale_change,3228,-0.007304216867469904
density_scale_change,3229,0.011634036144578364
density_scale_change,3230,0.009036144578313254
density_scale_change,3231,0.01121987951807224
density_scale_change,3232,-0.012123493975903621
density_scale_change,3233,-0.009262048192771044
density_scale_change,3234,-0.0018072289156627064
density_scale_change,3235,0.0004894578313252573
density_scale_change,3236,0.0015813253012048056
density_scale_change,3237,-0.00022590361445778973
density_scale_change,3238,0.0075301204819276935
density_scale_change,3239,-0.009412650602409645
density_scale_change,3240,-0.012387048192771144
density_scale_change,3241,0.00395331325301207
density_scale_change,3242,0.005271084337349352
density_scale_change,3243,0.008132530120481873
density_scale_change,3244,-0.0036897590361445465
density_scale_change,3245,0.030082831325301207
density_scale_change,3246,-0.0010918674698795483
density_scale_change,3247,0.021762048192771055
density_scale_change,3248,0.00986445783132528
density_scale_change,3249,-0.006701807228915668
density_scale_change,3250,-0.0016566265060240504
density_scale_change,3251,-0.008094879518072307
density_scale_change,3252,0.011897590361445776
density_scale_change,3253,-0.007040662650602436
density_scale_change,3254,0.01777108433734942
density_scale_change,3255,0.00018825301204816736
density_scale_change,3256,0.004405120481927649
density_scale_change,3257,0.0033132530120482118
density_scale_change,3258,-0.014006024096385572
density_scale_change,3259,-0.007906626506024084
density_scale_change,3260,-0.010316265060241026
density_scale_change,3261,0.0022213855421686635
density_scale_change,3262,0.0092620481927711
density_scale_change,3263,-0.009450301204819267
density_scale_change,3264,0.0034262048192770234
density_scale_change,3265,-0.01509789156626501
density_scale_change,3266,0.007153614457831359
density_scale_change,3267,0.011897590361445776
density_scale_change,3268,-0.008885542168674765
density_scale_change,3269,0.01031626506024097
density_scale_change,3270,0.0157756024096386
density_scale_change,3271,-7.530120481930025e-05
density_scale_change,3272,0.0025602409638554313
density_scale_change,3273,0.005308734939759141
density_scale_change,3274,-0.0039909638554216365
density_scale_change,3275,0.009111445783132499
density_scale_change,3276,0.022816265060240926
density_scale_change,3277,0.0039909638554217475
density_scale_change,3278,0.0063253012048192225
density_scale_change,3279,0.01746987951807233
density_scale_change,3280,0.014156626506024117
density_scale_change,3281,-0.0015813253012048611
density_scale_change,3282,0.0005647590361446131
density_scale_change,3283,-0.006475903614457823
density_scale_change,3284,-0.002334337349397697
density_scale_change,3285,-0.009864457831325335
density_scale_change,3286,0.010805722891566227
density_scale_change,3287,0.008170180722891551
density_scale_change,3288,-0.0007906626506024028
density_scale_change,3289,0.0016942771084337283
density_scale_change,3290,0.013704819277108427
density_scale_change,3291,-0.01814759036144581
density_scale_change,3292,0.003802710843373469
density_scale_change,3293,-0.004668674698795228
density_scale_change,3294,0.007304216867469959
density_scale_change,3295,-0.005572289156626553
density_scale_change,3296,-0.015662650602409622
density_scale_change,3297,0.0008659638554217031
density_scale_change,3298,-0.007831325301204783
density_scale_change,3299,0.01954066265060239
density_scale_change,3300,0.004518072289156572
density_scale_change,3301,0.017545180722891573
density_scale_change,3302,0.0072289156626504925
density_scale_change,3303,0.0022213855421686635
density_scale_change,3304,0.0092620481927711
density_scale_change,3305,0.003878012048192714
density_scale_change,3306,0.01046686746987946
density_scale_change,3307,0.0
density_scale_change,3308,0.0072289156626504925
density_scale_change,3309,0.014006024096385516
density_scale_change,3310,0.018335843373494032
density_scale_change,3311,0.01152108433734933
density_scale_change,3312,0.0285015060240964
density_scale_change,3313,-0.011257530120481973
density_scale_change,3314,-0.006287650602409656
density_scale_change,3315,-0.014156626506024061
density_scale_change,3316,0.0015436746987952388
density_scale_change,3317,-0.012198795180722921
density_scale_change,3318,-0.000903614457831381
density_scale_change,3319,-0.01197289156626502
density_scale_change,3320,0.005120481927710863
density_scale_change,3321,-0.010391566265060215
density_scale_change,3322,0.018034638554216942
density_scale_change,3323,-0.01890060240963848
density_scale_change,3324,0.002936746987951877
density_scale_change,3325,0.012989457831325324
density_scale_change,3326,0.017394578313253084
density_scale_change,3327,-0.005459337349397575
density_scale_change,3328,-0.014759036144578241
density_scale_change,3329,0.027673192771084376
density_scale_change,3330,0.0007530120481927804
density_scale_change,3331,0.013064759036144569
density_scale_change,3332,0.01046686746987946
density_scale_change,3333,0.004894578313253017
density_scale_change,3334,0.009036144578313254
density_scale_change,3335,0.02394578313253004
density_scale_change,3336,0.006174698795180733
density_scale_change,3337,0.013177710843373491
density_scale_change,3338,0.00835843373493983
density_scale_change,3339,-0.0022966867469880192
density_scale_change,3340,0.0
density_scale_change,3341,0.019954819277108404
density_scale_change,3342,-0.007454819277108504
density_scale_change,3343,-0.015210843373493987
density_scale_change,3344,-0.014608433734939752
density_scale_change,3345,0.01362951807228907
density_scale_change,3346,-0.0035768072289156794
density_scale_change,3347,0.00500753012048194
density_scale_change,3348,0.017394578313252973
density_scale_change,3349,0.008094879518072307
density_scale_change,3350,0.020105421686747005
density_scale_change,3351,0.02277861445783136
density_scale_change,3352,0.0012424698795181488
density_scale_change,3353,0.013780120481927782
density_scale_change,3354,0.005271084337349352
density_scale_change,3355,0.008283132530120474
density_scale_change,3356,-0.021159638554216875
density_scale_change,3357,0.004367469879518082
density_scale_change,3358,-0.010316265060241026
density_scale_change,3359,0.0011295180722891152
density_scale_change,3360,-0.0028990963855422547
density_scale_change,3361,7.530120481924474e-05
density_scale_change,3362,0.020519578313253017
density_scale_change,3363,0.014081325301204872
density_scale_change,3364,-0.006814759036144535
density_scale_change,3365,-0.009563253012048134
density_scale_change,3366,0.0092620481927711
density_scale_change,3367,0.002296686746987908
density_scale_change,3368,0.002710843373493921
density_scale_change,3369,0.01686746987951815
density_scale_change,3370,-0.016415662650602403
density_scale_change,3371,-0.0036897590361446575
density_scale_change,3372,0.021950301204819223
density_scale_change,3373,-0.01069277108433736
density_scale_change,3374,-0.010466867469879515
density_scale_change,3375,0.0036897590361446575
density_scale_change,3376,-0.00971385542168679
density_scale_change,3377,0.012048192771084376
density_scale_change,3378,-0.01426957831325304
density_scale_change,3379,0.0051581325301205405
density_scale_change,3380,-0.0045557228915662495
density_scale_change,3381,0.027974397590361466
density_scale_change,3382,0.0010542168674699814
density_scale_change,3383,-0.005873493975903588
density_scale_change,3384,-0.012650602409638612
density_scale_change,3385,0.011031626506024184
density_scale_change,3386,0.007153614457831359
density_scale_change,3387,0.006814759036144591
density_scale_change,3388,0.01137048192771073
density_scale_change,3389,0.014608433734939696
density_scale_change,3390,0.0013930722891566383
density_scale_change,3391,0.021046686746987953
density_scale_change,3392,0.0011295180722891152
density_scale_change,3393,0.011445783132530196
density_scale_change,3394,0.007944277108433817
density_scale_change,3395,0.0016566265060241614
density_scale_change,3396,-0.012161144578313299
density_scale_change,3397,0.008546686746987997
density_scale_change,3398,0.0028614457831325213
density_scale_change,3399,-0.0012424698795180378
density_scale_change,3400,0.01942771084337347
density_scale_change,3401,0.00805722891566274
density_scale_change,3402,-0.002033132530120496
density_scale_change,3403,0.0017319277108432951
density_scale_change,3404,-0.01329066265060247
density_scale_change,3405,0.023117469879518127
density_scale_change,3406,0.02153614457831332
density_scale_change,3407,-0.013930722891566272
density_scale_change,3408,0.005346385542168597
density_scale_change,3409,-0.01592620481927709
density_scale_change,3410,0.0027861445783132766
density_scale_change,3411,-0.007906626506024084
density_scale_change,3412,0.001167168674698793
density_scale_change,3413,0.012500000000000067
density_scale_change,3414,0.003840361445783147
density_scale_change,3415,-0.000865963855421592
density_scale_change,3416,-0.0073795180722891485
density_scale_change,3417,0.002710843373493921
density_scale_change,3418,-0.01129518072289154
density_scale_change,3419,0.008885542168674654
density_scale_change,3420,0.008396084337349508
density_scale_change,3421,0.019164156626506057
density_scale_change,3422,0.002108433734939741
density_scale_change,3423,-0.015737951807228978
density_scale_change,3424,-0.01167168674698793
density_scale_change,3425,0.017846385542168663
density_scale_change,3426,0.009487951807228945
density_scale_change,3427,-0.009563253012048245
density_scale_change,3428,0.0009036144578312699
density_scale_change,3429,-0.0016942771084337283
density_scale_change,3430,-0.0014307228915662606
density_scale_change,3431,0.009713855421686679
density_scale_change,3432,0.003915662650602392
density_scale_change,3433,0.00896084337349401
density_scale_change,3434,-0.008207831325301174
density_scale_change,3435,-0.016566265060240948
density_scale_change,3436,-0.0024096385542168863
density_scale_change,3437,0.002409638554216942
density_scale_change,3438,0.02439759036144573
density_scale_change,3439,-0.01069277108433736
density_scale_change,3440,-0.013102409638554302
density_scale_change,3441,0.01076807228915655
density_scale_change,3442,-0.004819277108433717
density_scale_change,3443,0.019239457831325302
density_scale_change,3444,0.012236445783132543
density_scale_change,3445,-0.0033509036144577786
density_scale_change,3446,0.01822289156626511
density_scale_change,3447,0.005271084337349352
density_scale_change,3448,7.530120481924474e-05
density_scale_change,3449,0.005948795180722888
density_scale_change,3450,0.015512048192771077
density_scale_change,3451,-0.007680722891566294
density_scale_change,3452,0.004743975903614417
density_scale_change,3453,0.005534638554216764
density_scale_change,3454,-0.011144578313252995
density_scale_change,3455,0.0005647590361446131
density_scale_change,3456,0.011784638554216853
density_scale_change,3457,0.014420180722891529
density_scale_change,3458,0.012575301204819311
density_scale_change,3459,-0.00432981927710846
density_scale_change,3460,0.029028614457831337
density_scale_change,3461,0.0011295180722891152
density_scale_change,3462,0.014759036144578297
density_scale_change,3463,-0.00493222891566264
density_scale_change,3464,-0.008245481927710852
density_scale_change,3465,0.007944277108433706
density_scale_change,3466,-0.004292168674698726
density_scale_change,3467,7.530120481924474e-05
density_scale_change,3468,0.005835843373493965
density_scale_change,3469,0.0037274096385542244
density_scale_change,3470,-0.029141566265060204
density_scale_change,3471,0.02289156626506017
density_scale_change,3472,0.024510542168674654
density_scale_change,3473,0.006287650602409656
density_scale_change,3474,-0.0063253012048193336
density_scale_change,3475,0.012198795180722866
density_scale_change,3476,-0.022966867469879526
density_scale_change,3477,0.026129518072289137
density_scale_change,3478,-0.0059111445783132655
density_scale_change,3479,-0.0051581325301204295
density_scale_change,3480,0.015625
density_scale_change,3481,0.013441265060240903
density_scale_change,3482,-0.0051581325301204295
density_scale_change,3483,0.02228915662650599
density_scale_change,3484,0.008433734939759074
density_scale_change,3485,-0.01675451807228917
density_scale_change,3486,0.0036144578313253017
density_scale_change,3487,-0.006099397590361377
density_scale_change,3488,0.0024849397590361866
density_scale_change,3489,0.01957831325301207
density_scale_change,3490,0.020444277108433773
density_scale_change,3491,0.006174698795180733
density_scale_change,3492,-0.0038403614457830915
density_scale_change,3493,0.01227409638554211
density_scale_change,3494,0.003576807228915624
density_scale_change,3495,-0.0018825301204819511
density_scale_change,3496,0.0013930722891565273
density_scale_change,3497,0.006099397590361488
density_scale_change,3498,0.009977409638554202
density_scale_change,3499,0.00440512048192776
density_scale_change,3500,0.0027484939759037097
density_scale_change,3501,0.024322289156626486
density_scale_change,3502,0.01046686746987946
density_scale_change,3503,0.002936746987951766
density_scale_change,3504,-0.005384036144578219
density_scale_change,3505,-0.007567771084337316
density_scale_change,3506,-0.002936746987951877
density_scale_change,3507,0.010542168674698815
density_scale_change,3508,-0.004593373493975816
density_scale_change,3509,-0.01242469879518071
density_scale_change,3510,0.012876506024096401
density_scale_change,3511,-0.025188253012048245
density_scale_change,3512,0.005045180722891618
density_scale_change,3513,-0.03531626506024094
density_scale_change,3514,0.013403614457831337
density_scale_change,3515,0.011558734939759008
density_scale_change,3516,0.0031626506024097223
density_scale_change,3517,0.007341867469879526
density_scale_change,3518,-0.01009036144578318
density_scale_change,3519,0.018411144578313277
density_scale_change,3520,0.0005647590361446131
density_scale_change,3521,-0.0059111445783132655
density_scale_change,3522,0.007341867469879526
density_scale_change,3523,0.017620481927710818
density_scale_change,3524,0.012537650602409633
density_scale_change,3525,-0.007831325301204894
density_scale_change,3526,0.012763554216867479
density_scale_change,3527,0.007341867469879526
density_scale_change,3528,0.010993975903614506
density_scale_change,3529,0.011596385542168686
density_scale_change,3530,0.015625
density_scale_change,3531,0.0003765060240963347
density_scale_change,3532,0.013930722891566272
density_scale_change,3533,-0.003237951807228856
density_scale_change,3534,0.007605421686747049
density_scale_change,3535,0.013403614457831337
density_scale_change,3536,-0.007153614457831303
density_scale_change,3537,0.006137048192771055
density_scale_change,3538,-0.0021460843373494742
density_scale_change,3539,0.015135542168674743
density_scale_change,3540,-0.002033132530120496
density_scale_change,3541,0.019917168674698837
density_scale_change,3542,-0.0034638554216867012
density_scale_change,3543,0.012198795180722977
density_scale_change,3544,0.0033509036144578896
density_scale_change,3545,-0.013253012048192792
density_scale_change,3546,0.010542168674698815
density_scale_change,3547,0.004593373493975816
density_scale_change,3548,0.013478915662650581
density_scale_change,3549,0.006852409638554269
density_scale_change,3550,-0.0002635542168674676
density_scale_change,3551,0.027560240963855454
density_scale_change,3552,0.0030873493975903665
density_scale_change,3553,0.011257530120481918
density_scale_change,3554,0.014156626506024117
density_scale_change,3555,-0.007831325301204894
density_scale_change,3556,0.010278614457831292
density_scale_change,3557,-0.005346385542168597
density_scale_change,3558,-0.009713855421686735
density_scale_change,3559,0.00850903614457832
density_scale_change,3560,-0.019766566265060237
density_scale_change,3561,0.006137048192771166
density_scale_change,3562,-0.022402108433734913
density_scale_change,3563,0.010843373493975905
density_scale_change,3564,0.008433734939758963
density_scale_change,3565,0.021762048192771166
density_scale_change,3566,0.006287650602409545
density_scale_change,3567,0.00790662650602414
density_scale_change,3568,0.002296686746987908
density_scale_change,3569,0.015549698795180755
density_scale_change,3570,0.016114457831325257
density_scale_change,3571,0.02304216867469877
density_scale_change,3572,0.010090361445783236
density_scale_change,3573,0.004743975903614417
density_scale_change,3574,0.009224397590361422
density_scale_change,3575,-0.03147590361445779
density_scale_change,3576,0.014006024096385516
density_scale_change,3577,0.0018825301204818956
density_scale_change,3578,0.001506024096385561
density_scale_change,3579,-0.003840361445783147
density_scale_change,3580,-0.0012801204819277712
density_scale_change,3581,0.01927710843373498
density_scale_change,3582,0.01716867469879524
density_scale_change,3583,0.009713855421686679
density_scale_change,3584,0.012725903614457912
density_scale_change,3585,-0.005798192771084287
density_scale_change,3586,0.00726656626506017
density_scale_change,3587,0.01106927710843375
density_scale_change,3588,-0.004216867469879537
density_scale_change,3589,-0.011634036144578364
density_scale_change,3590,-0.0015813253012047501
density_scale_change,3591,0.005346385542168597
density_scale_change,3592,0.011031626506024073
density_scale_change,3593,-0.014006024096385572
density_scale_change,3594,-0.01242469879518071
density_scale_change,3595,0.01713102409638556
density_scale_change,3596,0.012499999999999956
density_scale_change,3597,0.013215361445783058
density_scale_change,3598,-0.0011295180722891707
density_scale_change,3599,0.004329819277108404
density_scale_change,3600,0.0025602409638555423
density_scale_change,3601,0.005082831325301185
density_scale_change,3602,-0.0069277108433735135
density_scale_change,3603,0.019653614457831314
density_scale_change,3604,0.003539156626506057
density_scale_change,3605,-0.006137048192771055
density_scale_change,3606,-0.014533132530120452
density_scale_change,3607,-0.009111445783132444
density_scale_change,3608,0.008810240963855409
density_scale_change,3609,0.024246987951807242
density_scale_change,3610,0.009450301204819267
density_scale_change,3611,0.013441265060240903
density_scale_change,3612,0.013667168674698749
density_scale_change,3613,-0.01615210843373499
density_scale_change,3614,-0.005233433734939785
density_scale_change,3615,-0.005496987951807197
density_scale_change,3616,-0.013253012048192792
density_scale_change,3617,0.01302710843373489
density_scale_change,3618,-0.0017319277108434061
density_scale_change,3619,0.006400602409638578
density_scale_change,3620,0.007680722891566294
density_scale_change,3621,0.01848644578313252
density_scale_change,3622,0.00022590361445784524
density_scale_change,3623,0.02228915662650599
density_scale_change,3624,0.023418674698795217
density_scale_change,3625,0.01061746987951806
density_scale_change,3626,0.0005647590361446131
density_scale_change,3627,0.011295180722891596
density_scale_change,3628,-0.00011295180722897813
density_scale_change,3629,0.011746987951807286
density_scale_change,3630,0.015097891566265065
density_scale_change,3631,0.014984939759036253
density_scale_change,3632,-0.007266566265060337
density_scale_change,3633,0.006438253012048256
density_scale_change,3634,-0.006325301204819278
density_scale_change,3635,0.015737951807228923
density_scale_change,3636,0.030271084337349485
density_scale_change,3637,-0.004518072289156627
density_scale_change,3638,0.0034638554216868123
density_scale_change,3639,-0.009864457831325335
density_scale_change,3640,-0.03516566265060245
density_scale_change,3641,-0.004141566265060237
density_scale_change,3642,-0.020143072289156627
density_scale_change,3643,0.000903614457831381
density_scale_change,3644,-0.009073795180722877
density_scale_change,3645,0.0077936746987951055
density_scale_change,3646,0.0022590361445783413
density_scale_change,3647,-0.003539156626506057
density_scale_change,3648,-0.002108433734939741
density_scale_change,3649,0.031777108433734935
density_scale_change,3650,0.013365963855421659
density_scale_change,3651,0.011935240963855565
density_scale_change,3652,-0.005195783132530163
density_scale_change,3653,0.014420180722891418
density_scale_change,3654,0.010128012048192803
density_scale_change,3655,0.018185240963855542
density_scale_change,3656,0.0009789156626505147
density_scale_change,3657,0.016905120481927716
density_scale_change,3658,0.002070783132530174
density_scale_change,3659,-0.0024096385542168863
density_scale_change,3660,0.00805722891566274
density_scale_change,3661,-0.010015060240963825
density_scale_change,3662,-0.014909638554216897
density_scale_change,3663,0.027221385542168686
density_scale_change,3664,0.020218373493975927
density_scale_change,3665,0.005496987951807197
density_scale_change,3666,0.007718373493975861
density_scale_change,3667,-0.007868975903614517
density_scale_change,3668,0.015286144578313232
density_scale_change,3669,-0.017243975903614428
density_scale_change,3670,-0.011483433734939763
density_scale_change,3671,0.011144578313252995
density_scale_change,3672,0.025376506024096468
density_scale_change,3673,0.02243975903614459
density_scale_change,3674,-0.0027108433734939763
density_scale_change,3675,0.008697289156626486
density_scale_change,3676,0.004932228915662584
density_scale_change,3677,0.010052710843373558
density_scale_change,3678,0.005534638554216764
density_scale_change,3679,-0.008396084337349397
density_scale_change,3680,0.01197289156626502
density_scale_change,3681,0.004781626506023984
density_scale_change,3682,-0.004969879518072318
density_scale_change,3683,0.03019578313253002
density_scale_change,3684,0.008772590361445842
density_scale_change,3685,-0.025414156626506035
density_scale_change,3686,0.004518072289156572
density_scale_change,3687,0.02959337349397584
density_scale_change,3688,-0.014420180722891529
density_scale_change,3689,-0.006249999999999978
density_scale_change,3690,-0.0010918674698795483
density_scale_change,3691,-0.020368975903614417
density_scale_change,3692,0.0024849397590360756
density_scale_change,3693,0.007868975903614461
density_scale_change,3694,0.01046686746987946
density_scale_change,3695,-0.01746987951807233
density_scale_change,3696,-0.0053087349397590855
density_scale_change,3697,-0.013780120481927671
density_scale_change,3698,0.0063253012048192225
density_scale_change,3699,-0.01656626506024106
density_scale_change,3700,-0.00022590361445778973
density_scale_change,3701,0.016490963855421703
density_scale_change,3702,0.0011295180722891152
density_scale_change,3703,-0.017921686746987908
density_scale_change,3704,-0.009638554216867434
density_scale_change,3705,0.017055722891566316
density_scale_change,3706,0.010429216867469782
density_scale_change,3707,0.002710843373493921
density_scale_change,3708,0.0075301204819276935
density_scale_change,3709,0.002334337349397475
density_scale_change,3710,0.02424698795180713
density_scale_change,3711,0.003915662650602392
density_scale_change,3712,0.0039909638554216365
density_scale_change,3713,0.002710843373493921
density_scale_change,3714,-0.0036521084337348686
density_scale_change,3715,-0.007153614457831303
density_scale_change,3716,-0.004442771084337327
density_scale_change,3717,-0.005120481927710807
density_scale_change,3718,0.012650602409638556
density_scale_change,3719,-0.0036521084337348686
density_scale_change,3720,0.0018072289156626509
density_scale_change,3721,0.019352409638554224
density_scale_change,3722,0.007304216867469959
density_scale_change,3723,-0.004442771084337327
density_scale_change,3724,0.004367469879518082
density_scale_change,3725,0.010090361445783236
density_scale_change,3726,0.01212349397590351
density_scale_change,3727,0.0016189759036144835
density_scale_change,3728,0.00726656626506017
density_scale_change,3729,0.027710843373493943
density_scale_change,3730,-0.01099397590361445
density_scale_change,3731,0.008283132530120474
density_scale_change,3732,-0.0007530120481927804
density_scale_change,3733,0.013704819277108427
density_scale_change,3734,-0.005158132530120485
density_scale_change,3735,-0.014759036144578408
density_scale_change,3736,-0.0017319277108434061
density_scale_change,3737,0.001769578313252973
density_scale_change,3738,0.003802710843373469
density_scale_change,3739,0.0018448795180723288
density_scale_change,3740,-0.009525602409638623
density_scale_change,3741,0.01016566265060237
density_scale_change,3742,-0.018862951807228967
density_scale_change,3743,0.016189759036144613
density_scale_change,3744,0.004216867469879482
density_scale_change,3745,0.00060240963855418
density_scale_change,3746,0.005271084337349352
density_scale_change,3747,0.004442771084337327
density_scale_change,3748,0.00790662650602414
density_scale_change,3749,0.01302710843373489
density_scale_change,3750,0.018787650602409722
density_scale_change,3751,-0.001618975903614428
density_scale_change,3752,-0.01137048192771084
density_scale_change,3753,0.008697289156626486
density_scale_change,3754,0.010240963855421725
density_scale_change,3755,-0.010052710843373502
density_scale_change,3756,0.002108433734939741
density_scale_change,3757,0.007115963855421681
density_scale_change,3758,0.010316265060240859
density_scale_change,3759,0.00896084337349401
density_scale_change,3760,0.0024849397590360756
density_scale_change,3761,0.018524096385542088
density_scale_change,3762,0.012123493975903621
density_scale_change,3763,0.010843373493976016
density_scale_change,3764,-0.026807228915662562
density_scale_change,3765,-0.0013554216867469604
density_scale_change,3766,0.0075301204819276935
density_scale_change,3767,0.010240963855421725
density_scale_change,3768,0.0006777108433734247
density_scale_change,3769,0.01972891566265067
density_scale_change,3770,-0.0072289156626506035
density_scale_change,3771,0.0024472891566265087
density_scale_change,3772,0.011106927710843428
density_scale_change,3773,0.001506024096385561
density_scale_change,3774,-0.007417168674698826
density_scale_change,3775,0.0025225903614457534
density_scale_change,3776,0.009450301204819267
density_scale_change,3777,-0.016114457831325257
density_scale_change,3778,0.009111445783132499
density_scale_change,3779,0.000903614457831381
density_scale_change,3780,-0.01227409638554211
density_scale_change,3781,0.016039156626506013
density_scale_change,3782,-0.005873493975903643
density_scale_change,3783,-0.002484939759036131
density_scale_change,3784,0.017243975903614484
density_scale_change,3785,-0.0036521084337348686
density_scale_change,3786,-0.002635542168674676
density_scale_change,3787,-0.01600150602409639
density_scale_change,3788,0.003840361445783147
density_scale_change,3789,0.007379518072289093
density_scale_change,3790,-0.008433734939759074
density_scale_change,3791,-0.014006024096385461
density_scale_change,3792,0.004819277108433773
density_scale_change,3793,-0.008998493975903632
density_scale_change,3794,0.003576807228915624
density_scale_change,3795,0.0021837349397590966
density_scale_change,3796,-0.0018072289156626509
density_scale_change,3797,0.0010542168674698704
density_scale_change,3798,0.014984939759036253
density_scale_change,3799,-0.014759036144578352
density_scale_change,3800,0.006099397590361377
density_scale_change,3801,-0.013328313253012092
density_scale_change,3802,0.006551204819277179
density_scale_change,3803,0.004781626506024095
density_scale_change,3804,0.013027108433735002
density_scale_change,3805,0.0012424698795180378
density_scale_change,3806,0.011596385542168797
density_scale_change,3807,-0.005346385542168708
density_scale_change,3808,-0.002183734939759041
density_scale_change,3809,-0.007906626506024084
density_scale_change,3810,0.012349397590361466
density_scale_change,3811,0.007304216867469959
density_scale_change,3812,-0.0003765060240963902
density_scale_change,3813,-3.765060240967788e-05
density_scale_change,3814,0.0018825301204818956
density_scale_change,3815,-0.011257530120481973
density_scale_change,3816,-0.019728915662650615
density_scale_change,3817,-0.01980421686746986
density_scale_change,3818,0.014344879518072284
density_scale_change,3819,0.013742469879518104
density_scale_change,3820,0.005873493975903532
density_scale_change,3821,0.00832078313253004
density_scale_change,3822,0.005271084337349352
density_scale_change,3823,-0.0033885542168674565
density_scale_change,3824,-0.0050075301204818845
density_scale_change,3825,0.024058734939759074
density_scale_change,3826,0.004593373493975927
density_scale_change,3827,0.007718373493975861
density_scale_change,3828,-0.006024096385542188
density_scale_change,3829,0.012349397590361466
density_scale_change,3830,0.00820783132530123
density_scale_change,3831,0.010128012048192803
density_scale_change,3832,-0.019879518072289215
density_scale_change,3833,-0.007417168674698826
density_scale_change,3834,-0.0013554216867469604
density_scale_change,3835,3.765060240956686e-05
density_scale_change,3836,0.012575301204819311
density_scale_change,3837,0.014156626506024117
density_scale_change,3838,0.003915662650602392
density_scale_change,3839,0.026204819277108382
density_scale_change,3840,-0.00033885542168671234
density_scale_change,3841,0.024322289156626486
density_scale_change,3842,0.01106927710843375
density_scale_change,3843,0.009713855421686679
density_scale_change,3844,0.013253012048192736
density_scale_change,3845,-0.026656626506024073
density_scale_change,3846,-0.0015813253012047501
density_scale_change,3847,-0.004367469879518138
density_scale_change,3848,0.005120481927710863
density_scale_change,3849,-0.015022590361445709
density_scale_change,3850,0.014081325301204872
density_scale_change,3851,-0.003237951807228856
density_scale_change,3852,0.002296686746987908
density_scale_change,3853,0.01076807228915655
density_scale_change,3854,-0.005760542168674665
density_scale_change,3855,0.006475903614457823
density_scale_change,3856,-0.019390060240963847
density_scale_change,3857,0.00018825301204816736
density_scale_change,3858,-0.0003765060240963902
density_scale_change,3859,0.025753012048192803
density_scale_change,3860,0.005873493975903532
density_scale_change,3861,0.006701807228915779
density_scale_change,3862,0.006099397590361377
density_scale_change,3863,-0.013667168674698804
density_scale_change,3864,-0.004894578313253017
density_scale_change,3865,-0.0005271084337349907
density_scale_change,3866,0.0060240963855421326
density_scale_change,3867,-0.000903614457831381
density_scale_change,3868,-0.008998493975903632
density_scale_change,3869,-0.0034638554216867568
density_scale_change,3870,0.0
density_scale_change,3871,0.010692771084337305
density_scale_change,3872,-0.0037650602409638467
density_scale_change,3873,0.006551204819277179
density_scale_change,3874,-0.0027861445783132766
density_scale_change,3875,0.009036144578313254
density_scale_change,3876,0.0403614457831325
density_scale_change,3877,-0.0011295180722891707
density_scale_change,3878,-0.008885542168674654
density_scale_change,3879,-0.01332831325301198
density_scale_change,3880,0.007153614457831359
density_scale_change,3881,0.0028237951807228434
density_scale_change,3882,-0.0008283132530120807
density_scale_change,3883,-0.007191265060240926
density_scale_change,3884,0.0027484939759037097
density_scale_change,3885,-0.002108433734939741
density_scale_change,3886,-0.016942771084337338
density_scale_change,3887,0.0005647590361446131
density_scale_change,3888,0.0030496987951806886
density_scale_change,3889,0.008471385542168641
density_scale_change,3890,0.004894578313253017
density_scale_change,3891,-0.0036897590361445465
density_scale_change,3892,-0.009299698795180722
density_scale_change,3893,-0.005572289156626553
density_scale_change,3894,0.011784638554216964
density_scale_change,3895,0.018750000000000044
density_scale_change,3896,0.01788403614457834
density_scale_change,3897,0.013403614457831337
density_scale_change,3898,0.017055722891566205
density_scale_change,3899,-0.014231927710843417
density_scale_change,3900,0.006890060240963836
density_scale_change,3901,-0.002899096385542088
density_scale_change,3902,0.013441265060240903
density_scale_change,3903,0.011483433734939763
density_scale_change,3904,0.016302710843373425
density_scale_change,3905,0.015323795180722799
density_scale_change,3906,0.007454819277108449
density_scale_change,3907,0.01637801204819278
density_scale_change,3908,0.011596385542168686
density_scale_change,3909,0.006099397590361488
density_scale_change,3910,0.012198795180722977
density_scale_change,3911,0.007492469879518127
density_scale_change,3912,0.008772590361445842
density_scale_change,3913,0.01242469879518071
density_scale_change,3914,-0.011558734939758952
density_scale_change,3915,0.0030873493975904776
density_scale_change,3916,0.002108433734939741
density_scale_change,3917,-0.006287650602409545
density_scale_change,3918,0.010052710843373558
density_scale_change,3919,0.008734939759036053
density_scale_change,3920,0.026920180722891596
density_scale_change,3921,0.01746987951807233
density_scale_change,3922,0.008885542168674654
density_scale_change,3923,-0.021385542168674776
density_scale_change,3924,0.004819277108433773
density_scale_change,3925,0.014984939759036142
density_scale_change,3926,0.007643072289156727
density_scale_change,3927,0.00896084337349401
density_scale_change,3928,0.0048569277108434505
density_scale_change,3929,0.0022213855421686635
density_scale_change,3930,0.012801204819277157
density_scale_change,3931,0.002710843373494032
density_scale_change,3932,-0.007003012048192814
density_scale_change,3933,-0.009525602409638512
density_scale_change,3934,0.006287650602409545
density_scale_change,3935,-0.007868975903614517
density_scale_change,3936,-0.010240963855421614
density_scale_change,3937,0.013328313253012092
density_scale_change,3938,0.005948795180722888
density_scale_change,3939,-0.01106927710843375
density_scale_change,3940,0.021912650602409545
density_scale_change,3941,0.011219879518072351
density_scale_change,3942,-0.008923192771084332
density_scale_change,3943,-0.008094879518072307
density_scale_change,3944,0.01671686746987955
density_scale_change,3945,0.00805722891566274
density_scale_change,3946,-0.006475903614457823
density_scale_change,3947,0.015210843373493987
density_scale_change,3948,0.014156626506024117
density_scale_change,3949,-0.0023719879518072085
density_scale_change,3950,-0.005120481927710807
density_scale_change,3951,0.013140060240963813
density_scale_change,3952,0.002108433734939741
density_scale_change,3953,-0.0020331325301204406
density_scale_change,3954,-0.0001506024096386005
density_scale_change,3955,0.0057605421686747205
density_scale_change,3956,-0.005572289156626553
density_scale_change,3957,-0.0027108433734939763
density_scale_change,3958,-0.011182228915662673
density_scale_change,3959,-0.0039909638554216365
density_scale_change,3960,-0.007191265060240926
density_scale_change,3961,-0.0030120481927710663
density_scale_change,3962,0.02959337349397584
density_scale_change,3963,-0.02010542168674695
density_scale_change,3964,0.0013554216867469604
density_scale_change,3965,0.014081325301204761
density_scale_change,3966,-0.0020707831325301185
density_scale_change,3967,-0.008584337349397675
density_scale_change,3968,0.007831325301204783
density_scale_change,3969,-0.013855421686746971
density_scale_change,3970,-0.0017319277108433506
density_scale_change,3971,0.0033885542168674565
density_scale_change,3972,0.020444277108433773
density_scale_change,3973,0.006174698795180622
density_scale_change,3974,-0.006739457831325346
density_scale_change,3975,0.008245481927710907
density_scale_change,3976,0.02292921686746996
density_scale_change,3977,-0.027334337349397553
density_scale_change,3978,0.023870481927710907
density_scale_change,3979,0.006400602409638578
density_scale_change,3980,-0.014721385542168619
density_scale_change,3981,0.017846385542168663
density_scale_change,3982,0.013554216867469826
density_scale_change,3983,-0.01600150602409639
density_scale_change,3984,0.0016189759036144835
density_scale_change,3985,-0.0013554216867469604
density_scale_change,3986,0.00030120481927697895
density_scale_change,3987,-0.0075301204819276935
density_scale_change,3988,-0.006965361445783136
density_scale_change,3989,0.012914156626505968
density_scale_change,3990,-0.011709337349397664
density_scale_change,3991,0.006852409638554158
density_scale_change,3992,0.003878012048192714
density_scale_change,3993,0.014231927710843362
density_scale_change,3994,0.0016942771084337283
density_scale_change,3995,0.008132530120481873
density_scale_change,3996,-0.006626506024096368
density_scale_change,3997,-0.015512048192771077
density_scale_change,3998,0.011144578313252995
density_scale_change,3999,0.020067771084337327
density_scale_change,4000,-0.006174698795180733
density_scale_change,4001,0.016867469879518038
density_scale_change,4002,-0.006777108433734913
density_scale_change,4003,0.004932228915662584
density_scale_change,4004,0.01061746987951806
density_scale_change,4005,-0.009036144578313254
density_scale_change,4006,0.010090361445783236
density_scale_change,4007,-0.011897590361445776
density_scale_change,4008,0.01152108433734933
density_scale_change,4009,0.015625
density_scale_change,4010,0.009450301204819378
density_scale_change,4011,-0.021460843373493965
density_scale_change,4012,0.012763554216867479
density_scale_change,4013,0.00801957831325295
density_scale_change,4014,0.02409638554216864
density_scale_change,4015,0.0033509036144578896
density_scale_change,4016,0.015625
density_scale_change,4017,-0.020933734939758974
density_scale_change,4018,-0.0018825301204819511
density_scale_change,4019,0.008885542168674654
density_scale_change,4020,0.014006024096385516
density_scale_change,4021,-0.007191265060240926
density_scale_change,4022,0.003275602409638534
density_scale_change,4023,-0.005798192771084398
density_scale_change,4024,0.005986445783132455
density_scale_change,4025,-0.013704819277108482
density_scale_change,4026,-3.765060240967788e-05
density_scale_change,4027,0.007454819277108449
density_scale_change,4028,-0.014382530120481962
density_scale_change,4029,0.018298192771084354
density_scale_change,4030,-0.0038403614457830915
density_scale_change,4031,0.0008659638554217031
density_scale_change,4032,0.014646084337349485
density_scale_change,4033,0.003200301204819289
density_scale_change,4034,-0.008207831325301285
density_scale_change,4035,0.018298192771084354
density_scale_change,4036,0.018448795180722954
density_scale_change,4037,0.006701807228915779
density_scale_change,4038,-0.0017319277108433506
density_scale_change,4039,0.007680722891566294
density_scale_change,4040,-0.01114457831325305
density_scale_change,4041,0.013478915662650581
density_scale_change,4042,0.011144578313252995
density_scale_change,4043,-0.0013930722891566383
density_scale_change,4044,-3.765060240962237e-05
density_scale_change,4045,-0.004631024096385605
density_scale_change,4046,-0.021084337349397575
density_scale_change,4047,0.005572289156626442
density_scale_change,4048,-0.002221385542168719
density_scale_change,4049,0.005233433734939785
density_scale_change,4050,0.017771084337349308
density_scale_change,4051,0.02274096385542168
density_scale_change,4052,0.008734939759036053
density_scale_change,4053,0.004292168674698726
density_scale_change,4054,0.0057605421686747205
density_scale_change,4055,0.023268072289156616
density_scale_change,4056,-0.005120481927710807
density_scale_change,4057,-0.0001506024096386005
density_scale_change,4058,0.005421686746987953
density_scale_change,4059,-0.0018072289156626509
density_scale_change,4060,-0.0036144578313252462
density_scale_change,4061,0.025000000000000022
density_scale_change,4062,-0.003200301204819289
density_scale_change,4063,0.003501506024096268
density_scale_change,4064,0.0036144578313253017
density_scale_change,4065,-0.0017695783132530285
density_scale_change,4066,0.0063629518072289
density_scale_change,4067,0.006814759036144591
density_scale_change,4068,0.022966867469879526
density_scale_change,4069,-0.011709337349397553
density_scale_change,4070,0.0005271084337349352
density_scale_change,4071,0.006513554216867501
density_scale_change,4072,0.013478915662650692
density_scale_change,4073,-0.017168674698795128
density_scale_change,4074,0.015813253012048167
density_scale_change,4075,0.01788403614457834
density_scale_change,4076,-0.021310240963855365
density_scale_change,4077,7.530120481924474e-05
density_scale_change,4078,0.00018825301204816736
density_scale_change,4079,0.005647590361445798
density_scale_change,4080,0.006588855421686746
density_scale_change,4081,-0.015361445783132532
density_scale_change,4082,-0.00432981927710846
density_scale_change,4083,-0.004179216867469859
density_scale_change,4084,0.02274096385542168
density_scale_change,4085,0.011144578313252995
density_scale_change,4086,-0.002823795180722899
density_scale_change,4087,-0.011182228915662562
density_scale_change,4088,-0.0020707831325301185
density_scale_change,4089,0.005609939759036231
density_scale_change,4090,-0.012537650602409633
density_scale_change,4091,-0.020707831325301185
density_scale_change,4092,-0.013554216867469882
density_scale_change,4093,0.009789156626506035
density_scale_change,4094,0.0001506024096386005
density_scale_change,4095,-0.004668674698795228
density_scale_change,4096,-0.012161144578313299
density_scale_change,4097,0.006814759036144591
density_scale_change,4098,0.004781626506024095
density_scale_change,4099,0.00022590361445784524
density_scale_change,4100,0.004480421686747005
density_scale_change,4101,0.010692771084337416
density_scale_change,4102,0.0018448795180723288
density_scale_change,4103,-0.02789909638554211
density_scale_change,4104,0.014231927710843362
density_scale_change,4105,0.0028237951807228434
density_scale_change,4106,-0.010165662650602425
density_scale_change,4107,0.0054593373493976305
density_scale_change,4108,-0.00432981927710846
density_scale_change,4109,0.024472891566265087
density_scale_change,4110,0.001204819277108471
density_scale_change,4111,-3.765060240962237e-05
density_scale_change,4112,0.0036144578313253017
density_scale_change,4113,-0.011370481927710785
density_scale_change,4114,-0.006061746987951755
density_scale_change,4115,-0.0005647590361445576
density_scale_change,4116,0.0022590361445783413
density_scale_change,4117,0.010391566265060215
density_scale_change,4118,0.0013554216867469604
density_scale_change,4119,0.009713855421686679
density_scale_change,4120,-0.002296686746987908
density_scale_change,4121,0.015022590361445709
density_scale_change,4122,-0.014533132530120452
density_scale_change,4123,-0.0027108433734939763
density_scale_change,4124,0.01031626506024097
density_scale_change,4125,0.004141566265060237
density_scale_change,4126,0.002936746987951766
density_scale_change,4127,-0.01957831325301207
density_scale_change,4128,0.013365963855421659
density_scale_change,4129,0.016490963855421703
density_scale_change,4130,0.01076807228915666
density_scale_change,4131,0.013290662650602525
density_scale_change,4132,-0.006588855421686746
density_scale_change,4133,0.0
density_scale_change,4134,-0.004103915662650615
density_scale_change,4135,0.004216867469879482
density_scale_change,4136,0.01197289156626491
density_scale_change,4137,0.01607680722891558
density_scale_change,4138,-0.0126506024096385
density_scale_change,4139,-0.0025602409638554313
density_scale_change,4140,0.005233433734939785
density_scale_change,4141,-0.006814759036144535
density_scale_change,4142,-0.0004141566265060126
density_scale_change,4143,0.0057605421686747205
density_scale_change,4144,0.0036897590361446575
density_scale_change,4145,0.0018825301204818956
density_scale_change,4146,0.001506024096385561
density_scale_change,4147,-0.013591867469879504
density_scale_change,4148,0.009600903614457867
density_scale_change,4149,-0.008923192771084332
density_scale_change,4150,0.01746987951807233
density_scale_change,4151,0.004442771084337327
density_scale_change,4152,-0.0037650602409638467
density_scale_change,4153,0.02014307228915657
density_scale_change,4154,0.008847891566265087
density_scale_change,4155,0.013403614457831337
density_scale_change,4156,0.0009412650602409478
density_scale_change,4157,0.00832078313253004
density_scale_change,4158,0.005572289156626553
density_scale_change,4159,0.0017319277108432951
density_scale_change,4160,0.012801204819277157
density_scale_change,4161,-0.0027108433734939763
density_scale_change,4162,-0.021460843373493965
density_scale_change,4163,-0.017168674698795128
density_scale_change,4164,0.018637048192771122
density_scale_change,4165,-0.021159638554216875
density_scale_change,4166,0.0072289156626506035
density_scale_change,4167,0.012161144578313188
density_scale_change,4168,0.02564006024096377
density_scale_change,4169,-0.0076807228915662384
density_scale_change,4170,0.0060240963855421326
density_scale_change,4171,-0.0013930722891566383
density_scale_change,4172,0.014984939759036142
density_scale_change,4173,-0.009186746987951855
density_scale_change,4174,-0.0013930722891566383
density_scale_change,4175,0.01152108433734933
density_scale_change,4176,-0.0007530120481927804
density_scale_change,4177,0.007078313253012003
density_scale_change,4178,-0.010768072289156605
density_scale_change,4179,0.009299698795180777
density_scale_change,4180,0.010993975903614506
density_scale_change,4181,0.010692771084337416
density_scale_change,4182,-0.01833584337349392
density_scale_change,4183,-0.007492469879518127
density_scale_change,4184,0.020858433734939785
density_scale_change,4185,-0.0039909638554216365
density_scale_change,4186,0.01076807228915655
density_scale_change,4187,-0.020632530120481885
density_scale_change,4188,0.01121987951807224
density_scale_change,4189,0.007831325301204894
density_scale_change,4190,-0.0005271084337349907
density_scale_change,4191,0.007718373493975861
density_scale_change,4192,0.01227409638554211
density_scale_change,4193,0.007981927710843384
density_scale_change,4194,0.0015436746987951278
density_scale_change,4195,-0.00022590361445778973
density_scale_change,4196,0.002635542168674676
density_scale_change,4197,0.0048569277108434505
density_scale_change,4198,-0.00120481927710836
density_scale_change,4199,0.012537650602409744
density_scale_change,4200,-0.025301204819277112
density_scale_change,4201,0.007191265060240926
density_scale_change,4202,-0.004593373493975816
density_scale_change,4203,0.008847891566265087
density_scale_change,4204,-0.009826807228915602
density_scale_change,4205,0.018335843373494032
density_scale_change,4206,0.02277861445783136
density_scale_change,4207,-0.009262048192771044
density_scale_change,4208,-0.007868975903614517
density_scale_change,4209,0.007981927710843273
density_scale_change,4210,-0.007492469879518127
density_scale_change,4211,-0.003539156626506057
density_scale_change,4212,0.018411144578313277
density_scale_change,4213,-0.003915662650602447
density_scale_change,4214,0.011295180722891596
density_scale_change,4215,-0.006852409638554213
density_scale_change,4216,0.02959337349397584
density_scale_change,4217,0.00470632530120485
density_scale_change,4218,0.0092620481927711
density_scale_change,4219,0.0021460843373493077
density_scale_change,4220,-0.009262048192771044
density_scale_change,4221,-0.002936746987951766
density_scale_change,4222,0.0005271084337349352
density_scale_change,4223,0.01957831325301207
density_scale_change,4224,0.006287650602409656
density_scale_change,4225,0.003237951807228967
density_scale_change,4226,-0.009563253012048134
density_scale_change,4227,-0.01867469879518069
density_scale_change,4228,-0.009412650602409645
density_scale_change,4229,0.009977409638554202
density_scale_change,4230,0.0036897590361446575
density_scale_change,4231,0.002371987951807264
density_scale_change,4232,-0.004066265060240937
density_scale_change,4233,0.025075301204819267
density_scale_change,4234,0.018900602409638534
density_scale_change,4235,0.010542168674698815
density_scale_change,4236,-0.003426204819277079
density_scale_change,4237,-0.006249999999999978
density_scale_change,4238,0.018749999999999933
density_scale_change,4239,-0.004254518072289215
density_scale_change,4240,0.0015436746987951278
density_scale_change,4241,0.01833584337349392
density_scale_change,4242,0.0190888554216867
density_scale_change,4243,0.011709337349397608
density_scale_change,4244,0.00060240963855418
density_scale_change,4245,-0.002597891566265109
density_scale_change,4246,-0.010730421686746983
density_scale_change,4247,-0.013140060240963813
density_scale_change,4248,0.011709337349397608
density_scale_change,4249,0.011257530120481918
density_scale_change,4250,0.018787650602409722
density_scale_change,4251,0.013328313253012092
density_scale_change,4252,0.016039156626506124
density_scale_change,4253,0.011483433734939763
density_scale_change,4254,0.010090361445783236
density_scale_change,4255,0.005346385542168597
density_scale_change,4256,0.016340361445783214
density_scale_change,4257,-0.0011295180722891707
density_scale_change,4258,-0.0003765060240963902
density_scale_change,4259,-0.013027108433735002
density_scale_change,4260,-0.006513554216867556
density_scale_change,4261,-0.014006024096385572
density_scale_change,4262,0.014796686746987975
density_scale_change,4263,-0.019465361445783147
density_scale_change,4264,-0.004141566265060237
density_scale_change,4265,-0.008019578313253006
density_scale_change,4266,-0.0077936746987951055
density_scale_change,4267,0.009375000000000022
density_scale_change,4268,0.009299698795180666
density_scale_change,4269,0.003878012048192825
density_scale_change,4270,0.010391566265060215
density_scale_change,4271,0.011596385542168797
density_scale_change,4272,-0.004216867469879537
density_scale_change,4273,0.005045180722891618
density_scale_change,4274,0.0063253012048192225
density_scale_change,4275,-0.01539909638554221
density_scale_change,4276,-0.01859939759036139
density_scale_change,4277,0.016792168674698793
density_scale_change,4278,-0.015888554216867468
density_scale_change,4279,0.0066265060240963125
density_scale_change,4280,0.015963855421686657
density_scale_change,4281,0.0002635542168675231
density_scale_change,4282,-0.026844879518072295
density_scale_change,4283,0.0007906626506023473
density_scale_change,4284,-0.008132530120481984
density_scale_change,4285,0.00530873493975903
density_scale_change,4286,-0.010278614457831403
density_scale_change,4287,-0.002183734939759041
density_scale_change,4288,-0.001204819277108471
density_scale_change,4289,-0.0016566265060241059
density_scale_change,4290,-7.530120481930025e-05
density_scale_change,4291,-0.0127259036144578
density_scale_change,4292,0.006551204819277179
density_scale_change,4293,0.01227409638554211
density_scale_change,4294,-0.0002635542168674676
density_scale_change,4295,0.0025602409638555423
density_scale_change,4296,0.012650602409638556
density_scale_change,4297,0.015135542168674632
density_scale_change,4298,0.003840361445783147
density_scale_change,4299,0.017921686746987908
density_scale_change,4300,-0.01129518072289154
density_scale_change,4301,0.0063253012048193336
density_scale_change,4302,0.013478915662650581
density_scale_change,4303,-0.0028614457831325213
density_scale_change,4304,0.005986445783132566
density_scale_change,4305,-0.009224397590361422
density_scale_change,4306,-0.0037274096385542244
density_scale_change,4307,0.019465361445783036
density_scale_change,4308,0.0010542168674698704
density_scale_change,4309,0.006701807228915779
density_scale_change,4310,0.005496987951807308
density_scale_change,4311,-0.008772590361445787
density_scale_change,4312,-0.005722891566265098
density_scale_change,4313,0.0
density_scale_change,4314,0.0008283132530120252
density_scale_change,4315,0.02319277108433726
density_scale_change,4316,0.0016189759036144835
density_scale_change,4317,0.02609186746987946
density_scale_change,4318,-0.016641566265060193
density_scale_change,4319,0.0018825301204818956
density_scale_change,4320,0.010881024096385583
density_scale_change,4321,0.004969879518072262
density_scale_change,4322,-0.016189759036144558
density_scale_change,4323,-0.010692771084337305
density_scale_change,4324,-0.011106927710843373
density_scale_change,4325,-0.013102409638554191
density_scale_change,4326,-0.006400602409638578
density_scale_change,4327,0.014081325301204872
density_scale_change,4328,0.0021460843373493077
density_scale_change,4329,-0.0016942771084337283
density_scale_change,4330,0.006551204819277179
density_scale_change,4331,0.0030873493975902555
density_scale_change,4332,-0.0027861445783132766
density_scale_change,4333,-0.008885542168674654
density_scale_change,4334,-0.011822289156626531
density_scale_change,4335,0.02673192771084343
density_scale_change,4336,-0.010881024096385583
density_scale_change,4337,0.00666415662650599
density_scale_change,4338,0.019390060240963902
density_scale_change,4339,-0.002597891566265109
density_scale_change,4340,0.006890060240963947
density_scale_change,4341,-0.010165662650602425
density_scale_change,4342,0.004179216867469804
density_scale_change,4343,-0.004819277108433717
density_scale_change,4344,0.013742469879518104
density_scale_change,4345,-0.009450301204819267
density_scale_change,4346,-0.003200301204819289
density_scale_change,4347,0.024171686746987997
density_scale_change,4348,-0.01487198795180722
density_scale_change,4349,0.003200301204819289
density_scale_change,4350,0.007078313253012114
density_scale_change,4351,0.00820783132530123
density_scale_change,4352,0.010730421686746983
density_scale_change,4353,-0.0013930722891566383
density_scale_change,4354,0.001769578313253084
density_scale_change,4355,-0.016942771084337338
density_scale_change,4356,-0.011972891566265131
density_scale_change,4357,-0.002484939759036131
density_scale_change,4358,0.009450301204819267
density_scale_change,4359,0.002334337349397475
density_scale_change,4360,0.014006024096385516
density_scale_change,4361,-0.0036144578313252462
density_scale_change,4362,-0.013102409638554136
density_scale_change,4363,-0.006551204819277123
density_scale_change,4364,-0.022816265060240926
density_scale_change,4365,0.002673192771084354
density_scale_change,4366,0.0009412650602409478
density_scale_change,4367,-0.002183734939759041
density_scale_change,4368,-0.0030873493975903665
density_scale_change,4369,0.014984939759036142
density_scale_change,4370,0.002409638554216942
density_scale_change,4371,0.014683734939759052
density_scale_change,4372,-0.010617469879518171
density_scale_change,4373,-0.001920180722891629
density_scale_change,4374,0.012048192771084376
density_scale_change,4375,-0.0002635542168674676
density_scale_change,4376,0.01671686746987955
density_scale_change,4377,0.01137048192771084
density_scale_change,4378,0.010353915662650648
density_scale_change,4379,0.01302710843373489
density_scale_change,4380,-0.011144578313252995
density_scale_change,4381,-0.010165662650602425
density_scale_change,4382,0.009073795180722932
density_scale_change,4383,0.013478915662650581
density_scale_change,4384,-0.005346385542168708
density_scale_change,4385,0.013968373493975839
density_scale_change,4386,0.01137048192771084
density_scale_change,4387,-0.0037274096385542244
density_scale_change,4388,0.011182228915662673
density_scale_change,4389,0.02319277108433726
density_scale_change,4390,0.015135542168674743
density_scale_change,4391,0.01867469879518069
density_scale_change,4392,-0.0035768072289156794
density_scale_change,4393,0.007040662650602436
density_scale_change,4394,0.0013554216867469604
density_scale_change,4395,0.017093373493975883
density_scale_change,4396,0.010843373493976016
density_scale_change,4397,-0.0007530120481927804
density_scale_change,4398,-0.016942771084337338
density_scale_change,4399,-0.007341867469879526
density_scale_change,4400,0.007341867469879526
density_scale_change,4401,-0.002597891566265109
density_scale_change,4402,0.005195783132530218
density_scale_change,4403,0.0024849397590360756
density_scale_change,4404,-0.020481927710843395
density_scale_change,4405,0.0015813253012048056
density_scale_change,4406,-0.0072289156626507145
density_scale_change,4407,-0.008960843373494065
density_scale_change,4408,-0.0012801204819277712
density_scale_change,4409,-0.003087349397590311
density_scale_change,4410,0.010805722891566338
density_scale_change,4411,0.006890060240963947
density_scale_change,4412,0.004631024096385605
density_scale_change,4413,0.01031626506024097
density_scale_change,4414,0.012198795180722866
density_scale_change,4415,0.01746987951807233
density_scale_change,4416,-0.02115963855421682
density_scale_change,4417,-0.020105421686747005
density_scale_change,4418,0.010579819277108382
density_scale_change,4419,0.024171686746987886
density_scale_change,4420,0.02217620481927718
density_scale_change,4421,0.02168674698795181
density_scale_change,4422,-0.01069277108433736
density_scale_change,4423,0.005045180722891618
density_scale_change,4424,0.013780120481927671
density_scale_change,4425,-0.008998493975903576
density_scale_change,4426,-0.011709337349397553
density_scale_change,4427,0.00820783132530123
density_scale_change,4428,-0.005195783132530107
density_scale_change,4429,-0.004103915662650615
density_scale_change,4430,0.0060240963855421326
density_scale_change,4431,-0.004141566265060237
density_scale_change,4432,0.005496987951807197
density_scale_change,4433,-0.004593373493975927
density_scale_change,4434,0.0092620481927711
density_scale_change,4435,-0.007831325301204894
density_scale_change,4436,-0.002936746987951877
density_scale_change,4437,-0.01084337349397596
density_scale_change,4438,-0.005045180722891618
density_scale_change,4439,0.0048569277108434505
density_scale_change,4440,0.017319277108433728
density_scale_change,4441,-0.007605421686746994
density_scale_change,4442,0.012951807228915646
density_scale_change,4443,0.013591867469879504
density_scale_change,4444,0.014457831325301207
density_scale_change,4445,-0.005722891566265098
density_scale_change,4446,-0.0019954819277108182
density_scale_change,4447,0.0027861445783132766
density_scale_change,4448,-0.016641566265060248
density_scale_change,4449,-0.014759036144578241
density_scale_change,4450,0.00500753012048194
density_scale_change,4451,-0.01754518072289163
density_scale_change,4452,0.009149096385542177
density_scale_change,4453,0.0054593373493976305
density_scale_change,4454,0.001468373493975883
density_scale_change,4455,-0.006626506024096368
density_scale_change,4456,-0.017319277108433728
density_scale_change,4457,0.023870481927710907
density_scale_change,4458,-0.0028614457831325213
density_scale_change,4459,0.005082831325301185
density_scale_change,4460,-0.0013930722891565828
density_scale_change,4461,0.008772590361445731
density_scale_change,4462,0.009337349397590455
density_scale_change,4463,0.00033885542168665683
density_scale_change,4464,0.010090361445783125
density_scale_change,4465,0.005647590361445798
density_scale_change,4466,0.02484939759036142
density_scale_change,4467,0.007003012048192758
density_scale_change,4468,0.003501506024096379
density_scale_change,4469,-0.002484939759036131
density_scale_change,4470,0.0060617469879518104
density_scale_change,4471,-0.0030496987951806886
density_scale_change,4472,-0.010429216867470004
density_scale_change,4473,-0.007605421686746994
density_scale_change,4474,0.006400602409638578
density_scale_change,4475,0.0024472891566265087
density_scale_change,4476,0.014683734939759052
density_scale_change,4477,-0.015888554216867468
density_scale_change,4478,0.012161144578313188
density_scale_change,4479,-0.007981927710843384
density_scale_change,4480,-0.0004518072289156905
density_scale_change,4481,0.016641566265060193
density_scale_change,4482,0.0031626506024097223
density_scale_change,4483,-0.020820783132530163
density_scale_change,4484,0.008396084337349397
density_scale_change,4485,-0.011144578313252995
density_scale_change,4486,0.004442771084337438
density_scale_change,4487,0.003012048192771122
density_scale_change,4488,0.013102409638554247
density_scale_change,4489,0.0007530120481927804
density_scale_change,4490,0.009638554216867434
density_scale_change,4491,0.008433734939759074
density_scale_change,4492,-0.013780120481927671
density_scale_change,4493,0.00805722891566274
density_scale_change,4494,-0.010655120481927682
density_scale_change,4495,0.015512048192770966
density_scale_change,4496,0.01833584337349392
density_scale_change,4497,-0.0019954819277108182
density_scale_change,4498,-0.005948795180722888
density_scale_change,4499,0.010353915662650648
density_scale_change,4500,0.02428463855421692
density_scale_change,4501,-0.004480421686747005
density_scale_change,4502,-0.014759036144578241
density_scale_change,4503,0.0016942771084337283
density_scale_change,4504,-0.0008659638554216476
density_scale_change,4505,-0.011671686746988041
density_scale_change,4506,-0.005271084337349408
density_scale_change,4507,0.0036897590361446575
density_scale_change,4508,-0.004442771084337438
density_scale_change,4509,0.0072289156626504925
density_scale_change,4510,0.015587349397590433
density_scale_change,4511,0.015286144578313232
density_scale_change,4512,-0.011219879518072295
density_scale_change,4513,0.003539156626506057
density_scale_change,4514,0.028426204819277157
density_scale_change,4515,0.0060240963855421326
density_scale_change,4516,0.010617469879518171
density_scale_change,4517,-0.006287650602409545
density_scale_change,4518,-0.006024096385542188
density_scale_change,4519,-0.01682981927710836
density_scale_change,4520,-0.016189759036144558
density_scale_change,4521,-0.011219879518072295
density_scale_change,4522,0.0018825301204818956
density_scale_change,4523,-0.01174698795180723
density_scale_change,4524,-0.010768072289156605
density_scale_change,4525,0.004631024096385494
density_scale_change,4526,0.02048192771084334
density_scale_change,4527,0.026129518072289137
density_scale_change,4528,-0.0030120481927710663
density_scale_change,4529,-0.006701807228915668
density_scale_change,4530,0.010128012048192803
density_scale_change,4531,-0.010015060240963825
density_scale_change,4532,-0.008170180722891496
density_scale_change,4533,0.008697289156626486
density_scale_change,4534,0.0075301204819276935
density_scale_change,4535,-0.010391566265060215
density_scale_change,4536,0.0016942771084337283
density_scale_change,4537,-0.007756024096385483
density_scale_change,4538,0.003576807228915624
density_scale_change,4539,0.007454819277108449
density_scale_change,4540,0.009149096385542177
density_scale_change,4541,-0.002183734939759041
density_scale_change,4542,-0.01325301204819268
density_scale_change,4543,0.028162650602409744
density_scale_change,4544,-0.004103915662650615
density_scale_change,4545,0.013177710843373491
density_scale_change,4546,0.002635542168674565
density_scale_change,4547,-0.01517319277108431
density_scale_change,4548,-0.011521084337349385
density_scale_change,4549,0.002635542168674676
density_scale_change,4550,-0.002936746987951766
density_scale_change,4551,-0.002635542168674676
density_scale_change,4552,0.0037274096385542244
density_scale_change,4553,-0.0154743975903614
density_scale_change,4554,0.018750000000000044
density_scale_change,4555,-0.0033132530120481563
density_scale_change,4556,0.007868975903614461
density_scale_change,4557,0.013253012048192736
density_scale_change,4558,-0.0010918674698795483
density_scale_change,4559,0.013441265060241014
density_scale_change,4560,0.005798192771084398
density_scale_change,4561,-0.01287650602409629
density_scale_change,4562,0.002108433734939741
density_scale_change,4563,0.01532379518072291
density_scale_change,4564,-0.006362951807228956
density_scale_change,4565,-0.004066265060240937
density_scale_change,4566,-0.0037274096385542244
density_scale_change,4567,-0.006475903614457823
density_scale_change,4568,0.00805722891566274
density_scale_change,4569,0.01362951807228907
density_scale_change,4570,-0.0004141566265060681
density_scale_change,4571,-7.530120481930025e-05
density_scale_change,4572,0.0045557228915663606
density_scale_change,4573,-0.003915662650602447
density_scale_change,4574,0.01167168674698793
density_scale_change,4575,-0.007944277108433762
density_scale_change,4576,-0.013855421686746971
density_scale_change,4577,-0.006626506024096368
density_scale_change,4578,-0.007718373493975916
density_scale_change,4579,0.016189759036144613
density_scale_change,4580,0.003237951807228856
density_scale_change,4581,0.025263554216867434
density_scale_change,4582,0.0348644578313253
density_scale_change,4583,0.00835843373493983
density_scale_change,4584,0.00956325301204819
density_scale_change,4585,0.004518072289156572
density_scale_change,4586,0.016792168674698793
density_scale_change,4587,-0.007191265060240926
density_scale_change,4588,0.009751506024096357
density_scale_change,4589,-0.010542168674698815
density_scale_change,4590,0.001506024096385561
density_scale_change,4591,-0.0007906626506024028
density_scale_change,4592,0.003576807228915624
density_scale_change,4593,-0.013591867469879504
density_scale_change,4594,-0.015512048192771077
density_scale_change,4595,0.005271084337349352
density_scale_change,4596,-0.0030496987951806886
density_scale_change,4597,-0.012876506024096401
density_scale_change,4598,-0.008320783132530096
density_scale_change,4599,0.0004518072289156905
density_scale_change,4600,-0.00425451807228916
density_scale_change,4601,-0.0050075301204818845
density_scale_change,4602,0.006287650602409545
density_scale_change,4603,0.02228915662650599
density_scale_change,4604,-0.014006024096385572
density_scale_change,4605,-0.009412650602409645
density_scale_change,4606,0.00011295180722892262
density_scale_change,4607,0.009977409638554202
density_scale_change,4608,0.00591114457831321
density_scale_change,4609,0.012575301204819311
density_scale_change,4610,-0.004254518072289215
density_scale_change,4611,0.005572289156626442
density_scale_change,4612,0.0003765060240963347
density_scale_change,4613,0.023908132530120474
density_scale_change,4614,-0.015662650602409622
density_scale_change,4615,-0.00022590361445778973
density_scale_change,4616,-0.01137048192771084
density_scale_change,4617,-0.004216867469879426
density_scale_change,4618,0.020557228915662695
density_scale_change,4619,-0.025489457831325224
density_scale_change,4620,-0.008584337349397564
density_scale_change,4621,-0.002259036144578286
density_scale_change,4622,0.008245481927710907
density_scale_change,4623,0.004028614457831314
density_scale_change,4624,0.0060240963855421326
density_scale_change,4625,0.017959337349397586
density_scale_change,4626,0.0027484939759037097
density_scale_change,4627,-0.014608433734939752
density_scale_change,4628,0.018109939759036076
density_scale_change,4629,-0.01611445783132537
density_scale_change,4630,0.00011295180722892262
density_scale_change,4631,-0.01762048192771093
density_scale_change,4632,0.0016189759036144835
density_scale_change,4633,0.0031626506024096113
density_scale_change,4634,0.0019954819277108182
density_scale_change,4635,0.009638554216867434
density_scale_change,4636,-0.01859939759036139
density_scale_change,4637,0.0028614457831325213
density_scale_change,4638,-0.004480421686747005
density_scale_change,4639,0.013403614457831337
density_scale_change,4640,0.013102409638554247
density_scale_change,4641,0.007379518072289093
density_scale_change,4642,0.013253012048192736
density_scale_change,4643,-0.002635542168674676
density_scale_change,4644,0.0015813253012048056
density_scale_change,4645,-0.0012801204819276601
density_scale_change,4646,0.01788403614457834
density_scale_change,4647,-0.012462349397590333
density_scale_change,4648,0.012236445783132543
density_scale_change,4649,0.007643072289156616
density_scale_change,4650,-0.008659638554216864
density_scale_change,4651,-0.004518072289156627
density_scale_change,4652,-0.012274096385542221
density_scale_change,4653,0.007605421686746938
density_scale_change,4654,0.007304216867469959
density_scale_change,4655,0.007756024096385539
density_scale_change,4656,0.010956325301204828
density_scale_change,4657,-0.004405120481927649
density_scale_change,4658,0.024962349397590344
density_scale_change,4659,0.014533132530120452
density_scale_change,4660,0.002409638554216942
density_scale_change,4661,0.015587349397590433
density_scale_change,4662,-0.0027108433734939763
density_scale_change,4663,0.024209337349397675
density_scale_change,4664,-0.006024096385542188
density_scale_change,4665,-0.004894578313253017
density_scale_change,4666,0.005195783132530218
density_scale_change,4667,0.0036144578313253017
density_scale_change,4668,-0.0023343373493975306
density_scale_change,4669,0.0019201807228915735
density_scale_change,4670,-0.007793674698795217
density_scale_change,4671,-0.008847891566265087
density_scale_change,4672,-0.023983433734939663
density_scale_change,4673,-0.012311746987951844
density_scale_change,4674,0.004743975903614417
density_scale_change,4675,0.019314759036144658
density_scale_change,4676,-0.0016566265060241059
density_scale_change,4677,0.010240963855421836
density_scale_change,4678,0.000301204819277201
density_scale_change,4679,-0.007718373493975916
density_scale_change,4680,-0.01784638554216872
density_scale_change,4681,0.01061746987951806
density_scale_change,4682,-0.0024096385542168863
density_scale_change,4683,-0.011219879518072351
density_scale_change,4684,0.014533132530120452
density_scale_change,4685,0.013253012048192736
density_scale_change,4686,0.008132530120481873
density_scale_change,4687,0.012537650602409633
density_scale_change,4688,-0.008207831325301285
density_scale_change,4689,0.010655120481927738
density_scale_change,4690,0.013365963855421659
density_scale_change,4691,0.00011295180722903364
density_scale_change,4692,-0.002597891566265109
density_scale_change,4693,-0.008772590361445842
density_scale_change,4694,0.004743975903614417
density_scale_change,4695,0.007756024096385539
density_scale_change,4696,0.006852409638554158
density_scale_change,4697,-0.00971385542168679
density_scale_change,4698,-0.013365963855421714
density_scale_change,4699,-0.006701807228915557
density_scale_change,4700,0.011332831325301163
density_scale_change,4701,0.01713102409638556
density_scale_change,4702,-0.004442771084337327
density_scale_change,4703,-0.006777108433734913
density_scale_change,4704,0.0008659638554217031
density_scale_change,4705,0.003840361445783036
density_scale_change,4706,-0.0007530120481927804
density_scale_change,4707,-0.01841114457831322
density_scale_change,4708,-0.0018448795180723288
density_scale_change,4709,0.024472891566265087
density_scale_change,4710,0.014081325301204872
density_scale_change,4711,0.027108433734939763
density_scale_change,4712,0.003539156626506057
density_scale_change,4713,-0.015963855421686768
density_scale_change,4714,-0.005873493975903588
density_scale_change,4715,-0.0033885542168674565
density_scale_change,4716,0.03015813253012045
density_scale_change,4717,0.012462349397590278
density_scale_change,4718,-0.004668674698795228
density_scale_change,4719,0.016001506024096335
density_scale_change,4720,0.02940512048192767
density_scale_change,4721,0.002070783132530174
density_scale_change,4722,-0.006400602409638578
density_scale_change,4723,0.019804216867469804
density_scale_change,4724,0.00956325301204819
density_scale_change,4725,0.00850903614457832
density_scale_change,4726,0.006249999999999978
density_scale_change,4727,-0.01867469879518069
density_scale_change,4728,0.013855421686747027
density_scale_change,4729,-0.007417168674698826
density_scale_change,4730,0.018862951807228856
density_scale_change,4731,0.017206325301204806
density_scale_change,4732,-0.003802710843373469
density_scale_change,4733,-0.013102409638554302
density_scale_change,4734,0.011144578313252995
density_scale_change,4735,-0.013554216867469882
density_scale_change,4736,-0.0018072289156626509
density_scale_change,4737,0.012236445783132543
density_scale_change,4738,-0.013403614457831281
density_scale_change,4739,-0.013817771084337294
density_scale_change,4740,0.0060240963855421326
density_scale_change,4741,0.0007530120481927804
density_scale_change,4742,0.00835843373493983
density_scale_change,4743,0.004442771084337327
density_scale_change,4744,-0.005647590361445798
density_scale_change,4745,0.004028614457831314
density_scale_change,4746,-0.0001506024096386005
density_scale_change,4747,0.009111445783132499
density_scale_change,4748,-0.0024472891566263977
density_scale_change,4749,0.004141566265060237
density_scale_change,4750,0.001506024096385561
density_scale_change,4751,0.020858433734939674
density_scale_change,4752,-0.0030873493975903665
density_scale_change,4753,-0.009487951807228834
density_scale_change,4754,0.017319277108433728
density_scale_change,4755,0.01091867469879515
density_scale_change,4756,0.0031250000000000444
density_scale_change,4757,0.002371987951807153
density_scale_change,4758,0.010542168674698815
density_scale_change,4759,-0.005572289156626553
density_scale_change,4760,0.014947289156626464
density_scale_change,4761,0.007003012048192869
density_scale_change,4762,0.014984939759036142
density_scale_change,4763,0.0008283132530120252
density_scale_change,4764,0.008772590361445731
density_scale_change,4765,0.006212349397590411
density_scale_change,4766,0.016942771084337394
density_scale_change,4767,-0.015436746987951833
density_scale_change,4768,0.008734939759036053
density_scale_change,4769,-0.00011295180722892262
density_scale_change,4770,0.004367469879518082
density_scale_change,4771,-0.005346385542168708
density_scale_change,4772,-0.008396084337349397
density_scale_change,4773,-0.021874999999999978
density_scale_change,4774,-0.010466867469879515
density_scale_change,4775,0.004894578313253017
density_scale_change,4776,0.005421686746987953
density_scale_change,4777,0.006287650602409545
density_scale_change,4778,-0.01682981927710847
density_scale_change,4779,0.01016566265060237
density_scale_change,4780,-0.0013554216867469604
density_scale_change,4781,0.007078313253012114
density_scale_change,4782,0.008847891566265087
density_scale_change,4783,0.015737951807228923
density_scale_change,4784,-0.0017319277108433506
density_scale_change,4785,0.0069277108433735135
density_scale_change,4786,0.0072289156626507145
density_scale_change,4787,0.013780120481927671
density_scale_change,4788,-0.0072289156626506035
density_scale_change,4789,0.0001506024096386005
density_scale_change,4790,-0.0126506024096385
density_scale_change,4791,0.014533132530120452
density_scale_change,4792,0.015549698795180755
density_scale_change,4793,0.013290662650602303
density_scale_change,4794,0.027484939759036098
density_scale_change,4795,0.002334337349397586
density_scale_change,4796,-0.004932228915662695
density_scale_change,4797,0.014006024096385516
density_scale_change,4798,0.019465361445783147
density_scale_change,4799,0.012688253012048123
density_scale_change,4800,0.002371987951807264
density_scale_change,4801,0.004969879518072262
density_scale_change,4802,-0.006024096385542188
density_scale_change,4803,-0.0009789156626505702
density_scale_change,4804,0.004367469879518082
density_scale_change,4805,-0.009713855421686735
density_scale_change,4806,-0.005459337349397575
density_scale_change,4807,-0.003539156626506057
density_scale_change,4808,0.008697289156626486
density_scale_change,4809,0.005045180722891618
density_scale_change,4810,-0.0070783132530120585
density_scale_change,4811,0.01762048192771093
density_scale_change,4812,0.01091867469879515
density_scale_change,4813,0.01728162650602405
density_scale_change,4814,-0.005873493975903588
density_scale_change,4815,-0.013403614457831281
density_scale_change,4816,-0.007793674698795217
density_scale_change,4817,-0.005158132530120485
density_scale_change,4818,0.0066265060240963125
density_scale_change,4819,0.0063629518072289
density_scale_change,4820,0.0001506024096386005
density_scale_change,4821,0.004066265060240992
density_scale_change,4822,0.008734939759036164
density_scale_change,4823,0.01701807228915664
density_scale_change,4824,-0.012537650602409689
density_scale_change,4825,0.01912650602409638
density_scale_change,4826,-0.007417168674698882
density_scale_change,4827,0.0127259036144578
density_scale_change,4828,0.002974397590361444
density_scale_change,4829,0.008847891566265087
density_scale_change,4830,0.02048192771084345
density_scale_change,4831,0.0024849397590360756
density_scale_change,4832,0.006814759036144591
density_scale_change,4833,0.02503765060240959
density_scale_change,4834,0.011144578313252995
density_scale_change,4835,-0.008433734939758963
density_scale_change,4836,-0.002635542168674676
density_scale_change,4837,0.0017319277108432951
density_scale_change,4838,0.005082831325301185
density_scale_change,4839,0.0051581325301205405
density_scale_change,4840,0.019201807228915624
density_scale_change,4841,-0.0314006024096386
density_scale_change,4842,0.004216867469879482
density_scale_change,4843,0.0054593373493976305
density_scale_change,4844,-0.008659638554216864
density_scale_change,4845,7.530120481924474e-05
density_scale_change,4846,0.000301204819277201
density_scale_change,4847,0.021347891566265043
density_scale_change,4848,0.01822289156626511
density_scale_change,4849,0.007304216867469959
density_scale_change,4850,-0.005271084337349408
density_scale_change,4851,0.012951807228915646
density_scale_change,4852,0.013780120481927671
density_scale_change,4853,-0.00033885542168676785
density_scale_change,4854,-0.0030120481927710663
density_scale_change,4855,-0.0056099397590361755
density_scale_change,4856,-0.007868975903614406
density_scale_change,4857,0.011746987951807286
density_scale_change,4858,0.01152108433734933
density_scale_change,4859,0.005496987951807197
density_scale_change,4860,-0.01795933734939753
density_scale_change,4861,0.007793674698795217
density_scale_change,4862,0.0004894578313252573
density_scale_change,4863,0.005911144578313321
density_scale_change,4864,-0.015060240963855442
density_scale_change,4865,-0.013177710843373491
density_scale_change,4866,-0.01137048192771084
density_scale_change,4867,0.0007153614457831026
density_scale_change,4868,0.018448795180722843
density_scale_change,4869,0.0033132530120482118
density_scale_change,4870,-0.002710843373493921
density_scale_change,4871,0.0015436746987951278
density_scale_change,4872,0.0016566265060241614
density_scale_change,4873,0.016566265060240948
density_scale_change,4874,0.004743975903614528
density_scale_change,4875,0.008810240963855409
density_scale_change,4876,0.00956325301204819
density_scale_change,4877,-0.006287650602409767
density_scale_change,4878,0.014984939759036142
density_scale_change,4879,0.005572289156626553
density_scale_change,4880,-0.01637801204819278
density_scale_change,4881,-0.0016942771084337283
density_scale_change,4882,-0.002635542168674676
density_scale_change,4883,0.021573795180723
density_scale_change,4884,0.0001506024096386005
density_scale_change,4885,0.007868975903614461
density_scale_change,4886,0.01137048192771084
density_scale_change,4887,0.005195783132530218
density_scale_change,4888,0.009073795180722821
density_scale_change,4889,0.008772590361445731
density_scale_change,4890,0.010542168674698815
density_scale_change,4891,0.01227409638554211
density_scale_change,4892,-0.004969879518072318
density_scale_change,4893,0.01152108433734933
density_scale_change,4894,0.011935240963855454
density_scale_change,4895,-0.019540662650602447
density_scale_change,4896,0.01686746987951815
density_scale_change,4897,0.0011295180722891152
density_scale_change,4898,0.008433734939758963
density_scale_change,4899,0.0003765060240963347
density_scale_change,4900,-0.0009789156626505702
density_scale_change,4901,-0.005948795180722943
density_scale_change,4902,0.005271084337349352
density_scale_change,4903,0.018298192771084354
density_scale_change,4904,-0.0031626506024096668
density_scale_change,4905,0.0069277108433735135
density_scale_change,4906,-0.0007530120481927804
density_scale_change,4907,-0.004254518072289215
density_scale_change,4908,0.004442771084337327
density_scale_change,4909,-0.005647590361445798
density_scale_change,4910,-0.0007153614457831581
density_scale_change,4911,-0.011521084337349385
density_scale_change,4912,-0.005158132530120485
density_scale_change,4913,-0.0009412650602409478
density_scale_change,4914,0.013704819277108427
density_scale_change,4915,-0.01980421686746986
density_scale_change,4916,0.02940512048192767
density_scale_change,4917,0.014043674698795194
density_scale_change,4918,-0.002635542168674676
density_scale_change,4919,0.004179216867469915
density_scale_change,4920,-0.002635542168674676
density_scale_change,4921,0.01197289156626491
density_scale_change,4922,0.01701807228915664
density_scale_change,4923,-0.011897590361445776
density_scale_change,4924,0.003802710843373469
density_scale_change,4925,-0.0073795180722891485
density_scale_change,4926,0.014118975903614439
density_scale_change,4927,-0.0030496987951806886
density_scale_change,4928,-0.010617469879518004
density_scale_change,4929,0.012914156626505968
density_scale_change,4930,0.007003012048192758
density_scale_change,4931,0.015135542168674632
density_scale_change,4932,0.0022213855421686635
density_scale_change,4933,0.00470632530120485
density_scale_change,4934,0.006551204819277179
density_scale_change,4935,0.00440512048192776
density_scale_change,4936,-0.014307228915662662
density_scale_change,4937,0.008772590361445731
density_scale_change,4938,0.013780120481927671
density_scale_change,4939,-0.005948795180722888
density_scale_change,4940,0.002974397590361444
density_scale_change,4941,0.0006777108433734247
density_scale_change,4942,0.00820783132530123
density_scale_change,4943,-0.00018825301204816736
density_scale_change,4944,-0.005496987951807197
density_scale_change,4945,-0.012500000000000011
density_scale_change,4946,-0.0021837349397590966
density_scale_change,4947,0.0015813253012048056
density_scale_change,4948,0.001807228915662762
density_scale_change,4949,-0.004668674698795228
density_scale_change,4950,0.016114457831325257
density_scale_change,4951,0.0012801204819277157
density_scale_change,4952,-0.009337349397590455
density_scale_change,4953,-0.01137048192771084
density_scale_change,4954,0.0033885542168674565
density_scale_change,4955,0.007492469879518127
density_scale_change,4956,-0.006174698795180733
density_scale_change,4957,0.01517319277108431
density_scale_change,4958,-0.0031250000000000444
density_scale_change,4959,0.005496987951807197
density_scale_change,4960,0.016189759036144613
density_scale_change,4961,0.0008659638554217031
density_scale_change,4962,0.00011295180722903364
density_scale_change,4963,-0.0011295180722891707
density_scale_change,4964,0.006777108433734913
density_scale_change,4965,0.02247740963855427
density_scale_change,4966,0.005346385542168708
density_scale_change,4967,0.01182228915662642
density_scale_change,4968,-0.004367469879518027
density_scale_change,4969,0.020105421686747005
density_scale_change,4970,0.014156626506024117
density_scale_change,4971,0.012989457831325324
density_scale_change,4972,-0.0018072289156627064
density_scale_change,4973,-0.009224397590361422
density_scale_change,4974,-0.008584337349397564
density_scale_change,4975,0.009375000000000022
density_scale_change,4976,-0.010240963855421725
density_scale_change,4977,-0.008734939759036053
density_scale_change,4978,0.0075301204819276935
density_scale_change,4979,-0.0042921686746988374
density_scale_change,4980,0.013704819277108427
density_scale_change,4981,0.012801204819277157
density_scale_change,4982,-0.010579819277108382
density_scale_change,4983,0.02003012048192765
density_scale_change,4984,-0.0024096385542168863
density_scale_change,4985,-0.004141566265060237
density_scale_change,4986,-0.008847891566265087
density_scale_change,4987,-0.007906626506024084
density_scale_change,4988,0.0025225903614457534
density_scale_change,4989,0.00022590361445784524
density_scale_change,4990,0.0015813253012048056
density_scale_change,4991,0.03960843373493983
density_scale_change,4992,0.007078313253012003
density_scale_change,4993,-0.005572289156626553
density_scale_change,4994,0.010052710843373558
density_scale_change,4995,0.014759036144578297
density_scale_change,4996,0.0060617469879518104
density_scale_change,4997,-0.012801204819277101
density_scale_change,4998,-0.0014683734939759385
density_scale_change,4999,0.001167168674698793
diffusion_step,0,-0.004216867469879537
diffusion_step,1,-0.002936746987951766
diffusion_step,2,-0.012500000000000011
diffusion_step,3,-0.025225903614457812
diffusion_step,4,-0.00120481927710836
diffusion_step,5,-0.006475903614457823
diffusion_step,6,0.0005271084337349352
diffusion_step,7,7.530120481924474e-05
diffusion_step,8,-0.0033885542168675675
diffusion_step,9,0.021762048192771055
diffusion_step,10,-0.0008283132530119697
diffusion_step,11,-0.010918674698795205
diffusion_step,12,-0.015135542168674743
diffusion_step,13,-0.0008283132530120807
diffusion_step,14,0.00850903614457832
diffusion_step,15,0.011295180722891596
diffusion_step,16,-0.008509036144578264
diffusion_step,17,0.004367469879518082
diffusion_step,18,0.004743975903614417
diffusion_step,19,-0.009337349397590344
diffusion_step,20,-0.005271084337349408
diffusion_step,21,-0.008207831325301118
diffusion_step,22,0.012575301204819311
diffusion_step,23,0.016641566265060304
diffusion_step,24,-0.002936746987951877
diffusion_step,25,-0.004442771084337271
diffusion_step,26,-0.0033885542168674565
diffusion_step,27,0.00865963855421692
diffusion_step,28,0.01987951807228927
diffusion_step,29,0.014608433734939696
diffusion_step,30,-0.015210843373493987
diffusion_step,31,0.00820783132530123
diffusion_step,32,-0.01167168674698793
diffusion_step,33,-0.014759036144578352
diffusion_step,34,7.530120481924474e-05
diffusion_step,35,-0.005798192771084398
diffusion_step,36,-0.0030120481927710663
diffusion_step,37,-0.004367469879518027
diffusion_step,38,0.024774096385542288
diffusion_step,39,0.005722891566265043
diffusion_step,40,0.007304216867469959
diffusion_step,41,0.005346385542168597
diffusion_step,42,-0.011521084337349385
diffusion_step,43,-0.0009789156626506812
diffusion_step,44,-0.01069277108433736
diffusion_step,45,0.0004518072289156905
diffusion_step,46,-0.01762048192771093
diffusion_step,47,-0.005647590361445798
diffusion_step,48,0.003840361445783147
diffusion_step,49,-0.010015060240963825
diffusion_step,50,-0.0184487951807229
diffusion_step,51,0.0017319277108432951
diffusion_step,52,-0.0014307228915662606
diffusion_step,53,0.004894578313253017
diffusion_step,54,-0.001957831325301307
diffusion_step,55,-0.009337349397590344
diffusion_step,56,0.005722891566265043
diffusion_step,57,0.00790662650602414
diffusion_step,58,-0.010090361445783125
diffusion_step,59,-0.007078313253012114
diffusion_step,60,-0.0070783132530120585
diffusion_step,61,0.03381024096385532
diffusion_step,62,0.015587349397590433
diffusion_step,63,0.009337349397590455
diffusion_step,64,-0.011219879518072295
diffusion_step,65,0.005722891566265043
diffusion_step,66,0.00120481927710836
diffusion_step,67,-0.016490963855421648
diffusion_step,68,-0.022665662650602325
diffusion_step,69,-0.006325301204819278
diffusion_step,70,-0.021987951807228956
diffusion_step,71,0.01046686746987946
diffusion_step,72,0.007605421686747049
diffusion_step,73,-0.014006024096385572
diffusion_step,74,0.018298192771084354
diffusion_step,75,-0.006024096385542188
diffusion_step,76,0.01016566265060237
diffusion_step,77,0.002033132530120496
diffusion_step,78,0.010692771084337416
diffusion_step,79,-0.01927710843373498
diffusion_step,80,-0.008960843373494065
diffusion_step,81,-0.007680722891566294
diffusion_step,82,-0.0007530120481927804
diffusion_step,83,0.004066265060240881
diffusion_step,84,-0.014457831325301262
diffusion_step,85,-0.0012801204819277712
diffusion_step,86,0.013328313253012092
diffusion_step,87,-0.01174698795180723
diffusion_step,88,0.010993975903614506
diffusion_step,89,-0.013253012048192847
diffusion_step,90,-0.0025602409638554313
diffusion_step,91,-0.0039909638554216365
diffusion_step,92,-0.007605421686746994
diffusion_step,93,-0.01129518072289154
diffusion_step,94,-0.009036144578313254
diffusion_step,95,-0.0030120481927710663
diffusion_step,96,-7.530120481930025e-05
diffusion_step,97,-0.02515060240963851
diffusion_step,98,0.021310240963855476
diffusion_step,99,0.004518072289156572
diffusion_step,100,-0.01295180722891559
diffusion_step,101,0.015135542168674743
diffusion_step,102,-0.011219879518072295
diffusion_step,103,0.015436746987951833
diffusion_step,104,-0.023644578313253006
diffusion_step,105,0.000602409638554291
diffusion_step,106,-0.025376506024096412
diffusion_step,107,0.004367469879518082
diffusion_step,108,-0.002259036144578286
diffusion_step,109,0.0010542168674698704
diffusion_step,110,-0.005120481927710807
diffusion_step,111,0.010391566265060326
diffusion_step,112,-0.0033885542168674565
diffusion_step,113,0.013253012048192736
diffusion_step,114,-0.01129518072289154
diffusion_step,115,0.0012801204819277157
diffusion_step,116,-0.010542168674698815
diffusion_step,117,-0.013780120481927671
diffusion_step,118,0.008810240963855409
diffusion_step,119,-0.0034638554216867568
diffusion_step,120,0.009939759036144635
diffusion_step,121,-0.013704819277108371
diffusion_step,122,0.008283132530120474
diffusion_step,123,-0.0036144578313253573
diffusion_step,124,0.003237951807228856
diffusion_step,125,0.005346385542168708
diffusion_step,126,-0.0127259036144578
diffusion_step,127,0.00022590361445784524
diffusion_step,128,-0.007003012048192758
diffusion_step,129,-0.013177710843373491
diffusion_step,130,-0.0009789156626505702
diffusion_step,131,-0.006551204819277123
diffusion_step,132,0.008810240963855409
diffusion_step,133,0.01671686746987955
diffusion_step,134,0.01746987951807233
diffusion_step,135,-0.010165662650602425
diffusion_step,136,0.005120481927710863
diffusion_step,137,0.005948795180722888
diffusion_step,138,-0.002710843373493921
diffusion_step,139,-0.014081325301204872
diffusion_step,140,-0.006701807228915668
diffusion_step,141,-0.01920180722891568
diffusion_step,142,-0.008734939759036053
diffusion_step,143,-0.0006777108433734802
diffusion_step,144,-0.019879518072289215
diffusion_step,145,-0.009789156626506035
diffusion_step,146,-0.004442771084337327
diffusion_step,147,0.004894578313253017
diffusion_step,148,0.014457831325301207
diffusion_step,149,0.010542168674698815
diffusion_step,150,-0.008734939759036053
diffusion_step,151,-0.004668674698795228
diffusion_step,152,-0.008132530120481873
diffusion_step,153,0.010090361445783014
diffusion_step,154,-0.01362951807228907
diffusion_step,155,0.010090361445783236
diffusion_step,156,-0.0011295180722891707
diffusion_step,157,-0.0012801204819277712
diffusion_step,158,0.013629518072289182
diffusion_step,159,0.011445783132530196
diffusion_step,160,-0.03245481927710847
diffusion_step,161,0.0006777108433735357
diffusion_step,162,-0.01867469879518069
diffusion_step,163,0.0013554216867469604
diffusion_step,164,0.0030873493975902555
diffusion_step,165,0.0005271084337349352
diffusion_step,166,0.029216867469879504
diffusion_step,167,0.002108433734939741
diffusion_step,168,0.00015060240963848948
diffusion_step,169,-0.01965361445783137
diffusion_step,170,0.0018825301204818956
diffusion_step,171,-0.002484939759036131
diffusion_step,172,-0.004518072289156627
diffusion_step,173,0.005873493975903532
diffusion_step,174,0.012575301204819311
diffusion_step,175,-0.008433734939759074
diffusion_step,176,-0.013780120481927671
diffusion_step,177,-0.02055722891566264
diffusion_step,178,-0.010918674698795205
diffusion_step,179,-0.006626506024096368
diffusion_step,180,0.005120481927710863
diffusion_step,181,0.0024849397590360756
diffusion_step,182,-0.007153614457831303
diffusion_step,183,-0.005722891566264987
diffusion_step,184,-0.01174698795180723
diffusion_step,185,0.0008283132530120252
diffusion_step,186,-0.001957831325301196
diffusion_step,187,-0.014457831325301151
diffusion_step,188,-0.007454819277108393
diffusion_step,189,-0.0031626506024096113
diffusion_step,190,-0.005120481927710807
diffusion_step,191,-0.009638554216867434
diffusion_step,192,-0.01076807228915666
diffusion_step,193,-0.003689759036144491
diffusion_step,194,0.006701807228915668
diffusion_step,195,0.006475903614457823
diffusion_step,196,-0.01882530120481929
diffusion_step,197,0.002936746987951877
diffusion_step,198,-0.002334337349397586
diffusion_step,199,0.00790662650602414
diffusion_step,200,0.01152108433734933
diffusion_step,201,-0.002183734939759041
diffusion_step,202,-0.008207831325301285
diffusion_step,203,0.011219879518072351
diffusion_step,204,-0.005346385542168708
diffusion_step,205,-0.005271084337349408
diffusion_step,206,0.0185240963855422
diffusion_step,207,0.011445783132530196
diffusion_step,208,-0.01069277108433736
diffusion_step,209,-0.01106927710843375
diffusion_step,210,-0.006852409638554213
diffusion_step,211,0.024171686746987997
diffusion_step,212,-0.017243975903614428
diffusion_step,213,-0.012575301204819311
diffusion_step,214,-0.004668674698795117
diffusion_step,215,0.012575301204819311
diffusion_step,216,0.015813253012048167
diffusion_step,217,-7.530120481930025e-05
diffusion_step,218,0.0036144578313253017
diffusion_step,219,-0.010316265060241026
diffusion_step,220,0.004819277108433773
diffusion_step,221,-0.01920180722891568
diffusion_step,222,-0.0017319277108433506
diffusion_step,223,0.0009789156626506257
diffusion_step,224,-0.015587349397590378
diffusion_step,225,0.01867469879518069
diffusion_step,226,-0.0001506024096386005
diffusion_step,227,-0.0014307228915663162
diffusion_step,228,0.0011295180722891152
diffusion_step,229,-0.008057228915662684
diffusion_step,230,0.0018072289156626509
diffusion_step,231,-0.011219879518072184
diffusion_step,232,-0.004819277108433717
diffusion_step,233,-0.005647590361445798
diffusion_step,234,-0.01009036144578318
diffusion_step,235,0.016867469879518038
diffusion_step,236,-0.007003012048192814
diffusion_step,237,-0.012123493975903565
diffusion_step,238,-0.008057228915662573
diffusion_step,239,-0.01084337349397596
diffusion_step,240,0.002936746987951766
diffusion_step,241,0.010843373493976016
diffusion_step,242,-0.023192771084337427
diffusion_step,243,0.028689759036144458
diffusion_step,244,0.001506024096385561
diffusion_step,245,0.005496987951807197
diffusion_step,246,-0.024924698795180722
diffusion_step,247,-0.0070783132530120585
diffusion_step,248,-0.003915662650602447
diffusion_step,249,0.0039909638554216365
diffusion_step,250,0.007078313253012003
diffusion_step,251,0.000903614457831381
diffusion_step,252,-0.008433734939759074
diffusion_step,253,-0.01709337349397594
diffusion_step,254,0.02409638554216864
diffusion_step,255,0.02259036144578308
diffusion_step,256,-0.012198795180722921
diffusion_step,257,0.007831325301204783
diffusion_step,258,0.013704819277108427
diffusion_step,259,0.007304216867469959
diffusion_step,260,0.003915662650602392
diffusion_step,261,0.01167168674698793
diffusion_step,262,0.0009789156626505147
diffusion_step,263,0.008358433734939719
diffusion_step,264,0.0036144578313253017
diffusion_step,265,-0.007680722891566294
diffusion_step,266,0.014231927710843473
diffusion_step,267,-0.007003012048192758
diffusion_step,268,-0.004292168674698726
diffusion_step,269,-0.002183734939759041
diffusion_step,270,0.004442771084337438
diffusion_step,271,-0.015587349397590378
diffusion_step,272,0.006174698795180733
diffusion_step,273,-0.010165662650602425
diffusion_step,274,-0.012951807228915702
diffusion_step,275,-0.003539156626505946
diffusion_step,276,0.02153614457831332
diffusion_step,277,0.003840361445783036
diffusion_step,278,-0.010466867469879515
diffusion_step,279,-0.005271084337349408
diffusion_step,280,-0.0034638554216867568
diffusion_step,281,0.009036144578313254
diffusion_step,282,0.011897590361445776
diffusion_step,283,0.01076807228915655
diffusion_step,284,0.020256024096385605
diffusion_step,285,0.0017319277108432951
diffusion_step,286,0.0039909638554216365
diffusion_step,287,-0.017771084337349308
diffusion_step,288,0.0013554216867469604
diffusion_step,289,-0.010090361445783125
diffusion_step,290,-0.006551204819277123
diffusion_step,291,0.004518072289156572
diffusion_step,292,0.01611445783132537
diffusion_step,293,-0.002635542168674676
diffusion_step,294,0.0063253012048193336
diffusion_step,295,-0.020858433734939785
diffusion_step,296,-0.007304216867469904
diffusion_step,297,0.0005271084337349352
diffusion_step,298,0.02018072289156625
diffusion_step,299,-0.006475903614457823
diffusion_step,300,-0.026731927710843373
diffusion_step,301,-0.023117469879518127
diffusion_step,302,-0.008960843373493954
diffusion_step,303,-0.006777108433734913
diffusion_step,304,0.017545180722891573
diffusion_step,305,-0.0027861445783132766
diffusion_step,306,0.0033132530120482118
diffusion_step,307,0.0030873493975902555
diffusion_step,308,-0.010316265060241026
diffusion_step,309,0.002108433734939741
diffusion_step,310,-0.011219879518072295
diffusion_step,311,0.004216867469879482
diffusion_step,312,-0.008358433734939663
diffusion_step,313,-0.004216867469879537
diffusion_step,314,-0.007605421686746938
diffusion_step,315,0.005572289156626442
diffusion_step,316,0.005120481927710863
diffusion_step,317,-0.008358433734939774
diffusion_step,318,-0.0033132530120481563
diffusion_step,319,0.0092620481927711
diffusion_step,320,-0.006099397590361544
diffusion_step,321,-0.015361445783132588
diffusion_step,322,0.016265060240963747
diffusion_step,323,-0.006174698795180733
diffusion_step,324,-0.004367469879518027
diffusion_step,325,-0.011521084337349385
diffusion_step,326,0.006400602409638578
diffusion_step,327,0.00045180722891557945
diffusion_step,328,-0.004743975903614417
diffusion_step,329,0.003237951807228856
diffusion_step,330,-0.015813253012048167
diffusion_step,331,0.006701807228915668
diffusion_step,332,-0.005271084337349408
diffusion_step,333,0.004518072289156572
diffusion_step,334,-0.009638554216867434
diffusion_step,335,-0.007153614457831303
diffusion_step,336,-0.008810240963855465
diffusion_step,337,-0.008057228915662684
diffusion_step,338,-0.007680722891566294
diffusion_step,339,0.009337349397590344
diffusion_step,340,0.002108433734939741
diffusion_step,341,-0.002183734939759041
diffusion_step,342,0.0003765060240963347
diffusion_step,343,-0.004367469879518027
diffusion_step,344,0.015813253012048167
diffusion_step,345,-0.0023343373493975306
diffusion_step,346,0.0016566265060241614
diffusion_step,347,0.011295180722891596
diffusion_step,348,0.003012048192771122
diffusion_step,349,-0.022063253012048145
diffusion_step,350,-0.008283132530120474
diffusion_step,351,0.008283132530120474
diffusion_step,352,0.0019578313253012514
diffusion_step,353,0.006249999999999978
diffusion_step,354,0.00956325301204819
diffusion_step,355,0.007756024096385539
diffusion_step,356,-0.01746987951807233
diffusion_step,357,0.0013554216867469604
diffusion_step,358,0.002635542168674676
diffusion_step,359,-0.005120481927710807
diffusion_step,360,0.003915662650602392
diffusion_step,361,-0.004743975903614417
diffusion_step,362,-0.011521084337349385
diffusion_step,363,0.012951807228915646
diffusion_step,364,0.005271084337349352
diffusion_step,365,-0.016039156626506068
diffusion_step,366,-0.014156626506024061
diffusion_step,367,0.006400602409638578
diffusion_step,368,-0.009412650602409645
diffusion_step,369,7.530120481924474e-05
diffusion_step,370,-0.007304216867469904
diffusion_step,371,-0.005045180722891507
diffusion_step,372,0.0036897590361445465
diffusion_step,373,-0.007906626506024084
diffusion_step,374,-0.0009036144578312699
diffusion_step,375,-0.0012801204819277712
diffusion_step,376,-0.005496987951807253
diffusion_step,377,0.01167168674698793
diffusion_step,378,-0.0009789156626506812
diffusion_step,379,-0.011521084337349385
diffusion_step,380,0.007831325301204783
diffusion_step,381,0.009939759036144524
diffusion_step,382,-0.01106927710843375
diffusion_step,383,-0.0003765060240963902
diffusion_step,384,-0.016189759036144558
diffusion_step,385,-0.014683734939759052
diffusion_step,386,-0.010542168674698815
diffusion_step,387,-0.005798192771084398
diffusion_step,388,-0.0037650602409638467
diffusion_step,389,0.013704819277108427
diffusion_step,390,-0.008584337349397564
diffusion_step,391,-0.012123493975903621
diffusion_step,392,-0.00022590361445778973
diffusion_step,393,0.02334337349397586
diffusion_step,394,-0.024171686746987886
diffusion_step,395,-0.010466867469879515
diffusion_step,396,0.00022590361445784524
diffusion_step,397,-0.004743975903614528
diffusion_step,398,0.015813253012048167
diffusion_step,399,-0.008132530120481984
diffusion_step,400,0.009713855421686679
diffusion_step,401,0.02394578313253004
diffusion_step,402,-0.022213855421686746
diffusion_step,403,-0.015888554216867468
diffusion_step,404,-0.008207831325301174
diffusion_step,405,-0.005271084337349408
diffusion_step,406,0.0010542168674699814
diffusion_step,407,-0.010993975903614395
diffusion_step,408,0.0005271084337349352
diffusion_step,409,0.01137048192771073
diffusion_step,410,-0.0024849397590361866
diffusion_step,411,-0.0011295180722891707
diffusion_step,412,0.007756024096385539
diffusion_step,413,-0.006250000000000033
diffusion_step,414,0.016641566265060304
diffusion_step,415,-0.010240963855421725
diffusion_step,416,-0.01784638554216872
diffusion_step,417,-0.009412650602409645
diffusion_step,418,-0.006325301204819278
diffusion_step,419,-0.0004518072289156905
diffusion_step,420,0.00790662650602414
diffusion_step,421,-0.003840361445783147
diffusion_step,422,-0.004442771084337438
diffusion_step,423,-0.005647590361445798
diffusion_step,424,-0.015737951807228978
diffusion_step,425,0.0039909638554216365
diffusion_step,426,0.00820783132530123
diffusion_step,427,-0.01287650602409629
diffusion_step,428,-0.008810240963855465
diffusion_step,429,0.0036144578313253017
diffusion_step,430,-0.01897590361445789
diffusion_step,431,0.002409638554216942
diffusion_step,432,0.01152108433734933
diffusion_step,433,0.0063253012048192225
diffusion_step,434,-0.00971385542168679
diffusion_step,435,0.007153614457831359
diffusion_step,436,0.015963855421686768
diffusion_step,437,-0.006551204819277068
diffusion_step,438,0.014156626506024117
diffusion_step,439,0.013478915662650692
diffusion_step,440,0.001807228915662762
diffusion_step,441,-0.01912650602409638
diffusion_step,442,0.026581325301204828
diffusion_step,443,-0.0010542168674698704
diffusion_step,444,-0.005572289156626553
diffusion_step,445,-0.0003765060240963902
diffusion_step,446,-0.0010542168674698704
diffusion_step,447,-0.010843373493975905
diffusion_step,448,0.003840361445783147
diffusion_step,449,-0.005271084337349408
diffusion_step,450,0.012650602409638556
diffusion_step,451,0.004894578313253017
diffusion_step,452,-0.006551204819277123
diffusion_step,453,0.005722891566265043
diffusion_step,454,-0.01867469879518069
diffusion_step,455,-0.0031626506024096668
diffusion_step,456,0.006777108433734913
diffusion_step,457,-0.005722891566264987
diffusion_step,458,-0.01159638554216863
diffusion_step,459,-0.012499999999999956
diffusion_step,460,-0.013554216867469882
diffusion_step,461,-0.022966867469879526
diffusion_step,462,0.0
diffusion_step,463,0.006701807228915668
diffusion_step,464,0.012123493975903732
diffusion_step,465,0.0006777108433735357
diffusion_step,466,-0.016189759036144558
diffusion_step,467,-0.011219879518072295
diffusion_step,468,-0.023117469879518127
diffusion_step,469,0.005572289156626442
diffusion_step,470,0.022213855421686746
diffusion_step,471,-0.0033132530120482673
diffusion_step,472,-0.0030873493975903665
diffusion_step,473,-0.01814759036144581
diffusion_step,474,0.016641566265060193
diffusion_step,475,0.005948795180722999
diffusion_step,476,-0.003087349397590311
diffusion_step,477,0.008810240963855409
diffusion_step,478,0.017243975903614484
diffusion_step,479,-0.015361445783132532
diffusion_step,480,-0.025225903614457812
diffusion_step,481,-0.007003012048192758
diffusion_step,482,0.0066265060240963125
diffusion_step,483,-0.03418674698795188
diffusion_step,484,0.0004518072289156905
diffusion_step,485,0.004894578313253017
diffusion_step,486,-0.013328313253012092
diffusion_step,487,0.008433734939759074
diffusion_step,488,-0.008509036144578375
diffusion_step,489,-0.0018825301204819511
diffusion_step,490,0.02319277108433726
diffusion_step,491,-0.006551204819277123
diffusion_step,492,0.008132530120481873
diffusion_step,493,0.00850903614457832
diffusion_step,494,0.01822289156626511
diffusion_step,495,-0.026430722891566283
diffusion_step,496,-0.013253012048192792
diffusion_step,497,0.0019578313253011403
diffusion_step,498,-0.008509036144578264
diffusion_step,499,-0.006551204819277123
diffusion_step,500,0.002635542168674676
diffusion_step,501,0.0009789156626505147
diffusion_step,502,-0.020406626506024095
diffusion_step,503,-0.010015060240963825
diffusion_step,504,0.01046686746987946
diffusion_step,505,-0.023870481927710796
diffusion_step,506,-0.008885542168674654
diffusion_step,507,-0.006024096385542188
diffusion_step,508,-0.0037650602409638467
diffusion_step,509,-0.004141566265060237
diffusion_step,510,-0.008734939759036164
diffusion_step,511,-0.006249999999999978
diffusion_step,512,-0.015662650602409622
diffusion_step,513,-0.0011295180722891707
diffusion_step,514,-0.004066265060241048
diffusion_step,515,0.019804216867469804
diffusion_step,516,0.005722891566265043
diffusion_step,517,-0.01829819277108441
diffusion_step,518,-0.0008283132530120807
diffusion_step,519,-0.01204819277108432
diffusion_step,520,-0.01769578313253012
diffusion_step,521,0.011596385542168797
diffusion_step,522,-0.004743975903614417
diffusion_step,523,0.01972891566265067
diffusion_step,524,-0.009186746987951855
diffusion_step,525,-0.005421686746988008
diffusion_step,526,0.004819277108433773
diffusion_step,527,0.012876506024096401
diffusion_step,528,-0.005722891566265098
diffusion_step,529,-0.0073795180722891485
diffusion_step,530,-0.011897590361445776
diffusion_step,531,0.00030120481927709
diffusion_step,532,-0.0036144578313252462
diffusion_step,533,0.002635542168674676
diffusion_step,534,0.0011295180722891152
diffusion_step,535,-0.011219879518072351
diffusion_step,536,0.007981927710843273
diffusion_step,537,-0.0007530120481927804
diffusion_step,538,0.002033132530120496
diffusion_step,539,0.01807228915662651
diffusion_step,540,-0.008207831325301285
diffusion_step,541,0.003237951807228856
diffusion_step,542,-0.0042921686746988374
diffusion_step,543,0.001204819277108471
diffusion_step,544,0.0036897590361445465
diffusion_step,545,0.005421686746987953
diffusion_step,546,0.02153614457831332
diffusion_step,547,0.015060240963855387
diffusion_step,548,0.011144578313252995
diffusion_step,549,-0.009111445783132555
diffusion_step,550,0.009337349397590344
diffusion_step,551,-0.002033132530120496
diffusion_step,552,0.010240963855421836
diffusion_step,553,-0.03027108433734943
diffusion_step,554,-0.022138554216867445
diffusion_step,555,-0.002710843373493921
diffusion_step,556,0.0005271084337349352
diffusion_step,557,0.00850903614457832
diffusion_step,558,-0.0008283132530120807
diffusion_step,559,-0.005948795180722888
diffusion_step,560,-0.003915662650602447
diffusion_step,561,-0.013780120481927671
diffusion_step,562,0.019352409638554224
diffusion_step,563,-0.015888554216867412
diffusion_step,564,-0.00120481927710836
diffusion_step,565,-0.017394578313252917
diffusion_step,566,-0.015060240963855442
diffusion_step,567,0.0006777108433734247
diffusion_step,568,0.0033132530120482118
diffusion_step,569,-0.001957831325301196
diffusion_step,570,0.009111445783132499
diffusion_step,571,-0.0070783132530120585
diffusion_step,572,-0.006099397590361488
diffusion_step,573,0.001807228915662762
diffusion_step,574,-0.02003012048192765
diffusion_step,575,0.0018825301204818956
diffusion_step,576,-0.009563253012048245
diffusion_step,577,-0.021084337349397575
diffusion_step,578,-0.0016566265060241059
diffusion_step,579,0.006249999999999978
diffusion_step,580,-0.021837349397590355
diffusion_step,581,0.005271084337349352
diffusion_step,582,-0.005346385542168708
diffusion_step,583,0.008584337349397564
diffusion_step,584,-0.006551204819277123
diffusion_step,585,-0.006249999999999978
diffusion_step,586,-0.016039156626506068
diffusion_step,587,0.0039909638554216365
diffusion_step,588,-0.010843373493975905
diffusion_step,589,-0.004141566265060237
diffusion_step,590,0.025677710843373558
diffusion_step,591,0.017018072289156527
diffusion_step,592,-0.023493975903614517
diffusion_step,593,0.00865963855421692
diffusion_step,594,-0.01159638554216863
diffusion_step,595,0.0012801204819277157
diffusion_step,596,0.008885542168674765
diffusion_step,597,0.004819277108433773
diffusion_step,598,0.005346385542168708
diffusion_step,599,-0.0037650602409638467
diffusion_step,600,-0.016942771084337338
diffusion_step,601,-0.005798192771084398
diffusion_step,602,-0.0014307228915663162
diffusion_step,603,0.02168674698795181
diffusion_step,604,0.006551204819277068
diffusion_step,605,0.022665662650602436
diffusion_step,606,-0.023870481927710796
diffusion_step,607,0.0025602409638555423
diffusion_step,608,0.011746987951807286
diffusion_step,609,0.014457831325301207
diffusion_step,610,-0.010165662650602425
diffusion_step,611,0.018900602409638534
diffusion_step,612,0.003237951807228856
diffusion_step,613,0.02914156626506026
diffusion_step,614,-0.005496987951807197
diffusion_step,615,-0.006475903614457823
diffusion_step,616,0.0072289156626504925
diffusion_step,617,-0.0028614457831325213
diffusion_step,618,-0.00022590361445778973
diffusion_step,619,-0.004141566265060237
diffusion_step,620,0.015135542168674743
diffusion_step,621,0.012048192771084376
diffusion_step,622,-0.0005271084337349907
diffusion_step,623,0.016114457831325257
diffusion_step,624,-0.0012801204819277712
diffusion_step,625,-0.0072289156626506035
diffusion_step,626,-0.004969879518072318
diffusion_step,627,0.008885542168674654
diffusion_step,628,-0.005873493975903588
diffusion_step,629,0.018448795180722843
diffusion_step,630,0.008433734939759074
diffusion_step,631,-0.020632530120481996
diffusion_step,632,-0.015587349397590378
diffusion_step,633,-0.01302710843373489
diffusion_step,634,-0.0027108433734939763
diffusion_step,635,-0.016265060240963858
diffusion_step,636,0.004668674698795172
diffusion_step,637,0.008734939759036164
diffusion_step,638,-0.0016566265060241059
diffusion_step,639,0.021159638554216764
diffusion_step,640,-0.0036144578313252462
diffusion_step,641,-0.02018072289156625
diffusion_step,642,0.005120481927710863
diffusion_step,643,0.010015060240963769
diffusion_step,644,-0.0036144578313252462
diffusion_step,645,-0.012876506024096401
diffusion_step,646,-0.01724397590361454
diffusion_step,647,-0.02914156626506026
diffusion_step,648,-0.0005271084337349907
diffusion_step,649,-0.004292168674698726
diffusion_step,650,-0.015813253012048167
diffusion_step,651,-0.0127259036144578
diffusion_step,652,-0.005948795180722888
diffusion_step,653,0.011295180722891596
diffusion_step,654,0.012349397590361466
diffusion_step,655,0.0007530120481927804
diffusion_step,656,-0.008057228915662684
diffusion_step,657,-0.0031626506024096668
diffusion_step,658,0.005195783132530107
diffusion_step,659,0.009713855421686679
diffusion_step,660,0.012725903614457912
diffusion_step,661,0.016340361445783214
diffusion_step,662,-0.009487951807228945
diffusion_step,663,-0.002635542168674676
diffusion_step,664,0.0033885542168674565
diffusion_step,665,-0.014834337349397597
diffusion_step,666,-0.008584337349397564
diffusion_step,667,-0.0021084337349397964
diffusion_step,668,0.002936746987951655
diffusion_step,669,-0.01069277108433736
diffusion_step,670,-0.004066265060241048
diffusion_step,671,-0.021762048192771055
diffusion_step,672,0.02274096385542168
diffusion_step,673,0.004668674698795172
diffusion_step,674,0.008810240963855409
diffusion_step,675,-0.005572289156626498
diffusion_step,676,-0.010240963855421725
diffusion_step,677,-0.0069277108433735135
diffusion_step,678,-0.00060240963855418
diffusion_step,679,0.017319277108433728
diffusion_step,680,-0.0126506024096385
diffusion_step,681,0.009036144578313254
diffusion_step,682,0.0075301204819276935
diffusion_step,683,-0.007379518072289204
diffusion_step,684,0.003840361445783147
diffusion_step,685,0.0008283132530120252
diffusion_step,686,-0.01129518072289154
diffusion_step,687,-0.005647590361445798
diffusion_step,688,0.004141566265060237
diffusion_step,689,-0.0011295180722891707
diffusion_step,690,-0.015813253012048167
diffusion_step,691,-0.002108433734939741
diffusion_step,692,0.0009036144578312699
diffusion_step,693,-0.0018072289156626509
diffusion_step,694,-0.0020331325301204406
diffusion_step,695,-0.015135542168674743
diffusion_step,696,-0.0018825301204819511
diffusion_step,697,-0.015361445783132532
diffusion_step,698,0.006852409638554158
diffusion_step,699,0.010090361445783125
diffusion_step,700,-0.01227409638554211
diffusion_step,701,-0.017168674698795128
diffusion_step,702,0.008584337349397453
diffusion_step,703,0.008283132530120474
diffusion_step,704,0.013930722891566272
diffusion_step,705,0.003915662650602392
diffusion_step,706,0.025301204819277
diffusion_step,707,-0.020783132530120485
diffusion_step,708,-0.0018825301204819511
diffusion_step,709,-0.002033132530120496
diffusion_step,710,0.002108433734939741
diffusion_step,711,-0.0031626506024096668
diffusion_step,712,-0.003237951807228856
diffusion_step,713,-0.023117469879518127
diffusion_step,714,-0.01325301204819268
diffusion_step,715,-0.00022590361445778973
diffusion_step,716,-0.009487951807228945
diffusion_step,717,0.0037650602409639022
diffusion_step,718,0.007304216867469959
diffusion_step,719,-0.0004518072289156905
diffusion_step,720,-0.0039909638554216365
diffusion_step,721,0.002936746987951766
diffusion_step,722,0.0018825301204818956
diffusion_step,723,0.0006777108433735357
diffusion_step,724,-0.005120481927710807
diffusion_step,725,-0.016566265060240948
diffusion_step,726,-0.007153614457831303
diffusion_step,727,0.009186746987951855
diffusion_step,728,-0.009864457831325224
diffusion_step,729,0.012349397590361466
diffusion_step,730,-0.005195783132530163
diffusion_step,731,0.0018825301204818956
diffusion_step,732,0.02138554216867472
diffusion_step,733,-0.01837349397590371
diffusion_step,734,-0.022213855421686746
diffusion_step,735,-0.0039909638554216365
diffusion_step,736,-0.0015813253012048611
diffusion_step,737,-0.014683734939759052
diffusion_step,738,0.004969879518072262
diffusion_step,739,-0.005722891566264987
diffusion_step,740,0.004668674698795172
diffusion_step,741,0.002334337349397475
diffusion_step,742,0.004518072289156572
diffusion_step,743,-0.006249999999999978
diffusion_step,744,-0.01197289156626502
diffusion_step,745,0.010843373493975905
diffusion_step,746,0.0033885542168674565
diffusion_step,747,-0.009036144578313254
diffusion_step,748,-0.007153614457831303
diffusion_step,749,-0.010617469879518115
diffusion_step,750,0.007605421686747049
diffusion_step,751,-0.014156626506024172
diffusion_step,752,-0.0018072289156627064
diffusion_step,753,-0.03501506024096385
diffusion_step,754,0.0006777108433735357
diffusion_step,755,0.007831325301204783
diffusion_step,756,-0.01784638554216872
diffusion_step,757,0.0060240963855421326
diffusion_step,758,-0.021536144578313265
diffusion_step,759,-0.012198795180722921
diffusion_step,760,0.007304216867469959
diffusion_step,761,-0.003237951807228967
diffusion_step,762,0.006400602409638578
diffusion_step,763,-0.0063253012048193336
diffusion_step,764,-0.017771084337349308
diffusion_step,765,-0.0070783132530120585
diffusion_step,766,0.008810240963855409
diffusion_step,767,-0.00022590361445790075
diffusion_step,768,0.006400602409638578
diffusion_step,769,0.014683734939759052
diffusion_step,770,-0.004442771084337327
diffusion_step,771,0.002635542168674676
diffusion_step,772,0.0001506024096386005
diffusion_step,773,0.0013554216867469604
diffusion_step,774,-0.015286144578313232
diffusion_step,775,0.009186746987951855
diffusion_step,776,0.02319277108433726
diffusion_step,777,0.0092620481927711
diffusion_step,778,0.0092620481927711
diffusion_step,779,-0.01129518072289154
diffusion_step,780,-0.003915662650602447
diffusion_step,781,0.005722891566265043
diffusion_step,782,-0.008659638554216864
diffusion_step,783,-0.0042921686746988374
diffusion_step,784,0.004969879518072262
diffusion_step,785,0.0030873493975902555
diffusion_step,786,-0.02966867469879525
diffusion_step,787,0.006099397590361377
diffusion_step,788,-0.0011295180722891707
diffusion_step,789,-0.0010542168674698704
diffusion_step,790,-0.00045180722891557945
diffusion_step,791,0.02183734939759041
diffusion_step,792,-0.010617469879518004
diffusion_step,793,0.009186746987951855
diffusion_step,794,0.013177710843373491
diffusion_step,795,0.0006777108433734247
diffusion_step,796,-0.020105421686747005
diffusion_step,797,0.008885542168674654
diffusion_step,798,0.0092620481927711
diffusion_step,799,0.012500000000000067
diffusion_step,800,0.0072289156626506035
diffusion_step,801,-0.0034638554216867012
diffusion_step,802,0.013478915662650692
diffusion_step,803,0.017921686746987908
diffusion_step,804,-0.022439759036144535
diffusion_step,805,0.008584337349397564
diffusion_step,806,0.00015060240963848948
diffusion_step,807,-0.008358433734939774
diffusion_step,808,-0.008960843373494065
diffusion_step,809,-0.011822289156626531
diffusion_step,810,0.00820783132530123
diffusion_step,811,-0.010617469879518004
diffusion_step,812,-0.004518072289156627
diffusion_step,813,0.01746987951807233
diffusion_step,814,-0.013253012048192792
diffusion_step,815,0.0027861445783132766
diffusion_step,816,0.007680722891566294
diffusion_step,817,0.03441265060240972
diffusion_step,818,0.004442771084337438
diffusion_step,819,-0.016490963855421648
diffusion_step,820,0.002033132530120496
diffusion_step,821,0.015888554216867523
diffusion_step,822,-0.0018072289156627064
diffusion_step,823,-0.013478915662650581
diffusion_step,824,-0.006852409638554158
diffusion_step,825,-0.017018072289156583
diffusion_step,826,0.0030873493975902555
diffusion_step,827,-0.021234939759036175
diffusion_step,828,-0.010542168674698815
diffusion_step,829,-0.006626506024096368
diffusion_step,830,-0.004668674698795228
diffusion_step,831,-0.0030873493975903665
diffusion_step,832,0.02959337349397584
diffusion_step,833,0.006174698795180733
diffusion_step,834,-0.006475903614457823
diffusion_step,835,0.013855421686746916
diffusion_step,836,0.0028614457831325213
diffusion_step,837,-0.009412650602409645
diffusion_step,838,0.0009789156626505147
diffusion_step,839,-0.016942771084337338
diffusion_step,840,0.006249999999999978
diffusion_step,841,-0.015662650602409622
diffusion_step,842,-0.008734939759036164
diffusion_step,843,0.003840361445783147
diffusion_step,844,-0.009186746987951855
diffusion_step,845,0.02123493975903623
diffusion_step,846,0.004518072289156572
diffusion_step,847,-0.005572289156626498
diffusion_step,848,-0.0075301204819276935
diffusion_step,849,-0.016792168674698738
diffusion_step,850,0.00850903614457832
diffusion_step,851,-0.002183734939759041
diffusion_step,852,0.00060240963855418
diffusion_step,853,0.01897590361445789
diffusion_step,854,0.017243975903614484
diffusion_step,855,0.01106927710843364
diffusion_step,856,0.01822289156626511
diffusion_step,857,0.008584337349397564
diffusion_step,858,0.012500000000000067
diffusion_step,859,0.01152108433734933
diffusion_step,860,-0.010993975903614395
diffusion_step,861,-0.0016566265060241059
diffusion_step,862,-0.006325301204819278
diffusion_step,863,0.0028614457831325213
diffusion_step,864,0.00030120481927709
diffusion_step,865,0.0025602409638554313
diffusion_step,866,0.004216867469879482
diffusion_step,867,0.0015813253012048056
diffusion_step,868,0.004969879518072262
diffusion_step,869,-0.033960843373493976
diffusion_step,870,0.0021837349397589856
diffusion_step,871,-0.020632530120481885
diffusion_step,872,0.022364457831325346
diffusion_step,873,0.016792168674698793
diffusion_step,874,0.017093373493975883
diffusion_step,875,-0.001506024096385561
diffusion_step,876,0.032078313253012025
diffusion_step,877,-0.016265060240963858
diffusion_step,878,0.016792168674698793
diffusion_step,879,-0.01995481927710846
diffusion_step,880,0.007078313253012003
diffusion_step,881,0.008734939759036053
diffusion_step,882,0.005120481927710863
diffusion_step,883,0.0028614457831325213
diffusion_step,884,-0.01814759036144581
diffusion_step,885,0.00835843373493983
diffusion_step,886,-0.0033132530120481563
diffusion_step,887,0.0036144578313253017
diffusion_step,888,-0.011972891566265131
diffusion_step,889,-0.01671686746987955
diffusion_step,890,0.01031626506024097
diffusion_step,891,0.005195783132530218
diffusion_step,892,-0.0013554216867469604
diffusion_step,893,-0.005421686746988008
diffusion_step,894,0.0075301204819276935
diffusion_step,895,0.005722891566265043
diffusion_step,896,-0.007906626506024084
diffusion_step,897,0.0031626506024097223
diffusion_step,898,-0.0017319277108433506
diffusion_step,899,-0.005948795180722943
diffusion_step,900,0.01137048192771073
diffusion_step,901,-0.0076807228915662384
diffusion_step,902,-0.009789156626506035
diffusion_step,903,0.021460843373493965
diffusion_step,904,-0.004141566265060237
diffusion_step,905,-0.000301204819277201
diffusion_step,906,0.009412650602409589
diffusion_step,907,0.012198795180722977
diffusion_step,908,-0.014533132530120452
diffusion_step,909,-0.009186746987951855
diffusion_step,910,0.010843373493975905
diffusion_step,911,0.02379518072289155
diffusion_step,912,-0.004066265060240881
diffusion_step,913,-0.022439759036144535
diffusion_step,914,-0.000301204819277201
diffusion_step,915,0.003012048192771122
diffusion_step,916,0.004593373493975927
diffusion_step,917,-0.0014307228915663162
diffusion_step,918,-0.005572289156626387
diffusion_step,919,0.008132530120481873
diffusion_step,920,0.008885542168674654
diffusion_step,921,0.0003765060240963347
diffusion_step,922,-0.01746987951807233
diffusion_step,923,-0.0066265060240964235
diffusion_step,924,-0.0013554216867469604
diffusion_step,925,-0.006024096385542188
diffusion_step,926,0.005647590361445798
diffusion_step,927,-0.006852409638554158
diffusion_step,928,-0.011370481927710785
diffusion_step,929,-0.013780120481927671
diffusion_step,930,0.009036144578313254
diffusion_step,931,-0.011822289156626531
diffusion_step,932,0.013102409638554247
diffusion_step,933,0.005421686746987953
diffusion_step,934,-0.011596385542168741
diffusion_step,935,0.002936746987951877
diffusion_step,936,0.006099397590361377
diffusion_step,937,0.013102409638554247
diffusion_step,938,0.0072289156626504925
diffusion_step,939,0.0010542168674698704
diffusion_step,940,-0.0027861445783132766
diffusion_step,941,0.0025602409638555423
diffusion_step,942,0.009036144578313365
diffusion_step,943,0.0039909638554216365
diffusion_step,944,0.005120481927710863
diffusion_step,945,-0.0015813253012048611
diffusion_step,946,-0.004216867469879537
diffusion_step,947,-0.004743975903614417
diffusion_step,948,-0.013704819277108482
diffusion_step,949,0.005120481927710863
diffusion_step,950,-0.01242469879518071
diffusion_step,951,-0.012123493975903565
diffusion_step,952,0.005572289156626442
diffusion_step,953,0.001506024096385561
diffusion_step,954,-0.005271084337349408
diffusion_step,955,-0.005346385542168708
diffusion_step,956,0.013554216867469826
diffusion_step,957,0.005572289156626553
diffusion_step,958,0.0092620481927711
diffusion_step,959,0.020406626506023984
diffusion_step,960,-0.027183734939759063
diffusion_step,961,0.014834337349397653
diffusion_step,962,-0.008057228915662684
diffusion_step,963,-0.002108433734939741
diffusion_step,964,-0.005346385542168763
diffusion_step,965,-0.006701807228915724
diffusion_step,966,0.012500000000000067
diffusion_step,967,0.008433734939758963
diffusion_step,968,-0.015286144578313232
diffusion_step,969,-0.016716867469879493
diffusion_step,970,0.004668674698795172
diffusion_step,971,0.002409638554216942
diffusion_step,972,0.004442771084337327
diffusion_step,973,0.017695783132530174
diffusion_step,974,0.004969879518072262
diffusion_step,975,-0.0031626506024096668
diffusion_step,976,0.013704819277108427
diffusion_step,977,-0.01144578313253014
diffusion_step,978,0.0005271084337349352
diffusion_step,979,0.01671686746987955
diffusion_step,980,0.0066265060240963125
diffusion_step,981,0.011295180722891596
diffusion_step,982,0.013177710843373491
diffusion_step,983,0.012198795180722866
diffusion_step,984,0.006174698795180622
diffusion_step,985,-0.014231927710843417
diffusion_step,986,0.005045180722891507
diffusion_step,987,0.017093373493975883
diffusion_step,988,-0.014382530120481962
diffusion_step,989,0.005873493975903643
diffusion_step,990,-0.010466867469879515
diffusion_step,991,0.019653614457831314
diffusion_step,992,-0.00971385542168679
diffusion_step,993,0.006701807228915779
diffusion_step,994,-0.004668674698795228
diffusion_step,995,-0.005647590361445798
diffusion_step,996,-0.0030120481927710663
diffusion_step,997,-0.006099397590361488
diffusion_step,998,0.015060240963855387
diffusion_step,999,0.004894578313253017
diffusion_step,1000,-0.0006777108433735357
diffusion_step,1001,-0.009864457831325224
diffusion_step,1002,0.006400602409638578
diffusion_step,1003,0.008132530120481873
diffusion_step,1004,-0.0033885542168674565
diffusion_step,1005,-0.022740963855421625
diffusion_step,1006,0.006400602409638578
diffusion_step,1007,-0.0018825301204819511
diffusion_step,1008,-0.01129518072289154
diffusion_step,1009,-0.0042921686746988374
diffusion_step,1010,0.02944277108433735
diffusion_step,1011,0.016792168674698793
diffusion_step,1012,-0.007228915662650548
diffusion_step,1013,0.01121987951807224
diffusion_step,1014,-0.0005271084337349907
diffusion_step,1015,0.006852409638554269
diffusion_step,1016,0.0069277108433735135
diffusion_step,1017,-0.006475903614457823
diffusion_step,1018,-0.01302710843373489
diffusion_step,1019,-0.007756024096385594
diffusion_step,1020,-0.0007530120481927804
diffusion_step,1021,-0.007756024096385483
diffusion_step,1022,-0.015662650602409622
diffusion_step,1023,0.0009036144578312699
diffusion_step,1024,0.01076807228915655
diffusion_step,1025,-0.016340361445783158
diffusion_step,1026,0.001506024096385561
diffusion_step,1027,0.003012048192771122
diffusion_step,1028,0.009337349397590455
diffusion_step,1029,0.012725903614457912
diffusion_step,1030,0.008584337349397564
diffusion_step,1031,0.000903614457831381
diffusion_step,1032,-0.01957831325301207
diffusion_step,1033,-0.0031626506024096668
diffusion_step,1034,-0.008057228915662573
diffusion_step,1035,0.004819277108433773
diffusion_step,1036,0.011445783132530196
diffusion_step,1037,0.0022590361445783413
diffusion_step,1038,-0.008358433734939774
diffusion_step,1039,-0.009186746987951855
diffusion_step,1040,0.007003012048192758
diffusion_step,1041,0.0022590361445783413
diffusion_step,1042,0.01957831325301207
diffusion_step,1043,-0.023117469879518127
diffusion_step,1044,0.0037650602409639022
diffusion_step,1045,-0.013554216867469882
diffusion_step,1046,-0.011897590361445776
diffusion_step,1047,0.0006777108433735357
diffusion_step,1048,-0.0003765060240963902
diffusion_step,1049,-0.004819277108433828
diffusion_step,1050,-0.00120481927710836
diffusion_step,1051,0.002033132530120496
diffusion_step,1052,0.012123493975903732
diffusion_step,1053,0.0069277108433735135
diffusion_step,1054,-0.0016566265060241059
diffusion_step,1055,-0.02025602409638555
diffusion_step,1056,-0.014156626506024061
diffusion_step,1057,-0.0013554216867469604
diffusion_step,1058,-0.016039156626506013
diffusion_step,1059,-0.033207831325301196
diffusion_step,1060,-0.004743975903614417
diffusion_step,1061,-0.016340361445783158
diffusion_step,1062,-7.530120481930025e-05
diffusion_step,1063,0.005045180722891618
diffusion_step,1064,-0.01137048192771084
diffusion_step,1065,0.03275602409638556
diffusion_step,1066,-0.008283132530120474
diffusion_step,1067,-0.015662650602409622
diffusion_step,1068,-0.0004518072289156905
diffusion_step,1069,-0.01302710843373489
diffusion_step,1070,0.004518072289156572
diffusion_step,1071,-0.005722891566265098
diffusion_step,1072,0.00022590361445784524
diffusion_step,1073,-0.015286144578313232
diffusion_step,1074,-0.004969879518072318
diffusion_step,1075,-0.0025602409638554313
diffusion_step,1076,-0.0073795180722891485
diffusion_step,1077,0.030873493975903665
diffusion_step,1078,0.009036144578313254
diffusion_step,1079,0.006777108433734913
diffusion_step,1080,0.01016566265060237
diffusion_step,1081,0.0007530120481927804
diffusion_step,1082,0.007003012048192758
diffusion_step,1083,0.016641566265060193
diffusion_step,1084,0.006249999999999978
diffusion_step,1085,0.007831325301204783
diffusion_step,1086,0.016039156626506013
diffusion_step,1087,-0.0018072289156627064
diffusion_step,1088,0.013328313253012092
diffusion_step,1089,-0.002334337349397586
diffusion_step,1090,-0.021460843373493965
diffusion_step,1091,-0.01137048192771084
diffusion_step,1092,0.016490963855421703
diffusion_step,1093,0.005045180722891507
diffusion_step,1094,0.00986445783132528
diffusion_step,1095,-0.025301204819277112
diffusion_step,1096,0.020707831325301185
diffusion_step,1097,-0.0039909638554216365
diffusion_step,1098,-0.013102409638554302
diffusion_step,1099,-0.012499999999999956
diffusion_step,1100,0.010240963855421614
diffusion_step,1101,-0.002936746987951766
diffusion_step,1102,0.026204819277108493
diffusion_step,1103,0.00022590361445784524
diffusion_step,1104,0.02078313253012054
diffusion_step,1105,-0.01302710843373489
diffusion_step,1106,0.0027861445783132766
diffusion_step,1107,-0.0070783132530120585
diffusion_step,1108,-0.0008283132530119697
diffusion_step,1109,-0.008358433734939774
diffusion_step,1110,-0.013102409638554302
diffusion_step,1111,-0.01046686746987957
diffusion_step,1112,-0.0033132530120482673
diffusion_step,1113,0.000602409638554291
diffusion_step,1114,0.013930722891566272
diffusion_step,1115,-0.008659638554216864
diffusion_step,1116,0.018750000000000044
diffusion_step,1117,0.0013554216867469604
diffusion_step,1118,-0.009864457831325335
diffusion_step,1119,0.001807228915662762
diffusion_step,1120,-0.018750000000000044
diffusion_step,1121,0.0005271084337349352
diffusion_step,1122,-0.008207831325301285
diffusion_step,1123,0.010993975903614506
diffusion_step,1124,-0.01912650602409638
diffusion_step,1125,-0.01814759036144581
diffusion_step,1126,0.02274096385542168
diffusion_step,1127,0.00120481927710836
diffusion_step,1128,-0.007680722891566294
diffusion_step,1129,0.02183734939759041
diffusion_step,1130,-0.0042921686746988374
diffusion_step,1131,0.006777108433734913
diffusion_step,1132,-0.012876506024096401
diffusion_step,1133,0.013930722891566272
diffusion_step,1134,-0.002936746987951766
diffusion_step,1135,0.018298192771084354
diffusion_step,1136,-0.001204819277108471
diffusion_step,1137,-0.022138554216867556
diffusion_step,1138,0.009638554216867434
diffusion_step,1139,-0.006626506024096368
diffusion_step,1140,-0.006701807228915668
diffusion_step,1141,-0.004367469879518027
diffusion_step,1142,0.022966867469879526
diffusion_step,1143,0.006174698795180733
diffusion_step,1144,-0.014984939759036198
diffusion_step,1145,-0.013403614457831281
diffusion_step,1146,0.006551204819277179
diffusion_step,1147,0.0006777108433735357
diffusion_step,1148,-0.014608433734939807
diffusion_step,1149,-0.0064759036144577675
diffusion_step,1150,0.015813253012048167
diffusion_step,1151,-0.004668674698795228
diffusion_step,1152,0.01016566265060237
diffusion_step,1153,0.006174698795180733
diffusion_step,1154,0.009036144578313254
diffusion_step,1155,0.013855421686746916
diffusion_step,1156,0.00120481927710836
diffusion_step,1157,-0.009262048192771044
diffusion_step,1158,0.013403614457831337
diffusion_step,1159,-0.008960843373493954
diffusion_step,1160,0.028765060240963924
diffusion_step,1161,0.005496987951807197
diffusion_step,1162,0.002710843373493921
diffusion_step,1163,0.001204819277108471
diffusion_step,1164,-0.005647590361445798
diffusion_step,1165,-0.011219879518072351
diffusion_step,1166,0.0028614457831325213
diffusion_step,1167,-0.004743975903614417
diffusion_step,1168,0.00030120481927709
diffusion_step,1169,0.013780120481927782
diffusion_step,1170,-0.008358433734939774
diffusion_step,1171,-0.01649096385542176
diffusion_step,1172,0.0009789156626506257
diffusion_step,1173,0.02838855421686748
diffusion_step,1174,-0.004969879518072373
diffusion_step,1175,0.0066265060240963125
diffusion_step,1176,-0.0185240963855422
diffusion_step,1177,-0.014683734939759052
diffusion_step,1178,-0.006626506024096368
diffusion_step,1179,-0.01942771084337347
diffusion_step,1180,-0.02055722891566264
diffusion_step,1181,-0.017545180722891518
diffusion_step,1182,-0.009036144578313254
diffusion_step,1183,0.008584337349397675
diffusion_step,1184,0.013177710843373491
diffusion_step,1185,0.002936746987951766
diffusion_step,1186,-0.005722891566265098
diffusion_step,1187,-0.022665662650602436
diffusion_step,1188,-0.021837349397590355
diffusion_step,1189,0.008885542168674654
diffusion_step,1190,0.00060240963855418
diffusion_step,1191,0.02048192771084345
diffusion_step,1192,-0.0024096385542168863
diffusion_step,1193,-0.01302710843373489
diffusion_step,1194,0.005271084337349352
diffusion_step,1195,-0.0126506024096385
diffusion_step,1196,-0.016942771084337338
diffusion_step,1197,-0.014081325301204872
diffusion_step,1198,0.007379518072289204
diffusion_step,1199,-0.00060240963855418
diffusion_step,1200,-0.006777108433734913
diffusion_step,1201,0.010090361445783236
diffusion_step,1202,0.002409638554216942
diffusion_step,1203,0.0004518072289156905
diffusion_step,1204,0.003840361445783147
diffusion_step,1205,-0.004668674698795228
diffusion_step,1206,-0.01129518072289154
diffusion_step,1207,-0.010316265060241026
diffusion_step,1208,0.004292168674698726
diffusion_step,1209,-0.002108433734939741
diffusion_step,1210,-0.0072289156626506035
diffusion_step,1211,-0.016039156626506013
diffusion_step,1212,0.0009789156626505147
diffusion_step,1213,0.01882530120481929
diffusion_step,1214,0.0010542168674698704
diffusion_step,1215,-0.021987951807228956
diffusion_step,1216,-0.027484939759036153
diffusion_step,1217,0.01573795180722881
diffusion_step,1218,0.00956325301204819
diffusion_step,1219,-0.004593373493975816
diffusion_step,1220,0.0066265060240963125
diffusion_step,1221,-0.0008283132530119697
diffusion_step,1222,0.01987951807228916
diffusion_step,1223,-0.020331325301204795
diffusion_step,1224,0.026280120481927738
diffusion_step,1225,-0.016942771084337338
diffusion_step,1226,-7.530120481918923e-05
diffusion_step,1227,0.0013554216867469604
diffusion_step,1228,0.007454819277108449
diffusion_step,1229,-0.0023343373493975306
diffusion_step,1230,0.015361445783132477
diffusion_step,1231,-0.0007530120481927804
diffusion_step,1232,-0.027635542168674754
diffusion_step,1233,0.0012801204819277157
diffusion_step,1234,0.002635542168674676
diffusion_step,1235,-0.025225903614457812
diffusion_step,1236,-0.015662650602409622
diffusion_step,1237,-0.008132530120481873
diffusion_step,1238,-0.011521084337349385
diffusion_step,1239,0.005572289156626442
diffusion_step,1240,0.0027861445783132766
diffusion_step,1241,0.03516566265060239
diffusion_step,1242,-0.0182981927710843
diffusion_step,1243,0.007003012048192758
diffusion_step,1244,0.022816265060240926
diffusion_step,1245,0.02018072289156625
diffusion_step,1246,-0.0012801204819276601
diffusion_step,1247,0.017394578313253084
diffusion_step,1248,0.006174698795180622
diffusion_step,1249,-0.019352409638554224
diffusion_step,1250,0.0017319277108432951
diffusion_step,1251,0.009337349397590344
diffusion_step,1252,0.014909638554216786
diffusion_step,1253,-0.002409638554216831
diffusion_step,1254,-0.0015813253012048611
diffusion_step,1255,0.0018825301204818956
diffusion_step,1256,-0.007756024096385483
diffusion_step,1257,0.0033885542168674565
diffusion_step,1258,-0.026731927710843373
diffusion_step,1259,-0.009638554216867434
diffusion_step,1260,-0.01739457831325303
diffusion_step,1261,0.009337349397590344
diffusion_step,1262,0.005346385542168597
diffusion_step,1263,0.005271084337349352
diffusion_step,1264,-0.011596385542168741
diffusion_step,1265,0.004066265060240992
diffusion_step,1266,0.006099397590361488
diffusion_step,1267,-0.02018072289156625
diffusion_step,1268,-0.017771084337349308
diffusion_step,1269,-0.003539156626505946
diffusion_step,1270,-0.007756024096385483
diffusion_step,1271,0.010843373493976016
diffusion_step,1272,0.0024849397590360756
diffusion_step,1273,0.006400602409638578
diffusion_step,1274,0.0033885542168674565
diffusion_step,1275,-0.007379518072289204
diffusion_step,1276,-0.016039156626506068
diffusion_step,1277,0.021460843373493965
diffusion_step,1278,0.002409638554216942
diffusion_step,1279,0.005572289156626442
diffusion_step,1280,0.0254518072289156
diffusion_step,1281,0.0039909638554217475
diffusion_step,1282,-0.009864457831325335
diffusion_step,1283,-0.0007530120481927804
diffusion_step,1284,0.0016566265060241614
diffusion_step,1285,0.021762048192771166
diffusion_step,1286,0.0036897590361445465
diffusion_step,1287,-0.001204819277108471
diffusion_step,1288,0.0
diffusion_step,1289,-0.005346385542168597
diffusion_step,1290,-0.008885542168674654
diffusion_step,1291,-0.008659638554216864
diffusion_step,1292,0.00805722891566274
diffusion_step,1293,-7.530120481930025e-05
diffusion_step,1294,0.005572289156626442
diffusion_step,1295,0.004668674698795172
diffusion_step,1296,-0.004668674698795228
diffusion_step,1297,0.017921686746987908
diffusion_step,1298,-0.022891566265060226
diffusion_step,1299,-0.00218373493975893
diffusion_step,1300,-0.011445783132530085
diffusion_step,1301,0.002710843373494032
diffusion_step,1302,0.0037650602409639022
diffusion_step,1303,-0.0007530120481927804
diffusion_step,1304,0.015135542168674743
diffusion_step,1305,0.01167168674698793
diffusion_step,1306,-0.0011295180722891707
diffusion_step,1307,-0.013328313253012092
diffusion_step,1308,0.0003765060240963347
diffusion_step,1309,-0.0013554216867469604
diffusion_step,1310,0.0027861445783132766
diffusion_step,1311,-0.0018825301204819511
diffusion_step,1312,0.003840361445783147
diffusion_step,1313,0.0127259036144578
diffusion_step,1314,-0.001506024096385561
diffusion_step,1315,-0.008885542168674654
diffusion_step,1316,0.012725903614457912
diffusion_step,1317,-0.008734939759036164
diffusion_step,1318,-0.007153614457831303
diffusion_step,1319,0.015587349397590433
diffusion_step,1320,-0.023493975903614517
diffusion_step,1321,-0.011521084337349441
diffusion_step,1322,-0.0254518072289156
diffusion_step,1323,-0.0010542168674698704
diffusion_step,1324,-0.004066265060240937
diffusion_step,1325,0.002936746987951877
diffusion_step,1326,0.004141566265060237
diffusion_step,1327,-0.014759036144578352
diffusion_step,1328,0.008283132530120474
diffusion_step,1329,-0.015060240963855442
diffusion_step,1330,-0.0018072289156627064
diffusion_step,1331,0.0003765060240963347
diffusion_step,1332,-0.0036144578313252462
diffusion_step,1333,-0.009337349397590344
diffusion_step,1334,-0.0007530120481927804
diffusion_step,1335,0.005195783132530107
diffusion_step,1336,0.011897590361445776
diffusion_step,1337,0.001204819277108471
diffusion_step,1338,0.013328313253012092
diffusion_step,1339,0.011445783132530196
diffusion_step,1340,-0.024698795180722877
diffusion_step,1341,-0.0008283132530120807
diffusion_step,1342,-0.0019578313253011403
diffusion_step,1343,-0.004216867469879648
diffusion_step,1344,0.0027861445783132766
diffusion_step,1345,-0.009789156626506035
diffusion_step,1346,-0.01009036144578318
diffusion_step,1347,0.007680722891566294
diffusion_step,1348,0.015737951807228923
diffusion_step,1349,0.01076807228915655
diffusion_step,1350,0.018448795180722843
diffusion_step,1351,-0.008960843373494065
diffusion_step,1352,-0.01167168674698793
diffusion_step,1353,-0.002635542168674676
diffusion_step,1354,-0.012876506024096401
diffusion_step,1355,-0.003237951807228856
diffusion_step,1356,-0.016942771084337338
diffusion_step,1357,-0.006400602409638578
diffusion_step,1358,0.02243975903614459
diffusion_step,1359,-0.0009789156626505702
diffusion_step,1360,-0.023343373493975916
diffusion_step,1361,0.0017319277108432951
diffusion_step,1362,-0.008207831325301285
diffusion_step,1363,0.007153614457831359
diffusion_step,1364,-0.00971385542168679
diffusion_step,1365,0.01822289156626511
diffusion_step,1366,-0.03546686746987954
diffusion_step,1367,-0.014608433734939807
diffusion_step,1368,-0.0030873493975903665
diffusion_step,1369,-0.00188253012048184
diffusion_step,1370,0.00030120481927709
diffusion_step,1371,-0.010316265060240914
diffusion_step,1372,0.0072289156626504925
diffusion_step,1373,-0.006626506024096368
diffusion_step,1374,0.01942771084337347
diffusion_step,1375,-0.01129518072289154
diffusion_step,1376,0.009487951807228834
diffusion_step,1377,-0.01679216867469885
diffusion_step,1378,-0.005346385542168708
diffusion_step,1379,-0.007756024096385594
diffusion_step,1380,0.0069277108433735135
diffusion_step,1381,0.010090361445783236
diffusion_step,1382,-0.0027861445783132766
diffusion_step,1383,-0.006927710843373458
diffusion_step,1384,0.005722891566265043
diffusion_step,1385,-0.006852409638554213
diffusion_step,1386,0.016039156626506013
diffusion_step,1387,0.00022590361445784524
diffusion_step,1388,0.004442771084337327
diffusion_step,1389,0.0072289156626506035
diffusion_step,1390,0.0039909638554216365
diffusion_step,1391,-0.014382530120481851
diffusion_step,1392,0.013253012048192736
diffusion_step,1393,0.010391566265060215
diffusion_step,1394,0.0075301204819276935
diffusion_step,1395,-0.0006777108433734802
diffusion_step,1396,0.02259036144578308
diffusion_step,1397,-0.005271084337349408
diffusion_step,1398,0.017243975903614484
diffusion_step,1399,-0.00060240963855418
diffusion_step,1400,0.004442771084337327
diffusion_step,1401,-0.017319277108433728
diffusion_step,1402,-0.014156626506024061
diffusion_step,1403,-0.01799698795180721
diffusion_step,1404,-0.008584337349397564
diffusion_step,1405,0.005271084337349352
diffusion_step,1406,0.018524096385542088
diffusion_step,1407,0.006249999999999978
diffusion_step,1408,-0.002560240963855487
diffusion_step,1409,-0.004743975903614417
diffusion_step,1410,-0.01649096385542176
diffusion_step,1411,0.0018825301204818956
diffusion_step,1412,-0.009864457831325335
diffusion_step,1413,-0.006400602409638578
diffusion_step,1414,-0.0016566265060241059
diffusion_step,1415,-0.004593373493975816
diffusion_step,1416,-0.011144578313252995
diffusion_step,1417,-0.01287650602409629
diffusion_step,1418,-0.012198795180722921
diffusion_step,1419,-0.008283132530120418
diffusion_step,1420,-0.011822289156626531
diffusion_step,1421,-0.005798192771084287
diffusion_step,1422,-0.001204819277108471
diffusion_step,1423,-0.0127259036144578
diffusion_step,1424,-0.010165662650602425
diffusion_step,1425,-0.009412650602409645
diffusion_step,1426,-0.014759036144578352
diffusion_step,1427,0.01852409638554231
diffusion_step,1428,0.005421686746987953
diffusion_step,1429,-0.005346385542168763
diffusion_step,1430,0.004668674698795172
diffusion_step,1431,-0.017771084337349308
diffusion_step,1432,0.004141566265060237
diffusion_step,1433,-0.00045180722891557945
diffusion_step,1434,-0.013177710843373491
diffusion_step,1435,0.0028614457831325213
diffusion_step,1436,-0.006626506024096368
diffusion_step,1437,0.0018072289156626509
diffusion_step,1438,0.00022590361445784524
diffusion_step,1439,0.00896084337349401
diffusion_step,1440,0.016792168674698793
diffusion_step,1441,-0.005195783132530163
diffusion_step,1442,0.003237951807228856
diffusion_step,1443,-0.011521084337349385
diffusion_step,1444,-0.010165662650602425
diffusion_step,1445,0.0034638554216868123
diffusion_step,1446,-0.010316265060241026
diffusion_step,1447,0.0036897590361445465
diffusion_step,1448,-0.021084337349397575
diffusion_step,1449,0.01076807228915666
diffusion_step,1450,0.020858433734939674
diffusion_step,1451,-0.008509036144578264
diffusion_step,1452,-0.007981927710843384
diffusion_step,1453,-0.01114457831325305
diffusion_step,1454,-0.01174698795180723
diffusion_step,1455,-0.018147590361445698
diffusion_step,1456,-0.00045180722891557945
diffusion_step,1457,0.0011295180722891152
diffusion_step,1458,0.007831325301204894
diffusion_step,1459,-0.011445783132530085
diffusion_step,1460,0.009487951807228945
diffusion_step,1461,0.003237951807228856
diffusion_step,1462,-0.009789156626506035
diffusion_step,1463,-0.0003765060240963902
diffusion_step,1464,0.0022590361445783413
diffusion_step,1465,-0.01302710843373489
diffusion_step,1466,-0.009563253012048245
diffusion_step,1467,0.020707831325301185
diffusion_step,1468,-0.0014307228915663162
diffusion_step,1469,0.02289156626506028
diffusion_step,1470,-0.007003012048192758
diffusion_step,1471,0.012499999999999956
diffusion_step,1472,-0.008509036144578264
diffusion_step,1473,-0.003840361445783147
diffusion_step,1474,-0.006024096385542188
diffusion_step,1475,0.01882530120481929
diffusion_step,1476,0.006852409638554269
diffusion_step,1477,0.005120481927710863
diffusion_step,1478,0.004442771084337438
diffusion_step,1479,0.02454819277108433
diffusion_step,1480,-0.010542168674698815
diffusion_step,1481,-0.013403614457831281
diffusion_step,1482,-0.014307228915662662
diffusion_step,1483,-0.01671686746987955
diffusion_step,1484,0.005195783132530107
diffusion_step,1485,-0.014006024096385572
diffusion_step,1486,-0.017319277108433728
diffusion_step,1487,0.002635542168674676
diffusion_step,1488,-0.011596385542168741
diffusion_step,1489,0.01942771084337347
diffusion_step,1490,-0.003087349397590311
diffusion_step,1491,-0.0039909638554216365
diffusion_step,1492,0.004066265060240992
diffusion_step,1493,-0.010993975903614395
diffusion_step,1494,0.005045180722891618
diffusion_step,1495,-0.03147590361445779
diffusion_step,1496,-0.02989457831325304
diffusion_step,1497,-0.007605421686746994
diffusion_step,1498,-0.006024096385542188
diffusion_step,1499,0.008433734939759074
diffusion_step,1500,-0.0024096385542168863
diffusion_step,1501,0.002409638554216942
diffusion_step,1502,0.02469879518072282
diffusion_step,1503,0.005195783132530107
diffusion_step,1504,-0.0072289156626506035
diffusion_step,1505,-0.007454819277108504
diffusion_step,1506,0.0011295180722891152
diffusion_step,1507,-0.009412650602409645
diffusion_step,1508,0.002409638554216942
diffusion_step,1509,-0.0010542168674698704
diffusion_step,1510,0.014382530120481962
diffusion_step,1511,-0.008283132530120474
diffusion_step,1512,-0.0007530120481927804
diffusion_step,1513,-0.010692771084337305
diffusion_step,1514,0.004668674698795172
diffusion_step,1515,-0.01099397590361445
diffusion_step,1516,-0.0031626506024096668
diffusion_step,1517,0.002635542168674676
diffusion_step,1518,-0.010918674698795205
diffusion_step,1519,0.0008283132530120252
diffusion_step,1520,0.001204819277108471
diffusion_step,1521,-0.017394578313252917
diffusion_step,1522,0.02153614457831321
diffusion_step,1523,-0.0024096385542168863
diffusion_step,1524,-0.0063253012048193336
diffusion_step,1525,-0.01009036144578318
diffusion_step,1526,-0.0037650602409638467
diffusion_step,1527,-0.005798192771084398
diffusion_step,1528,-0.004367469879518138
diffusion_step,1529,0.0019578313253012514
diffusion_step,1530,-0.0009789156626505702
diffusion_step,1531,0.012725903614457912
diffusion_step,1532,0.01031626506024097
diffusion_step,1533,-0.028463855421686723
diffusion_step,1534,0.010542168674698815
diffusion_step,1535,-0.004894578313253017
diffusion_step,1536,-0.0015813253012048611
diffusion_step,1537,-0.0008283132530120807
diffusion_step,1538,-0.010015060240963825
diffusion_step,1539,-0.008358433734939774
diffusion_step,1540,0.004743975903614417
diffusion_step,1541,-0.002936746987951766
diffusion_step,1542,-0.007981927710843384
diffusion_step,1543,-0.023192771084337427
diffusion_step,1544,0.0001506024096386005
diffusion_step,1545,0.010090361445783125
diffusion_step,1546,0.010692771084337305
diffusion_step,1547,0.006701807228915779
diffusion_step,1548,-0.008132530120481984
diffusion_step,1549,-0.006249999999999978
diffusion_step,1550,-0.014156626506024061
diffusion_step,1551,0.020256024096385494
diffusion_step,1552,-0.0039909638554217475
diffusion_step,1553,0.008433734939759074
diffusion_step,1554,-0.02025602409638555
diffusion_step,1555,0.0
diffusion_step,1556,-0.02484939759036142
diffusion_step,1557,-0.01799698795180721
diffusion_step,1558,-0.008057228915662684
diffusion_step,1559,-0.009186746987951855
diffusion_step,1560,-0.01874999999999999
diffusion_step,1561,0.015060240963855387
diffusion_step,1562,-0.009412650602409645
diffusion_step,1563,-0.021234939759036175
diffusion_step,1564,0.0019578313253011403
diffusion_step,1565,0.01227409638554211
diffusion_step,1566,-0.008734939759036164
diffusion_step,1567,0.017846385542168663
diffusion_step,1568,-0.020331325301204795
diffusion_step,1569,-0.005045180722891618
diffusion_step,1570,0.007003012048192758
diffusion_step,1571,-0.013177710843373491
diffusion_step,1572,-0.004518072289156627
diffusion_step,1573,0.011445783132530196
diffusion_step,1574,-0.016039156626506013
diffusion_step,1575,0.0024849397590360756
diffusion_step,1576,0.018298192771084354
diffusion_step,1577,0.003915662650602392
diffusion_step,1578,0.014909638554216786
diffusion_step,1579,-0.005572289156626553
diffusion_step,1580,0.010617469879518171
diffusion_step,1581,0.02304216867469877
diffusion_step,1582,0.0027861445783132766
diffusion_step,1583,0.01137048192771084
diffusion_step,1584,-0.0030120481927710663
diffusion_step,1585,0.0004518072289156905
diffusion_step,1586,-0.013403614457831281
diffusion_step,1587,0.006701807228915779
diffusion_step,1588,0.003539156626506057
diffusion_step,1589,-0.0010542168674698704
diffusion_step,1590,-0.012123493975903732
diffusion_step,1591,0.0
diffusion_step,1592,-0.008358433734939774
diffusion_step,1593,-0.002484939759036131
diffusion_step,1594,0.015436746987951833
diffusion_step,1595,-0.0030873493975903665
diffusion_step,1596,0.0010542168674699814
diffusion_step,1597,-0.004216867469879537
diffusion_step,1598,-0.004668674698795228
diffusion_step,1599,0.000903614457831381
diffusion_step,1600,0.0012801204819277157
diffusion_step,1601,-0.01242469879518071
diffusion_step,1602,-0.01686746987951815
diffusion_step,1603,-0.008659638554216864
diffusion_step,1604,0.008810240963855409
diffusion_step,1605,-0.0016566265060241059
diffusion_step,1606,-0.004141566265060237
diffusion_step,1607,0.00956325301204819
diffusion_step,1608,-0.0030873493975903665
diffusion_step,1609,-0.028614457831325324
diffusion_step,1610,-0.006852409638554158
diffusion_step,1611,0.007078313253012114
diffusion_step,1612,-0.000903614457831381
diffusion_step,1613,-0.014533132530120452
diffusion_step,1614,-0.010316265060241026
diffusion_step,1615,0.01746987951807233
diffusion_step,1616,-0.0033132530120481563
diffusion_step,1617,-0.007304216867469904
diffusion_step,1618,0.01686746987951815
diffusion_step,1619,0.004367469879518082
diffusion_step,1620,-0.016566265060240948
diffusion_step,1621,0.005346385542168708
diffusion_step,1622,0.00986445783132528
diffusion_step,1623,0.01031626506024097
diffusion_step,1624,0.0
diffusion_step,1625,0.018749999999999933
diffusion_step,1626,-0.021385542168674665
diffusion_step,1627,-0.01792168674698802
diffusion_step,1628,-0.003087349397590311
diffusion_step,1629,-0.01618975903614467
diffusion_step,1630,-0.0009789156626505702
diffusion_step,1631,-0.0036144578313252462
diffusion_step,1632,-0.010542168674698815
diffusion_step,1633,-0.010165662650602425
diffusion_step,1634,-0.007756024096385483
diffusion_step,1635,-0.009111445783132444
diffusion_step,1636,-0.008810240963855354
diffusion_step,1637,0.01671686746987955
diffusion_step,1638,-0.003237951807228967
diffusion_step,1639,0.007680722891566294
diffusion_step,1640,-0.005496987951807197
diffusion_step,1641,0.009412650602409589
diffusion_step,1642,0.008885542168674765
diffusion_step,1643,0.006099397590361377
diffusion_step,1644,-0.0011295180722891707
diffusion_step,1645,0.018599397590361444
diffusion_step,1646,0.006777108433734913
diffusion_step,1647,0.0007530120481927804
diffusion_step,1648,-0.00030120481927709
diffusion_step,1649,0.006777108433734913
diffusion_step,1650,-0.006852409638554213
diffusion_step,1651,0.0092620481927711
diffusion_step,1652,0.005572289156626442
diffusion_step,1653,-0.002786144578313221
diffusion_step,1654,-0.006777108433734913
diffusion_step,1655,-0.0033132530120481563
diffusion_step,1656,-0.002635542168674676
diffusion_step,1657,-0.009487951807229
diffusion_step,1658,-0.014834337349397597
diffusion_step,1659,0.01242469879518071
diffusion_step,1660,-0.005045180722891618
diffusion_step,1661,-0.0027861445783132766
diffusion_step,1662,0.007454819277108449
diffusion_step,1663,0.023644578313253062
diffusion_step,1664,-0.006024096385542188
diffusion_step,1665,0.015361445783132477
diffusion_step,1666,0.014909638554216786
diffusion_step,1667,-0.008358433734939774
diffusion_step,1668,0.0031626506024096113
diffusion_step,1669,0.016340361445783103
diffusion_step,1670,-0.000301204819277201
diffusion_step,1671,-0.02078313253012043
diffusion_step,1672,-0.0015813253012047501
diffusion_step,1673,-0.0012801204819276601
diffusion_step,1674,0.011445783132530085
diffusion_step,1675,-0.0007530120481927804
diffusion_step,1676,-0.010918674698795205
diffusion_step,1677,-0.01739457831325303
diffusion_step,1678,-0.0017319277108433506
diffusion_step,1679,0.026506024096385583
diffusion_step,1680,-0.0030120481927710663
diffusion_step,1681,0.0013554216867469604
diffusion_step,1682,0.01121987951807224
diffusion_step,1683,0.011972891566265131
diffusion_step,1684,-0.0039909638554216365
diffusion_step,1685,-0.003840361445783147
diffusion_step,1686,-0.012725903614457912
diffusion_step,1687,-0.013629518072289237
diffusion_step,1688,0.006475903614457823
diffusion_step,1689,-0.006250000000000033
diffusion_step,1690,0.014533132530120452
diffusion_step,1691,0.012951807228915646
diffusion_step,1692,0.01912650602409649
diffusion_step,1693,-0.01611445783132537
diffusion_step,1694,0.0036897590361445465
diffusion_step,1695,0.0021837349397589856
diffusion_step,1696,0.002936746987951766
diffusion_step,1697,0.016792168674698793
diffusion_step,1698,0.0033132530120482118
diffusion_step,1699,-0.026430722891566283
diffusion_step,1700,0.010015060240963769
diffusion_step,1701,-0.0185240963855422
diffusion_step,1702,0.0030873493975903665
diffusion_step,1703,0.01777108433734942
diffusion_step,1704,-0.025828313253012103
diffusion_step,1705,0.003840361445783147
diffusion_step,1706,-0.019126506024096268
diffusion_step,1707,-0.017394578313252917
diffusion_step,1708,-0.007379518072289204
diffusion_step,1709,0.000602409638554291
diffusion_step,1710,-0.005948795180722888
diffusion_step,1711,-0.0001506024096386005
diffusion_step,1712,-0.023719879518072307
diffusion_step,1713,-0.004216867469879426
diffusion_step,1714,-0.013930722891566272
diffusion_step,1715,0.02093373493975903
diffusion_step,1716,0.010391566265060215
diffusion_step,1717,0.011746987951807286
diffusion_step,1718,0.007379518072289204
diffusion_step,1719,-0.00060240963855418
diffusion_step,1720,-0.0031626506024096113
diffusion_step,1721,0.004216867469879482
diffusion_step,1722,0.0016566265060241614
diffusion_step,1723,-0.015963855421686712
diffusion_step,1724,0.01927710843373498
diffusion_step,1725,-0.02055722891566264
diffusion_step,1726,-0.014759036144578241
diffusion_step,1727,-0.011972891566265131
diffusion_step,1728,0.00060240963855418
diffusion_step,1729,-0.008283132530120474
diffusion_step,1730,0.006701807228915779
diffusion_step,1731,-0.012876506024096401
diffusion_step,1732,-0.0018072289156627064
diffusion_step,1733,0.03802710843373491
diffusion_step,1734,-0.008509036144578264
diffusion_step,1735,-0.0027861445783132766
diffusion_step,1736,-0.000602409638554291
diffusion_step,1737,0.00865963855421692
diffusion_step,1738,0.00820783132530123
diffusion_step,1739,-0.013855421686746971
diffusion_step,1740,-0.021310240963855365
diffusion_step,1741,0.003539156626506057
diffusion_step,1742,0.008132530120481984
diffusion_step,1743,-0.009939759036144635
diffusion_step,1744,0.005873493975903643
diffusion_step,1745,0.014457831325301207
diffusion_step,1746,0.020256024096385605
diffusion_step,1747,0.0219879518072289
diffusion_step,1748,0.006249999999999978
diffusion_step,1749,-0.010391566265060215
diffusion_step,1750,0.010692771084337416
diffusion_step,1751,0.009638554216867434
diffusion_step,1752,0.01091867469879515
diffusion_step,1753,0.003539156626506057
diffusion_step,1754,0.007304216867469959
diffusion_step,1755,-0.01227409638554211
diffusion_step,1756,-0.006099397590361488
diffusion_step,1757,0.016490963855421703
diffusion_step,1758,-0.009412650602409645
diffusion_step,1759,0.017695783132530174
diffusion_step,1760,0.00060240963855418
diffusion_step,1761,-0.006626506024096368
diffusion_step,1762,0.013780120481927782
diffusion_step,1763,0.007831325301204783
diffusion_step,1764,-0.008132530120481873
diffusion_step,1765,-0.020707831325301185
diffusion_step,1766,0.0004518072289156905
diffusion_step,1767,0.009638554216867434
diffusion_step,1768,0.018900602409638534
diffusion_step,1769,0.031927710843373425
diffusion_step,1770,0.0016566265060241614
diffusion_step,1771,0.009036144578313254
diffusion_step,1772,0.006701807228915779
diffusion_step,1773,0.010617469879517949
diffusion_step,1774,0.027259036144578253
diffusion_step,1775,-0.010993975903614395
diffusion_step,1776,-0.0069277108433735135
diffusion_step,1777,-0.008433734939759074
diffusion_step,1778,-0.00022590361445778973
diffusion_step,1779,-0.004292168674698726
diffusion_step,1780,0.009111445783132499
diffusion_step,1781,-0.0006777108433734802
diffusion_step,1782,0.0025602409638555423
diffusion_step,1783,-0.0030120481927710663
diffusion_step,1784,-0.007605421686746994
diffusion_step,1785,-0.0009789156626506812
diffusion_step,1786,-0.0013554216867469604
diffusion_step,1787,-0.003915662650602447
diffusion_step,1788,-0.0008283132530120807
diffusion_step,1789,-0.001506024096385561
diffusion_step,1790,-0.006400602409638578
diffusion_step,1791,-0.005421686746988008
diffusion_step,1792,-0.01709337349397594
diffusion_step,1793,0.014231927710843473
diffusion_step,1794,-0.014909638554216842
diffusion_step,1795,0.021159638554216875
diffusion_step,1796,0.012650602409638556
diffusion_step,1797,-0.009186746987951855
diffusion_step,1798,-0.027334337349397553
diffusion_step,1799,0.016039156626506013
diffusion_step,1800,0.0011295180722891152
diffusion_step,1801,-0.01920180722891568
diffusion_step,1802,-0.021987951807228845
diffusion_step,1803,-0.010843373493975905
diffusion_step,1804,-0.0001506024096386005
diffusion_step,1805,0.004668674698795172
diffusion_step,1806,0.0
diffusion_step,1807,-0.0025602409638554313
diffusion_step,1808,0.0016566265060241614
diffusion_step,1809,-0.009111445783132555
diffusion_step,1810,0.0033885542168674565
diffusion_step,1811,0.0030873493975903665
diffusion_step,1812,0.015060240963855387
diffusion_step,1813,0.0036144578313253017
diffusion_step,1814,-0.01069277108433736
diffusion_step,1815,0.004518072289156572
diffusion_step,1816,-0.0012801204819277712
diffusion_step,1817,0.010015060240963769
diffusion_step,1818,-0.015436746987951833
diffusion_step,1819,0.005120481927710863
diffusion_step,1820,-0.01920180722891568
diffusion_step,1821,-0.022665662650602436
diffusion_step,1822,0.0036144578313253017
diffusion_step,1823,0.007153614457831359
diffusion_step,1824,-0.007831325301204783
diffusion_step,1825,0.004819277108433773
diffusion_step,1826,-0.016415662650602403
diffusion_step,1827,0.0018825301204818956
diffusion_step,1828,0.009713855421686679
diffusion_step,1829,-0.015210843373493932
diffusion_step,1830,-0.023945783132530096
diffusion_step,1831,0.0012801204819277157
diffusion_step,1832,0.01242469879518071
diffusion_step,1833,-0.0127259036144578
diffusion_step,1834,0.002033132530120496
diffusion_step,1835,0.004141566265060237
diffusion_step,1836,-0.010015060240963825
diffusion_step,1837,-0.003915662650602447
diffusion_step,1838,0.011219879518072351
diffusion_step,1839,-0.01905120481927708
diffusion_step,1840,0.008885542168674654
diffusion_step,1841,-0.007605421686747105
diffusion_step,1842,0.006701807228915557
diffusion_step,1843,0.016415662650602347
diffusion_step,1844,-0.01159638554216863
diffusion_step,1845,0.0010542168674698704
diffusion_step,1846,-0.002259036144578286
diffusion_step,1847,0.0015813253012048056
diffusion_step,1848,0.01016566265060237
diffusion_step,1849,-0.0028614457831325213
diffusion_step,1850,0.012123493975903621
diffusion_step,1851,0.010692771084337416
diffusion_step,1852,-0.009111445783132444
diffusion_step,1853,-0.013177710843373491
diffusion_step,1854,0.002409638554216942
diffusion_step,1855,0.014231927710843473
diffusion_step,1856,0.0015813253012048056
diffusion_step,1857,-0.011521084337349385
diffusion_step,1858,0.004216867469879482
diffusion_step,1859,0.016189759036144613
diffusion_step,1860,-0.007981927710843384
diffusion_step,1861,0.0012801204819277157
diffusion_step,1862,0.007153614457831359
diffusion_step,1863,-0.010617469879518115
diffusion_step,1864,-0.009111445783132444
diffusion_step,1865,0.004518072289156572
diffusion_step,1866,-0.01920180722891568
diffusion_step,1867,0.004668674698795172
diffusion_step,1868,-0.00022590361445778973
diffusion_step,1869,0.0039909638554216365
diffusion_step,1870,-0.010843373493975905
diffusion_step,1871,0.004668674698795172
diffusion_step,1872,-0.011144578313252995
diffusion_step,1873,0.009939759036144635
diffusion_step,1874,-0.0031626506024096113
diffusion_step,1875,0.01016566265060237
diffusion_step,1876,0.0008283132530121362
diffusion_step,1877,0.006852409638554269
diffusion_step,1878,-0.01144578313253014
diffusion_step,1879,-0.03177710843373499
diffusion_step,1880,-0.005496987951807197
diffusion_step,1881,-0.0014307228915662606
diffusion_step,1882,-0.010165662650602425
diffusion_step,1883,0.015813253012048167
diffusion_step,1884,-0.013780120481927671
diffusion_step,1885,-0.024472891566265087
diffusion_step,1886,-0.01867469879518069
diffusion_step,1887,0.007680722891566183
diffusion_step,1888,-0.004668674698795117
diffusion_step,1889,-0.023418674698795106
diffusion_step,1890,-0.014834337349397597
diffusion_step,1891,-0.00030120481927709
diffusion_step,1892,0.028012048192771144
diffusion_step,1893,0.014382530120481851
diffusion_step,1894,0.012650602409638556
diffusion_step,1895,-0.0004518072289156905
diffusion_step,1896,0.006475903614457823
diffusion_step,1897,-0.01897590361445789
diffusion_step,1898,-0.020933734939758974
diffusion_step,1899,0.0018825301204818956
diffusion_step,1900,-0.0034638554216867012
diffusion_step,1901,0.0025602409638555423
diffusion_step,1902,-0.005346385542168708
diffusion_step,1903,-0.004593373493975927
diffusion_step,1904,0.01867469879518069
diffusion_step,1905,-0.011822289156626531
diffusion_step,1906,-0.008057228915662684
diffusion_step,1907,0.008810240963855409
diffusion_step,1908,-0.01822289156626511
diffusion_step,1909,-0.013704819277108482
diffusion_step,1910,-0.004367469879518027
diffusion_step,1911,-0.02484939759036142
diffusion_step,1912,0.004894578313253017
diffusion_step,1913,-0.005572289156626498
diffusion_step,1914,0.01152108433734933
diffusion_step,1915,-0.008659638554216864
diffusion_step,1916,7.530120481924474e-05
diffusion_step,1917,-0.020632530120481996
diffusion_step,1918,0.01076807228915655
diffusion_step,1919,0.0015813253012048056
diffusion_step,1920,0.00956325301204819
diffusion_step,1921,0.002409638554216831
diffusion_step,1922,0.010090361445783236
diffusion_step,1923,-0.004442771084337438
diffusion_step,1924,-7.530120481935576e-05
diffusion_step,1925,0.016189759036144613
diffusion_step,1926,-0.003237951807228856
diffusion_step,1927,0.00896084337349401
diffusion_step,1928,-0.01046686746987957
diffusion_step,1929,0.007680722891566294
diffusion_step,1930,0.002936746987951877
diffusion_step,1931,-0.008960843373494065
diffusion_step,1932,0.013403614457831337
diffusion_step,1933,-0.015587349397590378
diffusion_step,1934,-0.008132530120481873
diffusion_step,1935,0.004894578313253017
diffusion_step,1936,-0.013629518072289237
diffusion_step,1937,-0.0006777108433735357
diffusion_step,1938,-0.009939759036144635
diffusion_step,1939,0.009337349397590455
diffusion_step,1940,0.004367469879518082
diffusion_step,1941,0.006551204819277179
diffusion_step,1942,0.021159638554216875
diffusion_step,1943,-0.021536144578313265
diffusion_step,1944,-0.0016566265060241059
diffusion_step,1945,0.020406626506023984
diffusion_step,1946,0.006852409638554158
diffusion_step,1947,0.02153614457831332
diffusion_step,1948,-0.016716867469879493
diffusion_step,1949,-0.004367469879518027
diffusion_step,1950,-0.008509036144578264
diffusion_step,1951,-0.004743975903614528
diffusion_step,1952,-0.006024096385542188
diffusion_step,1953,0.0017319277108432951
diffusion_step,1954,0.02033132530120485
diffusion_step,1955,-0.014081325301204761
diffusion_step,1956,0.002334337349397475
diffusion_step,1957,0.016189759036144613
diffusion_step,1958,0.001204819277108471
diffusion_step,1959,0.004066265060240992
diffusion_step,1960,0.004668674698795172
diffusion_step,1961,-0.0033132530120481563
diffusion_step,1962,-0.0005271084337349907
diffusion_step,1963,-0.009487951807228945
diffusion_step,1964,-0.0031626506024096668
diffusion_step,1965,0.0063253012048192225
diffusion_step,1966,-0.01069277108433736
diffusion_step,1967,-0.027033132530120574
diffusion_step,1968,-0.014533132530120452
diffusion_step,1969,-0.012274096385542221
diffusion_step,1970,0.009111445783132499
diffusion_step,1971,0.000903614457831381
diffusion_step,1972,0.008433734939759074
diffusion_step,1973,0.01046686746987946
diffusion_step,1974,-0.016942771084337338
diffusion_step,1975,-0.024924698795180722
diffusion_step,1976,-0.005948795180722888
diffusion_step,1977,0.005120481927710863
diffusion_step,1978,0.003840361445783036
diffusion_step,1979,-0.012801204819277101
diffusion_step,1980,0.012801204819277157
diffusion_step,1981,-0.010768072289156605
diffusion_step,1982,-0.020331325301204795
diffusion_step,1983,0.01762048192771093
diffusion_step,1984,-0.0036897590361446575
diffusion_step,1985,0.01777108433734942
diffusion_step,1986,0.010090361445783125
diffusion_step,1987,0.004367469879518082
diffusion_step,1988,0.0042921686746988374
diffusion_step,1989,-0.01197289156626502
diffusion_step,1990,-0.009789156626506035
diffusion_step,1991,0.00022590361445784524
diffusion_step,1992,0.010993975903614506
diffusion_step,1993,0.013177710843373491
diffusion_step,1994,0.015436746987951833
diffusion_step,1995,0.004593373493975927
diffusion_step,1996,-0.012801204819277101
diffusion_step,1997,0.006400602409638578
diffusion_step,1998,0.019653614457831314
diffusion_step,1999,0.004518072289156572
diffusion_step,2000,-0.008132530120481873
diffusion_step,2001,-0.005798192771084398
diffusion_step,2002,-0.014909638554216897
diffusion_step,2003,-0.0011295180722891707
diffusion_step,2004,-0.024924698795180722
diffusion_step,2005,0.004969879518072262
diffusion_step,2006,-0.001506024096385561
diffusion_step,2007,-0.008283132530120474
diffusion_step,2008,0.017394578313253084
diffusion_step,2009,0.007756024096385539
diffusion_step,2010,-0.020105421686747005
diffusion_step,2011,-0.009337349397590344
diffusion_step,2012,0.008885542168674654
diffusion_step,2013,-0.0030873493975903665
diffusion_step,2014,0.002710843373494032
diffusion_step,2015,-0.005120481927710918
diffusion_step,2016,0.006475903614457712
diffusion_step,2017,-0.009412650602409645
diffusion_step,2018,-0.005346385542168597
diffusion_step,2019,-0.022063253012048145
diffusion_step,2020,-0.008433734939759074
diffusion_step,2021,0.007379518072289093
diffusion_step,2022,-0.007981927710843328
diffusion_step,2023,0.012650602409638556
diffusion_step,2024,-0.008584337349397675
diffusion_step,2025,-0.016942771084337338
diffusion_step,2026,-0.022515060240963947
diffusion_step,2027,0.015813253012048167
diffusion_step,2028,-0.005195783132530163
diffusion_step,2029,0.00030120481927709
diffusion_step,2030,-0.008207831325301174
diffusion_step,2031,-0.007153614457831303
diffusion_step,2032,0.006099397590361488
diffusion_step,2033,-0.005647590361445798
diffusion_step,2034,0.008734939759036053
diffusion_step,2035,0.002033132530120496
diffusion_step,2036,0.003012048192771122
diffusion_step,2037,0.006701807228915779
diffusion_step,2038,0.01701807228915664
diffusion_step,2039,0.006701807228915779
diffusion_step,2040,-0.014533132530120452
diffusion_step,2041,0.010090361445783125
diffusion_step,2042,-0.006174698795180733
diffusion_step,2043,0.0039909638554216365
diffusion_step,2044,0.0008283132530120252
diffusion_step,2045,0.010015060240963769
diffusion_step,2046,0.017093373493975883
diffusion_step,2047,0.020707831325301185
diffusion_step,2048,0.006250000000000089
diffusion_step,2049,-0.021460843373493965
diffusion_step,2050,0.003840361445783036
diffusion_step,2051,-0.004216867469879537
diffusion_step,2052,-0.002334337349397586
diffusion_step,2053,0.007680722891566294
diffusion_step,2054,-0.010843373493975905
diffusion_step,2055,-0.010843373493975905
diffusion_step,2056,0.007831325301204783
diffusion_step,2057,-0.0030120481927710663
diffusion_step,2058,0.0069277108433735135
diffusion_step,2059,0.013478915662650692
diffusion_step,2060,-0.007605421686746994
diffusion_step,2061,0.00911144578313261
diffusion_step,2062,-0.004668674698795228
diffusion_step,2063,0.0221385542168675
diffusion_step,2064,0.00896084337349401
diffusion_step,2065,-0.0015813253012047501
diffusion_step,2066,0.0013554216867469604
diffusion_step,2067,0.002635542168674676
diffusion_step,2068,0.021009036144578164
diffusion_step,2069,-0.006024096385542188
diffusion_step,2070,-0.02387048192771085
diffusion_step,2071,0.011596385542168797
diffusion_step,2072,-0.014683734939759052
diffusion_step,2073,-0.004216867469879426
diffusion_step,2074,-0.009939759036144635
diffusion_step,2075,-0.01302710843373489
diffusion_step,2076,-0.008358433734939663
diffusion_step,2077,-0.0184487951807229
diffusion_step,2078,-0.023117469879518016
diffusion_step,2079,-0.0027108433734939763
diffusion_step,2080,0.022816265060241037
diffusion_step,2081,-0.01769578313253012
diffusion_step,2082,0.015210843373493987
diffusion_step,2083,-0.008810240963855465
diffusion_step,2084,-0.01242469879518071
diffusion_step,2085,0.006852409638554269
diffusion_step,2086,0.00120481927710836
diffusion_step,2087,-0.000903614457831381
diffusion_step,2088,-0.013478915662650692
diffusion_step,2089,-0.005948795180722943
diffusion_step,2090,0.0016566265060241614
diffusion_step,2091,0.008132530120481873
diffusion_step,2092,0.001506024096385561
diffusion_step,2093,-0.016114457831325257
diffusion_step,2094,0.009939759036144635
diffusion_step,2095,-0.008509036144578375
diffusion_step,2096,-0.010015060240963825
diffusion_step,2097,0.018900602409638534
diffusion_step,2098,0.012650602409638556
diffusion_step,2099,0.010391566265060215
diffusion_step,2100,0.008734939759036164
diffusion_step,2101,-0.008659638554216864
diffusion_step,2102,-0.0036144578313252462
diffusion_step,2103,-0.015135542168674743
diffusion_step,2104,0.0060240963855421326
diffusion_step,2105,0.004367469879518082
diffusion_step,2106,-0.015286144578313232
diffusion_step,2107,-0.0036897590361446575
diffusion_step,2108,-0.007605421686746938
diffusion_step,2109,-0.0018072289156627064
diffusion_step,2110,-0.011521084337349385
diffusion_step,2111,0.016265060240963858
diffusion_step,2112,0.005496987951807308
diffusion_step,2113,-0.007680722891566294
diffusion_step,2114,-0.0127259036144578
diffusion_step,2115,0.0018825301204818956
diffusion_step,2116,-0.009262048192771044
diffusion_step,2117,-0.004518072289156627
diffusion_step,2118,-0.010090361445783125
diffusion_step,2119,-0.010768072289156605
diffusion_step,2120,-0.008057228915662573
diffusion_step,2121,0.013403614457831337
diffusion_step,2122,-0.017168674698795128
diffusion_step,2123,-0.0007530120481927804
diffusion_step,2124,-0.01302710843373489
diffusion_step,2125,0.001204819277108471
diffusion_step,2126,-0.008960843373493899
diffusion_step,2127,-0.005722891566265098
diffusion_step,2128,-0.016566265060240948
diffusion_step,2129,0.0036144578313253017
diffusion_step,2130,0.004141566265060237
diffusion_step,2131,-0.004066265060240937
diffusion_step,2132,0.0
diffusion_step,2133,0.011897590361445776
diffusion_step,2134,-0.007304216867469848
diffusion_step,2135,-0.014382530120481851
diffusion_step,2136,0.0007530120481927804
diffusion_step,2137,-0.023418674698795217
diffusion_step,2138,-0.0014307228915663162
diffusion_step,2139,0.02289156626506028
diffusion_step,2140,0.008810240963855409
diffusion_step,2141,-0.01912650602409638
diffusion_step,2142,0.003915662650602392
diffusion_step,2143,-0.008509036144578264
diffusion_step,2144,0.004518072289156572
diffusion_step,2145,0.010617469879517949
diffusion_step,2146,0.013478915662650581
diffusion_step,2147,-0.006777108433734913
diffusion_step,2148,0.007304216867469959
diffusion_step,2149,0.006099397590361377
diffusion_step,2150,0.024623493975903687
diffusion_step,2151,0.0036144578313253017
diffusion_step,2152,0.005722891566265043
diffusion_step,2153,-0.015060240963855442
diffusion_step,2154,-0.007003012048192758
diffusion_step,2155,-0.017545180722891518
diffusion_step,2156,0.005346385542168708
diffusion_step,2157,0.0060240963855421326
diffusion_step,2158,0.0025602409638555423
diffusion_step,2159,0.0001506024096386005
diffusion_step,2160,-0.006250000000000033
diffusion_step,2161,-0.008509036144578264
diffusion_step,2162,0.00850903614457832
diffusion_step,2163,-0.0039909638554216365
diffusion_step,2164,-0.00060240963855418
diffusion_step,2165,-0.016942771084337338
diffusion_step,2166,0.01242469879518071
diffusion_step,2167,0.0001506024096386005
diffusion_step,2168,-0.005948795180722888
diffusion_step,2169,0.024021084337349397
diffusion_step,2170,-0.005120481927710807
diffusion_step,2171,0.01152108433734933
diffusion_step,2172,0.016942771084337394
diffusion_step,2173,0.005421686746987953
diffusion_step,2174,-0.01942771084337347
diffusion_step,2175,0.015135542168674743
diffusion_step,2176,-0.016039156626506013
diffusion_step,2177,-0.014683734939759052
diffusion_step,2178,0.0009789156626505147
diffusion_step,2179,-0.005045180722891618
diffusion_step,2180,-0.008810240963855465
diffusion_step,2181,-0.0010542168674698704
diffusion_step,2182,-0.0072289156626506035
diffusion_step,2183,0.015813253012048167
diffusion_step,2184,-0.002183734939759041
diffusion_step,2185,-0.009487951807229
diffusion_step,2186,-0.0031626506024096668
diffusion_step,2187,-0.004141566265060237
diffusion_step,2188,0.012876506024096401
diffusion_step,2189,-0.011521084337349385
diffusion_step,2190,-0.01724397590361454
diffusion_step,2191,0.003237951807228856
diffusion_step,2192,-0.0007530120481927804
diffusion_step,2193,-0.007981927710843384
diffusion_step,2194,0.007078313253012003
diffusion_step,2195,0.017018072289156527
diffusion_step,2196,0.008132530120481873
diffusion_step,2197,-0.001204819277108471
diffusion_step,2198,0.010617469879517949
diffusion_step,2199,-0.014231927710843417
diffusion_step,2200,0.022816265060240926
diffusion_step,2201,-0.010768072289156605
diffusion_step,2202,-0.006927710843373458
diffusion_step,2203,-0.014006024096385572
diffusion_step,2204,-0.012951807228915702
diffusion_step,2205,0.013855421686747027
diffusion_step,2206,-0.0024096385542168863
diffusion_step,2207,0.012951807228915646
diffusion_step,2208,0.004141566265060237
diffusion_step,2209,-0.004969879518072207
diffusion_step,2210,-0.009638554216867434
diffusion_step,2211,-0.011219879518072295
diffusion_step,2212,-0.007605421686746938
diffusion_step,2213,-0.020030120481927705
diffusion_step,2214,-0.01167168674698793
diffusion_step,2215,0.0018825301204818956
diffusion_step,2216,0.0005271084337349352
diffusion_step,2217,-0.02025602409638555
diffusion_step,2218,-0.004668674698795228
diffusion_step,2219,0.009713855421686679
diffusion_step,2220,0.007153614457831359
diffusion_step,2221,0.016189759036144613
diffusion_step,2222,0.004668674698795172
diffusion_step,2223,-0.0033132530120481563
diffusion_step,2224,0.006852409638554158
diffusion_step,2225,-0.000903614457831381
diffusion_step,2226,-0.006551204819277123
diffusion_step,2227,0.007831325301204783
diffusion_step,2228,0.011596385542168686
diffusion_step,2229,0.013855421686746916
diffusion_step,2230,-0.005421686746988008
diffusion_step,2231,-0.008132530120481873
diffusion_step,2232,0.006475903614457712
diffusion_step,2233,-0.006325301204819167
diffusion_step,2234,0.0066265060240963125
diffusion_step,2235,-0.014307228915662662
diffusion_step,2236,0.0027861445783132766
diffusion_step,2237,-0.005722891566264987
diffusion_step,2238,0.001506024096385561
diffusion_step,2239,-0.005120481927710807
diffusion_step,2240,-0.016490963855421648
diffusion_step,2241,-0.0073795180722891485
diffusion_step,2242,0.02703313253012052
diffusion_step,2243,-0.0185993975903615
diffusion_step,2244,-0.016340361445783158
diffusion_step,2245,0.005346385542168708
diffusion_step,2246,0.0072289156626504925
diffusion_step,2247,-0.008358433734939774
diffusion_step,2248,-0.025753012048192747
diffusion_step,2249,-0.01046686746987957
diffusion_step,2250,-0.013253012048192792
diffusion_step,2251,-0.009713855421686735
diffusion_step,2252,0.0012801204819277157
diffusion_step,2253,-0.009939759036144635
diffusion_step,2254,0.008433734939759074
diffusion_step,2255,-0.01746987951807233
diffusion_step,2256,0.005120481927710863
diffusion_step,2257,0.008885542168674654
diffusion_step,2258,-0.013328313253012092
diffusion_step,2259,-0.0009789156626505702
diffusion_step,2260,-0.008885542168674654
diffusion_step,2261,-0.020933734939758974
diffusion_step,2262,0.02289156626506028
diffusion_step,2263,0.00850903614457832
diffusion_step,2264,-0.015286144578313232
diffusion_step,2265,-0.0024096385542168863
diffusion_step,2266,0.0022590361445783413
diffusion_step,2267,-0.007680722891566294
diffusion_step,2268,0.013102409638554247
diffusion_step,2269,-0.000903614457831381
diffusion_step,2270,0.0006777108433735357
diffusion_step,2271,-0.0069277108433735135
diffusion_step,2272,-0.007680722891566294
diffusion_step,2273,0.005346385542168597
diffusion_step,2274,-0.004066265060240937
diffusion_step,2275,-0.0024096385542168863
diffusion_step,2276,0.00896084337349401
diffusion_step,2277,0.01197289156626502
diffusion_step,2278,-0.006024096385542188
diffusion_step,2279,-0.018147590361445698
diffusion_step,2280,0.00820783132530123
diffusion_step,2281,0.011822289156626531
diffusion_step,2282,-0.006626506024096368
diffusion_step,2283,0.002936746987951766
diffusion_step,2284,0.006174698795180733
diffusion_step,2285,0.018900602409638534
diffusion_step,2286,0.007379518072289093
diffusion_step,2287,0.003539156626506057
diffusion_step,2288,0.013403614457831337
diffusion_step,2289,-0.01009036144578318
diffusion_step,2290,0.001506024096385561
diffusion_step,2291,0.00120481927710836
diffusion_step,2292,-0.0004518072289156905
diffusion_step,2293,-0.002334337349397586
diffusion_step,2294,-0.008810240963855465
diffusion_step,2295,0.010015060240963769
diffusion_step,2296,-0.009563253012048245
diffusion_step,2297,-0.0031626506024096668
diffusion_step,2298,-0.014909638554216842
diffusion_step,2299,-0.004066265060240937
diffusion_step,2300,0.013780120481927671
diffusion_step,2301,-0.010918674698795205
diffusion_step,2302,0.010015060240963769
diffusion_step,2303,0.008885542168674654
diffusion_step,2304,0.009713855421686679
diffusion_step,2305,0.0015813253012048056
diffusion_step,2306,0.012951807228915646
diffusion_step,2307,-0.005421686746987897
diffusion_step,2308,-0.012951807228915702
diffusion_step,2309,-0.008810240963855465
diffusion_step,2310,0.01362951807228907
diffusion_step,2311,0.0022590361445783413
diffusion_step,2312,0.009638554216867434
diffusion_step,2313,0.014006024096385516
diffusion_step,2314,-0.00120481927710836
diffusion_step,2315,0.011144578313252995
diffusion_step,2316,0.007304216867469848
diffusion_step,2317,0.014683734939759052
diffusion_step,2318,-0.012575301204819311
diffusion_step,2319,-0.024021084337349397
diffusion_step,2320,0.013177710843373491
diffusion_step,2321,-0.0028614457831325213
diffusion_step,2322,0.005120481927710863
diffusion_step,2323,0.011746987951807175
diffusion_step,2324,-0.01671686746987955
diffusion_step,2325,-0.018222891566264998
diffusion_step,2326,-0.008960843373493954
diffusion_step,2327,-0.022213855421686746
diffusion_step,2328,-0.007831325301204894
diffusion_step,2329,0.010090361445783125
diffusion_step,2330,0.010692771084337416
diffusion_step,2331,-0.0034638554216867012
diffusion_step,2332,0.0021837349397589856
diffusion_step,2333,-0.010542168674698815
diffusion_step,2334,0.015361445783132477
diffusion_step,2335,-0.0005271084337349907
diffusion_step,2336,-0.0018072289156627064
diffusion_step,2337,-0.0007530120481927804
diffusion_step,2338,-0.0039909638554216365
diffusion_step,2339,-0.005948795180722888
diffusion_step,2340,-0.01039156626506027
diffusion_step,2341,-0.0001506024096386005
diffusion_step,2342,0.012801204819277157
diffusion_step,2343,0.007003012048192758
diffusion_step,2344,0.00045180722891557945
diffusion_step,2345,0.001506024096385561
diffusion_step,2346,0.005120481927710863
diffusion_step,2347,-0.012725903614457912
diffusion_step,2348,0.0060240963855421326
diffusion_step,2349,-0.013930722891566272
diffusion_step,2350,0.0003765060240963347
diffusion_step,2351,-0.003915662650602336
diffusion_step,2352,-0.0009789156626506812
diffusion_step,2353,-0.005496987951807197
diffusion_step,2354,0.006400602409638578
diffusion_step,2355,-0.007680722891566294
diffusion_step,2356,0.013855421686746916
diffusion_step,2357,-0.006024096385542188
diffusion_step,2358,0.004894578313253017
diffusion_step,2359,-0.007605421686746994
diffusion_step,2360,0.0008283132530120252
diffusion_step,2361,0.0015813253012048056
diffusion_step,2362,0.003237951807228967
diffusion_step,2363,-0.01009036144578318
diffusion_step,2364,0.021009036144578275
diffusion_step,2365,0.0024849397590360756
diffusion_step,2366,0.014006024096385516
diffusion_step,2367,-0.022138554216867556
diffusion_step,2368,-0.008659638554216864
diffusion_step,2369,-0.00971385542168679
diffusion_step,2370,-0.010165662650602425
diffusion_step,2371,0.010015060240963769
diffusion_step,2372,-0.008509036144578375
diffusion_step,2373,0.004743975903614417
diffusion_step,2374,-0.002560240963855487
diffusion_step,2375,0.01137048192771073
diffusion_step,2376,-0.010617469879518115
diffusion_step,2377,-0.013478915662650581
diffusion_step,2378,0.0006777108433735357
diffusion_step,2379,-0.0076807228915662384
diffusion_step,2380,0.0042921686746988374
diffusion_step,2381,0.014457831325301207
diffusion_step,2382,-0.008659638554216864
diffusion_step,2383,-0.009111445783132555
diffusion_step,2384,-0.0011295180722891707
diffusion_step,2385,0.006701807228915668
diffusion_step,2386,0.0017319277108432951
diffusion_step,2387,0.0092620481927711
diffusion_step,2388,-0.015512048192771077
diffusion_step,2389,-0.011521084337349385
diffusion_step,2390,-0.0061746987951806775
diffusion_step,2391,-0.004668674698795228
diffusion_step,2392,-0.0018072289156626509
diffusion_step,2393,-0.013403614457831281
diffusion_step,2394,-0.008283132530120474
diffusion_step,2395,0.002334337349397475
diffusion_step,2396,-0.0039909638554216365
diffusion_step,2397,0.012198795180722977
diffusion_step,2398,-0.015813253012048167
diffusion_step,2399,0.0009789156626505147
diffusion_step,2400,0.012349397590361466
diffusion_step,2401,-0.017168674698795128
diffusion_step,2402,-0.01084337349397596
diffusion_step,2403,0.003237951807228856
diffusion_step,2404,0.007078313253012003
diffusion_step,2405,0.0021837349397589856
diffusion_step,2406,-0.0075301204819276935
diffusion_step,2407,0.002710843373494032
diffusion_step,2408,-0.016340361445783158
diffusion_step,2409,-0.002635542168674676
diffusion_step,2410,-0.006551204819277068
diffusion_step,2411,-0.005496987951807253
diffusion_step,2412,0.006099397590361488
diffusion_step,2413,-0.016265060240963858
diffusion_step,2414,0.00790662650602414
diffusion_step,2415,-0.01099397590361445
diffusion_step,2416,-0.001204819277108471
diffusion_step,2417,-0.024322289156626486
diffusion_step,2418,0.001204819277108471
diffusion_step,2419,0.027183734939759008
diffusion_step,2420,0.0033885542168674565
diffusion_step,2421,-0.03034638554216862
diffusion_step,2422,-0.014156626506024061
diffusion_step,2423,-0.011521084337349385
diffusion_step,2424,0.00790662650602414
diffusion_step,2425,0.005572289156626442
diffusion_step,2426,0.015286144578313232
diffusion_step,2427,-0.01009036144578318
diffusion_step,2428,-0.01912650602409638
diffusion_step,2429,-0.0011295180722891707
diffusion_step,2430,-0.011972891566265131
diffusion_step,2431,-0.0033132530120482673
diffusion_step,2432,-0.0036897590361446575
diffusion_step,2433,0.009939759036144635
diffusion_step,2434,0.017545180722891573
diffusion_step,2435,0.005195783132530218
diffusion_step,2436,0.007003012048192758
diffusion_step,2437,-0.005271084337349408
diffusion_step,2438,-0.007756024096385483
diffusion_step,2439,-0.005572289156626553
diffusion_step,2440,-0.014307228915662662
diffusion_step,2441,-0.024698795180722877
diffusion_step,2442,0.0024849397590360756
diffusion_step,2443,0.005195783132530107
diffusion_step,2444,-0.009563253012048134
diffusion_step,2445,0.002936746987951766
diffusion_step,2446,0.01076807228915655
diffusion_step,2447,0.002936746987951766
diffusion_step,2448,-0.01611445783132537
diffusion_step,2449,-0.008207831325301174
diffusion_step,2450,-0.025602409638554202
diffusion_step,2451,-0.003840361445783147
diffusion_step,2452,0.0027861445783132766
diffusion_step,2453,-0.007454819277108504
diffusion_step,2454,-0.032906626506024106
diffusion_step,2455,-0.016641566265060248
diffusion_step,2456,0.0024849397590360756
diffusion_step,2457,0.023117469879518127
diffusion_step,2458,0.007981927710843495
diffusion_step,2459,-0.0009789156626505702
diffusion_step,2460,-0.009939759036144635
diffusion_step,2461,0.014382530120481962
diffusion_step,2462,-0.0027108433734940873
diffusion_step,2463,0.007756024096385539
diffusion_step,2464,0.005572289156626553
diffusion_step,2465,-0.002635542168674676
diffusion_step,2466,-0.025075301204819267
diffusion_step,2467,0.018900602409638534
diffusion_step,2468,-0.026807228915662562
diffusion_step,2469,-0.0039909638554216365
diffusion_step,2470,-0.005346385542168708
diffusion_step,2471,-0.01144578313253014
diffusion_step,2472,-0.0070783132530120585
diffusion_step,2473,-0.007003012048192758
diffusion_step,2474,0.0127259036144578
diffusion_step,2475,0.00896084337349401
diffusion_step,2476,-0.0015813253012047501
diffusion_step,2477,0.013253012048192736
diffusion_step,2478,-0.006024096385542188
diffusion_step,2479,0.0033885542168674565
diffusion_step,2480,-0.022138554216867556
diffusion_step,2481,-0.007003012048192758
diffusion_step,2482,0.002108433734939852
diffusion_step,2483,-0.004367469879518027
diffusion_step,2484,0.00971385542168679
diffusion_step,2485,-0.023042168674698715
diffusion_step,2486,0.005045180722891618
diffusion_step,2487,-0.006249999999999978
diffusion_step,2488,-0.009713855421686735
diffusion_step,2489,-0.007906626506024084
diffusion_step,2490,7.530120481924474e-05
diffusion_step,2491,-0.003539156626506057
diffusion_step,2492,0.022816265060240926
diffusion_step,2493,-0.003915662650602447
diffusion_step,2494,-0.004141566265060237
diffusion_step,2495,-0.0023343373493975306
diffusion_step,2496,0.014081325301204872
diffusion_step,2497,-0.0033885542168674565
diffusion_step,2498,-0.006475903614457823
diffusion_step,2499,-0.007153614457831303
diffusion_step,2500,0.0030873493975903665
diffusion_step,2501,0.005421686746987953
diffusion_step,2502,-0.016566265060240948
diffusion_step,2503,0.003539156626506057
diffusion_step,2504,-0.003087349397590311
diffusion_step,2505,0.017996987951807264
diffusion_step,2506,0.012048192771084376
diffusion_step,2507,0.0015813253012048056
diffusion_step,2508,0.02003012048192776
diffusion_step,2509,0.008132530120481873
diffusion_step,2510,-0.02387048192771085
diffusion_step,2511,-0.014156626506024061
diffusion_step,2512,-0.009563253012048134
diffusion_step,2513,-0.010316265060241026
diffusion_step,2514,-0.0016566265060241059
diffusion_step,2515,0.006852409638554269
diffusion_step,2516,-0.0183734939759036
diffusion_step,2517,-0.010542168674698815
diffusion_step,2518,0.003012048192771122
diffusion_step,2519,0.010993975903614506
diffusion_step,2520,0.0016566265060240504
diffusion_step,2521,0.014533132530120563
diffusion_step,2522,0.0003765060240963347
diffusion_step,2523,-0.01739457831325303
diffusion_step,2524,0.005647590361445798
diffusion_step,2525,0.007153614457831359
diffusion_step,2526,-0.006701807228915668
diffusion_step,2527,0.002108433734939741
diffusion_step,2528,-0.01099397590361445
diffusion_step,2529,0.005948795180722888
diffusion_step,2530,-0.005948795180722777
diffusion_step,2531,-0.009337349397590455
diffusion_step,2532,0.0018072289156626509
diffusion_step,2533,-0.0028614457831325213
diffusion_step,2534,0.00790662650602414
diffusion_step,2535,-0.004216867469879648
diffusion_step,2536,-0.0023343373493975306
diffusion_step,2537,-0.0011295180722891707
diffusion_step,2538,0.017319277108433728
diffusion_step,2539,-0.010542168674698815
diffusion_step,2540,-0.004518072289156627
diffusion_step,2541,0.0008283132530120252
diffusion_step,2542,0.009638554216867434
diffusion_step,2543,0.026807228915662562
diffusion_step,2544,-0.015813253012048167
diffusion_step,2545,0.010015060240963769
diffusion_step,2546,-0.011746987951807175
diffusion_step,2547,-0.020481927710843395
diffusion_step,2548,-0.02025602409638544
diffusion_step,2549,-0.017771084337349308
diffusion_step,2550,0.0019578313253011403
diffusion_step,2551,-0.004442771084337327
diffusion_step,2552,-0.010240963855421725
diffusion_step,2553,-0.0014307228915663162
diffusion_step,2554,-0.023945783132530152
diffusion_step,2555,-0.005195783132530107
diffusion_step,2556,0.0007530120481927804
diffusion_step,2557,0.004216867469879482
diffusion_step,2558,-0.0018072289156627064
diffusion_step,2559,-0.0073795180722891485
diffusion_step,2560,0.0033132530120482118
diffusion_step,2561,0.018298192771084354
diffusion_step,2562,-0.0018072289156626509
diffusion_step,2563,-0.010165662650602425
diffusion_step,2564,-0.026957831325301163
diffusion_step,2565,-0.020180722891566305
diffusion_step,2566,-0.022891566265060226
diffusion_step,2567,0.020105421686747005
diffusion_step,2568,0.004066265060240992
diffusion_step,2569,0.010692771084337416
diffusion_step,2570,-0.026355421686746983
diffusion_step,2571,0.002409638554216942
diffusion_step,2572,0.017996987951807264
diffusion_step,2573,0.007605421686746938
diffusion_step,2574,0.014759036144578297
diffusion_step,2575,-0.005496987951807197
diffusion_step,2576,-0.005421686746988008
diffusion_step,2577,-0.015135542168674632
diffusion_step,2578,-0.013855421686747083
diffusion_step,2579,-0.004819277108433717
diffusion_step,2580,-0.02484939759036142
diffusion_step,2581,0.0022590361445783413
diffusion_step,2582,-0.027183734939759063
diffusion_step,2583,-0.013478915662650581
diffusion_step,2584,-0.0075301204819276935
diffusion_step,2585,0.004442771084337327
diffusion_step,2586,0.004593373493975927
diffusion_step,2587,0.01972891566265067
diffusion_step,2588,-0.00971385542168679
diffusion_step,2589,0.030271084337349485
diffusion_step,2590,0.004367469879518082
diffusion_step,2591,-0.0254518072289156
diffusion_step,2592,-0.013403614457831392
diffusion_step,2593,-0.01167168674698793
diffusion_step,2594,-0.006400602409638578
diffusion_step,2595,-0.001506024096385561
diffusion_step,2596,-0.0075301204819276935
diffusion_step,2597,0.025376506024096357
diffusion_step,2598,-0.02454819277108433
diffusion_step,2599,-0.01716867469879524
diffusion_step,2600,0.019352409638554224
diffusion_step,2601,-0.0008283132530119697
diffusion_step,2602,0.02063253012048194
diffusion_step,2603,-0.012801204819277101
diffusion_step,2604,0.0030873493975902555
diffusion_step,2605,0.002635542168674676
diffusion_step,2606,0.009036144578313254
diffusion_step,2607,-0.0039909638554216365
diffusion_step,2608,0.01807228915662651
diffusion_step,2609,-0.005798192771084398
diffusion_step,2610,0.018298192771084354
diffusion_step,2611,-0.0027861445783132766
diffusion_step,2612,-0.002484939759036131
diffusion_step,2613,-0.021611445783132455
diffusion_step,2614,0.0033885542168674565
diffusion_step,2615,-0.005572289156626498
diffusion_step,2616,0.016265060240963858
diffusion_step,2617,-0.007981927710843328
diffusion_step,2618,0.003915662650602392
diffusion_step,2619,-0.0018072289156627064
diffusion_step,2620,-0.001054216867469926
diffusion_step,2621,0.006174698795180733
diffusion_step,2622,-0.01159638554216863
diffusion_step,2623,-0.01197289156626502
diffusion_step,2624,0.004141566265060237
diffusion_step,2625,-0.012500000000000122
diffusion_step,2626,-0.0033885542168674565
diffusion_step,2627,-0.0005271084337349907
diffusion_step,2628,-0.009111445783132555
diffusion_step,2629,0.013629518072289182
diffusion_step,2630,-0.001355421686747016
diffusion_step,2631,0.018599397590361444
diffusion_step,2632,-0.004066265060241048
diffusion_step,2633,0.013478915662650581
diffusion_step,2634,0.017093373493975883
diffusion_step,2635,-0.020783132530120485
diffusion_step,2636,-0.005496987951807197
diffusion_step,2637,-0.006174698795180733
diffusion_step,2638,0.018147590361445753
diffusion_step,2639,-0.005045180722891618
diffusion_step,2640,0.006777108433734913
diffusion_step,2641,-0.0001506024096386005
diffusion_step,2642,-0.015813253012048167
diffusion_step,2643,-0.004894578313253017
diffusion_step,2644,0.0
diffusion_step,2645,0.0017319277108432951
diffusion_step,2646,0.009939759036144635
diffusion_step,2647,-0.008358433734939774
diffusion_step,2648,0.02183734939759041
diffusion_step,2649,0.016114457831325257
diffusion_step,2650,-0.015210843373493932
diffusion_step,2651,-0.009638554216867434
diffusion_step,2652,0.005120481927710863
diffusion_step,2653,-0.0039909638554217475
diffusion_step,2654,-0.002635542168674676
diffusion_step,2655,-0.022891566265060226
diffusion_step,2656,0.007454819277108449
diffusion_step,2657,0.0004518072289156905
diffusion_step,2658,0.004593373493975816
diffusion_step,2659,-0.006551204819277123
diffusion_step,2660,-0.011746987951807342
diffusion_step,2661,-0.024021084337349452
diffusion_step,2662,-0.006626506024096368
diffusion_step,2663,0.00805722891566274
diffusion_step,2664,0.013704819277108427
diffusion_step,2665,0.0021837349397590966
diffusion_step,2666,-0.013780120481927671
diffusion_step,2667,-0.023343373493975916
diffusion_step,2668,0.0016566265060241614
diffusion_step,2669,0.010542168674698815
diffusion_step,2670,-7.530120481930025e-05
diffusion_step,2671,-0.014307228915662662
diffusion_step,2672,-0.013478915662650692
diffusion_step,2673,0.013102409638554247
diffusion_step,2674,-0.0012801204819277712
diffusion_step,2675,-0.013403614457831281
diffusion_step,2676,-0.01197289156626502
diffusion_step,2677,-0.011746987951807175
diffusion_step,2678,-0.014081325301204872
diffusion_step,2679,-0.006551204819277123
diffusion_step,2680,0.010015060240963769
diffusion_step,2681,0.015888554216867523
diffusion_step,2682,-0.009789156626506035
diffusion_step,2683,0.007078313253012114
diffusion_step,2684,-0.011445783132530085
diffusion_step,2685,0.015060240963855387
diffusion_step,2686,0.0014307228915662051
diffusion_step,2687,-0.006551204819277123
diffusion_step,2688,-0.009864457831325335
diffusion_step,2689,-0.0021837349397590966
diffusion_step,2690,-0.005798192771084398
diffusion_step,2691,-0.008659638554216864
diffusion_step,2692,-0.0033885542168674565
diffusion_step,2693,0.011219879518072351
diffusion_step,2694,0.0014307228915662051
diffusion_step,2695,-0.006701807228915724
diffusion_step,2696,-0.0037650602409638467
diffusion_step,2697,-0.01332831325301198
diffusion_step,2698,0.017319277108433728
diffusion_step,2699,0.005722891566265043
diffusion_step,2700,0.007831325301204894
diffusion_step,2701,-0.009036144578313254
diffusion_step,2702,-0.01084337349397596
diffusion_step,2703,-0.002259036144578286
diffusion_step,2704,-0.014608433734939807
diffusion_step,2705,-0.027108433734939763
diffusion_step,2706,-0.018222891566264998
diffusion_step,2707,-0.0008283132530120807
diffusion_step,2708,0.009939759036144524
diffusion_step,2709,-0.005722891566265098
diffusion_step,2710,-0.002484939759036131
diffusion_step,2711,0.014307228915662606
diffusion_step,2712,-0.004518072289156627
diffusion_step,2713,-0.0184487951807229
diffusion_step,2714,-0.0030120481927710663
diffusion_step,2715,0.0021837349397590966
diffusion_step,2716,-0.0031626506024096668
diffusion_step,2717,-0.013629518072289237
diffusion_step,2718,-0.020105421686747005
diffusion_step,2719,-0.01227409638554211
diffusion_step,2720,0.013253012048192736
diffusion_step,2721,-0.008960843373493954
diffusion_step,2722,0.002334337349397586
diffusion_step,2723,-0.0004518072289156905
diffusion_step,2724,0.016942771084337394
diffusion_step,2725,-0.015060240963855442
diffusion_step,2726,-0.0027108433734939763
diffusion_step,2727,-0.005271084337349408
diffusion_step,2728,0.014156626506024117
diffusion_step,2729,0.014307228915662606
diffusion_step,2730,0.0022590361445783413
diffusion_step,2731,0.004442771084337438
diffusion_step,2732,0.011897590361445887
diffusion_step,2733,0.013780120481927782
diffusion_step,2734,-0.0005271084337349907
diffusion_step,2735,-0.016039156626506013
diffusion_step,2736,0.011671686746988041
diffusion_step,2737,-0.002635542168674676
diffusion_step,2738,0.0036144578313253017
diffusion_step,2739,-0.005045180722891618
diffusion_step,2740,-0.011822289156626531
diffusion_step,2741,0.0030873493975903665
diffusion_step,2742,-0.024924698795180722
diffusion_step,2743,0.006400602409638578
diffusion_step,2744,0.002635542168674676
diffusion_step,2745,-0.015963855421686768
diffusion_step,2746,0.010843373493975905
diffusion_step,2747,0.017168674698795128
diffusion_step,2748,0.00790662650602414
diffusion_step,2749,-0.0016566265060241059
diffusion_step,2750,0.000903614457831381
diffusion_step,2751,-0.021611445783132566
diffusion_step,2752,0.004518072289156572
diffusion_step,2753,-0.012198795180722921
diffusion_step,2754,0.004593373493975816
diffusion_step,2755,0.007153614457831359
diffusion_step,2756,-0.02018072289156625
diffusion_step,2757,-0.015210843373493987
diffusion_step,2758,0.021460843373493965
diffusion_step,2759,-0.0010542168674698704
diffusion_step,2760,-0.006852409638554158
diffusion_step,2761,-0.0036897590361446575
diffusion_step,2762,0.014683734939759052
diffusion_step,2763,0.023870481927710796
diffusion_step,2764,-0.010165662650602425
diffusion_step,2765,0.014533132530120452
diffusion_step,2766,-0.001054216867469926
diffusion_step,2767,-0.008584337349397675
diffusion_step,2768,0.004216867469879482
diffusion_step,2769,-0.0018825301204819511
diffusion_step,2770,-0.005798192771084398
diffusion_step,2771,0.006701807228915779
diffusion_step,2772,-0.006626506024096368
diffusion_step,2773,-0.0014307228915662606
diffusion_step,2774,0.007605421686747049
diffusion_step,2775,-0.0008283132530119697
diffusion_step,2776,-0.00873493975903622
diffusion_step,2777,0.018448795180722843
diffusion_step,2778,-0.016039156626506013
diffusion_step,2779,-0.013629518072289182
diffusion_step,2780,-0.0031626506024096668
diffusion_step,2781,-0.014382530120481962
diffusion_step,2782,0.015361445783132477
diffusion_step,2783,-0.013403614457831281
diffusion_step,2784,0.012500000000000067
diffusion_step,2785,-0.01114457831325305
diffusion_step,2786,0.00030120481927709
diffusion_step,2787,0.013403614457831337
diffusion_step,2788,-0.014307228915662662
diffusion_step,2789,0.010993975903614395
diffusion_step,2790,0.014457831325301207
diffusion_step,2791,-0.009186746987951855
diffusion_step,2792,0.014156626506024117
diffusion_step,2793,-0.015737951807228923
diffusion_step,2794,-0.009036144578313254
diffusion_step,2795,0.009713855421686679
diffusion_step,2796,0.00820783132530123
diffusion_step,2797,-0.004367469879518027
diffusion_step,2798,0.004518072289156572
diffusion_step,2799,-0.015135542168674743
diffusion_step,2800,0.02093373493975903
diffusion_step,2801,0.015662650602409567
diffusion_step,2802,-0.006852409638554213
diffusion_step,2803,-0.01167168674698793
diffusion_step,2804,-0.019804216867469915
diffusion_step,2805,0.004969879518072262
diffusion_step,2806,0.003539156626506057
diffusion_step,2807,-0.011822289156626531
diffusion_step,2808,0.01242469879518071
diffusion_step,2809,0.003539156626506057
diffusion_step,2810,0.00850903614457832
diffusion_step,2811,0.02733433734939761
diffusion_step,2812,0.01987951807228927
diffusion_step,2813,-0.0030120481927710663
diffusion_step,2814,-0.013478915662650581
diffusion_step,2815,0.007003012048192758
diffusion_step,2816,0.007756024096385539
diffusion_step,2817,-0.016340361445783103
diffusion_step,2818,-0.006852409638554158
diffusion_step,2819,0.00850903614457832
diffusion_step,2820,-0.0182981927710843
diffusion_step,2821,-0.01423192771084325
diffusion_step,2822,-0.0018072289156626509
diffusion_step,2823,0.013478915662650581
diffusion_step,2824,0.013930722891566272
diffusion_step,2825,0.02319277108433726
diffusion_step,2826,0.006852409638554269
diffusion_step,2827,0.004141566265060237
diffusion_step,2828,0.004141566265060237
diffusion_step,2829,-0.002108433734939741
diffusion_step,2830,-0.0013554216867469604
diffusion_step,2831,0.005496987951807308
diffusion_step,2832,0.002334337349397586
diffusion_step,2833,-0.01287650602409629
diffusion_step,2834,-0.006777108433734913
diffusion_step,2835,0.0066265060240963125
diffusion_step,2836,-0.004216867469879537
diffusion_step,2837,0.00986445783132528
diffusion_step,2838,-0.0012801204819277712
diffusion_step,2839,0.004743975903614528
diffusion_step,2840,-0.0033885542168674565
diffusion_step,2841,0.009111445783132499
diffusion_step,2842,0.030572289156626464
diffusion_step,2843,0.00865963855421692
diffusion_step,2844,0.005647590361445798
diffusion_step,2845,-0.0072289156626506035
diffusion_step,2846,0.012575301204819311
diffusion_step,2847,-0.021234939759036175
diffusion_step,2848,0.0039909638554217475
diffusion_step,2849,0.002334337349397475
diffusion_step,2850,-0.00022590361445778973
diffusion_step,2851,0.01167168674698793
diffusion_step,2852,-0.0185993975903615
diffusion_step,2853,0.0036897590361446575
diffusion_step,2854,-0.006249999999999978
diffusion_step,2855,0.01671686746987955
diffusion_step,2856,-0.0028614457831325213
diffusion_step,2857,-0.008659638554216864
diffusion_step,2858,0.0017319277108432951
diffusion_step,2859,-0.01106927710843375
diffusion_step,2860,-0.01046686746987957
diffusion_step,2861,-0.0030120481927710663
diffusion_step,2862,-0.0010542168674698704
diffusion_step,2863,-0.010768072289156605
diffusion_step,2864,-0.014081325301204872
diffusion_step,2865,0.01882530120481929
diffusion_step,2866,-0.017771084337349308
diffusion_step,2867,-0.014231927710843417
diffusion_step,2868,0.01091867469879515
diffusion_step,2869,0.006777108433734913
diffusion_step,2870,-0.002259036144578286
diffusion_step,2871,-0.0007530120481927804
diffusion_step,2872,-0.01106927710843375
diffusion_step,2873,-0.0010542168674698704
diffusion_step,2874,0.005873493975903532
diffusion_step,2875,0.0015813253012048056
diffusion_step,2876,-0.01362951807228907
diffusion_step,2877,-0.006475903614457823
diffusion_step,2878,0.004216867469879482
diffusion_step,2879,0.0005271084337349352
diffusion_step,2880,0.008885542168674654
diffusion_step,2881,-0.01882530120481929
diffusion_step,2882,0.0021837349397589856
diffusion_step,2883,-0.0030120481927710663
diffusion_step,2884,0.007078313253012003
diffusion_step,2885,-0.014759036144578241
diffusion_step,2886,-0.014984939759036198
diffusion_step,2887,-0.023343373493975916
diffusion_step,2888,0.011445783132530085
diffusion_step,2889,0.005195783132530218
diffusion_step,2890,0.013478915662650581
diffusion_step,2891,-0.01799698795180732
diffusion_step,2892,0.017319277108433728
diffusion_step,2893,-0.011746987951807175
diffusion_step,2894,-0.016340361445783103
diffusion_step,2895,0.0005271084337349352
diffusion_step,2896,0.010993975903614506
diffusion_step,2897,0.012725903614457912
diffusion_step,2898,-0.011144578313252995
diffusion_step,2899,-0.008358433734939774
diffusion_step,2900,-0.009713855421686735
diffusion_step,2901,0.007831325301204894
diffusion_step,2902,0.007078313253012003
diffusion_step,2903,0.006174698795180733
diffusion_step,2904,-0.01227409638554211
diffusion_step,2905,0.005195783132530218
diffusion_step,2906,-0.026129518072289193
diffusion_step,2907,0.006777108433734913
diffusion_step,2908,-0.014909638554216842
diffusion_step,2909,0.005045180722891618
diffusion_step,2910,-0.027635542168674643
diffusion_step,2911,-0.0037650602409638467
diffusion_step,2912,0.011144578313252995
diffusion_step,2913,0.018599397590361444
diffusion_step,2914,0.002033132530120496
diffusion_step,2915,0.0072289156626506035
diffusion_step,2916,0.0009789156626505147
diffusion_step,2917,-0.0126506024096385
diffusion_step,2918,-0.01204819277108432
diffusion_step,2919,-0.022590361445783136
diffusion_step,2920,-0.01332831325301198
diffusion_step,2921,0.0033885542168674565
diffusion_step,2922,0.013328313253012092
diffusion_step,2923,-0.008283132530120474
diffusion_step,2924,-0.012198795180722921
diffusion_step,2925,-0.009186746987951855
diffusion_step,2926,-0.0007530120481927804
diffusion_step,2927,0.008358433734939719
diffusion_step,2928,0.005496987951807197
diffusion_step,2929,-0.0011295180722891707
diffusion_step,2930,-0.006174698795180733
diffusion_step,2931,-0.0185993975903615
diffusion_step,2932,-0.011897590361445776
diffusion_step,2933,0.010240963855421614
diffusion_step,2934,-0.010165662650602425
diffusion_step,2935,-0.005195783132530107
diffusion_step,2936,-0.004066265060240937
diffusion_step,2937,0.0014307228915662051
diffusion_step,2938,-0.006174698795180733
diffusion_step,2939,-0.01769578313253012
diffusion_step,2940,-0.01069277108433736
diffusion_step,2941,0.004066265060240881
diffusion_step,2942,-0.008283132530120474
diffusion_step,2943,-0.005421686746988008
diffusion_step,2944,0.010993975903614506
diffusion_step,2945,-0.021310240963855365
diffusion_step,2946,-0.009638554216867545
diffusion_step,2947,-0.0014307228915662606
diffusion_step,2948,0.024774096385542177
diffusion_step,2949,0.002710843373494032
diffusion_step,2950,-0.008960843373494065
diffusion_step,2951,-0.006400602409638578
diffusion_step,2952,-0.006777108433734913
diffusion_step,2953,0.004066265060240992
diffusion_step,2954,0.005798192771084398
diffusion_step,2955,0.004518072289156572
diffusion_step,2956,-0.015512048192771077
diffusion_step,2957,0.0027861445783132766
diffusion_step,2958,-0.007003012048192758
diffusion_step,2959,-0.008960843373494065
diffusion_step,2960,0.02108433734939763
diffusion_step,2961,-0.014984939759036198
diffusion_step,2962,0.0011295180722891152
diffusion_step,2963,-0.022063253012048145
diffusion_step,2964,0.013930722891566272
diffusion_step,2965,0.018448795180722843
diffusion_step,2966,-0.007304216867469904
diffusion_step,2967,-0.008734939759036053
diffusion_step,2968,-0.0027108433734939763
diffusion_step,2969,-0.004668674698795117
diffusion_step,2970,-0.01671686746987955
diffusion_step,2971,-0.007680722891566294
diffusion_step,2972,0.0219879518072289
diffusion_step,2973,-0.02326807228915667
diffusion_step,2974,0.011897590361445776
diffusion_step,2975,-0.006551204819277123
diffusion_step,2976,0.00030120481927709
diffusion_step,2977,0.002710843373493921
diffusion_step,2978,-0.007153614457831303
diffusion_step,2979,0.015888554216867412
diffusion_step,2980,-0.0033132530120481563
diffusion_step,2981,0.005496987951807197
diffusion_step,2982,0.0039909638554216365
diffusion_step,2983,-0.021310240963855365
diffusion_step,2984,-0.006852409638554158
diffusion_step,2985,-0.004743975903614417
diffusion_step,2986,-0.01129518072289154
diffusion_step,2987,-0.004593373493975816
diffusion_step,2988,0.008734939759036053
diffusion_step,2989,-0.011897590361445776
diffusion_step,2990,0.0001506024096386005
diffusion_step,2991,0.004367469879518082
diffusion_step,2992,-0.004141566265060237
diffusion_step,2993,-0.012500000000000011
diffusion_step,2994,-0.0001506024096386005
diffusion_step,2995,0.02108433734939763
diffusion_step,2996,-0.0075301204819276935
diffusion_step,2997,-0.006325301204819278
diffusion_step,2998,-0.005195783132530107
diffusion_step,2999,-0.019879518072289215
diffusion_step,3000,-0.011972891566264965
diffusion_step,3001,-0.0034638554216867568
diffusion_step,3002,-0.009789156626506035
diffusion_step,3003,-0.00120481927710836
diffusion_step,3004,0.01121987951807224
diffusion_step,3005,-0.010165662650602425
diffusion_step,3006,-0.012499999999999956
diffusion_step,3007,0.01912650602409649
diffusion_step,3008,-0.004969879518072207
diffusion_step,3009,-0.014307228915662662
diffusion_step,3010,0.0008283132530120252
diffusion_step,3011,-0.015135542168674743
diffusion_step,3012,-0.014909638554216842
diffusion_step,3013,0.0012801204819276046
diffusion_step,3014,0.0005271084337349352
diffusion_step,3015,-0.010391566265060215
diffusion_step,3016,-0.017545180722891518
diffusion_step,3017,-0.0042921686746988374
diffusion_step,3018,-0.0012801204819277712
diffusion_step,3019,0.003840361445783147
diffusion_step,3020,0.003237951807228856
diffusion_step,3021,0.00060240963855418
diffusion_step,3022,-0.0033132530120481563
diffusion_step,3023,0.012951807228915646
diffusion_step,3024,0.003539156626506057
diffusion_step,3025,-0.004216867469879537
diffusion_step,3026,0.009789156626506035
diffusion_step,3027,0.015135542168674632
diffusion_step,3028,0.008433734939759074
diffusion_step,3029,0.005346385542168597
diffusion_step,3030,-0.006777108433734913
diffusion_step,3031,0.004442771084337327
diffusion_step,3032,-0.02914156626506026
diffusion_step,3033,-0.004819277108433828
diffusion_step,3034,-0.012801204819277101
diffusion_step,3035,-0.021009036144578386
diffusion_step,3036,0.00015060240963848948
diffusion_step,3037,-0.012198795180722866
diffusion_step,3038,-0.001957831325301196
diffusion_step,3039,-0.01769578313253012
diffusion_step,3040,-0.0038403614457830915
diffusion_step,3041,0.005798192771084398
diffusion_step,3042,-0.004894578313253017
diffusion_step,3043,-0.008659638554216864
diffusion_step,3044,-0.0254518072289156
diffusion_step,3045,0.0024849397590360756
diffusion_step,3046,-0.007605421686746938
diffusion_step,3047,0.004593373493975816
diffusion_step,3048,0.017243975903614484
diffusion_step,3049,-0.012951807228915702
diffusion_step,3050,0.0069277108433735135
diffusion_step,3051,0.032680722891566205
diffusion_step,3052,0.006400602409638578
diffusion_step,3053,0.005798192771084398
diffusion_step,3054,-0.014156626506024061
diffusion_step,3055,-0.01746987951807233
diffusion_step,3056,0.004969879518072262
diffusion_step,3057,0.00060240963855418
diffusion_step,3058,-0.0028614457831325213
diffusion_step,3059,-0.02085843373493973
diffusion_step,3060,-0.0018825301204819511
diffusion_step,3061,0.007003012048192758
diffusion_step,3062,-0.01837349397590371
diffusion_step,3063,-0.005271084337349297
diffusion_step,3064,0.014984939759036142
diffusion_step,3065,0.006249999999999978
diffusion_step,3066,-0.0075301204819276935
diffusion_step,3067,-0.0030873493975904776
diffusion_step,3068,-0.025000000000000022
diffusion_step,3069,0.01242469879518071
diffusion_step,3070,-0.004518072289156627
diffusion_step,3071,-0.03004518072289153
diffusion_step,3072,0.021912650602409545
diffusion_step,3073,-0.01799698795180732
diffusion_step,3074,-0.027560240963855454
diffusion_step,3075,0.009111445783132499
diffusion_step,3076,-0.021762048192771166
diffusion_step,3077,0.027861445783132543
diffusion_step,3078,0.004292168674698726
diffusion_step,3079,-0.024924698795180666
diffusion_step,3080,0.002635542168674676
diffusion_step,3081,0.00060240963855418
diffusion_step,3082,0.00820783132530123
diffusion_step,3083,0.005120481927710863
diffusion_step,3084,-0.01129518072289154
diffusion_step,3085,-0.0003765060240963902
diffusion_step,3086,-0.0030873493975903665
diffusion_step,3087,0.009412650602409589
diffusion_step,3088,-0.0036897590361446575
diffusion_step,3089,0.000903614457831381
diffusion_step,3090,-0.011822289156626531
diffusion_step,3091,0.00971385542168679
diffusion_step,3092,0.0031626506024097223
diffusion_step,3093,-0.022740963855421736
diffusion_step,3094,-0.008509036144578264
diffusion_step,3095,-0.006701807228915724
diffusion_step,3096,-0.01649096385542176
diffusion_step,3097,-0.00030120481927709
diffusion_step,3098,-0.004442771084337327
diffusion_step,3099,0.004442771084337438
diffusion_step,3100,-0.0034638554216867568
diffusion_step,3101,0.0063253012048192225
diffusion_step,3102,-0.006249999999999978
diffusion_step,3103,0.004141566265060237
diffusion_step,3104,-0.0034638554216867568
diffusion_step,3105,-0.015888554216867412
diffusion_step,3106,-0.006099397590361377
diffusion_step,3107,0.004367469879518082
diffusion_step,3108,0.012198795180722977
diffusion_step,3109,-0.005572289156626553
diffusion_step,3110,-0.01927710843373498
diffusion_step,3111,-0.0024096385542168863
diffusion_step,3112,0.0072289156626506035
diffusion_step,3113,0.006475903614457823
diffusion_step,3114,0.014307228915662606
diffusion_step,3115,0.005271084337349352
diffusion_step,3116,-0.0027861445783132766
diffusion_step,3117,-0.005798192771084398
diffusion_step,3118,-0.01927710843373487
diffusion_step,3119,-0.002635542168674676
diffusion_step,3120,0.0007530120481927804
diffusion_step,3121,0.00120481927710836
diffusion_step,3122,-0.013478915662650581
diffusion_step,3123,-0.017921686746987908
diffusion_step,3124,0.013780120481927671
diffusion_step,3125,-0.001506024096385561
diffusion_step,3126,-0.014382530120481851
diffusion_step,3127,-0.015210843373493987
diffusion_step,3128,-0.004442771084337327
diffusion_step,3129,0.0021837349397590966
diffusion_step,3130,-0.024774096385542232
diffusion_step,3131,0.007078313253012003
diffusion_step,3132,0.0001506024096386005
diffusion_step,3133,0.0075301204819276935
diffusion_step,3134,-0.01890060240963848
diffusion_step,3135,0.019051204819277023
diffusion_step,3136,-0.010165662650602425
diffusion_step,3137,0.0030873493975903665
diffusion_step,3138,-0.009563253012048245
diffusion_step,3139,-0.016114457831325257
diffusion_step,3140,-0.015060240963855442
diffusion_step,3141,0.008885542168674765
diffusion_step,3142,-0.006551204819277123
diffusion_step,3143,0.011521084337349441
diffusion_step,3144,-0.013102409638554302
diffusion_step,3145,-0.009412650602409645
diffusion_step,3146,-0.001506024096385561
diffusion_step,3147,-0.0011295180722891707
diffusion_step,3148,0.010391566265060215
diffusion_step,3149,-0.01325301204819268
diffusion_step,3150,-0.004141566265060237
diffusion_step,3151,0.01091867469879515
diffusion_step,3152,-0.0127259036144578
diffusion_step,3153,0.009638554216867434
diffusion_step,3154,0.010240963855421614
diffusion_step,3155,-0.0011295180722891707
diffusion_step,3156,-0.010918674698795205
diffusion_step,3157,0.009638554216867434
diffusion_step,3158,-0.0073795180722891485
diffusion_step,3159,0.0036897590361446575
diffusion_step,3160,0.015963855421686768
diffusion_step,3161,-0.0036897590361446575
diffusion_step,3162,0.0016566265060241614
diffusion_step,3163,-0.009864457831325335
diffusion_step,3164,0.013855421686746916
diffusion_step,3165,-0.026731927710843373
diffusion_step,3166,0.01227409638554211
diffusion_step,3167,0.008734939759036164
diffusion_step,3168,-0.0007530120481927804
diffusion_step,3169,0.008283132530120474
diffusion_step,3170,0.011897590361445776
diffusion_step,3171,-0.01167168674698793
diffusion_step,3172,0.0005271084337349352
diffusion_step,3173,0.007756024096385539
diffusion_step,3174,-0.001506024096385561
diffusion_step,3175,0.005798192771084398
diffusion_step,3176,-0.004668674698795117
diffusion_step,3177,0.027259036144578364
diffusion_step,3178,-0.019804216867469915
diffusion_step,3179,-0.014533132530120452
diffusion_step,3180,0.0006777108433734247
diffusion_step,3181,0.0030873493975904776
diffusion_step,3182,0.02319277108433726
diffusion_step,3183,0.013403614457831337
diffusion_step,3184,-0.014984939759036142
diffusion_step,3185,0.02334337349397586
diffusion_step,3186,-0.006551204819277123
diffusion_step,3187,0.0001506024096386005
diffusion_step,3188,-0.004593373493975927
diffusion_step,3189,-0.023945783132530096
diffusion_step,3190,-0.013704819277108482
diffusion_step,3191,0.007756024096385539
diffusion_step,3192,0.004216867469879482
diffusion_step,3193,0.0066265060240963125
diffusion_step,3194,-0.01106927710843375
diffusion_step,3195,-0.0042921686746988374
diffusion_step,3196,-0.002635542168674676
diffusion_step,3197,0.0008283132530120252
diffusion_step,3198,-0.005572289156626387
diffusion_step,3199,0.016039156626506124
diffusion_step,3200,0.004066265060240992
diffusion_step,3201,-0.004894578313253017
diffusion_step,3202,0.0027861445783132766
diffusion_step,3203,0.015436746987951833
diffusion_step,3204,0.007003012048192758
diffusion_step,3205,0.009036144578313254
diffusion_step,3206,0.007680722891566294
diffusion_step,3207,-0.006626506024096368
diffusion_step,3208,-0.004367469879518027
diffusion_step,3209,0.010090361445783125
diffusion_step,3210,-0.042469879518072295
diffusion_step,3211,-0.021460843373493965
diffusion_step,3212,0.009939759036144635
diffusion_step,3213,0.0036897590361446575
diffusion_step,3214,0.002033132530120496
diffusion_step,3215,0.016189759036144613
diffusion_step,3216,-0.008057228915662684
diffusion_step,3217,0.0034638554216868123
diffusion_step,3218,0.01091867469879515
diffusion_step,3219,-0.015587349397590378
diffusion_step,3220,-0.0006777108433734802
diffusion_step,3221,-0.004518072289156627
diffusion_step,3222,0.012725903614457912
diffusion_step,3223,0.009638554216867434
diffusion_step,3224,0.0012801204819277157
diffusion_step,3225,0.0042921686746988374
diffusion_step,3226,-0.005421686746988008
diffusion_step,3227,0.002108433734939741
diffusion_step,3228,0.008283132530120474
diffusion_step,3229,-0.0017319277108433506
diffusion_step,3230,0.001506024096385561
diffusion_step,3231,-0.007680722891566294
diffusion_step,3232,-0.025150602409638456
diffusion_step,3233,-0.000301204819277201
diffusion_step,3234,0.011972891566265131
diffusion_step,3235,0.005045180722891618
diffusion_step,3236,-0.014081325301204872
diffusion_step,3237,0.0028614457831325213
diffusion_step,3238,-0.0024849397590361866
diffusion_step,3239,-0.001204819277108471
diffusion_step,3240,-0.0069277108433735135
diffusion_step,3241,0.013629518072289182
diffusion_step,3242,-0.007304216867469904
diffusion_step,3243,0.0066265060240963125
diffusion_step,3244,-0.016415662650602403
diffusion_step,3245,-0.01099397590361445
diffusion_step,3246,-0.013177710843373491
diffusion_step,3247,0.00022590361445784524
diffusion_step,3248,0.0013554216867469604
diffusion_step,3249,0.011897590361445776
diffusion_step,3250,-0.01965361445783137
diffusion_step,3251,0.005798192771084398
diffusion_step,3252,0.015286144578313232
diffusion_step,3253,-0.0030120481927710663
diffusion_step,3254,0.020707831325301185
diffusion_step,3255,-0.0018072289156626509
diffusion_step,3256,0.013930722891566272
diffusion_step,3257,-0.002033132530120496
diffusion_step,3258,0.006777108433734913
diffusion_step,3259,0.0072289156626504925
diffusion_step,3260,-0.012801204819277101
diffusion_step,3261,0.02259036144578308
diffusion_step,3262,-0.0063253012048193336
diffusion_step,3263,0.00060240963855418
diffusion_step,3264,0.02364457831325295
diffusion_step,3265,0.008810240963855409
diffusion_step,3266,0.001506024096385561
diffusion_step,3267,-0.004969879518072318
diffusion_step,3268,0.012123493975903621
diffusion_step,3269,-0.03275602409638556
diffusion_step,3270,0.0028614457831325213
diffusion_step,3271,-0.0033132530120482673
diffusion_step,3272,-0.016942771084337338
diffusion_step,3273,0.004819277108433773
diffusion_step,3274,-0.005120481927710807
diffusion_step,3275,0.003539156626506057
diffusion_step,3276,-0.015060240963855442
diffusion_step,3277,0.005271084337349352
diffusion_step,3278,-0.013102409638554191
diffusion_step,3279,-0.02808734939759039
diffusion_step,3280,-0.025602409638554202
diffusion_step,3281,-0.028313253012048123
diffusion_step,3282,-0.010316265060241026
diffusion_step,3283,0.007304216867469959
diffusion_step,3284,-0.009789156626506035
diffusion_step,3285,0.004593373493975927
diffusion_step,3286,-0.013554216867469882
diffusion_step,3287,0.013704819277108427
diffusion_step,3288,0.02673192771084343
diffusion_step,3289,0.010843373493975905
diffusion_step,3290,-0.0006777108433734802
diffusion_step,3291,0.01227409638554211
diffusion_step,3292,0.00790662650602414
diffusion_step,3293,-0.006174698795180733
diffusion_step,3294,0.015888554216867523
diffusion_step,3295,-0.002259036144578286
diffusion_step,3296,0.012500000000000067
diffusion_step,3297,0.003539156626505946
diffusion_step,3298,-0.02078313253012043
diffusion_step,3299,0.011897590361445887
diffusion_step,3300,-0.016867469879518038
diffusion_step,3301,-0.01882530120481929
diffusion_step,3302,0.0005271084337349352
diffusion_step,3303,-0.008433734939759074
diffusion_step,3304,0.000903614457831381
diffusion_step,3305,-0.01137048192771084
diffusion_step,3306,0.017093373493975883
diffusion_step,3307,7.530120481924474e-05
diffusion_step,3308,0.004518072289156572
diffusion_step,3309,0.0039909638554217475
diffusion_step,3310,0.0016566265060241614
diffusion_step,3311,-0.0003765060240963902
diffusion_step,3312,0.0030873493975903665
diffusion_step,3313,-0.000903614457831381
diffusion_step,3314,0.0027861445783132766
diffusion_step,3315,0.00805722891566274
diffusion_step,3316,-0.009337349397590344
diffusion_step,3317,0.0012801204819277157
diffusion_step,3318,-0.01807228915662651
diffusion_step,3319,-0.007831325301204894
diffusion_step,3320,-0.015436746987951833
diffusion_step,3321,-0.01739457831325303
diffusion_step,3322,-0.01242469879518071
diffusion_step,3323,-0.020632530120481885
diffusion_step,3324,0.008132530120481984
diffusion_step,3325,-0.005045180722891507
diffusion_step,3326,-0.0011295180722891707
diffusion_step,3327,0.005120481927710863
diffusion_step,3328,0.0039909638554216365
diffusion_step,3329,0.015060240963855387
diffusion_step,3330,0.022816265060240926
diffusion_step,3331,-0.0034638554216867568
diffusion_step,3332,0.00030120481927709
diffusion_step,3333,0.00986445783132528
diffusion_step,3334,0.003915662650602392
diffusion_step,3335,-0.0004518072289156905
diffusion_step,3336,0.0037650602409639022
diffusion_step,3337,-0.0016566265060241059
diffusion_step,3338,0.016189759036144613
diffusion_step,3339,0.02838855421686748
diffusion_step,3340,-0.012500000000000011
diffusion_step,3341,-0.00045180722891557945
diffusion_step,3342,0.01671686746987955
diffusion_step,3343,0.007003012048192758
diffusion_step,3344,0.0030873493975903665
diffusion_step,3345,0.0019578313253012514
diffusion_step,3346,-0.0014307228915663162
diffusion_step,3347,-0.0033132530120481563
diffusion_step,3348,0.0006777108433734247
diffusion_step,3349,-0.006852409638554213
diffusion_step,3350,-0.016265060240963858
diffusion_step,3351,-0.017168674698795128
diffusion_step,3352,0.019503012048192714
diffusion_step,3353,0.003237951807228856
diffusion_step,3354,0.0
diffusion_step,3355,0.0006777108433735357
diffusion_step,3356,-0.0034638554216867568
diffusion_step,3357,-0.0014307228915663162
diffusion_step,3358,0.0092620481927711
diffusion_step,3359,-0.017168674698795128
diffusion_step,3360,0.004819277108433773
diffusion_step,3361,-0.002259036144578286
diffusion_step,3362,-0.010542168674698815
diffusion_step,3363,0.019352409638554224
diffusion_step,3364,0.007756024096385539
diffusion_step,3365,-0.0006777108433735357
diffusion_step,3366,0.002409638554216942
diffusion_step,3367,-0.006475903614457823
diffusion_step,3368,-0.009186746987951744
diffusion_step,3369,0.010993975903614506
diffusion_step,3370,0.00850903614457832
diffusion_step,3371,0.002635542168674676
diffusion_step,3372,0.006099397590361488
diffusion_step,3373,-0.01867469879518069
diffusion_step,3374,-0.002560240963855487
diffusion_step,3375,0.023418674698795217
diffusion_step,3376,0.00022590361445784524
diffusion_step,3377,0.004141566265060237
diffusion_step,3378,0.009487951807228945
diffusion_step,3379,-0.01995481927710846
diffusion_step,3380,-0.005722891566265098
diffusion_step,3381,0.007605421686746938
diffusion_step,3382,0.007153614457831359
diffusion_step,3383,-0.01987951807228916
diffusion_step,3384,0.0
diffusion_step,3385,-0.014834337349397597
diffusion_step,3386,0.0069277108433735135
diffusion_step,3387,-0.008960843373494065
diffusion_step,3388,-0.020105421686747005
diffusion_step,3389,0.012650602409638556
diffusion_step,3390,-0.0005271084337348797
diffusion_step,3391,-0.0008283132530121362
diffusion_step,3392,-0.007831325301204894
diffusion_step,3393,-0.007078313253012114
diffusion_step,3394,-0.006099397590361488
diffusion_step,3395,0.01061746987951806
diffusion_step,3396,-0.009563253012048245
diffusion_step,3397,-0.008659638554216864
diffusion_step,3398,-0.0030873493975903665
diffusion_step,3399,0.007153614457831359
diffusion_step,3400,-0.007228915662650548
diffusion_step,3401,0.000903614457831381
diffusion_step,3402,-0.009789156626506035
diffusion_step,3403,0.005496987951807197
diffusion_step,3404,-0.0075301204819276935
diffusion_step,3405,-0.0024096385542168863
diffusion_step,3406,0.003915662650602392
diffusion_step,3407,-0.0031626506024096668
diffusion_step,3408,0.012951807228915646
diffusion_step,3409,-0.0011295180722891707
diffusion_step,3410,0.009036144578313254
diffusion_step,3411,-0.01746987951807233
diffusion_step,3412,0.003012048192771122
diffusion_step,3413,0.02048192771084345
diffusion_step,3414,-0.0069277108433735135
diffusion_step,3415,-0.0036144578313252462
diffusion_step,3416,0.0
diffusion_step,3417,-0.01039156626506027
diffusion_step,3418,0.01106927710843364
diffusion_step,3419,0.015286144578313232
diffusion_step,3420,0.007153614457831359
diffusion_step,3421,-0.012198795180722866
diffusion_step,3422,0.00060240963855418
diffusion_step,3423,0.009638554216867434
diffusion_step,3424,0.016490963855421703
diffusion_step,3425,0.012725903614457912
diffusion_step,3426,-0.027334337349397664
diffusion_step,3427,-0.003539156626506057
diffusion_step,3428,-0.010391566265060215
diffusion_step,3429,-0.0185993975903615
diffusion_step,3430,-0.0003765060240963902
diffusion_step,3431,-0.01822289156626511
diffusion_step,3432,0.013780120481927782
diffusion_step,3433,-0.03591867469879523
diffusion_step,3434,0.0036144578313253017
diffusion_step,3435,-0.001204819277108471
diffusion_step,3436,0.006400602409638578
diffusion_step,3437,-0.0004518072289156905
diffusion_step,3438,0.017243975903614484
diffusion_step,3439,-0.006551204819277123
diffusion_step,3440,-0.011822289156626531
diffusion_step,3441,-0.008960843373493954
diffusion_step,3442,0.004743975903614417
diffusion_step,3443,-0.023418674698795106
diffusion_step,3444,-0.008283132530120474
diffusion_step,3445,-0.0008283132530120807
diffusion_step,3446,0.0012801204819277157
diffusion_step,3447,0.008433734939758963
diffusion_step,3448,-0.004894578313253017
diffusion_step,3449,0.008433734939759074
diffusion_step,3450,-0.01129518072289154
diffusion_step,3451,0.0022590361445783413
diffusion_step,3452,0.002334337349397475
diffusion_step,3453,0.017545180722891573
diffusion_step,3454,-0.014081325301204872
diffusion_step,3455,0.011445783132530196
diffusion_step,3456,-0.0184487951807229
diffusion_step,3457,0.007153614457831359
diffusion_step,3458,-0.026731927710843373
diffusion_step,3459,-0.002108433734939741
diffusion_step,3460,-0.014608433734939807
diffusion_step,3461,-0.021837349397590355
diffusion_step,3462,-0.002033132530120496
diffusion_step,3463,-0.002484939759036131
diffusion_step,3464,-0.007605421686746994
diffusion_step,3465,-0.003915662650602447
diffusion_step,3466,0.026581325301204828
diffusion_step,3467,0.011596385542168686
diffusion_step,3468,0.008810240963855409
diffusion_step,3469,-0.014156626506024061
diffusion_step,3470,-0.00045180722891557945
diffusion_step,3471,-0.006701807228915668
diffusion_step,3472,0.010993975903614395
diffusion_step,3473,0.0069277108433735135
diffusion_step,3474,0.0011295180722891152
diffusion_step,3475,0.0036144578313253017
diffusion_step,3476,0.004216867469879482
diffusion_step,3477,0.005572289156626442
diffusion_step,3478,-0.0033885542168674565
diffusion_step,3479,0.0006777108433734247
diffusion_step,3480,-0.013177710843373491
diffusion_step,3481,0.0003765060240963347
diffusion_step,3482,0.02093373493975903
diffusion_step,3483,-0.01897590361445789
diffusion_step,3484,-0.017319277108433728
diffusion_step,3485,0.003840361445783147
diffusion_step,3486,-0.0033132530120482673
diffusion_step,3487,-0.001506024096385561
diffusion_step,3488,-0.0011295180722891707
diffusion_step,3489,0.008810240963855409
diffusion_step,3490,-0.01046686746987957
diffusion_step,3491,0.01807228915662651
diffusion_step,3492,-0.0003765060240963902
diffusion_step,3493,0.00865963855421692
diffusion_step,3494,-0.0069277108433735135
diffusion_step,3495,0.0007530120481927804
diffusion_step,3496,-0.0036144578313252462
diffusion_step,3497,-0.005873493975903588
diffusion_step,3498,0.006400602409638578
diffusion_step,3499,0.002409638554216942
diffusion_step,3500,0.005722891566265043
diffusion_step,3501,-0.009563253012048245
diffusion_step,3502,0.016265060240963858
diffusion_step,3503,-0.016792168674698738
diffusion_step,3504,0.008283132530120474
diffusion_step,3505,0.0066265060240963125
diffusion_step,3506,0.000903614457831381
diffusion_step,3507,-0.012801204819277101
diffusion_step,3508,-0.028614457831325324
diffusion_step,3509,0.02379518072289155
diffusion_step,3510,0.0019578313253011403
diffusion_step,3511,0.0025602409638554313
diffusion_step,3512,-0.0018825301204819511
diffusion_step,3513,0.008283132530120474
diffusion_step,3514,-0.0005271084337349907
diffusion_step,3515,-0.007153614457831303
diffusion_step,3516,0.014006024096385516
diffusion_step,3517,0.002710843373493921
diffusion_step,3518,0.0219879518072289
diffusion_step,3519,-0.003915662650602447
diffusion_step,3520,-0.0017319277108433506
diffusion_step,3521,0.00790662650602414
diffusion_step,3522,-0.01611445783132537
diffusion_step,3523,-0.020858433734939785
diffusion_step,3524,0.005572289156626553
diffusion_step,3525,0.004894578313253017
diffusion_step,3526,0.0030873493975903665
diffusion_step,3527,-0.008659638554216864
diffusion_step,3528,-0.005271084337349408
diffusion_step,3529,0.004066265060240992
diffusion_step,3530,-0.010165662650602425
diffusion_step,3531,-0.008358433734939774
diffusion_step,3532,-0.008659638554216864
diffusion_step,3533,0.005873493975903532
diffusion_step,3534,0.004969879518072262
diffusion_step,3535,-0.007756024096385594
diffusion_step,3536,0.007680722891566294
diffusion_step,3537,-0.022816265060240926
diffusion_step,3538,0.012951807228915646
diffusion_step,3539,0.021310240963855476
diffusion_step,3540,0.0018825301204818956
diffusion_step,3541,-0.016490963855421648
diffusion_step,3542,-0.01084337349397596
diffusion_step,3543,-0.015587349397590378
diffusion_step,3544,0.0021837349397589856
diffusion_step,3545,-0.0015813253012047501
diffusion_step,3546,0.010692771084337416
diffusion_step,3547,-0.0009789156626505702
diffusion_step,3548,0.00986445783132539
diffusion_step,3549,-0.006701807228915724
diffusion_step,3550,-0.008283132530120474
diffusion_step,3551,-0.004894578313253017
diffusion_step,3552,0.007756024096385539
diffusion_step,3553,0.015587349397590433
diffusion_step,3554,0.01987951807228927
diffusion_step,3555,-0.004442771084337327
diffusion_step,3556,0.0004518072289156905
diffusion_step,3557,0.004442771084337327
diffusion_step,3558,0.005647590361445798
diffusion_step,3559,-0.011219879518072351
diffusion_step,3560,-0.0127259036144578
diffusion_step,3561,-0.017921686746987908
diffusion_step,3562,-0.009036144578313254
diffusion_step,3563,-0.01106927710843375
diffusion_step,3564,0.003840361445783258
diffusion_step,3565,0.011822289156626531
diffusion_step,3566,0.004894578313253017
diffusion_step,3567,-0.004743975903614417
diffusion_step,3568,-0.0009789156626505702
diffusion_step,3569,-0.01769578313253012
diffusion_step,3570,0.01197289156626502
diffusion_step,3571,-0.01882530120481929
diffusion_step,3572,0.0001506024096386005
diffusion_step,3573,0.004518072289156572
diffusion_step,3574,-0.01106927710843375
diffusion_step,3575,-0.000602409638554291
diffusion_step,3576,-0.01234939759036141
diffusion_step,3577,0.001807228915662762
diffusion_step,3578,0.0185240963855422
diffusion_step,3579,-0.0073795180722891485
diffusion_step,3580,0.010993975903614506
diffusion_step,3581,-0.006551204819277123
diffusion_step,3582,-0.023719879518072307
diffusion_step,3583,-0.0039909638554216365
diffusion_step,3584,-0.004593373493975927
diffusion_step,3585,0.005572289156626442
diffusion_step,3586,-0.002108433734939741
diffusion_step,3587,0.001506024096385561
diffusion_step,3588,-0.00045180722891557945
diffusion_step,3589,-0.018524096385542088
diffusion_step,3590,-0.0025602409638554313
diffusion_step,3591,-0.01822289156626511
diffusion_step,3592,0.00045180722891557945
diffusion_step,3593,0.01016566265060237
diffusion_step,3594,-0.013704819277108482
diffusion_step,3595,-0.021611445783132566
diffusion_step,3596,-0.015888554216867412
diffusion_step,3597,0.0060240963855421326
diffusion_step,3598,0.005271084337349352
diffusion_step,3599,-0.010240963855421614
diffusion_step,3600,-0.009111445783132555
diffusion_step,3601,-0.007454819277108504
diffusion_step,3602,0.003539156626506057
diffusion_step,3603,-0.023795180722891607
diffusion_step,3604,0.0
diffusion_step,3605,-0.0031626506024096668
diffusion_step,3606,-0.03004518072289153
diffusion_step,3607,-0.01950301204819277
diffusion_step,3608,0.011295180722891596
diffusion_step,3609,0.0012801204819277157
diffusion_step,3610,-0.01197289156626502
diffusion_step,3611,0.012650602409638556
diffusion_step,3612,-0.016566265060240948
diffusion_step,3613,0.008132530120481873
diffusion_step,3614,0.0010542168674699814
diffusion_step,3615,0.004141566265060237
diffusion_step,3616,0.014382530120481962
diffusion_step,3617,-0.0018072289156626509
diffusion_step,3618,-0.015963855421686768
diffusion_step,3619,-0.005346385542168708
diffusion_step,3620,-0.017243975903614428
diffusion_step,3621,-0.011596385542168741
diffusion_step,3622,0.004819277108433773
diffusion_step,3623,-0.002108433734939741
diffusion_step,3624,-0.020632530120481885
diffusion_step,3625,0.0013554216867469604
diffusion_step,3626,0.013629518072289182
diffusion_step,3627,-0.014683734939759052
diffusion_step,3628,-0.0072289156626506035
diffusion_step,3629,-0.002334337349397586
diffusion_step,3630,0.024774096385542288
diffusion_step,3631,-0.007981927710843384
diffusion_step,3632,0.005045180722891618
diffusion_step,3633,-0.006400602409638578
diffusion_step,3634,-0.007680722891566294
diffusion_step,3635,0.009638554216867434
diffusion_step,3636,-0.0027108433734939763
diffusion_step,3637,0.007304216867469959
diffusion_step,3638,-0.002108433734939741
diffusion_step,3639,-0.015436746987951833
diffusion_step,3640,-0.01302710843373489
diffusion_step,3641,-0.014759036144578352
diffusion_step,3642,-0.01046686746987957
diffusion_step,3643,-0.006777108433734913
diffusion_step,3644,0.0022590361445783413
diffusion_step,3645,-0.0005271084337349907
diffusion_step,3646,-0.0007530120481927804
diffusion_step,3647,-0.014533132530120507
diffusion_step,3648,0.024623493975903687
diffusion_step,3649,-0.007454819277108393
diffusion_step,3650,0.015286144578313343
diffusion_step,3651,0.0021837349397590966
diffusion_step,3652,0.014984939759036142
diffusion_step,3653,0.01242469879518071
diffusion_step,3654,0.013102409638554247
diffusion_step,3655,-0.00045180722891557945
diffusion_step,3656,0.005195783132530107
diffusion_step,3657,0.0
diffusion_step,3658,0.0019578313253012514
diffusion_step,3659,0.008885542168674654
diffusion_step,3660,0.005647590361445798
diffusion_step,3661,-0.026280120481927793
diffusion_step,3662,-0.0027108433734939763
diffusion_step,3663,0.01046686746987957
diffusion_step,3664,0.004668674698795172
diffusion_step,3665,0.0019578313253012514
diffusion_step,3666,-0.01167168674698793
diffusion_step,3667,-0.008885542168674654
diffusion_step,3668,-0.0034638554216867568
diffusion_step,3669,-0.03042168674698803
diffusion_step,3670,0.003915662650602392
diffusion_step,3671,0.009036144578313254
diffusion_step,3672,-0.002786144578313221
diffusion_step,3673,0.016566265060240948
diffusion_step,3674,0.006099397590361488
diffusion_step,3675,-0.0008283132530119697
diffusion_step,3676,0.006475903614457712
diffusion_step,3677,0.01031626506024097
diffusion_step,3678,0.006777108433734913
diffusion_step,3679,0.003012048192771122
diffusion_step,3680,-0.006626506024096368
diffusion_step,3681,-0.0027108433734939763
diffusion_step,3682,-0.008659638554216864
diffusion_step,3683,-0.004668674698795228
diffusion_step,3684,0.005647590361445798
diffusion_step,3685,-0.0006777108433735357
diffusion_step,3686,-0.000301204819277201
diffusion_step,3687,0.011596385542168686
diffusion_step,3688,-0.014909638554216842
diffusion_step,3689,0.017771084337349308
diffusion_step,3690,0.004518072289156572
diffusion_step,3691,0.003012048192771122
diffusion_step,3692,0.0014307228915663162
diffusion_step,3693,-0.003915662650602447
diffusion_step,3694,0.006475903614457823
diffusion_step,3695,0.015286144578313232
diffusion_step,3696,0.0024849397590360756
diffusion_step,3697,0.012650602409638556
diffusion_step,3698,-0.010240963855421725
diffusion_step,3699,-0.01159638554216863
diffusion_step,3700,-0.003915662650602447
diffusion_step,3701,0.013780120481927671
diffusion_step,3702,0.008885542168674654
diffusion_step,3703,0.002409638554216942
diffusion_step,3704,-0.0034638554216867012
diffusion_step,3705,-0.006475903614457823
diffusion_step,3706,-0.015210843373493987
diffusion_step,3707,-0.004216867469879426
diffusion_step,3708,-0.022665662650602436
diffusion_step,3709,0.01121987951807224
diffusion_step,3710,-0.023644578313253062
diffusion_step,3711,-0.01897590361445778
diffusion_step,3712,-0.004593373493975927
diffusion_step,3713,0.01152108433734933
diffusion_step,3714,0.014683734939759052
diffusion_step,3715,0.0016566265060241614
diffusion_step,3716,0.009186746987951855
diffusion_step,3717,-0.03200301204819278
diffusion_step,3718,0.0039909638554216365
diffusion_step,3719,-0.013177710843373491
diffusion_step,3720,-0.005873493975903588
diffusion_step,3721,-0.014608433734939807
diffusion_step,3722,0.019503012048192714
diffusion_step,3723,-0.006551204819277123
diffusion_step,3724,0.0034638554216868123
diffusion_step,3725,-0.025903614457831403
diffusion_step,3726,-0.025903614457831292
diffusion_step,3727,-0.005120481927710807
diffusion_step,3728,0.012500000000000067
diffusion_step,3729,-0.006249999999999978
diffusion_step,3730,-0.023569277108433706
diffusion_step,3731,-0.011596385542168741
diffusion_step,3732,-0.004367469879518027
diffusion_step,3733,-0.021159638554216875
diffusion_step,3734,-0.0042921686746988374
diffusion_step,3735,0.015587349397590433
diffusion_step,3736,-0.01106927710843375
diffusion_step,3737,-0.01174698795180723
diffusion_step,3738,-0.01167168674698793
diffusion_step,3739,0.0072289156626506035
diffusion_step,3740,-0.001506024096385561
diffusion_step,3741,-0.011897590361445776
diffusion_step,3742,-0.006701807228915724
diffusion_step,3743,0.0037650602409639022
diffusion_step,3744,-0.004743975903614417
diffusion_step,3745,0.00030120481927709
diffusion_step,3746,-0.01144578313253014
diffusion_step,3747,0.002108433734939741
diffusion_step,3748,-0.014006024096385461
diffusion_step,3749,-0.002936746987951766
diffusion_step,3750,-0.008358433734939774
diffusion_step,3751,-0.015587349397590378
diffusion_step,3752,-0.002259036144578286
diffusion_step,3753,-0.002936746987951766
diffusion_step,3754,-0.000903614457831381
diffusion_step,3755,-0.0042921686746988374
diffusion_step,3756,-0.008960843373494065
diffusion_step,3757,-0.013629518072289182
diffusion_step,3758,-0.0037650602409638467
diffusion_step,3759,0.006174698795180733
diffusion_step,3760,-0.004292168674698726
diffusion_step,3761,-0.004894578313253017
diffusion_step,3762,-0.0012801204819277712
diffusion_step,3763,0.009638554216867434
diffusion_step,3764,-0.006852409638554324
diffusion_step,3765,0.00060240963855418
diffusion_step,3766,-0.0030120481927710663
diffusion_step,3767,0.00120481927710836
diffusion_step,3768,0.008283132530120474
diffusion_step,3769,0.012801204819277157
diffusion_step,3770,0.007831325301204894
diffusion_step,3771,0.011897590361445776
diffusion_step,3772,0.002409638554216831
diffusion_step,3773,0.003915662650602392
diffusion_step,3774,0.013554216867469826
diffusion_step,3775,-0.01724397590361454
diffusion_step,3776,0.0036144578313253017
diffusion_step,3777,0.0014307228915662051
diffusion_step,3778,-0.026204819277108382
diffusion_step,3779,-0.00045180722891557945
diffusion_step,3780,-0.03162650602409639
diffusion_step,3781,0.003840361445783036
diffusion_step,3782,0.008283132530120474
diffusion_step,3783,0.016942771084337394
diffusion_step,3784,-0.007981927710843384
diffusion_step,3785,-0.002033132530120496
diffusion_step,3786,-0.009412650602409645
diffusion_step,3787,-0.002108433734939741
diffusion_step,3788,0.009487951807228945
diffusion_step,3789,0.011445783132530196
diffusion_step,3790,0.0092620481927711
diffusion_step,3791,-0.006551204819277123
diffusion_step,3792,0.0005271084337349352
diffusion_step,3793,-0.005647590361445798
diffusion_step,3794,0.017695783132530174
diffusion_step,3795,-0.003840361445783147
diffusion_step,3796,0.0013554216867469604
diffusion_step,3797,0.012499999999999956
diffusion_step,3798,-0.015662650602409622
diffusion_step,3799,-0.00045180722891557945
diffusion_step,3800,0.0013554216867469604
diffusion_step,3801,-0.024096385542168697
diffusion_step,3802,-0.015587349397590378
diffusion_step,3803,-0.02018072289156625
diffusion_step,3804,-0.0012801204819277712
diffusion_step,3805,0.015286144578313343
diffusion_step,3806,0.0013554216867470714
diffusion_step,3807,-0.0005271084337349907
diffusion_step,3808,0.0001506024096386005
diffusion_step,3809,0.0018825301204818956
diffusion_step,3810,0.0018825301204818956
diffusion_step,3811,-0.006249999999999978
diffusion_step,3812,-0.013177710843373491
diffusion_step,3813,0.016265060240963747
diffusion_step,3814,0.009713855421686679
diffusion_step,3815,-0.003539156626506057
diffusion_step,3816,-0.005045180722891618
diffusion_step,3817,-0.012499999999999956
diffusion_step,3818,0.01137048192771073
diffusion_step,3819,-0.015813253012048167
diffusion_step,3820,-0.017319277108433728
diffusion_step,3821,-0.012500000000000011
diffusion_step,3822,-0.004668674698795228
diffusion_step,3823,-0.01822289156626511
diffusion_step,3824,0.014081325301204872
diffusion_step,3825,-0.005045180722891618
diffusion_step,3826,-0.024096385542168697
diffusion_step,3827,-0.01106927710843375
diffusion_step,3828,-0.009412650602409645
diffusion_step,3829,0.005572289156626553
diffusion_step,3830,-0.029141566265060204
diffusion_step,3831,-0.0036144578313252462
diffusion_step,3832,0.007304216867469959
diffusion_step,3833,0.016415662650602347
diffusion_step,3834,-0.007981927710843384
diffusion_step,3835,-0.014759036144578241
diffusion_step,3836,-0.008885542168674654
diffusion_step,3837,0.015587349397590433
diffusion_step,3838,-0.014231927710843362
diffusion_step,3839,0.004743975903614417
diffusion_step,3840,0.008810240963855409
diffusion_step,3841,-0.010542168674698815
diffusion_step,3842,-0.03004518072289153
diffusion_step,3843,-0.001054216867469926
diffusion_step,3844,-0.0075301204819276935
diffusion_step,3845,-0.013554216867469882
diffusion_step,3846,-0.0127259036144578
diffusion_step,3847,0.01212349397590351
diffusion_step,3848,0.011144578313252995
diffusion_step,3849,-0.0033132530120482673
diffusion_step,3850,0.003840361445783036
diffusion_step,3851,0.013253012048192736
diffusion_step,3852,0.0003765060240963347
diffusion_step,3853,0.0011295180722891152
diffusion_step,3854,-0.009864457831325335
diffusion_step,3855,-0.01302710843373489
diffusion_step,3856,0.01686746987951815
diffusion_step,3857,-0.015210843373493987
diffusion_step,3858,-0.0028614457831325213
diffusion_step,3859,-0.01746987951807233
diffusion_step,3860,0.00805722891566274
diffusion_step,3861,0.01701807228915664
diffusion_step,3862,0.003539156626506057
diffusion_step,3863,-0.01754518072289163
diffusion_step,3864,-0.021009036144578386
diffusion_step,3865,0.00022590361445784524
diffusion_step,3866,0.01091867469879515
diffusion_step,3867,0.02409638554216864
diffusion_step,3868,0.020406626506023984
diffusion_step,3869,0.0042921686746988374
diffusion_step,3870,-0.007831325301204783
diffusion_step,3871,-0.010165662650602425
diffusion_step,3872,0.005647590361445798
diffusion_step,3873,-0.01295180722891559
diffusion_step,3874,0.007379518072289093
diffusion_step,3875,0.005798192771084287
diffusion_step,3876,-0.0033885542168674565
diffusion_step,3877,-0.015135542168674632
diffusion_step,3878,0.00956325301204819
diffusion_step,3879,0.010090361445783014
diffusion_step,3880,0.003237951807228856
diffusion_step,3881,0.0019578313253012514
diffusion_step,3882,0.005045180722891618
diffusion_step,3883,-0.016415662650602403
diffusion_step,3884,-0.01671686746987955
diffusion_step,3885,-0.020406626506024095
diffusion_step,3886,0.01152108433734933
diffusion_step,3887,0.0034638554216868123
diffusion_step,3888,0.008734939759036053
diffusion_step,3889,-0.008734939759036164
diffusion_step,3890,-0.001957831325301196
diffusion_step,3891,0.007981927710843384
diffusion_step,3892,-7.530120481930025e-05
diffusion_step,3893,-0.011219879518072351
diffusion_step,3894,0.02048192771084345
diffusion_step,3895,-0.005798192771084398
diffusion_step,3896,0.00956325301204819
diffusion_step,3897,-0.015210843373493987
diffusion_step,3898,-0.004819277108433828
diffusion_step,3899,-0.015060240963855442
diffusion_step,3900,0.003237951807228856
diffusion_step,3901,-0.023945783132530096
diffusion_step,3902,-0.0010542168674698704
diffusion_step,3903,0.0022590361445783413
diffusion_step,3904,-0.015060240963855498
diffusion_step,3905,-0.0024096385542168863
diffusion_step,3906,-0.008358433734939774
diffusion_step,3907,-0.004518072289156627
diffusion_step,3908,-0.0019578313253011403
diffusion_step,3909,-0.01099397590361445
diffusion_step,3910,0.0006777108433734247
diffusion_step,3911,0.010692771084337305
diffusion_step,3912,0.017093373493975883
diffusion_step,3913,0.002108433734939741
diffusion_step,3914,0.0028614457831325213
diffusion_step,3915,0.002710843373494032
diffusion_step,3916,0.017846385542168663
diffusion_step,3917,0.008358433734939719
diffusion_step,3918,-0.007831325301204894
diffusion_step,3919,0.0013554216867469604
diffusion_step,3920,0.0034638554216867012
diffusion_step,3921,-0.020406626506024095
diffusion_step,3922,0.004819277108433773
diffusion_step,3923,-0.006626506024096368
diffusion_step,3924,0.005271084337349352
diffusion_step,3925,-0.005195783132530163
diffusion_step,3926,-0.016867469879518038
diffusion_step,3927,-0.005948795180722943
diffusion_step,3928,-0.008960843373493954
diffusion_step,3929,0.022063253012048145
diffusion_step,3930,-0.01144578313253014
diffusion_step,3931,-0.007304216867469904
diffusion_step,3932,-0.004066265060240937
diffusion_step,3933,-0.014457831325301262
diffusion_step,3934,-0.03403614457831328
diffusion_step,3935,-0.017545180722891518
diffusion_step,3936,-0.013403614457831281
diffusion_step,3937,0.0042921686746988374
diffusion_step,3938,0.009412650602409589
diffusion_step,3939,0.011746987951807286
diffusion_step,3940,0.015662650602409567
diffusion_step,3941,0.025301204819277
diffusion_step,3942,-0.016189759036144558
diffusion_step,3943,0.00022590361445784524
diffusion_step,3944,-0.005346385542168597
diffusion_step,3945,0.001807228915662762
diffusion_step,3946,-0.016114457831325257
diffusion_step,3947,-0.009186746987951855
diffusion_step,3948,-0.0031626506024096668
diffusion_step,3949,0.005948795180722888
diffusion_step,3950,-0.006777108433734913
diffusion_step,3951,-0.0009789156626505702
diffusion_step,3952,-0.006701807228915724
diffusion_step,3953,0.006852409638554269
diffusion_step,3954,-0.003915662650602447
diffusion_step,3955,0.007680722891566294
diffusion_step,3956,-0.0019578313253011403
diffusion_step,3957,0.007756024096385539
diffusion_step,3958,-0.0011295180722891707
diffusion_step,3959,-0.023268072289156616
diffusion_step,3960,0.005271084337349352
diffusion_step,3961,-0.007605421686746994
diffusion_step,3962,0.005496987951807197
diffusion_step,3963,0.014608433734939696
diffusion_step,3964,0.012048192771084265
diffusion_step,3965,0.0030873493975903665
diffusion_step,3966,-0.0006777108433735357
diffusion_step,3967,0.0028614457831325213
diffusion_step,3968,-0.001506024096385561
diffusion_step,3969,-0.0075301204819276935
diffusion_step,3970,0.004141566265060237
diffusion_step,3971,-0.012876506024096401
diffusion_step,3972,-0.01882530120481929
diffusion_step,3973,0.0014307228915662051
diffusion_step,3974,-0.015737951807228923
diffusion_step,3975,-0.004216867469879537
diffusion_step,3976,0.02183734939759041
diffusion_step,3977,0.004367469879518082
diffusion_step,3978,0.003012048192771122
diffusion_step,3979,0.0027861445783132766
diffusion_step,3980,-0.011822289156626531
diffusion_step,3981,-0.015963855421686768
diffusion_step,3982,-0.0027861445783132766
diffusion_step,3983,0.005421686746987953
diffusion_step,3984,0.005271084337349352
diffusion_step,3985,-0.023418674698795106
diffusion_step,3986,-0.006174698795180733
diffusion_step,3987,0.014909638554216786
diffusion_step,3988,-0.011370481927710785
diffusion_step,3989,0.015286144578313232
diffusion_step,3990,-0.0031626506024096668
diffusion_step,3991,-0.005195783132530163
diffusion_step,3992,-0.009638554216867545
diffusion_step,3993,0.004819277108433773
diffusion_step,3994,-0.007906626506024084
diffusion_step,3995,-0.0019578313253011403
diffusion_step,3996,0.004593373493975927
diffusion_step,3997,-0.01874999999999999
diffusion_step,3998,0.0024849397590361866
diffusion_step,3999,-0.01995481927710846
diffusion_step,4000,-0.021686746987951755
diffusion_step,4001,-0.006174698795180733
diffusion_step,4002,-0.0012801204819277712
diffusion_step,4003,0.015662650602409567
diffusion_step,4004,0.017846385542168663
diffusion_step,4005,-0.01814759036144581
diffusion_step,4006,0.0036897590361445465
diffusion_step,4007,0.01641566265060246
diffusion_step,4008,-0.01242469879518071
diffusion_step,4009,-0.006777108433734913
diffusion_step,4010,-0.006099397590361488
diffusion_step,4011,-0.002936746987951766
diffusion_step,4012,-0.009111445783132555
diffusion_step,4013,-0.007454819277108393
diffusion_step,4014,0.016114457831325257
diffusion_step,4015,0.004743975903614417
diffusion_step,4016,0.004367469879518082
diffusion_step,4017,0.0036897590361445465
diffusion_step,4018,-0.006551204819277123
diffusion_step,4019,-0.01204819277108432
diffusion_step,4020,-0.011897590361445776
diffusion_step,4021,0.012801204819277157
diffusion_step,4022,0.02274096385542168
diffusion_step,4023,0.0
diffusion_step,4024,-0.0033885542168674565
diffusion_step,4025,-0.0004518072289156905
diffusion_step,4026,-0.009638554216867434
diffusion_step,4027,0.017921686746987908
diffusion_step,4028,0.006852409638554269
diffusion_step,4029,-0.002635542168674676
diffusion_step,4030,0.011295180722891596
diffusion_step,4031,0.0009789156626505147
diffusion_step,4032,-0.002484939759036131
diffusion_step,4033,-0.01649096385542176
diffusion_step,4034,-0.009186746987951855
diffusion_step,4035,-0.01046686746987957
diffusion_step,4036,-0.006249999999999978
diffusion_step,4037,0.0219879518072289
diffusion_step,4038,0.006174698795180733
diffusion_step,4039,-0.0015813253012048611
diffusion_step,4040,0.01882530120481929
diffusion_step,4041,0.0018072289156626509
diffusion_step,4042,0.007003012048192758
diffusion_step,4043,-0.0030120481927710663
diffusion_step,4044,0.012198795180722977
diffusion_step,4045,-0.010015060240963825
diffusion_step,4046,0.002108433734939741
diffusion_step,4047,-0.0073795180722891485
diffusion_step,4048,0.0014307228915662051
diffusion_step,4049,-0.014231927710843362
diffusion_step,4050,0.0033132530120482118
diffusion_step,4051,0.003012048192771122
diffusion_step,4052,0.009638554216867434
diffusion_step,4053,0.00022590361445784524
diffusion_step,4054,0.01242469879518071
diffusion_step,4055,0.014533132530120452
diffusion_step,4056,0.0016566265060241614
diffusion_step,4057,0.01106927710843375
diffusion_step,4058,-0.005195783132530107
diffusion_step,4059,-0.010768072289156605
diffusion_step,4060,-0.017168674698795128
diffusion_step,4061,0.015436746987951833
diffusion_step,4062,-0.00030120481927709
diffusion_step,4063,-0.0254518072289156
diffusion_step,4064,-0.004518072289156627
diffusion_step,4065,0.009111445783132499
diffusion_step,4066,-0.0005271084337349907
diffusion_step,4067,-0.007605421686746994
diffusion_step,4068,-0.01385542168674686
diffusion_step,4069,-0.011144578313252995
diffusion_step,4070,0.0007530120481927804
diffusion_step,4071,-0.022213855421686746
diffusion_step,4072,0.034036144578313166
diffusion_step,4073,0.00790662650602414
diffusion_step,4074,-0.01227409638554211
diffusion_step,4075,0.00060240963855418
diffusion_step,4076,-0.00030120481927709
diffusion_step,4077,-0.008283132530120474
diffusion_step,4078,-0.0017319277108433506
diffusion_step,4079,0.003237951807228856
diffusion_step,4080,-0.0012801204819277712
diffusion_step,4081,-0.0007530120481927804
diffusion_step,4082,0.01137048192771084
diffusion_step,4083,0.006852409638554269
diffusion_step,4084,0.0024849397590360756
diffusion_step,4085,0.011144578313252995
diffusion_step,4086,-0.01167168674698793
diffusion_step,4087,-0.005120481927710918
diffusion_step,4088,0.00835843373493983
diffusion_step,4089,-0.007454819277108393
diffusion_step,4090,0.005271084337349352
diffusion_step,4091,-0.000903614457831381
diffusion_step,4092,0.004066265060240992
diffusion_step,4093,0.0022590361445783413
diffusion_step,4094,0.015737951807228923
diffusion_step,4095,-0.01762048192771093
diffusion_step,4096,0.004141566265060237
diffusion_step,4097,-0.01129518072289154
diffusion_step,4098,-0.005647590361445798
diffusion_step,4099,7.530120481924474e-05
diffusion_step,4100,-0.025075301204819267
diffusion_step,4101,0.01671686746987955
diffusion_step,4102,0.009186746987951855
diffusion_step,4103,0.0092620481927711
diffusion_step,4104,-0.005421686746987897
diffusion_step,4105,0.019503012048192825
diffusion_step,4106,-0.0027108433734939763
diffusion_step,4107,-0.01912650602409638
diffusion_step,4108,0.014382530120482073
diffusion_step,4109,0.007304216867469959
diffusion_step,4110,-0.026807228915662673
diffusion_step,4111,-0.016942771084337338
diffusion_step,4112,0.0019578313253012514
diffusion_step,4113,-0.005873493975903588
diffusion_step,4114,0.005948795180722999
diffusion_step,4115,0.009789156626506035
diffusion_step,4116,-0.010692771084337305
diffusion_step,4117,-0.006174698795180733
diffusion_step,4118,0.004141566265060237
diffusion_step,4119,0.014683734939759052
diffusion_step,4120,0.012575301204819311
diffusion_step,4121,-0.016189759036144558
diffusion_step,4122,0.01152108433734933
diffusion_step,4123,0.010240963855421614
diffusion_step,4124,-0.008433734939759074
diffusion_step,4125,-0.010542168674698815
diffusion_step,4126,0.0017319277108432951
diffusion_step,4127,-0.007981927710843328
diffusion_step,4128,0.0005271084337349352
diffusion_step,4129,-0.004442771084337327
diffusion_step,4130,0.01197289156626502
diffusion_step,4131,0.0008283132530121362
diffusion_step,4132,-0.006551204819277123
diffusion_step,4133,0.005496987951807197
diffusion_step,4134,0.003539156626506057
diffusion_step,4135,-0.007454819277108393
diffusion_step,4136,0.0018825301204818956
diffusion_step,4137,-0.006400602409638578
diffusion_step,4138,0.016942771084337394
diffusion_step,4139,0.0005271084337349352
diffusion_step,4140,0.004743975903614417
diffusion_step,4141,-0.006777108433734913
diffusion_step,4142,-0.004668674698795117
diffusion_step,4143,-0.0037650602409638467
diffusion_step,4144,0.00805722891566274
diffusion_step,4145,-0.025000000000000022
diffusion_step,4146,0.0014307228915662051
diffusion_step,4147,-0.0033885542168674565
diffusion_step,4148,-0.012801204819277101
diffusion_step,4149,0.011822289156626531
diffusion_step,4150,0.005421686746987953
diffusion_step,4151,-0.01882530120481929
diffusion_step,4152,-0.0033132530120481563
diffusion_step,4153,-0.02115963855421682
diffusion_step,4154,-0.0038403614457830915
diffusion_step,4155,0.013328313253012092
diffusion_step,4156,0.015286144578313232
diffusion_step,4157,0.006852409638554269
diffusion_step,4158,-7.530120481930025e-05
diffusion_step,4159,-0.0006777108433735357
diffusion_step,4160,-0.011521084337349385
diffusion_step,4161,0.007153614457831359
diffusion_step,4162,-0.011144578313252995
diffusion_step,4163,0.014834337349397653
diffusion_step,4164,0.004216867469879482
diffusion_step,4165,-0.004593373493975927
diffusion_step,4166,-0.0009036144578312699
diffusion_step,4167,-0.003915662650602447
diffusion_step,4168,-0.01709337349397594
diffusion_step,4169,0.007003012048192758
diffusion_step,4170,-0.006777108433734913
diffusion_step,4171,-0.0126506024096385
diffusion_step,4172,-0.004442771084337438
diffusion_step,4173,-0.005572289156626498
diffusion_step,4174,-0.004216867469879426
diffusion_step,4175,0.01137048192771084
diffusion_step,4176,-0.004969879518072318
diffusion_step,4177,-0.027560240963855454
diffusion_step,4178,-0.0027108433734939763
diffusion_step,4179,-0.01227409638554211
diffusion_step,4180,-0.0009789156626505702
diffusion_step,4181,0.006099397590361377
diffusion_step,4182,-0.011822289156626531
diffusion_step,4183,-0.017018072289156583
diffusion_step,4184,0.01152108433734933
diffusion_step,4185,-0.01174698795180723
diffusion_step,4186,-0.0013554216867469604
diffusion_step,4187,0.025376506024096468
diffusion_step,4188,-0.01807228915662651
diffusion_step,4189,-0.006701807228915668
diffusion_step,4190,0.0075301204819276935
diffusion_step,4191,-0.0069277108433735135
diffusion_step,4192,0.00060240963855418
diffusion_step,4193,-0.016039156626506013
diffusion_step,4194,-0.013478915662650581
diffusion_step,4195,-0.008810240963855465
diffusion_step,4196,-0.023945783132530096
diffusion_step,4197,-0.010542168674698815
diffusion_step,4198,-0.0017319277108433506
diffusion_step,4199,-0.022439759036144535
diffusion_step,4200,-0.0039909638554217475
diffusion_step,4201,-0.021611445783132566
diffusion_step,4202,-0.0005271084337349907
diffusion_step,4203,-0.01069277108433736
diffusion_step,4204,0.014759036144578297
diffusion_step,4205,0.013403614457831337
diffusion_step,4206,0.01897590361445789
diffusion_step,4207,0.004969879518072262
diffusion_step,4208,-0.008207831325301285
diffusion_step,4209,0.0014307228915662051
diffusion_step,4210,-0.004593373493975816
diffusion_step,4211,-0.012349397590361522
diffusion_step,4212,-0.0027861445783132766
diffusion_step,4213,0.013478915662650581
diffusion_step,4214,0.0037650602409639022
diffusion_step,4215,0.00120481927710836
diffusion_step,4216,-0.013780120481927782
diffusion_step,4217,-0.0075301204819276935
diffusion_step,4218,-0.007605421686746994
diffusion_step,4219,-0.006852409638554213
diffusion_step,4220,-0.012650602409638612
diffusion_step,4221,-0.01106927710843375
diffusion_step,4222,-0.0127259036144578
diffusion_step,4223,-0.004668674698795117
diffusion_step,4224,-0.013855421686746971
diffusion_step,4225,-0.01769578313253012
diffusion_step,4226,0.004668674698795172
diffusion_step,4227,0.013478915662650581
diffusion_step,4228,-0.007906626506024084
diffusion_step,4229,-0.0030873493975903665
diffusion_step,4230,-0.011219879518072295
diffusion_step,4231,0.004141566265060237
diffusion_step,4232,-0.020030120481927705
diffusion_step,4233,0.0030873493975903665
diffusion_step,4234,0.005798192771084398
diffusion_step,4235,0.006174698795180733
diffusion_step,4236,0.003012048192771122
diffusion_step,4237,0.01076807228915666
diffusion_step,4238,-0.023117469879518016
diffusion_step,4239,0.016566265060240948
diffusion_step,4240,-0.027635542168674754
diffusion_step,4241,0.005271084337349352
diffusion_step,4242,-0.0034638554216867012
diffusion_step,4243,0.010843373493976016
diffusion_step,4244,-0.004066265060240937
diffusion_step,4245,0.002409638554216942
diffusion_step,4246,0.006551204819277179
diffusion_step,4247,0.007078313253011892
diffusion_step,4248,0.004518072289156572
diffusion_step,4249,-0.009186746987951855
diffusion_step,4250,-0.0036144578313252462
diffusion_step,4251,-0.008734939759036053
diffusion_step,4252,0.0037650602409639022
diffusion_step,4253,0.004442771084337327
diffusion_step,4254,0.007680722891566294
diffusion_step,4255,0.003012048192771122
diffusion_step,4256,0.012876506024096401
diffusion_step,4257,0.00790662650602414
diffusion_step,4258,0.007078313253012003
diffusion_step,4259,-0.011897590361445776
diffusion_step,4260,-0.01144578313253014
diffusion_step,4261,-0.005421686746988008
diffusion_step,4262,-0.003915662650602336
diffusion_step,4263,0.006701807228915779
diffusion_step,4264,-0.013629518072289182
diffusion_step,4265,0.01167168674698793
diffusion_step,4266,0.015662650602409567
diffusion_step,4267,0.002936746987951766
diffusion_step,4268,0.0016566265060241614
diffusion_step,4269,0.0066265060240963125
diffusion_step,4270,0.0016566265060241614
diffusion_step,4271,0.009337349397590344
diffusion_step,4272,-0.0075301204819276935
diffusion_step,4273,0.009036144578313254
diffusion_step,4274,-0.012951807228915702
diffusion_step,4275,0.015587349397590433
diffusion_step,4276,-0.005421686746988008
diffusion_step,4277,0.012876506024096401
diffusion_step,4278,-0.016566265060240948
diffusion_step,4279,-0.001506024096385561
diffusion_step,4280,0.003539156626506057
diffusion_step,4281,-0.009864457831325335
diffusion_step,4282,-0.001204819277108471
diffusion_step,4283,0.015361445783132477
diffusion_step,4284,0.006174698795180733
diffusion_step,4285,-0.016189759036144558
diffusion_step,4286,0.008283132530120474
diffusion_step,4287,-0.005572289156626553
diffusion_step,4288,-0.015286144578313232
diffusion_step,4289,-0.0014307228915662606
diffusion_step,4290,0.01016566265060237
diffusion_step,4291,0.000602409638554291
diffusion_step,4292,0.0009789156626505147
diffusion_step,4293,0.003915662650602392
diffusion_step,4294,0.011822289156626531
diffusion_step,4295,-0.0027861445783132766
diffusion_step,4296,-0.014834337349397597
diffusion_step,4297,0.008132530120481873
diffusion_step,4298,-0.003840361445783147
diffusion_step,4299,-0.01807228915662651
diffusion_step,4300,0.03403614457831328
diffusion_step,4301,-0.0036144578313252462
diffusion_step,4302,-0.0039909638554216365
diffusion_step,4303,-0.000602409638554291
diffusion_step,4304,-0.013177710843373491
diffusion_step,4305,0.005948795180722888
diffusion_step,4306,0.0022590361445783413
diffusion_step,4307,-0.001204819277108471
diffusion_step,4308,0.0005271084337349352
diffusion_step,4309,-0.008659638554216864
diffusion_step,4310,-0.0024096385542168863
diffusion_step,4311,-0.008132530120481984
diffusion_step,4312,0.010843373493976016
diffusion_step,4313,0.00865963855421692
diffusion_step,4314,-0.016566265060240948
diffusion_step,4315,-0.0017319277108433506
diffusion_step,4316,0.01076807228915655
diffusion_step,4317,-0.002259036144578286
diffusion_step,4318,0.0012801204819277157
diffusion_step,4319,-0.005120481927710918
diffusion_step,4320,0.013478915662650581
diffusion_step,4321,0.0069277108433735135
diffusion_step,4322,-0.005722891566264987
diffusion_step,4323,0.012349397590361466
diffusion_step,4324,-0.003539156626506057
diffusion_step,4325,0.0033885542168674565
diffusion_step,4326,-0.022740963855421736
diffusion_step,4327,0.009939759036144635
diffusion_step,4328,-0.00030120481927709
diffusion_step,4329,0.0016566265060240504
diffusion_step,4330,-0.002936746987951766
diffusion_step,4331,-0.002259036144578286
diffusion_step,4332,-0.0003765060240963902
diffusion_step,4333,-0.005120481927710807
diffusion_step,4334,0.0028614457831325213
diffusion_step,4335,-0.00060240963855418
diffusion_step,4336,0.00030120481927709
diffusion_step,4337,0.010542168674698815
diffusion_step,4338,-0.00120481927710836
diffusion_step,4339,-0.004969879518072318
diffusion_step,4340,-0.006475903614457823
diffusion_step,4341,-0.007605421686746938
diffusion_step,4342,0.01332831325301198
diffusion_step,4343,-0.004668674698795228
diffusion_step,4344,0.01807228915662651
diffusion_step,4345,-0.005647590361445798
diffusion_step,4346,0.004216867469879593
diffusion_step,4347,0.0016566265060241614
diffusion_step,4348,0.0018825301204818956
diffusion_step,4349,-0.01227409638554211
diffusion_step,4350,0.0034638554216868123
diffusion_step,4351,-0.0070783132530120585
diffusion_step,4352,0.01046686746987946
diffusion_step,4353,-0.004819277108433828
diffusion_step,4354,-0.0004518072289156905
diffusion_step,4355,0.005421686746987953
diffusion_step,4356,0.0006777108433735357
diffusion_step,4357,-0.013554216867469882
diffusion_step,4358,0.002936746987951766
diffusion_step,4359,-0.0016566265060241059
diffusion_step,4360,-0.0003765060240963902
diffusion_step,4361,0.005045180722891618
diffusion_step,4362,-0.009638554216867545
diffusion_step,4363,0.0011295180722891152
diffusion_step,4364,-0.005045180722891507
diffusion_step,4365,0.0033132530120482118
diffusion_step,4366,-0.014683734939759052
diffusion_step,4367,0.0009789156626506257
diffusion_step,4368,-0.01159638554216863
diffusion_step,4369,0.004668674698795172
diffusion_step,4370,-0.029292168674698804
diffusion_step,4371,-0.002484939759036131
diffusion_step,4372,0.002936746987951766
diffusion_step,4373,-0.0023343373493975306
diffusion_step,4374,0.0036144578313253017
diffusion_step,4375,0.013780120481927671
diffusion_step,4376,-0.009638554216867545
diffusion_step,4377,-0.01920180722891568
diffusion_step,4378,0.016942771084337394
diffusion_step,4379,0.01746987951807233
diffusion_step,4380,-0.020030120481927705
diffusion_step,4381,0.012951807228915646
diffusion_step,4382,-0.01784638554216872
diffusion_step,4383,-0.010240963855421614
diffusion_step,4384,0.02033132530120485
diffusion_step,4385,-0.026204819277108382
diffusion_step,4386,-0.002183734939759041
diffusion_step,4387,0.00120481927710836
diffusion_step,4388,-0.014382530120482018
diffusion_step,4389,0.015963855421686768
diffusion_step,4390,0.007981927710843384
diffusion_step,4391,0.013855421686747027
diffusion_step,4392,0.007831325301204894
diffusion_step,4393,-0.020481927710843395
diffusion_step,4394,-0.006777108433734913
diffusion_step,4395,0.0072289156626504925
diffusion_step,4396,0.006852409638554158
diffusion_step,4397,-0.005421686746988008
diffusion_step,4398,0.00045180722891557945
diffusion_step,4399,0.004668674698795172
diffusion_step,4400,-0.003539156626506057
diffusion_step,4401,0.004066265060240992
diffusion_step,4402,-0.0015813253012048611
diffusion_step,4403,-0.0033132530120482673
diffusion_step,4404,0.0024849397590360756
diffusion_step,4405,0.0018072289156626509
diffusion_step,4406,0.002108433734939741
diffusion_step,4407,0.005722891566265043
diffusion_step,4408,-0.013629518072289182
diffusion_step,4409,-0.0126506024096385
diffusion_step,4410,0.0017319277108432951
diffusion_step,4411,0.012876506024096401
diffusion_step,4412,0.010090361445783125
diffusion_step,4413,0.003539156626506057
diffusion_step,4414,0.010843373493976016
diffusion_step,4415,-0.0061746987951806775
diffusion_step,4416,0.004969879518072262
diffusion_step,4417,-0.004442771084337327
diffusion_step,4418,-0.0013554216867469604
diffusion_step,4419,0.0034638554216868123
diffusion_step,4420,0.003539156626505946
diffusion_step,4421,-0.004593373493975927
diffusion_step,4422,-0.005346385542168708
diffusion_step,4423,0.011144578313252995
diffusion_step,4424,-0.00022590361445790075
diffusion_step,4425,-0.025602409638554202
diffusion_step,4426,-0.014081325301204872
diffusion_step,4427,-0.008885542168674654
diffusion_step,4428,0.008885542168674654
diffusion_step,4429,0.002710843373494032
diffusion_step,4430,0.005195783132529996
diffusion_step,4431,-0.0007530120481927804
diffusion_step,4432,7.530120481924474e-05
diffusion_step,4433,-0.013629518072289182
diffusion_step,4434,-0.004442771084337438
diffusion_step,4435,-0.009563253012048245
diffusion_step,4436,-0.021084337349397575
diffusion_step,4437,0.0009789156626505147
diffusion_step,4438,-0.011972891566265131
diffusion_step,4439,0.005195783132530218
diffusion_step,4440,-0.014382530120481851
diffusion_step,4441,0.005798192771084398
diffusion_step,4442,0.0010542168674699814
diffusion_step,4443,-0.005572289156626498
diffusion_step,4444,-0.004969879518072318
diffusion_step,4445,0.012500000000000067
diffusion_step,4446,-0.005647590361445798
diffusion_step,4447,0.007003012048192758
diffusion_step,4448,-0.020632530120481996
diffusion_step,4449,0.008132530120481873
diffusion_step,4450,-0.01950301204819277
diffusion_step,4451,-0.004518072289156627
diffusion_step,4452,-0.006325301204819278
diffusion_step,4453,-0.0021837349397590966
diffusion_step,4454,-0.003915662650602336
diffusion_step,4455,-0.017545180722891518
diffusion_step,4456,-0.005572289156626553
diffusion_step,4457,-0.007454819277108393
diffusion_step,4458,0.014683734939759052
diffusion_step,4459,-0.0018072289156626509
diffusion_step,4460,-0.005572289156626498
diffusion_step,4461,-0.010768072289156605
diffusion_step,4462,-0.024021084337349452
diffusion_step,4463,-0.014457831325301262
diffusion_step,4464,-0.0015060240963856164
diffusion_step,4465,-0.003915662650602336
diffusion_step,4466,0.020406626506023984
diffusion_step,4467,-0.015813253012048167
diffusion_step,4468,-0.0069277108433735135
diffusion_step,4469,0.015361445783132477
diffusion_step,4470,-0.0070783132530120585
diffusion_step,4471,-0.008283132530120474
diffusion_step,4472,-0.007078313253012114
diffusion_step,4473,0.002936746987951766
diffusion_step,4474,-0.004894578313253017
diffusion_step,4475,0.0004518072289156905
diffusion_step,4476,-0.022740963855421736
diffusion_step,4477,-0.003087349397590311
diffusion_step,4478,-0.013253012048192792
diffusion_step,4479,-0.0014307228915662606
diffusion_step,4480,0.0066265060240963125
diffusion_step,4481,-0.002635542168674676
diffusion_step,4482,0.0001506024096386005
diffusion_step,4483,-0.015737951807228923
diffusion_step,4484,-0.01611445783132537
diffusion_step,4485,0.011295180722891596
diffusion_step,4486,-0.008509036144578264
diffusion_step,4487,-0.013780120481927671
diffusion_step,4488,-0.007078313253012114
diffusion_step,4489,0.001506024096385561
diffusion_step,4490,-0.004367469879518027
diffusion_step,4491,-0.01137048192771084
diffusion_step,4492,0.0009789156626505147
diffusion_step,4493,-0.016490963855421648
diffusion_step,4494,0.006400602409638578
diffusion_step,4495,0.027710843373493943
diffusion_step,4496,0.004894578313253017
diffusion_step,4497,0.005120481927710863
diffusion_step,4498,0.02394578313253004
diffusion_step,4499,0.010015060240963769
diffusion_step,4500,0.01807228915662651
diffusion_step,4501,0.014231927710843473
diffusion_step,4502,-0.005195783132530163
diffusion_step,4503,0.014759036144578297
diffusion_step,4504,0.02108433734939763
diffusion_step,4505,0.011822289156626531
diffusion_step,4506,-0.008584337349397508
diffusion_step,4507,-0.008885542168674654
diffusion_step,4508,0.0006777108433734247
diffusion_step,4509,-0.015210843373493987
diffusion_step,4510,-0.012274096385542221
diffusion_step,4511,-0.008358433734939663
diffusion_step,4512,-0.008132530120481873
diffusion_step,4513,-0.03125
diffusion_step,4514,-0.023945783132530096
diffusion_step,4515,0.000903614457831381
diffusion_step,4516,-0.014307228915662662
diffusion_step,4517,0.003237951807228967
diffusion_step,4518,-0.001506024096385561
diffusion_step,4519,-0.0018825301204819511
diffusion_step,4520,-0.023117469879518127
diffusion_step,4521,-0.01709337349397594
diffusion_step,4522,0.007304216867469848
diffusion_step,4523,0.01106927710843375
diffusion_step,4524,-0.010466867469879515
diffusion_step,4525,-0.002259036144578286
diffusion_step,4526,-0.01242469879518071
diffusion_step,4527,0.0006777108433734247
diffusion_step,4528,-0.004518072289156627
diffusion_step,4529,-0.009186746987951855
diffusion_step,4530,-0.007680722891566294
diffusion_step,4531,-0.01144578313253014
diffusion_step,4532,-0.021234939759036175
diffusion_step,4533,-0.01144578313253014
diffusion_step,4534,-0.0014307228915662606
diffusion_step,4535,0.02123493975903623
diffusion_step,4536,0.02334337349397586
diffusion_step,4537,-0.006400602409638578
diffusion_step,4538,-0.015210843373493987
diffusion_step,4539,-0.016942771084337338
diffusion_step,4540,0.02673192771084343
diffusion_step,4541,0.009186746987951855
diffusion_step,4542,0.0018825301204818956
diffusion_step,4543,0.0033132530120482118
diffusion_step,4544,0.0008283132530121362
diffusion_step,4545,0.010692771084337416
diffusion_step,4546,0.01302710843373489
diffusion_step,4547,-0.016189759036144558
diffusion_step,4548,-0.004894578313253017
diffusion_step,4549,0.0034638554216868123
diffusion_step,4550,0.0016566265060241614
diffusion_step,4551,-0.0033885542168674565
diffusion_step,4552,-0.004518072289156627
diffusion_step,4553,-0.015361445783132588
diffusion_step,4554,-0.009036144578313254
diffusion_step,4555,0.008810240963855409
diffusion_step,4556,-0.004819277108433717
diffusion_step,4557,-0.010391566265060215
diffusion_step,4558,0.0060240963855421326
diffusion_step,4559,-0.01167168674698793
diffusion_step,4560,0.016566265060240948
diffusion_step,4561,0.01777108433734942
diffusion_step,4562,0.009186746987951855
diffusion_step,4563,0.008132530120481873
diffusion_step,4564,0.007304216867469959
diffusion_step,4565,7.530120481935576e-05
diffusion_step,4566,-0.003915662650602336
diffusion_step,4567,-0.007078313253012114
diffusion_step,4568,-0.011069277108433695
diffusion_step,4569,0.025677710843373558
diffusion_step,4570,-0.008358433734939663
diffusion_step,4571,0.0022590361445783413
diffusion_step,4572,0.00015060240963848948
diffusion_step,4573,-0.016641566265060193
diffusion_step,4574,0.002108433734939741
diffusion_step,4575,-0.025225903614457812
diffusion_step,4576,-0.0063253012048193336
diffusion_step,4577,0.005572289156626442
diffusion_step,4578,-0.006099397590361488
diffusion_step,4579,0.015587349397590433
diffusion_step,4580,0.005195783132530218
diffusion_step,4581,-0.01129518072289154
diffusion_step,4582,-0.005722891566265098
diffusion_step,4583,0.021310240963855365
diffusion_step,4584,0.0027861445783132766
diffusion_step,4585,0.018147590361445753
diffusion_step,4586,-0.0025602409638554313
diffusion_step,4587,0.00835843373493983
diffusion_step,4588,-0.04322289156626513
diffusion_step,4589,0.007379518072289093
diffusion_step,4590,0.003237951807228967
diffusion_step,4591,-0.011897590361445776
diffusion_step,4592,-0.0006777108433734802
diffusion_step,4593,0.01912650602409638
diffusion_step,4594,-0.007756024096385483
diffusion_step,4595,-0.005496987951807197
diffusion_step,4596,-0.01227409638554211
diffusion_step,4597,0.002710843373493921
diffusion_step,4598,-0.03170180722891569
diffusion_step,4599,0.004894578313253017
diffusion_step,4600,-0.007454819277108393
diffusion_step,4601,-0.006551204819277123
diffusion_step,4602,-0.006475903614457823
diffusion_step,4603,0.011822289156626531
diffusion_step,4604,0.002635542168674676
diffusion_step,4605,0.01046686746987946
diffusion_step,4606,-0.03019578313253013
diffusion_step,4607,0.005496987951807197
diffusion_step,4608,-0.0012048192771085264
diffusion_step,4609,0.0028614457831325213
diffusion_step,4610,0.0075301204819276935
diffusion_step,4611,-0.005421686746988008
diffusion_step,4612,0.0013554216867469604
diffusion_step,4613,0.012650602409638556
diffusion_step,4614,0.009713855421686679
diffusion_step,4615,-0.01656626506024106
diffusion_step,4616,-0.004141566265060237
diffusion_step,4617,-0.011822289156626531
diffusion_step,4618,-0.008810240963855465
diffusion_step,4619,-0.01137048192771084
diffusion_step,4620,0.01972891566265067
diffusion_step,4621,0.01001506024096388
diffusion_step,4622,-0.009789156626506035
diffusion_step,4623,0.004442771084337327
diffusion_step,4624,-0.009337349397590344
diffusion_step,4625,0.007831325301204783
diffusion_step,4626,0.004743975903614417
diffusion_step,4627,-0.017243975903614428
diffusion_step,4628,0.007981927710843384
diffusion_step,4629,7.530120481924474e-05
diffusion_step,4630,-0.012876506024096401
diffusion_step,4631,-0.00022590361445778973
diffusion_step,4632,-0.0033885542168674565
diffusion_step,4633,0.0219879518072289
diffusion_step,4634,-0.003840361445783147
diffusion_step,4635,-0.013328313253012092
diffusion_step,4636,-0.012123493975903621
diffusion_step,4637,-0.006927710843373458
diffusion_step,4638,0.003539156626506057
diffusion_step,4639,0.017695783132530174
diffusion_step,4640,-0.025828313253011992
diffusion_step,4641,-0.0064759036144577675
diffusion_step,4642,-0.016340361445783158
diffusion_step,4643,0.0008283132530120252
diffusion_step,4644,-0.0003765060240963902
diffusion_step,4645,-0.015587349397590378
diffusion_step,4646,-0.0036897590361445465
diffusion_step,4647,0.013328313253012092
diffusion_step,4648,0.0019578313253012514
diffusion_step,4649,0.009939759036144635
diffusion_step,4650,-0.007605421686746938
diffusion_step,4651,0.002635542168674676
diffusion_step,4652,-0.00060240963855418
diffusion_step,4653,0.009789156626506035
diffusion_step,4654,-0.004668674698795228
diffusion_step,4655,-0.01167168674698793
diffusion_step,4656,-0.0036897590361446575
diffusion_step,4657,0.006099397590361377
diffusion_step,4658,-0.01204819277108432
diffusion_step,4659,-0.005271084337349408
diffusion_step,4660,0.024623493975903576
diffusion_step,4661,-0.005045180722891618
diffusion_step,4662,0.004066265060240992
diffusion_step,4663,-0.023569277108433706
diffusion_step,4664,0.019352409638554224
diffusion_step,4665,0.001506024096385561
diffusion_step,4666,0.015060240963855387
diffusion_step,4667,0.01091867469879515
diffusion_step,4668,0.009487951807228834
diffusion_step,4669,-0.006099397590361377
diffusion_step,4670,0.005195783132530218
diffusion_step,4671,-0.000903614457831381
diffusion_step,4672,-0.0030120481927710663
diffusion_step,4673,0.00022590361445784524
diffusion_step,4674,-0.009563253012048245
diffusion_step,4675,0.024322289156626486
diffusion_step,4676,0.008433734939759074
diffusion_step,4677,0.027560240963855454
diffusion_step,4678,0.002334337349397586
diffusion_step,4679,0.0024849397590360756
diffusion_step,4680,0.004894578313253017
diffusion_step,4681,0.00986445783132528
diffusion_step,4682,0.015813253012048167
diffusion_step,4683,0.010240963855421614
diffusion_step,4684,0.0036144578313253017
diffusion_step,4685,0.00986445783132528
diffusion_step,4686,0.0025602409638554313
diffusion_step,4687,-0.0013554216867469604
diffusion_step,4688,0.009036144578313254
diffusion_step,4689,-0.004066265060241048
diffusion_step,4690,-0.015060240963855442
diffusion_step,4691,-0.007906626506024084
diffusion_step,4692,0.005195783132530107
diffusion_step,4693,-0.008584337349397564
diffusion_step,4694,-0.01762048192771093
diffusion_step,4695,-0.002259036144578286
diffusion_step,4696,-0.013930722891566272
diffusion_step,4697,0.009713855421686679
diffusion_step,4698,-0.0027108433734939763
diffusion_step,4699,0.026204819277108382
diffusion_step,4700,-0.0012048192771085264
diffusion_step,4701,0.014533132530120563
diffusion_step,4702,-0.01950301204819277
diffusion_step,4703,-0.007003012048192758
diffusion_step,4704,0.003237951807228856
diffusion_step,4705,0.009337349397590344
diffusion_step,4706,0.005948795180722999
diffusion_step,4707,0.002334337349397475
diffusion_step,4708,0.006701807228915668
diffusion_step,4709,-0.014307228915662662
diffusion_step,4710,0.010090361445783125
diffusion_step,4711,-0.007981927710843328
diffusion_step,4712,-0.007906626506024084
diffusion_step,4713,0.00865963855421692
diffusion_step,4714,0.0013554216867469604
diffusion_step,4715,0.0033885542168674565
diffusion_step,4716,-0.0025602409638554313
diffusion_step,4717,0.01121987951807224
diffusion_step,4718,0.002108433734939741
diffusion_step,4719,-0.008810240963855465
diffusion_step,4720,-0.03057228915662663
diffusion_step,4721,-0.009939759036144635
diffusion_step,4722,-0.0007530120481927804
diffusion_step,4723,0.0031626506024097223
diffusion_step,4724,0.004066265060240992
diffusion_step,4725,-0.009487951807228945
diffusion_step,4726,-0.008207831325301285
diffusion_step,4727,-0.002635542168674676
diffusion_step,4728,-0.012951807228915702
diffusion_step,4729,0.005271084337349352
diffusion_step,4730,-0.02387048192771085
diffusion_step,4731,-0.008057228915662684
diffusion_step,4732,-0.000903614457831381
diffusion_step,4733,0.006777108433734913
diffusion_step,4734,0.016189759036144613
diffusion_step,4735,-0.0072289156626506035
diffusion_step,4736,-0.001054216867469926
diffusion_step,4737,0.024774096385542177
diffusion_step,4738,0.010617469879517949
diffusion_step,4739,-0.018524096385542255
diffusion_step,4740,-0.009262048192771044
diffusion_step,4741,0.0022590361445783413
diffusion_step,4742,-0.009262048192771044
diffusion_step,4743,-0.006551204819277123
diffusion_step,4744,-0.007831325301204783
diffusion_step,4745,0.013328313253012092
diffusion_step,4746,-0.01799698795180721
diffusion_step,4747,-0.007981927710843384
diffusion_step,4748,-0.009487951807228834
diffusion_step,4749,0.004668674698795172
diffusion_step,4750,-0.002108433734939741
diffusion_step,4751,0.010692771084337416
diffusion_step,4752,-0.0027861445783132766
diffusion_step,4753,0.005798192771084287
diffusion_step,4754,-0.007680722891566294
diffusion_step,4755,-0.026204819277108382
diffusion_step,4756,-0.005120481927710807
diffusion_step,4757,-0.0023343373493975306
diffusion_step,4758,-0.006174698795180733
diffusion_step,4759,0.014608433734939696
diffusion_step,4760,-0.01144578313253014
diffusion_step,4761,0.013780120481927671
diffusion_step,4762,-0.009487951807228834
diffusion_step,4763,0.00805722891566274
diffusion_step,4764,-0.016265060240963858
diffusion_step,4765,0.014231927710843362
diffusion_step,4766,7.530120481924474e-05
diffusion_step,4767,-0.002183734939759041
diffusion_step,4768,0.01152108433734933
diffusion_step,4769,-0.006777108433734913
diffusion_step,4770,-0.006174698795180733
diffusion_step,4771,-0.003237951807228856
diffusion_step,4772,0.021460843373493965
diffusion_step,4773,-0.033659638554216886
diffusion_step,4774,0.000301204819277201
diffusion_step,4775,0.003840361445783258
diffusion_step,4776,0.01016566265060237
diffusion_step,4777,0.004442771084337327
diffusion_step,4778,0.009487951807228834
diffusion_step,4779,0.01227409638554211
diffusion_step,4780,0.013855421686746916
diffusion_step,4781,0.005045180722891618
diffusion_step,4782,0.004894578313253017
diffusion_step,4783,0.015135542168674743
diffusion_step,4784,0.012951807228915646
diffusion_step,4785,-0.000602409638554291
diffusion_step,4786,0.004969879518072262
diffusion_step,4787,0.00060240963855418
diffusion_step,4788,0.007078313253012114
diffusion_step,4789,-0.005120481927710807
diffusion_step,4790,-0.0015813253012048611
diffusion_step,4791,-0.0016566265060240504
diffusion_step,4792,0.019051204819277023
diffusion_step,4793,-0.01987951807228916
diffusion_step,4794,-0.013478915662650692
diffusion_step,4795,0.005120481927710863
diffusion_step,4796,0.003237951807228967
diffusion_step,4797,0.011144578313252995
diffusion_step,4798,-0.006852409638554213
diffusion_step,4799,0.016114457831325257
diffusion_step,4800,0.018750000000000044
diffusion_step,4801,-0.007078313253012114
diffusion_step,4802,-0.0027861445783132766
diffusion_step,4803,-0.015662650602409678
diffusion_step,4804,-0.007906626506024084
diffusion_step,4805,-0.009789156626506035
diffusion_step,4806,-0.000903614457831381
diffusion_step,4807,-0.0023343373493975306
diffusion_step,4808,-0.004442771084337327
diffusion_step,4809,0.01302710843373489
diffusion_step,4810,-0.002484939759036131
diffusion_step,4811,0.00022590361445784524
diffusion_step,4812,-0.007003012048192758
diffusion_step,4813,-0.008509036144578264
diffusion_step,4814,0.006099397590361488
diffusion_step,4815,-0.0042921686746988374
diffusion_step,4816,0.011219879518072351
diffusion_step,4817,-0.013930722891566272
diffusion_step,4818,0.00060240963855418
diffusion_step,4819,-0.005722891566265098
diffusion_step,4820,-0.0039909638554216365
diffusion_step,4821,0.0003765060240963347
diffusion_step,4822,0.014006024096385516
diffusion_step,4823,-0.011144578313252995
diffusion_step,4824,0.006777108433734913
diffusion_step,4825,0.0037650602409639022
diffusion_step,4826,-0.011822289156626531
diffusion_step,4827,0.015135542168674632
diffusion_step,4828,-0.009186746987951855
diffusion_step,4829,-0.010768072289156605
diffusion_step,4830,-0.004066265060240937
diffusion_step,4831,0.0015813253012048056
diffusion_step,4832,-0.020707831325301185
diffusion_step,4833,-0.01686746987951815
diffusion_step,4834,0.011897590361445887
diffusion_step,4835,0.006099397590361488
diffusion_step,4836,-0.0007530120481927804
diffusion_step,4837,-0.0018825301204819511
diffusion_step,4838,-0.033509036144578286
diffusion_step,4839,0.01302710843373489
diffusion_step,4840,0.0022590361445783413
diffusion_step,4841,-0.03079819277108431
diffusion_step,4842,-0.002635542168674676
diffusion_step,4843,0.02018072289156625
diffusion_step,4844,0.015436746987951833
diffusion_step,4845,0.0037650602409639022
diffusion_step,4846,0.0003765060240963347
diffusion_step,4847,0.007981927710843273
diffusion_step,4848,-0.00911144578313261
diffusion_step,4849,-0.008509036144578264
diffusion_step,4850,-0.015210843373493987
diffusion_step,4851,-0.004442771084337327
diffusion_step,4852,0.019201807228915624
diffusion_step,4853,-0.006551204819277068
diffusion_step,4854,0.005120481927710863
diffusion_step,4855,7.530120481924474e-05
diffusion_step,4856,0.03403614457831328
diffusion_step,4857,-0.004442771084337438
diffusion_step,4858,0.02319277108433726
diffusion_step,4859,-0.021837349397590355
diffusion_step,4860,0.012198795180722866
diffusion_step,4861,0.005496987951807197
diffusion_step,4862,0.0066265060240963125
diffusion_step,4863,-0.0015813253012048611
diffusion_step,4864,0.022665662650602436
diffusion_step,4865,0.0039909638554216365
diffusion_step,4866,0.009713855421686679
diffusion_step,4867,-0.0028614457831325213
diffusion_step,4868,-0.0027108433734939763
diffusion_step,4869,0.010015060240963769
diffusion_step,4870,-0.013253012048192792
diffusion_step,4871,-0.013554216867469882
diffusion_step,4872,0.013403614457831337
diffusion_step,4873,0.02515060240963851
diffusion_step,4874,-0.010542168674698815
diffusion_step,4875,-0.011822289156626531
diffusion_step,4876,0.02078313253012043
diffusion_step,4877,0.0010542168674698704
diffusion_step,4878,0.0037650602409639022
diffusion_step,4879,-0.01724397590361454
diffusion_step,4880,0.006099397590361488
diffusion_step,4881,0.0007530120481927804
diffusion_step,4882,-0.006325301204819278
diffusion_step,4883,-0.00022590361445790075
diffusion_step,4884,0.0007530120481927804
diffusion_step,4885,0.011144578313252995
diffusion_step,4886,0.0001506024096386005
diffusion_step,4887,-0.009789156626506035
diffusion_step,4888,0.003237951807228856
diffusion_step,4889,0.018900602409638534
diffusion_step,4890,0.004141566265060237
diffusion_step,4891,-0.0042921686746988374
diffusion_step,4892,0.0033885542168674565
diffusion_step,4893,0.002334337349397475
diffusion_step,4894,0.010391566265060215
diffusion_step,4895,-0.007605421686746994
diffusion_step,4896,0.005346385542168708
diffusion_step,4897,-0.0126506024096385
diffusion_step,4898,-0.0042921686746988374
diffusion_step,4899,-0.009262048192771044
diffusion_step,4900,-0.009789156626506035
diffusion_step,4901,-0.0018825301204819511
diffusion_step,4902,-0.014759036144578352
diffusion_step,4903,0.010240963855421725
diffusion_step,4904,-0.003237951807228967
diffusion_step,4905,-0.021385542168674776
diffusion_step,4906,-0.008283132530120474
diffusion_step,4907,-0.005195783132529996
diffusion_step,4908,-0.01649096385542176
diffusion_step,4909,-0.0069277108433735135
diffusion_step,4910,0.014834337349397653
diffusion_step,4911,-0.006249999999999978
diffusion_step,4912,-0.01009036144578318
diffusion_step,4913,-0.013704819277108482
diffusion_step,4914,-0.008509036144578264
diffusion_step,4915,-0.006249999999999978
diffusion_step,4916,0.0019578313253012514
diffusion_step,4917,-0.007756024096385483
diffusion_step,4918,0.010391566265060215
diffusion_step,4919,0.007078313253012003
diffusion_step,4920,0.00865963855421692
diffusion_step,4921,-0.005496987951807197
diffusion_step,4922,-0.0072289156626506035
diffusion_step,4923,0.01197289156626502
diffusion_step,4924,-0.01204819277108432
diffusion_step,4925,0.010542168674698815
diffusion_step,4926,-0.005271084337349408
diffusion_step,4927,0.013704819277108427
diffusion_step,4928,0.001204819277108471
diffusion_step,4929,-0.0001506024096386005
diffusion_step,4930,0.0011295180722891152
diffusion_step,4931,-0.006852409638554213
diffusion_step,4932,-0.005798192771084398
diffusion_step,4933,-0.02003012048192765
diffusion_step,4934,-0.005421686746988008
diffusion_step,4935,0.01031626506024097
diffusion_step,4936,0.00022590361445784524
diffusion_step,4937,0.008810240963855409
diffusion_step,4938,-0.006475903614457823
diffusion_step,4939,0.013253012048192736
diffusion_step,4940,0.002635542168674676
diffusion_step,4941,0.008584337349397675
diffusion_step,4942,0.015436746987951833
diffusion_step,4943,0.002710843373493921
diffusion_step,4944,-0.02025602409638555
diffusion_step,4945,-0.0006777108433734802
diffusion_step,4946,-0.020030120481927705
diffusion_step,4947,0.0010542168674698704
diffusion_step,4948,0.01972891566265067
diffusion_step,4949,0.01121987951807224
diffusion_step,4950,0.0069277108433735135
diffusion_step,4951,0.0010542168674698704
diffusion_step,4952,7.530120481924474e-05
diffusion_step,4953,-0.022816265060240926
diffusion_step,4954,-0.01046686746987957
diffusion_step,4955,-0.004518072289156627
diffusion_step,4956,0.001204819277108471
diffusion_step,4957,-0.01867469879518069
diffusion_step,4958,-0.007304216867469904
diffusion_step,4959,0.007003012048192758
diffusion_step,4960,-0.008358433734939774
diffusion_step,4961,0.010993975903614506
diffusion_step,4962,0.024924698795180777
diffusion_step,4963,-0.0034638554216867012
diffusion_step,4964,-0.015662650602409622
diffusion_step,4965,-0.0013554216867469604
diffusion_step,4966,-0.001506024096385561
diffusion_step,4967,-0.021611445783132566
diffusion_step,4968,-0.0007530120481927804
diffusion_step,4969,0.014683734939759052
diffusion_step,4970,0.011897590361445776
diffusion_step,4971,-0.005421686746988008
diffusion_step,4972,-0.0010542168674698704
diffusion_step,4973,0.014608433734939696
diffusion_step,4974,-0.005271084337349408
diffusion_step,4975,-0.017921686746987908
diffusion_step,4976,0.014006024096385516
diffusion_step,4977,-0.008283132530120474
diffusion_step,4978,-0.008885542168674654
diffusion_step,4979,0.010993975903614506
diffusion_step,4980,-0.0030120481927710663
diffusion_step,4981,0.01091867469879515
diffusion_step,4982,-0.001506024096385561
diffusion_step,4983,0.006777108433734913
diffusion_step,4984,0.005572289156626442
diffusion_step,4985,-0.002786144578313221
diffusion_step,4986,-0.007605421686746938
diffusion_step,4987,-0.012198795180722921
diffusion_step,4988,-0.008207831325301174
diffusion_step,4989,-0.004141566265060237
diffusion_step,4990,0.00986445783132528
diffusion_step,4991,-0.001957831325301196
diffusion_step,4992,-0.028614457831325324
diffusion_step,4993,0.015963855421686768
diffusion_step,4994,0.0015813253012048056
diffusion_step,4995,0.015135542168674743
diffusion_step,4996,0.002334337349397475
diffusion_step,4997,0.0013554216867469604
diffusion_step,4998,0.00045180722891557945
diffusion_step,4999,-0.009412650602409645
