replicate,null_mean_cosine_percentile_effect
0,-0.01912650602409638
1,-0.009864457831325335
2,0.009412650602409589
3,-0.002710843373493921
4,0.0069277108433735135
5,0.01167168674698793
6,0.010090361445783236
7,0.00790662650602414
8,0.012951807228915646
9,-0.022364457831325346
10,-0.012349397590361522
11,-0.01167168674698793
12,-0.004066265060241048
13,-0.022590361445783136
14,-0.001054216867469926
15,-0.021987951807228956
16,0.004518072289156572
17,0.003915662650602392
18,0.0036897590361446575
19,0.02243975903614459
20,-0.017846385542168608
21,-0.016114457831325257
22,0.015135542168674743
23,-0.007454819277108393
24,-0.0072289156626506035
25,0.014156626506024117
26,-0.014759036144578352
27,0.018298192771084354
28,0.002710843373493921
29,0.001807228915662762
30,-0.002108433734939741
31,-0.01920180722891568
32,0.010391566265060326
33,-0.01099397590361445
34,0.009111445783132499
35,-0.01302710843373489
36,0.003840361445783147
37,0.002936746987951766
38,0.00030120481927709
39,0.004969879518072262
40,0.005572289156626442
41,0.008433734939759074
42,0.006852409638554269
43,-0.005346385542168597
44,-0.0030120481927710663
45,0.0063253012048193336
46,0.0021837349397589856
47,0.015888554216867523
48,0.006249999999999978
49,0.0016566265060241614
50,0.001506024096385561
51,-0.010391566265060215
52,0.0015813253012048056
53,0.01016566265060237
54,0.004593373493975927
55,-0.007756024096385483
56,-0.008885542168674654
57,-0.01784638554216872
58,0.01167168674698793
59,-0.0030873493975903665
60,0.019051204819277023
61,0.02153614457831321
62,0.011897590361445776
63,0.0022590361445783413
64,0.011746987951807286
65,-0.0024849397590361866
66,0.020105421686747005
67,0.006777108433734913
68,0.0036144578313253017
69,0.016792168674698793
70,0.023644578313253062
71,0.005647590361445798
72,-0.0069277108433735135
73,-0.01325301204819268
74,-0.017319277108433728
75,0.024171686746987997
76,-0.007228915662650548
77,-0.021310240963855365
78,-0.007981927710843384
79,-0.0033885542168674565
80,0.016039156626506013
81,0.006701807228915668
82,0.02228915662650599
83,0.0033885542168674565
84,-0.015888554216867468
85,-0.013554216867469882
86,0.0092620481927711
87,-0.005873493975903588
88,-0.028840361445783114
89,-0.023192771084337316
90,-0.027484939759036153
91,-0.01144578313253014
92,-0.006174698795180733
93,-0.0007530120481927804
94,-0.015888554216867412
95,0.013930722891566272
96,-0.005195783132530107
97,-0.01927710843373487
98,0.019201807228915624
99,0.002033132530120496
100,0.0010542168674699814
101,-0.005873493975903588
102,0.008132530120481873
103,-0.006099397590361377
104,0.004593373493975927
105,0.025150602409638623
106,-0.01814759036144581
107,-0.001204819277108471
108,0.005346385542168708
109,0.010316265060240859
110,-0.0015813253012048611
111,-0.016641566265060248
112,-0.01129518072289154
113,0.004367469879518082
114,0.0018072289156626509
115,0.01671686746987955
116,-0.002936746987951877
117,0.006249999999999978
118,-0.012198795180722921
119,0.007003012048192758
120,-0.012951807228915702
121,0.000903614457831381
122,-0.003915662650602447
123,0.015662650602409678
124,-0.025903614457831403
125,-0.002936746987951877
126,-0.004969879518072207
127,-0.010316265060241026
128,0.0015813253012048056
129,-0.01024096385542178
130,-0.009638554216867434
131,0.013855421686747027
132,-0.0033885542168674565
133,0.00896084337349401
134,-0.0072289156626506035
135,0.0025602409638553203
136,-0.01927710843373487
137,-0.011897590361445776
138,0.003915662650602392
139,-0.004969879518072373
140,0.009412650602409589
141,0.0005271084337349352
142,0.012725903614457912
143,0.007003012048192758
144,-0.002635542168674676
145,-0.003237951807228856
146,0.004518072289156572
147,-0.005496987951807197
148,-0.007680722891566294
149,0.005496987951807197
150,0.007003012048192758
151,-0.010542168674698815
152,0.003915662650602392
153,0.006249999999999978
154,-0.01769578313253012
155,-0.007003012048192758
156,0.002334337349397586
157,0.005496987951807308
158,0.004442771084337438
159,0.0037650602409639022
160,0.013478915662650581
161,0.023268072289156616
162,-0.006551204819277123
163,-0.014608433734939752
164,0.002108433734939741
165,0.003915662650602392
166,-0.0015813253012048611
167,-0.0039909638554216365
168,0.005948795180722999
169,-0.016265060240963858
170,0.01076807228915655
171,-0.0009789156626505702
172,-0.012876506024096401
173,0.015587349397590433
174,-0.012349397590361522
175,0.0072289156626506035
176,0.005948795180722888
177,7.530120481924474e-05
178,0.011144578313253106
179,-0.005120481927710807
180,-0.01242469879518071
181,0.012048192771084376
182,-0.005948795180722888
183,-0.017168674698795128
184,-0.004894578313253017
185,-0.003237951807228856
186,0.007454819277108449
187,0.023268072289156505
188,0.010993975903614506
189,0.007680722891566294
190,0.00896084337349401
191,0.005647590361445798
192,-7.530120481930025e-05
193,-0.02356927710843376
194,0.002409638554216942
195,0.012499999999999956
196,-0.01325301204819268
197,-0.014457831325301262
198,0.012876506024096401
199,-0.010843373493975905
200,0.006099397590361377
201,0.005346385542168708
202,0.0028614457831326323
203,0.009638554216867434
204,0.014608433734939807
205,0.014081325301204872
206,-0.009036144578313254
207,0.0030873493975903665
208,0.009638554216867545
209,-0.008207831325301285
210,-0.003237951807228856
211,0.0017319277108432951
212,0.009638554216867434
213,0.002033132530120385
214,0.002409638554216942
215,-0.006777108433734913
216,0.0066265060240963125
217,0.012499999999999956
218,0.026882530120481918
219,-0.010015060240963825
220,0.006551204819277068
221,0.015512048192770966
222,-0.005120481927710807
223,0.012650602409638556
224,0.015135542168674632
225,0.008885542168674654
226,-0.009186746987951855
227,-0.006174698795180733
228,-0.0001506024096386005
229,-0.007003012048192758
230,-0.0184487951807229
231,0.005948795180722999
232,-0.007605421686746994
233,0.02078313253012054
234,0.014382530120481962
235,0.0219879518072289
236,0.003012048192771122
237,-0.009412650602409645
238,0.012876506024096401
239,0.0015813253012048056
240,0.02364457831325295
241,0.004668674698795172
242,0.0021837349397589856
243,0.005421686746987953
244,0.004066265060240881
245,-0.0033885542168674565
246,0.005572289156626553
247,0.013855421686746916
248,-0.006174698795180733
249,0.01867469879518069
250,-0.01905120481927708
251,-0.03403614457831328
252,-0.011822289156626531
253,0.001506024096385561
254,-0.014382530120481962
255,0.011897590361445887
256,0.018448795180722843
257,0.006249999999999978
258,0.006777108433734913
259,0.009638554216867434
260,-0.005421686746987897
261,0.0014307228915662051
262,-0.009337349397590344
263,-0.004292168674698726
264,-0.0015813253012047501
265,-0.009563253012048134
266,-0.015737951807228923
267,-0.026807228915662562
268,0.0015813253012048056
269,-0.005346385542168708
270,0.010240963855421725
271,0.021310240963855365
272,-0.008283132530120474
273,-0.009713855421686735
274,-0.016566265060240948
275,0.0006777108433735357
276,0.0127259036144578
277,0.0092620481927711
278,-0.023719879518072307
279,-0.014457831325301262
280,-0.006551204819277123
281,-0.002108433734939741
282,-0.0010542168674698704
283,-0.001054216867469926
284,-0.01325301204819268
285,0.011822289156626531
286,0.02168674698795181
287,-0.00022590361445778973
288,0.01242469879518071
289,0.010316265060240859
290,0.026882530120481918
291,0.012500000000000067
292,-0.0061746987951806775
293,0.003539156626506057
294,-0.016566265060240948
295,-0.014909638554216842
296,-0.002108433734939741
297,0.007454819277108449
298,0.018298192771084354
299,-0.01867469879518069
300,-0.007153614457831303
301,0.0033132530120482118
302,-0.007906626506024084
303,0.007680722891566294
304,-0.014081325301204872
305,-0.0011295180722891707
306,0.0025602409638554313
307,0.0005271084337349352
308,-0.010466867469879404
309,-0.013027108433735002
310,0.004894578313253017
311,0.007831325301204894
312,-0.004442771084337438
313,0.0017319277108432951
314,0.01031626506024097
315,-0.005421686746988008
316,0.0127259036144578
317,0.003539156626506057
318,-0.007981927710843328
319,-0.0019578313253011403
320,-0.010542168674698815
321,-0.008358433734939663
322,0.0033885542168674565
323,-0.005271084337349408
324,0.009412650602409589
325,0.010240963855421725
326,-0.006701807228915557
327,0.008734939759036164
328,0.008283132530120474
329,-0.004969879518072318
330,-0.008584337349397675
331,-0.009036144578313254
332,0.00060240963855418
333,-0.014307228915662662
334,0.009713855421686679
335,-0.01046686746987957
336,-0.009638554216867545
337,-0.021084337349397575
338,-0.017921686746987908
339,0.0019578313253012514
340,0.0033132530120482118
341,0.010843373493975905
342,0.0069277108433735135
343,-0.011897590361445776
344,-0.006626506024096368
345,0.013102409638554247
346,-0.008584337349397564
347,0.014909638554216786
348,-0.021536144578313265
349,-0.009186746987951855
350,0.017545180722891573
351,-0.009864457831325224
352,0.006852409638554158
353,0.00820783132530123
354,-0.01167168674698793
355,-0.0016566265060241059
356,0.0004518072289156905
357,-0.006249999999999978
358,0.0034638554216868123
359,0.021310240963855365
360,0.017771084337349308
361,-0.002033132530120496
362,-0.0036897590361446575
363,-0.016641566265060248
364,-0.009939759036144635
365,-0.01106927710843375
366,0.02123493975903623
367,0.015135542168674632
368,0.014759036144578297
369,0.002334337349397475
370,-0.007906626506024084
371,-0.009638554216867434
372,0.006551204819277068
373,0.012951807228915646
374,-0.013403614457831281
375,0.0034638554216868123
376,0.0183734939759036
377,0.007454819277108449
378,-0.0033885542168674565
379,0.007605421686746938
380,0.0031626506024097223
381,-0.0014307228915662606
382,-0.002786144578313221
383,-0.019804216867469915
384,-0.0012801204819277712
385,0.02018072289156625
386,-0.004518072289156627
387,-0.005873493975903588
388,-0.002635542168674676
389,0.00030120481927709
390,0.014006024096385516
391,0.004518072289156572
392,0.0006777108433734247
393,-0.015737951807228923
394,-0.021837349397590355
395,-0.006325301204819278
396,0.007078313253012114
397,-0.007003012048192758
398,-0.007605421686746994
399,-0.021385542168674776
400,0.0028614457831325213
401,0.009412650602409589
402,0.021762048192771055
403,0.007454819277108449
404,-0.01822289156626511
405,-0.021611445783132566
406,0.010692771084337416
407,-0.015436746987951833
408,-0.021611445783132566
409,-0.010768072289156605
410,0.01167168674698793
411,0.002108433734939741
412,-0.00060240963855418
413,0.004894578313253017
414,-0.004066265060240937
415,-0.0042921686746988374
416,-0.005045180722891507
417,-0.0019578313253011403
418,-0.0003765060240963902
419,0.00120481927710836
420,-0.0018825301204819511
421,-0.009036144578313254
422,-0.009111445783132555
423,-0.01167168674698793
424,-0.009487951807228834
425,0.01076807228915666
426,-0.009563253012048245
427,0.002334337349397586
428,-0.005722891566264987
429,-0.0037650602409638467
430,-0.008810240963855354
431,-0.01144578313253014
432,0.0069277108433735135
433,-0.005948795180722888
434,-0.010542168674698815
435,-0.009036144578313254
436,0.015436746987951833
437,-0.01302710843373489
438,0.007153614457831359
439,-0.007981927710843384
440,-0.007680722891566294
441,0.015210843373493987
442,0.008132530120481984
443,-0.0018072289156627064
444,-0.020481927710843395
445,-0.015662650602409678
446,-7.530120481930025e-05
447,0.0013554216867469604
448,-0.016942771084337338
449,0.022515060240963947
450,-0.008885542168674654
451,-0.009111445783132555
452,0.00865963855421692
453,-0.01739457831325303
454,0.006777108433734913
455,0.009487951807228834
456,-0.014231927710843417
457,-0.007003012048192758
458,-0.01302710843373489
459,-0.013478915662650581
460,-0.01009036144578318
461,-0.01302710843373489
462,-0.024096385542168697
463,-0.016641566265060248
464,-0.01204819277108432
465,-0.02048192771084334
466,0.00820783132530123
467,-0.0018825301204819511
468,-0.0017319277108433506
469,-0.02025602409638555
470,-0.0070783132530120585
471,0.002108433734939741
472,-0.01144578313253014
473,-0.008509036144578264
474,0.01987951807228927
475,-0.01159638554216863
476,0.005346385542168597
477,0.0024849397590360756
478,0.007605421686746938
479,0.006099397590361488
480,-0.01942771084337347
481,-0.004141566265060237
482,0.004819277108433773
483,0.006701807228915779
484,0.014608433734939696
485,0.004668674698795172
486,-0.02048192771084334
487,-0.0069277108433735135
488,-0.014457831325301262
489,-0.00060240963855418
490,0.002033132530120496
491,-0.0013554216867469604
492,-0.005948795180722943
493,-0.009262048192771044
494,0.0030873493975903665
495,-0.02454819277108433
496,-0.010165662650602425
497,-0.0127259036144578
498,0.010542168674698815
499,0.015286144578313232
500,0.0005271084337349352
501,-0.01671686746987955
502,0.0033885542168674565
503,-0.001957831325301196
504,-0.023418674698795272
505,0.017394578313253084
506,0.006249999999999978
507,-0.004292168674698726
508,0.01242469879518071
509,-0.000602409638554291
510,0.01076807228915655
511,-0.004743975903614417
512,-0.015135542168674632
513,0.010542168674698704
514,0.005195783132530107
515,0.003539156626506057
516,0.0039909638554216365
517,-0.0015813253012047501
518,0.009412650602409589
519,0.025527108433734957
520,-0.00030120481927709
521,-0.020105421686747005
522,-0.00060240963855418
523,-0.005722891566265098
524,-0.01746987951807233
525,0.012575301204819311
526,-0.0006777108433735357
527,-0.022063253012048145
528,-0.005873493975903588
529,0.0186746987951808
530,0.018599397590361444
531,0.002334337349397586
532,0.01302710843373489
533,0.027710843373493943
534,-0.006626506024096368
535,0.014683734939759052
536,0.013855421686746916
537,-0.0034638554216867012
538,-0.01137048192771084
539,-0.0008283132530119697
540,0.0008283132530120252
541,-0.0027861445783132766
542,-0.002183734939759041
543,-0.012725903614457912
544,-0.001204819277108471
545,0.00835843373493983
546,-0.0007530120481927804
547,0.005346385542168708
548,-0.015737951807228978
549,-0.016566265060240948
550,-0.007605421686746938
551,0.0033885542168674565
552,-0.005798192771084398
553,-0.003915662650602447
554,0.007454819277108449
555,-0.01129518072289154
556,0.022816265060240926
557,0.011445783132530085
558,0.0039909638554216365
559,0.0008283132530120252
560,0.005271084337349352
561,0.017846385542168663
562,-0.0076807228915662384
563,-0.01362951807228907
564,-0.004743975903614417
565,-0.009186746987951855
566,0.01287650602409629
567,-0.007379518072289204
568,-0.021084337349397575
569,-0.014006024096385461
570,-0.008358433734939774
571,-0.008057228915662573
572,0.006777108433734913
573,0.004141566265060237
574,-0.006852409638554213
575,-0.013102409638554302
576,-0.0008283132530120807
577,-0.021385542168674665
578,0.01031626506024097
579,0.0005271084337349352
580,0.01167168674698793
581,-0.026957831325301163
582,0.01091867469879515
583,-0.007756024096385483
584,0.027710843373493943
585,0.02123493975903623
586,0.008283132530120474
587,-0.004518072289156627
588,0.004894578313253017
589,0.02274096385542168
590,0.009111445783132499
591,-0.0042921686746988374
592,-0.002936746987951766
593,0.002334337349397586
594,0.008283132530120474
595,0.0030873493975903665
596,-0.0027861445783132766
597,-0.0027861445783132766
598,0.0037650602409639022
599,0.006852409638554269
600,0.017996987951807264
601,0.016189759036144613
602,-0.008584337349397675
603,0.016490963855421703
604,-0.010542168674698815
605,-0.0034638554216867568
606,0.012048192771084376
607,0.009412650602409589
608,-0.015813253012048167
609,-0.008659638554216864
610,-0.0013554216867469604
611,0.013177710843373491
612,0.0027861445783132766
613,0.0015813253012048056
614,0.014457831325301207
615,0.01076807228915666
616,0.007831325301204783
617,0.002033132530120385
618,-0.016792168674698738
619,-0.005572289156626553
620,0.0036144578313253017
621,0.010391566265060215
622,-0.022515060240963836
623,-0.03923192771084333
624,0.010015060240963769
625,0.009111445783132499
626,0.0028614457831325213
627,0.013102409638554136
628,0.028765060240963924
629,0.010090361445783125
630,0.000301204819277201
631,0.0060240963855421326
632,0.013102409638554247
633,0.026129518072289137
634,0.014006024096385516
635,-0.015361445783132532
636,-0.01822289156626511
637,-0.01980421686746986
638,-0.007454819277108504
639,-0.004593373493975816
640,0.010240963855421725
641,-0.005873493975903643
642,0.013629518072289182
643,0.0030873493975902555
644,-0.005873493975903588
645,-0.0024096385542168863
646,-0.007379518072289204
647,0.016641566265060304
648,-0.004066265060240937
649,-0.0031626506024096113
650,0.011897590361445776
651,-0.008207831325301174
652,0.001506024096385561
653,-0.0006777108433735357
654,-0.0185993975903615
655,-0.008885542168674654
656,0.01701807228915664
657,0.005045180722891618
658,-0.002936746987951877
659,-0.009036144578313254
660,-0.007756024096385483
661,0.011144578313252995
662,-0.0012801204819277712
663,-0.016867469879518038
664,0.0254518072289156
665,0.009638554216867434
666,0.0017319277108432951
667,-0.009186746987951855
668,-0.013102409638554191
669,-0.016039156626506013
670,-0.0031626506024096113
671,0.0024849397590360756
672,-0.009864457831325335
673,0.0017319277108432951
674,0.005195783132530107
675,0.0014307228915663162
676,-0.012575301204819311
677,-0.0030120481927710663
678,0.0003765060240963347
679,-0.00030120481927709
680,-0.005120481927710807
681,-0.004367469879518027
682,-0.005572289156626498
683,-0.003915662650602336
684,0.0014307228915663162
685,0.005421686746987953
686,-0.010165662650602425
687,0.004141566265060237
688,0.0009789156626505147
689,-0.0033132530120482673
690,-7.530120481918923e-05
691,0.0037650602409639022
692,0.001807228915662762
693,-0.0126506024096385
694,0.0
695,-0.009864457831325335
696,-0.004216867469879537
697,0.013253012048192736
698,0.004141566265060237
699,-0.014006024096385461
700,0.014307228915662606
701,-0.007153614457831303
702,0.0014307228915663162
703,0.0034638554216868123
704,-0.013403614457831392
705,-0.002635542168674676
706,-0.006174698795180733
707,-0.002108433734939741
708,0.006475903614457823
709,-0.021460843373493965
710,-0.008885542168674654
711,0.016340361445783214
712,-0.01671686746987955
713,0.008810240963855409
714,-0.002484939759036131
715,0.0004518072289156905
716,-0.015737951807228923
717,-0.0014307228915663162
718,0.0034638554216867012
719,0.02334337349397586
720,0.004141566265060237
721,-0.0034638554216867012
722,-0.02078313253012043
723,0.0075301204819276935
724,0.004593373493975927
725,0.01762048192771093
726,-0.005120481927710807
727,0.008734939759036164
728,-0.002033132530120496
729,-0.01069277108433736
730,-0.024999999999999967
731,-0.012575301204819311
732,0.015662650602409567
733,0.022816265060241037
734,-0.0033885542168674565
735,-0.0038403614457830915
736,-0.006701807228915668
737,0.0027861445783132766
738,0.012198795180722977
739,-0.010993975903614561
740,0.009337349397590344
741,0.0009036144578312699
742,0.009337349397590455
743,-0.0001506024096386005
744,0.0008283132530120252
745,0.01121987951807224
746,-0.003840361445783258
747,-0.02838855421686748
748,-0.001204819277108471
749,0.0022590361445783413
750,-0.007304216867469904
751,0.012198795180722977
752,-0.0024849397590361866
753,0.009111445783132499
754,0.0075301204819276935
755,0.005873493975903532
756,0.014608433734939696
757,0.0008283132530120252
758,-0.010015060240963825
759,0.0007530120481927804
760,-0.021385542168674776
761,-0.0075301204819276935
762,0.007003012048192758
763,-0.0007530120481927804
764,-0.01234939759036141
765,-0.007831325301204894
766,0.01671686746987955
767,-0.0027861445783132766
768,0.021159638554216875
769,0.0033885542168674565
770,-0.005496987951807197
771,-0.0001506024096386005
772,0.005346385542168597
773,-0.005798192771084287
774,-0.005195783132530163
775,-0.0033132530120482673
776,-0.013177710843373491
777,-0.01649096385542176
778,-0.0018072289156626509
779,0.01167168674698793
780,0.0033132530120482118
781,-0.007831325301204783
782,-0.010542168674698815
783,0.006174698795180733
784,-0.0005271084337349907
785,0.0009789156626506257
786,-0.002108433734939741
787,-7.530120481930025e-05
788,0.015060240963855387
789,-0.0075301204819276935
790,-0.009563253012048245
791,-0.0036897590361446575
792,-0.005346385542168708
793,-0.005948795180722943
794,-0.000301204819277201
795,-0.001506024096385561
796,-0.002108433734939741
797,-0.005722891566264987
798,0.012499999999999956
799,-0.015361445783132532
800,-0.00022590361445778973
801,-0.011897590361445776
802,0.009337349397590344
803,-0.01054216867469887
804,-0.004367469879518027
805,0.009337349397590344
806,-0.024021084337349452
807,0.01287650602409629
808,-0.009412650602409645
809,0.00805722891566274
810,0.0072289156626506035
811,-0.007981927710843384
812,-0.011972891566264965
813,0.0018825301204818956
814,-0.01686746987951815
815,0.002936746987951766
816,-0.0030120481927710663
817,0.003237951807228856
818,0.0011295180722891152
819,-0.01927710843373498
820,-0.014533132530120452
821,0.001807228915662762
822,-0.005120481927710807
823,-0.007981927710843384
824,0.00850903614457832
825,0.006475903614457712
826,-0.015135542168674743
827,-0.0036897590361445465
828,-0.007831325301204783
829,0.009789156626506035
830,0.005948795180722888
831,0.008283132530120474
832,0.007078313253012114
833,0.009337349397590344
834,0.0016566265060241614
835,0.009337349397590455
836,0.014984939759036142
837,0.008584337349397564
838,0.00790662650602414
839,-0.01867469879518069
840,0.011445783132530196
841,-0.002635542168674676
842,-0.006400602409638578
843,-0.005722891566264987
844,0.004442771084337438
845,0.013780120481927671
846,0.009036144578313254
847,0.02168674698795181
848,0.00820783132530123
849,0.0018825301204818956
850,-0.009789156626506035
851,-0.0003765060240963902
852,-0.0037650602409638467
853,0.00956325301204819
854,-0.0034638554216867568
855,-0.016566265060240948
856,0.004743975903614417
857,0.012650602409638556
858,-0.024472891566265087
859,-0.009563253012048245
860,-0.005572289156626498
861,-0.004894578313253017
862,-0.006701807228915724
863,-0.020933734939758974
864,-0.0036897590361446575
865,0.0008283132530120252
866,-0.008734939759036053
867,0.011897590361445776
868,-0.016114457831325257
869,-0.01905120481927708
870,-0.007153614457831303
871,-0.003539156626506057
872,0.010692771084337416
873,0.002033132530120496
874,-0.003915662650602447
875,-0.016189759036144558
876,0.004668674698795172
877,0.008734939759036053
878,0.02673192771084343
879,0.007981927710843273
880,0.00896084337349401
881,-0.008885542168674654
882,-0.0008283132530119697
883,0.0011295180722891152
884,-0.0075301204819276935
885,0.0016566265060241614
886,0.017394578313253084
887,0.008283132530120474
888,0.01061746987951806
889,0.012575301204819311
890,-0.007605421686746938
891,-0.0009789156626505702
892,0.02138554216867472
893,-0.0031626506024096668
894,-0.001204819277108471
895,-0.0037650602409638467
896,-0.0006777108433734802
897,0.0027861445783132766
898,0.01106927710843375
899,0.00986445783132528
900,0.0066265060240964235
901,-0.021611445783132566
902,0.010843373493975905
903,0.007078313253012003
904,-0.021686746987951755
905,-0.023192771084337316
906,0.011144578313253106
907,-0.020481927710843395
908,-0.006249999999999978
909,0.004216867469879482
910,0.008207831325301118
911,-0.008283132530120585
912,-0.01829819277108441
913,0.008433734939758963
914,0.005421686746987953
915,-0.0021837349397590966
916,0.011295180722891596
917,-0.027861445783132543
918,-7.530120481930025e-05
919,-0.0075301204819276935
920,0.01362951807228907
921,-0.009111445783132555
922,0.0069277108433735135
923,0.0021837349397589856
924,0.002108433734939741
925,-0.006777108433734913
926,-0.005195783132530107
927,0.012198795180722977
928,0.012123493975903621
929,0.02033132530120485
930,0.006475903614457823
931,0.01016566265060237
932,-0.009412650602409645
933,0.0031626506024097223
934,-0.008433734939759074
935,-0.011596385542168741
936,-0.004141566265060237
937,0.00790662650602414
938,-0.002635542168674676
939,-0.005572289156626498
940,0.008885542168674765
941,-0.0017319277108433506
942,0.0008283132530120252
943,0.015436746987951833
944,0.019051204819277023
945,-0.009638554216867434
946,-0.034337349397590367
947,0.00120481927710836
948,-0.01287650602409629
949,0.009186746987951855
950,-0.008810240963855465
951,0.004216867469879482
952,0.0092620481927711
953,0.009939759036144635
954,-0.0039909638554216365
955,-0.009111445783132555
956,-0.008960843373493954
957,0.0030873493975902555
958,-0.008132530120481873
959,0.007680722891566294
960,-0.012575301204819311
961,-0.01046686746987957
962,-0.004969879518072207
963,0.00030120481927709
964,0.014984939759036142
965,-0.013780120481927671
966,-0.021234939759036175
967,-0.020481927710843395
968,-0.01814759036144581
969,-0.009186746987951744
970,0.002635542168674676
971,0.01957831325301207
972,0.007153614457831359
973,-0.0036897590361445465
974,0.014683734939759052
975,0.019051204819277023
976,0.01106927710843375
977,0.01227409638554211
978,-0.0008283132530120807
979,-0.01799698795180721
980,-0.011897590361445831
981,0.00850903614457832
982,0.018298192771084354
983,0.009713855421686679
984,-0.013554216867469882
985,0.005496987951807197
986,0.015587349397590433
987,-0.0017319277108433506
988,-0.027710843373493943
989,0.003539156626506057
990,0.005045180722891618
991,0.009036144578313254
992,-0.0314759036144579
993,0.007831325301204894
994,-0.013403614457831392
995,-0.002936746987951766
996,-0.004367469879518138
997,-0.0036144578313252462
998,0.002033132530120496
999,0.0031626506024097223
1000,-0.0025602409638554313
1001,-0.001506024096385561
1002,-0.01204819277108432
1003,0.008057228915662629
1004,0.007304216867469959
1005,0.013177710843373491
1006,0.006475903614457712
1007,0.025000000000000022
1008,-0.010466867469879515
1009,-0.001506024096385561
1010,0.0010542168674699814
1011,0.0015813253012048056
1012,0.0006777108433735357
1013,0.004141566265060237
1014,-0.023719879518072307
1015,0.00030120481927709
1016,0.01076807228915655
1017,0.0005271084337349352
1018,-0.02680722891566273
1019,-0.003539156626506057
1020,-0.00022590361445790075
1021,0.0005271084337349352
1022,-0.005873493975903643
1023,-0.039834337349397564
1024,0.007981927710843384
1025,0.01091867469879515
1026,0.008584337349397564
1027,-0.0039909638554216365
1028,0.0022590361445783413
1029,-0.015210843373493987
1030,0.014834337349397653
1031,0.002409638554216942
1032,0.00022590361445784524
1033,-0.01242469879518071
1034,-0.013930722891566272
1035,-0.0073795180722891485
1036,0.0009789156626505147
1037,-0.01234939759036141
1038,0.0017319277108432951
1039,0.013704819277108427
1040,0.02304216867469877
1041,-0.006626506024096368
1042,-0.01927710843373487
1043,0.014081325301204872
1044,0.008734939759036164
1045,-0.008960843373493954
1046,-0.01242469879518071
1047,-0.012349397590361522
1048,0.0014307228915663162
1049,0.016792168674698793
1050,0.0008283132530120252
1051,-0.014006024096385461
1052,-0.01106927710843375
1053,0.002710843373494032
1054,-0.023418674698795217
1055,0.020256024096385605
1056,-0.010240963855421614
1057,-0.020030120481927705
1058,0.006099397590361377
1059,-0.03629518072289162
1060,0.0127259036144578
1061,0.01287650602409629
1062,-0.015963855421686768
1063,0.003012048192771122
1064,-0.005572289156626553
1065,0.025376506024096468
1066,-0.00045180722891557945
1067,-0.0019578313253011403
1068,-0.009789156626506035
1069,0.0031626506024097223
1070,-0.0025602409638554313
1071,-0.014457831325301262
1072,-0.005045180722891618
1073,-0.009713855421686735
1074,0.008960843373493899
1075,0.0018825301204818956
1076,0.0036144578313253017
1077,-0.02018072289156625
1078,0.017620481927710707
1079,-0.021987951807228956
1080,-0.013554216867469882
1081,0.008885542168674654
1082,-0.0007530120481927804
1083,-0.005496987951807197
1084,-0.009563253012048245
1085,-0.03283132530120486
1086,0.021460843373493965
1087,0.0185240963855422
1088,-0.004969879518072318
1089,-0.0073795180722891485
1090,-0.005873493975903588
1091,-0.008960843373493954
1092,-0.0007530120481927804
1093,0.012349397590361466
1094,0.015662650602409567
1095,0.012725903614457912
1096,0.0003765060240963347
1097,-0.0009789156626506812
1098,0.003840361445783147
1099,0.00896084337349401
1100,-0.004743975903614528
1101,0.017620481927710818
1102,-0.010165662650602425
1103,-0.012575301204819311
1104,0.013554216867469826
1105,0.005045180722891618
1106,0.003915662650602392
1107,0.015361445783132477
1108,0.006852409638554269
1109,0.0015813253012048056
1110,-0.008057228915662684
1111,0.0010542168674699814
1112,0.014533132530120563
1113,-0.004216867469879537
1114,-0.008810240963855465
1115,-0.0030120481927710663
1116,-0.003237951807228967
1117,0.015210843373493987
1118,0.006852409638554158
1119,0.0
1120,-0.002033132530120496
1121,0.0092620481927711
1122,-0.006701807228915668
1123,0.0075301204819276935
1124,0.007605421686746938
1125,-0.01784638554216872
1126,0.01942771084337347
1127,-0.005120481927710807
1128,-0.0042921686746988374
1129,-0.007153614457831303
1130,-0.0038403614457830915
1131,-0.013102409638554302
1132,0.01227409638554211
1133,0.011822289156626531
1134,-0.0030873493975903665
1135,-0.008207831325301285
1136,-0.034262048192771066
1137,-0.015512048192771077
1138,-0.002033132530120496
1139,-0.013554216867469882
1140,-0.001957831325301196
1141,0.0037650602409639022
1142,0.013177710843373491
1143,-0.003539156626506057
1144,-0.010542168674698815
1145,-0.010617469879518171
1146,0.012951807228915646
1147,0.0031626506024097223
1148,-0.0064759036144577675
1149,-0.008659638554216864
1150,0.015361445783132477
1151,0.015888554216867412
1152,0.004141566265060237
1153,-0.004216867469879537
1154,0.00060240963855418
1155,-0.000451807228915746
1156,-0.004668674698795228
1157,0.005647590361445798
1158,0.023117469879518016
1159,-0.0024096385542168863
1160,0.004593373493975816
1161,0.005346385542168708
1162,0.015963855421686768
1163,-0.002183734939759041
1164,0.004819277108433773
1165,0.017846385542168663
1166,0.01046686746987946
1167,-0.007605421686746994
1168,0.014231927710843362
1169,0.001506024096385561
1170,-7.530120481930025e-05
1171,0.015436746987951833
1172,-0.0075301204819276935
1173,0.0063253012048193336
1174,0.016265060240963858
1175,0.0024849397590360756
1176,0.005120481927710863
1177,-0.007906626506024084
1178,-0.013403614457831281
1179,0.0060240963855421326
1180,-0.016942771084337338
1181,0.022816265060240926
1182,-0.003840361445783147
1183,-0.01950301204819277
1184,0.0009789156626505147
1185,-0.001204819277108471
1186,0.0072289156626506035
1187,-0.002484939759036131
1188,-0.017243975903614428
1189,0.004518072289156572
1190,-0.013478915662650581
1191,0.002710843373494032
1192,0.001204819277108471
1193,-0.006174698795180733
1194,0.012048192771084376
1195,0.017394578313252973
1196,-0.014984939759036198
1197,-0.009864457831325335
1198,0.0011295180722891152
1199,-0.009337349397590344
1200,0.013253012048192736
1201,0.014608433734939696
1202,-0.002259036144578286
1203,0.008433734939759074
1204,0.01671686746987955
1205,0.01046686746987957
1206,-0.01671686746987955
1207,0.0033885542168674565
1208,0.002710843373494032
1209,0.017695783132530174
1210,0.0010542168674698704
1211,0.0031626506024096113
1212,0.011144578313252995
1213,0.01152108433734933
1214,-0.005045180722891618
1215,-0.017243975903614428
1216,0.015286144578313232
1217,0.004894578313253017
1218,-0.0370481927710844
1219,-0.01890060240963859
1220,-0.006927710843373458
1221,-0.013930722891566272
1222,-0.006551204819277123
1223,-0.006024096385542188
1224,0.01882530120481929
1225,0.008885542168674654
1226,0.014081325301204761
1227,0.013704819277108427
1228,0.003237951807228856
1229,-0.009864457831325224
1230,-0.008283132530120474
1231,0.009337349397590455
1232,-0.013554216867469882
1233,0.011972891566265131
1234,-0.010768072289156605
1235,0.009036144578313254
1236,0.0005271084337349352
1237,0.01927710843373498
1238,-0.004819277108433717
1239,-0.015286144578313232
1240,0.016039156626506013
1241,0.005346385542168597
1242,-0.008734939759036164
1243,-0.0011295180722891707
1244,0.015210843373493987
1245,0.017168674698795128
1246,-0.008810240963855465
1247,0.007153614457831359
1248,-0.017168674698795128
1249,0.006400602409638578
1250,0.01091867469879515
1251,-0.01137048192771084
1252,0.01106927710843375
1253,0.002710843373494032
1254,0.009713855421686679
1255,0.0018825301204818956
1256,0.015135542168674743
1257,-0.025000000000000022
1258,0.010692771084337416
1259,-0.005873493975903588
1260,-0.006626506024096368
1261,-0.008057228915662684
1262,0.007831325301204783
1263,0.006852409638554269
1264,0.00865963855421692
1265,-0.010165662650602425
1266,-0.0027108433734939763
1267,-0.025903614457831292
1268,0.013403614457831337
1269,-0.0005271084337349907
1270,0.01701807228915664
1271,0.011144578313252995
1272,0.003237951807228856
1273,0.01746987951807233
1274,-0.01769578313253012
1275,-0.001054216867469926
1276,-0.0036897590361445465
1277,-0.006249999999999978
1278,0.005948795180722888
1279,-0.01980421686746986
1280,-0.005572289156626498
1281,0.0033885542168674565
1282,0.006777108433734913
1283,-0.004518072289156627
1284,0.013478915662650692
1285,0.0033885542168674565
1286,-0.026581325301204772
1287,-0.004668674698795228
1288,-0.0010542168674698704
1289,-0.012801204819277101
1290,-0.0007530120481927804
1291,-0.0008283132530119697
1292,-0.005195783132530163
1293,-0.0018825301204819511
1294,0.002635542168674676
1295,0.006099397590361488
1296,0.002108433734939741
1297,-0.021611445783132566
1298,0.015813253012048167
1299,-0.01980421686746986
1300,0.010090361445783014
1301,0.01762048192771093
1302,0.002936746987951877
1303,0.0009789156626505147
1304,0.0037650602409639022
1305,-0.005572289156626498
1306,0.005346385542168708
1307,0.006249999999999978
1308,0.01912650602409649
1309,0.029819277108433684
1310,-0.006099397590361377
1311,-0.003237951807228856
1312,0.0063253012048192225
1313,0.014081325301204872
1314,-0.006400602409638578
1315,0.030873493975903665
1316,-0.018900602409638645
1317,-0.025150602409638456
1318,-0.000903614457831381
1319,0.02243975903614459
1320,0.004518072289156572
1321,-0.004518072289156627
1322,0.017243975903614484
1323,-0.023719879518072307
1324,7.530120481924474e-05
1325,0.008283132530120474
1326,0.01242469879518071
1327,-0.009789156626506035
1328,0.0013554216867469604
1329,-0.005873493975903588
1330,-0.007680722891566294
1331,-0.002936746987951766
1332,-0.00022590361445778973
1333,-0.019728915662650615
1334,-0.02055722891566264
1335,0.0028614457831325213
1336,-0.0006777108433734802
1337,-0.009789156626506035
1338,-0.011822289156626531
1339,-0.01287650602409629
1340,-0.0036144578313252462
1341,-0.004593373493975816
1342,0.018900602409638645
1343,0.026882530120481918
1344,-0.007680722891566294
1345,-0.004593373493975816
1346,0.008584337349397564
1347,0.0031626506024097223
1348,0.007605421686746938
1349,-0.004216867469879537
1350,-0.002183734939759041
1351,-0.023117469879518127
1352,0.02018072289156625
1353,-0.0028614457831325213
1354,-0.0036897590361445465
1355,-0.007756024096385483
1356,0.018298192771084354
1357,-0.01822289156626511
1358,-0.015587349397590322
1359,0.004066265060240992
1360,-0.01942771084337347
1361,0.005120481927710863
1362,0.018147590361445753
1363,-0.004216867469879537
1364,-0.009487951807228945
1365,-0.0014307228915662606
1366,0.012575301204819311
1367,-0.00060240963855418
1368,0.0036897590361446575
1369,0.005496987951807197
1370,-0.015286144578313232
1371,0.0021837349397589856
1372,0.02018072289156625
1373,-0.008509036144578264
1374,-0.008734939759036164
1375,0.0014307228915662051
1376,-0.02326807228915667
1377,0.011897590361445776
1378,0.0022590361445783413
1379,-0.007003012048192758
1380,0.0031626506024096113
1381,-0.007981927710843384
1382,-0.005271084337349408
1383,-0.004743975903614417
1384,0.026129518072289137
1385,-0.011370481927710785
1386,0.004894578313253017
1387,-0.005195783132530163
1388,-0.013102409638554191
1389,-0.004894578313253017
1390,0.005271084337349352
1391,0.0183734939759036
1392,-0.009412650602409645
1393,0.02108433734939763
1394,-0.005572289156626498
1395,0.0018825301204818956
1396,0.004141566265060237
1397,-0.01174698795180723
1398,-0.016265060240963858
1399,-0.0036897590361445465
1400,-0.01287650602409629
1401,0.00030120481927709
1402,0.03034638554216862
1403,0.002334337349397586
1404,0.01242469879518071
1405,-0.026280120481927793
1406,0.003840361445783147
1407,0.002334337349397586
1408,-0.011822289156626531
1409,-0.008057228915662684
1410,-0.0004518072289156905
1411,-0.005948795180722943
1412,0.01167168674698793
1413,-0.008358433734939774
1414,0.014081325301204872
1415,-0.005572289156626498
1416,-0.021912650602409545
1417,-0.0006777108433733692
1418,-0.010918674698795205
1419,-0.004066265060241048
1420,0.0030873493975902555
1421,-0.011822289156626531
1422,0.012048192771084376
1423,-0.01227409638554211
1424,0.004969879518072262
1425,-0.004216867469879537
1426,-0.0030873493975903665
1427,0.004894578313253017
1428,-0.0030120481927710663
1429,0.007981927710843384
1430,-0.0020331325301204406
1431,0.008584337349397564
1432,0.007078313253012003
1433,-0.006777108433734913
1434,-0.007605421686746994
1435,0.010542168674698815
1436,-0.0063253012048193336
1437,-0.014156626506024061
1438,0.017243975903614484
1439,0.02003012048192776
1440,0.015436746987951833
1441,0.006551204819277179
1442,-0.012123493975903565
1443,0.019503012048192714
1444,0.0006777108433734247
1445,0.004141566265060237
1446,-0.003087349397590311
1447,-0.02906626506024096
1448,7.530120481924474e-05
1449,-0.005271084337349408
1450,-0.002183734939759041
1451,0.010542168674698815
1452,-0.006249999999999978
1453,0.007680722891566294
1454,-0.0018825301204819511
1455,-0.023719879518072307
1456,0.010240963855421614
1457,0.00820783132530123
1458,0.023569277108433706
1459,0.004367469879518082
1460,-0.008810240963855354
1461,-0.0070783132530120585
1462,0.014231927710843473
1463,0.016566265060240948
1464,0.015512048192770966
1465,0.0015813253012048056
1466,-0.006551204819277123
1467,-0.008207831325301285
1468,-0.010993975903614395
1469,-0.01242469879518071
1470,-0.007981927710843328
1471,-0.0001506024096386005
1472,0.01046686746987957
1473,0.0
1474,0.007680722891566294
1475,-0.006024096385542188
1476,-0.0010542168674698704
1477,0.0036897590361445465
1478,-0.004216867469879537
1479,-0.006852409638554158
1480,0.012198795180722977
1481,-0.014231927710843417
1482,0.026656626506024184
1483,0.0036144578313253017
1484,0.007454819277108449
1485,0.003012048192771122
1486,0.00820783132530123
1487,-0.002108433734939741
1488,-0.023945783132530096
1489,7.530120481924474e-05
1490,0.005346385542168597
1491,0.0006777108433735357
1492,0.01046686746987957
1493,0.002334337349397586
1494,0.005572289156626442
1495,0.0075301204819276935
1496,-0.004442771084337438
1497,0.014683734939759052
1498,-0.006777108433734913
1499,0.006852409638554158
1500,0.01046686746987946
1501,-0.010090361445783125
1502,-0.013102409638554191
1503,-0.008207831325301174
1504,0.018900602409638534
1505,-0.009487951807228834
1506,0.0010542168674698704
1507,0.01611445783132537
1508,-0.009186746987951855
1509,-0.012499999999999956
1510,0.011596385542168797
1511,0.0030873493975903665
1512,-0.01777108433734942
1513,-0.004743975903614417
1514,0.003840361445783036
1515,0.006475903614457712
1516,-0.006475903614457823
1517,-0.006701807228915668
1518,0.001807228915662762
1519,0.0036897590361445465
1520,-0.006475903614457823
1521,0.015210843373493987
1522,-0.016340361445783103
1523,0.012650602409638556
1524,0.010240963855421614
1525,-0.0039909638554216365
1526,-0.021686746987951755
1527,0.021310240963855476
1528,-0.017620481927710818
1529,0.008433734939759074
1530,-0.017018072289156583
1531,-0.020105421686747005
1532,0.02334337349397586
1533,0.01076807228915655
1534,-0.0006777108433734802
1535,0.01822289156626511
1536,0.019051204819277023
1537,0.008584337349397564
1538,-0.009487951807228834
1539,0.002334337349397475
1540,-0.015286144578313232
1541,-0.009563253012048245
1542,0.0008283132530120252
1543,-0.012123493975903621
1544,-0.01423192771084325
1545,0.0025602409638553203
1546,0.0034638554216868123
1547,0.004668674698795172
1548,-0.0007530120481927804
1549,-0.0016566265060241059
1550,-0.011521084337349385
1551,-0.005722891566265098
1552,-0.0030120481927710663
1553,-0.005798192771084287
1554,-0.01882530120481929
1555,0.001506024096385561
1556,0.0042921686746988374
1557,0.020256024096385494
1558,0.016792168674698793
1559,0.012349397590361355
1560,-0.020481927710843395
1561,0.004066265060240992
1562,-0.002861445783132577
1563,0.007153614457831359
1564,-0.0017319277108433506
1565,-0.007304216867469904
1566,-0.022665662650602436
1567,0.01287650602409629
1568,-0.004518072289156627
1569,0.013554216867469826
1570,0.02033132530120485
1571,-0.0021837349397590966
1572,-0.011144578313252995
1573,0.014683734939759052
1574,0.002710843373493921
1575,-0.008132530120481873
1576,0.007756024096385539
1577,0.0045933734939760384
1578,0.0012801204819277157
1579,0.00022590361445784524
1580,0.0006777108433734247
1581,0.005045180722891618
1582,-0.0030120481927710663
1583,0.004518072289156572
1584,0.0005271084337349352
1585,0.026054216867469893
1586,0.011746987951807286
1587,0.0005271084337349352
1588,-0.001957831325301196
1589,-0.022364457831325346
1590,0.011144578313252995
1591,0.017846385542168663
1592,-0.017620481927710818
1593,0.0066265060240964235
1594,0.005421686746987953
1595,0.010843373493976016
1596,-0.012575301204819311
1597,-0.004593373493975927
1598,-0.008584337349397564
1599,0.016867469879518038
1600,-0.006400602409638578
1601,0.020707831325301185
1602,0.011972891566265131
1603,-0.006626506024096368
1604,0.010617469879517949
1605,0.010692771084337416
1606,0.002108433734939741
1607,-0.009412650602409645
1608,-0.00030120481927709
1609,-0.014834337349397597
1610,-0.01046686746987957
1611,-0.005271084337349408
1612,-7.530120481930025e-05
1613,-0.002635542168674676
1614,0.004367469879518082
1615,0.008734939759036053
1616,0.01106927710843375
1617,0.0017319277108432951
1618,0.017846385542168663
1619,0.013554216867469826
1620,0.030271084337349374
1621,0.03170180722891569
1622,0.002635542168674676
1623,0.009939759036144524
1624,0.0018825301204818956
1625,-0.0017319277108433506
1626,-0.005421686746987897
1627,0.0017319277108432951
1628,0.01106927710843375
1629,0.014307228915662606
1630,0.00805722891566274
1631,-0.023418674698795217
1632,0.0075301204819276935
1633,-0.005120481927710807
1634,0.0036144578313253017
1635,0.001506024096385561
1636,-0.002484939759036131
1637,-0.0185240963855422
1638,-0.017319277108433728
1639,0.007379518072289093
1640,0.009789156626506035
1641,0.008885542168674654
1642,0.02048192771084345
1643,-0.015813253012048167
1644,0.005873493975903532
1645,-0.03207831325301208
1646,0.0001506024096386005
1647,-0.005421686746988008
1648,0.003840361445783147
1649,0.01746987951807233
1650,0.005647590361445798
1651,-0.013102409638554191
1652,-0.015662650602409622
1653,0.01242469879518071
1654,-0.010165662650602425
1655,-0.010165662650602425
1656,0.006551204819277179
1657,0.0021837349397589856
1658,0.002033132530120385
1659,-0.0039909638554216365
1660,0.010015060240963769
1661,0.004066265060240992
1662,-0.005873493975903588
1663,-0.007078313253012114
1664,0.004141566265060237
1665,-0.0018072289156626509
1666,0.0185240963855422
1667,0.015436746987951833
1668,0.001807228915662762
1669,0.0
1670,-0.014081325301204872
1671,0.017545180722891573
1672,0.01091867469879515
1673,-0.01174698795180723
1674,-0.007981927710843328
1675,0.0012801204819277157
1676,-0.006099397590361377
1677,-0.01799698795180721
1678,0.01317771084337338
1679,0.0042921686746988374
1680,0.0022590361445783413
1681,-0.005572289156626553
1682,0.002936746987951766
1683,-0.021159638554216875
1684,0.002033132530120385
1685,-0.007078313253012114
1686,-0.000301204819277201
1687,-0.011897590361445776
1688,-0.004066265060241048
1689,-0.013177710843373491
1690,-0.0011295180722891707
1691,0.0013554216867469604
1692,-0.005572289156626498
1693,-0.008659638554216864
1694,0.0037650602409639022
1695,0.005647590361445798
1696,0.007078313253012114
1697,0.00790662650602414
1698,-0.006400602409638578
1699,-0.002033132530120496
1700,0.01882530120481929
1701,-0.010316265060241026
1702,-0.002936746987951766
1703,-0.007379518072289204
1704,0.017168674698795128
1705,0.0008283132530120252
1706,0.0004518072289156905
1707,0.0018825301204818956
1708,-0.016641566265060248
1709,0.001204819277108471
1710,-0.01106927710843375
1711,0.009412650602409589
1712,-0.0019578313253011403
1713,-0.015060240963855442
1714,-0.007003012048192814
1715,0.007756024096385539
1716,0.005647590361445798
1717,0.0008283132530120252
1718,-0.01897590361445789
1719,-0.016340361445783158
1720,0.028614457831325324
1721,0.0036897590361445465
1722,-0.0036144578313252462
1723,-0.004141566265060237
1724,0.02319277108433737
1725,-0.003539156626506057
1726,-0.002334337349397586
1727,-0.002108433734939741
1728,-0.004819277108433828
1729,0.0036897590361446575
1730,0.009789156626506035
1731,-0.0070783132530120585
1732,0.010843373493976016
1733,-0.006174698795180733
1734,0.011144578313252995
1735,0.0066265060240964235
1736,0.0072289156626504925
1737,0.00030120481927697895
1738,-0.011897590361445831
1739,0.01046686746987946
1740,-0.024021084337349452
1741,0.018749999999999933
1742,0.0072289156626506035
1743,-0.008433734939759074
1744,0.022665662650602436
1745,-0.003539156626506057
1746,-0.016867469879518038
1747,0.021912650602409656
1748,0.013253012048192736
1749,0.026204819277108493
1750,0.005421686746987953
1751,0.009789156626506035
1752,0.013478915662650581
1753,-0.0018825301204819511
1754,-0.0003765060240963902
1755,0.02033132530120485
1756,-0.007831325301204783
1757,-7.530120481930025e-05
1758,0.004216867469879482
1759,-0.002033132530120496
1760,-0.0019578313253011403
1761,-0.004141566265060237
1762,-0.010617469879518115
1763,-0.009864457831325335
1764,-0.011219879518072295
1765,0.0024849397590360756
1766,0.002108433734939741
1767,0.007831325301204894
1768,-0.007153614457831303
1769,-0.009789156626506035
1770,0.014156626506024117
1771,0.0072289156626504925
1772,0.012801204819277157
1773,-0.0018072289156627064
1774,-0.006099397590361377
1775,0.01987951807228916
1776,-0.0036144578313252462
1777,0.026280120481927738
1778,-0.0034638554216867012
1779,-0.007454819277108393
1780,-0.028012048192771144
1781,-0.016942771084337338
1782,0.017243975903614484
1783,0.0092620481927711
1784,-0.00060240963855418
1785,-0.014006024096385572
1786,-0.006400602409638578
1787,-0.0008283132530119697
1788,-0.004216867469879426
1789,-0.001506024096385561
1790,0.017921686746987908
1791,-0.0024096385542168863
1792,0.0012801204819277157
1793,-0.01807228915662651
1794,0.002710843373493921
1795,-0.009939759036144635
1796,0.010391566265060215
1797,-0.011144578313252995
1798,0.008132530120481984
1799,-0.014533132530120452
1800,0.0031626506024096113
1801,0.015963855421686768
1802,-0.022063253012048145
1803,0.00060240963855418
1804,0.02379518072289155
1805,0.007981927710843384
1806,0.015888554216867412
1807,0.0031626506024097223
1808,-0.005722891566264987
1809,0.019653614457831203
1810,0.017394578313253084
1811,-0.0021837349397590966
1812,0.005120481927710863
1813,-0.010542168674698815
1814,-0.008584337349397675
1815,-0.004066265060240937
1816,0.008584337349397564
1817,0.004743975903614417
1818,-0.015512048192771022
1819,0.010843373493975905
1820,0.003539156626506057
1821,-0.015587349397590322
1822,0.005572289156626442
1823,-0.0007530120481927804
1824,-0.0042921686746988374
1825,0.026581325301204828
1826,-0.026280120481927682
1827,0.004593373493975927
1828,-0.007906626506024084
1829,-0.01204819277108432
1830,-0.015436746987951833
1831,0.011144578313253106
1832,0.015436746987951833
1833,-0.004442771084337438
1834,-0.014683734939759052
1835,-0.01234939759036141
1836,-0.013855421686747083
1837,0.0005271084337349352
1838,0.005421686746987953
1839,0.008433734939759074
1840,-0.011746987951807175
1841,-0.007906626506024084
1842,-0.014683734939759052
1843,-0.012499999999999956
1844,-0.000301204819277201
1845,0.007605421686747049
1846,-0.005346385542168597
1847,0.003915662650602392
1848,0.0017319277108432951
1849,-0.009262048192771044
1850,-0.015135542168674632
1851,-0.0064759036144577675
1852,-0.014156626506024061
1853,0.004367469879518082
1854,-0.0018072289156626509
1855,0.016340361445783103
1856,-0.022966867469879526
1857,-0.004141566265060237
1858,-0.008509036144578264
1859,-0.002484939759036131
1860,0.0027861445783132766
1861,0.008132530120481873
1862,0.010391566265060215
1863,0.014231927710843362
1864,-0.0024849397590361866
1865,-0.005948795180722888
1866,0.017921686746987908
1867,-0.01204819277108432
1868,0.01091867469879515
1869,0.012500000000000067
1870,0.003237951807228856
1871,-0.0009789156626505702
1872,-0.0005271084337349907
1873,-0.0070783132530120585
1874,-0.013554216867469882
1875,0.0
1876,-0.002635542168674676
1877,0.0092620481927711
1878,-0.021310240963855476
1879,0.009638554216867434
1880,-0.009638554216867434
1881,0.0017319277108432951
1882,0.0005271084337349352
1883,0.00986445783132528
1884,-0.0012801204819276601
1885,0.00790662650602414
1886,0.0021837349397589856
1887,0.0006777108433734247
1888,0.011897590361445776
1889,-0.01362951807228907
1890,0.005798192771084398
1891,-0.006174698795180733
1892,-0.007981927710843384
1893,-0.027786144578313243
1894,-0.009412650602409645
1895,0.004216867469879482
1896,0.0001506024096386005
1897,-0.022063253012048145
1898,-0.004668674698795228
1899,0.007304216867469959
1900,0.0
1901,0.01972891566265056
1902,-7.530120481930025e-05
1903,0.0017319277108432951
1904,-0.004518072289156627
1905,-0.0037650602409638467
1906,0.0072289156626506035
1907,0.015436746987951833
1908,0.014156626506024117
1909,0.0034638554216867012
1910,-0.007304216867469904
1911,-0.014307228915662662
1912,-0.0012801204819277712
1913,-0.01957831325301207
1914,0.005572289156626442
1915,0.01061746987951806
1916,0.031626506024096335
1917,0.0025602409638554313
1918,0.0
1919,-0.0004518072289156905
1920,-0.02115963855421682
1921,0.02108433734939763
1922,0.021159638554216875
1923,0.002033132530120496
1924,-0.01927710843373487
1925,0.006400602409638578
1926,-0.01234939759036141
1927,0.003539156626506057
1928,-0.016189759036144558
1929,-0.006701807228915724
1930,0.018524096385542088
1931,0.0004518072289156905
1932,0.010240963855421614
1933,0.0219879518072289
1934,0.0007530120481927804
1935,0.014081325301204872
1936,-0.010165662650602425
1937,0.009412650602409589
1938,-0.01912650602409638
1939,-0.002409638554216831
1940,-0.022816265060240926
1941,0.004518072289156572
1942,0.002710843373494032
1943,0.014759036144578297
1944,-0.022816265060240926
1945,0.005873493975903532
1946,0.002635542168674676
1947,-0.012575301204819311
1948,0.0033885542168674565
1949,0.008433734939759074
1950,0.0021837349397589856
1951,0.007981927710843273
1952,-0.010542168674698815
1953,-0.01867469879518069
1954,-0.009036144578313254
1955,0.01016566265060237
1956,0.016340361445783214
1957,0.005496987951807197
1958,0.03260542168674696
1959,-0.009111445783132444
1960,-0.004141566265060237
1961,0.0
1962,-0.005271084337349408
1963,-0.0007530120481927804
1964,0.005647590361445798
1965,0.0221385542168675
1966,-0.003237951807228856
1967,0.006400602409638578
1968,-0.008509036144578264
1969,-0.00045180722891557945
1970,0.0063253012048192225
1971,-0.004066265060241048
1972,-0.004518072289156627
1973,-0.022439759036144535
1974,-0.01927710843373498
1975,-0.008659638554216864
1976,-0.0075301204819276935
1977,-0.000903614457831381
1978,-0.0311746987951807
1979,-0.006701807228915724
1980,0.002033132530120496
1981,-0.008885542168674654
1982,-0.002033132530120496
1983,-0.0072289156626507145
1984,0.005873493975903643
1985,-0.010316265060241026
1986,-0.025602409638554202
1987,0.013177710843373491
1988,-0.007003012048192758
1989,-0.01716867469879524
1990,-0.009186746987951855
1991,0.003237951807228856
1992,-0.011219879518072351
1993,-0.010015060240963825
1994,0.00790662650602414
1995,-0.01995481927710846
1996,-0.01686746987951815
1997,-0.019879518072289215
1998,0.010240963855421725
1999,-0.005045180722891507
2000,-0.001204819277108471
2001,0.02349397590361446
2002,0.009412650602409589
2003,-0.0034638554216867012
2004,0.003539156626506057
2005,0.000301204819277201
2006,0.0
2007,-0.005346385542168597
2008,-0.009713855421686735
2009,-0.004819277108433828
2010,-0.01957831325301207
2011,0.0028614457831325213
2012,-0.005271084337349408
2013,0.0005271084337349352
2014,-0.01837349397590371
2015,-0.002033132530120496
2016,-0.009337349397590344
2017,0.015286144578313232
2018,-0.005346385542168708
2019,-0.012123493975903565
2020,-0.0007530120481927804
2021,0.01716867469879524
2022,-0.015060240963855442
2023,-0.002259036144578286
2024,0.016340361445783103
2025,-0.020105421686747005
2026,0.02108433734939763
2027,0.005195783132530218
2028,-0.009563253012048245
2029,0.008584337349397675
2030,0.012951807228915646
2031,0.015210843373493987
2032,0.008810240963855409
2033,0.013855421686747027
2034,0.011295180722891596
2035,-0.013478915662650692
2036,0.02078313253012054
2037,-0.007304216867469848
2038,-0.015963855421686768
2039,-0.009111445783132555
2040,0.0015813253012048056
2041,-0.01227409638554211
2042,0.007680722891566294
2043,0.01197289156626502
2044,-0.003087349397590311
2045,0.004668674698795172
2046,0.027560240963855454
2047,0.010391566265060215
2048,-0.012274096385542221
2049,-0.01769578313253012
2050,0.02914156626506026
2051,-0.025301204819277112
2052,0.0022590361445783413
2053,0.01091867469879515
2054,0.010015060240963769
2055,0.00015060240963848948
2056,0.0001506024096386005
2057,-0.0126506024096385
2058,0.010993975903614506
2059,0.003840361445783036
2060,0.03847891566265049
2061,0.017394578313252973
2062,-0.002484939759036131
2063,-0.000903614457831381
2064,0.002108433734939741
2065,-0.001506024096385561
2066,-0.01927710843373487
2067,-0.0007530120481927804
2068,-0.0010542168674698704
2069,-0.02010542168674695
2070,-0.014156626506024061
2071,-0.0017319277108433506
2072,0.01061746987951806
2073,-0.010993975903614395
2074,-0.0069277108433735135
2075,0.002334337349397586
2076,0.0006777108433734247
2077,0.0060240963855421326
2078,0.00060240963855418
2079,-0.009487951807228945
2080,-0.0007530120481927804
2081,-0.004066265060241048
2082,-0.004819277108433828
2083,-0.003237951807228856
2084,0.006099397590361377
2085,-0.03170180722891569
2086,0.00790662650602414
2087,0.0017319277108432951
2088,-0.002108433734939741
2089,-0.0036144578313252462
2090,0.014909638554216786
2091,0.002334337349397586
2092,0.020256024096385605
2093,0.004066265060240992
2094,0.0125753012048192
2095,0.009111445783132499
2096,-0.003237951807228967
2097,0.004442771084337438
2098,-0.010617469879518004
2099,0.004292168674698726
2100,0.011144578313252995
2101,-0.017620481927710818
2102,0.006400602409638689
2103,0.004743975903614417
2104,0.003539156626506057
2105,0.005722891566265043
2106,-0.002183734939759041
2107,-0.009939759036144635
2108,0.006099397590361488
2109,0.01762048192771093
2110,-0.000903614457831381
2111,0.018147590361445753
2112,-0.009111445783132555
2113,-0.008057228915662684
2114,-0.009638554216867434
2115,-0.005948795180722777
2116,-0.005873493975903588
2117,-0.0013554216867469604
2118,-0.01129518072289154
2119,-0.008734939759036053
2120,-0.022740963855421736
2121,-0.0018825301204819511
2122,-0.004141566265060237
2123,-0.006852409638554213
2124,-0.010617469879518115
2125,0.002635542168674676
2126,0.010843373493976016
2127,-0.004066265060241048
2128,0.006475903614457712
2129,-0.007153614457831303
2130,0.004367469879518082
2131,0.018900602409638534
2132,-0.0042921686746988374
2133,-0.006400602409638578
2134,0.002936746987951877
2135,-0.022966867469879526
2136,0.0031626506024097223
2137,0.002108433734939741
2138,0.011445783132530196
2139,-0.0070783132530120585
2140,-0.00060240963855418
2141,-0.03087349397590361
2142,0.020707831325301185
2143,-0.013478915662650692
2144,-0.0070783132530120585
2145,-0.008960843373493954
2146,-0.0075301204819276935
2147,-0.008132530120481873
2148,-0.005346385542168708
2149,-0.005271084337349408
2150,-0.005722891566265098
2151,0.00850903614457832
2152,0.008584337349397675
2153,-0.0127259036144578
2154,0.008734939759036053
2155,0.015587349397590433
2156,-0.007153614457831303
2157,-0.006174698795180733
2158,-0.015060240963855442
2159,0.0013554216867469604
2160,-0.002259036144578286
2161,-0.007228915662650548
2162,-0.020331325301204795
2163,0.004442771084337438
2164,-0.011370481927710785
2165,0.015963855421686768
2166,0.004969879518072262
2167,0.00790662650602414
2168,-0.004066265060241048
2169,-0.0005271084337349907
2170,-0.0030120481927710663
2171,0.0005271084337349352
2172,0.004668674698795172
2173,0.018448795180722843
2174,0.010542168674698815
2175,0.0024849397590360756
2176,-0.014156626506024061
2177,-0.017243975903614372
2178,-0.005271084337349408
2179,-0.01069277108433736
2180,-0.014231927710843362
2181,0.0009036144578312699
2182,0.013102409638554247
2183,-0.013629518072289182
2184,-0.005798192771084287
2185,-0.0036897590361445465
2186,0.0072289156626506035
2187,-0.006249999999999978
2188,0.0063253012048192225
2189,0.005195783132530218
2190,-0.0017319277108433506
2191,-0.014081325301204872
2192,0.009638554216867434
2193,-0.002033132530120496
2194,-0.006249999999999978
2195,-0.008659638554216864
2196,-0.002108433734939741
2197,0.014909638554216786
2198,0.0039909638554217475
2199,0.01091867469879515
2200,-0.01137048192771084
2201,-0.004141566265060237
2202,0.0066265060240963125
2203,-0.011144578313252995
2204,0.008734939759036164
2205,0.004216867469879482
2206,-0.016189759036144558
2207,0.02929216867469875
2208,-0.006325301204819278
2209,0.02078313253012043
2210,0.0039909638554217475
2211,-0.020331325301204795
2212,0.0063253012048192225
2213,-0.0018072289156626509
2214,-0.004969879518072318
2215,-0.004743975903614417
2216,0.005948795180722888
2217,0.018750000000000044
2218,0.01242469879518071
2219,0.0017319277108432951
2220,-0.005496987951807197
2221,-0.0038403614457830915
2222,0.012951807228915646
2223,0.0219879518072289
2224,0.001807228915662762
2225,0.00820783132530123
2226,0.0008283132530120252
2227,0.014382530120481962
2228,0.0018825301204818956
2229,0.02123493975903612
2230,-0.010542168674698815
2231,0.010240963855421725
2232,-0.0034638554216867012
2233,0.006174698795180733
2234,0.007454819277108449
2235,-0.01664156626506036
2236,0.0039909638554216365
2237,0.02003012048192765
2238,-0.0003765060240963902
2239,0.004743975903614417
2240,0.0
2241,0.00805722891566274
2242,-0.015060240963855442
2243,-0.0069277108433735135
2244,-0.003915662650602447
2245,-0.014759036144578408
2246,-0.006024096385542188
2247,-0.0030120481927710663
2248,0.017319277108433728
2249,0.007078313253012003
2250,0.009789156626506035
2251,-0.01099397590361445
2252,-0.0018825301204819511
2253,-0.006099397590361488
2254,0.011897590361445776
2255,-0.010316265060241026
2256,-0.014382530120481962
2257,0.017620481927710818
2258,0.01897590361445789
2259,-0.0126506024096385
2260,0.018147590361445753
2261,0.007981927710843273
2262,-0.0185240963855422
2263,-0.011897590361445776
2264,0.011144578313253106
2265,0.004216867469879482
2266,-0.005271084337349408
2267,0.0006777108433734247
2268,0.006701807228915668
2269,0.004066265060240992
2270,0.0006777108433734247
2271,-0.015888554216867468
2272,0.014081325301204872
2273,0.002409638554216942
2274,-0.0020331325301204406
2275,0.015963855421686768
2276,-0.006701807228915668
2277,0.02168674698795181
2278,-0.004292168674698726
2279,-0.008057228915662684
2280,0.03576807228915657
2281,0.00820783132530123
2282,-0.0070783132530120585
2283,0.02108433734939763
2284,-0.0014307228915662606
2285,0.0012801204819277157
2286,-0.010617469879518115
2287,0.020406626506024095
2288,-0.006551204819277123
2289,0.02153614457831321
2290,-0.010692771084337305
2291,-0.005647590361445798
2292,0.005271084337349352
2293,0.010542168674698815
2294,-0.004292168674698726
2295,-0.002560240963855487
2296,-0.0030120481927710663
2297,-0.004743975903614417
2298,-0.014834337349397597
2299,-0.0033885542168674565
2300,0.015286144578313232
2301,0.01106927710843375
2302,-0.0006777108433734802
2303,-0.014231927710843362
2304,0.015512048192770966
2305,0.006551204819277179
2306,0.003237951807228856
2307,-0.004216867469879426
2308,0.004894578313253017
2309,-0.004743975903614417
2310,-0.004668674698795228
2311,-0.01287650602409629
2312,-0.0033132530120481563
2313,-0.0036897590361445465
2314,0.01016566265060237
2315,-0.0072289156626506035
2316,-0.01227409638554211
2317,-0.010240963855421725
2318,0.007003012048192758
2319,0.01897590361445789
2320,-0.02417168674698794
2321,-0.014834337349397542
2322,0.013629518072289182
2323,-0.0009789156626505702
2324,-0.0012801204819277712
2325,0.0075301204819276935
2326,0.014156626506024117
2327,-0.0014307228915662606
2328,-0.011144578313252995
2329,0.01822289156626511
2330,-0.009638554216867434
2331,-0.009864457831325224
2332,-0.020406626506024095
2333,-0.02025602409638555
2334,7.530120481935576e-05
2335,0.0014307228915663162
2336,0.0072289156626506035
2337,-0.003087349397590311
2338,0.032831325301204806
2339,-0.014081325301204872
2340,0.006250000000000089
2341,-0.001957831325301196
2342,-0.008433734939759074
2343,-0.01039156626506027
2344,-0.001957831325301196
2345,-0.002259036144578286
2346,-0.01686746987951815
2347,-0.002183734939759041
2348,-0.01159638554216863
2349,0.01987951807228916
2350,0.007605421686747049
2351,-0.014081325301204872
2352,0.005120481927710863
2353,0.013930722891566272
2354,-0.015963855421686768
2355,0.00956325301204819
2356,0.019201807228915624
2357,-0.015436746987951833
2358,-0.0006777108433734802
2359,-0.022439759036144535
2360,-0.008283132530120474
2361,0.012048192771084376
2362,-0.014683734939759052
2363,-0.008057228915662684
2364,0.0028614457831326323
2365,0.004894578313253017
2366,-0.009487951807228945
2367,-0.010015060240963825
2368,-0.0075301204819276935
2369,-0.0001506024096386005
2370,7.530120481924474e-05
2371,-0.01204819277108432
2372,-0.00060240963855418
2373,-0.007454819277108393
2374,0.0010542168674699814
2375,0.0011295180722891152
2376,0.0186746987951808
2377,-0.0007530120481927804
2378,-0.011746987951807175
2379,-0.00022590361445778973
2380,0.008810240963855409
2381,0.0030873493975903665
2382,-0.01204819277108432
2383,-0.015512048192771077
2384,0.00835843373493983
2385,0.014834337349397653
2386,-0.007003012048192758
2387,-0.015888554216867412
2388,0.02093373493975903
2389,0.015662650602409567
2390,-0.008057228915662573
2391,-0.000903614457831381
2392,0.017243975903614484
2393,0.0008283132530120252
2394,0.003915662650602392
2395,-0.007680722891566294
2396,-0.020707831325301185
2397,0.010993975903614506
2398,-0.014834337349397597
2399,0.03621987951807226
2400,0.005271084337349352
2401,-0.008659638554216864
2402,-0.005798192771084398
2403,-0.004593373493975816
2404,0.004969879518072262
2405,0.01182228915662642
2406,0.003237951807228856
2407,-0.008283132530120474
2408,0.016942771084337394
2409,0.004969879518072262
2410,0.00956325301204819
2411,-7.530120481930025e-05
2412,0.007756024096385539
2413,0.016039156626506013
2414,-0.00060240963855418
2415,0.016189759036144613
2416,0.0030873493975903665
2417,0.02003012048192765
2418,-0.015587349397590378
2419,-0.01234939759036141
2420,0.008358433734939719
2421,0.024472891566265087
2422,-0.01859939759036139
2423,-0.011521084337349385
2424,-0.01227409638554211
2425,-0.01799698795180721
2426,-0.041189759036144635
2427,-0.005271084337349408
2428,-0.015737951807228923
2429,0.0018825301204818956
2430,-0.011596385542168741
2431,0.012349397590361466
2432,0.009186746987951855
2433,-0.0027108433734939763
2434,0.002334337349397586
2435,-0.01837349397590371
2436,-0.005195783132530107
2437,0.01076807228915666
2438,0.008358433734939719
2439,-0.0019578313253011403
2440,-0.020707831325301185
2441,0.00896084337349401
2442,-0.0070783132530120585
2443,-0.015286144578313232
2444,0.004066265060240992
2445,-0.0036897590361446575
2446,0.0024849397590360756
2447,-0.011596385542168741
2448,0.00835843373493983
2449,0.003237951807228967
2450,0.013253012048192736
2451,-0.005496987951807197
2452,0.0012801204819277157
2453,-0.041415662650602425
2454,-0.04977409638554209
2455,0.008283132530120474
2456,0.0027861445783131655
2457,-0.010165662650602425
2458,-0.011521084337349441
2459,0.005195783132530107
2460,0.014307228915662606
2461,-0.013102409638554191
2462,-0.02838855421686748
2463,-0.0010542168674698704
2464,-0.005045180722891618
2465,0.0031626506024097223
2466,0.002635542168674676
2467,-0.0038403614457830915
2468,-0.0127259036144578
2469,0.024774096385542288
2470,0.001807228915662762
2471,0.01927710843373487
2472,-0.011897590361445776
2473,0.007756024096385539
2474,-0.008509036144578264
2475,-0.002635542168674676
2476,-0.005271084337349408
2477,-0.003840361445783147
2478,0.002710843373494032
2479,-0.007003012048192758
2480,0.002635542168674676
2481,0.013930722891566272
2482,0.018900602409638534
2483,0.0017319277108432951
2484,-0.013704819277108482
2485,0.009186746987951855
2486,0.014984939759036142
2487,-0.00015060240963848948
2488,-0.014909638554216897
2489,0.011596385542168686
2490,-0.020331325301204795
2491,-0.005798192771084398
2492,0.002710843373493921
2493,-0.0024096385542168863
2494,0.0006777108433735357
2495,-0.002033132530120496
2496,-0.007831325301204894
2497,0.001506024096385561
2498,0.010692771084337416
2499,0.002033132530120496
2500,0.01242469879518071
2501,-0.0003765060240963902
2502,-0.007756024096385483
2503,-0.0061746987951806775
2504,-0.01197289156626502
2505,0.0072289156626506035
2506,0.004743975903614417
2507,-0.008810240963855465
2508,0.026807228915662562
2509,0.014307228915662606
2510,0.012198795180722866
2511,0.0036897590361446575
2512,-0.014307228915662662
2513,-0.012876506024096401
2514,-0.002635542168674676
2515,0.00060240963855418
2516,0.004367469879518082
2517,-0.005722891566265098
2518,-0.010165662650602425
2519,0.006551204819277179
2520,-0.0042921686746988374
2521,-0.01807228915662651
2522,-0.012274096385542221
2523,0.0027861445783132766
2524,-0.009563253012048245
2525,0.015135542168674632
2526,0.002334337349397475
2527,-0.01204819277108432
2528,0.0031626506024097223
2529,-0.01807228915662651
2530,-0.01167168674698793
2531,-0.017620481927710818
2532,0.002635542168674676
2533,0.018900602409638534
2534,0.010090361445783125
2535,0.02944277108433735
2536,-0.003915662650602447
2537,0.02108433734939763
2538,0.008885542168674654
2539,-0.0001506024096386005
2540,-0.008207831325301174
2541,0.005722891566265043
2542,-0.01701807228915664
2543,0.005572289156626442
2544,0.031325301204819245
2545,-0.014156626506024061
2546,-0.012876506024096401
2547,0.0034638554216867012
2548,0.015210843373493987
2549,-0.01777108433734942
2550,0.00060240963855418
2551,-0.004442771084337327
2552,-0.01046686746987957
2553,-0.006701807228915668
2554,-0.0009789156626505702
2555,0.0013554216867469604
2556,-0.013177710843373491
2557,0.006777108433734913
2558,0.022515060240963836
2559,0.002936746987951877
2560,-0.0011295180722891707
2561,-0.007605421686746994
2562,0.008584337349397564
2563,-0.0073795180722891485
2564,-0.006626506024096368
2565,-0.008659638554216864
2566,0.0031626506024097223
2567,0.010843373493975905
2568,-0.006852409638554213
2569,0.013930722891566272
2570,0.012876506024096401
2571,7.530120481924474e-05
2572,-0.024096385542168697
2573,0.0010542168674698704
2574,0.010090361445783125
2575,-0.004894578313253017
2576,0.0016566265060241614
2577,-0.028313253012048123
2578,0.01167168674698793
2579,0.002108433734939852
2580,-0.006249999999999978
2581,0.005948795180722888
2582,0.002409638554216942
2583,-0.016114457831325257
2584,0.017846385542168663
2585,-0.011370481927710785
2586,-0.004216867469879537
2587,-0.008283132530120474
2588,0.030421686746987975
2589,0.008810240963855409
2590,0.016566265060240948
2591,0.020858433734939785
2592,0.006551204819277179
2593,-0.0004518072289156905
2594,-0.004593373493975927
2595,0.0010542168674699814
2596,0.009638554216867434
2597,0.0022590361445783413
2598,-0.0008283132530119697
2599,0.004969879518072262
2600,0.017243975903614484
2601,0.0060240963855421326
2602,0.0042921686746988374
2603,0.0310993975903614
2604,0.012575301204819311
2605,0.008433734939759074
2606,-0.0037650602409638467
2607,-0.00022590361445778973
2608,0.02838855421686748
2609,0.008885542168674654
2610,-0.006249999999999978
2611,-0.0003765060240963902
2612,0.002033132530120496
2613,-0.021837349397590355
2614,0.01121987951807224
2615,-0.011822289156626531
2616,0.005496987951807197
2617,-0.001204819277108471
2618,0.003840361445783036
2619,0.0010542168674699814
2620,-0.01671686746987955
2621,-0.0010542168674698704
2622,-0.004216867469879426
2623,0.007304216867469848
2624,-0.0033132530120482673
2625,0.002033132530120496
2626,-7.530120481918923e-05
2627,0.009789156626506035
2628,-0.01129518072289154
2629,0.002936746987951877
2630,-0.001957831325301196
2631,0.0063253012048192225
2632,0.012349397590361466
2633,0.00850903614457832
2634,-0.020858433734939785
2635,0.010993975903614506
2636,-0.008885542168674654
2637,-0.008433734939759074
2638,0.0072289156626506035
2639,0.013102409638554247
2640,-0.01769578313253012
2641,0.0024849397590360756
2642,0.005948795180722888
2643,0.014533132530120452
2644,-0.006626506024096368
2645,0.008433734939759074
2646,-0.022891566265060226
2647,-0.008433734939759074
2648,0.007605421686746938
2649,0.0012801204819277157
2650,-0.008584337349397564
2651,0.0013554216867469604
2652,0.003012048192771122
2653,0.003840361445783147
2654,-0.005120481927710807
2655,0.004442771084337327
2656,-0.005572289156626553
2657,-0.009939759036144635
2658,-0.008283132530120474
2659,-0.019352409638554224
2660,-0.008132530120481873
2661,0.002033132530120496
2662,0.002635542168674676
2663,-0.004894578313253017
2664,-0.0001506024096386005
2665,-0.011822289156626531
2666,0.01762048192771093
2667,-0.008810240963855465
2668,-0.020331325301204795
2669,-0.01106927710843375
2670,0.028463855421686723
2671,0.0018825301204818956
2672,-0.0028614457831325213
2673,-0.020105421686747005
2674,0.009487951807228834
2675,0.007605421686747049
2676,0.00956325301204819
2677,0.009412650602409589
2678,0.01016566265060237
2679,0.003539156626505946
2680,0.0005271084337349352
2681,-0.008659638554216864
2682,0.025225903614457867
2683,0.004969879518072262
2684,-0.0033132530120481563
2685,0.002108433734939741
2686,-0.014231927710843362
2687,0.007454819277108449
2688,-0.0020331325301204406
2689,0.0012801204819277157
2690,-0.01822289156626511
2691,0.005948795180722999
2692,0.006852409638554269
2693,0.003539156626506057
2694,-0.0075301204819276935
2695,0.0024849397590360756
2696,0.006249999999999978
2697,-0.004593373493975983
2698,0.0036144578313253017
2699,0.0024849397590360756
2700,-0.01144578313253014
2701,-0.0042921686746988374
2702,0.014006024096385516
2703,0.004066265060240992
2704,0.0014307228915663162
2705,-0.005045180722891618
2706,-0.01807228915662651
2707,-0.004743975903614417
2708,-0.001506024096385561
2709,0.006249999999999978
2710,-0.021009036144578386
2711,-0.015888554216867412
2712,-0.008810240963855465
2713,0.02063253012048205
2714,0.024246987951807242
2715,-0.008132530120481873
2716,0.003539156626506057
2717,0.009036144578313254
2718,0.022816265060241037
2719,-0.012500000000000011
2720,-0.013102409638554302
2721,0.0030873493975902555
2722,-0.006325301204819278
2723,0.01746987951807233
2724,0.01927710843373487
2725,-0.013253012048192847
2726,0.02048192771084345
2727,0.006777108433734913
2728,0.0027861445783132766
2729,-0.004668674698795228
2730,-0.024472891566265087
2731,0.02078313253012054
2732,-0.008132530120481873
2733,-0.01709337349397594
2734,0.005647590361445798
2735,-0.006325301204819278
2736,-0.0015813253012047501
2737,-0.0033885542168674565
2738,-0.0011295180722891707
2739,-0.022289156626506046
2740,-0.001204819277108471
2741,0.017093373493975883
2742,-0.01822289156626511
2743,0.003237951807228967
2744,0.020406626506024206
2745,-0.03034638554216862
2746,0.02078313253012054
2747,0.014307228915662606
2748,0.0025602409638554313
2749,-0.006777108433734913
2750,0.014759036144578297
2751,-0.005722891566264987
2752,0.0037650602409639022
2753,-0.01942771084337347
2754,0.01671686746987955
2755,-0.015963855421686768
2756,-0.002108433734939741
2757,7.530120481924474e-05
2758,0.0019578313253011403
2759,0.01197289156626502
2760,0.0021837349397590966
2761,0.006475903614457823
2762,0.004367469879518082
2763,0.027936746987951788
2764,-0.0033885542168674565
2765,-0.0033885542168674565
2766,0.025978915662650648
2767,0.008132530120481984
2768,-0.007304216867469904
2769,0.0008283132530120252
2770,-0.007304216867469904
2771,0.0016566265060241614
2772,0.01287650602409629
2773,0.009111445783132499
2774,0.02003012048192765
2775,0.003237951807228856
2776,-0.004819277108433828
2777,0.01197289156626502
2778,-0.002484939759036131
2779,-0.012801204819277101
2780,0.0033132530120482118
2781,-0.008960843373493954
2782,-0.0012801204819277712
2783,-0.004743975903614417
2784,0.013704819277108427
2785,0.006701807228915779
2786,-0.022665662650602436
2787,-0.0027861445783132766
2788,-0.0025602409638554313
2789,-0.011521084337349385
2790,-0.013554216867469882
2791,0.012951807228915646
2792,0.006701807228915779
2793,-0.005346385542168597
2794,-0.005948795180722943
2795,0.0022590361445783413
2796,0.01001506024096388
2797,-0.010918674698795205
2798,-0.0006777108433735357
2799,-0.01807228915662651
2800,-0.002108433734939741
2801,-0.016265060240963858
2802,0.002334337349397586
2803,-0.017545180722891518
2804,-0.014834337349397597
2805,0.008734939759036164
2806,-0.0005271084337349907
2807,0.008433734939759074
2808,-0.016566265060240948
2809,0.007981927710843384
2810,0.00820783132530123
2811,-0.004442771084337327
2812,-0.01784638554216872
2813,0.027560240963855454
2814,-0.006475903614457823
2815,-0.019427710843373525
2816,-0.005647590361445798
2817,0.0034638554216867012
2818,-0.01942771084337347
2819,0.017545180722891573
2820,0.0016566265060241614
2821,0.006777108433734913
2822,0.020707831325301185
2823,0.0009789156626505147
2824,-0.010240963855421725
2825,-0.0033885542168674565
2826,-0.0033132530120482673
2827,0.0016566265060240504
2828,-0.0018825301204819511
2829,0.003237951807228856
2830,-0.007756024096385483
2831,0.01212349397590351
2832,0.0030873493975902555
2833,0.0012801204819277157
2834,0.0019578313253011403
2835,-0.0031626506024096668
2836,-0.007680722891566294
2837,-0.006249999999999978
2838,-0.010090361445783125
2839,0.0018825301204818956
2840,0.002033132530120496
2841,0.00022590361445784524
2842,-0.005798192771084287
2843,0.0015813253012048056
2844,-0.005346385542168708
2845,-0.006099397590361377
2846,-0.0030873493975903665
2847,-0.0027108433734939763
2848,0.004518072289156572
2849,-0.01129518072289154
2850,-0.004819277108433828
2851,-0.008584337349397564
2852,0.004894578313253017
2853,-0.0005271084337349907
2854,-0.006701807228915724
2855,0.0063253012048193336
2856,0.008283132530120474
2857,0.01671686746987955
2858,-0.01204819277108432
2859,-0.008207831325301285
2860,0.011144578313252995
2861,0.01046686746987957
2862,0.00820783132530123
2863,-0.005722891566265098
2864,0.002334337349397586
2865,-0.0007530120481927804
2866,0.004442771084337327
2867,0.005045180722891618
2868,0.012349397590361466
2869,-0.005572289156626498
2870,0.0006777108433735357
2871,0.005948795180722888
2872,0.024021084337349508
2873,-0.011746987951807175
2874,0.003915662650602392
2875,0.0012801204819276046
2876,0.012048192771084376
2877,0.004743975903614528
2878,0.0069277108433735135
2879,0.02078313253012054
2880,0.008283132530120474
2881,-0.02876506024096387
2882,0.015512048192770966
2883,-0.013478915662650581
2884,-0.01995481927710846
2885,0.005120481927710863
2886,-0.004066265060241048
2887,-0.005271084337349408
2888,0.00986445783132528
2889,0.025677710843373558
2890,0.006475903614457823
2891,0.011822289156626531
2892,-0.019277108433735035
2893,0.0027861445783131655
2894,0.02349397590361446
2895,-0.01746987951807233
2896,-0.006475903614457823
2897,0.0039909638554216365
2898,0.0015813253012048056
2899,-0.006551204819277123
2900,0.0016566265060240504
2901,0.003237951807228856
2902,-0.0007530120481927804
2903,0.007680722891566183
2904,-0.005195783132530107
2905,0.01212349397590351
2906,0.015135542168674854
2907,0.0007530120481927804
2908,0.013478915662650581
2909,-0.001506024096385561
2910,0.024246987951807242
2911,-0.007756024096385483
2912,0.016114457831325257
2913,0.013403614457831337
2914,-0.009789156626506035
2915,0.017545180722891573
2916,-0.014834337349397597
2917,-0.005948795180722777
2918,0.02319277108433737
2919,-0.01362951807228907
2920,0.019653614457831314
2921,0.021912650602409656
2922,0.005045180722891618
2923,-0.004066265060240937
2924,0.0025602409638555423
2925,0.013102409638554247
2926,-0.0036144578313252462
2927,-0.009789156626506035
2928,-0.005496987951807253
2929,0.005271084337349352
2930,-0.010466867469879515
2931,0.004367469879518082
2932,0.005120481927710863
2933,-0.021385542168674665
2934,0.014683734939759163
2935,0.00805722891566274
2936,0.0005271084337349352
2937,0.011295180722891596
2938,0.005120481927710863
2939,0.0011295180722891152
2940,-0.001506024096385561
2941,0.000903614457831381
2942,-0.0033132530120482673
2943,-0.0011295180722891707
2944,-0.0030873493975903665
2945,-0.014081325301204872
2946,0.0031626506024097223
2947,0.013930722891566272
2948,0.007605421686747049
2949,-0.01144578313253014
2950,0.014231927710843362
2951,0.0015813253012048056
2952,-0.00022590361445778973
2953,7.530120481924474e-05
2954,0.0007530120481927804
2955,-0.002409638554216831
2956,-0.013930722891566272
2957,0.009186746987951855
2958,0.013780120481927671
2959,-0.008433734939759074
2960,-0.01129518072289154
2961,-0.007680722891566294
2962,-0.005120481927710807
2963,-0.013177710843373491
2964,0.008132530120481873
2965,0.0039909638554216365
2966,0.00030120481927709
2967,-0.013855421686746971
2968,-0.017921686746987908
2969,0.0013554216867469604
2970,-0.019126506024096435
2971,-0.004969879518072318
2972,0.009111445783132499
2973,0.004518072289156572
2974,-0.0037650602409638467
2975,0.007680722891566294
2976,-0.0007530120481927804
2977,0.004969879518072262
2978,-0.021084337349397575
2979,-0.0001506024096386005
2980,-0.01611445783132537
2981,-0.021310240963855365
2982,0.02733433734939761
2983,0.005195783132530107
2984,-0.005045180722891618
2985,0.006099397590361377
2986,-0.008960843373493954
2987,0.003840361445783147
2988,-0.005873493975903588
2989,-0.021234939759036175
2990,-0.007756024096385594
2991,-0.004367469879518027
2992,-0.003539156626506057
2993,-0.012575301204819311
2994,-0.00022590361445778973
2995,0.010542168674698815
2996,-0.014608433734939752
2997,0.028915662650602414
2998,-0.015737951807228923
2999,-0.010617469879518115
3000,-0.0019578313253011403
3001,-0.004743975903614417
3002,0.01212349397590351
3003,0.006099397590361377
3004,-0.023418674698795217
3005,0.0011295180722891152
3006,-0.009262048192771044
3007,0.002936746987951766
3008,0.003539156626506057
3009,0.021460843373493965
3010,-0.005346385542168708
3011,0.0009789156626505147
3012,0.001204819277108471
3013,-0.016039156626506013
3014,-0.017243975903614428
3015,-0.010918674698795094
3016,-0.0028614457831325213
3017,0.004969879518072262
3018,-0.00022590361445778973
3019,0.012500000000000067
3020,0.00956325301204819
3021,0.0033132530120482118
3022,-0.0016566265060241059
3023,-0.008057228915662684
3024,0.004819277108433773
3025,-0.000903614457831381
3026,0.003237951807228856
3027,0.007003012048192758
3028,0.014307228915662606
3029,-0.010240963855421725
3030,0.0072289156626507145
3031,-0.017243975903614428
3032,0.0069277108433734025
3033,-0.013704819277108482
3034,0.0069277108433735135
3035,-0.0017319277108433506
3036,-0.004367469879518027
3037,-0.007605421686746938
3038,0.018448795180722843
3039,-0.007003012048192814
3040,0.008433734939759074
3041,0.01716867469879524
3042,-0.00030120481927709
3043,-0.006852409638554213
3044,-0.004518072289156627
3045,-0.002334337349397586
3046,0.006250000000000089
3047,-0.011822289156626531
3048,0.00835843373493983
3049,-0.0024096385542168863
3050,0.007003012048192758
3051,0.0063253012048192225
3052,-0.005798192771084398
3053,0.025602409638554202
3054,0.003840361445783147
3055,-0.027033132530120463
3056,0.029216867469879615
3057,-0.0015813253012048611
3058,-0.020933734939758974
3059,-0.014382530120481962
3060,-0.002033132530120496
3061,-0.0036144578313252462
3062,0.0066265060240963125
3063,-0.0009789156626505702
3064,-0.014984939759036142
3065,0.004141566265060237
3066,0.00896084337349401
3067,0.006250000000000089
3068,-0.001204819277108471
3069,-0.005346385542168597
3070,0.0031626506024097223
3071,-0.001506024096385561
3072,0.01302710843373489
3073,-0.0036144578313252462
3074,0.0030873493975903665
3075,0.02439759036144573
3076,-0.0016566265060241059
3077,0.005120481927710863
3078,-0.008885542168674765
3079,-0.00030120481927709
3080,0.013403614457831337
3081,0.00820783132530123
3082,0.003915662650602392
3083,-0.009939759036144524
3084,0.000903614457831381
3085,-0.005722891566264987
3086,-0.012198795180722921
3087,-0.01197289156626502
3088,0.009487951807228834
3089,-0.0016566265060241059
3090,0.009186746987951855
3091,0.004743975903614417
3092,0.02853915662650608
3093,-0.008810240963855465
3094,-0.002259036144578286
3095,-0.01084337349397596
3096,0.0025602409638554313
3097,0.014984939759036253
3098,-0.009563253012048245
3099,-0.015286144578313232
3100,-0.0010542168674698704
3101,0.011746987951807286
3102,-0.01234939759036141
3103,0.009789156626506035
3104,-0.009713855421686735
3105,-0.0007530120481927804
3106,-0.008734939759036164
3107,-0.021084337349397575
3108,0.00805722891566274
3109,-0.0031626506024096668
3110,0.009036144578313254
3111,0.006249999999999978
3112,-0.0013554216867469604
3113,0.02379518072289155
3114,0.005948795180722888
3115,-0.021310240963855365
3116,0.0031626506024097223
3117,0.0003765060240963347
3118,-0.01769578313253012
3119,0.014307228915662606
3120,0.005647590361445798
3121,0.012951807228915646
3122,0.010240963855421725
3123,-0.0012801204819277712
3124,-0.023192771084337316
3125,0.01046686746987957
3126,0.015210843373493987
3127,0.009337349397590455
3128,-0.004292168674698726
3129,-0.004743975903614417
3130,-0.02018072289156625
3131,0.004216867469879482
3132,0.00850903614457832
3133,0.011219879518072351
3134,-0.01144578313253014
3135,-0.006551204819277123
3136,0.004593373493975927
3137,-0.007680722891566294
3138,0.010015060240963769
3139,0.00022590361445784524
3140,0.0001506024096386005
3141,-0.011822289156626475
3142,-0.008885542168674654
3143,0.012725903614457912
3144,-0.015813253012048167
3145,0.017996987951807264
3146,-0.009638554216867434
3147,7.530120481924474e-05
3148,0.005195783132530107
3149,0.004668674698795172
3150,-0.01814759036144581
3151,0.00022590361445784524
3152,-0.015060240963855442
3153,0.00865963855421692
3154,0.022515060240963947
3155,0.00805722891566274
3156,-0.023945783132530096
3157,-0.002635542168674676
3158,0.0092620481927711
3159,0.003237951807228856
3160,-0.007605421686746994
3161,0.017545180722891573
3162,0.01212349397590351
3163,-0.016039156626506013
3164,-0.0018072289156626509
3165,0.01987951807228916
3166,0.005271084337349352
3167,-0.014533132530120452
3168,-0.016792168674698738
3169,0.011445783132530085
3170,0.004668674698795172
3171,-0.0024849397590361866
3172,0.0009036144578312699
3173,0.0018825301204818956
3174,0.0042921686746988374
3175,-0.014382530120481962
3176,-0.003539156626506057
3177,-0.0027108433734939763
3178,0.012951807228915646
3179,-0.002861445783132577
3180,0.02183734939759041
3181,-0.007680722891566294
3182,0.010843373493975905
3183,0.01987951807228927
3184,-0.013855421686747083
3185,-0.004216867469879426
3186,0.01091867469879515
3187,-0.0027108433734939763
3188,0.02319277108433726
3189,-0.009337349397590344
3190,-0.0024096385542168863
3191,-0.013855421686746971
3192,-0.002259036144578286
3193,-0.01106927710843375
3194,-0.008885542168674654
3195,-0.009789156626506035
3196,0.013027108433735002
3197,0.03004518072289164
3198,0.016114457831325257
3199,0.0060240963855421326
3200,0.0018825301204818956
3201,0.005421686746987953
3202,-0.00971385542168679
3203,-0.0024096385542168863
3204,-0.0182981927710843
3205,-0.013478915662650581
3206,0.005798192771084398
3207,0.013855421686747027
3208,0.010391566265060215
3209,-0.002635542168674676
3210,-0.0039909638554216365
3211,-0.0018825301204819511
3212,-0.0064759036144577675
3213,-0.030195783132530074
3214,0.002936746987951877
3215,0.021009036144578386
3216,-0.008584337349397564
3217,-0.01709337349397594
3218,0.01287650602409629
3219,-0.021762048192771166
3220,0.0018825301204818956
3221,-0.015512048192771077
3222,0.001807228915662762
3223,-0.014231927710843362
3224,0.03350903614457834
3225,-0.014081325301204872
3226,-0.005647590361445798
3227,-0.01167168674698793
3228,0.014834337349397653
3229,-0.005496987951807197
3230,-0.006777108433734913
3231,-0.011897590361445831
3232,-0.007605421686746938
3233,-0.026882530120481862
3234,-0.003237951807228856
3235,-0.014231927710843362
3236,0.005873493975903532
3237,-0.013554216867469882
3238,0.00022590361445784524
3239,0.006475903614457712
3240,0.007379518072289093
3241,-0.00045180722891557945
3242,-0.014984939759036198
3243,0.0024849397590360756
3244,-0.006777108433734913
3245,0.028313253012048234
3246,-0.00120481927710836
3247,-0.004668674698795117
3248,-0.001957831325301196
3249,0.009939759036144635
3250,-0.006777108433734913
3251,0.005798192771084398
3252,7.530120481924474e-05
3253,-0.004819277108433828
3254,0.02003012048192765
3255,-0.014533132530120452
3256,0.011445783132530196
3257,-0.012123493975903621
3258,-0.006852409638554158
3259,0.017394578313252973
3260,-0.0073795180722891485
3261,0.018448795180722843
3262,0.014457831325301207
3263,-0.005496987951807197
3264,-0.004518072289156627
3265,0.013102409638554247
3266,0.0025602409638554313
3267,0.01302710843373489
3268,-0.006852409638554158
3269,-0.01897590361445789
3270,0.006701807228915668
3271,0.012951807228915646
3272,0.0063253012048193336
3273,-0.004292168674698726
3274,0.0063253012048193336
3275,-0.00060240963855418
3276,0.009939759036144635
3277,-0.004819277108433717
3278,-0.014382530120481962
3279,-0.016716867469879493
3280,0.01076807228915655
3281,-0.014984939759036142
3282,-0.006174698795180733
3283,-0.01174698795180723
3284,0.014533132530120452
3285,-0.014608433734939807
3286,0.023719879518072307
3287,-0.03591867469879523
3288,-0.013328313253012092
3289,-0.005647590361445798
3290,0.013780120481927782
3291,-0.016340361445783158
3292,-0.003539156626506057
3293,-0.022063253012048145
3294,0.0030873493975902555
3295,-0.007153614457831303
3296,0.005948795180722999
3297,-0.0030873493975903665
3298,-0.0027108433734939763
3299,-0.006777108433734913
3300,0.012876506024096401
3301,-0.0006777108433734802
3302,-0.004216867469879537
3303,0.008433734939758963
3304,0.005647590361445798
3305,-0.015662650602409622
3306,0.015963855421686768
3307,-0.014006024096385572
3308,0.012500000000000067
3309,-0.01927710843373498
3310,-0.007228915662650548
3311,0.0003765060240963347
3312,0.024924698795180777
3313,0.001506024096385561
3314,-0.007680722891566294
3315,0.017093373493975883
3316,-0.011521084337349385
3317,-0.010542168674698815
3318,0.014307228915662606
3319,0.005722891566265043
3320,0.002334337349397475
3321,0.009638554216867434
3322,-0.01724397590361454
3323,0.029066265060241014
3324,0.019653614457831314
3325,-0.0018825301204819511
3326,-0.003539156626506057
3327,-0.0012801204819277712
3328,-0.005647590361445798
3329,0.005873493975903532
3330,-0.0033885542168674565
3331,0.0037650602409639022
3332,0.0009789156626505147
3333,0.0015813253012048056
3334,0.02048192771084345
3335,-0.013253012048192847
3336,-0.0033132530120481563
3337,0.01972891566265067
3338,-0.013403614457831281
3339,0.009638554216867545
3340,0.028012048192771144
3341,0.0007530120481927804
3342,-0.006852409638554158
3343,0.0014307228915662051
3344,-0.016265060240963858
3345,0.007454819277108449
3346,0.0
3347,0.0001506024096386005
3348,0.016942771084337394
3349,0.004593373493975816
3350,0.005421686746987953
3351,-0.02055722891566264
3352,-0.009638554216867434
3353,-0.007831325301204894
3354,-0.005421686746987897
3355,-0.015436746987951888
3356,-0.028915662650602414
3357,-0.00030120481927709
3358,-0.007454819277108338
3359,-0.008057228915662684
3360,-0.001204819277108471
3361,0.013253012048192736
3362,0.0003765060240963347
3363,-0.015060240963855442
3364,0.005045180722891618
3365,-0.016265060240963858
3366,0.005647590361445798
3367,0.0024849397590360756
3368,0.004518072289156572
3369,-0.013554216867469882
3370,0.0006777108433734247
3371,-0.012876506024096512
3372,0.0034638554216867012
3373,0.01137048192771073
3374,-0.009713855421686735
3375,-0.010015060240963825
3376,0.003840361445783147
3377,-0.01069277108433736
3378,0.003539156626506057
3379,0.01287650602409629
3380,0.015210843373493876
3381,7.530120481924474e-05
3382,-0.015286144578313288
3383,-0.0075301204819278045
3384,-0.01129518072289154
3385,-0.008358433734939774
3386,0.0185240963855422
3387,-0.0030873493975903665
3388,0.010617469879517949
3389,-0.01242469879518071
3390,0.004668674698795172
3391,-0.015436746987951833
3392,-0.006551204819277123
3393,0.0060240963855421326
3394,0.0022590361445783413
3395,-0.010617469879518004
3396,-0.0005271084337349907
3397,0.01302710843373489
3398,0.015587349397590433
3399,0.00835843373493983
3400,0.011295180722891596
3401,-0.010240963855421725
3402,-0.006099397590361377
3403,-0.014307228915662662
3404,0.0127259036144578
3405,0.008810240963855409
3406,0.002635542168674676
3407,-0.0037650602409638467
3408,0.004216867469879482
3409,0.008433734939759074
3410,0.004216867469879593
3411,-0.003915662650602447
3412,0.0031626506024096113
3413,0.0003765060240963347
3414,-0.0013554216867469604
3415,-0.015286144578313232
3416,-0.022966867469879526
3417,0.004066265060240992
3418,-0.005647590361445798
3419,0.006852409638554158
3420,0.0006777108433734247
3421,0.017018072289156527
3422,0.027108433734939763
3423,-0.014533132530120452
3424,0.016114457831325257
3425,-0.01167168674698793
3426,0.008433734939759074
3427,0.009789156626506035
3428,0.00030120481927709
3429,-0.005346385542168708
3430,-0.007680722891566294
3431,0.011822289156626531
3432,0.004894578313253017
3433,0.010542168674698815
3434,0.005572289156626442
3435,-0.004141566265060237
3436,0.009412650602409589
3437,0.006475903614457823
3438,0.0025602409638555423
3439,0.013253012048192736
3440,-0.004216867469879537
3441,-0.0011295180722891707
3442,0.0092620481927711
3443,0.006099397590361488
3444,-0.011521084337349385
3445,0.015361445783132588
3446,0.016716867469879437
3447,0.0017319277108432951
3448,-0.00022590361445778973
3449,0.0006777108433735357
3450,0.0008283132530120252
3451,-0.012801204819277101
3452,-0.006626506024096368
3453,0.011521084337349441
3454,-0.008509036144578264
3455,-0.020933734939758974
3456,0.0019578313253011403
3457,-0.0009789156626505702
3458,-0.009111445783132555
3459,-0.010617469879518115
3460,0.002936746987951766
3461,0.0025602409638554313
3462,0.006400602409638578
3463,-0.008358433734939774
3464,0.0003765060240963347
3465,-0.0011295180722891707
3466,0.012349397590361466
3467,0.010240963855421725
3468,-0.008433734939759074
3469,-0.003840361445783147
3470,0.01882530120481929
3471,-0.0008283132530119697
3472,0.0075301204819276935
3473,0.0019578313253012514
3474,-0.021159638554216875
3475,-0.015060240963855442
3476,-0.016265060240963802
3477,-0.0009789156626505702
3478,-0.0037650602409638467
3479,-0.009036144578313254
3480,-0.012951807228915702
3481,0.008810240963855409
3482,0.0003765060240963347
3483,0.014081325301204872
3484,0.03049698795180722
3485,0.0009789156626505147
3486,0.01867469879518069
3487,-0.012349397590361522
3488,0.0018825301204818956
3489,-0.008960843373494065
3490,0.01031626506024097
3491,0.019503012048192825
3492,-0.010918674698795205
3493,0.013704819277108427
3494,0.014081325301204872
3495,0.006852409638554158
3496,0.006777108433734913
3497,0.010090361445783236
3498,0.01302710843373489
3499,-0.020858433734939785
3500,0.010090361445783236
3501,-0.0027861445783132766
3502,-0.028463855421686723
3503,-0.015210843373493987
3504,0.004367469879518082
3505,0.0037650602409639022
3506,-0.008207831325301285
3507,0.01152108433734933
3508,0.03516566265060239
3509,0.00896084337349401
3510,-0.005798192771084398
3511,-0.0007530120481927804
3512,0.008584337349397675
3513,-0.004894578313253017
3514,-0.0024096385542168863
3515,0.0012801204819277157
3516,-0.004442771084337327
3517,0.00120481927710836
3518,0.008734939759036053
3519,0.026506024096385583
3520,-0.014909638554216842
3521,-0.002484939759036131
3522,0.004066265060240992
3523,0.0013554216867469604
3524,-0.014909638554216842
3525,0.0
3526,0.003237951807228967
3527,0.004442771084337327
3528,0.005873493975903532
3529,0.013780120481927671
3530,0.015286144578313232
3531,-0.005873493975903643
3532,-0.012876506024096401
3533,0.0010542168674698704
3534,0.0009789156626505147
3535,-0.002484939759036131
3536,-0.002484939759036131
3537,0.003915662650602392
3538,-0.013478915662650581
3539,-0.002710843373493921
3540,-0.017996987951807153
3541,-0.012650602409638612
3542,-0.005195783132530163
3543,-0.010015060240963825
3544,0.0009789156626505147
3545,0.0018072289156626509
3546,0.010843373493975905
3547,0.017996987951807264
3548,0.010090361445783236
3549,0.01016566265060237
3550,0.009036144578313254
3551,-0.0016566265060241059
3552,-0.01167168674698793
3553,-0.02876506024096387
3554,-0.01167168674698793
3555,-0.007605421686746994
3556,-0.0021837349397590966
3557,0.007454819277108449
3558,-0.01302710843373489
3559,0.000301204819277201
3560,0.017093373493975883
3561,0.00956325301204819
3562,-0.02123493975903612
3563,-0.008132530120481873
3564,0.004894578313253017
3565,-0.023644578313253062
3566,-0.01046686746987957
3567,-0.0073795180722891485
3568,-0.0184487951807229
3569,-0.005722891566265098
3570,0.016340361445783214
3571,-0.03034638554216862
3572,0.004292168674698726
3573,0.0019578313253012514
3574,0.0033132530120482118
3575,0.015662650602409567
3576,0.0003765060240963347
3577,0.004066265060240992
3578,-0.0037650602409638467
3579,-0.002259036144578286
3580,0.01121987951807224
3581,-0.005722891566265098
3582,-0.007003012048192758
3583,-0.016490963855421648
3584,-0.006551204819277123
3585,0.00060240963855418
3586,0.01671686746987955
3587,-0.0006777108433734802
3588,-0.0018825301204819511
3589,-0.002635542168674676
3590,0.0037650602409639022
3591,0.009638554216867434
3592,-0.024698795180722877
3593,-0.0030873493975903665
3594,-0.028689759036144513
3595,0.0127259036144578
3596,0.00896084337349401
3597,-0.004593373493975927
3598,-0.009864457831325335
3599,0.0018072289156626509
3600,-0.017319277108433728
3601,-0.007756024096385594
3602,0.009789156626506035
3603,-0.014608433734939752
3604,-0.008885542168674765
3605,-0.0033885542168674565
3606,0.004518072289156572
3607,0.0010542168674698704
3608,0.0009789156626505147
3609,-0.007831325301204894
3610,0.0036897590361445465
3611,0.009789156626506035
3612,0.014533132530120452
3613,0.025376506024096468
3614,-0.007831325301204894
3615,0.011746987951807175
3616,-0.0012801204819277712
3617,0.015361445783132477
3618,0.005722891566265043
3619,0.014984939759036142
3620,0.004819277108433773
3621,0.010015060240963769
3622,-0.016641566265060193
3623,0.012650602409638556
3624,-0.005647590361445798
3625,0.02243975903614459
3626,-0.004216867469879426
3627,-0.0004518072289156905
3628,-0.012575301204819311
3629,-0.016641566265060193
3630,0.0009036144578312699
3631,-0.007304216867469904
3632,-0.002033132530120496
3633,0.010090361445783125
3634,-0.002861445783132577
3635,0.0
3636,-0.0033132530120481007
3637,0.007680722891566294
3638,0.0034638554216867012
3639,-0.007454819277108504
3640,-0.010993975903614395
3641,0.0017319277108432951
3642,0.009487951807228945
3643,0.011445783132530196
3644,-0.027635542168674754
3645,0.007003012048192758
3646,-0.024548192771084276
3647,0.0030873493975903665
3648,-0.002108433734939741
3649,0.0012801204819277157
3650,0.0183734939759036
3651,-0.001355421686747016
3652,0.0001506024096386005
3653,0.018298192771084354
3654,-0.008734939759036053
3655,-0.03381024096385543
3656,0.028765060240963924
3657,-0.01129518072289154
3658,0.012123493975903621
3659,-0.009864457831325335
3660,0.015737951807228923
3661,0.0021837349397589856
3662,0.003237951807228856
3663,0.0024849397590360756
3664,0.011295180722891596
3665,0.028237951807228878
3666,-0.013855421686746971
3667,-0.006249999999999978
3668,-0.0009789156626505702
3669,-0.004442771084337327
3670,0.00971385542168679
3671,0.002710843373494032
3672,-0.01701807228915664
3673,-0.0030120481927710663
3674,0.004819277108433773
3675,-0.015436746987951833
3676,-0.01242469879518071
3677,-0.0025602409638554313
3678,0.02259036144578308
3679,0.01152108433734933
3680,0.021762048192771166
3681,0.021159638554216764
3682,-0.015963855421686768
3683,-0.003087349397590311
3684,0.009713855421686679
3685,0.017695783132530174
3686,-0.002108433734939741
3687,-0.0006777108433734802
3688,0.03441265060240972
3689,0.0004518072289156905
3690,-0.0012801204819277712
3691,-0.010466867469879515
3692,-0.01144578313253014
3693,-0.006852409638554158
3694,0.006174698795180733
3695,-0.005496987951807197
3696,-0.0030120481927710663
3697,0.004367469879518082
3698,0.006099397590361377
3699,-0.0039909638554216365
3700,0.004743975903614417
3701,0.025527108433734957
3702,-0.0069277108433735135
3703,0.0015813253012048056
3704,-0.002484939759036131
3705,0.007981927710843384
3706,0.002108433734939741
3707,0.00820783132530123
3708,-0.0013554216867469604
3709,0.012801204819277157
3710,0.0030873493975903665
3711,-0.010316265060240914
3712,0.00835843373493983
3713,-0.005346385542168597
3714,-0.007756024096385483
3715,0.010090361445783125
3716,0.015436746987951833
3717,0.014608433734939696
3718,0.03034638554216862
3719,0.0012801204819277157
3720,0.015888554216867523
3721,0.016867469879518038
3722,-0.016641566265060248
3723,-0.000301204819277201
3724,-0.017394578313252917
3725,-0.023192771084337316
3726,0.016415662650602347
3727,0.0033885542168673455
3728,0.011746987951807175
3729,-0.017545180722891518
3730,-0.020707831325301185
3731,-0.03185240963855418
3732,-0.022439759036144535
3733,-0.03057228915662652
3734,0.01837349397590371
3735,-0.004518072289156627
3736,-0.007831325301204783
3737,0.0016566265060241614
3738,-0.0030120481927710663
3739,-0.01912650602409638
3740,0.011445783132530196
3741,0.017394578313253084
3742,0.025903614457831292
3743,-0.012349397590361522
3744,-0.0030120481927710663
3745,0.01106927710843375
3746,-0.00120481927710836
3747,-0.002183734939759041
3748,-0.0033885542168674565
3749,-0.0031626506024096668
3750,0.007756024096385539
3751,-0.020707831325301185
3752,-0.010240963855421614
3753,-0.016867469879518038
3754,-0.010090361445783125
3755,-0.015361445783132588
3756,0.007003012048192758
3757,-0.024322289156626542
3758,0.006250000000000089
3759,0.012951807228915646
3760,-0.006249999999999978
3761,0.01137048192771084
3762,-0.021611445783132566
3763,-0.009036144578313254
3764,-0.023343373493975916
3765,0.023268072289156616
3766,0.005572289156626442
3767,0.010542168674698815
3768,-0.0064759036144577675
3769,-0.0012801204819277712
3770,-0.0025602409638554313
3771,-0.009337349397590344
3772,0.0031626506024097223
3773,-0.003539156626506057
3774,-0.012801204819277101
3775,0.0004518072289156905
3776,0.010542168674698815
3777,-0.03034638554216873
3778,-0.0017319277108433506
3779,0.008810240963855409
3780,0.005346385542168708
3781,0.006852409638554269
3782,0.005798192771084398
3783,0.010391566265060215
3784,-0.008057228915662684
3785,0.009111445783132499
3786,-0.005045180722891618
3787,0.032228915662650515
3788,-0.0010542168674698704
3789,0.01016566265060237
3790,0.011219879518072351
3791,0.009713855421686679
3792,-0.0008283132530119697
3793,0.019653614457831203
3794,-0.0024096385542168863
3795,-0.0003765060240963902
3796,0.007831325301204783
3797,0.011144578313252995
3798,0.004593373493975816
3799,0.012951807228915646
3800,0.017996987951807264
3801,0.007304216867469959
3802,-0.015662650602409622
3803,0.02123493975903612
3804,-0.013554216867469882
3805,0.0036897590361444355
3806,0.01807228915662651
3807,0.007981927710843273
3808,0.007981927710843384
3809,-0.006551204819277123
3810,-0.0005271084337349907
3811,-0.008885542168674654
3812,0.006174698795180622
3813,0.002936746987951766
3814,-0.0001506024096386005
3815,0.006551204819277179
3816,0.0033132530120482118
3817,0.01016566265060237
3818,-0.008433734939758963
3819,-0.007981927710843384
3820,0.0075301204819276935
3821,0.00896084337349401
3822,-0.017168674698795128
3823,0.013704819277108427
3824,0.0034638554216867012
3825,0.032831325301204806
3826,-0.014533132530120507
3827,-0.01957831325301207
3828,-0.0021837349397590966
3829,-0.01912650602409638
3830,0.01227409638554211
3831,0.007304216867469848
3832,-0.014608433734939752
3833,0.0010542168674698704
3834,-0.008057228915662684
3835,0.00060240963855418
3836,0.018147590361445753
3837,0.013629518072289182
3838,0.022816265060240926
3839,0.004066265060240992
3840,0.00835843373493983
3841,0.010240963855421614
3842,-0.005948795180722888
3843,-0.008509036144578264
3844,0.0027861445783132766
3845,0.003539156626506057
3846,-0.007756024096385594
3847,-0.006325301204819278
3848,0.01137048192771084
3849,0.005271084337349352
3850,0.013177710843373491
3851,-0.020481927710843395
3852,0.0013554216867470714
3853,0.01091867469879515
3854,-0.010165662650602425
3855,-0.002259036144578286
3856,0.014683734939759052
3857,0.006777108433734913
3858,0.007003012048192758
3859,0.0072289156626506035
3860,0.005195783132530107
3861,0.027786144578313188
3862,-0.0009036144578312699
3863,0.0008283132530120252
3864,0.017996987951807264
3865,-0.002259036144578286
3866,-0.022590361445783136
3867,-0.009939759036144635
3868,0.01242469879518071
3869,0.004819277108433773
3870,-0.0024096385542168863
3871,0.006400602409638578
3872,-0.005647590361445798
3873,-0.004969879518072318
3874,0.005120481927710863
3875,-0.006099397590361488
3876,0.002033132530120496
3877,-0.01069277108433736
3878,0.005045180722891618
3879,0.0025602409638555423
3880,0.019201807228915624
3881,0.004894578313253017
3882,0.0016566265060240504
3883,0.009036144578313254
3884,0.01046686746987946
3885,0.008734939759036164
3886,-0.002259036144578286
3887,-0.008509036144578264
3888,-0.00030120481927709
3889,0.00805722891566274
3890,0.005873493975903643
3891,-7.530120481930025e-05
3892,-0.011897590361445776
3893,0.006701807228915779
3894,-0.008433734939758963
3895,-0.007981927710843384
3896,-0.0036144578313252462
3897,-0.0030120481927710663
3898,0.0008283132530120252
3899,0.03975903614457832
3900,0.005496987951807197
3901,0.005722891566265043
3902,0.015888554216867523
3903,0.004216867469879482
3904,0.0036897590361445465
3905,-0.006551204819277123
3906,-0.0075301204819276935
3907,-0.011746987951807175
3908,-0.009262048192771044
3909,-0.004743975903614417
3910,-0.018750000000000044
3911,0.00850903614457832
3912,-0.023192771084337316
3913,-0.005421686746988008
3914,0.0033885542168674565
3915,-0.0010542168674697594
3916,-0.01167168674698793
3917,-0.009036144578313254
3918,-0.006174698795180733
3919,-0.007756024096385483
3920,-0.0005271084337349907
3921,-0.004743975903614417
3922,0.004066265060240992
3923,-0.0126506024096385
3924,-0.0019578313253011403
3925,0.00022590361445784524
3926,0.005572289156626553
3927,-0.007304216867469904
3928,0.015512048192771077
3929,-0.0033132530120481563
3930,-0.017771084337349308
3931,-0.0033885542168674565
3932,-0.01867469879518069
3933,0.007680722891566294
3934,-0.009412650602409645
3935,0.0027861445783132766
3936,0.0007530120481927804
3937,-0.00022590361445778973
3938,-0.01784638554216872
3939,0.011144578313252995
3940,-0.008358433734939774
3941,0.005722891566265043
3942,0.014909638554216786
3943,-0.009262048192771044
3944,0.00820783132530123
3945,-0.00045180722891557945
3946,-0.008734939759036164
3947,-0.003915662650602447
3948,0.002334337349397586
3949,0.000602409638554291
3950,0.024246987951807242
3951,0.013704819277108427
3952,0.006777108433734913
3953,0.006400602409638578
3954,0.004216867469879593
3955,0.006099397590361488
3956,-0.004442771084337438
3957,-0.0036144578313252462
3958,-0.009864457831325224
3959,-0.01129518072289154
3960,0.007153614457831359
3961,-0.02018072289156625
3962,0.016415662650602347
3963,-0.007680722891566294
3964,-0.010090361445783125
3965,-0.008358433734939663
3966,-0.0069277108433735135
3967,-0.016566265060240948
3968,0.0063253012048192225
3969,0.003012048192771122
3970,0.01182228915662642
3971,0.017695783132530174
3972,-0.004216867469879426
3973,0.02108433734939763
3974,-0.009412650602409534
3975,0.014457831325301207
3976,0.007153614457831359
3977,-0.010617469879518115
3978,-0.005722891566265098
3979,0.00790662650602414
3980,0.012048192771084376
3981,-0.015587349397590322
3982,-0.004593373493975816
3983,0.024021084337349397
3984,-0.018524096385542088
3985,-0.016942771084337338
3986,-0.0038403614457830915
3987,0.007981927710843384
3988,0.005045180722891618
3989,0.009789156626506035
3990,-0.007906626506024084
3991,-0.01777108433734942
3992,-0.009789156626506035
3993,-0.021912650602409656
3994,-0.022439759036144535
3995,0.011596385542168686
3996,0.0069277108433735135
3997,-0.011370481927710785
3998,-0.009487951807228834
3999,-0.006701807228915668
4000,0.02439759036144573
4001,0.0063253012048193336
4002,0.0010542168674698704
4003,-0.013253012048192792
4004,0.00850903614457832
4005,0.014382530120481851
4006,-0.01799698795180721
4007,0.015135542168674743
4008,-0.0012801204819277712
4009,-0.008810240963855354
4010,0.004969879518072262
4011,-0.0013554216867469604
4012,0.0039909638554217475
4013,-0.010918674698795205
4014,0.008734939759036164
4015,0.013478915662650692
4016,-0.010240963855421614
4017,-0.007304216867469904
4018,-0.015210843373493987
4019,-0.014909638554216842
4020,-0.002108433734939741
4021,-0.0061746987951806775
4022,0.007605421686747049
4023,0.0016566265060240504
4024,-0.006927710843373458
4025,-0.007454819277108504
4026,-0.008433734939759074
4027,0.0036897590361445465
4028,0.0018072289156626509
4029,0.03200301204819278
4030,0.00820783132530123
4031,0.00956325301204819
4032,0.004141566265060237
4033,-0.015436746987951833
4034,-7.530120481930025e-05
4035,-0.0023343373493975306
4036,-0.0012801204819276601
4037,-0.0127259036144578
4038,0.013780120481927671
4039,-0.01129518072289154
4040,-0.007078313253012114
4041,-0.003237951807228856
4042,0.004216867469879482
4043,0.0
4044,0.0069277108433735135
4045,0.008885542168674765
4046,0.009186746987951855
4047,-0.01144578313253014
4048,-0.007605421686746994
4049,0.0013554216867469604
4050,-0.017018072289156583
4051,0.007981927710843384
4052,-0.006626506024096368
4053,0.027183734939759008
4054,0.009789156626506035
4055,0.029819277108433795
4056,0.0066265060240963125
4057,0.019503012048192714
4058,0.018147590361445753
4059,-0.0012801204819277712
4060,-0.01167168674698793
4061,0.005120481927710863
4062,-0.016566265060240948
4063,-0.010391566265060215
4064,0.010240963855421614
4065,0.0036897590361445465
4066,0.000301204819277201
4067,0.004743975903614417
4068,0.004894578313253017
4069,-0.010165662650602425
4070,-0.007605421686747105
4071,0.0039909638554217475
4072,0.000903614457831381
4073,-0.01927710843373498
4074,0.006174698795180733
4075,-0.014006024096385461
4076,-0.009789156626506035
4077,-0.006325301204819278
4078,-0.006701807228915668
4079,0.013253012048192736
4080,0.004141566265060237
4081,0.0006777108433734247
4082,0.008810240963855409
4083,-0.011445783132530085
4084,0.018147590361445864
4085,0.0024849397590361866
4086,-0.01920180722891568
4087,-0.013855421686747083
4088,-0.008960843373493954
4089,-0.0184487951807229
4090,0.008584337349397453
4091,7.530120481924474e-05
4092,0.017620481927710818
4093,0.010316265060240859
4094,-0.0011295180722891707
4095,-0.0034638554216867568
4096,0.0039909638554217475
4097,-0.004894578313253017
4098,-0.011897590361445831
4099,0.025753012048192803
4100,0.004367469879518082
4101,-0.008057228915662684
4102,0.009638554216867545
4103,-0.0072289156626506035
4104,0.015662650602409567
4105,-0.0018072289156626509
4106,-0.007153614457831303
4107,-0.016189759036144558
4108,-0.012575301204819311
4109,-0.006701807228915668
4110,-0.007831325301204894
4111,0.028313253012048234
4112,0.0016566265060241614
4113,-0.003237951807228856
4114,-0.0063253012048193336
4115,0.00060240963855418
4116,-0.002409638554216831
4117,-0.00060240963855418
4118,0.0013554216867469604
4119,-0.004743975903614528
4120,0.00850903614457832
4121,-0.008659638554216864
4122,-0.0012801204819277712
4123,0.008283132530120474
4124,0.004141566265060237
4125,-0.0024096385542168863
4126,0.002710843373494032
4127,-0.015436746987951833
4128,0.023268072289156727
4129,0.01671686746987955
4130,0.025828313253012047
4131,0.0066265060240963125
4132,0.013554216867469826
4133,-0.0025602409638554313
4134,0.006551204819277179
4135,-0.012274096385542221
4136,0.0072289156626506035
4137,-0.015286144578313232
4138,-0.002936746987951766
4139,0.0025602409638555423
4140,0.0069277108433734025
4141,-0.013177710843373491
4142,-0.008358433734939774
4143,0.039533132530120474
4144,0.015662650602409567
4145,0.002936746987951766
4146,0.007981927710843273
4147,0.004518072289156572
4148,0.02259036144578308
4149,0.0028614457831325213
4150,-0.008283132530120474
4151,0.0005271084337349352
4152,-0.0001506024096386005
4153,0.0008283132530120252
4154,0.011521084337349441
4155,-0.004819277108433717
4156,-0.0017319277108433506
4157,0.029442771084337238
4158,0.004743975903614417
4159,-0.010542168674698815
4160,-0.0009036144578312699
4161,0.003237951807228856
4162,0.0022590361445783413
4163,-0.002409638554216831
4164,0.004819277108433773
4165,-0.005195783132530163
4166,-0.015286144578313232
4167,0.013403614457831337
4168,-0.007831325301204783
4169,0.008283132530120474
4170,-0.0018072289156626509
4171,0.002108433734939741
4172,-0.004216867469879426
4173,0.008885542168674654
4174,0.009939759036144635
4175,-0.005045180722891618
4176,-0.01325301204819268
4177,0.004141566265060237
4178,-0.0025602409638554313
4179,0.005195783132530107
4180,-0.006174698795180733
4181,0.01302710843373489
4182,-0.004442771084337438
4183,0.005346385542168708
4184,0.007153614457831359
4185,-0.0036897590361446575
4186,-0.010918674698795205
4187,0.002936746987951766
4188,0.0125753012048192
4189,-0.006250000000000033
4190,-0.009939759036144635
4191,-0.023945783132530096
4192,0.004141566265060237
4193,0.015060240963855387
4194,-0.01204819277108432
4195,-0.007379518072289204
4196,-0.003087349397590311
4197,0.01242469879518071
4198,0.004668674698795172
4199,-7.530120481930025e-05
4200,0.002936746987951877
4201,-0.010240963855421725
4202,-0.007831325301204783
4203,-0.0021837349397590966
4204,0.006099397590361377
4205,0.0003765060240963347
4206,0.013855421686747027
4207,-0.0011295180722891707
4208,0.007454819277108449
4209,0.02153614457831332
4210,-0.003840361445783147
4211,-0.010617469879518115
4212,-0.009789156626506035
4213,-0.0010542168674698704
4214,0.0063253012048192225
4215,-0.0018072289156626509
4216,0.0027861445783131655
4217,0.0037650602409639022
4218,-0.012951807228915702
4219,-0.002108433734939741
4220,-0.012951807228915702
4221,0.01362951807228907
4222,-0.0009789156626506812
4223,0.009186746987951744
4224,0.0072289156626506035
4225,0.004668674698795172
4226,0.0075301204819276935
4227,0.0039909638554216365
4228,0.01046686746987946
4229,-0.027786144578313243
4230,-0.013253012048192847
4231,0.0034638554216868123
4232,-0.0039909638554216365
4233,0.0008283132530120252
4234,-0.005572289156626498
4235,0.012349397590361466
4236,0.0042921686746988374
4237,-0.006701807228915724
4238,0.01137048192771084
4239,0.0022590361445783413
4240,-0.008057228915662684
4241,0.009789156626506035
4242,-0.014081325301204761
4243,-0.0007530120481927804
4244,-0.020406626506024095
4245,0.007831325301204894
4246,-0.002108433734939741
4247,0.029518072289156705
4248,-0.020632530120481996
4249,0.010015060240963769
4250,0.021009036144578275
4251,-0.002259036144578286
4252,-0.003915662650602447
4253,0.006099397590361488
4254,-0.0039909638554216365
4255,-0.0016566265060240504
4256,0.016490963855421703
4257,-0.009111445783132555
4258,0.00850903614457832
4259,0.010090361445783125
4260,-0.002861445783132577
4261,-0.011069277108433695
4262,0.0006777108433734247
4263,0.032530120481927716
4264,0.0016566265060241614
4265,-0.006701807228915668
4266,-0.03719879518072289
4267,0.0037650602409639022
4268,0.0011295180722891152
4269,0.005798192771084398
4270,-0.02484939759036142
4271,-0.0070783132530120585
4272,-0.0038403614457830915
4273,0.0019578313253012514
4274,-0.004066265060240937
4275,0.004593373493975816
4276,-0.006400602409638578
4277,-0.009638554216867434
4278,0.005948795180722888
4279,-0.01242469879518071
4280,-0.0027861445783132766
4281,0.015210843373493987
4282,0.0039909638554217475
4283,0.004743975903614417
4284,0.006475903614457823
4285,0.008584337349397675
4286,-0.006852409638554213
4287,-0.006099397590361488
4288,0.012650602409638556
4289,-0.023719879518072307
4290,-0.005948795180722888
4291,0.031475903614457845
4292,0.010993975903614395
4293,-0.005045180722891618
4294,-0.0039909638554216365
4295,-0.0069277108433735135
4296,-0.022289156626505935
4297,-0.001204819277108471
4298,-0.010240963855421614
4299,0.003915662650602392
4300,0.007454819277108449
4301,-0.0028614457831325213
4302,-0.013704819277108482
4303,-0.025978915662650592
4304,0.01031626506024097
4305,-0.0034638554216867568
4306,7.530120481924474e-05
4307,-0.015587349397590378
4308,-0.007831325301204894
4309,-0.005798192771084287
4310,0.012575301204819311
4311,-0.001204819277108471
4312,-0.008584337349397508
4313,0.004593373493975927
4314,0.0033885542168674565
4315,-0.004894578313253017
4316,-0.013102409638554191
4317,-0.000903614457831381
4318,-0.002861445783132577
4319,0.008283132530120474
4320,0.005496987951807308
4321,0.009111445783132499
4322,-0.0025602409638554313
4323,-0.007003012048192758
4324,-0.01144578313253014
4325,0.013177710843373491
4326,0.015737951807228923
4327,-0.009186746987951855
4328,-0.009789156626506035
4329,-0.009412650602409645
4330,0.008885542168674654
4331,0.004593373493975816
4332,-0.002936746987951766
4333,-0.004442771084337438
4334,0.00865963855421692
4335,0.0015813253012048056
4336,-0.0183734939759036
4337,0.011596385542168686
4338,0.003840361445783036
4339,-0.01807228915662651
4340,-0.008734939759036053
4341,-0.023117469879518127
4342,0.0015813253012048056
4343,-0.002259036144578286
4344,0.009186746987951744
4345,0.01302710843373489
4346,0.00820783132530123
4347,0.007605421686747049
4348,-0.025000000000000022
4349,-0.004518072289156627
4350,0.013780120481927671
4351,-0.006701807228915668
4352,0.006174698795180733
4353,0.005120481927710863
4354,0.01152108433734933
4355,-0.008734939759036164
4356,0.007153614457831359
4357,-0.013328313253012092
4358,0.011746987951807286
4359,-0.0018825301204819511
4360,0.005572289156626442
4361,-0.016039156626506013
4362,0.005873493975903532
4363,0.002108433734939741
4364,-0.010993975903614395
4365,0.0036144578313253017
4366,-0.01822289156626511
4367,0.013780120481927671
4368,0.02274096385542168
4369,0.019201807228915624
4370,0.0025602409638553203
4371,0.006777108433734913
4372,-0.0012801204819277712
4373,0.009789156626506035
4374,0.0022590361445783413
4375,-0.01302710843373489
4376,-0.012876506024096401
4377,0.002409638554216942
4378,0.007756024096385539
4379,-0.0016566265060241059
4380,0.00790662650602414
4381,0.017545180722891573
4382,0.0016566265060241614
4383,0.012951807228915646
4384,0.01227409638554211
4385,0.002108433734939852
4386,0.0024849397590360756
4387,-0.0023343373493975306
4388,0.0018072289156625398
4389,-0.005948795180722777
4390,-0.03170180722891558
4391,-0.007906626506024084
4392,-0.005120481927710807
4393,-0.007003012048192758
4394,-0.0018825301204819511
4395,0.007756024096385539
4396,0.0037650602409639022
4397,-0.0027108433734939763
4398,-0.007153614457831303
4399,-0.014608433734939807
4400,-0.006250000000000033
4401,-0.005647590361445798
4402,-0.01362951807228907
4403,-0.006475903614457823
4404,-0.007003012048192758
4405,-0.0031626506024096668
4406,0.000903614457831381
4407,0.017695783132530174
4408,-0.0030120481927710663
4409,-0.005572289156626553
4410,0.0013554216867469604
4411,0.00896084337349401
4412,0.0036144578313253017
4413,-0.009036144578313254
4414,-0.0027861445783132766
4415,-0.014457831325301262
4416,0.015436746987951833
4417,-0.006325301204819278
4418,0.017394578313253084
4419,0.0031626506024097223
4420,-0.003840361445783147
4421,-0.014683734939759052
4422,0.017921686746987908
4423,0.013328313253012092
4424,0.008734939759036164
4425,-0.0069277108433735135
4426,0.0011295180722891152
4427,0.0018825301204818956
4428,-0.0009789156626505702
4429,0.011822289156626531
4430,-7.530120481930025e-05
4431,-0.021009036144578386
4432,-0.0063253012048193336
4433,-0.015436746987951833
4434,-0.021310240963855365
4435,-0.004518072289156627
4436,-0.025000000000000022
4437,-0.0069277108433735135
4438,-0.009111445783132555
4439,0.005421686746987953
4440,-0.004819277108433717
4441,0.005045180722891618
4442,-0.0006777108433734802
4443,-0.006852409638554158
4444,0.019352409638554224
4445,0.015888554216867523
4446,0.008885542168674765
4447,-0.009186746987951855
4448,0.01242469879518071
4449,0.009487951807228945
4450,-0.021159638554216875
4451,-0.010466867469879515
4452,0.00022590361445784524
4453,-0.00022590361445778973
4454,-0.020481927710843395
4455,0.0030873493975902555
4456,-0.0072289156626506035
4457,0.02003012048192776
4458,0.0042921686746988374
4459,0.000903614457831381
4460,0.005647590361445798
4461,0.016189759036144613
4462,-0.0014307228915662606
4463,-0.0013554216867469604
4464,-0.0018072289156627064
4465,0.021460843373493965
4466,0.012349397590361466
4467,0.02394578313253004
4468,-0.006701807228915724
4469,-0.002033132530120496
4470,0.013177710843373491
4471,-0.004518072289156627
4472,0.007981927710843273
4473,-0.014683734939759052
4474,0.0018825301204818956
4475,0.008132530120481873
4476,-0.03034638554216862
4477,-0.010090361445783125
4478,-0.022665662650602436
4479,0.01987951807228916
4480,0.01701807228915664
4481,-0.012198795180722921
4482,-0.002936746987951766
4483,0.002635542168674676
4484,-0.022289156626505935
4485,0.012500000000000067
4486,-0.0033132530120481563
4487,-0.0126506024096385
4488,-0.039909638554216864
4489,-0.0075301204819278045
4490,0.02153614457831332
4491,0.015587349397590433
4492,-0.004518072289156627
4493,-0.00120481927710836
4494,-0.006325301204819278
4495,0.006099397590361377
4496,0.015512048192770966
4497,-0.005045180722891618
4498,-0.007756024096385483
4499,0.01046686746987957
4500,0.02108433734939763
4501,-0.01174698795180723
4502,0.00986445783132528
4503,0.027033132530120407
4504,-0.014608433734939807
4505,-0.005496987951807197
4506,0.014608433734939807
4507,0.007981927710843273
4508,0.0013554216867469604
4509,0.00790662650602414
4510,-0.007003012048192758
4511,0.01106927710843375
4512,0.004593373493975927
4513,0.004743975903614417
4514,0.01792168674698802
4515,0.0031626506024097223
4516,-0.026656626506024073
4517,0.0017319277108432951
4518,0.0037650602409639022
4519,0.007003012048192758
4520,-0.039156626506024084
4521,0.02259036144578308
4522,0.0018825301204818956
4523,-0.01204819277108432
4524,-0.013930722891566272
4525,-0.010240963855421614
4526,-0.00060240963855418
4527,-0.0036897590361446575
4528,-0.0011295180722891707
4529,0.005120481927710863
4530,-0.014759036144578352
4531,0.003915662650602392
4532,-0.014457831325301262
4533,0.006777108433734913
4534,-0.0036897590361445465
4535,-0.010843373493975905
4536,0.01972891566265067
4537,0.016114457831325257
4538,-0.02055722891566264
4539,0.007078313253012114
4540,0.004518072289156572
4541,7.530120481924474e-05
4542,-0.002484939759036131
4543,-0.004894578313253017
4544,-0.004367469879518138
4545,-0.01927710843373487
4546,-0.0028614457831325213
4547,0.0036897590361446575
4548,-0.0013554216867469604
4549,0.007680722891566294
4550,-0.013930722891566272
4551,-0.02055722891566264
4552,-0.016490963855421648
4553,0.014457831325301207
4554,0.0010542168674698704
4555,-0.012123493975903621
4556,-0.01242469879518071
4557,-0.0013554216867469604
4558,-0.010918674698795205
4559,-0.005798192771084398
4560,-0.016942771084337338
4561,-0.005572289156626498
4562,0.02259036144578308
4563,-0.003915662650602447
4564,0.006099397590361377
4565,0.0039909638554216365
4566,-0.0126506024096385
4567,-0.005873493975903588
4568,-0.027861445783132543
4569,0.0072289156626506035
4570,0.004894578313253017
4571,-0.006852409638554213
4572,-0.019879518072289215
4573,-0.004894578313253017
4574,-0.010240963855421725
4575,-0.0018072289156626509
4576,0.020858433734939785
4577,0.007831325301204894
4578,-0.004743975903614417
4579,0.0009789156626506257
4580,-0.000903614457831381
4581,-0.01649096385542176
4582,-0.006174698795180733
4583,0.00956325301204819
4584,-0.004066265060241048
4585,-0.004066265060240881
4586,0.00956325301204819
4587,-0.009186746987951855
4588,-0.00030120481927709
4589,-0.000903614457831381
4590,-0.0027108433734939763
4591,0.007831325301204783
4592,0.02349397590361446
4593,0.004819277108433773
4594,0.012048192771084376
4595,-0.0017319277108433506
4596,-0.012801204819277101
4597,0.01987951807228927
4598,0.002635542168674676
4599,-0.003915662650602447
4600,0.011746987951807286
4601,0.020105421686746894
4602,0.008132530120481984
4603,-0.0018072289156627064
4604,0.017846385542168663
4605,0.0039909638554216365
4606,0.01137048192771084
4607,-0.007605421686746994
4608,0.006475903614457712
4609,-0.01227409638554211
4610,-0.01009036144578318
4611,0.015737951807228923
4612,-0.023644578313252895
4613,-0.005045180722891618
4614,0.0018825301204818956
4615,-0.004819277108433828
4616,0.005722891566265043
4617,0.010015060240963769
4618,-0.014156626506024061
4619,0.006099397590361488
4620,0.01137048192771084
4621,-0.0070783132530120585
4622,0.010692771084337416
4623,-0.010240963855421725
4624,-0.009337349397590455
4625,-0.011746987951807175
4626,0.03034638554216862
4627,-0.004216867469879426
4628,-0.003539156626506057
4629,0.010692771084337305
4630,0.014156626506024117
4631,0.004894578313253017
4632,0.0027861445783132766
4633,0.01106927710843375
4634,0.005421686746987953
4635,-0.010015060240963825
4636,0.004216867469879482
4637,0.013177710843373491
4638,0.00060240963855418
4639,-0.006551204819277123
4640,0.00986445783132528
4641,0.020105421686747005
4642,-0.022740963855421736
4643,0.015662650602409567
4644,-0.01227409638554211
4645,-0.015210843373493987
4646,0.0010542168674698704
4647,0.02379518072289155
4648,0.0036144578313253017
4649,-0.001506024096385561
4650,0.03034638554216862
4651,-0.006400602409638578
4652,-0.019277108433735035
4653,-0.016189759036144558
4654,0.005798192771084287
4655,-0.008433734939759074
4656,-0.009036144578313254
4657,0.006852409638554269
4658,0.005271084337349352
4659,-0.01724397590361454
4660,-0.024397590361445787
4661,-0.0031626506024096113
4662,-0.0182981927710843
4663,-0.01792168674698802
4664,-0.004141566265060237
4665,0.0025602409638555423
4666,0.003012048192771122
4667,0.015436746987951833
4668,0.003237951807228967
4669,-0.008734939759036164
4670,0.020858433734939785
4671,0.007078313253012003
4672,0.014382530120481851
4673,0.0008283132530120252
4674,0.01867469879518069
4675,0.013328313253012092
4676,0.016641566265060193
4677,-0.0003765060240963902
4678,-0.0073795180722891485
4679,-0.003840361445783147
4680,0.005798192771084398
4681,-0.014156626506024061
4682,0.011897590361445776
4683,-0.03057228915662652
4684,-0.006249999999999978
4685,0.007078313253012114
4686,-0.012876506024096401
4687,-0.005120481927710807
4688,-0.006024096385542188
4689,-0.010391566265060215
4690,0.01076807228915666
4691,-0.023945783132530096
4692,0.015512048192770966
4693,-0.0008283132530121362
4694,-0.01920180722891568
4695,-0.03554216867469884
4696,0.007454819277108449
4697,-0.014608433734939752
4698,0.005496987951807308
4699,0.008810240963855409
4700,0.0027861445783132766
4701,0.00865963855421692
4702,-0.02387048192771085
4703,-0.003087349397590311
4704,-0.013102409638554191
4705,-0.0033132530120482673
4706,0.012951807228915646
4707,0.004367469879518082
4708,0.011596385542168797
4709,-0.010240963855421614
4710,-0.006249999999999978
4711,-0.006852409638554158
4712,-0.0005271084337348797
4713,-0.006701807228915668
4714,0.0017319277108432951
4715,-0.009036144578313254
4716,0.01197289156626502
4717,0.012575301204819311
4718,-0.0005271084337349907
4719,-0.004743975903614417
4720,0.0024849397590361866
4721,0.0072289156626506035
4722,-0.011897590361445776
4723,0.015963855421686768
4724,-0.012123493975903565
4725,-0.0016566265060241059
4726,-0.006250000000000033
4727,-0.009713855421686735
4728,-0.006626506024096368
4729,0.005722891566265043
4730,0.025075301204819267
4731,-0.015813253012048167
4732,0.00790662650602414
4733,-0.0185993975903615
4734,-0.004066265060240937
4735,0.016189759036144613
4736,-0.0018072289156626509
4737,-0.0011295180722891707
4738,0.0066265060240963125
4739,0.014231927710843362
4740,0.003539156626506057
4741,-0.011144578313252995
4742,-0.008584337349397564
4743,0.002033132530120496
4744,0.014608433734939807
4745,-0.010316265060241026
4746,-0.010542168674698815
4747,0.012048192771084376
4748,-0.015286144578313232
4749,-0.009713855421686735
4750,-0.005647590361445798
4751,-0.0010542168674698704
4752,-0.006250000000000033
4753,-0.0006777108433734802
4754,0.007831325301204894
4755,0.027560240963855454
4756,-0.0011295180722891707
4757,0.014533132530120563
4758,0.00850903614457832
4759,-0.017921686746987908
4760,-0.01927710843373487
4761,0.002710843373493921
4762,-0.0034638554216867568
4763,-0.010617469879518171
4764,-0.022364457831325346
4765,0.009337349397590344
4766,0.012499999999999956
4767,0.02153614457831332
4768,-0.007153614457831303
4769,-0.0017319277108433506
4770,0.0031626506024097223
4771,-0.006852409638554213
4772,0.010692771084337305
4773,0.014307228915662606
4774,-0.00030120481927709
4775,-0.014608433734939752
4776,0.006174698795180733
4777,-0.0030873493975903665
4778,0.013780120481927671
4779,0.0009789156626505147
4780,0.014683734939759052
4781,0.009412650602409589
4782,-0.009939759036144635
4783,0.002108433734939741
4784,-0.009412650602409645
4785,-0.003915662650602447
4786,0.014156626506024117
4787,0.007680722891566294
4788,0.01212349397590351
4789,-0.002259036144578286
4790,-0.0073795180722891485
4791,0.00030120481927709
4792,0.016340361445783103
4793,0.007831325301204783
4794,-0.0034638554216867568
4795,0.014081325301204872
4796,-0.002409638554216831
4797,0.017996987951807264
4798,-0.021837349397590355
4799,0.0018072289156626509
4800,-0.0008283132530120807
4801,-0.0012801204819277712
4802,0.004743975903614417
4803,-0.0064759036144577675
4804,0.0010542168674698704
4805,0.006701807228915668
4806,0.00790662650602414
4807,-0.00060240963855418
4808,-0.008810240963855465
4809,-0.0033885542168674565
4810,0.017394578313252973
4811,-0.017168674698795128
4812,-0.0184487951807229
4813,0.0015813253012048056
4814,-0.010843373493975905
4815,-0.005195783132530107
4816,0.0019578313253012514
4817,-0.02078313253012043
4818,0.010542168674698815
4819,0.00030120481927709
4820,0.0031626506024097223
4821,-0.02936746987951805
4822,-0.014834337349397597
4823,-0.014533132530120452
4824,0.02033132530120485
4825,0.013478915662650692
4826,0.000301204819277201
4827,0.00896084337349401
4828,-0.0064759036144577675
4829,-0.01039156626506027
4830,-0.004668674698795228
4831,0.003840361445783147
4832,0.02153614457831321
4833,0.008132530120481873
4834,0.0006777108433734247
4835,0.015361445783132477
4836,-0.008960843373494065
4837,0.01076807228915666
4838,0.015512048192771077
4839,-0.004668674698795228
4840,0.0063253012048192225
4841,-0.0012801204819276601
4842,-0.011144578313252995
4843,0.0028614457831325213
4844,0.02018072289156625
4845,-7.530120481918923e-05
4846,0.011219879518072351
4847,-0.0042921686746988374
4848,-0.008960843373494065
4849,-0.012500000000000011
4850,-0.010391566265060215
4851,0.007605421686747049
4852,0.0031626506024097223
4853,-0.01332831325301198
4854,0.02123493975903612
4855,-0.004442771084337438
4856,-0.009638554216867434
4857,0.0036897590361445465
4858,0.005346385542168597
4859,-0.01912650602409638
4860,-0.0030120481927710663
4861,0.016039156626506013
4862,-0.005195783132530107
4863,0.0066265060240963125
4864,0.005045180722891618
4865,0.003840361445783036
4866,-0.002635542168674676
4867,0.008810240963855409
4868,-0.01129518072289154
4869,0.004819277108433773
4870,0.007379518072289093
4871,0.006400602409638578
4872,0.016490963855421703
4873,-0.003087349397590311
4874,0.008132530120481873
4875,-0.004442771084337327
4876,-0.005572289156626498
4877,0.006551204819277179
4878,0.0024849397590360756
4879,-0.003539156626506057
4880,-0.000301204819277201
4881,-0.0015813253012047501
4882,0.024623493975903687
4883,0.005195783132530107
4884,0.000301204819277201
4885,-0.002936746987951877
4886,0.012048192771084376
4887,-0.011897590361445776
4888,-0.008132530120481873
4889,0.0037650602409639022
4890,0.004668674698795172
4891,0.007605421686747049
4892,-0.009262048192771044
4893,0.015060240963855387
4894,-0.005496987951807197
4895,0.0018072289156626509
4896,-0.023343373493975916
4897,0.006099397590361377
4898,-0.0036897590361445465
4899,-0.0007530120481927804
4900,0.019653614457831314
4901,0.02048192771084345
4902,-0.013177710843373491
4903,0.004518072289156572
4904,-0.015135542168674743
4905,-0.025978915662650592
4906,0.018749999999999933
4907,-0.00045180722891557945
4908,-0.026355421686746983
4909,0.016189759036144613
4910,0.014457831325301207
4911,0.005496987951807197
4912,-0.020783132530120485
4913,-0.017319277108433728
4914,0.014457831325301207
4915,0.0033132530120482118
4916,-0.009939759036144635
4917,-0.009789156626506035
4918,-0.014156626506024061
4919,0.0069277108433735135
4920,0.018448795180722843
4921,0.007605421686747049
4922,-0.01905120481927708
4923,0.013704819277108427
4924,-0.014759036144578352
4925,0.010240963855421614
4926,0.01807228915662651
4927,0.01671686746987955
4928,-0.016340361445783158
4929,-0.0018072289156627064
4930,-0.01129518072289154
4931,0.008433734939759074
4932,0.01137048192771073
4933,-0.001054216867469926
4934,0.01611445783132537
4935,-0.010391566265060215
4936,-0.008810240963855465
4937,-0.002183734939759041
4938,-0.0015813253012047501
4939,0.0075301204819276935
4940,0.004216867469879482
4941,-0.005496987951807197
4942,-0.000903614457831381
4943,-0.012274096385542221
4944,-0.015361445783132588
4945,-0.01287650602409629
4946,0.00030120481927709
4947,0.0037650602409639022
4948,0.01882530120481929
4949,-0.012274096385542221
4950,-0.014608433734939752
4951,0.007003012048192758
4952,0.0042921686746988374
4953,0.028313253012048123
4954,-0.014759036144578241
4955,0.021460843373493965
4956,0.020557228915662584
4957,0.004442771084337438
4958,-0.0030120481927710108
4959,-0.0038403614457830915
4960,-0.022515060240963947
4961,-0.008358433734939663
4962,-0.006475903614457823
4963,-0.0027108433734939763
4964,0.007756024096385539
4965,-0.0030873493975903665
4966,-0.008207831325301174
4967,-0.01362951807228907
4968,0.004066265060240992
4969,0.015813253012048167
4970,-0.015135542168674743
4971,0.006174698795180733
4972,-0.014307228915662662
4973,-0.002786144578313221
4974,-0.009337349397590455
4975,0.0310993975903614
4976,0.013554216867469826
4977,-0.002033132530120496
4978,0.02959337349397584
4979,-0.0015813253012048611
4980,-0.0010542168674698704
4981,0.009337349397590455
4982,0.0039909638554216365
4983,-0.005271084337349408
4984,-0.0011295180722891707
4985,0.004593373493975927
4986,-0.007831325301204894
4987,0.0127259036144578
4988,0.0034638554216868123
4989,-0.002560240963855487
4990,-0.010391566265060215
4991,-0.008734939759036164
4992,-0.010316265060241026
4993,0.006174698795180733
4994,-0.0012048192771085264
4995,0.004141566265060237
4996,-0.0034638554216867012
4997,0.004819277108433773
4998,0.011746987951807175
4999,-0.0039909638554216365
