range_index,range_name,source,operator_dim,n_primes,n_gaps,elapsed_seconds,cache_path
0,range_000026-000225,cache,4096,96183631,96183630,0.020378589630126953,d:\hpc_project\tdc_unified_core\results\b50_8_multi_offset\offset_p025\operator_cache\range_000026-000225.npz
1,range_000176-000375,cache,4096,92125070,92125069,0.02411937713623047,d:\hpc_project\tdc_unified_core\results\b50_8_multi_offset\offset_p025\operator_cache\range_000176-000375.npz
2,range_000326-000525,cache,4096,90252864,90252863,0.01965188980102539,d:\hpc_project\tdc_unified_core\results\b50_8_multi_offset\offset_p025\operator_cache\range_000326-000525.npz
3,range_000476-000675,cache,4096,89019213,89019212,0.020113468170166016,d:\hpc_project\tdc_unified_core\results\b50_8_multi_offset\offset_p025\operator_cache\range_000476-000675.npz
4,range_000626-000825,cache,4096,88101722,88101721,0.019430160522460938,d:\hpc_project\tdc_unified_core\results\b50_8_multi_offset\offset_p025\operator_cache\range_000626-000825.npz
5,range_000776-000975,cache,4096,87378459,87378458,0.021523475646972656,d:\hpc_project\tdc_unified_core\results\b50_8_multi_offset\offset_p025\operator_cache\range_000776-000975.npz
6,range_000926-001125,cache,4096,86771709,86771708,0.022658586502075195,d:\hpc_project\tdc_unified_core\results\b50_8_multi_offset\offset_p025\operator_cache\range_000926-001125.npz
7,range_001076-001275,cache,4096,86258937,86258936,0.025171518325805664,d:\hpc_project\tdc_unified_core\results\b50_8_multi_offset\offset_p025\operator_cache\range_001076-001275.npz
8,range_001226-001425,cache,4096,85811593,85811592,0.018063783645629883,d:\hpc_project\tdc_unified_core\results\b50_8_multi_offset\offset_p025\operator_cache\range_001226-001425.npz
9,range_001376-001575,cache,4096,85420270,85420269,0.021201133728027344,d:\hpc_project\tdc_unified_core\results\b50_8_multi_offset\offset_p025\operator_cache\range_001376-001575.npz
10,range_001526-001725,cache,4096,85067236,85067235,0.023946523666381836,d:\hpc_project\tdc_unified_core\results\b50_8_multi_offset\offset_p025\operator_cache\range_001526-001725.npz
11,range_001676-001875,cache,4096,84747311,84747310,0.023309707641601562,d:\hpc_project\tdc_unified_core\results\b50_8_multi_offset\offset_p025\operator_cache\range_001676-001875.npz
12,range_001826-002025,cache,4096,84458201,84458200,0.021205663681030273,d:\hpc_project\tdc_unified_core\results\b50_8_multi_offset\offset_p025\operator_cache\range_001826-002025.npz
13,range_001976-002175,cache,4096,84194124,84194123,0.02667832374572754,d:\hpc_project\tdc_unified_core\results\b50_8_multi_offset\offset_p025\operator_cache\range_001976-002175.npz
14,range_002126-002325,cache,4096,83943028,83943027,0.019110918045043945,d:\hpc_project\tdc_unified_core\results\b50_8_multi_offset\offset_p025\operator_cache\range_002126-002325.npz
15,range_002276-002475,cache,4096,83712224,83712223,0.019888639450073242,d:\hpc_project\tdc_unified_core\results\b50_8_multi_offset\offset_p025\operator_cache\range_002276-002475.npz
16,range_002426-002625,cache,4096,83496632,83496631,0.022225618362426758,d:\hpc_project\tdc_unified_core\results\b50_8_multi_offset\offset_p025\operator_cache\range_002426-002625.npz
17,range_002576-002775,cache,4096,83305166,83305165,0.02649211883544922,d:\hpc_project\tdc_unified_core\results\b50_8_multi_offset\offset_p025\operator_cache\range_002576-002775.npz
18,range_002726-002925,cache,4096,83109369,83109368,0.020654678344726562,d:\hpc_project\tdc_unified_core\results\b50_8_multi_offset\offset_p025\operator_cache\range_002726-002925.npz
19,range_002876-003075,cache,4096,82933501,82933500,0.01912069320678711,d:\hpc_project\tdc_unified_core\results\b50_8_multi_offset\offset_p025\operator_cache\range_002876-003075.npz
20,range_003026-003225,cache,4096,82763925,82763924,0.023490428924560547,d:\hpc_project\tdc_unified_core\results\b50_8_multi_offset\offset_p025\operator_cache\range_003026-003225.npz
21,range_003176-003375,cache,4096,82602459,82602458,0.022470474243164062,d:\hpc_project\tdc_unified_core\results\b50_8_multi_offset\offset_p025\operator_cache\range_003176-003375.npz
22,range_003326-003525,cache,4096,82448677,82448676,0.018521785736083984,d:\hpc_project\tdc_unified_core\results\b50_8_multi_offset\offset_p025\operator_cache\range_003326-003525.npz
23,range_003476-003675,cache,4096,82308976,82308975,0.022516250610351562,d:\hpc_project\tdc_unified_core\results\b50_8_multi_offset\offset_p025\operator_cache\range_003476-003675.npz
24,range_003626-003825,cache,4096,82167186,82167185,0.02362227439880371,d:\hpc_project\tdc_unified_core\results\b50_8_multi_offset\offset_p025\operator_cache\range_003626-003825.npz
25,range_003776-003975,cache,4096,82030960,82030959,0.023169517517089844,d:\hpc_project\tdc_unified_core\results\b50_8_multi_offset\offset_p025\operator_cache\range_003776-003975.npz
26,range_003926-004125,cache,4096,81902967,81902966,0.01872849464416504,d:\hpc_project\tdc_unified_core\results\b50_8_multi_offset\offset_p025\operator_cache\range_003926-004125.npz
27,range_004076-004275,cache,4096,81783713,81783712,0.02310347557067871,d:\hpc_project\tdc_unified_core\results\b50_8_multi_offset\offset_p025\operator_cache\range_004076-004275.npz
28,range_004226-004425,cache,4096,81663509,81663508,0.019173860549926758,d:\hpc_project\tdc_unified_core\results\b50_8_multi_offset\offset_p025\operator_cache\range_004226-004425.npz
29,range_004376-004575,cache,4096,81553998,81553997,0.026552915573120117,d:\hpc_project\tdc_unified_core\results\b50_8_multi_offset\offset_p025\operator_cache\range_004376-004575.npz
30,range_004526-004725,cache,4096,81438726,81438725,0.02219104766845703,d:\hpc_project\tdc_unified_core\results\b50_8_multi_offset\offset_p025\operator_cache\range_004526-004725.npz
31,range_004676-004875,cache,4096,81333168,81333167,0.021221160888671875,d:\hpc_project\tdc_unified_core\results\b50_8_multi_offset\offset_p025\operator_cache\range_004676-004875.npz
32,range_004826-005025,cache,4096,81231336,81231335,0.024199962615966797,d:\hpc_project\tdc_unified_core\results\b50_8_multi_offset\offset_p025\operator_cache\range_004826-005025.npz
33,range_004976-005175,cache,4096,81140033,81140032,0.018887996673583984,d:\hpc_project\tdc_unified_core\results\b50_8_multi_offset\offset_p025\operator_cache\range_004976-005175.npz
34,range_005126-005325,cache,4096,81040991,81040990,0.02573394775390625,d:\hpc_project\tdc_unified_core\results\b50_8_multi_offset\offset_p025\operator_cache\range_005126-005325.npz
35,range_005276-005475,cache,4096,80947804,80947803,0.02102947235107422,d:\hpc_project\tdc_unified_core\results\b50_8_multi_offset\offset_p025\operator_cache\range_005276-005475.npz
36,range_005426-005625,cache,4096,80858757,80858756,0.023530960083007812,d:\hpc_project\tdc_unified_core\results\b50_8_multi_offset\offset_p025\operator_cache\range_005426-005625.npz
37,range_005576-005775,cache,4096,80769028,80769027,0.018277645111083984,d:\hpc_project\tdc_unified_core\results\b50_8_multi_offset\offset_p025\operator_cache\range_005576-005775.npz
38,range_005726-005925,cache,4096,80680647,80680646,0.0241696834564209,d:\hpc_project\tdc_unified_core\results\b50_8_multi_offset\offset_p025\operator_cache\range_005726-005925.npz
39,range_005876-006075,cache,4096,80602651,80602650,0.023055076599121094,d:\hpc_project\tdc_unified_core\results\b50_8_multi_offset\offset_p025\operator_cache\range_005876-006075.npz
40,range_006026-006225,cache,4096,80519443,80519442,0.018755674362182617,d:\hpc_project\tdc_unified_core\results\b50_8_multi_offset\offset_p025\operator_cache\range_006026-006225.npz
41,range_006176-006375,cache,4096,80442452,80442451,0.019592761993408203,d:\hpc_project\tdc_unified_core\results\b50_8_multi_offset\offset_p025\operator_cache\range_006176-006375.npz
42,range_006326-006525,cache,4096,80366915,80366914,0.025158166885375977,d:\hpc_project\tdc_unified_core\results\b50_8_multi_offset\offset_p025\operator_cache\range_006326-006525.npz
43,range_006476-006675,cache,4096,80290641,80290640,0.0232236385345459,d:\hpc_project\tdc_unified_core\results\b50_8_multi_offset\offset_p025\operator_cache\range_006476-006675.npz
44,range_006626-006825,cache,4096,80216809,80216808,0.018251419067382812,d:\hpc_project\tdc_unified_core\results\b50_8_multi_offset\offset_p025\operator_cache\range_006626-006825.npz
45,range_006776-006975,cache,4096,80152872,80152871,0.02461528778076172,d:\hpc_project\tdc_unified_core\results\b50_8_multi_offset\offset_p025\operator_cache\range_006776-006975.npz
46,range_006926-007125,cache,4096,80080407,80080406,0.02167654037475586,d:\hpc_project\tdc_unified_core\results\b50_8_multi_offset\offset_p025\operator_cache\range_006926-007125.npz
47,range_007076-007275,cache,4096,80010175,80010174,0.022170543670654297,d:\hpc_project\tdc_unified_core\results\b50_8_multi_offset\offset_p025\operator_cache\range_007076-007275.npz
48,range_007226-007425,cache,4096,79944060,79944059,0.01938772201538086,d:\hpc_project\tdc_unified_core\results\b50_8_multi_offset\offset_p025\operator_cache\range_007226-007425.npz
49,range_007376-007575,cache,4096,79880064,79880063,0.021782398223876953,d:\hpc_project\tdc_unified_core\results\b50_8_multi_offset\offset_p025\operator_cache\range_007376-007575.npz
50,range_007526-007725,cache,4096,79823344,79823343,0.024446964263916016,d:\hpc_project\tdc_unified_core\results\b50_8_multi_offset\offset_p025\operator_cache\range_007526-007725.npz
51,range_007676-007875,cache,4096,79752420,79752419,0.025691747665405273,d:\hpc_project\tdc_unified_core\results\b50_8_multi_offset\offset_p025\operator_cache\range_007676-007875.npz
52,range_007826-008025,cache,4096,79694009,79694008,0.02360391616821289,d:\hpc_project\tdc_unified_core\results\b50_8_multi_offset\offset_p025\operator_cache\range_007826-008025.npz
53,range_007976-008175,cache,4096,79633799,79633798,0.01882147789001465,d:\hpc_project\tdc_unified_core\results\b50_8_multi_offset\offset_p025\operator_cache\range_007976-008175.npz
54,range_008126-008325,cache,4096,79575816,79575815,0.019699811935424805,d:\hpc_project\tdc_unified_core\results\b50_8_multi_offset\offset_p025\operator_cache\range_008126-008325.npz
55,range_008276-008475,cache,4096,79519945,79519944,0.02065300941467285,d:\hpc_project\tdc_unified_core\results\b50_8_multi_offset\offset_p025\operator_cache\range_008276-008475.npz
56,range_008426-008625,cache,4096,79464072,79464071,0.022115468978881836,d:\hpc_project\tdc_unified_core\results\b50_8_multi_offset\offset_p025\operator_cache\range_008426-008625.npz
57,range_008576-008775,cache,4096,79408309,79408308,0.022908926010131836,d:\hpc_project\tdc_unified_core\results\b50_8_multi_offset\offset_p025\operator_cache\range_008576-008775.npz
58,range_008726-008925,cache,4096,79353174,79353173,0.023433923721313477,d:\hpc_project\tdc_unified_core\results\b50_8_multi_offset\offset_p025\operator_cache\range_008726-008925.npz
59,range_008876-009075,cache,4096,79300646,79300645,0.018478870391845703,d:\hpc_project\tdc_unified_core\results\b50_8_multi_offset\offset_p025\operator_cache\range_008876-009075.npz
60,range_009026-009225,cache,4096,79251487,79251486,0.02832770347595215,d:\hpc_project\tdc_unified_core\results\b50_8_multi_offset\offset_p025\operator_cache\range_009026-009225.npz
61,range_009176-009375,cache,4096,79199629,79199628,0.019558429718017578,d:\hpc_project\tdc_unified_core\results\b50_8_multi_offset\offset_p025\operator_cache\range_009176-009375.npz
62,range_009326-009525,cache,4096,79149601,79149600,0.021047115325927734,d:\hpc_project\tdc_unified_core\results\b50_8_multi_offset\offset_p025\operator_cache\range_009326-009525.npz
63,range_009476-009675,cache,4096,79095887,79095886,0.025249481201171875,d:\hpc_project\tdc_unified_core\results\b50_8_multi_offset\offset_p025\operator_cache\range_009476-009675.npz
64,range_009626-009825,cache,4096,79052983,79052982,0.022965192794799805,d:\hpc_project\tdc_unified_core\results\b50_8_multi_offset\offset_p025\operator_cache\range_009626-009825.npz
65,range_009776-009975,cache,4096,79002883,79002882,0.0249631404876709,d:\hpc_project\tdc_unified_core\results\b50_8_multi_offset\offset_p025\operator_cache\range_009776-009975.npz
66,range_009926-010125,cache,4096,78959970,78959969,0.01883220672607422,d:\hpc_project\tdc_unified_core\results\b50_8_multi_offset\offset_p025\operator_cache\range_009926-010125.npz
67,range_010076-010275,cache,4096,78911617,78911616,0.023073673248291016,d:\hpc_project\tdc_unified_core\results\b50_8_multi_offset\offset_p025\operator_cache\range_010076-010275.npz
68,range_010226-010425,cache,4096,78859523,78859522,0.020729541778564453,d:\hpc_project\tdc_unified_core\results\b50_8_multi_offset\offset_p025\operator_cache\range_010226-010425.npz
69,range_010376-010575,cache,4096,78815370,78815369,0.02557992935180664,d:\hpc_project\tdc_unified_core\results\b50_8_multi_offset\offset_p025\operator_cache\range_010376-010575.npz
70,range_010526-010725,cache,4096,78767054,78767053,0.01806044578552246,d:\hpc_project\tdc_unified_core\results\b50_8_multi_offset\offset_p025\operator_cache\range_010526-010725.npz
71,range_010676-010875,cache,4096,78728110,78728109,0.02642369270324707,d:\hpc_project\tdc_unified_core\results\b50_8_multi_offset\offset_p025\operator_cache\range_010676-010875.npz
72,range_010826-011025,cache,4096,78686238,78686237,0.021155118942260742,d:\hpc_project\tdc_unified_core\results\b50_8_multi_offset\offset_p025\operator_cache\range_010826-011025.npz
73,range_010976-011175,cache,4096,78647019,78647018,0.01940631866455078,d:\hpc_project\tdc_unified_core\results\b50_8_multi_offset\offset_p025\operator_cache\range_010976-011175.npz
74,range_011126-011325,cache,4096,78606087,78606086,0.020696640014648438,d:\hpc_project\tdc_unified_core\results\b50_8_multi_offset\offset_p025\operator_cache\range_011126-011325.npz
75,range_011276-011475,cache,4096,78567222,78567221,0.017851829528808594,d:\hpc_project\tdc_unified_core\results\b50_8_multi_offset\offset_p025\operator_cache\range_011276-011475.npz
76,range_011426-011625,cache,4096,78524985,78524984,0.0245053768157959,d:\hpc_project\tdc_unified_core\results\b50_8_multi_offset\offset_p025\operator_cache\range_011426-011625.npz
77,range_011576-011775,cache,4096,78480001,78480000,0.020689010620117188,d:\hpc_project\tdc_unified_core\results\b50_8_multi_offset\offset_p025\operator_cache\range_011576-011775.npz
78,range_011726-011925,cache,4096,78442004,78442003,0.02473735809326172,d:\hpc_project\tdc_unified_core\results\b50_8_multi_offset\offset_p025\operator_cache\range_011726-011925.npz
79,range_011876-012075,cache,4096,78401319,78401318,0.021150588989257812,d:\hpc_project\tdc_unified_core\results\b50_8_multi_offset\offset_p025\operator_cache\range_011876-012075.npz
80,range_012026-012225,cache,4096,78371941,78371940,0.019043922424316406,d:\hpc_project\tdc_unified_core\results\b50_8_multi_offset\offset_p025\operator_cache\range_012026-012225.npz
81,range_012176-012375,cache,4096,78333621,78333620,0.023241043090820312,d:\hpc_project\tdc_unified_core\results\b50_8_multi_offset\offset_p025\operator_cache\range_012176-012375.npz
82,range_012326-012525,cache,4096,78296684,78296683,0.0240328311920166,d:\hpc_project\tdc_unified_core\results\b50_8_multi_offset\offset_p025\operator_cache\range_012326-012525.npz
83,range_012476-012675,cache,4096,78251034,78251033,0.02410268783569336,d:\hpc_project\tdc_unified_core\results\b50_8_multi_offset\offset_p025\operator_cache\range_012476-012675.npz
84,range_012626-012825,cache,4096,78217670,78217669,0.02448582649230957,d:\hpc_project\tdc_unified_core\results\b50_8_multi_offset\offset_p025\operator_cache\range_012626-012825.npz
85,range_012776-012975,cache,4096,78186839,78186838,0.023912429809570312,d:\hpc_project\tdc_unified_core\results\b50_8_multi_offset\offset_p025\operator_cache\range_012776-012975.npz
86,range_012926-013125,cache,4096,78147696,78147695,0.02145075798034668,d:\hpc_project\tdc_unified_core\results\b50_8_multi_offset\offset_p025\operator_cache\range_012926-013125.npz
87,range_013076-013275,cache,4096,78108811,78108810,0.021940231323242188,d:\hpc_project\tdc_unified_core\results\b50_8_multi_offset\offset_p025\operator_cache\range_013076-013275.npz
88,range_013226-013425,cache,4096,78077679,78077678,0.01908111572265625,d:\hpc_project\tdc_unified_core\results\b50_8_multi_offset\offset_p025\operator_cache\range_013226-013425.npz
89,range_013376-013575,cache,4096,78037893,78037892,0.022124767303466797,d:\hpc_project\tdc_unified_core\results\b50_8_multi_offset\offset_p025\operator_cache\range_013376-013575.npz
90,range_013526-013725,cache,4096,78009679,78009678,0.025055646896362305,d:\hpc_project\tdc_unified_core\results\b50_8_multi_offset\offset_p025\operator_cache\range_013526-013725.npz
91,range_013676-013875,cache,4096,77976536,77976535,0.021599292755126953,d:\hpc_project\tdc_unified_core\results\b50_8_multi_offset\offset_p025\operator_cache\range_013676-013875.npz
92,range_013826-014025,cache,4096,77948054,77948053,0.01753091812133789,d:\hpc_project\tdc_unified_core\results\b50_8_multi_offset\offset_p025\operator_cache\range_013826-014025.npz
93,range_013976-014175,cache,4096,77910486,77910485,0.019751548767089844,d:\hpc_project\tdc_unified_core\results\b50_8_multi_offset\offset_p025\operator_cache\range_013976-014175.npz
94,range_014126-014325,cache,4096,77877630,77877629,0.01782059669494629,d:\hpc_project\tdc_unified_core\results\b50_8_multi_offset\offset_p025\operator_cache\range_014126-014325.npz
95,range_014276-014475,cache,4096,77849239,77849238,0.02627396583557129,d:\hpc_project\tdc_unified_core\results\b50_8_multi_offset\offset_p025\operator_cache\range_014276-014475.npz
96,range_014426-014625,cache,4096,77814917,77814916,0.01999950408935547,d:\hpc_project\tdc_unified_core\results\b50_8_multi_offset\offset_p025\operator_cache\range_014426-014625.npz
97,range_014576-014775,cache,4096,77791663,77791662,0.021213531494140625,d:\hpc_project\tdc_unified_core\results\b50_8_multi_offset\offset_p025\operator_cache\range_014576-014775.npz
98,range_014726-014925,cache,4096,77754698,77754697,0.023107051849365234,d:\hpc_project\tdc_unified_core\results\b50_8_multi_offset\offset_p025\operator_cache\range_014726-014925.npz
99,range_014876-015075,cache,4096,77720740,77720739,0.022190332412719727,d:\hpc_project\tdc_unified_core\results\b50_8_multi_offset\offset_p025\operator_cache\range_014876-015075.npz
100,range_015026-015225,cache,4096,77686733,77686732,0.023049116134643555,d:\hpc_project\tdc_unified_core\results\b50_8_multi_offset\offset_p025\operator_cache\range_015026-015225.npz
101,range_015176-015375,cache,4096,77656106,77656105,0.02188396453857422,d:\hpc_project\tdc_unified_core\results\b50_8_multi_offset\offset_p025\operator_cache\range_015176-015375.npz
102,range_015326-015525,cache,4096,77636659,77636658,0.023242712020874023,d:\hpc_project\tdc_unified_core\results\b50_8_multi_offset\offset_p025\operator_cache\range_015326-015525.npz
103,range_015476-015675,cache,4096,77611989,77611988,0.019731521606445312,d:\hpc_project\tdc_unified_core\results\b50_8_multi_offset\offset_p025\operator_cache\range_015476-015675.npz
104,range_015626-015825,cache,4096,77576140,77576139,0.01909470558166504,d:\hpc_project\tdc_unified_core\results\b50_8_multi_offset\offset_p025\operator_cache\range_015626-015825.npz
105,range_015776-015975,cache,4096,77547836,77547835,0.018526077270507812,d:\hpc_project\tdc_unified_core\results\b50_8_multi_offset\offset_p025\operator_cache\range_015776-015975.npz
106,range_015926-016125,cache,4096,77517063,77517062,0.025036096572875977,d:\hpc_project\tdc_unified_core\results\b50_8_multi_offset\offset_p025\operator_cache\range_015926-016125.npz
107,range_016076-016275,cache,4096,77484838,77484837,0.022763729095458984,d:\hpc_project\tdc_unified_core\results\b50_8_multi_offset\offset_p025\operator_cache\range_016076-016275.npz
108,range_016226-016425,cache,4096,77460205,77460204,0.021459102630615234,d:\hpc_project\tdc_unified_core\results\b50_8_multi_offset\offset_p025\operator_cache\range_016226-016425.npz
109,range_016376-016575,cache,4096,77434318,77434317,0.0201718807220459,d:\hpc_project\tdc_unified_core\results\b50_8_multi_offset\offset_p025\operator_cache\range_016376-016575.npz
110,range_016526-016725,cache,4096,77410603,77410602,0.024003267288208008,d:\hpc_project\tdc_unified_core\results\b50_8_multi_offset\offset_p025\operator_cache\range_016526-016725.npz
111,range_016676-016875,cache,4096,77383048,77383047,0.01920151710510254,d:\hpc_project\tdc_unified_core\results\b50_8_multi_offset\offset_p025\operator_cache\range_016676-016875.npz
112,range_016826-017025,cache,4096,77353599,77353598,0.020786046981811523,d:\hpc_project\tdc_unified_core\results\b50_8_multi_offset\offset_p025\operator_cache\range_016826-017025.npz
113,range_016976-017175,cache,4096,77331558,77331557,0.023793935775756836,d:\hpc_project\tdc_unified_core\results\b50_8_multi_offset\offset_p025\operator_cache\range_016976-017175.npz
114,range_017126-017325,cache,4096,77298249,77298248,0.022046804428100586,d:\hpc_project\tdc_unified_core\results\b50_8_multi_offset\offset_p025\operator_cache\range_017126-017325.npz
115,range_017276-017475,cache,4096,77277297,77277296,0.01981830596923828,d:\hpc_project\tdc_unified_core\results\b50_8_multi_offset\offset_p025\operator_cache\range_017276-017475.npz
116,range_017426-017625,cache,4096,77250621,77250620,0.024776697158813477,d:\hpc_project\tdc_unified_core\results\b50_8_multi_offset\offset_p025\operator_cache\range_017426-017625.npz
117,range_017576-017775,cache,4096,77225730,77225729,0.02153944969177246,d:\hpc_project\tdc_unified_core\results\b50_8_multi_offset\offset_p025\operator_cache\range_017576-017775.npz
118,range_017726-017925,cache,4096,77200706,77200705,0.01724100112915039,d:\hpc_project\tdc_unified_core\results\b50_8_multi_offset\offset_p025\operator_cache\range_017726-017925.npz
119,range_017876-018075,cache,4096,77176752,77176751,0.02351546287536621,d:\hpc_project\tdc_unified_core\results\b50_8_multi_offset\offset_p025\operator_cache\range_017876-018075.npz
120,range_018026-018225,cache,4096,77151612,77151611,0.02276897430419922,d:\hpc_project\tdc_unified_core\results\b50_8_multi_offset\offset_p025\operator_cache\range_018026-018225.npz
121,range_018176-018375,cache,4096,77126911,77126910,0.023717403411865234,d:\hpc_project\tdc_unified_core\results\b50_8_multi_offset\offset_p025\operator_cache\range_018176-018375.npz
122,range_018326-018525,cache,4096,77101237,77101236,0.01997828483581543,d:\hpc_project\tdc_unified_core\results\b50_8_multi_offset\offset_p025\operator_cache\range_018326-018525.npz
123,range_018476-018675,cache,4096,77076100,77076099,0.023866653442382812,d:\hpc_project\tdc_unified_core\results\b50_8_multi_offset\offset_p025\operator_cache\range_018476-018675.npz
124,range_018626-018825,cache,4096,77055158,77055157,0.018175840377807617,d:\hpc_project\tdc_unified_core\results\b50_8_multi_offset\offset_p025\operator_cache\range_018626-018825.npz
125,range_018776-018975,cache,4096,77026900,77026899,0.025225162506103516,d:\hpc_project\tdc_unified_core\results\b50_8_multi_offset\offset_p025\operator_cache\range_018776-018975.npz
126,range_018926-019125,cache,4096,77006652,77006651,0.017725229263305664,d:\hpc_project\tdc_unified_core\results\b50_8_multi_offset\offset_p025\operator_cache\range_018926-019125.npz
127,range_019076-019275,cache,4096,76983976,76983975,0.025331974029541016,d:\hpc_project\tdc_unified_core\results\b50_8_multi_offset\offset_p025\operator_cache\range_019076-019275.npz
128,range_019226-019425,cache,4096,76964562,76964561,0.02123427391052246,d:\hpc_project\tdc_unified_core\results\b50_8_multi_offset\offset_p025\operator_cache\range_019226-019425.npz
129,range_019376-019575,cache,4096,76936591,76936590,0.02087235450744629,d:\hpc_project\tdc_unified_core\results\b50_8_multi_offset\offset_p025\operator_cache\range_019376-019575.npz
130,range_019526-019725,cache,4096,76912870,76912869,0.021764039993286133,d:\hpc_project\tdc_unified_core\results\b50_8_multi_offset\offset_p025\operator_cache\range_019526-019725.npz
131,range_019676-019875,cache,4096,76896256,76896255,0.02317214012145996,d:\hpc_project\tdc_unified_core\results\b50_8_multi_offset\offset_p025\operator_cache\range_019676-019875.npz
132,range_019826-020025,cache,4096,76873991,76873990,0.025187253952026367,d:\hpc_project\tdc_unified_core\results\b50_8_multi_offset\offset_p025\operator_cache\range_019826-020025.npz
133,range_019976-020175,cache,4096,76850799,76850798,0.021037578582763672,d:\hpc_project\tdc_unified_core\results\b50_8_multi_offset\offset_p025\operator_cache\range_019976-020175.npz
134,range_020126-020325,cache,4096,76817005,76817004,0.021997928619384766,d:\hpc_project\tdc_unified_core\results\b50_8_multi_offset\offset_p025\operator_cache\range_020126-020325.npz
135,range_020276-020475,cache,4096,76804385,76804384,0.023182392120361328,d:\hpc_project\tdc_unified_core\results\b50_8_multi_offset\offset_p025\operator_cache\range_020276-020475.npz
136,range_020426-020625,cache,4096,76782234,76782233,0.020237207412719727,d:\hpc_project\tdc_unified_core\results\b50_8_multi_offset\offset_p025\operator_cache\range_020426-020625.npz
137,range_020576-020775,cache,4096,76762210,76762209,0.023217201232910156,d:\hpc_project\tdc_unified_core\results\b50_8_multi_offset\offset_p025\operator_cache\range_020576-020775.npz
138,range_020726-020925,cache,4096,76742463,76742462,0.022535085678100586,d:\hpc_project\tdc_unified_core\results\b50_8_multi_offset\offset_p025\operator_cache\range_020726-020925.npz
139,range_020876-021075,cache,4096,76718426,76718425,0.01961064338684082,d:\hpc_project\tdc_unified_core\results\b50_8_multi_offset\offset_p025\operator_cache\range_020876-021075.npz
140,range_021026-021225,cache,4096,76696141,76696140,0.025084495544433594,d:\hpc_project\tdc_unified_core\results\b50_8_multi_offset\offset_p025\operator_cache\range_021026-021225.npz
141,range_021176-021375,cache,4096,76676049,76676048,0.022233963012695312,d:\hpc_project\tdc_unified_core\results\b50_8_multi_offset\offset_p025\operator_cache\range_021176-021375.npz
142,range_021326-021525,cache,4096,76658082,76658081,0.02431964874267578,d:\hpc_project\tdc_unified_core\results\b50_8_multi_offset\offset_p025\operator_cache\range_021326-021525.npz
143,range_021476-021675,cache,4096,76642237,76642236,0.020796775817871094,d:\hpc_project\tdc_unified_core\results\b50_8_multi_offset\offset_p025\operator_cache\range_021476-021675.npz
144,range_021626-021825,cache,4096,76615637,76615636,0.021676301956176758,d:\hpc_project\tdc_unified_core\results\b50_8_multi_offset\offset_p025\operator_cache\range_021626-021825.npz
145,range_021776-021975,cache,4096,76593696,76593695,0.025252103805541992,d:\hpc_project\tdc_unified_core\results\b50_8_multi_offset\offset_p025\operator_cache\range_021776-021975.npz
146,range_021926-022125,cache,4096,76574890,76574889,0.021524667739868164,d:\hpc_project\tdc_unified_core\results\b50_8_multi_offset\offset_p025\operator_cache\range_021926-022125.npz
147,range_022076-022275,cache,4096,76558167,76558166,0.01956629753112793,d:\hpc_project\tdc_unified_core\results\b50_8_multi_offset\offset_p025\operator_cache\range_022076-022275.npz
148,range_022226-022425,cache,4096,76531356,76531355,0.02718067169189453,d:\hpc_project\tdc_unified_core\results\b50_8_multi_offset\offset_p025\operator_cache\range_022226-022425.npz
149,range_022376-022575,cache,4096,76514293,76514292,0.02075505256652832,d:\hpc_project\tdc_unified_core\results\b50_8_multi_offset\offset_p025\operator_cache\range_022376-022575.npz
150,range_022526-022725,cache,4096,76497037,76497036,0.020110607147216797,d:\hpc_project\tdc_unified_core\results\b50_8_multi_offset\offset_p025\operator_cache\range_022526-022725.npz
151,range_022676-022875,cache,4096,76481841,76481840,0.015250682830810547,d:\hpc_project\tdc_unified_core\results\b50_8_multi_offset\offset_p025\operator_cache\range_022676-022875.npz
152,range_022826-023025,cache,4096,76452939,76452938,0.02001953125,d:\hpc_project\tdc_unified_core\results\b50_8_multi_offset\offset_p025\operator_cache\range_022826-023025.npz
153,range_022976-023175,cache,4096,76434470,76434469,0.01922750473022461,d:\hpc_project\tdc_unified_core\results\b50_8_multi_offset\offset_p025\operator_cache\range_022976-023175.npz
154,range_023126-023325,cache,4096,76421523,76421522,0.018282413482666016,d:\hpc_project\tdc_unified_core\results\b50_8_multi_offset\offset_p025\operator_cache\range_023126-023325.npz
155,range_023276-023475,cache,4096,76406513,76406512,0.02083873748779297,d:\hpc_project\tdc_unified_core\results\b50_8_multi_offset\offset_p025\operator_cache\range_023276-023475.npz
156,range_023426-023625,cache,4096,76391085,76391084,0.027970314025878906,d:\hpc_project\tdc_unified_core\results\b50_8_multi_offset\offset_p025\operator_cache\range_023426-023625.npz
157,range_023576-023775,cache,4096,76367013,76367012,0.021814346313476562,d:\hpc_project\tdc_unified_core\results\b50_8_multi_offset\offset_p025\operator_cache\range_023576-023775.npz
158,range_023726-023925,cache,4096,76349188,76349187,0.025427818298339844,d:\hpc_project\tdc_unified_core\results\b50_8_multi_offset\offset_p025\operator_cache\range_023726-023925.npz
159,range_023876-024075,cache,4096,76331709,76331708,0.017026662826538086,d:\hpc_project\tdc_unified_core\results\b50_8_multi_offset\offset_p025\operator_cache\range_023876-024075.npz
160,range_024026-024225,cache,4096,76308716,76308715,0.027574539184570312,d:\hpc_project\tdc_unified_core\results\b50_8_multi_offset\offset_p025\operator_cache\range_024026-024225.npz
161,range_024176-024375,cache,4096,76284257,76284256,0.02454519271850586,d:\hpc_project\tdc_unified_core\results\b50_8_multi_offset\offset_p025\operator_cache\range_024176-024375.npz
162,range_024326-024525,cache,4096,76270755,76270754,0.018463850021362305,d:\hpc_project\tdc_unified_core\results\b50_8_multi_offset\offset_p025\operator_cache\range_024326-024525.npz
163,range_024476-024675,cache,4096,76257435,76257434,0.02101421356201172,d:\hpc_project\tdc_unified_core\results\b50_8_multi_offset\offset_p025\operator_cache\range_024476-024675.npz
164,range_024626-024825,cache,4096,76235005,76235004,0.018316268920898438,d:\hpc_project\tdc_unified_core\results\b50_8_multi_offset\offset_p025\operator_cache\range_024626-024825.npz
165,range_024776-024975,cache,4096,76218125,76218124,0.020206689834594727,d:\hpc_project\tdc_unified_core\results\b50_8_multi_offset\offset_p025\operator_cache\range_024776-024975.npz
166,range_024926-025125,cache,4096,76203568,76203567,0.024664878845214844,d:\hpc_project\tdc_unified_core\results\b50_8_multi_offset\offset_p025\operator_cache\range_024926-025125.npz
167,range_025076-025275,cache,4096,76183673,76183672,0.019077062606811523,d:\hpc_project\tdc_unified_core\results\b50_8_multi_offset\offset_p025\operator_cache\range_025076-025275.npz
168,range_025226-025425,cache,4096,76174277,76174276,0.020544767379760742,d:\hpc_project\tdc_unified_core\results\b50_8_multi_offset\offset_p025\operator_cache\range_025226-025425.npz
169,range_025376-025575,cache,4096,76150465,76150464,0.019289016723632812,d:\hpc_project\tdc_unified_core\results\b50_8_multi_offset\offset_p025\operator_cache\range_025376-025575.npz
170,range_025526-025725,cache,4096,76129475,76129474,0.017737150192260742,d:\hpc_project\tdc_unified_core\results\b50_8_multi_offset\offset_p025\operator_cache\range_025526-025725.npz
171,range_025676-025875,cache,4096,76118572,76118571,0.015943527221679688,d:\hpc_project\tdc_unified_core\results\b50_8_multi_offset\offset_p025\operator_cache\range_025676-025875.npz
172,range_025826-026025,cache,4096,76102148,76102147,0.02469491958618164,d:\hpc_project\tdc_unified_core\results\b50_8_multi_offset\offset_p025\operator_cache\range_025826-026025.npz
173,range_025976-026175,cache,4096,76082768,76082767,0.017705440521240234,d:\hpc_project\tdc_unified_core\results\b50_8_multi_offset\offset_p025\operator_cache\range_025976-026175.npz
174,range_026126-026325,cache,4096,76073502,76073501,0.022294282913208008,d:\hpc_project\tdc_unified_core\results\b50_8_multi_offset\offset_p025\operator_cache\range_026126-026325.npz
175,range_026276-026475,cache,4096,76046717,76046716,0.020112037658691406,d:\hpc_project\tdc_unified_core\results\b50_8_multi_offset\offset_p025\operator_cache\range_026276-026475.npz
176,range_026426-026625,cache,4096,76029902,76029901,0.02006673812866211,d:\hpc_project\tdc_unified_core\results\b50_8_multi_offset\offset_p025\operator_cache\range_026426-026625.npz
177,range_026576-026775,cache,4096,76017514,76017513,0.02371358871459961,d:\hpc_project\tdc_unified_core\results\b50_8_multi_offset\offset_p025\operator_cache\range_026576-026775.npz
178,range_026726-026925,cache,4096,76003334,76003333,0.025331974029541016,d:\hpc_project\tdc_unified_core\results\b50_8_multi_offset\offset_p025\operator_cache\range_026726-026925.npz
179,range_026876-027075,cache,4096,75988071,75988070,0.02193903923034668,d:\hpc_project\tdc_unified_core\results\b50_8_multi_offset\offset_p025\operator_cache\range_026876-027075.npz
180,range_027026-027225,cache,4096,75974971,75974970,0.01894855499267578,d:\hpc_project\tdc_unified_core\results\b50_8_multi_offset\offset_p025\operator_cache\range_027026-027225.npz
181,range_027176-027375,cache,4096,75951964,75951963,0.018823623657226562,d:\hpc_project\tdc_unified_core\results\b50_8_multi_offset\offset_p025\operator_cache\range_027176-027375.npz
182,range_027326-027525,cache,4096,75936656,75936655,0.019175291061401367,d:\hpc_project\tdc_unified_core\results\b50_8_multi_offset\offset_p025\operator_cache\range_027326-027525.npz
183,range_027476-027675,cache,4096,75920860,75920859,0.018375396728515625,d:\hpc_project\tdc_unified_core\results\b50_8_multi_offset\offset_p025\operator_cache\range_027476-027675.npz
184,range_027626-027825,cache,4096,75908670,75908669,0.020412206649780273,d:\hpc_project\tdc_unified_core\results\b50_8_multi_offset\offset_p025\operator_cache\range_027626-027825.npz
185,range_027776-027975,cache,4096,75889169,75889168,0.021578073501586914,d:\hpc_project\tdc_unified_core\results\b50_8_multi_offset\offset_p025\operator_cache\range_027776-027975.npz
186,range_027926-028125,cache,4096,75875125,75875124,0.021052122116088867,d:\hpc_project\tdc_unified_core\results\b50_8_multi_offset\offset_p025\operator_cache\range_027926-028125.npz
187,range_028076-028275,cache,4096,75859590,75859589,0.02649235725402832,d:\hpc_project\tdc_unified_core\results\b50_8_multi_offset\offset_p025\operator_cache\range_028076-028275.npz
188,range_028226-028425,cache,4096,75848329,75848328,0.02321457862854004,d:\hpc_project\tdc_unified_core\results\b50_8_multi_offset\offset_p025\operator_cache\range_028226-028425.npz
189,range_028376-028575,cache,4096,75832245,75832244,0.019887208938598633,d:\hpc_project\tdc_unified_core\results\b50_8_multi_offset\offset_p025\operator_cache\range_028376-028575.npz
190,range_028526-028725,cache,4096,75811029,75811028,0.024714231491088867,d:\hpc_project\tdc_unified_core\results\b50_8_multi_offset\offset_p025\operator_cache\range_028526-028725.npz
191,range_028676-028875,cache,4096,75794262,75794261,0.020734786987304688,d:\hpc_project\tdc_unified_core\results\b50_8_multi_offset\offset_p025\operator_cache\range_028676-028875.npz
192,range_028826-029025,cache,4096,75785165,75785164,0.014871358871459961,d:\hpc_project\tdc_unified_core\results\b50_8_multi_offset\offset_p025\operator_cache\range_028826-029025.npz
193,range_028976-029175,cache,4096,75771120,75771119,0.02498769760131836,d:\hpc_project\tdc_unified_core\results\b50_8_multi_offset\offset_p025\operator_cache\range_028976-029175.npz
194,range_029126-029325,cache,4096,75758205,75758204,0.01779317855834961,d:\hpc_project\tdc_unified_core\results\b50_8_multi_offset\offset_p025\operator_cache\range_029126-029325.npz
195,range_029276-029475,cache,4096,75741666,75741665,0.023830413818359375,d:\hpc_project\tdc_unified_core\results\b50_8_multi_offset\offset_p025\operator_cache\range_029276-029475.npz
196,range_029426-029625,cache,4096,75727421,75727420,0.020288467407226562,d:\hpc_project\tdc_unified_core\results\b50_8_multi_offset\offset_p025\operator_cache\range_029426-029625.npz
197,range_029576-029775,cache,4096,75711518,75711517,0.023979663848876953,d:\hpc_project\tdc_unified_core\results\b50_8_multi_offset\offset_p025\operator_cache\range_029576-029775.npz
198,range_029726-029925,cache,4096,75700861,75700860,0.021881103515625,d:\hpc_project\tdc_unified_core\results\b50_8_multi_offset\offset_p025\operator_cache\range_029726-029925.npz
199,range_029876-030075,cache,4096,75684942,75684941,0.02248525619506836,d:\hpc_project\tdc_unified_core\results\b50_8_multi_offset\offset_p025\operator_cache\range_029876-030075.npz
200,range_030026-030225,cache,4096,75667387,75667386,0.024852514266967773,d:\hpc_project\tdc_unified_core\results\b50_8_multi_offset\offset_p025\operator_cache\range_030026-030225.npz
201,range_030176-030375,cache,4096,75653821,75653820,0.022734642028808594,d:\hpc_project\tdc_unified_core\results\b50_8_multi_offset\offset_p025\operator_cache\range_030176-030375.npz
202,range_030326-030525,cache,4096,75639160,75639159,0.025111675262451172,d:\hpc_project\tdc_unified_core\results\b50_8_multi_offset\offset_p025\operator_cache\range_030326-030525.npz
203,range_030476-030675,cache,4096,75621145,75621144,0.019652605056762695,d:\hpc_project\tdc_unified_core\results\b50_8_multi_offset\offset_p025\operator_cache\range_030476-030675.npz
204,range_030626-030825,cache,4096,75613616,75613615,0.026566743850708008,d:\hpc_project\tdc_unified_core\results\b50_8_multi_offset\offset_p025\operator_cache\range_030626-030825.npz
205,range_030776-030975,cache,4096,75601681,75601680,0.019923925399780273,d:\hpc_project\tdc_unified_core\results\b50_8_multi_offset\offset_p025\operator_cache\range_030776-030975.npz
206,range_030926-031125,cache,4096,75586251,75586250,0.024495601654052734,d:\hpc_project\tdc_unified_core\results\b50_8_multi_offset\offset_p025\operator_cache\range_030926-031125.npz
207,range_031076-031275,cache,4096,75571688,75571687,0.022199153900146484,d:\hpc_project\tdc_unified_core\results\b50_8_multi_offset\offset_p025\operator_cache\range_031076-031275.npz
208,range_031226-031425,cache,4096,75554897,75554896,0.02108025550842285,d:\hpc_project\tdc_unified_core\results\b50_8_multi_offset\offset_p025\operator_cache\range_031226-031425.npz
209,range_031376-031575,cache,4096,75545711,75545710,0.02020430564880371,d:\hpc_project\tdc_unified_core\results\b50_8_multi_offset\offset_p025\operator_cache\range_031376-031575.npz
210,range_031526-031725,cache,4096,75529264,75529263,0.019403696060180664,d:\hpc_project\tdc_unified_core\results\b50_8_multi_offset\offset_p025\operator_cache\range_031526-031725.npz
211,range_031676-031875,cache,4096,75515860,75515859,0.01737380027770996,d:\hpc_project\tdc_unified_core\results\b50_8_multi_offset\offset_p025\operator_cache\range_031676-031875.npz
212,range_031826-032025,cache,4096,75503797,75503796,0.025269031524658203,d:\hpc_project\tdc_unified_core\results\b50_8_multi_offset\offset_p025\operator_cache\range_031826-032025.npz
213,range_031976-032175,cache,4096,75496476,75496475,0.026827335357666016,d:\hpc_project\tdc_unified_core\results\b50_8_multi_offset\offset_p025\operator_cache\range_031976-032175.npz
214,range_032126-032325,cache,4096,75477225,75477224,0.0324251651763916,d:\hpc_project\tdc_unified_core\results\b50_8_multi_offset\offset_p025\operator_cache\range_032126-032325.npz
215,range_032276-032475,cache,4096,75463105,75463104,0.030855894088745117,d:\hpc_project\tdc_unified_core\results\b50_8_multi_offset\offset_p025\operator_cache\range_032276-032475.npz
216,range_032426-032625,cache,4096,75448489,75448488,0.02557849884033203,d:\hpc_project\tdc_unified_core\results\b50_8_multi_offset\offset_p025\operator_cache\range_032426-032625.npz
217,range_032576-032775,cache,4096,75436943,75436942,0.021932363510131836,d:\hpc_project\tdc_unified_core\results\b50_8_multi_offset\offset_p025\operator_cache\range_032576-032775.npz
218,range_032726-032925,cache,4096,75419912,75419911,0.022034406661987305,d:\hpc_project\tdc_unified_core\results\b50_8_multi_offset\offset_p025\operator_cache\range_032726-032925.npz
219,range_032876-033075,cache,4096,75419154,75419153,0.024112939834594727,d:\hpc_project\tdc_unified_core\results\b50_8_multi_offset\offset_p025\operator_cache\range_032876-033075.npz
220,range_033026-033225,cache,4096,75396997,75396996,0.028017282485961914,d:\hpc_project\tdc_unified_core\results\b50_8_multi_offset\offset_p025\operator_cache\range_033026-033225.npz
221,range_033176-033375,cache,4096,75383989,75383988,0.025220155715942383,d:\hpc_project\tdc_unified_core\results\b50_8_multi_offset\offset_p025\operator_cache\range_033176-033375.npz
222,range_033326-033525,cache,4096,75374135,75374134,0.023938417434692383,d:\hpc_project\tdc_unified_core\results\b50_8_multi_offset\offset_p025\operator_cache\range_033326-033525.npz
223,range_033476-033675,cache,4096,75355028,75355027,0.0324406623840332,d:\hpc_project\tdc_unified_core\results\b50_8_multi_offset\offset_p025\operator_cache\range_033476-033675.npz
224,range_033626-033825,cache,4096,75346362,75346361,0.017098188400268555,d:\hpc_project\tdc_unified_core\results\b50_8_multi_offset\offset_p025\operator_cache\range_033626-033825.npz
225,range_033776-033975,cache,4096,75329896,75329895,0.01842808723449707,d:\hpc_project\tdc_unified_core\results\b50_8_multi_offset\offset_p025\operator_cache\range_033776-033975.npz
226,range_033926-034125,cache,4096,75326000,75325999,0.012027978897094727,d:\hpc_project\tdc_unified_core\results\b50_8_multi_offset\offset_p025\operator_cache\range_033926-034125.npz
227,range_034076-034275,cache,4096,75304316,75304315,0.015876054763793945,d:\hpc_project\tdc_unified_core\results\b50_8_multi_offset\offset_p025\operator_cache\range_034076-034275.npz
228,range_034226-034425,cache,4096,75289560,75289559,0.023238420486450195,d:\hpc_project\tdc_unified_core\results\b50_8_multi_offset\offset_p025\operator_cache\range_034226-034425.npz
229,range_034376-034575,cache,4096,75282165,75282164,0.01735401153564453,d:\hpc_project\tdc_unified_core\results\b50_8_multi_offset\offset_p025\operator_cache\range_034376-034575.npz
230,range_034526-034725,cache,4096,75273316,75273315,0.021884918212890625,d:\hpc_project\tdc_unified_core\results\b50_8_multi_offset\offset_p025\operator_cache\range_034526-034725.npz
231,range_034676-034875,cache,4096,75263923,75263922,0.01836991310119629,d:\hpc_project\tdc_unified_core\results\b50_8_multi_offset\offset_p025\operator_cache\range_034676-034875.npz
232,range_034826-035025,cache,4096,75246339,75246338,0.023264408111572266,d:\hpc_project\tdc_unified_core\results\b50_8_multi_offset\offset_p025\operator_cache\range_034826-035025.npz
233,range_034976-035175,cache,4096,75238074,75238073,0.020247220993041992,d:\hpc_project\tdc_unified_core\results\b50_8_multi_offset\offset_p025\operator_cache\range_034976-035175.npz
234,range_035126-035325,cache,4096,75223151,75223150,0.018499374389648438,d:\hpc_project\tdc_unified_core\results\b50_8_multi_offset\offset_p025\operator_cache\range_035126-035325.npz
235,range_035276-035475,cache,4096,75206772,75206771,0.02016425132751465,d:\hpc_project\tdc_unified_core\results\b50_8_multi_offset\offset_p025\operator_cache\range_035276-035475.npz
236,range_035426-035625,cache,4096,75194746,75194745,0.023334264755249023,d:\hpc_project\tdc_unified_core\results\b50_8_multi_offset\offset_p025\operator_cache\range_035426-035625.npz
237,range_035576-035775,cache,4096,75186217,75186216,0.022814273834228516,d:\hpc_project\tdc_unified_core\results\b50_8_multi_offset\offset_p025\operator_cache\range_035576-035775.npz
238,range_035726-035925,cache,4096,75174920,75174919,0.023163557052612305,d:\hpc_project\tdc_unified_core\results\b50_8_multi_offset\offset_p025\operator_cache\range_035726-035925.npz
239,range_035876-036075,cache,4096,75165952,75165951,0.018280506134033203,d:\hpc_project\tdc_unified_core\results\b50_8_multi_offset\offset_p025\operator_cache\range_035876-036075.npz
240,range_036026-036225,cache,4096,75145670,75145669,0.02364492416381836,d:\hpc_project\tdc_unified_core\results\b50_8_multi_offset\offset_p025\operator_cache\range_036026-036225.npz
241,range_036176-036375,cache,4096,75141126,75141125,0.020726680755615234,d:\hpc_project\tdc_unified_core\results\b50_8_multi_offset\offset_p025\operator_cache\range_036176-036375.npz
242,range_036326-036525,cache,4096,75129374,75129373,0.021571874618530273,d:\hpc_project\tdc_unified_core\results\b50_8_multi_offset\offset_p025\operator_cache\range_036326-036525.npz
243,range_036476-036675,cache,4096,75117331,75117330,0.018275022506713867,d:\hpc_project\tdc_unified_core\results\b50_8_multi_offset\offset_p025\operator_cache\range_036476-036675.npz
244,range_036626-036825,cache,4096,75106054,75106053,0.03433537483215332,d:\hpc_project\tdc_unified_core\results\b50_8_multi_offset\offset_p025\operator_cache\range_036626-036825.npz
245,range_036776-036975,cache,4096,75095453,75095452,0.02096271514892578,d:\hpc_project\tdc_unified_core\results\b50_8_multi_offset\offset_p025\operator_cache\range_036776-036975.npz
246,range_036926-037125,cache,4096,75085244,75085243,0.02077174186706543,d:\hpc_project\tdc_unified_core\results\b50_8_multi_offset\offset_p025\operator_cache\range_036926-037125.npz
247,range_037076-037275,cache,4096,75075238,75075237,0.019355297088623047,d:\hpc_project\tdc_unified_core\results\b50_8_multi_offset\offset_p025\operator_cache\range_037076-037275.npz
248,range_037226-037425,cache,4096,75052354,75052353,0.02117156982421875,d:\hpc_project\tdc_unified_core\results\b50_8_multi_offset\offset_p025\operator_cache\range_037226-037425.npz
249,range_037376-037575,cache,4096,75042660,75042659,0.018314361572265625,d:\hpc_project\tdc_unified_core\results\b50_8_multi_offset\offset_p025\operator_cache\range_037376-037575.npz
250,range_037526-037725,cache,4096,75037647,75037646,0.02428269386291504,d:\hpc_project\tdc_unified_core\results\b50_8_multi_offset\offset_p025\operator_cache\range_037526-037725.npz
251,range_037676-037875,cache,4096,75025658,75025657,0.028513669967651367,d:\hpc_project\tdc_unified_core\results\b50_8_multi_offset\offset_p025\operator_cache\range_037676-037875.npz
252,range_037826-038025,cache,4096,75018615,75018614,0.022287845611572266,d:\hpc_project\tdc_unified_core\results\b50_8_multi_offset\offset_p025\operator_cache\range_037826-038025.npz
253,range_037976-038175,cache,4096,75005825,75005824,0.022124528884887695,d:\hpc_project\tdc_unified_core\results\b50_8_multi_offset\offset_p025\operator_cache\range_037976-038175.npz
254,range_038126-038325,cache,4096,74993071,74993070,0.018533945083618164,d:\hpc_project\tdc_unified_core\results\b50_8_multi_offset\offset_p025\operator_cache\range_038126-038325.npz
255,range_038276-038475,cache,4096,74973214,74973213,0.026055097579956055,d:\hpc_project\tdc_unified_core\results\b50_8_multi_offset\offset_p025\operator_cache\range_038276-038475.npz
256,range_038426-038625,cache,4096,74969599,74969598,0.024248123168945312,d:\hpc_project\tdc_unified_core\results\b50_8_multi_offset\offset_p025\operator_cache\range_038426-038625.npz
257,range_038576-038775,cache,4096,74961689,74961688,0.02044677734375,d:\hpc_project\tdc_unified_core\results\b50_8_multi_offset\offset_p025\operator_cache\range_038576-038775.npz
258,range_038726-038925,cache,4096,74944053,74944052,0.022166013717651367,d:\hpc_project\tdc_unified_core\results\b50_8_multi_offset\offset_p025\operator_cache\range_038726-038925.npz
259,range_038876-039075,cache,4096,74943981,74943980,0.0208742618560791,d:\hpc_project\tdc_unified_core\results\b50_8_multi_offset\offset_p025\operator_cache\range_038876-039075.npz
260,range_039026-039225,cache,4096,74924135,74924134,0.020474910736083984,d:\hpc_project\tdc_unified_core\results\b50_8_multi_offset\offset_p025\operator_cache\range_039026-039225.npz
261,range_039176-039375,cache,4096,74915880,74915879,0.021904468536376953,d:\hpc_project\tdc_unified_core\results\b50_8_multi_offset\offset_p025\operator_cache\range_039176-039375.npz
262,range_039326-039525,cache,4096,74912495,74912494,0.01789712905883789,d:\hpc_project\tdc_unified_core\results\b50_8_multi_offset\offset_p025\operator_cache\range_039326-039525.npz
263,range_039476-039675,cache,4096,74894588,74894587,0.02720475196838379,d:\hpc_project\tdc_unified_core\results\b50_8_multi_offset\offset_p025\operator_cache\range_039476-039675.npz
264,range_039626-039825,cache,4096,74879909,74879908,0.022450923919677734,d:\hpc_project\tdc_unified_core\results\b50_8_multi_offset\offset_p025\operator_cache\range_039626-039825.npz
265,range_039776-039975,cache,4096,74869402,74869401,0.019414663314819336,d:\hpc_project\tdc_unified_core\results\b50_8_multi_offset\offset_p025\operator_cache\range_039776-039975.npz
266,range_039926-040125,cache,4096,74858159,74858158,0.020717144012451172,d:\hpc_project\tdc_unified_core\results\b50_8_multi_offset\offset_p025\operator_cache\range_039926-040125.npz
267,range_040076-040275,cache,4096,74850402,74850401,0.02854132652282715,d:\hpc_project\tdc_unified_core\results\b50_8_multi_offset\offset_p025\operator_cache\range_040076-040275.npz
268,range_040226-040425,cache,4096,74844659,74844658,0.02737879753112793,d:\hpc_project\tdc_unified_core\results\b50_8_multi_offset\offset_p025\operator_cache\range_040226-040425.npz
269,range_040376-040575,cache,4096,74838172,74838171,0.024311542510986328,d:\hpc_project\tdc_unified_core\results\b50_8_multi_offset\offset_p025\operator_cache\range_040376-040575.npz
270,range_040526-040725,cache,4096,74823821,74823820,0.022283554077148438,d:\hpc_project\tdc_unified_core\results\b50_8_multi_offset\offset_p025\operator_cache\range_040526-040725.npz
271,range_040676-040875,cache,4096,74806852,74806851,0.021989107131958008,d:\hpc_project\tdc_unified_core\results\b50_8_multi_offset\offset_p025\operator_cache\range_040676-040875.npz
272,range_040826-041025,cache,4096,74802941,74802940,0.02511453628540039,d:\hpc_project\tdc_unified_core\results\b50_8_multi_offset\offset_p025\operator_cache\range_040826-041025.npz
273,range_040976-041175,cache,4096,74788621,74788620,0.01985454559326172,d:\hpc_project\tdc_unified_core\results\b50_8_multi_offset\offset_p025\operator_cache\range_040976-041175.npz
274,range_041126-041325,cache,4096,74782952,74782951,0.020833253860473633,d:\hpc_project\tdc_unified_core\results\b50_8_multi_offset\offset_p025\operator_cache\range_041126-041325.npz
275,range_041276-041475,cache,4096,74770276,74770275,0.0241239070892334,d:\hpc_project\tdc_unified_core\results\b50_8_multi_offset\offset_p025\operator_cache\range_041276-041475.npz
276,range_041426-041625,cache,4096,74757844,74757843,0.020336627960205078,d:\hpc_project\tdc_unified_core\results\b50_8_multi_offset\offset_p025\operator_cache\range_041426-041625.npz
277,range_041576-041775,cache,4096,74752003,74752002,0.022274017333984375,d:\hpc_project\tdc_unified_core\results\b50_8_multi_offset\offset_p025\operator_cache\range_041576-041775.npz
278,range_041726-041925,cache,4096,74742411,74742410,0.01700758934020996,d:\hpc_project\tdc_unified_core\results\b50_8_multi_offset\offset_p025\operator_cache\range_041726-041925.npz
279,range_041876-042075,cache,4096,74729852,74729851,0.028527021408081055,d:\hpc_project\tdc_unified_core\results\b50_8_multi_offset\offset_p025\operator_cache\range_041876-042075.npz
280,range_042026-042225,cache,4096,74721434,74721433,0.022358417510986328,d:\hpc_project\tdc_unified_core\results\b50_8_multi_offset\offset_p025\operator_cache\range_042026-042225.npz
281,range_042176-042375,cache,4096,74706862,74706861,0.02195882797241211,d:\hpc_project\tdc_unified_core\results\b50_8_multi_offset\offset_p025\operator_cache\range_042176-042375.npz
282,range_042326-042525,cache,4096,74704388,74704387,0.018372297286987305,d:\hpc_project\tdc_unified_core\results\b50_8_multi_offset\offset_p025\operator_cache\range_042326-042525.npz
283,range_042476-042675,cache,4096,74692781,74692780,0.022041797637939453,d:\hpc_project\tdc_unified_core\results\b50_8_multi_offset\offset_p025\operator_cache\range_042476-042675.npz
284,range_042626-042825,cache,4096,74681507,74681506,0.02590346336364746,d:\hpc_project\tdc_unified_core\results\b50_8_multi_offset\offset_p025\operator_cache\range_042626-042825.npz
285,range_042776-042975,cache,4096,74669658,74669657,0.018634796142578125,d:\hpc_project\tdc_unified_core\results\b50_8_multi_offset\offset_p025\operator_cache\range_042776-042975.npz
286,range_042926-043125,cache,4096,74671812,74671811,0.025745630264282227,d:\hpc_project\tdc_unified_core\results\b50_8_multi_offset\offset_p025\operator_cache\range_042926-043125.npz
287,range_043076-043275,cache,4096,74655462,74655461,0.02122950553894043,d:\hpc_project\tdc_unified_core\results\b50_8_multi_offset\offset_p025\operator_cache\range_043076-043275.npz
288,range_043226-043425,cache,4096,74645323,74645322,0.02120184898376465,d:\hpc_project\tdc_unified_core\results\b50_8_multi_offset\offset_p025\operator_cache\range_043226-043425.npz
289,range_043376-043575,cache,4096,74633299,74633298,0.01675105094909668,d:\hpc_project\tdc_unified_core\results\b50_8_multi_offset\offset_p025\operator_cache\range_043376-043575.npz
290,range_043526-043725,cache,4096,74621850,74621849,0.026316404342651367,d:\hpc_project\tdc_unified_core\results\b50_8_multi_offset\offset_p025\operator_cache\range_043526-043725.npz
291,range_043676-043875,cache,4096,74612442,74612441,0.02071094512939453,d:\hpc_project\tdc_unified_core\results\b50_8_multi_offset\offset_p025\operator_cache\range_043676-043875.npz
292,range_043826-044025,cache,4096,74605291,74605290,0.020991802215576172,d:\hpc_project\tdc_unified_core\results\b50_8_multi_offset\offset_p025\operator_cache\range_043826-044025.npz
293,range_043976-044175,cache,4096,74594808,74594807,0.01822662353515625,d:\hpc_project\tdc_unified_core\results\b50_8_multi_offset\offset_p025\operator_cache\range_043976-044175.npz
294,range_044126-044325,cache,4096,74583553,74583552,0.025302410125732422,d:\hpc_project\tdc_unified_core\results\b50_8_multi_offset\offset_p025\operator_cache\range_044126-044325.npz
295,range_044276-044475,cache,4096,74574578,74574577,0.020828723907470703,d:\hpc_project\tdc_unified_core\results\b50_8_multi_offset\offset_p025\operator_cache\range_044276-044475.npz
296,range_044426-044625,cache,4096,74569141,74569140,0.02097153663635254,d:\hpc_project\tdc_unified_core\results\b50_8_multi_offset\offset_p025\operator_cache\range_044426-044625.npz
297,range_044576-044775,cache,4096,74552775,74552774,0.015267610549926758,d:\hpc_project\tdc_unified_core\results\b50_8_multi_offset\offset_p025\operator_cache\range_044576-044775.npz
298,range_044726-044925,cache,4096,74548319,74548318,0.023174285888671875,d:\hpc_project\tdc_unified_core\results\b50_8_multi_offset\offset_p025\operator_cache\range_044726-044925.npz
299,range_044876-045075,cache,4096,74542576,74542575,0.021615028381347656,d:\hpc_project\tdc_unified_core\results\b50_8_multi_offset\offset_p025\operator_cache\range_044876-045075.npz
300,range_045026-045225,cache,4096,74531824,74531823,0.020550012588500977,d:\hpc_project\tdc_unified_core\results\b50_8_multi_offset\offset_p025\operator_cache\range_045026-045225.npz
301,range_045176-045375,cache,4096,74518275,74518274,0.01908254623413086,d:\hpc_project\tdc_unified_core\results\b50_8_multi_offset\offset_p025\operator_cache\range_045176-045375.npz
302,range_045326-045525,cache,4096,74506405,74506404,0.021422624588012695,d:\hpc_project\tdc_unified_core\results\b50_8_multi_offset\offset_p025\operator_cache\range_045326-045525.npz
303,range_045476-045675,cache,4096,74501893,74501892,0.019762754440307617,d:\hpc_project\tdc_unified_core\results\b50_8_multi_offset\offset_p025\operator_cache\range_045476-045675.npz
304,range_045626-045825,cache,4096,74489791,74489790,0.017199277877807617,d:\hpc_project\tdc_unified_core\results\b50_8_multi_offset\offset_p025\operator_cache\range_045626-045825.npz
305,range_045776-045975,cache,4096,74483510,74483509,0.022176742553710938,d:\hpc_project\tdc_unified_core\results\b50_8_multi_offset\offset_p025\operator_cache\range_045776-045975.npz
306,range_045926-046125,cache,4096,74478484,74478483,0.02338385581970215,d:\hpc_project\tdc_unified_core\results\b50_8_multi_offset\offset_p025\operator_cache\range_045926-046125.npz
307,range_046076-046275,cache,4096,74462998,74462997,0.026001453399658203,d:\hpc_project\tdc_unified_core\results\b50_8_multi_offset\offset_p025\operator_cache\range_046076-046275.npz
308,range_046226-046425,cache,4096,74456821,74456820,0.016048669815063477,d:\hpc_project\tdc_unified_core\results\b50_8_multi_offset\offset_p025\operator_cache\range_046226-046425.npz
309,range_046376-046575,cache,4096,74445982,74445981,0.022598743438720703,d:\hpc_project\tdc_unified_core\results\b50_8_multi_offset\offset_p025\operator_cache\range_046376-046575.npz
310,range_046526-046725,cache,4096,74433321,74433320,0.026058197021484375,d:\hpc_project\tdc_unified_core\results\b50_8_multi_offset\offset_p025\operator_cache\range_046526-046725.npz
311,range_046676-046875,cache,4096,74430142,74430141,0.020092010498046875,d:\hpc_project\tdc_unified_core\results\b50_8_multi_offset\offset_p025\operator_cache\range_046676-046875.npz
312,range_046826-047025,cache,4096,74422188,74422187,0.0236513614654541,d:\hpc_project\tdc_unified_core\results\b50_8_multi_offset\offset_p025\operator_cache\range_046826-047025.npz
313,range_046976-047175,cache,4096,74409978,74409977,0.021610260009765625,d:\hpc_project\tdc_unified_core\results\b50_8_multi_offset\offset_p025\operator_cache\range_046976-047175.npz
314,range_047126-047325,cache,4096,74401658,74401657,0.019241809844970703,d:\hpc_project\tdc_unified_core\results\b50_8_multi_offset\offset_p025\operator_cache\range_047126-047325.npz
315,range_047276-047475,cache,4096,74392064,74392063,0.020535707473754883,d:\hpc_project\tdc_unified_core\results\b50_8_multi_offset\offset_p025\operator_cache\range_047276-047475.npz
316,range_047426-047625,cache,4096,74383365,74383364,0.023496627807617188,d:\hpc_project\tdc_unified_core\results\b50_8_multi_offset\offset_p025\operator_cache\range_047426-047625.npz
317,range_047576-047775,cache,4096,74374165,74374164,0.021808385848999023,d:\hpc_project\tdc_unified_core\results\b50_8_multi_offset\offset_p025\operator_cache\range_047576-047775.npz
318,range_047726-047925,cache,4096,74367942,74367941,0.02336907386779785,d:\hpc_project\tdc_unified_core\results\b50_8_multi_offset\offset_p025\operator_cache\range_047726-047925.npz
319,range_047876-048075,cache,4096,74358012,74358011,0.020247459411621094,d:\hpc_project\tdc_unified_core\results\b50_8_multi_offset\offset_p025\operator_cache\range_047876-048075.npz
320,range_048026-048225,cache,4096,74350033,74350032,0.02654290199279785,d:\hpc_project\tdc_unified_core\results\b50_8_multi_offset\offset_p025\operator_cache\range_048026-048225.npz
321,range_048176-048375,cache,4096,74342937,74342936,0.022347450256347656,d:\hpc_project\tdc_unified_core\results\b50_8_multi_offset\offset_p025\operator_cache\range_048176-048375.npz
322,range_048326-048525,cache,4096,74328989,74328988,0.022071361541748047,d:\hpc_project\tdc_unified_core\results\b50_8_multi_offset\offset_p025\operator_cache\range_048326-048525.npz
323,range_048476-048675,cache,4096,74325146,74325145,0.02310776710510254,d:\hpc_project\tdc_unified_core\results\b50_8_multi_offset\offset_p025\operator_cache\range_048476-048675.npz
324,range_048626-048825,cache,4096,74318230,74318229,0.021859407424926758,d:\hpc_project\tdc_unified_core\results\b50_8_multi_offset\offset_p025\operator_cache\range_048626-048825.npz
325,range_048776-048975,cache,4096,74302175,74302174,0.022970914840698242,d:\hpc_project\tdc_unified_core\results\b50_8_multi_offset\offset_p025\operator_cache\range_048776-048975.npz
326,range_048926-049125,cache,4096,74303383,74303382,0.02000737190246582,d:\hpc_project\tdc_unified_core\results\b50_8_multi_offset\offset_p025\operator_cache\range_048926-049125.npz
327,range_049076-049275,cache,4096,74294870,74294869,0.019871234893798828,d:\hpc_project\tdc_unified_core\results\b50_8_multi_offset\offset_p025\operator_cache\range_049076-049275.npz
328,range_049226-049425,cache,4096,74278783,74278782,0.02426314353942871,d:\hpc_project\tdc_unified_core\results\b50_8_multi_offset\offset_p025\operator_cache\range_049226-049425.npz
329,range_049376-049575,cache,4096,74275623,74275622,0.021151065826416016,d:\hpc_project\tdc_unified_core\results\b50_8_multi_offset\offset_p025\operator_cache\range_049376-049575.npz
330,range_049526-049725,cache,4096,74264402,74264401,0.016957521438598633,d:\hpc_project\tdc_unified_core\results\b50_8_multi_offset\offset_p025\operator_cache\range_049526-049725.npz
331,range_049676-049875,cache,4096,74253563,74253562,0.021371126174926758,d:\hpc_project\tdc_unified_core\results\b50_8_multi_offset\offset_p025\operator_cache\range_049676-049875.npz
332,range_049826-050025,cache,4096,74246294,74246293,0.01584148406982422,d:\hpc_project\tdc_unified_core\results\b50_8_multi_offset\offset_p025\operator_cache\range_049826-050025.npz
333,range_049976-050175,cache,4096,74240335,74240334,0.017968416213989258,d:\hpc_project\tdc_unified_core\results\b50_8_multi_offset\offset_p025\operator_cache\range_049976-050175.npz
334,range_050126-050325,cache,4096,74227709,74227708,0.019685745239257812,d:\hpc_project\tdc_unified_core\results\b50_8_multi_offset\offset_p025\operator_cache\range_050126-050325.npz
335,range_050276-050475,cache,4096,74226157,74226156,0.025673866271972656,d:\hpc_project\tdc_unified_core\results\b50_8_multi_offset\offset_p025\operator_cache\range_050276-050475.npz
336,range_050426-050625,cache,4096,74215909,74215908,0.021786928176879883,d:\hpc_project\tdc_unified_core\results\b50_8_multi_offset\offset_p025\operator_cache\range_050426-050625.npz
337,range_050576-050775,cache,4096,74207298,74207297,0.023619651794433594,d:\hpc_project\tdc_unified_core\results\b50_8_multi_offset\offset_p025\operator_cache\range_050576-050775.npz
338,range_050726-050925,cache,4096,74197351,74197350,0.01719975471496582,d:\hpc_project\tdc_unified_core\results\b50_8_multi_offset\offset_p025\operator_cache\range_050726-050925.npz
339,range_050876-051075,cache,4096,74191927,74191926,0.024901628494262695,d:\hpc_project\tdc_unified_core\results\b50_8_multi_offset\offset_p025\operator_cache\range_050876-051075.npz
340,range_051026-051225,cache,4096,74180714,74180713,0.027774810791015625,d:\hpc_project\tdc_unified_core\results\b50_8_multi_offset\offset_p025\operator_cache\range_051026-051225.npz
341,range_051176-051375,cache,4096,74174382,74174381,0.022233963012695312,d:\hpc_project\tdc_unified_core\results\b50_8_multi_offset\offset_p025\operator_cache\range_051176-051375.npz
342,range_051326-051525,cache,4096,74170485,74170484,0.024088382720947266,d:\hpc_project\tdc_unified_core\results\b50_8_multi_offset\offset_p025\operator_cache\range_051326-051525.npz
343,range_051476-051675,cache,4096,74159379,74159378,0.016860485076904297,d:\hpc_project\tdc_unified_core\results\b50_8_multi_offset\offset_p025\operator_cache\range_051476-051675.npz
344,range_051626-051825,cache,4096,74156662,74156661,0.020334720611572266,d:\hpc_project\tdc_unified_core\results\b50_8_multi_offset\offset_p025\operator_cache\range_051626-051825.npz
345,range_051776-051975,cache,4096,74143970,74143969,0.0197598934173584,d:\hpc_project\tdc_unified_core\results\b50_8_multi_offset\offset_p025\operator_cache\range_051776-051975.npz
346,range_051926-052125,cache,4096,74134047,74134046,0.022977113723754883,d:\hpc_project\tdc_unified_core\results\b50_8_multi_offset\offset_p025\operator_cache\range_051926-052125.npz
347,range_052076-052275,cache,4096,74126058,74126057,0.027759313583374023,d:\hpc_project\tdc_unified_core\results\b50_8_multi_offset\offset_p025\operator_cache\range_052076-052275.npz
348,range_052226-052425,cache,4096,74119458,74119457,0.021677017211914062,d:\hpc_project\tdc_unified_core\results\b50_8_multi_offset\offset_p025\operator_cache\range_052226-052425.npz
349,range_052376-052575,cache,4096,74111044,74111043,0.024721860885620117,d:\hpc_project\tdc_unified_core\results\b50_8_multi_offset\offset_p025\operator_cache\range_052376-052575.npz
350,range_052526-052725,cache,4096,74105535,74105534,0.030573129653930664,d:\hpc_project\tdc_unified_core\results\b50_8_multi_offset\offset_p025\operator_cache\range_052526-052725.npz
351,range_052676-052875,cache,4096,74099530,74099529,0.0228731632232666,d:\hpc_project\tdc_unified_core\results\b50_8_multi_offset\offset_p025\operator_cache\range_052676-052875.npz
352,range_052826-053025,cache,4096,74087097,74087096,0.021287918090820312,d:\hpc_project\tdc_unified_core\results\b50_8_multi_offset\offset_p025\operator_cache\range_052826-053025.npz
353,range_052976-053175,cache,4096,74083229,74083228,0.022418975830078125,d:\hpc_project\tdc_unified_core\results\b50_8_multi_offset\offset_p025\operator_cache\range_052976-053175.npz
354,range_053126-053325,cache,4096,74075121,74075120,0.02171015739440918,d:\hpc_project\tdc_unified_core\results\b50_8_multi_offset\offset_p025\operator_cache\range_053126-053325.npz
355,range_053276-053475,cache,4096,74068353,74068352,0.017682313919067383,d:\hpc_project\tdc_unified_core\results\b50_8_multi_offset\offset_p025\operator_cache\range_053276-053475.npz
356,range_053426-053625,cache,4096,74056746,74056745,0.023553133010864258,d:\hpc_project\tdc_unified_core\results\b50_8_multi_offset\offset_p025\operator_cache\range_053426-053625.npz
357,range_053576-053775,cache,4096,74055932,74055931,0.021491289138793945,d:\hpc_project\tdc_unified_core\results\b50_8_multi_offset\offset_p025\operator_cache\range_053576-053775.npz
358,range_053726-053925,cache,4096,74038556,74038555,0.024646759033203125,d:\hpc_project\tdc_unified_core\results\b50_8_multi_offset\offset_p025\operator_cache\range_053726-053925.npz
359,range_053876-054075,cache,4096,74025127,74025126,0.022253990173339844,d:\hpc_project\tdc_unified_core\results\b50_8_multi_offset\offset_p025\operator_cache\range_053876-054075.npz
360,range_054026-054225,cache,4096,74029190,74029189,0.02724623680114746,d:\hpc_project\tdc_unified_core\results\b50_8_multi_offset\offset_p025\operator_cache\range_054026-054225.npz
361,range_054176-054375,cache,4096,74017190,74017189,0.020891189575195312,d:\hpc_project\tdc_unified_core\results\b50_8_multi_offset\offset_p025\operator_cache\range_054176-054375.npz
362,range_054326-054525,cache,4096,74016074,74016073,0.02029275894165039,d:\hpc_project\tdc_unified_core\results\b50_8_multi_offset\offset_p025\operator_cache\range_054326-054525.npz
363,range_054476-054675,cache,4096,74004596,74004595,0.02162623405456543,d:\hpc_project\tdc_unified_core\results\b50_8_multi_offset\offset_p025\operator_cache\range_054476-054675.npz
364,range_054626-054825,cache,4096,73993741,73993740,0.01851058006286621,d:\hpc_project\tdc_unified_core\results\b50_8_multi_offset\offset_p025\operator_cache\range_054626-054825.npz
365,range_054776-054975,cache,4096,73986101,73986100,0.023888587951660156,d:\hpc_project\tdc_unified_core\results\b50_8_multi_offset\offset_p025\operator_cache\range_054776-054975.npz
366,range_054926-055125,cache,4096,73980132,73980131,0.018817901611328125,d:\hpc_project\tdc_unified_core\results\b50_8_multi_offset\offset_p025\operator_cache\range_054926-055125.npz
367,range_055076-055275,cache,4096,73972416,73972415,0.023595571517944336,d:\hpc_project\tdc_unified_core\results\b50_8_multi_offset\offset_p025\operator_cache\range_055076-055275.npz
368,range_055226-055425,cache,4096,73967265,73967264,0.024223804473876953,d:\hpc_project\tdc_unified_core\results\b50_8_multi_offset\offset_p025\operator_cache\range_055226-055425.npz
369,range_055376-055575,cache,4096,73959305,73959304,0.018450260162353516,d:\hpc_project\tdc_unified_core\results\b50_8_multi_offset\offset_p025\operator_cache\range_055376-055575.npz
370,range_055526-055725,cache,4096,73955653,73955652,0.02412128448486328,d:\hpc_project\tdc_unified_core\results\b50_8_multi_offset\offset_p025\operator_cache\range_055526-055725.npz
371,range_055676-055875,cache,4096,73946429,73946428,0.020138978958129883,d:\hpc_project\tdc_unified_core\results\b50_8_multi_offset\offset_p025\operator_cache\range_055676-055875.npz
372,range_055826-056025,cache,4096,73939089,73939088,0.018423080444335938,d:\hpc_project\tdc_unified_core\results\b50_8_multi_offset\offset_p025\operator_cache\range_055826-056025.npz
373,range_055976-056175,cache,4096,73929679,73929678,0.018182039260864258,d:\hpc_project\tdc_unified_core\results\b50_8_multi_offset\offset_p025\operator_cache\range_055976-056175.npz
374,range_056126-056325,cache,4096,73924235,73924234,0.01812601089477539,d:\hpc_project\tdc_unified_core\results\b50_8_multi_offset\offset_p025\operator_cache\range_056126-056325.npz
375,range_056276-056475,cache,4096,73914156,73914155,0.021363496780395508,d:\hpc_project\tdc_unified_core\results\b50_8_multi_offset\offset_p025\operator_cache\range_056276-056475.npz
376,range_056426-056625,cache,4096,73906699,73906698,0.02139568328857422,d:\hpc_project\tdc_unified_core\results\b50_8_multi_offset\offset_p025\operator_cache\range_056426-056625.npz
377,range_056576-056775,cache,4096,73897757,73897756,0.02353358268737793,d:\hpc_project\tdc_unified_core\results\b50_8_multi_offset\offset_p025\operator_cache\range_056576-056775.npz
378,range_056726-056925,cache,4096,73892340,73892339,0.024968385696411133,d:\hpc_project\tdc_unified_core\results\b50_8_multi_offset\offset_p025\operator_cache\range_056726-056925.npz
379,range_056876-057075,cache,4096,73888587,73888586,0.024580001831054688,d:\hpc_project\tdc_unified_core\results\b50_8_multi_offset\offset_p025\operator_cache\range_056876-057075.npz
380,range_057026-057225,cache,4096,73875423,73875422,0.01801276206970215,d:\hpc_project\tdc_unified_core\results\b50_8_multi_offset\offset_p025\operator_cache\range_057026-057225.npz
381,range_057176-057375,cache,4096,73873559,73873558,0.020214557647705078,d:\hpc_project\tdc_unified_core\results\b50_8_multi_offset\offset_p025\operator_cache\range_057176-057375.npz
382,range_057326-057525,cache,4096,73872002,73872001,0.021260738372802734,d:\hpc_project\tdc_unified_core\results\b50_8_multi_offset\offset_p025\operator_cache\range_057326-057525.npz
383,range_057476-057675,cache,4096,73854122,73854121,0.020827054977416992,d:\hpc_project\tdc_unified_core\results\b50_8_multi_offset\offset_p025\operator_cache\range_057476-057675.npz
384,range_057626-057825,cache,4096,73854879,73854878,0.02031087875366211,d:\hpc_project\tdc_unified_core\results\b50_8_multi_offset\offset_p025\operator_cache\range_057626-057825.npz
385,range_057776-057975,cache,4096,73846019,73846018,0.017837047576904297,d:\hpc_project\tdc_unified_core\results\b50_8_multi_offset\offset_p025\operator_cache\range_057776-057975.npz
386,range_057926-058125,cache,4096,73835216,73835215,0.021253347396850586,d:\hpc_project\tdc_unified_core\results\b50_8_multi_offset\offset_p025\operator_cache\range_057926-058125.npz
387,range_058076-058275,cache,4096,73835763,73835762,0.022927284240722656,d:\hpc_project\tdc_unified_core\results\b50_8_multi_offset\offset_p025\operator_cache\range_058076-058275.npz
388,range_058226-058425,cache,4096,73819745,73819744,0.024293184280395508,d:\hpc_project\tdc_unified_core\results\b50_8_multi_offset\offset_p025\operator_cache\range_058226-058425.npz
389,range_058376-058575,cache,4096,73804267,73804266,0.01949477195739746,d:\hpc_project\tdc_unified_core\results\b50_8_multi_offset\offset_p025\operator_cache\range_058376-058575.npz
390,range_058526-058725,cache,4096,73803156,73803155,0.032006263732910156,d:\hpc_project\tdc_unified_core\results\b50_8_multi_offset\offset_p025\operator_cache\range_058526-058725.npz
391,range_058676-058875,cache,4096,73797808,73797807,0.02303767204284668,d:\hpc_project\tdc_unified_core\results\b50_8_multi_offset\offset_p025\operator_cache\range_058676-058875.npz
392,range_058826-059025,cache,4096,73795331,73795330,0.020206451416015625,d:\hpc_project\tdc_unified_core\results\b50_8_multi_offset\offset_p025\operator_cache\range_058826-059025.npz
393,range_058976-059175,cache,4096,73788033,73788032,0.01792168617248535,d:\hpc_project\tdc_unified_core\results\b50_8_multi_offset\offset_p025\operator_cache\range_058976-059175.npz
394,range_059126-059325,cache,4096,73780690,73780689,0.021486282348632812,d:\hpc_project\tdc_unified_core\results\b50_8_multi_offset\offset_p025\operator_cache\range_059126-059325.npz
395,range_059276-059475,cache,4096,73771910,73771909,0.020498275756835938,d:\hpc_project\tdc_unified_core\results\b50_8_multi_offset\offset_p025\operator_cache\range_059276-059475.npz
396,range_059426-059625,cache,4096,73766455,73766454,0.020257234573364258,d:\hpc_project\tdc_unified_core\results\b50_8_multi_offset\offset_p025\operator_cache\range_059426-059625.npz
397,range_059576-059775,cache,4096,73765264,73765263,0.02014946937561035,d:\hpc_project\tdc_unified_core\results\b50_8_multi_offset\offset_p025\operator_cache\range_059576-059775.npz
398,range_059726-059925,cache,4096,73752175,73752174,0.020913124084472656,d:\hpc_project\tdc_unified_core\results\b50_8_multi_offset\offset_p025\operator_cache\range_059726-059925.npz
399,range_059876-060075,cache,4096,73748011,73748010,0.02049112319946289,d:\hpc_project\tdc_unified_core\results\b50_8_multi_offset\offset_p025\operator_cache\range_059876-060075.npz
400,range_060026-060225,cache,4096,73741756,73741755,0.021573305130004883,d:\hpc_project\tdc_unified_core\results\b50_8_multi_offset\offset_p025\operator_cache\range_060026-060225.npz
401,range_060176-060375,cache,4096,73728918,73728917,0.01976752281188965,d:\hpc_project\tdc_unified_core\results\b50_8_multi_offset\offset_p025\operator_cache\range_060176-060375.npz
402,range_060326-060525,cache,4096,73725580,73725579,0.02702808380126953,d:\hpc_project\tdc_unified_core\results\b50_8_multi_offset\offset_p025\operator_cache\range_060326-060525.npz
403,range_060476-060675,cache,4096,73721676,73721675,0.021497488021850586,d:\hpc_project\tdc_unified_core\results\b50_8_multi_offset\offset_p025\operator_cache\range_060476-060675.npz
404,range_060626-060825,cache,4096,73709351,73709350,0.02001190185546875,d:\hpc_project\tdc_unified_core\results\b50_8_multi_offset\offset_p025\operator_cache\range_060626-060825.npz
405,range_060776-060975,cache,4096,73703646,73703645,0.022704362869262695,d:\hpc_project\tdc_unified_core\results\b50_8_multi_offset\offset_p025\operator_cache\range_060776-060975.npz
406,range_060926-061125,cache,4096,73700832,73700831,0.020801782608032227,d:\hpc_project\tdc_unified_core\results\b50_8_multi_offset\offset_p025\operator_cache\range_060926-061125.npz
407,range_061076-061275,cache,4096,73693602,73693601,0.02318429946899414,d:\hpc_project\tdc_unified_core\results\b50_8_multi_offset\offset_p025\operator_cache\range_061076-061275.npz
408,range_061226-061425,cache,4096,73684031,73684030,0.02045416831970215,d:\hpc_project\tdc_unified_core\results\b50_8_multi_offset\offset_p025\operator_cache\range_061226-061425.npz
409,range_061376-061575,cache,4096,73681812,73681811,0.025715112686157227,d:\hpc_project\tdc_unified_core\results\b50_8_multi_offset\offset_p025\operator_cache\range_061376-061575.npz
410,range_061526-061725,cache,4096,73673430,73673429,0.026612281799316406,d:\hpc_project\tdc_unified_core\results\b50_8_multi_offset\offset_p025\operator_cache\range_061526-061725.npz
411,range_061676-061875,cache,4096,73666155,73666154,0.02192974090576172,d:\hpc_project\tdc_unified_core\results\b50_8_multi_offset\offset_p025\operator_cache\range_061676-061875.npz
412,range_061826-062025,cache,4096,73659803,73659802,0.022248029708862305,d:\hpc_project\tdc_unified_core\results\b50_8_multi_offset\offset_p025\operator_cache\range_061826-062025.npz
413,range_061976-062175,cache,4096,73653339,73653338,0.024109363555908203,d:\hpc_project\tdc_unified_core\results\b50_8_multi_offset\offset_p025\operator_cache\range_061976-062175.npz
414,range_062126-062325,cache,4096,73642172,73642171,0.02787470817565918,d:\hpc_project\tdc_unified_core\results\b50_8_multi_offset\offset_p025\operator_cache\range_062126-062325.npz
415,range_062276-062475,cache,4096,73640249,73640248,0.019358396530151367,d:\hpc_project\tdc_unified_core\results\b50_8_multi_offset\offset_p025\operator_cache\range_062276-062475.npz
416,range_062426-062625,cache,4096,73634840,73634839,0.021654844284057617,d:\hpc_project\tdc_unified_core\results\b50_8_multi_offset\offset_p025\operator_cache\range_062426-062625.npz
417,range_062576-062775,cache,4096,73625460,73625459,0.023625612258911133,d:\hpc_project\tdc_unified_core\results\b50_8_multi_offset\offset_p025\operator_cache\range_062576-062775.npz
418,range_062726-062925,cache,4096,73620574,73620573,0.023487329483032227,d:\hpc_project\tdc_unified_core\results\b50_8_multi_offset\offset_p025\operator_cache\range_062726-062925.npz
419,range_062876-063075,cache,4096,73616368,73616367,0.020336389541625977,d:\hpc_project\tdc_unified_core\results\b50_8_multi_offset\offset_p025\operator_cache\range_062876-063075.npz
420,range_063026-063225,cache,4096,73611598,73611597,0.02250385284423828,d:\hpc_project\tdc_unified_core\results\b50_8_multi_offset\offset_p025\operator_cache\range_063026-063225.npz
421,range_063176-063375,cache,4096,73606728,73606727,0.021399497985839844,d:\hpc_project\tdc_unified_core\results\b50_8_multi_offset\offset_p025\operator_cache\range_063176-063375.npz
422,range_063326-063525,cache,4096,73590623,73590622,0.01959681510925293,d:\hpc_project\tdc_unified_core\results\b50_8_multi_offset\offset_p025\operator_cache\range_063326-063525.npz
423,range_063476-063675,cache,4096,73586915,73586914,0.015115737915039062,d:\hpc_project\tdc_unified_core\results\b50_8_multi_offset\offset_p025\operator_cache\range_063476-063675.npz
424,range_063626-063825,cache,4096,73581219,73581218,0.020586013793945312,d:\hpc_project\tdc_unified_core\results\b50_8_multi_offset\offset_p025\operator_cache\range_063626-063825.npz
425,range_063776-063975,cache,4096,73573910,73573909,0.024998188018798828,d:\hpc_project\tdc_unified_core\results\b50_8_multi_offset\offset_p025\operator_cache\range_063776-063975.npz
426,range_063926-064125,cache,4096,73572922,73572921,0.021480798721313477,d:\hpc_project\tdc_unified_core\results\b50_8_multi_offset\offset_p025\operator_cache\range_063926-064125.npz
427,range_064076-064275,cache,4096,73566164,73566163,0.016047000885009766,d:\hpc_project\tdc_unified_core\results\b50_8_multi_offset\offset_p025\operator_cache\range_064076-064275.npz
428,range_064226-064425,cache,4096,73557899,73557898,0.02275872230529785,d:\hpc_project\tdc_unified_core\results\b50_8_multi_offset\offset_p025\operator_cache\range_064226-064425.npz
429,range_064376-064575,cache,4096,73548892,73548891,0.019306659698486328,d:\hpc_project\tdc_unified_core\results\b50_8_multi_offset\offset_p025\operator_cache\range_064376-064575.npz
430,range_064526-064725,cache,4096,73546011,73546010,0.018157243728637695,d:\hpc_project\tdc_unified_core\results\b50_8_multi_offset\offset_p025\operator_cache\range_064526-064725.npz
431,range_064676-064875,cache,4096,73535105,73535104,0.0221254825592041,d:\hpc_project\tdc_unified_core\results\b50_8_multi_offset\offset_p025\operator_cache\range_064676-064875.npz
432,range_064826-065025,cache,4096,73528290,73528289,0.023241758346557617,d:\hpc_project\tdc_unified_core\results\b50_8_multi_offset\offset_p025\operator_cache\range_064826-065025.npz
433,range_064976-065175,cache,4096,73526869,73526868,0.019956111907958984,d:\hpc_project\tdc_unified_core\results\b50_8_multi_offset\offset_p025\operator_cache\range_064976-065175.npz
434,range_065126-065325,cache,4096,73520853,73520852,0.02279067039489746,d:\hpc_project\tdc_unified_core\results\b50_8_multi_offset\offset_p025\operator_cache\range_065126-065325.npz
435,range_065276-065475,cache,4096,73514173,73514172,0.02351832389831543,d:\hpc_project\tdc_unified_core\results\b50_8_multi_offset\offset_p025\operator_cache\range_065276-065475.npz
436,range_065426-065625,cache,4096,73500936,73500935,0.023795366287231445,d:\hpc_project\tdc_unified_core\results\b50_8_multi_offset\offset_p025\operator_cache\range_065426-065625.npz
437,range_065576-065775,cache,4096,73498963,73498962,0.01965475082397461,d:\hpc_project\tdc_unified_core\results\b50_8_multi_offset\offset_p025\operator_cache\range_065576-065775.npz
438,range_065726-065925,cache,4096,73492177,73492176,0.016737937927246094,d:\hpc_project\tdc_unified_core\results\b50_8_multi_offset\offset_p025\operator_cache\range_065726-065925.npz
439,range_065876-066075,cache,4096,73491115,73491114,0.023055315017700195,d:\hpc_project\tdc_unified_core\results\b50_8_multi_offset\offset_p025\operator_cache\range_065876-066075.npz
440,range_066026-066225,cache,4096,73485869,73485868,0.0223696231842041,d:\hpc_project\tdc_unified_core\results\b50_8_multi_offset\offset_p025\operator_cache\range_066026-066225.npz
441,range_066176-066375,cache,4096,73477599,73477598,0.020223617553710938,d:\hpc_project\tdc_unified_core\results\b50_8_multi_offset\offset_p025\operator_cache\range_066176-066375.npz
442,range_066326-066525,cache,4096,73471146,73471145,0.020097732543945312,d:\hpc_project\tdc_unified_core\results\b50_8_multi_offset\offset_p025\operator_cache\range_066326-066525.npz
443,range_066476-066675,cache,4096,73464598,73464597,0.025249958038330078,d:\hpc_project\tdc_unified_core\results\b50_8_multi_offset\offset_p025\operator_cache\range_066476-066675.npz
444,range_066626-066825,cache,4096,73459772,73459771,0.025838375091552734,d:\hpc_project\tdc_unified_core\results\b50_8_multi_offset\offset_p025\operator_cache\range_066626-066825.npz
445,range_066776-066975,cache,4096,73450759,73450758,0.019081592559814453,d:\hpc_project\tdc_unified_core\results\b50_8_multi_offset\offset_p025\operator_cache\range_066776-066975.npz
446,range_066926-067125,cache,4096,73446529,73446528,0.02062511444091797,d:\hpc_project\tdc_unified_core\results\b50_8_multi_offset\offset_p025\operator_cache\range_066926-067125.npz
447,range_067076-067275,cache,4096,73441019,73441018,0.026149511337280273,d:\hpc_project\tdc_unified_core\results\b50_8_multi_offset\offset_p025\operator_cache\range_067076-067275.npz
448,range_067226-067425,cache,4096,73437142,73437141,0.019971132278442383,d:\hpc_project\tdc_unified_core\results\b50_8_multi_offset\offset_p025\operator_cache\range_067226-067425.npz
449,range_067376-067575,cache,4096,73431144,73431143,0.020301342010498047,d:\hpc_project\tdc_unified_core\results\b50_8_multi_offset\offset_p025\operator_cache\range_067376-067575.npz
450,range_067526-067725,cache,4096,73419664,73419663,0.023355960845947266,d:\hpc_project\tdc_unified_core\results\b50_8_multi_offset\offset_p025\operator_cache\range_067526-067725.npz
451,range_067676-067875,cache,4096,73423022,73423021,0.022246122360229492,d:\hpc_project\tdc_unified_core\results\b50_8_multi_offset\offset_p025\operator_cache\range_067676-067875.npz
452,range_067826-068025,cache,4096,73406530,73406529,0.019391536712646484,d:\hpc_project\tdc_unified_core\results\b50_8_multi_offset\offset_p025\operator_cache\range_067826-068025.npz
453,range_067976-068175,cache,4096,73399751,73399750,0.01882004737854004,d:\hpc_project\tdc_unified_core\results\b50_8_multi_offset\offset_p025\operator_cache\range_067976-068175.npz
454,range_068126-068325,cache,4096,73394768,73394767,0.023094654083251953,d:\hpc_project\tdc_unified_core\results\b50_8_multi_offset\offset_p025\operator_cache\range_068126-068325.npz
455,range_068276-068475,cache,4096,73386343,73386342,0.02510213851928711,d:\hpc_project\tdc_unified_core\results\b50_8_multi_offset\offset_p025\operator_cache\range_068276-068475.npz
456,range_068426-068625,cache,4096,73381099,73381098,0.018277406692504883,d:\hpc_project\tdc_unified_core\results\b50_8_multi_offset\offset_p025\operator_cache\range_068426-068625.npz
457,range_068576-068775,cache,4096,73379488,73379487,0.01770329475402832,d:\hpc_project\tdc_unified_core\results\b50_8_multi_offset\offset_p025\operator_cache\range_068576-068775.npz
458,range_068726-068925,cache,4096,73371055,73371054,0.023159027099609375,d:\hpc_project\tdc_unified_core\results\b50_8_multi_offset\offset_p025\operator_cache\range_068726-068925.npz
459,range_068876-069075,cache,4096,73374103,73374102,0.019921302795410156,d:\hpc_project\tdc_unified_core\results\b50_8_multi_offset\offset_p025\operator_cache\range_068876-069075.npz
460,range_069026-069225,cache,4096,73372311,73372310,0.01726531982421875,d:\hpc_project\tdc_unified_core\results\b50_8_multi_offset\offset_p025\operator_cache\range_069026-069225.npz
461,range_069176-069375,cache,4096,73355364,73355363,0.01923966407775879,d:\hpc_project\tdc_unified_core\results\b50_8_multi_offset\offset_p025\operator_cache\range_069176-069375.npz
462,range_069326-069525,cache,4096,73349372,73349371,0.02530527114868164,d:\hpc_project\tdc_unified_core\results\b50_8_multi_offset\offset_p025\operator_cache\range_069326-069525.npz
463,range_069476-069675,cache,4096,73342538,73342537,0.020153284072875977,d:\hpc_project\tdc_unified_core\results\b50_8_multi_offset\offset_p025\operator_cache\range_069476-069675.npz
464,range_069626-069825,cache,4096,73337239,73337238,0.01901841163635254,d:\hpc_project\tdc_unified_core\results\b50_8_multi_offset\offset_p025\operator_cache\range_069626-069825.npz
465,range_069776-069975,cache,4096,73335319,73335318,0.017154932022094727,d:\hpc_project\tdc_unified_core\results\b50_8_multi_offset\offset_p025\operator_cache\range_069776-069975.npz
466,range_069926-070125,cache,4096,73331168,73331167,0.02401876449584961,d:\hpc_project\tdc_unified_core\results\b50_8_multi_offset\offset_p025\operator_cache\range_069926-070125.npz
467,range_070076-070275,cache,4096,73327378,73327377,0.021645545959472656,d:\hpc_project\tdc_unified_core\results\b50_8_multi_offset\offset_p025\operator_cache\range_070076-070275.npz
468,range_070226-070425,cache,4096,73317349,73317348,0.022826194763183594,d:\hpc_project\tdc_unified_core\results\b50_8_multi_offset\offset_p025\operator_cache\range_070226-070425.npz
469,range_070376-070575,cache,4096,73313566,73313565,0.017974138259887695,d:\hpc_project\tdc_unified_core\results\b50_8_multi_offset\offset_p025\operator_cache\range_070376-070575.npz
470,range_070526-070725,cache,4096,73301694,73301693,0.021854877471923828,d:\hpc_project\tdc_unified_core\results\b50_8_multi_offset\offset_p025\operator_cache\range_070526-070725.npz
471,range_070676-070875,cache,4096,73299413,73299412,0.02128291130065918,d:\hpc_project\tdc_unified_core\results\b50_8_multi_offset\offset_p025\operator_cache\range_070676-070875.npz
472,range_070826-071025,cache,4096,73292425,73292424,0.01732039451599121,d:\hpc_project\tdc_unified_core\results\b50_8_multi_offset\offset_p025\operator_cache\range_070826-071025.npz
473,range_070976-071175,cache,4096,73280513,73280512,0.02700066566467285,d:\hpc_project\tdc_unified_core\results\b50_8_multi_offset\offset_p025\operator_cache\range_070976-071175.npz
474,range_071126-071325,cache,4096,73275510,73275509,0.02390599250793457,d:\hpc_project\tdc_unified_core\results\b50_8_multi_offset\offset_p025\operator_cache\range_071126-071325.npz
475,range_071276-071475,cache,4096,73279142,73279141,0.020891189575195312,d:\hpc_project\tdc_unified_core\results\b50_8_multi_offset\offset_p025\operator_cache\range_071276-071475.npz
476,range_071426-071625,cache,4096,73271328,73271327,0.02053046226501465,d:\hpc_project\tdc_unified_core\results\b50_8_multi_offset\offset_p025\operator_cache\range_071426-071625.npz
477,range_071576-071775,cache,4096,73263156,73263155,0.02600884437561035,d:\hpc_project\tdc_unified_core\results\b50_8_multi_offset\offset_p025\operator_cache\range_071576-071775.npz
478,range_071726-071925,cache,4096,73263904,73263903,0.020646333694458008,d:\hpc_project\tdc_unified_core\results\b50_8_multi_offset\offset_p025\operator_cache\range_071726-071925.npz
479,range_071876-072075,cache,4096,73253913,73253912,0.023482799530029297,d:\hpc_project\tdc_unified_core\results\b50_8_multi_offset\offset_p025\operator_cache\range_071876-072075.npz
480,range_072026-072225,cache,4096,73249888,73249887,0.02278280258178711,d:\hpc_project\tdc_unified_core\results\b50_8_multi_offset\offset_p025\operator_cache\range_072026-072225.npz
481,range_072176-072375,cache,4096,73247459,73247458,0.023103713989257812,d:\hpc_project\tdc_unified_core\results\b50_8_multi_offset\offset_p025\operator_cache\range_072176-072375.npz
482,range_072326-072525,cache,4096,73235532,73235531,0.019519329071044922,d:\hpc_project\tdc_unified_core\results\b50_8_multi_offset\offset_p025\operator_cache\range_072326-072525.npz
483,range_072476-072675,cache,4096,73230806,73230805,0.01665329933166504,d:\hpc_project\tdc_unified_core\results\b50_8_multi_offset\offset_p025\operator_cache\range_072476-072675.npz
484,range_072626-072825,cache,4096,73227734,73227733,0.022303342819213867,d:\hpc_project\tdc_unified_core\results\b50_8_multi_offset\offset_p025\operator_cache\range_072626-072825.npz
485,range_072776-072975,cache,4096,73224991,73224990,0.022325515747070312,d:\hpc_project\tdc_unified_core\results\b50_8_multi_offset\offset_p025\operator_cache\range_072776-072975.npz
486,range_072926-073125,cache,4096,73216970,73216969,0.020837068557739258,d:\hpc_project\tdc_unified_core\results\b50_8_multi_offset\offset_p025\operator_cache\range_072926-073125.npz
487,range_073076-073275,cache,4096,73211974,73211973,0.019303083419799805,d:\hpc_project\tdc_unified_core\results\b50_8_multi_offset\offset_p025\operator_cache\range_073076-073275.npz
488,range_073226-073425,cache,4096,73201793,73201792,0.0253448486328125,d:\hpc_project\tdc_unified_core\results\b50_8_multi_offset\offset_p025\operator_cache\range_073226-073425.npz
489,range_073376-073575,cache,4096,73201469,73201468,0.0207059383392334,d:\hpc_project\tdc_unified_core\results\b50_8_multi_offset\offset_p025\operator_cache\range_073376-073575.npz
490,range_073526-073725,cache,4096,73195320,73195319,0.017640352249145508,d:\hpc_project\tdc_unified_core\results\b50_8_multi_offset\offset_p025\operator_cache\range_073526-073725.npz
491,range_073676-073875,cache,4096,73190909,73190908,0.014909505844116211,d:\hpc_project\tdc_unified_core\results\b50_8_multi_offset\offset_p025\operator_cache\range_073676-073875.npz
492,range_073826-074025,cache,4096,73178969,73178968,0.023436546325683594,d:\hpc_project\tdc_unified_core\results\b50_8_multi_offset\offset_p025\operator_cache\range_073826-074025.npz
493,range_073976-074175,cache,4096,73181004,73181003,0.0206911563873291,d:\hpc_project\tdc_unified_core\results\b50_8_multi_offset\offset_p025\operator_cache\range_073976-074175.npz
494,range_074126-074325,cache,4096,73177674,73177673,0.028219938278198242,d:\hpc_project\tdc_unified_core\results\b50_8_multi_offset\offset_p025\operator_cache\range_074126-074325.npz
495,range_074276-074475,cache,4096,73167501,73167500,0.028411388397216797,d:\hpc_project\tdc_unified_core\results\b50_8_multi_offset\offset_p025\operator_cache\range_074276-074475.npz
496,range_074426-074625,cache,4096,73164209,73164208,0.025666236877441406,d:\hpc_project\tdc_unified_core\results\b50_8_multi_offset\offset_p025\operator_cache\range_074426-074625.npz
497,range_074576-074775,cache,4096,73156867,73156866,0.025043249130249023,d:\hpc_project\tdc_unified_core\results\b50_8_multi_offset\offset_p025\operator_cache\range_074576-074775.npz
498,range_074726-074925,cache,4096,73154318,73154317,0.02014327049255371,d:\hpc_project\tdc_unified_core\results\b50_8_multi_offset\offset_p025\operator_cache\range_074726-074925.npz
499,range_074876-075075,cache,4096,73148063,73148062,0.011993169784545898,d:\hpc_project\tdc_unified_core\results\b50_8_multi_offset\offset_p025\operator_cache\range_074876-075075.npz
500,range_075026-075225,cache,4096,73142918,73142917,0.025686264038085938,d:\hpc_project\tdc_unified_core\results\b50_8_multi_offset\offset_p025\operator_cache\range_075026-075225.npz
501,range_075176-075375,cache,4096,73128319,73128318,0.02698683738708496,d:\hpc_project\tdc_unified_core\results\b50_8_multi_offset\offset_p025\operator_cache\range_075176-075375.npz
502,range_075326-075525,cache,4096,73129431,73129430,0.03169584274291992,d:\hpc_project\tdc_unified_core\results\b50_8_multi_offset\offset_p025\operator_cache\range_075326-075525.npz
503,range_075476-075675,cache,4096,73121231,73121230,0.028337478637695312,d:\hpc_project\tdc_unified_core\results\b50_8_multi_offset\offset_p025\operator_cache\range_075476-075675.npz
504,range_075626-075825,cache,4096,73122010,73122009,0.020215272903442383,d:\hpc_project\tdc_unified_core\results\b50_8_multi_offset\offset_p025\operator_cache\range_075626-075825.npz
505,range_075776-075975,cache,4096,73110075,73110074,0.02041316032409668,d:\hpc_project\tdc_unified_core\results\b50_8_multi_offset\offset_p025\operator_cache\range_075776-075975.npz
506,range_075926-076125,cache,4096,73107768,73107767,0.018041372299194336,d:\hpc_project\tdc_unified_core\results\b50_8_multi_offset\offset_p025\operator_cache\range_075926-076125.npz
507,range_076076-076275,cache,4096,73103467,73103466,0.016653060913085938,d:\hpc_project\tdc_unified_core\results\b50_8_multi_offset\offset_p025\operator_cache\range_076076-076275.npz
508,range_076226-076425,cache,4096,73092810,73092809,0.021582841873168945,d:\hpc_project\tdc_unified_core\results\b50_8_multi_offset\offset_p025\operator_cache\range_076226-076425.npz
509,range_076376-076575,cache,4096,73093752,73093751,0.017258167266845703,d:\hpc_project\tdc_unified_core\results\b50_8_multi_offset\offset_p025\operator_cache\range_076376-076575.npz
510,range_076526-076725,cache,4096,73082809,73082808,0.019921064376831055,d:\hpc_project\tdc_unified_core\results\b50_8_multi_offset\offset_p025\operator_cache\range_076526-076725.npz
511,range_076676-076875,cache,4096,73083668,73083667,0.018915653228759766,d:\hpc_project\tdc_unified_core\results\b50_8_multi_offset\offset_p025\operator_cache\range_076676-076875.npz
512,range_076826-077025,cache,4096,73078758,73078757,0.02173447608947754,d:\hpc_project\tdc_unified_core\results\b50_8_multi_offset\offset_p025\operator_cache\range_076826-077025.npz
513,range_076976-077175,cache,4096,73073154,73073153,0.02193140983581543,d:\hpc_project\tdc_unified_core\results\b50_8_multi_offset\offset_p025\operator_cache\range_076976-077175.npz
514,range_077126-077325,cache,4096,73066680,73066679,0.01907038688659668,d:\hpc_project\tdc_unified_core\results\b50_8_multi_offset\offset_p025\operator_cache\range_077126-077325.npz
515,range_077276-077475,cache,4096,73059327,73059326,0.019289731979370117,d:\hpc_project\tdc_unified_core\results\b50_8_multi_offset\offset_p025\operator_cache\range_077276-077475.npz
516,range_077426-077625,cache,4096,73052917,73052916,0.024097919464111328,d:\hpc_project\tdc_unified_core\results\b50_8_multi_offset\offset_p025\operator_cache\range_077426-077625.npz
517,range_077576-077775,cache,4096,73049636,73049635,0.021500349044799805,d:\hpc_project\tdc_unified_core\results\b50_8_multi_offset\offset_p025\operator_cache\range_077576-077775.npz
518,range_077726-077925,cache,4096,73051528,73051527,0.022227048873901367,d:\hpc_project\tdc_unified_core\results\b50_8_multi_offset\offset_p025\operator_cache\range_077726-077925.npz
519,range_077876-078075,cache,4096,73041187,73041186,0.016976356506347656,d:\hpc_project\tdc_unified_core\results\b50_8_multi_offset\offset_p025\operator_cache\range_077876-078075.npz
520,range_078026-078225,cache,4096,73034259,73034258,0.02383255958557129,d:\hpc_project\tdc_unified_core\results\b50_8_multi_offset\offset_p025\operator_cache\range_078026-078225.npz
521,range_078176-078375,cache,4096,73026671,73026670,0.022568941116333008,d:\hpc_project\tdc_unified_core\results\b50_8_multi_offset\offset_p025\operator_cache\range_078176-078375.npz
522,range_078326-078525,cache,4096,73014044,73014043,0.017677783966064453,d:\hpc_project\tdc_unified_core\results\b50_8_multi_offset\offset_p025\operator_cache\range_078326-078525.npz
523,range_078476-078675,cache,4096,73018817,73018816,0.024273395538330078,d:\hpc_project\tdc_unified_core\results\b50_8_multi_offset\offset_p025\operator_cache\range_078476-078675.npz
524,range_078626-078825,cache,4096,73015944,73015943,0.019809484481811523,d:\hpc_project\tdc_unified_core\results\b50_8_multi_offset\offset_p025\operator_cache\range_078626-078825.npz
525,range_078776-078975,cache,4096,73006951,73006950,0.01849508285522461,d:\hpc_project\tdc_unified_core\results\b50_8_multi_offset\offset_p025\operator_cache\range_078776-078975.npz
526,range_078926-079125,cache,4096,73004025,73004024,0.020432472229003906,d:\hpc_project\tdc_unified_core\results\b50_8_multi_offset\offset_p025\operator_cache\range_078926-079125.npz
527,range_079076-079275,cache,4096,73005154,73005153,0.02150702476501465,d:\hpc_project\tdc_unified_core\results\b50_8_multi_offset\offset_p025\operator_cache\range_079076-079275.npz
528,range_079226-079425,cache,4096,72997489,72997488,0.024128198623657227,d:\hpc_project\tdc_unified_core\results\b50_8_multi_offset\offset_p025\operator_cache\range_079226-079425.npz
529,range_079376-079575,cache,4096,72988282,72988281,0.02016139030456543,d:\hpc_project\tdc_unified_core\results\b50_8_multi_offset\offset_p025\operator_cache\range_079376-079575.npz
530,range_079526-079725,cache,4096,72985521,72985520,0.0250699520111084,d:\hpc_project\tdc_unified_core\results\b50_8_multi_offset\offset_p025\operator_cache\range_079526-079725.npz
531,range_079676-079875,cache,4096,72977648,72977647,0.020882129669189453,d:\hpc_project\tdc_unified_core\results\b50_8_multi_offset\offset_p025\operator_cache\range_079676-079875.npz
532,range_079826-080025,cache,4096,72973773,72973772,0.023964881896972656,d:\hpc_project\tdc_unified_core\results\b50_8_multi_offset\offset_p025\operator_cache\range_079826-080025.npz
533,range_079976-080175,cache,4096,72972799,72972798,0.018872976303100586,d:\hpc_project\tdc_unified_core\results\b50_8_multi_offset\offset_p025\operator_cache\range_079976-080175.npz
534,range_080126-080325,cache,4096,72957805,72957804,0.02749800682067871,d:\hpc_project\tdc_unified_core\results\b50_8_multi_offset\offset_p025\operator_cache\range_080126-080325.npz
535,range_080276-080475,cache,4096,72957425,72957424,0.02265763282775879,d:\hpc_project\tdc_unified_core\results\b50_8_multi_offset\offset_p025\operator_cache\range_080276-080475.npz
536,range_080426-080625,cache,4096,72959806,72959805,0.02057790756225586,d:\hpc_project\tdc_unified_core\results\b50_8_multi_offset\offset_p025\operator_cache\range_080426-080625.npz
537,range_080576-080775,cache,4096,72950361,72950360,0.02903127670288086,d:\hpc_project\tdc_unified_core\results\b50_8_multi_offset\offset_p025\operator_cache\range_080576-080775.npz
538,range_080726-080925,cache,4096,72941387,72941386,0.02544856071472168,d:\hpc_project\tdc_unified_core\results\b50_8_multi_offset\offset_p025\operator_cache\range_080726-080925.npz
539,range_080876-081075,cache,4096,72945327,72945326,0.019005298614501953,d:\hpc_project\tdc_unified_core\results\b50_8_multi_offset\offset_p025\operator_cache\range_080876-081075.npz
540,range_081026-081225,cache,4096,72939170,72939169,0.0161745548248291,d:\hpc_project\tdc_unified_core\results\b50_8_multi_offset\offset_p025\operator_cache\range_081026-081225.npz
541,range_081176-081375,cache,4096,72931208,72931207,0.023427486419677734,d:\hpc_project\tdc_unified_core\results\b50_8_multi_offset\offset_p025\operator_cache\range_081176-081375.npz
542,range_081326-081525,cache,4096,72920594,72920593,0.021354198455810547,d:\hpc_project\tdc_unified_core\results\b50_8_multi_offset\offset_p025\operator_cache\range_081326-081525.npz
543,range_081476-081675,cache,4096,72920364,72920363,0.019524335861206055,d:\hpc_project\tdc_unified_core\results\b50_8_multi_offset\offset_p025\operator_cache\range_081476-081675.npz
544,range_081626-081825,cache,4096,72917161,72917160,0.020180225372314453,d:\hpc_project\tdc_unified_core\results\b50_8_multi_offset\offset_p025\operator_cache\range_081626-081825.npz
545,range_081776-081975,cache,4096,72912529,72912528,0.021461963653564453,d:\hpc_project\tdc_unified_core\results\b50_8_multi_offset\offset_p025\operator_cache\range_081776-081975.npz
546,range_081926-082125,cache,4096,72907973,72907972,0.02180790901184082,d:\hpc_project\tdc_unified_core\results\b50_8_multi_offset\offset_p025\operator_cache\range_081926-082125.npz
547,range_082076-082275,cache,4096,72900112,72900111,0.023825407028198242,d:\hpc_project\tdc_unified_core\results\b50_8_multi_offset\offset_p025\operator_cache\range_082076-082275.npz
548,range_082226-082425,cache,4096,72892915,72892914,0.017963409423828125,d:\hpc_project\tdc_unified_core\results\b50_8_multi_offset\offset_p025\operator_cache\range_082226-082425.npz
549,range_082376-082575,cache,4096,72888950,72888949,0.022184371948242188,d:\hpc_project\tdc_unified_core\results\b50_8_multi_offset\offset_p025\operator_cache\range_082376-082575.npz
550,range_082526-082725,cache,4096,72886873,72886872,0.020980119705200195,d:\hpc_project\tdc_unified_core\results\b50_8_multi_offset\offset_p025\operator_cache\range_082526-082725.npz
551,range_082676-082875,cache,4096,72878551,72878550,0.01764655113220215,d:\hpc_project\tdc_unified_core\results\b50_8_multi_offset\offset_p025\operator_cache\range_082676-082875.npz
552,range_082826-083025,cache,4096,72874599,72874598,0.02341747283935547,d:\hpc_project\tdc_unified_core\results\b50_8_multi_offset\offset_p025\operator_cache\range_082826-083025.npz
553,range_082976-083175,cache,4096,72871382,72871381,0.02185797691345215,d:\hpc_project\tdc_unified_core\results\b50_8_multi_offset\offset_p025\operator_cache\range_082976-083175.npz
554,range_083126-083325,cache,4096,72864576,72864575,0.019062042236328125,d:\hpc_project\tdc_unified_core\results\b50_8_multi_offset\offset_p025\operator_cache\range_083126-083325.npz
555,range_083276-083475,cache,4096,72860957,72860956,0.018159866333007812,d:\hpc_project\tdc_unified_core\results\b50_8_multi_offset\offset_p025\operator_cache\range_083276-083475.npz
556,range_083426-083625,cache,4096,72854695,72854694,0.02257847785949707,d:\hpc_project\tdc_unified_core\results\b50_8_multi_offset\offset_p025\operator_cache\range_083426-083625.npz
557,range_083576-083775,cache,4096,72855414,72855413,0.022531747817993164,d:\hpc_project\tdc_unified_core\results\b50_8_multi_offset\offset_p025\operator_cache\range_083576-083775.npz
558,range_083726-083925,cache,4096,72850542,72850541,0.022237539291381836,d:\hpc_project\tdc_unified_core\results\b50_8_multi_offset\offset_p025\operator_cache\range_083726-083925.npz
559,range_083876-084075,cache,4096,72840316,72840315,0.01908421516418457,d:\hpc_project\tdc_unified_core\results\b50_8_multi_offset\offset_p025\operator_cache\range_083876-084075.npz
560,range_084026-084225,cache,4096,72839172,72839171,0.026346206665039062,d:\hpc_project\tdc_unified_core\results\b50_8_multi_offset\offset_p025\operator_cache\range_084026-084225.npz
561,range_084176-084375,cache,4096,72838021,72838020,0.020947694778442383,d:\hpc_project\tdc_unified_core\results\b50_8_multi_offset\offset_p025\operator_cache\range_084176-084375.npz
562,range_084326-084525,cache,4096,72828451,72828450,0.019131183624267578,d:\hpc_project\tdc_unified_core\results\b50_8_multi_offset\offset_p025\operator_cache\range_084326-084525.npz
563,range_084476-084675,cache,4096,72824337,72824336,0.01888132095336914,d:\hpc_project\tdc_unified_core\results\b50_8_multi_offset\offset_p025\operator_cache\range_084476-084675.npz
564,range_084626-084825,cache,4096,72821033,72821032,0.021686553955078125,d:\hpc_project\tdc_unified_core\results\b50_8_multi_offset\offset_p025\operator_cache\range_084626-084825.npz
565,range_084776-084975,cache,4096,72812688,72812687,0.020710468292236328,d:\hpc_project\tdc_unified_core\results\b50_8_multi_offset\offset_p025\operator_cache\range_084776-084975.npz
566,range_084926-085125,cache,4096,72813076,72813075,0.019002437591552734,d:\hpc_project\tdc_unified_core\results\b50_8_multi_offset\offset_p025\operator_cache\range_084926-085125.npz
567,range_085076-085275,cache,4096,72804813,72804812,0.020785093307495117,d:\hpc_project\tdc_unified_core\results\b50_8_multi_offset\offset_p025\operator_cache\range_085076-085275.npz
568,range_085226-085425,cache,4096,72796323,72796322,0.022721052169799805,d:\hpc_project\tdc_unified_core\results\b50_8_multi_offset\offset_p025\operator_cache\range_085226-085425.npz
569,range_085376-085575,cache,4096,72788533,72788532,0.02091360092163086,d:\hpc_project\tdc_unified_core\results\b50_8_multi_offset\offset_p025\operator_cache\range_085376-085575.npz
570,range_085526-085725,cache,4096,72794996,72794995,0.019343137741088867,d:\hpc_project\tdc_unified_core\results\b50_8_multi_offset\offset_p025\operator_cache\range_085526-085725.npz
571,range_085676-085875,cache,4096,72794280,72794279,0.023863554000854492,d:\hpc_project\tdc_unified_core\results\b50_8_multi_offset\offset_p025\operator_cache\range_085676-085875.npz
572,range_085826-086025,cache,4096,72787747,72787746,0.02113175392150879,d:\hpc_project\tdc_unified_core\results\b50_8_multi_offset\offset_p025\operator_cache\range_085826-086025.npz
573,range_085976-086175,cache,4096,72773887,72773886,0.021313190460205078,d:\hpc_project\tdc_unified_core\results\b50_8_multi_offset\offset_p025\operator_cache\range_085976-086175.npz
574,range_086126-086325,cache,4096,72766664,72766663,0.019042015075683594,d:\hpc_project\tdc_unified_core\results\b50_8_multi_offset\offset_p025\operator_cache\range_086126-086325.npz
575,range_086276-086475,cache,4096,72769463,72769462,0.02100539207458496,d:\hpc_project\tdc_unified_core\results\b50_8_multi_offset\offset_p025\operator_cache\range_086276-086475.npz
576,range_086426-086625,cache,4096,72770245,72770244,0.024214506149291992,d:\hpc_project\tdc_unified_core\results\b50_8_multi_offset\offset_p025\operator_cache\range_086426-086625.npz
577,range_086576-086775,cache,4096,72749039,72749038,0.021190404891967773,d:\hpc_project\tdc_unified_core\results\b50_8_multi_offset\offset_p025\operator_cache\range_086576-086775.npz
578,range_086726-086925,cache,4096,72754782,72754781,0.025951862335205078,d:\hpc_project\tdc_unified_core\results\b50_8_multi_offset\offset_p025\operator_cache\range_086726-086925.npz
579,range_086876-087075,cache,4096,72751762,72751761,0.023631572723388672,d:\hpc_project\tdc_unified_core\results\b50_8_multi_offset\offset_p025\operator_cache\range_086876-087075.npz
580,range_087026-087225,cache,4096,72749711,72749710,0.017000198364257812,d:\hpc_project\tdc_unified_core\results\b50_8_multi_offset\offset_p025\operator_cache\range_087026-087225.npz
581,range_087176-087375,cache,4096,72739013,72739012,0.02464890480041504,d:\hpc_project\tdc_unified_core\results\b50_8_multi_offset\offset_p025\operator_cache\range_087176-087375.npz
582,range_087326-087525,cache,4096,72743977,72743976,0.02324700355529785,d:\hpc_project\tdc_unified_core\results\b50_8_multi_offset\offset_p025\operator_cache\range_087326-087525.npz
583,range_087476-087675,cache,4096,72726517,72726516,0.024059057235717773,d:\hpc_project\tdc_unified_core\results\b50_8_multi_offset\offset_p025\operator_cache\range_087476-087675.npz
584,range_087626-087825,cache,4096,72725301,72725300,0.01894354820251465,d:\hpc_project\tdc_unified_core\results\b50_8_multi_offset\offset_p025\operator_cache\range_087626-087825.npz
585,range_087776-087975,cache,4096,72728131,72728130,0.02510237693786621,d:\hpc_project\tdc_unified_core\results\b50_8_multi_offset\offset_p025\operator_cache\range_087776-087975.npz
586,range_087926-088125,cache,4096,72720371,72720370,0.024413347244262695,d:\hpc_project\tdc_unified_core\results\b50_8_multi_offset\offset_p025\operator_cache\range_087926-088125.npz
587,range_088076-088275,cache,4096,72717786,72717785,0.021449804306030273,d:\hpc_project\tdc_unified_core\results\b50_8_multi_offset\offset_p025\operator_cache\range_088076-088275.npz
588,range_088226-088425,cache,4096,72706857,72706856,0.019028902053833008,d:\hpc_project\tdc_unified_core\results\b50_8_multi_offset\offset_p025\operator_cache\range_088226-088425.npz
589,range_088376-088575,cache,4096,72698066,72698065,0.025478601455688477,d:\hpc_project\tdc_unified_core\results\b50_8_multi_offset\offset_p025\operator_cache\range_088376-088575.npz
590,range_088526-088725,cache,4096,72694098,72694097,0.021895885467529297,d:\hpc_project\tdc_unified_core\results\b50_8_multi_offset\offset_p025\operator_cache\range_088526-088725.npz
591,range_088676-088875,cache,4096,72698557,72698556,0.017589092254638672,d:\hpc_project\tdc_unified_core\results\b50_8_multi_offset\offset_p025\operator_cache\range_088676-088875.npz
592,range_088826-089025,cache,4096,72690812,72690811,0.026563644409179688,d:\hpc_project\tdc_unified_core\results\b50_8_multi_offset\offset_p025\operator_cache\range_088826-089025.npz
593,range_088976-089175,cache,4096,72688697,72688696,0.021787643432617188,d:\hpc_project\tdc_unified_core\results\b50_8_multi_offset\offset_p025\operator_cache\range_088976-089175.npz
594,range_089126-089325,cache,4096,72682035,72682034,0.018934249877929688,d:\hpc_project\tdc_unified_core\results\b50_8_multi_offset\offset_p025\operator_cache\range_089126-089325.npz
595,range_089276-089475,cache,4096,72675949,72675948,0.021976232528686523,d:\hpc_project\tdc_unified_core\results\b50_8_multi_offset\offset_p025\operator_cache\range_089276-089475.npz
596,range_089426-089625,cache,4096,72670084,72670083,0.019220829010009766,d:\hpc_project\tdc_unified_core\results\b50_8_multi_offset\offset_p025\operator_cache\range_089426-089625.npz
597,range_089576-089775,cache,4096,72668653,72668652,0.02174210548400879,d:\hpc_project\tdc_unified_core\results\b50_8_multi_offset\offset_p025\operator_cache\range_089576-089775.npz
598,range_089726-089925,cache,4096,72666212,72666211,0.01846909523010254,d:\hpc_project\tdc_unified_core\results\b50_8_multi_offset\offset_p025\operator_cache\range_089726-089925.npz
599,range_089876-090075,cache,4096,72662268,72662267,0.023897886276245117,d:\hpc_project\tdc_unified_core\results\b50_8_multi_offset\offset_p025\operator_cache\range_089876-090075.npz
600,range_090026-090225,cache,4096,72661524,72661523,0.023311376571655273,d:\hpc_project\tdc_unified_core\results\b50_8_multi_offset\offset_p025\operator_cache\range_090026-090225.npz
601,range_090176-090375,cache,4096,72654855,72654854,0.017552852630615234,d:\hpc_project\tdc_unified_core\results\b50_8_multi_offset\offset_p025\operator_cache\range_090176-090375.npz
602,range_090326-090525,cache,4096,72642858,72642857,0.022075891494750977,d:\hpc_project\tdc_unified_core\results\b50_8_multi_offset\offset_p025\operator_cache\range_090326-090525.npz
603,range_090476-090675,cache,4096,72642029,72642028,0.022373199462890625,d:\hpc_project\tdc_unified_core\results\b50_8_multi_offset\offset_p025\operator_cache\range_090476-090675.npz
604,range_090626-090825,cache,4096,72643824,72643823,0.022980213165283203,d:\hpc_project\tdc_unified_core\results\b50_8_multi_offset\offset_p025\operator_cache\range_090626-090825.npz
605,range_090776-090975,cache,4096,72637010,72637009,0.018540620803833008,d:\hpc_project\tdc_unified_core\results\b50_8_multi_offset\offset_p025\operator_cache\range_090776-090975.npz
606,range_090926-091125,cache,4096,72626324,72626323,0.023127317428588867,d:\hpc_project\tdc_unified_core\results\b50_8_multi_offset\offset_p025\operator_cache\range_090926-091125.npz
607,range_091076-091275,cache,4096,72622273,72622272,0.023612022399902344,d:\hpc_project\tdc_unified_core\results\b50_8_multi_offset\offset_p025\operator_cache\range_091076-091275.npz
608,range_091226-091425,cache,4096,72625553,72625552,0.021334171295166016,d:\hpc_project\tdc_unified_core\results\b50_8_multi_offset\offset_p025\operator_cache\range_091226-091425.npz
609,range_091376-091575,cache,4096,72617678,72617677,0.017478227615356445,d:\hpc_project\tdc_unified_core\results\b50_8_multi_offset\offset_p025\operator_cache\range_091376-091575.npz
610,range_091526-091725,cache,4096,72611909,72611908,0.02426624298095703,d:\hpc_project\tdc_unified_core\results\b50_8_multi_offset\offset_p025\operator_cache\range_091526-091725.npz
611,range_091676-091875,cache,4096,72615374,72615373,0.021028757095336914,d:\hpc_project\tdc_unified_core\results\b50_8_multi_offset\offset_p025\operator_cache\range_091676-091875.npz
612,range_091826-092025,cache,4096,72609251,72609250,0.018360376358032227,d:\hpc_project\tdc_unified_core\results\b50_8_multi_offset\offset_p025\operator_cache\range_091826-092025.npz
613,range_091976-092175,cache,4096,72601088,72601087,0.02513718605041504,d:\hpc_project\tdc_unified_core\results\b50_8_multi_offset\offset_p025\operator_cache\range_091976-092175.npz
614,range_092126-092325,cache,4096,72594826,72594825,0.025316715240478516,d:\hpc_project\tdc_unified_core\results\b50_8_multi_offset\offset_p025\operator_cache\range_092126-092325.npz
615,range_092276-092475,cache,4096,72589783,72589782,0.019748210906982422,d:\hpc_project\tdc_unified_core\results\b50_8_multi_offset\offset_p025\operator_cache\range_092276-092475.npz
616,range_092426-092625,cache,4096,72586839,72586838,0.01981973648071289,d:\hpc_project\tdc_unified_core\results\b50_8_multi_offset\offset_p025\operator_cache\range_092426-092625.npz
617,range_092576-092775,cache,4096,72583922,72583921,0.021313190460205078,d:\hpc_project\tdc_unified_core\results\b50_8_multi_offset\offset_p025\operator_cache\range_092576-092775.npz
618,range_092726-092925,cache,4096,72571741,72571740,0.021299362182617188,d:\hpc_project\tdc_unified_core\results\b50_8_multi_offset\offset_p025\operator_cache\range_092726-092925.npz
619,range_092876-093075,cache,4096,72578526,72578525,0.01730060577392578,d:\hpc_project\tdc_unified_core\results\b50_8_multi_offset\offset_p025\operator_cache\range_092876-093075.npz
620,range_093026-093225,cache,4096,72566605,72566604,0.018870115280151367,d:\hpc_project\tdc_unified_core\results\b50_8_multi_offset\offset_p025\operator_cache\range_093026-093225.npz
621,range_093176-093375,cache,4096,72569482,72569481,0.019221067428588867,d:\hpc_project\tdc_unified_core\results\b50_8_multi_offset\offset_p025\operator_cache\range_093176-093375.npz
622,range_093326-093525,cache,4096,72562620,72562619,0.019669294357299805,d:\hpc_project\tdc_unified_core\results\b50_8_multi_offset\offset_p025\operator_cache\range_093326-093525.npz
623,range_093476-093675,cache,4096,72554570,72554569,0.020231008529663086,d:\hpc_project\tdc_unified_core\results\b50_8_multi_offset\offset_p025\operator_cache\range_093476-093675.npz
624,range_093626-093825,cache,4096,72549214,72549213,0.01610279083251953,d:\hpc_project\tdc_unified_core\results\b50_8_multi_offset\offset_p025\operator_cache\range_093626-093825.npz
625,range_093776-093975,cache,4096,72551937,72551936,0.025184154510498047,d:\hpc_project\tdc_unified_core\results\b50_8_multi_offset\offset_p025\operator_cache\range_093776-093975.npz
626,range_093926-094125,cache,4096,72548292,72548291,0.022051095962524414,d:\hpc_project\tdc_unified_core\results\b50_8_multi_offset\offset_p025\operator_cache\range_093926-094125.npz
627,range_094076-094275,cache,4096,72533267,72533266,0.020653963088989258,d:\hpc_project\tdc_unified_core\results\b50_8_multi_offset\offset_p025\operator_cache\range_094076-094275.npz
628,range_094226-094425,cache,4096,72541341,72541340,0.019711732864379883,d:\hpc_project\tdc_unified_core\results\b50_8_multi_offset\offset_p025\operator_cache\range_094226-094425.npz
629,range_094376-094575,cache,4096,72534759,72534758,0.02162909507751465,d:\hpc_project\tdc_unified_core\results\b50_8_multi_offset\offset_p025\operator_cache\range_094376-094575.npz
630,range_094526-094725,cache,4096,72530516,72530515,0.018161535263061523,d:\hpc_project\tdc_unified_core\results\b50_8_multi_offset\offset_p025\operator_cache\range_094526-094725.npz
631,range_094676-094875,cache,4096,72525058,72525057,0.01704573631286621,d:\hpc_project\tdc_unified_core\results\b50_8_multi_offset\offset_p025\operator_cache\range_094676-094875.npz
632,range_094826-095025,cache,4096,72520795,72520794,0.020096540451049805,d:\hpc_project\tdc_unified_core\results\b50_8_multi_offset\offset_p025\operator_cache\range_094826-095025.npz
633,range_094976-095175,cache,4096,72509732,72509731,0.017159461975097656,d:\hpc_project\tdc_unified_core\results\b50_8_multi_offset\offset_p025\operator_cache\range_094976-095175.npz
634,range_095126-095325,cache,4096,72513122,72513121,0.022975444793701172,d:\hpc_project\tdc_unified_core\results\b50_8_multi_offset\offset_p025\operator_cache\range_095126-095325.npz
635,range_095276-095475,cache,4096,72508281,72508280,0.020906448364257812,d:\hpc_project\tdc_unified_core\results\b50_8_multi_offset\offset_p025\operator_cache\range_095276-095475.npz
636,range_095426-095625,cache,4096,72499173,72499172,0.024833202362060547,d:\hpc_project\tdc_unified_core\results\b50_8_multi_offset\offset_p025\operator_cache\range_095426-095625.npz
637,range_095576-095775,cache,4096,72500596,72500595,0.022171735763549805,d:\hpc_project\tdc_unified_core\results\b50_8_multi_offset\offset_p025\operator_cache\range_095576-095775.npz
638,range_095726-095925,cache,4096,72492357,72492356,0.02174854278564453,d:\hpc_project\tdc_unified_core\results\b50_8_multi_offset\offset_p025\operator_cache\range_095726-095925.npz
639,range_095876-096075,cache,4096,72492453,72492452,0.019801855087280273,d:\hpc_project\tdc_unified_core\results\b50_8_multi_offset\offset_p025\operator_cache\range_095876-096075.npz
640,range_096026-096225,cache,4096,72480607,72480606,0.02021932601928711,d:\hpc_project\tdc_unified_core\results\b50_8_multi_offset\offset_p025\operator_cache\range_096026-096225.npz
641,range_096176-096375,cache,4096,72483641,72483640,0.01880931854248047,d:\hpc_project\tdc_unified_core\results\b50_8_multi_offset\offset_p025\operator_cache\range_096176-096375.npz
642,range_096326-096525,cache,4096,72478022,72478021,0.017157316207885742,d:\hpc_project\tdc_unified_core\results\b50_8_multi_offset\offset_p025\operator_cache\range_096326-096525.npz
643,range_096476-096675,cache,4096,72476625,72476624,0.02512955665588379,d:\hpc_project\tdc_unified_core\results\b50_8_multi_offset\offset_p025\operator_cache\range_096476-096675.npz
644,range_096626-096825,cache,4096,72470559,72470558,0.022729873657226562,d:\hpc_project\tdc_unified_core\results\b50_8_multi_offset\offset_p025\operator_cache\range_096626-096825.npz
645,range_096776-096975,cache,4096,72457150,72457149,0.02124500274658203,d:\hpc_project\tdc_unified_core\results\b50_8_multi_offset\offset_p025\operator_cache\range_096776-096975.npz
646,range_096926-097125,cache,4096,72461512,72461511,0.023207902908325195,d:\hpc_project\tdc_unified_core\results\b50_8_multi_offset\offset_p025\operator_cache\range_096926-097125.npz
647,range_097076-097275,cache,4096,72455765,72455764,0.022165298461914062,d:\hpc_project\tdc_unified_core\results\b50_8_multi_offset\offset_p025\operator_cache\range_097076-097275.npz
648,range_097226-097425,cache,4096,72452943,72452942,0.01999354362487793,d:\hpc_project\tdc_unified_core\results\b50_8_multi_offset\offset_p025\operator_cache\range_097226-097425.npz
649,range_097376-097575,cache,4096,72453265,72453264,0.021596670150756836,d:\hpc_project\tdc_unified_core\results\b50_8_multi_offset\offset_p025\operator_cache\range_097376-097575.npz
650,range_097526-097725,cache,4096,72446971,72446970,0.020554065704345703,d:\hpc_project\tdc_unified_core\results\b50_8_multi_offset\offset_p025\operator_cache\range_097526-097725.npz
651,range_097676-097875,cache,4096,72443916,72443915,0.022703170776367188,d:\hpc_project\tdc_unified_core\results\b50_8_multi_offset\offset_p025\operator_cache\range_097676-097875.npz
652,range_097826-098025,cache,4096,72434540,72434539,0.020479202270507812,d:\hpc_project\tdc_unified_core\results\b50_8_multi_offset\offset_p025\operator_cache\range_097826-098025.npz
653,range_097976-098175,cache,4096,72433840,72433839,0.02065253257751465,d:\hpc_project\tdc_unified_core\results\b50_8_multi_offset\offset_p025\operator_cache\range_097976-098175.npz
654,range_098126-098325,cache,4096,72429875,72429874,0.025417089462280273,d:\hpc_project\tdc_unified_core\results\b50_8_multi_offset\offset_p025\operator_cache\range_098126-098325.npz
655,range_098276-098475,cache,4096,72424275,72424274,0.021280288696289062,d:\hpc_project\tdc_unified_core\results\b50_8_multi_offset\offset_p025\operator_cache\range_098276-098475.npz
656,range_098426-098625,cache,4096,72424765,72424764,0.020656108856201172,d:\hpc_project\tdc_unified_core\results\b50_8_multi_offset\offset_p025\operator_cache\range_098426-098625.npz
657,range_098576-098775,cache,4096,72418430,72418429,0.019601106643676758,d:\hpc_project\tdc_unified_core\results\b50_8_multi_offset\offset_p025\operator_cache\range_098576-098775.npz
658,range_098726-098925,cache,4096,72412251,72412250,0.024035930633544922,d:\hpc_project\tdc_unified_core\results\b50_8_multi_offset\offset_p025\operator_cache\range_098726-098925.npz
659,range_098876-099075,cache,4096,72405946,72405945,0.021755695343017578,d:\hpc_project\tdc_unified_core\results\b50_8_multi_offset\offset_p025\operator_cache\range_098876-099075.npz
660,range_099026-099225,cache,4096,72401389,72401388,0.022783279418945312,d:\hpc_project\tdc_unified_core\results\b50_8_multi_offset\offset_p025\operator_cache\range_099026-099225.npz
661,range_099176-099375,cache,4096,72401656,72401655,0.018454551696777344,d:\hpc_project\tdc_unified_core\results\b50_8_multi_offset\offset_p025\operator_cache\range_099176-099375.npz
662,range_099326-099525,cache,4096,72399829,72399828,0.02544856071472168,d:\hpc_project\tdc_unified_core\results\b50_8_multi_offset\offset_p025\operator_cache\range_099326-099525.npz
663,range_099476-099675,cache,4096,72395119,72395118,0.02118992805480957,d:\hpc_project\tdc_unified_core\results\b50_8_multi_offset\offset_p025\operator_cache\range_099476-099675.npz
664,range_099626-099825,cache,4096,72389167,72389166,0.017304658889770508,d:\hpc_project\tdc_unified_core\results\b50_8_multi_offset\offset_p025\operator_cache\range_099626-099825.npz
665,range_099776-099975,cache,4096,72384413,72384412,0.026757001876831055,d:\hpc_project\tdc_unified_core\results\b50_8_multi_offset\offset_p025\operator_cache\range_099776-099975.npz
