replicate,mean_percentile_effect
0,0.0037274096385542244
1,0.009450301204819267
2,0.021272590361445798
3,-0.017582831325301196
4,-0.0032756024096384784
5,-0.003426204819277079
6,-0.021498493975903588
7,-0.0010918674698794928
8,-0.022402108433734913
9,-0.020519578313253017
10,-0.021084337349397575
11,0.01637801204819278
12,0.017319277108433728
13,-0.0017695783132529175
14,0.0036897590361445465
15,0.009751506024096468
16,-0.0001506024096386005
17,-0.006061746987951755
18,-0.007454819277108393
19,0.019766566265060237
20,0.012010542168674698
21,0.011596385542168797
22,-0.007718373493975916
23,-0.006325301204819278
24,0.0018448795180723288
25,-0.0024472891566265087
26,-0.01987951807228916
27,-0.025414156626506035
28,0.0025225903614457534
29,-0.000602409638554291
30,0.00410391566265067
31,-0.004668674698795228
32,0.011483433734939763
33,0.005384036144578275
34,0.013441265060241014
35,-0.0016566265060241059
36,0.002710843373493921
37,-0.002296686746987908
38,0.013478915662650692
39,0.00018825301204816736
40,-0.0006777108433734802
41,-0.0053087349397589745
42,-0.02631777108433736
43,-0.007718373493975916
44,-0.010203313253011992
45,0.008847891566265087
46,-0.012349397590361522
47,0.01912650602409649
48,0.004631024096385494
49,0.006475903614457823
50,0.018938253012048212
51,-0.0007530120481927804
52,-0.016415662650602403
53,-0.009224397590361422
54,-0.007492469879518016
55,-0.016566265060240948
56,-0.02669427710843375
57,-0.01227409638554211
58,-0.00120481927710836
59,-0.028087349397590333
60,0.01291415662650608
61,-0.00030120481927709
62,-0.00018825301204816736
63,-0.013140060240963869
64,0.009337349397590455
65,-0.01927710843373498
66,-0.008697289156626486
67,0.004593373493975816
68,-0.009036144578313254
69,-0.002522590361445809
70,-0.005722891566264987
71,-0.02270331325301206
72,0.021197289156626442
73,-0.015888554216867468
74,-0.008283132530120474
75,-0.029216867469879504
76,0.0013930722891566383
77,0.0045557228915662495
78,0.004367469879518082
79,0.01121987951807224
80,-0.022364457831325346
81,-0.017658132530120496
82,-0.022665662650602436
83,-0.02804969879518071
84,-0.0037274096385542244
85,0.0006777108433734247
86,0.016265060240963747
87,0.008170180722891551
88,-0.0017319277108433506
89,-0.0126506024096385
90,-0.01905120481927708
91,-0.010128012048192803
92,-0.000903614457831381
93,0.006551204819277179
94,0.012500000000000067
95,0.016189759036144613
96,0.014533132530120563
97,-0.00011295180722897813
98,-0.012612951807228934
99,-0.005760542168674776
100,-0.008433734939759074
101,0.009375000000000022
102,-0.0009789156626505702
103,-0.005835843373493965
104,0.006438253012048145
105,-0.010090361445783125
106,-0.005082831325301185
107,-0.017884036144578286
108,-0.0028614457831325213
109,0.002635542168674676
110,0.008697289156626486
111,0.0060240963855421326
112,-0.007981927710843384
113,0.016152108433734935
114,0.02454819277108422
115,0.004668674698795172
116,-0.010391566265060215
117,-0.00033885542168676785
118,0.006551204819277179
119,0.013554216867469826
120,-0.0014683734939759385
121,0.008885542168674654
122,-0.009638554216867434
123,0.0028237951807228434
124,-0.011106927710843373
125,-0.00022590361445790075
126,0.005271084337349352
127,0.0015436746987951278
128,-0.0008659638554217586
129,0.007831325301204783
130,-0.004856927710843395
131,-0.008057228915662684
132,-0.0157003012048193
133,0.02484939759036142
134,-0.027861445783132543
135,0.028012048192771144
136,-0.012725903614457912
137,-0.0008659638554217586
138,0.005384036144578275
139,-0.01995481927710846
140,0.01302710843373489
141,0.015060240963855387
142,-0.010429216867469893
143,-0.014006024096385461
144,-0.01242469879518071
145,0.008396084337349397
146,0.002334337349397475
147,-0.0015436746987951278
148,0.008885542168674654
149,-0.015286144578313232
150,0.0006400602409637468
151,0.008847891566265087
152,0.0016189759036144835
153,0.01227409638554211
154,-0.009111445783132444
155,-0.016566265060240948
156,-0.0027484939759037097
157,0.008396084337349508
158,-0.01106927710843375
159,0.006438253012048145
160,0.0015813253012048056
161,0.00120481927710836
162,0.002033132530120496
163,-0.019390060240963847
164,0.008885542168674654
165,-0.005271084337349408
166,-0.008810240963855465
167,0.021272590361445798
168,-0.012123493975903621
169,-0.009073795180722877
170,-0.0037650602409638467
171,-0.001317771084337338
172,-0.001317771084337338
173,-0.025037650602409645
174,0.004819277108433773
175,-0.0011671686746987375
176,-0.013554216867469882
177,0.0036521084337349796
178,-0.026129518072289193
179,0.010956325301204828
180,-0.014006024096385572
181,-0.0070783132530120585
182,0.004969879518072262
183,0.004518072289156572
184,0.025150602409638623
185,0.005045180722891618
186,-0.005873493975903588
187,0.0011295180722891152
188,0.012387048192771144
189,-0.0009789156626505702
190,0.013704819277108427
191,-0.003426204819277079
192,-0.002033132530120496
193,-0.007981927710843384
194,0.015549698795180755
195,0.009412650602409589
196,0.016453313253012136
197,-0.00022590361445778973
198,0.0019954819277108182
199,0.002899096385542199
200,0.0006400602409637468
201,-0.008847891566265087
202,0.022703313253012003
203,0.004254518072289271
204,-0.0035768072289156794
205,0.006513554216867501
206,0.0063253012048192225
207,0.007417168674698771
208,0.004066265060240992
209,-0.0010542168674698704
210,-0.014984939759036198
211,-0.0030873493975903665
212,-0.014231927710843417
213,-0.002823795180722899
214,0.005421686746987953
215,-0.028614457831325324
216,0.009487951807228945
217,0.0014307228915662051
218,0.00350150602409649
219,-0.0007153614457831581
220,0.0012424698795181488
221,0.001506024096385561
222,0.00395331325301207
223,-0.022063253012048256
224,0.009412650602409589
225,-0.008057228915662684
226,0.01287650602409629
227,0.008923192771084332
228,0.004668674698795172
229,0.005384036144578275
230,-0.01129518072289154
231,0.015625
232,-0.006287650602409656
233,-0.0014307228915662606
234,0.008810240963855409
235,0.0066265060240963125
236,-0.02669427710843375
237,0.008019578313253062
238,0.009939759036144635
239,0.02202560240963858
240,0.00896084337349401
241,0.002597891566265109
242,-0.002108433734939741
243,-0.026129518072289193
244,0.013290662650602414
245,-0.031137048192771077
246,-0.011822289156626531
247,0.0021460843373494187
248,0.004216867469879482
249,0.009073795180722821
250,-0.007492469879518127
251,-0.009186746987951855
252,-0.009337349397590344
253,0.011935240963855342
254,0.029179216867469826
255,-0.016265060240963858
256,0.010353915662650648
257,0.013441265060240903
258,-0.012951807228915702
259,-0.022778614457831303
260,-0.013403614457831392
261,-0.00015060240963848948
262,0.0033885542168674565
263,-0.011634036144578364
264,0.0030873493975902555
265,0.003878012048192714
266,0.004668674698795172
267,-0.011634036144578364
268,0.021159638554216875
269,0.0021460843373494187
270,-0.005384036144578386
271,0.004066265060240992
272,0.02018072289156636
273,-0.004706325301204739
274,-0.023305722891566294
275,-0.010881024096385583
276,0.0006400602409638578
277,-0.018750000000000044
278,-0.002334337349397586
279,0.007341867469879526
280,-0.015625
281,0.006814759036144591
282,0.004028614457831314
283,-0.005835843373493965
284,0.003501506024096379
285,-0.006777108433734913
286,0.0014307228915663162
287,0.0057605421686747205
288,-0.022326807228915724
289,0.006513554216867501
290,0.007605421686746938
291,-0.007040662650602325
292,-0.010918674698795205
293,-0.005496987951807253
294,-0.010881024096385583
295,0.013704819277108427
296,0.007605421686747049
297,-0.025865963855421725
298,0.00832078313253004
299,0.005986445783132566
300,-0.0031250000000000444
301,0.004631024096385494
302,-0.004593373493975816
303,0.01758283132530125
304,0.005873493975903532
305,-0.009111445783132555
306,0.0010542168674698704
307,-0.00033885542168676785
308,0.0025602409638554313
309,0.006212349397590411
310,0.0005647590361446131
311,-0.015512048192771022
312,0.0013177710843373935
313,-0.01784638554216872
314,0.014457831325301207
315,-0.012575301204819311
316,-0.004367469879518027
317,0.018749999999999933
318,0.019954819277108404
319,0.007191265060240926
320,-0.010391566265060215
321,0.02247740963855427
322,0.009713855421686679
323,0.004141566265060237
324,0.001506024096385561
325,-0.01554969879518081
326,-0.0038780120481927693
327,-0.0007530120481927804
328,-0.002899096385542088
329,0.0021837349397590966
330,-0.0009789156626506812
331,0.032831325301204806
332,0.005082831325301185
333,-7.530120481930025e-05
334,0.0127259036144578
335,0.005384036144578275
336,0.005798192771084398
337,0.0092620481927711
338,-0.004593373493975816
339,-0.0036144578313252462
340,0.0190888554216867
341,0.019314759036144546
342,-0.007454819277108393
343,0.006212349397590411
344,-0.004631024096385605
345,0.008471385542168641
346,0.013290662650602414
347,-0.01366716867469886
348,0.00440512048192776
349,-0.003426204819277079
350,0.0024472891566265087
351,0.0004518072289156905
352,-0.011106927710843373
353,0.012123493975903621
354,-0.007003012048192758
355,0.008396084337349508
356,-0.008885542168674654
357,0.026204819277108382
358,-0.003200301204819289
359,-0.00045180722891557945
360,0.017093373493975883
361,0.020519578313253017
362,-0.010316265060241026
363,0.0072289156626506035
364,-0.008320783132530096
365,0.015512048192771077
366,0.007643072289156616
367,0.004781626506023984
368,-0.008546686746987886
369,-0.005685240963855476
370,-0.008170180722891607
371,0.007417168674698771
372,0.0
373,-0.010617469879518115
374,-0.0026731927710844094
375,0.0045557228915662495
376,0.0018448795180722177
377,-0.009299698795180722
378,0.009036144578313254
379,-0.009751506024096412
380,-0.0014683734939759385
381,-0.01159638554216863
382,0.006890060240963836
383,-0.030760542168674743
384,-0.020067771084337438
385,0.019352409638554224
386,0.0039909638554216365
387,-0.0073795180722891485
388,-0.013629518072289182
389,0.012951807228915646
390,-0.008283132530120474
391,0.005233433734939674
392,0.010240963855421614
393,0.02940512048192767
394,-0.024736445783132444
395,-0.01682981927710847
396,0.017959337349397475
397,0.0016189759036144835
398,0.012349397590361466
399,0.0027861445783132766
400,0.0034638554216868123
401,0.013403614457831337
402,0.009939759036144524
403,-0.003426204819277079
404,0.003878012048192825
405,0.0060240963855421326
406,0.012838855421686723
407,0.010052710843373558
408,0.006739457831325346
409,-0.0045557228915662495
410,-0.003426204819277079
411,0.00666415662650599
412,0.004329819277108404
413,-0.003124999999999878
414,0.00530873493975903
415,0.00820783132530123
416,-0.02940512048192767
417,0.009375000000000022
418,-0.005948795180722943
419,0.014533132530120452
420,0.003237951807228967
421,-0.002710843373493921
422,-0.025376506024096412
423,0.0048569277108434505
424,-0.008584337349397564
425,-0.0036521084337349796
426,0.007454819277108449
427,0.0013177710843373935
428,-0.01957831325301207
429,-0.006965361445783136
430,0.0037650602409639022
431,-0.003539156626506057
432,-0.001054216867469926
433,-0.005572289156626553
434,-0.0002635542168674121
435,-0.01554969879518081
436,0.010956325301204828
437,0.013968373493975839
438,0.01848644578313252
439,0.0012801204819277157
440,-0.010918674698795205
441,-0.01942771084337347
442,0.027484939759036098
443,3.765060240956686e-05
444,-0.025640060240963825
445,0.01773343373493974
446,0.00986445783132528
447,0.007304216867469959
448,0.009186746987951855
449,0.0031626506024097223
450,-0.010805722891566283
451,0.0033132530120481007
452,-0.004593373493975927
453,-0.008734939759036164
454,0.018335843373494032
455,-0.0027861445783132766
456,0.017093373493975883
457,0.002296686746987908
458,0.02428463855421692
459,-0.008433734939759074
460,-0.024698795180722877
461,0.001769578313253084
462,0.013742469879518104
463,-0.010165662650602425
464,0.007341867469879526
465,0.021121987951807197
466,-0.00493222891566264
467,0.005195783132530107
468,0.004593373493975816
469,0.014118975903614439
470,0.0018072289156626509
471,-0.0015813253012047501
472,-0.007266566265060226
473,-0.002108433734939741
474,0.009902108433734957
475,0.004066265060240992
476,-0.00045180722891557945
477,0.003576807228915624
478,-0.006249999999999978
479,0.012462349397590278
480,0.007831325301204783
481,0.015549698795180755
482,0.0039909638554216365
483,-0.009111445783132555
484,-0.002484939759036131
485,0.010240963855421725
486,-0.014118975903614439
487,0.0007153614457832136
488,0.010504518072289137
489,0.006287650602409656
490,0.0019578313253012514
491,-0.01227409638554211
492,-0.018637048192771066
493,-0.0013930722891566383
494,-0.017281626506024106
495,0.01637801204819278
496,-0.023757530120481984
497,-0.006777108433734913
498,0.0054593373493976305
499,-0.0030496987951806886
500,-0.01652861445783127
501,-0.009036144578313254
502,0.005346385542168708
503,0.0009412650602409478
504,0.00030120481927709
505,-0.011182228915662562
506,0.01031626506024097
507,-0.01351656626506026
508,-0.011219879518072351
509,-0.016679216867469926
510,-0.02006777108433727
511,-0.009826807228915602
512,-0.0038403614457830915
513,-0.009525602409638512
514,0.0013554216867469604
515,-0.005271084337349408
516,0.00756777108433726
517,-0.012537650602409689
518,-0.01698042168674696
519,0.008471385542168641
520,-0.019992469879518027
521,0.009337349397590455
522,0.0009412650602409478
523,-0.01690512048192766
524,-0.006174698795180733
525,-0.009600903614457812
526,0.008998493975903687
527,0.00862198795180713
528,0.0028237951807228434
529,-0.009111445783132444
530,-0.0027484939759035987
531,0.021310240963855365
532,-0.008885542168674654
533,0.000903614457831381
534,0.03034638554216862
535,-0.009600903614457812
536,0.017356927710843406
537,0.004668674698795172
538,-0.01197289156626502
539,-0.011408132530120463
540,-0.013554216867469882
541,-0.005120481927710807
542,0.007643072289156727
543,-0.005835843373493965
544,0.0021837349397589856
545,-0.0003765060240963902
546,-0.004442771084337327
547,-0.007643072289156616
548,-0.004856927710843395
549,-0.005986445783132566
550,-0.015813253012048167
551,0.00850903614457832
552,0.01426957831325304
553,0.030082831325301207
554,-0.023757530120481873
555,-0.0033132530120482673
556,-0.01690512048192766
557,0.0092620481927711
558,-0.010429216867469837
559,-0.010466867469879515
560,0.0018072289156626509
561,0.0066265060240963125
562,0.0054593373493976305
563,0.018712349397590367
564,-0.0007906626506024028
565,-0.0018448795180723288
566,-0.007680722891566294
567,-0.002597891566265109
568,0.002296686746987908
569,0.025715361445783014
570,-0.0037650602409638467
571,-0.0016942771084337283
572,-0.02025602409638555
573,0.0008283132530120252
574,0.00591114457831321
575,-0.0047063253012047945
576,0.011144578313252995
577,0.007341867469879526
578,-0.0034638554216867012
579,0.005421686746987953
580,0.009939759036144635
581,-0.0021460843373493077
582,-0.006400602409638578
583,0.007756024096385539
584,0.02394578313253004
585,-0.0023343373493975306
586,0.004329819277108404
587,-0.020670180722891618
588,-0.005233433734939785
589,-0.0036521084337349796
590,0.00440512048192776
591,-0.030233433734939752
592,0.0157756024096386
593,0.005384036144578275
594,-0.009902108433735013
595,0.014984939759036142
596,0.0051581325301205405
597,-0.022816265060240926
598,0.007266566265060281
599,0.007304216867469959
600,0.0016942771084337283
601,0.009073795180722821
602,-0.0013554216867469604
603,0.0016942771084337283
604,0.005911144578313321
605,-0.007454819277108393
606,0.016603915662650515
607,0.008132530120481873
608,0.006137048192771166
609,-0.003802710843373469
610,0.008170180722891551
611,-0.0016942771084337283
612,0.003012048192771122
613,0.0005647590361446131
614,0.01848644578313252
615,-0.0007906626506024028
616,-0.002635542168674676
617,0.017507530120481896
618,-0.006814759036144646
619,-0.01897590361445789
620,-0.007304216867469904
621,-0.01502259036144582
622,0.007605421686746938
623,0.023757530120481873
624,-0.004668674698795228
625,-0.016265060240963858
626,0.007756024096385539
627,0.008094879518072307
628,-0.011634036144578364
629,-0.007718373493975916
630,-0.001054216867469926
631,0.00022590361445784524
632,0.004179216867469804
633,0.007115963855421681
634,0.004781626506023984
635,-0.0009412650602409478
636,-0.0024096385542168863
637,-0.011784638554216909
638,0.0021460843373494187
639,-0.0006777108433735357
640,-0.0028614457831325213
641,-0.009939759036144635
642,-0.0050075301204819955
643,-0.011182228915662673
644,0.002108433734939741
645,-0.011558734939758952
646,-0.01329066265060247
647,-0.010429216867469893
648,-0.0034638554216867012
649,0.003200301204819289
650,-0.008019578313253062
651,0.009111445783132499
652,-0.004103915662650615
653,-0.002221385542168719
654,0.011257530120481918
655,0.004969879518072262
656,-0.01302710843373489
657,-0.022439759036144535
658,0.008019578313253062
659,-0.005082831325301185
660,-0.01667921686746987
661,0.026054216867469893
662,-0.008358433734939663
663,0.0021460843373494187
664,0.00865963855421692
665,0.0007153614457832136
666,0.012951807228915646
667,-0.014307228915662662
668,-0.022176204819277123
669,0.008245481927710907
670,0.017658132530120496
671,0.003802710843373469
672,-0.013591867469879504
673,0.0011295180722891152
674,-0.008509036144578375
675,-0.005045180722891618
676,0.020896084337349352
677,0.011859939759036098
678,-0.03456325301204827
679,0.011257530120481918
680,0.0016942771084337283
681,0.011106927710843428
682,-0.019992469879518027
683,-0.009939759036144635
684,-0.001016566265060248
685,-0.0036521084337348686
686,-0.023832831325301285
687,0.02153614457831332
688,-0.014683734939759052
689,-0.0008659638554216476
690,-0.004668674698795228
691,-0.0004894578313252573
692,0.007191265060240926
693,-0.011106927710843373
694,0.01716867469879524
695,0.019691265060240992
696,0.006513554216867501
697,0.009977409638554202
698,0.0030873493975902555
699,-0.0077936746987951055
700,0.0033509036144578896
701,-0.0157003012048193
702,-0.01325301204819268
703,-0.019841867469879537
704,-0.008998493975903632
705,0.0027484939759037097
706,-0.003802710843373469
707,-0.014382530120481962
708,-0.010240963855421725
709,-0.015436746987951833
710,0.015587349397590433
711,0.004668674698795172
712,0.003915662650602392
713,0.004367469879518082
714,0.002899096385542088
715,0.003275602409638534
716,0.01487198795180722
717,0.007115963855421681
718,-0.003802710843373469
719,-0.016415662650602403
720,-0.006212349397590355
721,0.0009412650602409478
722,3.765060240956686e-05
723,0.009676204819277112
724,0.0021460843373494187
725,0.008584337349397453
726,-0.00011295180722897813
727,-0.016490963855421648
728,-0.0069277108433735135
729,-0.005233433734939785
730,-0.0036521084337349796
731,-0.002259036144578286
732,-0.0050075301204818845
733,-0.002334337349397586
734,0.031927710843373425
735,-0.002221385542168719
736,-0.011897590361445831
737,-0.005835843373493965
738,-0.0033509036144578896
739,0.013102409638554247
740,0.003200301204819289
741,-0.009375000000000022
742,0.022816265060240926
743,0.002899096385542088
744,0.007454819277108449
745,0.009902108433734957
746,-0.015436746987951833
747,-0.001204819277108471
748,-0.013591867469879504
749,-0.012914156626506024
750,0.010015060240963769
751,0.013855421686747027
752,-0.008584337349397508
753,0.011445783132530196
754,-0.020707831325301185
755,-0.001920180722891518
756,-0.005647590361445798
757,-0.0036521084337349796
758,0.0075301204819276935
759,-0.0017695783132530285
760,-0.0037650602409638467
761,-0.0075301204819276935
762,-0.007454819277108393
763,-0.004631024096385605
764,0.01227409638554211
765,0.011031626506024073
766,0.010692771084337416
767,-0.0021460843373493077
768,0.0033509036144578896
769,0.016039156626506013
770,0.007756024096385539
771,0.00011295180722903364
772,0.0010165662650601925
773,-0.009977409638554202
774,-0.006061746987951755
775,-0.01539909638554221
776,0.005873493975903532
777,-0.0031626506024096668
778,0.003576807228915624
779,-0.01739457831325303
780,-0.004254518072289215
781,0.00440512048192776
782,0.0010165662650603036
783,-0.0021460843373494187
784,0.017808734939758986
785,-0.026807228915662562
786,-0.001016566265060248
787,-0.008094879518072307
788,0.008471385542168641
789,0.00801957831325295
790,-0.0015813253012048611
791,-0.0018072289156627064
792,-0.011521084337349385
793,0.0036521084337349796
794,0.016415662650602347
795,-0.001920180722891518
796,-0.003087349397590311
797,0.005045180722891618
798,-0.016490963855421648
799,0.002108433734939741
800,-0.006777108433734913
801,-0.011972891566265131
802,-0.009939759036144635
803,0.008621987951807242
804,-0.001506024096385561
805,-0.01234939759036141
806,-0.002334337349397586
807,0.006475903614457823
808,-0.013140060240963813
809,0.023305722891566294
810,0.017808734939758986
811,-0.006927710843373458
812,-7.530120481930025e-05
813,-0.012161144578313243
814,0.011596385542168575
815,-0.01622740963855418
816,-0.02025602409638555
817,0.011709337349397608
818,-0.0006777108433734802
819,-0.003501506024096379
820,-0.0033132530120482673
821,-0.01645331325301208
822,0.006287650602409545
823,-0.015436746987951833
824,-0.0014683734939759385
825,-0.01758283132530114
826,-0.01713102409638556
827,-0.028727409638554302
828,0.0069277108433734025
829,-0.0030873493975903665
830,0.007341867469879526
831,-0.007266566265060337
832,-0.002296686746987908
833,-0.011144578313252995
834,-0.0016942771084337283
835,0.0025225903614457534
836,0.013478915662650581
837,0.007831325301204783
838,0.007417168674698771
839,0.017356927710843295
840,0.0022590361445783413
841,-0.0005647590361445576
842,0.0092620481927711
843,-0.0024096385542168863
844,0.02082078313253022
845,-0.004856927710843395
846,-0.0026731927710842984
847,0.0013554216867469604
848,0.0011295180722891152
849,0.01362951807228907
850,-0.005120481927710807
851,0.007341867469879526
852,-0.0026731927710842984
853,-0.012462349397590333
854,-0.005647590361445798
855,-0.007906626506024084
856,0.012123493975903621
857,0.004932228915662584
858,-0.010956325301204772
859,0.0034262048192770234
860,0.014156626506024117
861,-0.011859939759036153
862,0.015060240963855387
863,0.016189759036144613
864,0.006777108433734913
865,-0.006287650602409656
866,0.0006400602409637468
867,-3.765060240962237e-05
868,0.00030120481927709
869,-0.005233433734939785
870,0.0016566265060241614
871,-0.004480421686746949
872,0.001204819277108471
873,-0.013554216867469882
874,-0.010881024096385583
875,0.010881024096385583
876,0.01426957831325304
877,-0.010579819277108382
878,-0.007454819277108504
879,0.014721385542168619
880,-0.007341867469879526
881,-0.01494728915662652
882,-0.0013554216867469604
883,0.012537650602409744
884,-0.002522590361445809
885,0.017507530120481896
886,0.009299698795180777
887,0.008998493975903687
888,0.013328313253012092
889,-0.011370481927710785
890,-0.007567771084337316
891,0.019917168674698837
892,-0.004254518072289215
893,0.016302710843373425
894,-0.012010542168674754
895,-0.004894578313253017
896,-0.006588855421686746
897,-0.006287650602409656
898,0.006249999999999978
899,0.00060240963855418
900,-0.009412650602409645
901,0.0007530120481927804
902,-0.024435240963855354
903,0.011859939759036098
904,0.007981927710843273
905,0.015436746987951833
906,-0.03034638554216862
907,-0.006099397590361377
908,0.0183734939759036
909,-0.010165662650602425
910,0.013478915662650581
911,-0.01494728915662652
912,0.0003765060240963347
913,0.014194277108433795
914,-0.017884036144578286
915,-0.018411144578313277
916,0.009789156626506035
917,0.0039909638554216365
918,0.012236445783132543
919,-0.014533132530120452
920,-0.0033885542168674565
921,-0.002183734939759041
922,0.003915662650602392
923,-0.005082831325301185
924,0.008396084337349508
925,0.0045557228915663606
926,0.0016942771084337283
927,0.006212349397590411
928,-0.0031250000000000444
929,-0.0001506024096386005
930,0.0021460843373493077
931,0.019013554216867457
932,0.002899096385542199
933,-0.005873493975903588
934,0.009299698795180777
935,-0.008396084337349397
936,-0.0015436746987951278
937,0.0
938,0.01076807228915666
939,0.011295180722891596
940,0.00440512048192776
941,0.020896084337349352
942,-0.0010918674698795483
943,-0.0026731927710842984
944,0.001807228915662762
945,0.0036144578313253017
946,-0.012010542168674754
947,0.013102409638554247
948,0.005798192771084398
949,-0.003840361445783147
950,-0.0047063253012047945
951,0.0036144578313253017
952,-0.006362951807228845
953,-0.004781626506024095
954,0.003576807228915624
955,0.016566265060240948
956,-0.0073795180722891485
957,-0.009939759036144635
958,-0.0158509036144579
959,0.018787650602409722
960,0.006777108433734913
961,-0.010617469879518004
962,0.008283132530120474
963,-0.006588855421686746
964,-0.0012801204819276601
965,0.016566265060240948
966,0.013516566265060148
967,0.00850903614457832
968,-0.013140060240963869
969,-0.01622740963855418
970,-0.016792168674698738
971,-0.002635542168674676
972,-0.012951807228915702
973,0.011558734939759008
974,-0.021649096385542188
975,-0.004781626506024095
976,0.008245481927710907
977,0.018185240963855542
978,0.0004894578313253684
979,-0.00432981927710846
980,-0.01001506024096388
981,0.00470632530120485
982,0.009186746987951855
983,-0.01539909638554221
984,0.004329819277108404
985,0.0022213855421686635
986,0.00470632530120485
987,0.00971385542168679
988,0.00801957831325295
989,-0.0014683734939758275
990,0.0010165662650603036
991,-0.008320783132530096
992,-0.002635542168674676
993,0.003275602409638645
994,-0.002522590361445809
995,-0.009487951807228945
996,-0.0027108433734939763
997,-0.008584337349397564
998,-0.012951807228915702
999,-0.00553463855421682
1000,-0.007981927710843384
1001,0.0013930722891565273
1002,-0.021121987951807197
1003,-0.006250000000000033
1004,-0.017018072289156583
1005,0.009939759036144635
1006,0.01487198795180722
1007,0.017695783132530174
1008,0.002070783132530174
1009,0.02138554216867472
1010,-0.024774096385542232
1011,-0.009374999999999967
1012,0.009902108433734957
1013,-0.009073795180722932
1014,-0.025865963855421725
1015,0.00820783132530123
1016,-0.0017695783132529175
1017,-0.007003012048192758
1018,0.011784638554216853
1019,-0.002899096385542199
1020,0.027974397590361466
1021,0.016302710843373425
1022,-0.004141566265060237
1023,-0.005835843373493965
1024,0.0
1025,0.017432228915662762
1026,-0.017658132530120496
1027,-0.00395331325301207
1028,0.006588855421686746
1029,0.0016189759036144835
1030,0.004743975903614417
1031,0.0063629518072289
1032,0.024811746987951855
1033,0.004593373493975927
1034,-0.020896084337349408
1035,0.0027861445783131655
1036,0.0036897590361446575
1037,-0.012688253012048123
1038,0.007266566265060281
1039,0.0092620481927711
1040,-0.0036521084337349796
1041,-0.002259036144578286
1042,-0.0033132530120482673
1043,-0.0008659638554217586
1044,-0.0123117469879519
1045,-0.0059111445783132655
1046,0.02484939759036142
1047,0.014307228915662606
1048,-0.008998493975903576
1049,0.009676204819277112
1050,-0.007115963855421625
1051,-0.002108433734939741
1052,0.0034262048192771344
1053,-0.01554969879518081
1054,0.0007153614457831026
1055,-0.006739457831325346
1056,-3.765060240962237e-05
1057,-0.007417168674698826
1058,-0.004781626506024039
1059,-0.0032003012048193447
1060,0.007379518072289093
1061,0.010617469879517949
1062,-0.0023719879518073195
1063,-0.011822289156626531
1064,-0.007868975903614517
1065,0.004894578313253017
1066,-0.021573795180722888
1067,-0.010768072289156605
1068,0.004894578313253017
1069,0.010429216867469893
1070,0.001468373493975883
1071,0.015625
1072,0.004969879518072262
1073,-0.008245481927710852
1074,-0.000903614457831381
1075,-0.016490963855421648
1076,-0.008132530120481873
1077,0.022929216867469848
1078,-0.002899096385542199
1079,0.0028237951807228434
1080,-0.0044051204819277046
1081,-0.0017319277108433506
1082,0.00865963855421692
1083,-0.0038027108433735246
1084,-0.0024472891566265087
1085,0.02202560240963858
1086,-0.008019578313253006
1087,0.01302710843373489
1088,-0.019013554216867457
1089,-0.0014307228915663162
1090,-0.0021460843373494187
1091,0.0004141566265060126
1092,0.021611445783132566
1093,-0.0005271084337349907
1094,0.013591867469879504
1095,-0.011935240963855342
1096,-0.008358433734939663
1097,0.0024849397590360756
1098,-0.0011295180722891707
1099,0.005722891566265043
1100,0.019465361445783147
1101,0.005120481927710863
1102,-0.009789156626506035
1103,-0.01302710843373489
1104,0.003576807228915624
1105,-0.0030873493975903665
1106,0.0018825301204818956
1107,0.02349397590361446
1108,-0.0036144578313253573
1109,-0.012763554216867479
1110,-0.006965361445783136
1111,0.0010542168674698704
1112,-0.002635542168674676
1113,0.00790662650602414
1114,-0.009525602409638512
1115,-0.012499999999999956
1116,-0.008923192771084332
1117,0.0051581325301205405
1118,0.012010542168674698
1119,-0.006475903614457823
1120,-0.0007153614457831581
1121,0.036031626506024095
1122,-0.016942771084337338
1123,0.0012801204819277157
1124,-0.013554216867469882
1125,-0.002710843373493921
1126,-0.01234939759036141
1127,-0.0022966867469880192
1128,-0.011332831325301163
1129,0.018034638554216942
1130,0.005271084337349352
1131,-0.009525602409638512
1132,-0.009826807228915602
1133,-0.007643072289156672
1134,0.02014307228915657
1135,-0.016566265060240948
1136,-0.0013930722891565828
1137,0.01242469879518071
1138,0.002899096385542088
1139,-0.0015436746987951278
1140,0.00425451807228916
1141,-0.004066265060241048
1142,0.006814759036144591
1143,-0.01675451807228917
1144,0.0021460843373494187
1145,-0.0013930722891566383
1146,-0.003237951807228856
1147,0.007868975903614461
1148,-0.004668674698795228
1149,-0.006814759036144535
1150,0.002070783132530174
1151,-0.009186746987951855
1152,-0.004593373493975983
1153,-0.007078313253012114
1154,-0.010542168674698815
1155,-0.011972891566265131
1156,-0.0035768072289156794
1157,-0.021084337349397575
1158,-0.011257530120481973
1159,0.005948795180722777
1160,-0.008245481927710796
1161,0.00820783132530123
1162,0.007266566265060281
1163,0.016039156626506013
1164,0.0027484939759037097
1165,-0.006588855421686746
1166,0.022628012048192758
1167,-0.008772590361445787
1168,0.0033132530120482118
1169,-0.005045180722891618
1170,-0.0030873493975903665
1171,-0.00033885542168676785
1172,0.0022213855421686635
1173,0.008471385542168641
1174,0.005835843373493965
1175,-0.0010918674698795483
1176,0.006099397590361488
1177,0.010353915662650648
1178,-0.019314759036144546
1179,-0.008433734939759074
1180,0.01366716867469886
1181,-0.01645331325301197
1182,0.0016566265060241614
1183,-0.006212349397590355
1184,-0.003802710843373469
1185,-0.007266566265060337
1186,0.019804216867469804
1187,-0.002635542168674676
1188,0.001807228915662762
1189,0.029254518072289182
1190,0.003878012048192714
1191,-0.008245481927710852
1192,-0.006325301204819278
1193,-0.009525602409638512
1194,-0.006739457831325346
1195,0.010090361445783125
1196,0.01848644578313252
1197,0.012575301204819311
1198,0.016453313253012025
1199,0.001807228915662762
1200,-0.021536144578313265
1201,-0.01547439759036151
1202,-0.004367469879518138
1203,-0.008810240963855354
1204,0.008885542168674654
1205,0.0006400602409637468
1206,-0.004480421686747005
1207,-0.01987951807228916
1208,0.0033509036144578896
1209,0.009939759036144524
1210,-0.004480421686747005
1211,0.006777108433734913
1212,-0.008433734939759074
1213,0.008132530120481873
1214,-0.01814759036144581
1215,-0.00011295180722892262
1216,-0.024924698795180722
1217,-0.0009412650602409478
1218,0.026882530120481918
1219,0.004480421686747005
1220,0.00805722891566274
1221,0.0048569277108434505
1222,0.018862951807228856
1223,-0.01874999999999999
1224,0.00470632530120485
1225,-0.0021460843373493077
1226,-0.014683734939759052
1227,-0.012838855421686723
1228,0.015587349397590322
1229,0.006588855421686746
1230,-0.01532379518072291
1231,0.003012048192771122
1232,-0.01039156626506027
1233,0.010993975903614395
1234,-0.0051581325301204295
1235,-0.004442771084337438
1236,-0.0011671686746987375
1237,0.001769578313253084
1238,0.009638554216867434
1239,-0.003501506024096379
1240,0.027221385542168686
1241,0.002033132530120496
1242,0.014683734939759052
1243,0.002108433734939852
1244,0.00045180722891557945
1245,0.0030873493975903665
1246,-0.013328313253012092
1247,-0.010542168674698815
1248,0.011182228915662673
1249,0.0016942771084337283
1250,0.017093373493975883
1251,0.001204819277108471
1252,0.017507530120481896
1253,-0.010617469879518115
1254,-0.009751506024096412
1255,0.0007906626506023473
1256,0.003200301204819289
1257,0.004442771084337438
1258,-0.0036897590361446575
1259,-0.01995481927710846
1260,0.01607680722891569
1261,0.007718373493975861
1262,-0.004555722891566305
1263,0.01882530120481929
1264,-0.009036144578313254
1265,-0.010881024096385583
1266,-0.006626506024096368
1267,0.005798192771084398
1268,-0.005120481927710807
1269,0.0022213855421686635
1270,0.01867469879518069
1271,0.011634036144578364
1272,-0.005045180722891618
1273,0.015662650602409567
1274,-0.005421686746987897
1275,-0.008659638554216864
1276,0.013554216867469826
1277,-0.020218373493975927
1278,0.011332831325301163
1279,0.013102409638554247
1280,0.0028237951807228434
1281,0.01532379518072291
1282,-0.009375000000000022
1283,-0.005421686746988008
1284,-0.009073795180722877
1285,0.02168674698795181
1286,0.0005647590361446131
1287,0.003275602409638534
1288,-0.0016566265060240504
1289,0.0014307228915662051
1290,-0.004781626506024095
1291,-0.016415662650602403
1292,0.0015436746987951278
1293,-0.0010918674698795483
1294,0.017319277108433728
1295,0.017921686746987908
1296,0.01442018072289164
1297,-0.0069277108433735135
1298,-0.008659638554216864
1299,-0.004781626506024039
1300,0.010429216867469782
1301,-0.0014307228915663162
1302,-0.005271084337349408
1303,-0.010052710843373502
1304,0.00835843373493983
1305,0.014307228915662606
1306,0.0019578313253012514
1307,-0.003426204819277079
1308,-3.765060240962237e-05
1309,0.012838855421686723
1310,-0.011521084337349385
1311,0.0072289156626504925
1312,-0.008621987951807242
1313,-0.0010542168674698704
1314,-0.005459337349397575
1315,0.0001506024096386005
1316,-0.0075301204819276935
1317,-0.013253012048192847
1318,-0.01204819277108432
1319,0.0021837349397589856
1320,-0.0013930722891566383
1321,0.006400602409638578
1322,0.0016942771084337283
1323,0.007605421686746938
1324,0.009299698795180777
1325,-0.009826807228915602
1326,0.004932228915662584
1327,-0.008546686746987942
1328,0.017996987951807264
1329,0.024510542168674654
1330,0.006739457831325346
1331,-0.017319277108433728
1332,0.006475903614457712
1333,0.002334337349397475
1334,-0.005798192771084398
1335,0.0017319277108432951
1336,0.00470632530120485
1337,0.0022213855421686635
1338,0.0054593373493976305
1339,-0.017168674698795128
1340,-0.0016942771084337283
1341,-0.008057228915662684
1342,-0.0126506024096385
1343,0.006137048192771055
1344,0.00500753012048194
1345,-0.008471385542168697
1346,0.003275602409638534
1347,0.009939759036144524
1348,-0.002221385542168719
1349,0.012801204819277157
1350,0.002334337349397586
1351,-0.021837349397590355
1352,-0.009450301204819267
1353,0.0027484939759035987
1354,0.00790662650602414
1355,0.01396837349397595
1356,-0.008546686746987942
1357,-0.006362951807228956
1358,0.011634036144578253
1359,-0.005421686746988008
1360,-0.008659638554216864
1361,-0.002899096385542088
1362,-0.0010918674698795483
1363,0.018900602409638534
1364,0.0057605421686747205
1365,-0.0002635542168674676
1366,0.005384036144578275
1367,0.012274096385542221
1368,-0.021272590361445798
1369,0.007756024096385539
1370,0.006701807228915779
1371,0.007341867469879526
1372,0.018034638554216942
1373,-0.008433734939758963
1374,-0.007304216867469904
1375,0.016754518072289115
1376,-0.011521084337349385
1377,0.00835843373493983
1378,-0.008810240963855465
1379,0.008697289156626598
1380,0.013742469879518104
1381,0.011972891566265131
1382,-0.0014683734939759385
1383,0.021573795180723
1384,-0.007341867469879526
1385,0.000903614457831381
1386,-0.005685240963855365
1387,0.0008659638554217031
1388,-0.009450301204819267
1389,-0.023644578313253006
1390,0.004028614457831314
1391,0.009224397590361422
1392,-0.013102409638554191
1393,-0.01329066265060247
1394,-0.005835843373493965
1395,-0.020745481927710807
1396,-0.013365963855421714
1397,-0.0073795180722891485
1398,-0.0013554216867469604
1399,0.00410391566265067
1400,0.0010918674698795483
1401,-0.004179216867469915
1402,-0.018637048192771066
1403,-0.01242469879518071
1404,0.013478915662650692
1405,-0.0033132530120481563
1406,-0.000903614457831381
1407,0.02439759036144573
1408,-0.018222891566264998
1409,0.012311746987951788
1410,-0.0284262048192771
1411,-0.022515060240963947
1412,-0.0033132530120482673
1413,-0.012876506024096401
1414,-0.0024096385542168863
1415,0.021912650602409656
1416,-0.013817771084337294
1417,0.013365963855421659
1418,-0.010316265060241026
1419,-0.004442771084337438
1420,-0.022515060240963836
1421,-0.011521084337349385
1422,-0.007831325301204894
1423,0.02183734939759041
1424,-0.002597891566264998
1425,-0.015436746987951833
1426,0.012650602409638556
1427,-0.01234939759036141
1428,-0.013855421686747083
1429,-0.004668674698795228
1430,0.0015436746987951278
1431,0.0028237951807228434
1432,-0.012838855421686723
1433,-0.005195783132530163
1434,0.011822289156626531
1435,-0.009073795180722932
1436,0.014344879518072284
1437,0.009299698795180777
1438,-0.007341867469879526
1439,0.009224397590361422
1440,-0.01389307228915665
1441,0.00666415662650599
1442,0.007040662650602436
1443,0.005045180722891618
1444,-0.004856927710843395
1445,-0.009224397590361422
1446,0.0037274096385542244
1447,-0.023531626506024084
1448,0.005609939759036231
1449,-0.002899096385542199
1450,0.0013554216867469604
1451,-0.005158132530120485
1452,0.0017319277108432951
1453,0.004179216867469804
1454,-0.006965361445783136
1455,0.006739457831325346
1456,0.0010165662650603036
1457,0.02564006024096377
1458,-0.006965361445783136
1459,-0.021084337349397575
1460,0.007379518072289093
1461,-0.009224397590361422
1462,-0.009600903614457812
1463,-0.027259036144578364
1464,-0.007567771084337427
1465,0.010240963855421725
1466,0.0060617469879518104
1467,0.0030873493975903665
1468,0.004819277108433773
1469,0.012236445783132543
1470,-0.01701807228915664
1471,0.0013930722891566383
1472,-0.007003012048192758
1473,0.004480421686747005
1474,-0.005572289156626498
1475,3.765060240967788e-05
1476,-0.010203313253011992
1477,0.00060240963855418
1478,-0.017469879518072218
1479,-0.01698042168674696
1480,0.0003765060240963347
1481,-0.0036521084337349796
1482,0.004781626506024095
1483,0.026167168674698815
1484,0.015022590361445709
1485,-0.013704819277108482
1486,0.0012801204819277157
1487,0.004066265060240992
1488,0.014231927710843362
1489,-0.011408132530120463
1490,0.01671686746987955
1491,0.023305722891566294
1492,0.0013930722891565273
1493,0.010391566265060215
1494,0.01076807228915655
1495,0.0005271084337349352
1496,0.00756777108433726
1497,0.0018825301204818956
1498,-0.010579819277108493
1499,0.00120481927710836
1500,-0.010956325301204883
1501,-0.024246987951807242
1502,0.017055722891566205
1503,-0.008659638554216864
1504,-0.003689759036144491
1505,-0.022740963855421736
1506,0.004367469879518082
1507,0.007153614457831359
1508,-0.006287650602409656
1509,-0.009487951807228834
1510,0.014344879518072284
1511,-0.002296686746987908
1512,-0.006212349397590355
1513,-0.019465361445783147
1514,-0.024209337349397564
1515,-0.0006777108433734802
1516,0.0033509036144578896
1517,0.004329819277108404
1518,-0.011709337349397664
1519,-0.01144578313253014
1520,0.012612951807228878
1521,-0.012010542168674754
1522,0.010203313253012047
1523,0.02349397590361446
1524,0.0
1525,0.00022590361445784524
1526,0.011784638554216853
1527,0.012688253012048234
1528,0.005685240963855365
1529,-0.011935240963855454
1530,-0.019917168674698837
1531,-0.0053087349397589745
1532,0.0016566265060241614
1533,-0.019691265060240937
1534,0.02259036144578308
1535,-7.530120481930025e-05
1536,-0.0016942771084337283
1537,0.009939759036144635
1538,0.015813253012048167
1539,-0.005873493975903588
1540,0.007868975903614461
1541,0.026920180722891596
1542,0.008094879518072307
1543,0.007605421686746938
1544,0.008094879518072307
1545,-0.023456325301204783
1546,0.01773343373493974
1547,0.024058734939759074
1548,-0.017432228915662706
1549,0.00425451807228916
1550,-0.00060240963855418
1551,-0.008621987951807242
1552,0.0
1553,-0.007153614457831303
1554,0.002936746987951766
1555,0.006099397590361488
1556,0.014156626506024117
1557,-0.0005647590361445576
1558,-0.021950301204819278
1559,-0.0073795180722891485
1560,-0.0034638554216867012
1561,-0.005346385542168708
1562,-0.007417168674698715
1563,0.013478915662650581
1564,-0.014759036144578352
1565,0.003878012048192714
1566,0.003200301204819289
1567,0.013064759036144569
1568,-0.021385542168674776
1569,0.008697289156626486
1570,-0.010203313253012103
1571,-0.0029743975903614994
1572,-0.0075301204819276935
1573,-0.012010542168674754
1574,-0.021385542168674776
1575,0.015097891566265065
1576,-0.010918674698795261
1577,0.011784638554216853
1578,0.011784638554216853
1579,0.0007153614457832136
1580,-0.004518072289156627
1581,0.005421686746987953
1582,-0.01705572289156626
1583,-0.011483433734939763
1584,-0.011182228915662562
1585,-0.0021837349397590966
1586,-0.010805722891566172
1587,0.000903614457831381
1588,-0.0038403614457830915
1589,-0.0024096385542168863
1590,0.00425451807228916
1591,-0.007153614457831303
1592,-0.004668674698795117
1593,0.006588855421686746
1594,0.006174698795180733
1595,-0.005045180722891618
1596,0.004894578313252906
1597,-0.014834337349397597
1598,0.023418674698795217
1599,0.004103915662650559
1600,0.0004141566265060126
1601,0.0010918674698795483
1602,0.005722891566265043
1603,-0.01795933734939753
1604,0.018750000000000044
1605,-0.011106927710843373
1606,-0.007906626506024084
1607,0.014796686746987975
1608,0.003012048192771122
1609,-0.009036144578313254
1610,-0.0036897590361445465
1611,-0.0006777108433734802
1612,-0.016867469879517982
1613,0.019503012048192714
1614,0.005798192771084398
1615,0.0006400602409637468
1616,0.011897590361445776
1617,-0.006325301204819278
1618,-0.008810240963855465
1619,0.009337349397590344
1620,0.022213855421686746
1621,0.005346385542168708
1622,0.017808734939758986
1623,-0.013140060240963869
1624,0.010391566265060215
1625,-0.021009036144578386
1626,0.004518072289156572
1627,0.005007530120482051
1628,-0.010617469879518004
1629,-0.006061746987951755
1630,0.012123493975903621
1631,0.005233433734939785
1632,0.006739457831325346
1633,0.008621987951807242
1634,0.004254518072289271
1635,0.004405120481927649
1636,0.006137048192771166
1637,-0.011144578313252995
1638,0.02454819277108433
1639,0.003237951807228856
1640,-0.030459337349397597
1641,-0.017884036144578286
1642,-0.005082831325301185
1643,-0.006137048192771055
1644,0.00440512048192776
1645,-0.008734939759036053
1646,0.030233433734939807
1647,0.019314759036144546
1648,0.0005271084337349352
1649,-0.003840361445783147
1650,-0.013742469879518049
1651,0.007718373493975861
1652,-0.009412650602409645
1653,0.0016942771084337283
1654,0.002710843373493921
1655,0.00022590361445784524
1656,-0.005346385542168597
1657,-0.0016566265060241059
1658,0.00530873493975903
1659,0.0009789156626505147
1660,-0.004141566265060237
1661,0.0019201807228915735
1662,-0.010617469879518004
1663,0.01121987951807224
1664,0.006890060240963947
1665,0.012236445783132543
1666,0.005496987951807197
1667,-0.025000000000000022
1668,-0.018185240963855487
1669,0.0030873493975903665
1670,-0.005685240963855476
1671,0.0154743975903614
1672,0.010052710843373447
1673,-0.004480421686747005
1674,-0.0005271084337348797
1675,-0.010052710843373502
1676,-0.025677710843373447
1677,-0.01159638554216863
1678,-0.004819277108433717
1679,0.01351656626506026
1680,0.0016566265060240504
1681,-0.0006777108433735357
1682,-0.00033885542168671234
1683,-0.0006400602409638578
1684,-0.008697289156626486
1685,-0.002597891566265109
1686,0.010881024096385472
1687,0.004518072289156572
1688,-0.014382530120481962
1689,-0.01667921686746987
1690,0.0030873493975903665
1691,0.008772590361445731
1692,0.010316265060240859
1693,-0.008094879518072307
1694,-0.002936746987951877
1695,0.012387048192771144
1696,0.003915662650602392
1697,-0.009036144578313254
1698,-0.0012424698795181488
1699,-0.004480421686747005
1700,-0.002484939759036131
1701,0.006137048192771055
1702,-0.007793674698795217
1703,0.012989457831325324
1704,-0.013629518072289182
1705,-0.003275602409638645
1706,0.014307228915662606
1707,-0.017658132530120496
1708,-0.006438253012048145
1709,0.005045180722891618
1710,0.0028237951807228434
1711,0.014194277108433684
1712,0.002635542168674676
1713,-0.0047063253012047945
1714,0.019164156626506057
1715,-0.021347891566265098
1716,-0.009600903614457812
1717,0.003012048192771122
1718,0.004141566265060237
1719,-0.0001506024096386005
1720,0.003200301204819289
1721,-0.03237951807228917
1722,0.006475903614457712
1723,0.00060240963855418
1724,0.011483433734939763
1725,-0.024472891566265143
1726,0.02018072289156625
1727,-0.006099397590361488
1728,0.010429216867469893
1729,0.0013177710843373935
1730,-0.0021460843373493077
1731,-0.012198795180722921
1732,-0.005760542168674776
1733,-0.002560240963855487
1734,-0.0039909638554216365
1735,0.021272590361445798
1736,0.010579819277108382
1737,0.0036897590361445465
1738,0.00651355421686739
1739,0.004932228915662584
1740,-0.016641566265060193
1741,-0.010730421686746983
1742,-0.02360692771084333
1743,-0.002259036144578286
1744,0.0034638554216867012
1745,-0.008885542168674765
1746,0.0008659638554217031
1747,-0.012575301204819311
1748,-0.0011671686746987375
1749,0.002673192771084354
1750,0.0066265060240963125
1751,-0.00432981927710846
1752,0.007718373493975861
1753,-3.765060240962237e-05
1754,-0.013591867469879504
1755,0.0027861445783132766
1756,-0.006174698795180733
1757,0.00696536144578308
1758,-0.010730421686746983
1759,0.019314759036144546
1760,-0.0012801204819277712
1761,0.002371987951807264
1762,0.0157756024096386
1763,0.011031626506023962
1764,0.005082831325301185
1765,0.015248493975903665
1766,0.004743975903614417
1767,-0.003878012048192825
1768,-0.005572289156626387
1769,0.00030120481927709
1770,-0.0035768072289156794
1771,-0.01329066265060247
1772,-0.013328313253012092
1773,0.0017319277108432951
1774,-0.01777108433734942
1775,-0.005798192771084398
1776,-0.008019578313253006
1777,-0.0069277108433735135
1778,-0.0017319277108433506
1779,0.02439759036144573
1780,0.008471385542168641
1781,-0.0007530120481927804
1782,0.0048569277108434505
1783,-0.010881024096385583
1784,-0.003237951807228856
1785,0.012010542168674698
1786,0.01788403614457834
1787,0.009939759036144635
1788,-0.03151355421686741
1789,0.008433734939758963
1790,-0.006739457831325235
1791,0.0069277108433735135
1792,0.012989457831325324
1793,-0.009638554216867434
1794,-0.00011295180722897813
1795,0.0006400602409638578
1796,-0.016039156626506013
1797,0.004781626506023984
1798,-0.009224397590361422
1799,-0.015587349397590322
1800,-0.006814759036144535
1801,0.0016566265060240504
1802,0.009676204819277112
1803,-0.004856927710843395
1804,-0.016792168674698738
1805,0.018222891566264998
1806,0.013968373493975839
1807,-0.016415662650602403
1808,0.0025602409638554313
1809,0.011295180722891596
1810,-0.017319277108433728
1811,-0.01769578313253012
1812,0.014834337349397653
1813,-0.0157756024096386
1814,-0.008283132530120474
1815,-0.0024096385542168863
1816,0.0051581325301204295
1817,-0.01829819277108441
1818,0.007831325301204783
1819,0.0042921686746988374
1820,-0.014533132530120452
1821,0.013365963855421659
1822,-0.009186746987951855
1823,0.002371987951807264
1824,0.0013554216867470714
1825,-0.016415662650602403
1826,-0.010015060240963825
1827,0.015850903614457845
1828,-0.0182981927710843
1829,0.0004894578313252573
1830,0.010542168674698815
1831,0.002108433734939741
1832,-0.027710843373493943
1833,-0.01532379518072291
1834,0.006287650602409545
1835,-0.017921686746987908
1836,-0.007417168674698882
1837,0.0030873493975903665
1838,0.016603915662650626
1839,0.0018448795180722177
1840,-0.009036144578313254
1841,-0.020218373493975816
1842,-0.009939759036144524
1843,-0.006024096385542188
1844,0.006174698795180733
1845,-0.0008283132530119697
1846,-0.013704819277108482
1847,0.012085843373494054
1848,0.015700301204819245
1849,0.00022590361445784524
1850,-0.007153614457831303
1851,0.012951807228915646
1852,-0.013365963855421714
1853,-0.001957831325301196
1854,0.005572289156626442
1855,0.012085843373494054
1856,-0.009525602409638512
1857,0.010843373493976016
1858,0.012876506024096401
1859,-0.008358433734939774
1860,0.005534638554216764
1861,0.002936746987951877
1862,-0.025828313253011992
1863,0.0
1864,-0.008132530120481873
1865,-0.014344879518072229
1866,0.0007530120481927804
1867,-0.014570783132530074
1868,0.014344879518072284
1869,-0.004367469879518027
1870,-0.0069277108433735135
1871,-0.00120481927710836
1872,-0.004668674698795228
1873,0.0033509036144578896
1874,-0.008132530120481873
1875,-0.009864457831325224
1876,-0.008433734939759074
1877,0.006814759036144591
1878,-0.0027108433734939763
1879,0.018034638554216942
1880,0.0075301204819276935
1881,0.00530873493975903
1882,-0.010504518072289193
1883,0.008847891566265087
1884,0.02093373493975914
1885,-0.007341867469879526
1886,-0.0006400602409638023
1887,0.0022590361445783413
1888,0.0033509036144578896
1889,-0.008471385542168697
1890,0.00011295180722903364
1891,-0.014457831325301262
1892,0.01758283132530125
1893,0.015963855421686768
1894,-0.009412650602409645
1895,0.006099397590361599
1896,0.01031626506024097
1897,0.009902108433734957
1898,-0.00022590361445778973
1899,-0.013478915662650581
1900,-0.019239457831325246
1901,0.0009412650602409478
1902,0.0033509036144578896
1903,-0.0127259036144578
1904,0.016189759036144613
1905,-0.010918674698795205
1906,0.0001506024096386005
1907,0.00896084337349401
1908,0.0031250000000000444
1909,0.0018448795180723288
1910,-0.013591867469879504
1911,-0.015963855421686768
1912,-0.0021837349397590966
1913,0.0045557228915663606
1914,0.007868975903614461
1915,0.006852409638554158
1916,0.004969879518072262
1917,0.007643072289156616
1918,-0.010052710843373502
1919,-0.0126506024096385
1920,-0.010655120481927793
1921,0.015135542168674743
1922,-0.006475903614457823
1923,0.0037274096385542244
1924,-0.024134036144578264
1925,0.026656626506024073
1926,0.010353915662650648
1927,-0.006325301204819167
1928,0.0006777108433734247
1929,-0.013027108433735002
1930,0.019164156626505946
1931,0.0003765060240963347
1932,0.009977409638554202
1933,0.017394578313253084
1934,-0.003237951807228856
1935,0.01773343373493974
1936,0.0072289156626504925
1937,-0.009149096385542177
1938,-0.0016942771084337283
1939,0.028087349397590278
1940,0.009525602409638512
1941,0.005421686746987953
1942,0.0005271084337349352
1943,0.009751506024096468
1944,-0.020331325301204795
1945,-0.03019578313253013
1946,-0.0031626506024096668
1947,-0.002823795180722899
1948,-0.0030120481927710663
1949,-0.00425451807228916
1950,0.0010918674698795483
1951,-0.006852409638554158
1952,0.013215361445783058
1953,0.0037650602409639022
1954,-0.0047063253012047945
1955,0.010240963855421725
1956,0.016265060240963858
1957,0.013780120481927671
1958,0.03136295180722892
1959,0.009525602409638512
1960,-0.011746987951807175
1961,0.00832078313253004
1962,-0.007228915662650548
1963,-0.0036144578313252462
1964,0.009224397590361422
1965,0.01822289156626511
1966,-0.007304216867469848
1967,0.013215361445783058
1968,-0.024096385542168697
1969,0.00410391566265067
1970,-0.01837349397590371
1971,0.011558734939759008
1972,-0.0183734939759036
1973,-0.013855421686746971
1974,-0.008885542168674654
1975,-0.011408132530120463
1976,0.01848644578313252
1977,-0.01174698795180723
1978,0.020971385542168708
1979,0.002108433734939741
1980,-0.006814759036144535
1981,0.018749999999999933
1982,-0.019841867469879537
1983,-0.03561746987951803
1984,0.007078313253012003
1985,-0.01159638554216863
1986,-0.01622740963855418
1987,-0.018411144578313277
1988,0.00011295180722903364
1989,-0.007793674698795217
1990,-0.01920180722891568
1991,-0.005798192771084398
1992,-0.007981927710843384
1993,0.015286144578313232
1994,-0.0033509036144578896
1995,0.0010918674698795483
1996,0.007417168674698771
1997,-0.01585090361445779
1998,-0.006814759036144535
1999,0.009186746987951855
2000,0.01167168674698793
2001,0.0010542168674699814
2002,0.0036897590361445465
2003,-0.01773343373493974
2004,0.011897590361445887
2005,-0.0014683734939758275
2006,-0.01487198795180722
2007,-0.0010542168674698704
2008,-0.01449548192771083
2009,-0.005986445783132566
2010,-0.008697289156626486
2011,0.015850903614457845
2012,-0.0070783132530120585
2013,-0.008734939759036164
2014,-0.0044051204819277046
2015,-0.002597891566265109
2016,0.0036144578313253017
2017,0.004405120481927649
2018,0.016114457831325257
2019,0.009073795180722821
2020,-0.0064759036144577675
2021,0.0016189759036144835
2022,-0.009902108433734902
2023,-0.004141566265060237
2024,0.0024472891566265087
2025,0.019615963855421747
2026,-0.00432981927710846
2027,0.018712349397590256
2028,-0.0002635542168674121
2029,0.00030120481927709
2030,0.003012048192771122
2031,-0.0031626506024096668
2032,0.00018825301204816736
2033,0.015813253012048167
2034,-0.0010542168674698704
2035,0.01852409638554231
2036,0.013554216867469826
2037,-0.025602409638554202
2038,-0.0182981927710843
2039,-0.007756024096385483
2040,-0.012387048192771144
2041,0.016189759036144613
2042,-0.01227409638554211
2043,0.02484939759036142
2044,-0.008471385542168697
2045,-0.002899096385542199
2046,0.01942771084337347
2047,0.007040662650602436
2048,0.005609939759036231
2049,-0.001920180722891518
2050,0.02353162650602414
2051,0.004216867469879482
2052,0.0012801204819277157
2053,0.005496987951807197
2054,0.006551204819277068
2055,0.003539156626506057
2056,-0.007341867469879526
2057,0.0037650602409639022
2058,0.0027484939759035987
2059,0.0063253012048192225
2060,3.765060240956686e-05
2061,-0.008810240963855354
2062,-0.017921686746987908
2063,0.010579819277108382
2064,0.012048192771084376
2065,0.009036144578313254
2066,-0.0013930722891566383
2067,-0.0033885542168674565
2068,0.02699548192771095
2069,-0.00432981927710846
2070,-0.01517319277108442
2071,0.005233433734939785
2072,0.005120481927710863
2073,0.006099397590361377
2074,0.003237951807228856
2075,0.025150602409638623
2076,0.02108433734939763
2077,-0.013742469879518049
2078,0.019352409638554224
2079,0.010052710843373558
2080,0.0034638554216868123
2081,0.0021837349397589856
2082,-0.0036521084337348686
2083,0.0051581325301204295
2084,0.017733433734939852
2085,-0.010090361445783125
2086,-0.004593373493975927
2087,-0.017545180722891518
2088,0.00120481927710836
2089,-0.016265060240963858
2090,0.010956325301204828
2091,0.004631024096385494
2092,0.020519578313253017
2093,0.002108433734939741
2094,0.0016566265060241614
2095,-0.005195783132530107
2096,-0.005798192771084398
2097,0.012010542168674698
2098,-0.0012801204819276601
2099,0.011935240963855342
2100,0.012537650602409744
2101,0.0019578313253012514
2102,-0.006965361445783136
2103,-0.0021837349397590966
2104,-0.01539909638554221
2105,-0.014947289156626464
2106,0.0002635542168674121
2107,-0.009826807228915602
2108,-0.023795180722891607
2109,-0.007756024096385483
2110,-0.01204819277108432
2111,0.013365963855421659
2112,-0.014759036144578352
2113,-0.012989457831325324
2114,-0.007906626506024084
2115,-0.008396084337349397
2116,0.006400602409638578
2117,-0.002221385542168719
2118,-0.0017319277108433506
2119,-0.001317771084337338
2120,-0.0018072289156626509
2121,0.0003765060240963347
2122,-0.0002635542168674676
2123,0.015888554216867523
2124,-0.009073795180722932
2125,-0.007906626506024084
2126,0.0007153614457832136
2127,-0.01159638554216863
2128,-0.009149096385542066
2129,-0.009600903614457812
2130,-0.015361445783132532
2131,-0.006814759036144535
2132,-0.0033885542168674565
2133,0.02364457831325295
2134,-0.006890060240963947
2135,-0.01799698795180732
2136,-0.007492469879518127
2137,0.013930722891566272
2138,-0.01039156626506027
2139,-0.011106927710843373
2140,0.002070783132530174
2141,0.00033885542168676785
2142,-0.01671686746987955
2143,-0.002635542168674676
2144,0.009111445783132499
2145,0.009149096385542288
2146,-0.02767319277108432
2147,-0.011521084337349385
2148,0.009939759036144635
2149,-0.008885542168674654
2150,-0.0059111445783132655
2151,0.011897590361445776
2152,0.006475903614457823
2153,0.00440512048192776
2154,-0.007454819277108504
2155,0.00425451807228916
2156,-0.004856927710843395
2157,0.010240963855421725
2158,0.016189759036144613
2159,0.00850903614457832
2160,0.003275602409638534
2161,0.0008283132530120252
2162,0.018561746987951766
2163,0.008810240963855409
2164,-0.0020707831325301185
2165,-0.0007153614457831581
2166,0.0019578313253012514
2167,0.008283132530120474
2168,-0.009563253012048245
2169,-0.01645331325301197
2170,0.026167168674698815
2171,-0.000301204819277201
2172,0.01502259036144582
2173,-0.006212349397590355
2174,-0.008621987951807186
2175,-0.026242469879518115
2176,0.014420180722891529
2177,0.017620481927710818
2178,-0.0030120481927710663
2179,0.001167168674698793
2180,-0.005534638554216875
2181,0.017808734939758986
2182,-0.005835843373493965
2183,-0.001957831325301196
2184,0.005722891566265043
2185,-0.0154743975903614
2186,-0.009487951807228834
2187,0.023644578313253062
2188,-0.002183734939759041
2189,-0.0066265060240964235
2190,-0.013591867469879504
2191,0.02172439759036149
2192,-0.019314759036144546
2193,0.011445783132530196
2194,-0.0044051204819277046
2195,0.005120481927710863
2196,0.009826807228915602
2197,0.002108433734939741
2198,-0.021874999999999978
2199,0.009902108433734957
2200,0.003539156626505946
2201,-0.0036521084337349796
2202,0.020368975903614417
2203,0.0004894578313252573
2204,0.005873493975903532
2205,-0.0056099397590361755
2206,-0.010165662650602425
2207,0.005609939759036231
2208,-0.006890060240963947
2209,0.012575301204819311
2210,0.00395331325301207
2211,-0.008509036144578264
2212,7.530120481924474e-05
2213,0.002108433734939741
2214,0.00440512048192776
2215,-0.019164156626506057
2216,0.0007153614457832136
2217,-0.006588855421686746
2218,-0.007003012048192758
2219,-0.0017319277108433506
2220,-0.0013930722891565828
2221,0.006701807228915668
2222,0.00820783132530123
2223,0.00425451807228916
2224,-0.01920180722891568
2225,0.026430722891566227
2226,0.00832078313253004
2227,-0.01426957831325304
2228,-0.01114457831325305
2229,0.007944277108433817
2230,0.0007153614457832136
2231,-0.00022590361445778973
2232,0.006438253012048145
2233,-0.01129518072289154
2234,0.0005647590361446131
2235,-0.0017319277108434061
2236,-0.002183734939759041
2237,-0.0012801204819277712
2238,0.009676204819277001
2239,0.0003765060240963347
2240,0.011332831325301163
2241,-0.010805722891566283
2242,-0.005120481927710807
2243,-0.011746987951807175
2244,0.006551204819277068
2245,-0.007718373493975916
2246,-0.00045180722891557945
2247,0.006137048192771055
2248,-0.011257530120481973
2249,-0.0024472891566265087
2250,0.0017319277108432951
2251,0.012575301204819311
2252,-0.010128012048192803
2253,0.014796686746987975
2254,0.0006400602409638578
2255,-0.019841867469879426
2256,-0.01739457831325303
2257,-0.0023343373493975306
2258,-0.004103915662650615
2259,0.010579819277108382
2260,-0.009789156626506035
2261,0.014231927710843473
2262,0.0060617469879518104
2263,-0.011332831325301274
2264,0.0031626506024097223
2265,-0.0011295180722891707
2266,0.0004894578313252573
2267,-0.005760542168674665
2268,-0.005722891566265098
2269,-0.013478915662650692
2270,0.017394578313253084
2271,0.02153614457831321
2272,-0.0014683734939759385
2273,-0.005195783132530107
2274,0.0072289156626506035
2275,0.009073795180722932
2276,0.00530873493975903
2277,0.005195783132530218
2278,-0.01686746987951815
2279,-0.01585090361445779
2280,0.024774096385542288
2281,-0.01980421686746986
2282,0.0016189759036143725
2283,-0.008057228915662684
2284,-0.00033885542168671234
2285,-0.006890060240963836
2286,0.009713855421686679
2287,-0.01630271084337348
2288,-0.016340361445783158
2289,-0.015625
2290,-0.022552710843373514
2291,-0.010052710843373502
2292,-0.009073795180722877
2293,-0.01720632530120486
2294,-0.006061746987951755
2295,-0.009676204819277057
2296,-0.00560993975903612
2297,0.009939759036144635
2298,0.006513554216867501
2299,-0.0003765060240963902
2300,-0.013215361445783114
2301,0.0072289156626504925
2302,0.011031626506024184
2303,-0.007304216867469904
2304,-0.0003765060240963902
2305,0.00756777108433726
2306,0.006137048192771055
2307,0.002899096385542199
2308,0.01302710843373489
2309,0.0006400602409638578
2310,-0.00060240963855418
2311,-0.009939759036144635
2312,0.0048569277108434505
2313,0.011257530120481918
2314,0.021121987951807197
2315,0.005685240963855365
2316,0.0025602409638555423
2317,0.01212349397590351
2318,-0.01682981927710847
2319,0.002597891566264998
2320,-0.008019578313253006
2321,-0.007643072289156616
2322,-0.01434487951807234
2323,0.006551204819277179
2324,-0.005158132530120485
2325,0.008057228915662629
2326,-0.005384036144578275
2327,-3.765060240962237e-05
2328,0.021272590361445798
2329,-0.015135542168674632
2330,-0.006513554216867445
2331,0.0063629518072289
2332,-0.004141566265060237
2333,0.007793674698795217
2334,0.0008283132530120252
2335,-0.021611445783132455
2336,-0.01419427710843374
2337,-0.01686746987951815
2338,0.009337349397590344
2339,-0.005045180722891618
2340,0.0021837349397589856
2341,-0.006174698795180733
2342,-0.000903614457831381
2343,-0.006061746987951755
2344,0.008772590361445731
2345,-0.025564759036144635
2346,0.013742469879518104
2347,0.001468373493975883
2348,0.008584337349397564
2349,0.017959337349397586
2350,-0.0001506024096386005
2351,-0.019992469879518027
2352,-0.006287650602409656
2353,-0.0007906626506024028
2354,-0.01920180722891568
2355,0.00790662650602414
2356,0.0054593373493976305
2357,-0.012085843373494054
2358,-0.021950301204819278
2359,0.013328313253012092
2360,-0.00033885542168676785
2361,-0.006212349397590355
2362,-0.013140060240963869
2363,0.02018072289156625
2364,0.0016942771084337283
2365,-0.010052710843373502
2366,0.012048192771084376
2367,0.005384036144578386
2368,0.030233433734939696
2369,0.02364457831325295
2370,0.01743222891566265
2371,-0.011408132530120574
2372,-0.0014683734939758275
2373,-0.006249999999999978
2374,0.00440512048192776
2375,-0.003426204819277079
2376,0.01698042168674707
2377,-0.010052710843373502
2378,-0.012123493975903621
2379,0.0285015060240964
2380,0.025865963855421725
2381,0.008094879518072307
2382,0.018637048192771122
2383,0.005835843373493965
2384,0.016867469879517927
2385,0.009299698795180777
2386,-0.024134036144578264
2387,0.00726656626506017
2388,-0.010843373493975905
2389,0.004518072289156572
2390,-0.003200301204819289
2391,-0.002597891566265109
2392,0.007115963855421681
2393,-0.01735692771084335
2394,-0.023343373493975916
2395,-0.0034638554216867012
2396,-0.010542168674698815
2397,-0.00432981927710846
2398,0.007115963855421681
2399,0.019615963855421636
2400,0.009375000000000022
2401,-0.01965361445783126
2402,0.008697289156626486
2403,0.004028614457831314
2404,-0.007454819277108393
2405,0.006438253012048145
2406,-0.014721385542168619
2407,0.0011295180722891152
2408,-0.006362951807228845
2409,0.0013177710843373935
2410,-0.006588855421686746
2411,0.002070783132530174
2412,-0.011483433734939763
2413,0.002673192771084354
2414,0.0018825301204818956
2415,0.007718373493975861
2416,0.02228915662650599
2417,0.005346385542168597
2418,0.0037274096385541133
2419,0.005609939759036231
2420,0.0036521084337349796
2421,0.02323042168674705
2422,-0.004593373493975816
2423,0.005534638554216764
2424,0.0028237951807228434
2425,0.01682981927710836
2426,0.015097891566265065
2427,-0.0044051204819277046
2428,0.001167168674698793
2429,0.0006400602409637468
2430,0.011634036144578364
2431,-0.001016566265060248
2432,0.0005271084337349352
2433,-0.015286144578313232
2434,-0.008621987951807186
2435,0.004631024096385494
2436,0.008132530120481873
2437,0.006174698795180733
2438,-0.006739457831325346
2439,-0.002221385542168719
2440,0.02228915662650599
2441,0.0011295180722891152
2442,-0.01867469879518069
2443,-0.007153614457831303
2444,0.0018448795180722177
2445,-0.020143072289156627
2446,0.006249999999999978
2447,-0.01329066265060247
2448,-0.012537650602409633
2449,-0.023117469879518127
2450,0.0060617469879518104
2451,-0.022891566265060226
2452,-0.0064759036144577675
2453,-0.03275602409638556
2454,-0.02018072289156625
2455,0.01716867469879524
2456,-0.004216867469879426
2457,0.012763554216867479
2458,0.001204819277108471
2459,-0.0013554216867469604
2460,-0.005647590361445798
2461,-0.011596385542168741
2462,-0.007605421686746938
2463,0.002673192771084354
2464,0.0008283132530120252
2465,0.00470632530120485
2466,-0.010052710843373502
2467,-0.005572289156626553
2468,-0.015210843373493987
2469,0.015549698795180755
2470,-0.003087349397590311
2471,0.0025225903614457534
2472,-0.005948795180722888
2473,-0.006061746987951755
2474,-0.006024096385542188
2475,0.012876506024096401
2476,0.005120481927710863
2477,0.0009789156626505147
2478,-0.016942771084337338
2479,-0.007115963855421736
2480,-0.01585090361445779
2481,0.009977409638554202
2482,0.01607680722891558
2483,-0.005798192771084398
2484,0.004442771084337438
2485,-0.019992469879518027
2486,0.014721385542168619
2487,-0.009337349397590344
2488,0.007793674698795217
2489,-0.00030120481927709
2490,-0.007191265060240926
2491,0.0030496987951806886
2492,-0.009939759036144635
2493,0.009676204819277112
2494,0.0014307228915663162
2495,0.014984939759036142
2496,0.014646084337349485
2497,-0.016415662650602403
2498,0.0015436746987951278
2499,-0.002560240963855487
2500,0.0006400602409638578
2501,0.012387048192771144
2502,-0.01814759036144581
2503,-0.005873493975903588
2504,0.013102409638554247
2505,-0.01494728915662652
2506,-0.023795180722891607
2507,-0.008923192771084332
2508,0.010353915662650648
2509,-0.0016566265060240504
2510,0.0008283132530120252
2511,-0.010881024096385583
2512,-0.011822289156626531
2513,-0.024246987951807242
2514,0.0008283132530120252
2515,-0.004028614457831259
2516,0.0013177710843373935
2517,0.004179216867469804
2518,-0.019992469879518138
2519,-0.009902108433734902
2520,-0.004141566265060237
2521,0.011483433734939763
2522,-0.006438253012048145
2523,-0.006965361445783136
2524,0.002371987951807264
2525,0.005911144578313321
2526,0.012236445783132543
2527,-0.0070783132530120585
2528,0.006099397590361488
2529,-0.011784638554216853
2530,0.005421686746987953
2531,0.00530873493975903
2532,-0.015813253012048167
2533,0.004028614457831314
2534,0.024811746987951744
2535,-0.0005647590361445576
2536,0.01487198795180722
2537,-0.012500000000000011
2538,-0.0033885542168674565
2539,-0.0018825301204819511
2540,0.004593373493975927
2541,0.02503765060240959
2542,0.0004894578313253684
2543,-0.009186746987951855
2544,0.001167168674698793
2545,-0.0036144578313252462
2546,-0.007040662650602436
2547,-0.006626506024096368
2548,-0.007756024096385483
2549,-0.004480421686747005
2550,0.0009412650602409478
2551,0.020670180722891618
2552,0.015549698795180755
2553,-0.013403614457831281
2554,-0.01585090361445779
2555,-0.01720632530120475
2556,-0.019766566265060237
2557,-0.016867469879518038
2558,0.0077936746987951055
2559,-0.005722891566265098
2560,0.013554216867469826
2561,0.00820783132530123
2562,-0.007643072289156672
2563,-0.005158132530120485
2564,0.021498493975903532
2565,-0.0007530120481927804
2566,-0.014043674698795139
2567,0.017846385542168663
2568,-0.0019954819277109292
2569,-3.765060240962237e-05
2570,0.007793674698795217
2571,-0.0037650602409638467
2572,-0.001506024096385561
2573,0.0092620481927711
2574,-0.0030496987951806886
2575,-0.0035768072289156794
2576,0.007266566265060281
2577,0.0077936746987951055
2578,0.004442771084337327
2579,0.004329819277108404
2580,0.013893072289156705
2581,-0.004480421686747005
2582,0.005346385542168597
2583,0.005647590361445798
2584,0.0010165662650603036
2585,-0.013290662650602414
2586,-0.008847891566265087
2587,0.0015813253012049167
2588,-0.00018825301204816736
2589,0.004216867469879482
2590,0.0036521084337348686
2591,-0.015286144578313232
2592,-0.010052710843373447
2593,-0.016114457831325257
2594,0.0017319277108434061
2595,0.004743975903614417
2596,0.011859939759036098
2597,-0.01234939759036141
2598,0.0027484939759035987
2599,-0.018411144578313277
2600,0.006212349397590411
2601,0.00790662650602414
2602,-0.008885542168674654
2603,-0.0037274096385542244
2604,0.016641566265060304
2605,0.013591867469879504
2606,-0.010843373493975905
2607,0.003501506024096379
2608,0.00022590361445784524
2609,-0.008094879518072307
2610,-0.01197289156626502
2611,0.004141566265060237
2612,0.007756024096385539
2613,0.0036897590361445465
2614,-0.0031626506024096668
2615,-0.007944277108433706
2616,-0.019465361445783147
2617,-0.0017319277108433506
2618,0.0015813253012048056
2619,-0.006438253012048145
2620,0.008471385542168641
2621,-0.0010165662650601925
2622,-0.021423192771084287
2623,-0.00463102409638555
2624,0.0013177710843373935
2625,-0.01980421686746986
2626,0.008283132530120474
2627,-0.007981927710843328
2628,-0.004179216867469915
2629,-0.004593373493975816
2630,0.003237951807228856
2631,0.0051581325301205405
2632,-0.016641566265060193
2633,-0.002522590361445809
2634,-0.002033132530120496
2635,0.00790662650602414
2636,0.005647590361445798
2637,0.0021837349397589856
2638,0.001204819277108582
2639,0.002635542168674676
2640,0.015097891566265065
2641,-0.03271837349397594
2642,-0.0038403614457830915
2643,0.016867469879517927
2644,-0.0012801204819277712
2645,0.00805722891566274
2646,-0.013591867469879504
2647,0.0037274096385542244
2648,-0.011106927710843373
2649,-0.023230421686746938
2650,-0.014382530120481851
2651,0.032078313253012025
2652,0.002070783132530174
2653,-0.006061746987951755
2654,-0.0020707831325301185
2655,-0.007680722891566294
2656,-0.01464608433734943
2657,0.01773343373493974
2658,0.012612951807228878
2659,0.0009412650602409478
2660,-0.013441265060240903
2661,-0.024359939759036164
2662,-0.004781626506024039
2663,-0.011182228915662673
2664,0.005421686746987953
2665,0.01487198795180722
2666,0.003200301204819289
2667,-0.0075301204819276935
2668,0.005948795180722888
2669,0.0069277108433734025
2670,0.0057605421686747205
2671,-0.005384036144578275
2672,0.003275602409638534
2673,-0.01682981927710836
2674,0.010504518072289137
2675,0.010052710843373447
2676,-0.00060240963855418
2677,0.0005647590361446131
2678,0.013253012048192736
2679,0.0042921686746988374
2680,0.01091867469879515
2681,-3.765060240967788e-05
2682,-0.022100903614457823
2683,-0.00591114457831321
2684,0.0037274096385541133
2685,0.0007153614457832136
2686,-0.009337349397590455
2687,0.0016942771084337283
2688,-0.01649096385542176
2689,-0.009638554216867434
2690,0.006212349397590411
2691,0.0057605421686747205
2692,-0.0032756024096385894
2693,-0.003237951807228967
2694,-0.01987951807228905
2695,-0.022213855421686746
2696,0.005534638554216875
2697,-0.013629518072289237
2698,-0.013140060240963869
2699,-0.008207831325301174
2700,0.008621987951807242
2701,-0.003237951807228856
2702,0.007643072289156616
2703,0.0018825301204818956
2704,-0.010617469879518004
2705,-0.006588855421686746
2706,-0.004066265060241048
2707,-0.023042168674698826
2708,0.01746987951807233
2709,-0.008509036144578264
2710,0.0033132530120482118
2711,0.0004141566265060126
2712,-0.008057228915662684
2713,-0.009939759036144635
2714,-0.008923192771084332
2715,0.020896084337349352
2716,0.007605421686747049
2717,0.0028614457831325213
2718,-0.004066265060240937
2719,0.005722891566265043
2720,-0.01524849397590361
2721,-0.006362951807228956
2722,-0.014081325301204872
2723,-0.009676204819277112
2724,0.029706325301204872
2725,0.006814759036144591
2726,-0.012462349397590333
2727,-0.014834337349397597
2728,0.010052710843373447
2729,0.002936746987951877
2730,-0.024435240963855465
2731,-0.0010542168674698704
2732,-0.0015813253012047501
2733,-0.007868975903614517
2734,0.004480421686746894
2735,0.004066265060240992
2736,0.011596385542168686
2737,-0.005384036144578386
2738,-0.009487951807228834
2739,-0.01927710843373498
2740,-0.0009412650602409478
2741,0.022552710843373514
2742,0.009638554216867434
2743,0.013102409638554247
2744,0.006551204819277179
2745,-0.012123493975903621
2746,-0.0048569277108433395
2747,0.031777108433734935
2748,-0.014118975903614439
2749,0.014834337349397653
2750,0.0004141566265060126
2751,-0.016942771084337338
2752,-0.008509036144578264
2753,0.0036897590361445465
2754,0.007153614457831359
2755,0.0017319277108432951
2756,-0.011784638554216853
2757,0.00986445783132528
2758,-0.0027484939759037097
2759,-0.009563253012048245
2760,-0.038817771084337316
2761,0.0034262048192770234
2762,-0.02115963855421682
2763,-0.0030120481927710663
2764,0.00832078313253004
2765,0.009073795180722821
2766,-0.005346385542168708
2767,-0.0005647590361445576
2768,0.003802710843373469
2769,0.0019954819277108182
2770,-0.006701807228915668
2771,0.005082831325301185
2772,-0.023042168674698826
2773,-0.01987951807228916
2774,0.013742469879518104
2775,0.006438253012048145
2776,-0.0013554216867469604
2777,-0.006475903614457823
2778,0.014382530120481851
2779,0.004066265060240992
2780,0.004442771084337327
2781,0.015700301204819356
2782,0.006852409638554269
2783,-0.008885542168674765
2784,0.007492469879518016
2785,-0.0033885542168674565
2786,0.004216867469879482
2787,0.023155120481927693
2788,0.0010165662650603036
2789,-0.025263554216867545
2790,0.00011295180722892262
2791,-0.012989457831325324
2792,-0.00045180722891557945
2793,0.002070783132530174
2794,0.01682981927710836
2795,-0.00011295180722892262
2796,0.0004518072289156905
2797,0.018862951807228856
2798,0.008697289156626598
2799,-0.008621987951807242
2800,-0.002522590361445698
2801,-0.00395331325301207
2802,0.002936746987951766
2803,0.022213855421686746
2804,0.0060617469879518104
2805,0.007605421686747049
2806,-0.030459337349397597
2807,-0.003539156626506057
2808,-0.021121987951807197
2809,0.01912650602409638
2810,0.010090361445783125
2811,0.003539156626505946
2812,0.030271084337349485
2813,0.0028614457831325213
2814,0.0005271084337349352
2815,-0.022326807228915724
2816,0.0022213855421686635
2817,-0.01720632530120486
2818,-0.01671686746987955
2819,-0.009563253012048245
2820,-0.017921686746987908
2821,0.006852409638554269
2822,0.01167168674698793
2823,0.006588855421686746
2824,-0.005271084337349408
2825,0.0036144578313253017
2826,0.0030873493975903665
2827,0.017319277108433728
2828,-0.01487198795180722
2829,0.013930722891566272
2830,-0.01592620481927709
2831,0.016942771084337394
2832,-0.0012424698795181488
2833,-0.0004141566265060126
2834,-0.01690512048192777
2835,-0.01807228915662651
2836,-0.0036144578313252462
2837,-0.014608433734939752
2838,-0.013591867469879504
2839,-0.004141566265060237
2840,0.001506024096385561
2841,0.004405120481927649
2842,-0.009375000000000022
2843,-0.0037650602409638467
2844,-0.0053087349397589745
2845,0.014909638554216786
2846,-0.007191265060240926
2847,0.019352409638554224
2848,-0.014457831325301262
2849,0.028426204819277157
2850,-0.0007530120481927804
2851,-0.02055722891566264
2852,-0.01524849397590361
2853,0.0011295180722891152
2854,0.0007153614457832136
2855,0.017658132530120496
2856,-0.009111445783132555
2857,-0.003200301204819289
2858,0.002409638554216831
2859,-0.0063253012048193336
2860,-0.01750753012048195
2861,-0.0004141566265060681
2862,-0.01882530120481929
2863,-0.0007153614457831581
2864,-0.005572289156626498
2865,0.006513554216867501
2866,-0.01615210843373499
2867,-0.010429216867469893
2868,0.0021460843373493077
2869,0.0017319277108432951
2870,0.0024472891566265087
2871,0.0157756024096386
2872,-0.008358433734939774
2873,0.0009412650602409478
2874,0.006814759036144591
2875,0.021197289156626442
2876,-0.008659638554216864
2877,-0.003237951807228856
2878,-0.005195783132530163
2879,0.004367469879518082
2880,0.015361445783132477
2881,-0.0008283132530120807
2882,-0.01167168674698793
2883,0.012989457831325324
2884,-0.002597891566265109
2885,0.004329819277108404
2886,-0.005120481927710807
2887,0.002899096385542199
2888,-0.009638554216867434
2889,-0.004028614457831259
2890,0.004631024096385494
2891,-0.007040662650602325
2892,-0.0033885542168674565
2893,0.004668674698795172
2894,-0.0064759036144577675
2895,-0.018260542168674676
2896,-0.00030120481927709
2897,-0.010353915662650592
2898,0.003501506024096379
2899,0.004668674698795172
2900,-0.004480421686747005
2901,0.004141566265060237
2902,0.00060240963855418
2903,-0.005120481927710807
2904,0.006890060240963947
2905,-0.007492469879518127
2906,-0.003539156626506057
2907,0.005346385542168597
2908,0.007417168674698771
2909,0.007003012048192758
2910,-0.0017319277108433506
2911,0.0016189759036144835
2912,0.011257530120481918
2913,-0.02729668674698793
2914,-0.013027108433735002
2915,0.016905120481927716
2916,-0.008509036144578264
2917,-0.002936746987951877
2918,-0.008847891566265087
2919,-0.011634036144578364
2920,-0.001957831325301196
2921,0.004367469879518082
2922,0.0013177710843373935
2923,-0.009600903614457812
2924,0.010316265060240859
2925,-0.040662650602409645
2926,0.02183734939759041
2927,0.006174698795180622
2928,-0.026430722891566283
2929,-0.01287650602409629
2930,-0.02330572289156624
2931,-0.01637801204819278
2932,-0.004894578313253017
2933,0.014796686746987975
2934,0.016453313253012025
2935,0.002710843373494032
2936,0.0021837349397589856
2937,0.012311746987951788
2938,-0.005534638554216875
2939,-0.030233433734939752
2940,0.005609939759036231
2941,-0.03862951807228915
2942,0.010655120481927738
2943,-0.01833584337349392
2944,-0.003237951807228856
2945,0.00018825301204816736
2946,0.02168674698795181
2947,-0.0030120481927710663
2948,-0.003878012048192825
2949,0.01212349397590351
2950,-0.016942771084337338
2951,0.01637801204819278
2952,0.0037274096385542244
2953,0.00470632530120485
2954,-0.005082831325301185
2955,0.00820783132530123
2956,-0.004141566265060237
2957,0.012010542168674698
2958,0.012951807228915646
2959,-0.009676204819277057
2960,0.006249999999999978
2961,-0.0003765060240963902
2962,-0.0044051204819277046
2963,0.006249999999999978
2964,0.009299698795180777
2965,-0.0059111445783132655
2966,-0.0003765060240963902
2967,0.021197289156626442
2968,0.0
2969,-0.009525602409638623
2970,-0.0023719879518073195
2971,-0.0032756024096385894
2972,0.004593373493975816
2973,0.00018825301204816736
2974,-0.012951807228915702
2975,-0.03490210843373498
2976,0.016942771084337394
2977,0.016039156626506013
2978,0.01137048192771073
2979,0.002296686746987908
2980,-0.010956325301204772
2981,-0.014533132530120452
2982,-0.0004894578313253684
2983,0.012236445783132543
2984,-0.019691265060241048
2985,-0.006852409638554213
2986,0.003915662650602392
2987,-0.0005271084337349907
2988,-0.002823795180722899
2989,0.027823795180722866
2990,0.018411144578313277
2991,-0.002597891566264998
2992,0.009450301204819267
2993,-0.006287650602409545
2994,0.0011295180722891152
2995,-0.007981927710843328
2996,0.009149096385542288
2997,0.004179216867469915
2998,-0.01645331325301197
2999,0.016453313253012025
3000,-0.0126506024096385
3001,-0.005760542168674665
3002,0.010542168674698815
3003,-0.001204819277108471
3004,-0.010617469879518004
3005,0.01957831325301207
3006,-0.01227409638554211
3007,-0.0006400602409638578
3008,-0.01099397590361445
3009,-0.007341867469879526
3010,-0.005346385542168708
3011,-0.0032756024096385894
3012,-0.006626506024096368
3013,-0.01750753012048195
3014,0.00395331325301207
3015,-0.016302710843373536
3016,0.00018825301204816736
3017,0.005647590361445798
3018,-0.001920180722891629
3019,0.010956325301204828
3020,0.002033132530120496
3021,-0.0155496987951807
3022,-0.0030496987951807997
3023,0.009600903614457867
3024,-0.0004141566265060126
3025,-0.0034638554216867012
3026,-0.002635542168674676
3027,0.00022590361445784524
3028,0.0009412650602409478
3029,-0.036935240963855476
3030,0.0005271084337349352
3031,0.0016189759036144835
3032,-0.0034638554216867568
3033,0.010052710843373447
3034,-0.0028614457831325213
3035,-7.530120481935576e-05
3036,-0.01585090361445779
3037,-0.006852409638554158
3038,0.006852409638554269
3039,3.765060240956686e-05
3040,0.006212349397590411
3041,0.0016942771084337283
3042,0.0057605421686747205
3043,0.010655120481927738
3044,-0.0056099397590361755
3045,-0.009036144578313254
3046,0.01302710843373489
3047,-0.017582831325301196
3048,-0.008546686746987942
3049,-0.002597891566264998
3050,0.0063253012048192225
3051,-0.0031626506024096668
3052,-0.006777108433734913
3053,0.021272590361445798
3054,0.020406626506024095
3055,0.0004141566265060126
3056,0.011897590361445776
3057,0.007417168674698771
3058,-0.017884036144578286
3059,-0.010052710843373502
3060,0.016566265060240948
3061,0.015060240963855387
3062,-0.0045557228915662495
3063,-0.008998493975903632
3064,-0.004518072289156627
3065,-0.020519578313253017
3066,0.014307228915662606
3067,0.02093373493975903
3068,-0.0004518072289156905
3069,-0.01784638554216872
3070,-0.0037650602409638467
3071,0.023230421686746938
3072,0.012914156626505968
3073,0.004216867469879482
3074,-0.010429216867469837
3075,0.002033132530120496
3076,0.012801204819277157
3077,-0.007756024096385483
3078,-0.00986445783132539
3079,-0.0037650602409638467
3080,0.004329819277108404
3081,-0.002259036144578286
3082,-0.008772590361445842
3083,-0.024774096385542177
3084,-0.007040662650602436
3085,-0.01675451807228917
3086,-0.0005647590361445576
3087,-0.014721385542168619
3088,0.002409638554216831
3089,-0.004405120481927649
3090,0.0186746987951808
3091,0.004028614457831314
3092,-0.009977409638554202
3093,0.0069277108433735135
3094,0.0013554216867469604
3095,-0.008697289156626486
3096,0.00045180722891557945
3097,0.0007906626506023473
3098,0.0009789156626505147
3099,-0.008734939759036164
3100,0.006814759036144591
3101,0.0036144578313253017
3102,-0.002936746987951766
3103,-0.012763554216867479
3104,0.00986445783132528
3105,0.007341867469879526
3106,-0.00493222891566264
3107,-0.010090361445783125
3108,-0.004066265060241048
3109,-0.0010918674698795483
3110,-0.0059111445783132655
3111,0.006475903614457712
3112,-0.008960843373493954
3113,-0.005760542168674665
3114,-0.009600903614457812
3115,0.008283132530120474
3116,0.018260542168674676
3117,-0.0005647590361445576
3118,0.018109939759036076
3119,-0.018938253012048267
3120,0.015888554216867412
3121,0.0051581325301205405
3122,0.0219879518072289
3123,0.002710843373493921
3124,-0.000602409638554291
3125,-0.0027108433734939763
3126,-0.020481927710843395
3127,-0.010165662650602425
3128,0.01517319277108431
3129,-0.01517319277108431
3130,-0.002484939759036131
3131,0.0010165662650601925
3132,-0.001618975903614428
3133,-0.000903614457831381
3134,-0.002597891566265109
3135,0.008847891566265087
3136,0.011182228915662562
3137,-0.013855421686747083
3138,-0.0021460843373493077
3139,-0.015436746987951833
3140,0.013591867469879504
3141,0.005195783132530218
3142,0.019465361445783036
3143,0.02458584337349401
3144,0.010052710843373447
3145,-0.005271084337349408
3146,-0.012311746987951844
3147,0.0015813253012048056
3148,0.005120481927710863
3149,0.002673192771084354
3150,-0.002936746987951766
3151,0.007379518072289093
3152,-0.0003765060240963902
3153,-0.012989457831325324
3154,0.0006777108433734247
3155,-0.005045180722891618
3156,-0.01592620481927709
3157,0.007756024096385539
3158,-0.004819277108433717
3159,0.01848644578313252
3160,-0.007040662650602436
3161,0.016905120481927716
3162,-0.010542168674698815
3163,-0.007153614457831303
3164,0.01227409638554211
3165,-0.011332831325301163
3166,0.007153614457831359
3167,-0.01600150602409639
3168,0.02003012048192765
3169,0.0045557228915662495
3170,0.0019954819277108182
3171,0.005082831325301185
3172,0.017507530120481896
3173,0.009036144578313254
3174,0.017808734939758986
3175,-0.016490963855421648
3176,0.009412650602409589
3177,-0.004216867469879426
3178,-0.008132530120481984
3179,-0.022552710843373514
3180,0.02443524096385541
3181,0.005534638554216986
3182,0.002710843373494032
3183,-0.002259036144578286
3184,-0.007304216867469848
3185,-0.01325301204819268
3186,-0.006814759036144535
3187,-0.024435240963855465
3188,0.006551204819277179
3189,0.0015436746987951278
3190,0.009638554216867545
3191,-0.01457078313253013
3192,0.011859939759036098
3193,0.003200301204819289
3194,-0.008170180722891607
3195,0.003576807228915624
3196,-0.0036521084337348686
3197,0.004932228915662584
3198,0.007379518072289093
3199,-0.005647590361445798
3200,0.002334337349397475
3201,-0.01705572289156626
3202,-0.0007906626506024028
3203,0.00470632530120485
3204,-0.007417168674698826
3205,0.01426957831325304
3206,0.003576807228915624
3207,0.0012801204819277157
3208,0.0027484939759035987
3209,-0.001957831325301196
3210,-0.013968373493975894
3211,0.006777108433734913
3212,0.012349397590361466
3213,0.007605421686746938
3214,-0.0013930722891566383
3215,0.0010165662650601925
3216,0.0013177710843373935
3217,0.002899096385542199
3218,0.01351656626506026
3219,-0.01502259036144582
3220,-0.0031626506024096668
3221,-0.0061746987951806775
3222,-0.0032756024096385894
3223,-0.013930722891566272
3224,-0.004254518072289215
3225,-0.01457078313253013
3226,0.005609939759036231
3227,0.009826807228915602
3228,0.0018448795180723288
3229,-0.01204819277108432
3230,-0.019766566265060237
3231,0.010881024096385472
3232,-0.006777108433734913
3233,-0.01980421686746986
3234,-0.03437499999999999
3235,0.012311746987951788
3236,0.005873493975903532
3237,0.004631024096385494
3238,-0.00033885542168676785
3239,0.00790662650602414
3240,0.007944277108433706
3241,-0.01069277108433736
3242,-0.0024096385542168863
3243,-0.006287650602409656
3244,-0.0031626506024096113
3245,0.00018825301204816736
3246,-0.007680722891566294
3247,-0.017545180722891518
3248,-0.027033132530120574
3249,-0.001618975903614428
3250,-0.006400602409638578
3251,-0.002259036144578286
3252,0.002108433734939741
3253,-0.007756024096385483
3254,-0.010730421686746983
3255,0.005873493975903532
3256,0.009073795180722821
3257,0.004743975903614417
3258,0.009826807228915602
3259,0.0092620481927711
3260,0.007605421686747049
3261,0.024661144578313254
3262,0.002899096385542199
3263,0.003275602409638534
3264,0.017996987951807264
3265,0.00805722891566274
3266,-0.01637801204819278
3267,-0.009600903614457812
3268,-0.01942771084337347
3269,0.009902108433734957
3270,-0.0047063253012047945
3271,-0.016792168674698738
3272,-0.016340361445783158
3273,-0.001317771084337338
3274,-0.0024472891566265087
3275,0.012951807228915646
3276,-0.002936746987951766
3277,-0.014043674698795139
3278,-0.01137048192771084
3279,-0.01167168674698793
3280,-0.005986445783132566
3281,0.002296686746987908
3282,0.014043674698795194
3283,-0.025000000000000022
3284,0.00022590361445784524
3285,-0.01690512048192777
3286,-0.009676204819277112
3287,0.013253012048192736
3288,-0.000903614457831381
3289,-7.530120481930025e-05
3290,-0.009939759036144635
3291,-0.0006400602409638023
3292,-7.530120481918923e-05
3293,-0.012801204819277101
3294,0.014420180722891529
3295,0.0016189759036144835
3296,0.009111445783132499
3297,0.0030873493975903665
3298,-0.0032756024096385894
3299,-0.011822289156626531
3300,0.00470632530120485
3301,-0.04322289156626513
3302,-0.016039156626506068
3303,-0.006099397590361488
3304,0.012010542168674698
3305,-0.0031626506024096113
3306,0.01426957831325304
3307,-0.006664156626506046
3308,-0.005233433734939785
3309,0.003840361445783036
3310,-0.005346385542168597
3311,-0.012198795180722921
3312,0.009789156626506035
3313,-0.020820783132530107
3314,-0.011521084337349385
3315,-0.006099397590361377
3316,0.00591114457831321
3317,0.024924698795180666
3318,-0.0061746987951806775
3319,-0.000301204819277201
3320,0.0010542168674698704
3321,-0.00463102409638555
3322,-0.00425451807228916
3323,0.03682228915662655
3324,-0.002936746987951877
3325,-0.009224397590361422
3326,-0.0003765060240963902
3327,0.010843373493976016
3328,-0.01174698795180723
3329,-0.006061746987951755
3330,-0.010655120481927682
3331,-0.003915662650602447
3332,0.0036897590361446575
3333,-0.003237951807228856
3334,0.008847891566265087
3335,-0.008320783132530096
3336,-0.003915662650602447
3337,-0.002221385542168719
3338,0.0221385542168675
3339,0.0004894578313253684
3340,-0.00553463855421682
3341,0.010881024096385583
3342,0.0030873493975903665
3343,-0.002296686746987908
3344,-0.006137048192771166
3345,0.0034262048192770234
3346,-0.014420180722891529
3347,-0.003501506024096379
3348,0.0009412650602409478
3349,-0.0003765060240963902
3350,0.011935240963855342
3351,-0.005685240963855365
3352,0.005082831325301185
3353,-0.014382530120481851
3354,-0.007718373493975916
3355,-0.001317771084337338
3356,-0.011897590361445831
3357,0.0033885542168674565
3358,0.0028614457831325213
3359,0.01652861445783138
3360,-0.03196536144578316
3361,0.001769578313253084
3362,0.02609186746987946
3363,0.0036897590361446575
3364,0.019954819277108404
3365,0.004141566265060237
3366,0.0002635542168675231
3367,0.020896084337349352
3368,0.004631024096385605
3369,0.010993975903614395
3370,-0.013554216867469882
3371,0.015286144578313343
3372,-0.01129518072289154
3373,-0.023606927710843384
3374,0.020105421686747005
3375,0.0037274096385542244
3376,0.010391566265060215
3377,-0.0015436746987951278
3378,-0.006701807228915668
3379,-0.0018072289156627064
3380,0.011822289156626531
3381,-0.014382530120481851
3382,0.007417168674698771
3383,-0.026656626506024184
3384,-0.010805722891566283
3385,-0.007906626506024084
3386,0.006890060240963836
3387,0.004216867469879482
3388,0.02183734939759041
3389,-0.009676204819277112
3390,0.0016189759036144835
3391,-0.01129518072289154
3392,-0.02055722891566264
3393,0.004894578313253017
3394,0.006212349397590411
3395,-0.0042921686746988374
3396,-0.002108433734939741
3397,-0.022740963855421736
3398,-0.01607680722891558
3399,0.0002635542168674121
3400,-0.014081325301204872
3401,0.0036144578313253017
3402,-0.002823795180722899
3403,-0.01144578313253014
3404,0.008019578313253062
3405,0.007379518072289093
3406,-0.018222891566264998
3407,-0.004969879518072318
3408,7.530120481924474e-05
3409,-0.007341867469879526
3410,-0.004856927710843395
3411,0.005798192771084398
3412,-0.010278614457831403
3413,0.014457831325301207
3414,0.010692771084337416
3415,-0.0011671686746987375
3416,0.010843373493976016
3417,0.021197289156626553
3418,-0.005873493975903588
3419,0.005873493975903532
3420,-0.017959337349397586
3421,0.002334337349397586
3422,-0.008621987951807242
3423,0.006852409638554158
3424,-0.004254518072289215
3425,-0.03478915662650606
3426,-0.009864457831325224
3427,0.000602409638554291
3428,0.009939759036144635
3429,-0.0073795180722891485
3430,0.01137048192771073
3431,-0.002259036144578286
3432,0.012763554216867479
3433,0.019465361445783147
3434,-0.0033509036144578896
3435,-0.004292168674698726
3436,0.008546686746987997
3437,-0.016340361445783158
3438,0.016189759036144613
3439,-0.002936746987951877
3440,0.002033132530120385
3441,0.003840361445783147
3442,-0.015060240963855331
3443,-0.002823795180722899
3444,-0.007718373493975916
3445,-0.01509789156626501
3446,-0.009676204819277112
3447,-0.008998493975903632
3448,0.008094879518072307
3449,-0.0004894578313252573
3450,0.010429216867469782
3451,-0.0014683734939759385
3452,0.005798192771084398
3453,0.01532379518072291
3454,0.02304216867469877
3455,-0.018034638554216886
3456,-0.026393072289156605
3457,0.007718373493975861
3458,0.0063629518072289
3459,-0.01069277108433736
3460,0.00835843373493983
3461,0.007492469879518127
3462,-0.00033885542168676785
3463,-0.009375000000000022
3464,-0.0034262048192771344
3465,-0.01871234939759031
3466,0.01671686746987955
3467,0.0005271084337349352
3468,0.003275602409638534
3469,-0.01641566265060246
3470,0.020218373493975927
3471,0.0013554216867469604
3472,-0.0015813253012048611
3473,-0.020933734939758974
3474,0.009375000000000022
3475,0.0048569277108434505
3476,0.013704819277108427
3477,-0.007567771084337316
3478,-0.016679216867469926
3479,-0.0023719879518072085
3480,-0.0020707831325301185
3481,0.004066265060240992
3482,0.006852409638554269
3483,-0.01204819277108432
3484,0.0
3485,-0.01950301204819277
3486,0.011257530120481918
3487,0.014043674698795194
3488,0.023870481927710907
3489,-0.009412650602409645
3490,-0.011634036144578364
3491,0.010128012048192803
3492,-7.530120481918923e-05
3493,-0.0018072289156626509
3494,-0.0047063253012047945
3495,0.0014307228915663162
3496,-0.002484939759036131
3497,-0.02631777108433736
3498,-0.011784638554216853
3499,-0.010617469879518115
3500,-0.0021460843373494187
3501,-0.0277861445783133
3502,-0.009262048192771155
3503,-0.01652861445783138
3504,0.0048569277108434505
3505,-0.007981927710843384
3506,0.004593373493975816
3507,0.011784638554216853
3508,-0.010353915662650592
3509,-0.011257530120481973
3510,-0.004631024096385605
3511,0.0075301204819276935
3512,-0.009600903614457812
3513,-0.007417168674698826
3514,-0.008245481927710852
3515,0.009751506024096468
3516,0.0036144578313253017
3517,-0.003200301204819289
3518,-0.019728915662650615
3519,0.01242469879518071
3520,-0.010278614457831403
3521,0.019051204819277023
3522,-0.007040662650602436
3523,0.02319277108433726
3524,0.028878012048192736
3525,-0.0015436746987951278
3526,-0.034977409638554224
3527,-0.0009412650602409478
3528,0.0031249999999999334
3529,-0.011144578313252995
3530,0.003012048192771122
3531,-0.023456325301204894
3532,-0.021536144578313265
3533,-0.01611445783132537
3534,-0.005233433734939785
3535,-0.01159638554216863
3536,0.013893072289156705
3537,0.005986445783132566
3538,-0.010918674698795205
3539,-0.009149096385542232
3540,0.002597891566265109
3541,0.01227409638554211
3542,0.008471385542168641
3543,-0.010090361445783125
3544,0.02003012048192776
3545,-0.0185993975903615
3546,-0.01822289156626511
3547,0.012876506024096401
3548,0.01091867469879515
3549,-0.01479668674698792
3550,-0.0010542168674698704
3551,-0.01457078313253013
3552,0.00591114457831321
3553,-0.03034638554216862
3554,-0.0030120481927710663
3555,0.009977409638554202
3556,-0.002108433734939741
3557,0.0042921686746988374
3558,-0.008734939759036164
3559,-0.008170180722891496
3560,-0.0182981927710843
3561,-0.005685240963855476
3562,-0.008245481927710852
3563,-0.0056099397590361755
3564,0.012236445783132543
3565,-0.026995481927710785
3566,0.019503012048192825
3567,-0.005120481927710807
3568,0.015060240963855387
3569,0.011634036144578364
3570,-0.004518072289156627
3571,-0.019992469879518138
3572,-0.015662650602409622
3573,0.005534638554216764
3574,-0.031061746987951833
3575,0.0024472891566265087
3576,0.010240963855421725
3577,-0.003237951807228856
3578,-0.006325301204819278
3579,0.007831325301204783
3580,0.014984939759036253
3581,-0.022628012048192758
3582,-0.0012424698795181488
3583,-0.003539156626506057
3584,-0.013177710843373491
3585,-0.008659638554216864
3586,0.013591867469879504
3587,-0.007756024096385594
3588,0.013855421686746916
3589,0.005534638554216875
3590,-0.016490963855421648
3591,0.0015813253012048056
3592,-0.013215361445783114
3593,-0.005572289156626498
3594,-0.008847891566265087
3595,0.015888554216867523
3596,-0.009563253012048245
3597,-0.0034262048192771344
3598,0.00033885542168676785
3599,-0.016867469879518038
3600,-0.0018448795180723288
3601,0.013102409638554247
3602,-0.01799698795180721
3603,-0.008320783132530096
3604,-0.0002635542168674676
3605,-0.0254518072289156
3606,-0.034939759036144546
3607,0.007680722891566294
3608,0.0003765060240963347
3609,0.0036144578313253017
3610,-0.005384036144578275
3611,-0.015888554216867468
3612,0.0004141566265060126
3613,0.013817771084337238
3614,0.004442771084337438
3615,-0.01637801204819278
3616,0.0031626506024096113
3617,-0.012123493975903621
3618,0.00011295180722892262
3619,-0.015361445783132532
3620,-0.0005647590361445576
3621,0.011408132530120518
3622,-0.023268072289156616
3623,-0.0044051204819277046
3624,0.0154743975903614
3625,-0.004480421686747005
3626,-0.004216867469879537
3627,-0.0017319277108433506
3628,-0.01957831325301207
3629,-0.01129518072289154
3630,-0.003915662650602447
3631,-0.00120481927710836
3632,-0.009412650602409645
3633,-0.0036144578313253573
3634,-3.765060240962237e-05
3635,0.009450301204819267
3636,-0.01532379518072291
3637,0.012537650602409633
3638,-0.015060240963855442
3639,0.009789156626506035
3640,0.014721385542168619
3641,-0.015286144578313232
3642,0.009487951807228945
3643,0.004819277108433773
3644,-0.007266566265060226
3645,-0.020707831325301185
3646,-0.0010918674698795483
3647,0.0034262048192770234
3648,3.765060240956686e-05
3649,0.0248870481927711
3650,0.013554216867469826
3651,-0.006890060240963947
3652,-0.013968373493975894
3653,0.018147590361445753
3654,-0.010278614457831292
3655,0.017545180722891573
3656,-0.005760542168674776
3657,0.009826807228915713
3658,-0.023418674698795217
3659,0.011746987951807286
3660,-0.026129518072289193
3661,-0.009337349397590344
3662,-0.012010542168674754
3663,0.006852409638554158
3664,-0.002484939759036131
3665,0.0016566265060241614
3666,-0.012612951807228934
3667,0.026920180722891596
3668,0.014909638554216786
3669,-0.004894578313253017
3670,-0.02737198795180723
3671,-0.009826807228915602
3672,0.012838855421686834
3673,0.0009412650602409478
3674,0.005572289156626442
3675,0.012311746987951788
3676,-0.005271084337349408
3677,-0.016039156626506013
3678,-0.012763554216867479
3679,0.00033885542168676785
3680,0.003275602409638534
3681,0.021950301204819334
3682,0.005384036144578386
3683,0.012311746987951788
3684,-0.022628012048192758
3685,0.00395331325301207
3686,0.009337349397590455
3687,0.02123493975903623
3688,-0.0042921686746988374
3689,0.011709337349397608
3690,-0.014382530120481851
3691,-0.0003765060240963902
3692,0.0054593373493976305
3693,-0.007868975903614517
3694,0.019917168674698726
3695,0.010504518072289137
3696,0.0016942771084337283
3697,-0.0029743975903614994
3698,-0.008772590361445842
3699,-0.016039156626506068
3700,-0.01302710843373489
3701,-0.009299698795180666
3702,0.006588855421686746
3703,0.00666415662650599
3704,0.008810240963855409
3705,0.0159262048192772
3706,-0.011257530120481973
3707,-0.006249999999999978
3708,-0.006249999999999978
3709,-0.01144578313253014
3710,0.004969879518072262
3711,-0.008546686746987886
3712,0.005271084337349352
3713,-0.011106927710843373
3714,-0.023908132530120474
3715,-0.005873493975903588
3716,0.012575301204819311
3717,0.004781626506023984
3718,0.0007906626506023473
3719,-0.019352409638554224
3720,0.005534638554216875
3721,0.005120481927710863
3722,0.002899096385542088
3723,0.002673192771084354
3724,0.00015060240963848948
3725,0.001769578313252973
3726,0.004442771084337438
3727,0.00030120481927709
3728,-0.0030496987951806886
3729,0.0012801204819277157
3730,-0.006965361445783136
3731,-0.008433734939759074
3732,0.00060240963855418
3733,0.002371987951807264
3734,-0.012123493975903565
3735,-0.002936746987951766
3736,-0.0009412650602409478
3737,0.0024472891566265087
3738,-0.014683734939759052
3739,0.002635542168674676
3740,0.021950301204819223
3741,0.011144578313253106
3742,0.01547439759036151
3743,-0.008320783132530096
3744,-0.006250000000000033
3745,0.006513554216867501
3746,-0.007454819277108393
3747,-0.011069277108433695
3748,-0.005459337349397575
3749,-0.002033132530120496
3750,-0.009450301204819267
3751,0.0025602409638554313
3752,-0.0039909638554216365
3753,-0.010316265060241026
3754,-0.006362951807228956
3755,0.0005647590361446131
3756,-0.013290662650602414
3757,-0.009036144578313254
3758,-0.006212349397590355
3759,-0.0001506024096386005
3760,-0.006927710843373458
3761,0.004141566265060237
3762,0.0063629518072289
3763,-0.0004141566265060681
3764,-0.011822289156626475
3765,0.005722891566265043
3766,0.009036144578313254
3767,0.0013930722891566383
3768,0.00560993975903612
3769,-0.008998493975903632
3770,-0.002033132530120496
3771,0.013893072289156705
3772,-0.01242469879518071
3773,0.01728162650602416
3774,-0.0155496987951807
3775,-0.004103915662650615
3776,-0.011031626506024073
3777,-0.002259036144578397
3778,-0.007605421686746938
3779,-0.006475903614457823
3780,0.007868975903614461
3781,-0.01762048192771093
3782,-0.004216867469879426
3783,-0.006475903614457823
3784,0.000301204819277201
3785,-0.014118975903614439
3786,0.0030873493975902555
3787,-0.01667921686746987
3788,0.00850903614457832
3789,0.007868975903614461
3790,0.002070783132530174
3791,-0.0044051204819277046
3792,0.00726656626506017
3793,-0.00463102409638555
3794,0.016189759036144613
3795,0.002409638554216942
3796,-0.003200301204819289
3797,-0.0042921686746988374
3798,-0.005760542168674665
3799,0.0030873493975903665
3800,0.014796686746987975
3801,0.008283132530120474
3802,-0.006513554216867445
3803,-0.008621987951807242
3804,-0.0008283132530120807
3805,-0.01302710843373489
3806,0.016942771084337394
3807,-0.01539909638554221
3808,0.016603915662650515
3809,-0.014118975903614439
3810,-0.0005271084337349907
3811,0.007040662650602436
3812,0.010090361445783236
3813,0.017093373493975883
3814,0.0007153614457832136
3815,-0.014608433734939807
3816,-0.01890060240963859
3817,0.002936746987951766
3818,-0.008734939759036164
3819,0.007417168674698771
3820,0.006739457831325346
3821,-0.0027484939759037097
3822,0.011295180722891596
3823,0.004216867469879482
3824,-0.025414156626506035
3825,-0.012876506024096401
3826,-0.006777108433734913
3827,0.020745481927710863
3828,0.006475903614457823
3829,-0.0019954819277108182
3830,-0.01479668674698803
3831,7.530120481924474e-05
3832,0.013290662650602414
3833,-0.006852409638554213
3834,-0.008245481927710852
3835,-0.038591867469879526
3836,0.011596385542168575
3837,-0.005233433734939785
3838,0.0003765060240963347
3839,-0.03015813253012045
3840,-0.0021084337349397964
3841,-0.0015813253012048611
3842,0.018373493975903488
3843,-0.017582831325301196
3844,-0.019088855421686757
3845,-0.008998493975903632
3846,-0.01167168674698793
3847,0.007492469879518016
3848,-0.007341867469879526
3849,-0.020067771084337327
3850,0.002597891566264998
3851,-0.0020707831325301185
3852,-0.0034638554216867568
3853,0.0033509036144578896
3854,0.008584337349397564
3855,-0.006212349397590355
3856,0.0
3857,0.006438253012048145
3858,-0.00493222891566264
3859,-0.002259036144578286
3860,0.011634036144578364
3861,-0.004480421686747005
3862,0.01927710843373498
3863,0.0127259036144578
3864,0.005534638554216764
3865,-0.017771084337349308
3866,-0.0056099397590361755
3867,-0.0056099397590361755
3868,0.007078313253012114
3869,0.004518072289156572
3870,0.014194277108433795
3871,0.010730421686746983
3872,-0.0077936746987951055
3873,-0.017771084337349308
3874,-0.000903614457831381
3875,0.0019954819277109292
3876,-0.010203313253011992
3877,0.004894578313253017
3878,0.012989457831325324
3879,-0.0002635542168674676
3880,0.007153614457831359
3881,-0.009864457831325224
3882,0.008923192771084332
3883,-0.001920180722891518
3884,0.01728162650602416
3885,3.765060240956686e-05
3886,0.008734939759036275
3887,0.006739457831325346
3888,-0.009111445783132555
3889,0.012085843373493943
3890,0.005421686746987953
3891,-0.006664156626506046
3892,0.01457078313253013
3893,-0.0027108433734939763
3894,-0.0007906626506024583
3895,0.017093373493975883
3896,-0.001016566265060359
3897,0.0021837349397589856
3898,0.0075301204819276935
3899,-0.010617469879518004
3900,0.013855421686746916
3901,0.0060617469879518104
3902,0.005534638554216875
3903,-0.0003765060240963902
3904,0.009111445783132499
3905,-0.013365963855421714
3906,-0.04209337349397596
3907,0.002108433734939741
3908,-0.007567771084337316
3909,-0.008509036144578264
3910,0.010052710843373558
3911,0.016641566265060304
3912,-0.015512048192771022
3913,0.005195783132530218
3914,0.013629518072289182
3915,-0.0035768072289156794
3916,-0.013554216867469882
3917,-0.022891566265060337
3918,-0.023493975903614517
3919,0.006551204819277179
3920,-0.007379518072289204
3921,-0.006325301204819278
3922,-0.0030496987951806886
3923,0.00500753012048194
3924,0.005722891566265043
3925,0.002296686746987908
3926,0.0015813253012048056
3927,-0.006475903614457823
3928,-0.005798192771084398
3929,-0.0042921686746988374
3930,0.007981927710843273
3931,0.010052710843373558
3932,0.002108433734939741
3933,3.765060240956686e-05
3934,-0.011972891566265131
3935,0.01046686746987946
3936,-0.0030496987951806886
3937,-0.016415662650602403
3938,-0.006099397590361377
3939,0.000865963855421592
3940,0.008245481927710907
3941,-0.0182981927710843
3942,0.0036144578313253017
3943,-0.00432981927710846
3944,-0.013403614457831281
3945,-0.021385542168674665
3946,-0.023493975903614517
3947,0.014344879518072395
3948,-0.009036144578313254
3949,-0.012198795180722921
3950,0.005948795180722999
3951,0.01758283132530114
3952,0.01291415662650608
3953,-0.00553463855421682
3954,-0.0126506024096385
3955,-0.01649096385542176
3956,0.0063629518072289
3957,-0.009412650602409645
3958,-0.006890060240963947
3959,-0.014382530120481962
3960,-0.01837349397590371
3961,-0.01167168674698793
3962,-0.008283132530120474
3963,0.0018825301204818956
3964,-0.0033509036144578896
3965,-0.01479668674698792
3966,0.01016566265060237
3967,0.018599397590361444
3968,0.004668674698795172
3969,0.010881024096385583
3970,0.003275602409638534
3971,-0.010768072289156605
3972,-0.005873493975903588
3973,7.530120481924474e-05
3974,0.009713855421686679
3975,0.019766566265060237
3976,-0.009111445783132555
3977,-0.01822289156626511
3978,-0.004367469879518027
3979,0.005609939759036231
3980,0.0063253012048192225
3981,-0.018637048192771066
3982,0.007680722891566294
3983,-0.002108433734939741
3984,-0.005572289156626553
3985,-0.002221385542168719
3986,0.005685240963855365
3987,-0.005233433734939785
3988,0.0028237951807228434
3989,0.0045557228915662495
3990,-0.0032756024096385894
3991,0.0042921686746988374
3992,-0.015135542168674743
3993,-0.003501506024096379
3994,-0.002259036144578286
3995,0.005384036144578275
3996,0.013704819277108427
3997,-0.01739457831325303
3998,-0.006852409638554213
3999,-0.02484939759036142
4000,-0.0185240963855422
4001,0.005082831325301185
4002,0.007643072289156727
4003,-0.03177710843373499
4004,0.0018825301204818956
4005,0.0008659638554217031
4006,-0.007191265060240926
4007,-0.010015060240963825
4008,0.007379518072289093
4009,-0.005948795180722943
4010,-0.0026731927710842984
4011,0.020670180722891618
4012,0.0060617469879518104
4013,-0.011144578313252995
4014,-0.0036144578313252462
4015,0.007078313253012114
4016,0.01457078313253013
4017,-0.012123493975903565
4018,0.004028614457831203
4019,-0.002108433734939741
4020,0.016189759036144613
4021,0.005233433734939785
4022,-0.002522590361445809
4023,0.006475903614457823
4024,-0.008283132530120474
4025,-0.009224397590361366
4026,-0.004969879518072318
4027,-0.0035015060240964346
4028,0.018034638554216942
4029,0.005572289156626442
4030,-0.008734939759036053
4031,0.0039909638554216365
4032,-0.006400602409638578
4033,-0.004894578313253017
4034,0.012763554216867479
4035,-0.0034638554216867012
4036,-0.01287650602409629
4037,0.002710843373494032
4038,-0.009375000000000022
4039,0.003915662650602392
4040,0.0031626506024097223
4041,-0.006814759036144535
4042,0.013215361445783058
4043,0.015625
4044,0.01167168674698793
4045,-0.014759036144578241
4046,-0.00425451807228916
4047,0.0005271084337349352
4048,0.025000000000000022
4049,-0.005986445783132566
4050,0.0
4051,0.001167168674698793
4052,-0.016566265060240948
4053,0.0022213855421686635
4054,0.016340361445783103
4055,-0.010579819277108382
4056,-0.0016942771084337283
4057,0.009073795180722821
4058,-0.00395331325301207
4059,0.012387048192771144
4060,-0.012311746987951733
4061,-0.008283132530120474
4062,-0.0037274096385542244
4063,0.006400602409638578
4064,0.005647590361445798
4065,-0.0004894578313252573
4066,-0.012612951807228934
4067,-0.01069277108433736
4068,-0.026506024096385583
4069,0.003878012048192714
4070,0.001769578313253084
4071,0.006513554216867501
4072,0.00033885542168676785
4073,0.002409638554216942
4074,-0.024322289156626486
4075,0.003501506024096379
4076,-0.020820783132530107
4077,-0.007605421686746994
4078,-0.0013930722891565828
4079,-0.002484939759036131
4080,0.0004894578313253684
4081,-0.002936746987951766
4082,0.0036897590361446575
4083,-0.014420180722891529
4084,-0.004819277108433828
4085,-0.008584337349397564
4086,0.0033885542168674565
4087,-0.022515060240963947
4088,-0.012236445783132543
4089,0.0013930722891565273
4090,0.010504518072289137
4091,-0.013817771084337349
4092,-0.006890060240963836
4093,0.010015060240963769
4094,0.014909638554216897
4095,-0.01750753012048195
4096,0.011483433734939763
4097,0.007793674698795217
4098,0.014796686746987975
4099,-0.004442771084337438
4100,-0.002597891566265109
4101,0.004668674698795172
4102,0.0060240963855421326
4103,0.0016942771084337283
4104,-0.002710843373493921
4105,0.00820783132530123
4106,0.002371987951807153
4107,0.008170180722891551
4108,0.026016566265060215
4109,-0.0126506024096385
4110,0.006400602409638578
4111,0.002296686746987908
4112,-0.013177710843373491
4113,-0.0024096385542168863
4114,-0.01814759036144581
4115,-0.0013930722891566383
4116,-0.007003012048192758
4117,-0.01487198795180722
4118,0.015248493975903665
4119,0.01728162650602416
4120,-0.025414156626506035
4121,0.012876506024096401
4122,-0.008998493975903632
4123,-0.01069277108433736
4124,0.009638554216867434
4125,0.007454819277108449
4126,0.0033132530120482118
4127,-0.0021460843373494187
4128,0.0015813253012048056
4129,-0.0030873493975903665
4130,0.0034638554216868123
4131,0.005233433734939674
4132,0.004631024096385605
4133,-0.002221385542168719
4134,-0.006024096385542188
4135,0.000903614457831381
4136,0.0025225903614457534
4137,0.010429216867469893
4138,0.01667921686746976
4139,-0.006814759036144646
4140,-0.004141566265060237
4141,0.002108433734939741
4142,-0.004518072289156627
4143,0.0045557228915662495
4144,0.012387048192771144
4145,0.004028614457831314
4146,0.00986445783132528
4147,-0.010542168674698815
4148,0.006475903614457823
4149,-0.009638554216867434
4150,0.01046686746987946
4151,-0.020105421686747005
4152,0.0019578313253011403
4153,0.015625
4154,0.002070783132530174
4155,-0.008019578313253006
4156,-0.0042921686746988374
4157,-0.00011295180722892262
4158,0.006212349397590411
4159,-0.024246987951807186
4160,-0.02202560240963858
4161,-0.009939759036144635
4162,-0.0024472891566265087
4163,0.00045180722891557945
4164,-0.020444277108433828
4165,-0.008734939759036053
4166,0.010391566265060215
4167,0.009186746987951855
4168,0.0034262048192770234
4169,-0.011558734939758952
4170,0.01667921686746987
4171,-0.007756024096385594
4172,-0.009487951807228945
4173,0.0031626506024097223
4174,0.00805722891566274
4175,3.765060240956686e-05
4176,0.007379518072289093
4177,-0.011445783132530085
4178,0.0028237951807228434
4179,-0.0010918674698795483
4180,-0.012236445783132543
4181,-0.02661897590361445
4182,-0.023682228915662684
4183,-0.01524849397590361
4184,0.007304216867469959
4185,-0.009375000000000022
4186,-0.004216867469879426
4187,0.020707831325301185
4188,0.0022590361445783413
4189,0.00033885542168676785
4190,-0.025263554216867434
4191,0.009713855421686679
4192,-0.006965361445783136
4193,0.002710843373494032
4194,0.004028614457831314
4195,-0.008283132530120474
4196,0.01291415662650608
4197,0.014646084337349485
4198,-0.01524849397590361
4199,0.01076807228915655
4200,-0.011558734939759063
4201,0.0036521084337348686
4202,-0.0001506024096386005
4203,0.00790662650602414
4204,0.0054593373493976305
4205,-0.007266566265060226
4206,-0.008471385542168697
4207,0.014608433734939696
4208,-0.0029743975903614994
4209,-0.009939759036144635
4210,0.0031249999999999334
4211,-0.005346385542168708
4212,-0.01769578313253012
4213,0.0013930722891565273
4214,0.009487951807228834
4215,0.005798192771084287
4216,0.009902108433734957
4217,-0.008471385542168697
4218,0.0045557228915662495
4219,-0.003802710843373469
4220,-0.0027108433734939763
4221,0.009638554216867434
4222,0.0005271084337349352
4223,0.002409638554216942
4224,0.005233433734939785
4225,0.01607680722891569
4226,-0.005647590361445798
4227,-0.010542168674698815
4228,0.007605421686746938
4229,-0.0012424698795179823
4230,-0.006061746987951755
4231,0.014834337349397653
4232,0.009299698795180777
4233,0.007868975903614461
4234,-0.02055722891566264
4235,0.0017319277108434061
4236,0.014118975903614439
4237,-0.0012424698795180378
4238,0.0011295180722891152
4239,-0.002635542168674676
4240,-0.004179216867469859
4241,0.0010542168674699814
4242,0.003802710843373469
4243,0.002673192771084354
4244,-0.0018072289156627064
4245,0.006588855421686746
4246,0.011408132530120518
4247,0.017507530120481896
4248,0.012914156626505968
4249,-0.0024472891566265087
4250,-0.005986445783132566
4251,0.025150602409638623
4252,-0.011257530120481973
4253,0.01031626506024097
4254,-0.01769578313253012
4255,0.010128012048192803
4256,0.0019954819277108182
4257,0.0019954819277108182
4258,-0.007605421686746994
4259,0.012838855421686723
4260,0.0012801204819277157
4261,-0.005986445783132566
4262,0.008019578313253062
4263,-0.003840361445783147
4264,0.01788403614457834
4265,0.01121987951807224
4266,0.015625
4267,-0.014608433734939752
4268,0.010692771084337416
4269,0.0009412650602409478
4270,-0.0004141566265060126
4271,-0.005120481927710807
4272,-0.009789156626506035
4273,-0.0001506024096386005
4274,0.014984939759036142
4275,-0.0011295180722891707
4276,0.003539156626506057
4277,-0.009111445783132555
4278,0.013441265060240903
4279,0.0019578313253012514
4280,-0.01419427710843374
4281,0.0072289156626504925
4282,-0.010730421686746983
4283,0.004367469879518082
4284,0.01046686746987957
4285,-0.006664156626505935
4286,-0.010240963855421614
4287,-0.009299698795180722
4288,0.0009412650602409478
4289,0.0037650602409639022
4290,-0.013704819277108482
4291,-0.01769578313253012
4292,0.017507530120481896
4293,0.008245481927710907
4294,-0.01874999999999999
4295,-0.009149096385542232
4296,-0.015323795180722799
4297,0.009412650602409589
4298,-0.020143072289156627
4299,0.004819277108433773
4300,0.010617469879517949
4301,-0.009337349397590344
4302,-0.013930722891566272
4303,0.005835843373493965
4304,-0.00060240963855418
4305,-0.0007530120481927804
4306,0.015248493975903665
4307,-0.00395331325301207
4308,-0.0001506024096386005
4309,0.01197289156626502
4310,0.0017319277108432951
4311,-0.011897590361445776
4312,0.0010918674698795483
4313,0.0006400602409637468
4314,-0.011182228915662673
4315,0.005798192771084398
4316,0.013064759036144569
4317,-0.013328313253012092
4318,-0.008207831325301174
4319,-0.010579819277108493
4320,0.009826807228915602
4321,0.009299698795180666
4322,0.0042921686746988374
4323,-0.0027108433734939763
4324,-0.003087349397590311
4325,-0.009299698795180722
4326,0.011408132530120518
4327,0.007643072289156727
4328,-0.009337349397590455
4329,0.0033132530120482118
4330,0.006814759036144591
4331,0.0006777108433734247
4332,-0.008057228915662684
4333,0.024661144578313254
4334,-0.005195783132530107
4335,-0.010128012048192803
4336,0.011144578313252995
4337,0.00500753012048194
4338,-0.017884036144578286
4339,0.013253012048192736
4340,0.006513554216867501
4341,-0.004518072289156627
4342,0.033433734939758986
4343,-0.012161144578313243
4344,-0.010579819277108382
4345,0.002108433734939852
4346,0.019352409638554113
4347,-0.011634036144578364
4348,-0.014457831325301262
4349,-0.009600903614457812
4350,0.005271084337349352
4351,0.00896084337349401
4352,-0.004819277108433828
4353,0.003840361445783036
4354,-0.014382530120481962
4355,-0.029932228915662662
4356,-0.015060240963855442
4357,0.009149096385542177
4358,0.001506024096385561
4359,-0.011859939759036153
4360,0.003501506024096379
4361,0.009412650602409589
4362,0.017959337349397586
4363,-0.00045180722891557945
4364,-0.01957831325301207
4365,0.01487198795180722
4366,0.0004141566265060126
4367,-0.01682981927710847
4368,-0.020707831325301185
4369,0.016001506024096335
4370,-0.0018448795180722177
4371,-0.00425451807228916
4372,0.016415662650602347
4373,0.005798192771084398
4374,0.020444277108433773
4375,0.01106927710843364
4376,-0.028463855421686723
4377,-0.02270331325301206
4378,-0.0003765060240963902
4379,-0.015737951807228978
4380,-0.004179216867469859
4381,0.0004518072289156905
4382,-0.004141566265060237
4383,0.017846385542168663
4384,-0.01389307228915665
4385,0.004329819277108404
4386,0.009525602409638512
4387,-0.017168674698795128
4388,-0.03012048192771083
4389,-0.006287650602409656
4390,0.001506024096385561
4391,0.024359939759036053
4392,0.01487198795180722
4393,-0.03317018072289152
4394,0.003878012048192825
4395,-0.0006400602409638023
4396,-0.01509789156626501
4397,0.0013177710843373935
4398,0.005647590361445798
4399,-0.01174698795180723
4400,0.011332831325301163
4401,-0.001920180722891518
4402,-0.007756024096385483
4403,-0.015286144578313232
4404,0.00011295180722892262
4405,-0.002522590361445809
4406,-0.006965361445783136
4407,-0.0038780120481927693
4408,-0.011558734939758952
4409,0.0016566265060241614
4410,-0.009375000000000022
4411,0.022477409638554158
4412,0.002635542168674676
4413,-0.02018072289156625
4414,-0.022176204819277068
4415,-0.010956325301204883
4416,0.0024472891566265087
4417,-0.01946536144578309
4418,0.006212349397590411
4419,0.022966867469879526
4420,0.02338102409638554
4421,-0.013930722891566272
4422,0.010391566265060215
4423,-0.0023343373493975306
4424,0.0025225903614457534
4425,0.010203313253012047
4426,0.009600903614457867
4427,-0.0026731927710842984
4428,-0.0006400602409638578
4429,-0.003840361445783147
4430,0.0037274096385542244
4431,0.008546686746987997
4432,0.0012801204819277157
4433,0.0060240963855421326
4434,0.005685240963855365
4435,-0.04262048192771084
4436,0.012198795180722977
4437,-0.023305722891566294
4438,-0.003539156626506057
4439,0.007680722891566294
4440,0.006513554216867501
4441,0.0025602409638555423
4442,-0.0030120481927710663
4443,0.009036144578313254
4444,-0.005948795180722888
4445,0.020707831325301185
4446,-0.015662650602409622
4447,0.00666415662650599
4448,-0.0006777108433734802
4449,0.0022213855421686635
4450,-0.0020707831325301185
4451,-0.0008283132530120807
4452,0.0006400602409638578
4453,0.006174698795180733
4454,-0.013478915662650692
4455,-0.0002635542168674676
4456,0.028765060240963924
4457,0.0037650602409639022
4458,-0.006438253012048145
4459,-0.008847891566265087
4460,0.008998493975903687
4461,0.01031626506024097
4462,-0.002936746987951766
4463,0.005911144578313321
4464,0.0024472891566265087
4465,0.007341867469879526
4466,-0.015436746987951833
4467,0.004781626506023984
4468,0.0025602409638554313
4469,0.018637048192771122
4470,-0.009713855421686735
4471,-0.017243975903614428
4472,-0.010015060240963825
4473,0.002673192771084354
4474,-0.0036897590361445465
4475,0.006890060240963836
4476,0.0017319277108432951
4477,-0.013667168674698804
4478,0.001506024096385561
4479,0.00395331325301207
4480,-0.00022590361445778973
4481,-0.0024472891566265087
4482,0.004405120481927649
4483,-0.0033509036144578896
4484,0.008283132530120474
4485,-0.018787650602409667
4486,0.0003765060240963347
4487,0.0092620481927711
4488,0.0019201807228915735
4489,0.0006400602409637468
4490,0.011295180722891596
4491,-0.01698042168674696
4492,0.0028237951807228434
4493,-0.0190888554216867
4494,-0.011972891566265131
4495,0.016039156626506013
4496,-0.0027861445783132766
4497,-0.007115963855421736
4498,0.0004894578313252573
4499,-0.00553463855421682
4500,-0.0029743975903614994
4501,-0.018787650602409667
4502,-0.014909638554216842
4503,-0.005760542168674665
4504,-0.010165662650602425
4505,0.0016942771084337283
4506,0.009299698795180666
4507,-0.007266566265060226
4508,0.00530873493975903
4509,0.001769578313253084
4510,-0.011408132530120463
4511,0.00033885542168676785
4512,0.002635542168674676
4513,-0.0048569277108433395
4514,-0.013968373493975894
4515,-0.010052710843373447
4516,-0.008659638554216864
4517,-0.017394578313252917
4518,0.0004141566265060126
4519,-0.023531626506024084
4520,0.017206325301204806
4521,-0.009525602409638512
4522,0.00892319277108422
4523,0.003237951807228856
4524,-0.01912650602409638
4525,-0.022778614457831303
4526,0.015361445783132588
4527,0.011972891566265131
4528,0.0042921686746988374
4529,-0.002259036144578286
4530,-0.013403614457831281
4531,0.009149096385542177
4532,0.011144578313252995
4533,-0.0029743975903614994
4534,0.0019201807228915735
4535,-0.005835843373493965
4536,-0.01600150602409639
4537,0.015549698795180755
4538,0.0
4539,-0.0023719879518072085
4540,-0.007605421686746994
4541,-0.009487951807228834
4542,-0.007078313253012114
4543,-0.0013554216867469604
4544,-0.018034638554216886
4545,0.005045180722891618
4546,-0.00060240963855418
4547,-0.021762048192771055
4548,0.019766566265060237
4549,0.0034262048192771344
4550,-0.007680722891566294
4551,0.029329819277108427
4552,0.004141566265060237
4553,0.008810240963855409
4554,-0.004894578313253017
4555,-0.014834337349397597
4556,-0.0013554216867469604
4557,0.0004894578313252573
4558,0.013855421686747027
4559,-0.011144578313252995
4560,-0.007906626506024084
4561,0.022063253012048256
4562,-0.02387048192771085
4563,0.0018072289156626509
4564,0.0034638554216867012
4565,0.011483433734939763
4566,-0.009826807228915602
4567,-0.024774096385542066
4568,-0.004518072289156627
4569,-0.000903614457831381
4570,-0.0018448795180723288
4571,0.0018825301204818956
4572,0.011106927710843428
4573,0.006287650602409656
4574,0.0022966867469880192
4575,0.012537650602409522
4576,0.006174698795180733
4577,0.010730421686746983
4578,0.014307228915662606
4579,-0.011332831325301163
4580,0.013441265060241014
4581,0.010128012048192803
4582,-0.007078313253012114
4583,-0.019239457831325357
4584,-0.010843373493975905
4585,-0.020444277108433717
4586,0.005082831325301185
4587,0.005609939759036231
4588,0.004894578313253017
4589,-0.017432228915662706
4590,-0.020594879518072318
4591,0.011182228915662673
4592,-0.0073795180722891485
4593,0.019804216867469804
4594,-0.005045180722891618
4595,-0.019992469879518027
4596,-0.0008283132530119697
4597,-0.0014307228915662606
4598,-0.005346385542168597
4599,-0.0045557228915662495
4600,0.008621987951807242
4601,0.008847891566265087
4602,-0.0031626506024096668
4603,-0.02684487951807235
4604,-0.010015060240963825
4605,-0.0019954819277109292
4606,-0.009826807228915602
4607,0.0002635542168675231
4608,0.02684487951807235
4609,-0.011897590361445776
4610,-0.0009789156626505702
4611,0.0154743975903614
4612,0.011144578313252995
4613,0.002710843373493921
4614,0.007454819277108449
4615,0.006551204819277179
4616,-0.024472891566265087
4617,0.003501506024096379
4618,-0.0007530120481927804
4619,0.009337349397590455
4620,-0.010165662650602425
4621,-0.0159262048192772
4622,-0.013365963855421714
4623,-0.004367469879518027
4624,-0.00022590361445790075
4625,0.0013177710843373935
4626,-0.01167168674698793
4627,-0.005572289156626553
4628,-0.012914156626505913
4629,-0.006965361445783136
4630,-0.0005271084337349907
4631,-0.009826807228915602
4632,-0.008734939759036164
4633,0.021950301204819223
4634,-0.001317771084337338
4635,-0.005120481927710807
4636,-0.005082831325301185
4637,-0.01234939759036141
4638,-0.0012801204819277712
4639,0.005835843373493965
4640,0.011106927710843428
4641,-0.00395331325301207
4642,0.01818524096385543
4643,-0.025677710843373502
4644,-0.013478915662650581
4645,-0.0016566265060240504
4646,-0.0008283132530120807
4647,0.0013554216867469604
4648,0.013253012048192736
4649,0.00820783132530123
4650,0.015248493975903665
4651,-0.0007153614457831581
4652,0.02929216867469875
4653,-0.012010542168674754
4654,-0.013968373493975894
4655,-0.01615210843373488
4656,-0.017243975903614428
4657,-0.0005271084337349907
4658,0.0004141566265061236
4659,0.007643072289156616
4660,0.0048569277108434505
4661,0.004179216867469804
4662,-0.012349397590361522
4663,-0.010429216867469837
4664,-0.015135542168674743
4665,0.02850150602409629
4666,0.009073795180722821
4667,0.016716867469879437
4668,-0.004518072289156627
4669,-0.0027108433734939763
4670,0.024209337349397564
4671,-0.013554216867469882
4672,-0.0037650602409638467
4673,0.012198795180722977
4674,0.004932228915662584
4675,-0.006250000000000033
4676,-0.005835843373493965
4677,0.015210843373493987
4678,0.005911144578313321
4679,-0.008057228915662684
4680,-0.010353915662650592
4681,0.008621987951807242
4682,0.014307228915662606
4683,-0.017959337349397586
4684,-0.0030873493975903665
4685,0.001769578313252973
4686,0.002070783132530174
4687,0.0013554216867470714
4688,-0.015361445783132588
4689,0.0042921686746988374
4690,-0.0001129518072288116
4691,-0.0017319277108433506
4692,-0.006362951807228956
4693,-0.0006777108433734802
4694,-0.024623493975903632
4695,-0.006814759036144646
4696,0.004819277108433773
4697,-0.006965361445783136
4698,-0.0028614457831325213
4699,-0.010128012048192803
4700,0.007191265060240926
4701,0.00896084337349401
4702,-0.022552710843373514
4703,0.0348644578313253
4704,0.02093373493975903
4705,-0.011897590361445776
4706,-0.0034638554216867568
4707,-0.009224397590361422
4708,-0.012462349397590333
4709,0.0013177710843373935
4710,0.005534638554216764
4711,-0.004179216867469859
4712,0.00033885542168665683
4713,-0.007680722891566294
4714,-0.006777108433734913
4715,0.000301204819277201
4716,-0.022439759036144535
4717,-0.010203313253011992
4718,-0.002296686746987908
4719,0.015963855421686768
4720,-0.011408132530120574
4721,0.013290662650602525
4722,-0.015512048192771022
4723,-0.014156626506024172
4724,-0.0004141566265060126
4725,-0.0003765060240963902
4726,-0.0044051204819277046
4727,-0.007567771084337316
4728,-0.004932228915662695
4729,-0.009525602409638512
4730,0.016490963855421703
4731,0.01777108433734942
4732,-0.005346385542168708
4733,0.0015436746987951278
4734,0.011596385542168686
4735,-0.004103915662650615
4736,0.028727409638554247
4737,0.01091867469879515
4738,-0.008433734939759074
4739,-0.02692018072289154
4740,0.0063629518072289
4741,-0.005459337349397575
4742,0.0025225903614457534
4743,0.0013930722891565273
4744,-0.0015436746987951278
4745,-0.004141566265060237
4746,0.00120481927710836
4747,-0.024284638554216864
4748,0.015963855421686768
4749,-0.0018825301204819511
4750,0.008584337349397675
4751,0.00666415662650599
4752,0.002673192771084354
4753,-0.021272590361445798
4754,0.019503012048192825
4755,0.002597891566265109
4756,0.014796686746987975
4757,0.006099397590361488
4758,-0.0413780120481928
4759,-0.01660391566265057
4760,-0.01197289156626502
4761,-0.005534638554216875
4762,-0.007454819277108504
4763,-0.010052710843373447
4764,-0.008998493975903632
4765,-0.0012424698795181488
4766,0.0072289156626506035
4767,0.010730421686746983
4768,0.004518072289156572
4769,-0.012198795180722866
4770,-0.004969879518072207
4771,0.008471385542168641
4772,-0.01351656626506026
4773,0.007868975903614461
4774,-0.010165662650602425
4775,0.018938253012048212
4776,-0.0059111445783132655
4777,0.01788403614457834
4778,0.004932228915662584
4779,0.014796686746987975
4780,0.014156626506024117
4781,-0.013780120481927671
4782,-0.004593373493975816
4783,0.014457831325301207
4784,-0.01532379518072291
4785,-0.016039156626506013
4786,0.0016942771084337283
4787,0.010993975903614506
4788,-0.01129518072289154
4789,-0.002484939759036131
4790,-0.005685240963855365
4791,-0.012575301204819311
4792,-0.021950301204819167
4793,-0.0013930722891567493
4794,0.0037650602409639022
4795,-0.006362951807228956
4796,0.016302710843373536
4797,0.01351656626506026
4798,0.0037650602409639022
4799,-0.013667168674698804
4800,0.008734939759036164
4801,-0.009299698795180722
4802,-0.007868975903614517
4803,0.020896084337349352
4804,-0.004442771084337438
4805,0.002936746987951877
4806,-0.008245481927710796
4807,-0.023418674698795106
4808,-0.005459337349397575
4809,-0.002296686746987908
4810,-0.00011295180722892262
4811,0.004254518072289271
4812,0.013742469879518104
4813,-0.010730421686747094
4814,0.007492469879518127
4815,-0.017394578313252917
4816,0.013704819277108427
4817,0.00726656626506017
4818,0.0010918674698794373
4819,-0.006814759036144535
4820,0.0034262048192770234
4821,0.005685240963855365
4822,0.019013554216867457
4823,0.0045557228915662495
4824,0.00696536144578308
4825,-0.0042921686746988374
4826,0.012236445783132543
4827,-0.019239457831325357
4828,0.03339608433734931
4829,0.0025225903614457534
4830,0.0007530120481927804
4831,0.006777108433734913
4832,-0.003200301204819289
4833,-0.017281626506024106
4834,0.016340361445783103
4835,-0.010278614457831292
4836,0.014194277108433684
4837,-0.0045557228915662495
4838,0.0154743975903614
4839,0.007756024096385539
4840,0.019239457831325302
4841,-0.003539156626506057
4842,0.0075301204819276935
4843,0.006212349397590411
4844,-0.004216867469879537
4845,-0.002522590361445809
4846,-0.012537650602409689
4847,0.010956325301204828
4848,0.0025225903614457534
4849,-0.0007906626506024028
4850,-0.0021837349397590966
4851,0.005346385542168597
4852,0.018109939759036076
4853,0.011483433734939763
4854,0.006287650602409656
4855,-0.014984939759036198
4856,-0.008659638554216864
4857,-0.0031250000000000444
4858,0.008433734939759074
4859,-0.01735692771084335
4860,0.009525602409638512
4861,-0.005459337349397575
4862,0.00696536144578308
4863,0.017808734939759097
4864,-0.005271084337349408
4865,-0.0005647590361445576
4866,-0.003539156626506057
4867,0.015436746987951833
4868,0.0072289156626506035
4869,0.006400602409638578
4870,-0.021987951807228845
4871,0.0022213855421686635
4872,-0.0028990963855422547
4873,-0.005798192771084398
4874,0.015662650602409567
4875,0.018524096385542088
4876,-0.0009412650602409478
4877,-0.005685240963855365
4878,-0.006626506024096368
4879,-0.004066265060240937
4880,-0.0013930722891566383
4881,-0.0011295180722891707
4882,0.003275602409638534
4883,0.012048192771084376
4884,-0.0037274096385542244
4885,0.0019578313253011403
4886,-0.0042921686746988374
4887,-0.017281626506024106
4888,0.018298192771084354
4889,-0.008245481927710852
4890,0.004593373493975816
4891,-0.004216867469879426
4892,0.011822289156626531
4893,-0.012198795180722921
4894,0.0010165662650603036
4895,-0.024134036144578264
4896,-0.0027861445783132766
4897,0.007115963855421681
4898,0.0015813253012048056
4899,-0.009224397590361422
4900,-0.00030120481927709
4901,-0.009789156626506035
4902,-0.01713102409638556
4903,0.0022213855421686635
4904,0.02078313253012054
4905,0.028012048192771144
4906,-0.013177710843373491
4907,0.00011295180722892262
4908,0.009036144578313254
4909,-0.002823795180722899
4910,0.016302710843373536
4911,0.004894578313253017
4912,0.0045557228915662495
4913,0.014118975903614439
4914,0.00470632530120485
4915,-0.0012424698795180378
4916,-0.013591867469879504
4917,0.019164156626506057
4918,-0.0042921686746988374
4919,0.005421686746987953
4920,-0.01487198795180722
4921,0.022703313253012003
4922,0.003915662650602392
4923,-0.009864457831325335
4924,0.009713855421686679
4925,-0.010579819277108382
4926,0.01882530120481929
4927,0.006400602409638578
4928,-0.012688253012048234
4929,-0.0015813253012048611
4930,0.004480421686746894
4931,0.004593373493975927
4932,0.009638554216867434
4933,0.002409638554216942
4934,0.010240963855421614
4935,0.009224397590361422
4936,-7.530120481930025e-05
4937,-0.003689759036144491
4938,0.01852409638554231
4939,0.014759036144578297
4940,0.010993975903614395
4941,-0.007680722891566294
4942,0.009638554216867434
4943,-0.0023719879518073195
4944,-0.01242469879518071
4945,0.008471385542168641
4946,0.014570783132530019
4947,-0.0026731927710842984
4948,0.0021837349397589856
4949,0.0004141566265060126
4950,0.030835843373493876
4951,-0.013102409638554191
4952,0.01942771084337347
4953,-0.009826807228915602
4954,0.0034262048192770234
4955,0.005647590361445798
4956,-0.034262048192771066
4957,-0.009789156626506035
4958,0.0021837349397590966
4959,-0.005346385542168597
4960,-0.008057228915662684
4961,0.00850903614457832
4962,0.003915662650602392
4963,0.008094879518072307
4964,-0.025338855421686735
4965,-0.014984939759036142
4966,0.011784638554216853
4967,-0.013177710843373491
4968,-0.012499999999999956
4969,-0.011596385542168741
4970,-0.004593373493975816
4971,0.0024849397590360756
4972,0.004932228915662584
4973,0.003802710843373469
4974,0.01106927710843375
4975,0.017394578313252973
4976,-0.003501506024096379
4977,-0.0003765060240963902
4978,-0.007981927710843328
4979,0.008132530120481873
4980,-0.0008283132530119697
4981,0.007379518072289093
4982,-0.004819277108433606
4983,0.0004894578313253684
4984,-0.006965361445783136
4985,0.003200301204819289
4986,0.0005271084337349352
4987,-0.005459337349397575
4988,-0.01509789156626512
4989,0.003275602409638534
4990,0.008433734939759074
4991,-0.008885542168674654
4992,-0.006362951807228956
4993,-0.008471385542168697
4994,0.013742469879518104
4995,-0.0001506024096386005
4996,-0.0018072289156626509
4997,-0.02981927710843374
4998,-0.008396084337349452
4999,0.003012048192771122
