replicate,mean_percentile_effect
0,0.0034690799396680516
1,0.019117647058823684
2,0.01225490196078427
3,0.0032428355957768717
4,-0.0002262443438913464
5,0.0
6,0.0009426847662141746
7,-0.00957767722473607
8,0.007918552036199067
9,0.004449472096530793
10,-0.025867269984917007
11,0.004110105580693801
12,-0.0015837104072397579
13,0.0002639517345398579
14,-0.0004524886877828038
15,0.009162895927601777
16,0.0007164404223227727
17,0.0037330316742081315
18,0.022322775263951766
19,0.004638009049773739
20,0.00987933634992455
21,0.008672699849170407
22,-0.01508295625942685
23,0.009653092006033148
24,-0.004638009049773739
25,-0.009162895927601777
26,0.005542986425339347
27,-0.014404223227752644
28,0.021078431372549056
29,0.0064102564102563875
30,-0.0005279034690799933
31,-0.016779788838612364
32,0.01225490196078427
33,-0.00882352941176473
34,0.008710407239819085
35,-0.011123680241327316
36,0.004449472096531015
37,0.012556561085972806
38,-0.008748114630467652
39,0.002375565610859831
40,-0.011425339366515797
41,0.013499245852187092
42,0.015120663650075361
43,0.01251885369532435
44,0.00837104072398187
45,0.013989441930618352
46,0.011840120663650144
47,-0.00806938159879339
48,0.018815987933635037
49,-0.004788838612367952
50,-0.013536953242835548
51,-0.01953242835595781
52,-0.0007918552036198512
53,0.011613876319758631
54,-0.014102564102564052
55,0.006636500754147789
56,0.010030165912518818
57,-0.010746606334841646
58,-0.007088989441930704
59,-0.012631975867269996
60,-0.0003393665158371584
61,0.02326546003016583
62,0.017722473604826594
63,-0.010972850678732993
64,-0.00882352941176473
65,0.0
66,-0.003016591251885359
67,-0.02100301659125181
68,-0.012292609351432837
69,-0.010218702865761653
70,-0.012895927601809909
71,-7.541478129713397e-05
72,0.007616892911010531
73,0.0005656108597285048
74,-0.0039592760180995334
75,-0.003355957767722406
76,-0.016855203619909498
77,0.0004901960784313708
78,-0.011387631975867285
79,-0.0004147812971341813
80,0.01791101055806943
81,-0.004072398190045234
82,0.012104072398190002
83,-0.01915535444947214
84,-0.015610859728506843
85,-0.002262443438914019
86,-0.003054298642533926
87,0.0007164404223227727
88,-0.017873303167420862
89,-0.009087481146304643
90,0.02665912518853686
91,-0.015045248868778338
92,-0.005957767722473695
93,-0.008936651583710431
94,0.010030165912518818
95,0.0063725490196079315
96,0.011953242835595845
97,-0.008144796380090524
98,-0.012481146304675672
99,0.01176470588235301
100,-0.0008672699849170407
101,-0.01659125188536953
102,0.01165158371040731
103,-0.007956259426847634
104,-0.0007164404223228282
105,0.0037330316742081315
106,0.013574660633484115
107,-0.014592760180995423
108,-0.015648567119155243
109,-0.011349924585218774
110,0.011199095022624506
111,0.010030165912518929
112,0.010558069381598756
113,0.002677224736048367
114,-0.004147812971342368
115,0.009917043740573228
116,0.010369532428355921
117,0.0079939668174962
118,0.005429864253393646
119,-0.005693815987933615
120,0.007541478129713397
121,0.007277526395173428
122,-0.011349924585218663
123,0.004600301659125172
124,-0.030844645550527905
125,-0.003657616892910942
126,-0.015761689291100944
127,0.005806938159879316
128,0.006787330316742057
129,-0.001357466063348356
130,-0.007767722473604799
131,-0.0012443438914025995
132,0.01764705882352935
133,0.026357466063348434
134,0.0016968325791855143
135,-0.011500754147812986
136,0.002488687782805421
137,0.01591251885369538
138,0.009087481146304643
139,-0.011274509803921584
140,-0.01783559577677224
141,-0.018514328808446445
142,0.013536953242835659
143,-0.0009426847662141746
144,0.009464555052790313
145,0.007541478129713508
146,-0.010294117647058787
147,-0.015799396681749678
148,0.007956259426847634
149,0.022549019607843168
150,-0.010633484162895945
151,-0.0026018099547511775
152,0.02941176470588247
153,0.0018476621417797823
154,-0.017232277526395168
155,0.007918552036199067
156,0.010595776772247323
157,0.006184012066365097
158,-0.00512820512820511
159,-0.012254901960784326
160,-0.006561085972850711
161,-0.016478129713423828
162,0.01376319758672695
163,-0.01911764705882346
164,0.00550527903469078
165,0.002413273001508287
166,0.004638009049773739
167,0.0012066365007540325
168,0.008559577677224706
169,-0.021078431372549056
170,0.002224736048265452
171,-0.004260935143288069
172,-0.0076923076923077205
173,-0.021116138763197567
174,-0.002450980392156854
175,0.005316742081448056
176,-0.008710407239818974
177,0.02066365007541482
178,-0.009539969834087447
179,-0.001470588235294057
180,-0.003921568627451022
181,0.013612368024132682
182,0.010331825037707465
183,-0.007390648567119129
184,-0.0018476621417798378
185,-0.0018476621417798378
186,0.017420814479638058
187,-0.005995475113122206
188,0.0065610859728507664
189,-3.7707390648511474e-05
190,-0.033031674208144846
191,0.01791101055806943
192,0.004072398190045234
193,-0.00041478129713429235
194,-0.015912518853695268
195,0.0034690799396682737
196,0.010671191553544457
197,-0.011312217194570151
198,-0.0005656108597285048
199,-0.007579185520361964
200,-0.015648567119155354
201,0.004298642533936636
202,-0.007466063348416263
203,0.010784313725490158
204,0.01802413273001502
205,-0.00018853695324283493
206,0.006598793363499222
207,0.0039969834087481
208,0.008936651583710375
209,-0.017609351432880838
210,0.002903469079939658
211,-0.001168929110105521
212,0.013951734539969785
213,-0.011274509803921584
214,-0.0130844645550528
215,0.005241327300150811
216,-0.00037707390648566985
217,-0.004034690799396612
218,-0.008446455505279005
219,0.013310708898944146
220,0.022473604826545923
221,-0.009992458521870307
222,0.0035444947209652966
223,-0.02198340874811472
224,0.017194570135746545
225,-0.01481900452488688
226,0.0012820512820512775
227,0.004713423831070873
228,0.015874811463046812
229,-0.015761689291101055
230,0.0010180995475113086
231,0.00463800904977385
232,-0.012104072398190002
233,0.03276772247360482
234,0.015346907993966874
235,0.013536953242835659
236,-0.0006787330316742057
237,-0.011538461538461497
238,-0.002450980392156854
239,0.0018853695324283493
240,0.0017722473604825373
241,0.009803921568627416
242,-0.002262443438914019
243,0.013235294117647012
244,-0.0395927601809955
245,0.02175716440422315
246,0.005467571644042213
247,0.014932126696832526
248,-0.017307692307692357
249,0.002526395173454099
250,-0.00512820512820511
251,0.008182503770739036
252,-0.0033936651583710287
253,0.007013574660633459
254,0.011802413273001466
255,0.016855203619909553
256,0.018740573152337903
257,0.003016591251885359
258,0.011840120663650144
259,-0.003355957767722517
260,-0.010407239819004488
261,0.007616892911010531
262,-0.005429864253393701
263,0.013989441930618352
264,0.006975867269984892
265,0.003092006033182493
266,-0.0019607843137254832
267,-0.008408748114630438
268,0.0118778280542986
269,0.02039969834087485
270,-0.008861236802413297
271,-0.01975867269984921
272,0.013046757164404177
273,0.0262820512820513
274,-0.0018476621417798378
275,-0.008785822021116108
276,0.01463046757164399
277,-0.004901960784313708
278,-0.019645550527903455
279,0.00987933634992455
280,0.005731523378582182
281,-0.0208521870286576
282,0.00739064856711924
283,-0.017156862745098034
284,-0.010331825037707354
285,0.0033559577677224617
286,-0.014517345399698345
287,-0.007202111613876294
288,0.019834087481146234
289,-0.005316742081447945
290,0.004185520361991046
291,0.010407239819004599
292,0.01240573152337865
293,-0.00550527903469078
294,0.0017345399698340813
295,-0.01157616892911012
296,0.010105580693816063
297,-0.008861236802413297
298,-0.0063348416289592535
299,0.0032428355957768717
300,0.004562594268476605
301,-0.01738310708898938
302,-0.011538461538461497
303,0.0013574660633484115
304,-0.0062217194570135526
305,0.0010935143288084426
306,-0.01082202111613878
307,-0.02628205128205119
308,-0.008710407239818974
309,-0.020739064856711897
310,0.005241327300150811
311,0.0007164404223227727
312,0.009992458521870251
313,0.0011312217194570096
314,0.0005279034690799378
315,-0.00199849170437405
316,0.011463046757164475
317,0.008672699849170407
318,-0.001395173453996923
319,0.009351432880844723
320,0.007202111613876294
321,-0.020625942684766252
322,-0.0033182503770738947
323,-0.00550527903469078
324,0.004864253393665141
325,0.004374057315233881
326,-0.01006787330316733
327,-0.0008295625942684737
328,-0.004223227752639558
329,0.0013197586726998445
330,-0.0029788838612367363
331,-0.003054298642533926
332,-0.008107088989441957
333,0.0066365007541479
334,0.021832579185520284
335,-0.010558069381598811
336,0.0007541478129713397
337,-0.00512820512820511
338,0.012594268476621484
339,-0.010369532428355976
340,0.0037330316742081315
341,-0.007918552036199122
342,0.0037707390648566985
343,-0.005957767722473584
344,-0.015648567119155354
345,-0.007088989441930593
346,-0.019230769230769218
347,0.008484162895927572
348,-0.014479638009049722
349,-0.0007541478129713397
350,0.0039592760180995334
351,0.0039592760180995334
352,-0.016478129713423828
353,-0.006561085972850711
354,0.0039969834087481
355,0.0062971342383106865
356,0.020173453996983448
357,0.004600301659125172
358,0.005354449472096512
359,0.010369532428355921
360,0.01866515837104077
361,0.010482654600301733
362,0.0002262443438914019
363,0.01338612368024128
364,-0.0039969834087481
365,0.011538461538461497
366,-0.029524886877828116
367,-0.009879336349924606
368,-0.010256410256410275
369,-0.016063348416289647
370,0.014479638009049833
371,0.017684766214178027
372,-0.004487179487179527
373,0.015384615384615441
374,-0.015497737556561142
375,0.027714932126696845
376,0.010294117647058898
377,0.009728506787330393
378,-0.011123680241327316
379,-0.014215686274509809
380,-0.012933634992458531
381,0.008710407239819085
382,-0.004864253393665197
383,0.009954751131221684
384,0.0008672699849170407
385,0.013084464555052744
386,0.013461538461538414
387,0.002828054298642524
388,0.006184012066365097
389,0.011274509803921529
390,-0.002564102564102555
391,0.0011689291101055765
392,-0.00463800904977385
393,0.011085972850678805
394,0.002262443438914019
395,0.002262443438914019
396,0.01662895927601815
397,0.0017345399698340813
398,0.014819004524886825
399,0.015082956259426794
400,-0.010897435897435914
401,0.005429864253393646
402,-0.0031297134238310598
403,0.020248868778280582
404,0.00011312217194570096
405,-0.012858220211161342
406,0.006598793363499222
407,0.0019984917043741612
408,-0.009879336349924606
409,-0.018401206636500744
410,0.008069381598793446
411,-0.011425339366515908
412,-0.008144796380090469
413,0.00825791855203628
414,0.0036953242835596756
415,-0.010595776772247434
416,0.015610859728506843
417,-0.01726998491704379
418,-0.011387631975867285
419,0.0019607843137254832
420,-0.008521870286576139
421,0.024924585218703
422,-0.002450980392156854
423,-0.0117647058823529
424,-0.0062217194570135526
425,0.007164404223227727
426,0.017571644042232326
427,0.016478129713423884
428,-0.0015460030165911909
429,-0.008144796380090469
430,0.004600301659125172
431,-0.0035822021116138636
432,0.017722473604826594
433,-0.028469079939668185
434,0.01089743589743597
435,0.0039592760180995334
436,-0.02202111613876323
437,0.0034690799396680516
438,-0.00844645550527906
439,-0.009162895927601777
440,0.0032051282051281937
441,0.023981900452488603
442,0.011161387631975828
443,0.002752639517345501
444,-0.011953242835595734
445,-0.02794117647058819
446,0.004449472096530904
447,-0.015271493212669685
448,-0.009615384615384637
449,0.007352941176470562
450,0.00901206636500762
451,0.013046757164404288
452,0.00912518853695321
453,0.004901960784313708
454,-0.001244343891402766
455,-0.00011312217194570096
456,-7.541478129707846e-05
457,-0.011990950226244301
458,-0.004223227752639558
459,-0.027224736048265474
460,0.0
461,-0.0018476621417797268
462,-0.014630467571644101
463,0.014932126696832526
464,0.021606334841628883
465,-0.0005656108597285048
466,-0.020173453996983393
467,-0.014592760180995479
468,0.013536953242835659
469,0.039592760180995445
470,0.012330316742081404
471,0.009728506787330393
472,-0.007239819004524917
473,0.00237556561085972
474,-0.015912518853695323
475,-0.001093514328808498
476,-0.007466063348416374
477,-0.005806938159879371
478,0.012971342383107154
479,-0.006975867269984892
480,0.0221719457013575
481,0.005316742081448056
482,-0.011123680241327316
483,0.0032805429864253277
484,-0.006184012066365041
485,-0.0006787330316742057
486,0.002450980392156854
487,0.007239819004524861
488,-0.02326546003016594
489,-0.018778280542986414
490,0.006938159879336436
491,0.02141779788838616
492,0.005090497737556543
493,0.00015082956259426794
494,0.007503770739064941
495,0.006975867269984892
496,-0.00018853695324294595
497,-7.541478129707846e-05
498,-0.0021493212669682626
499,0.005203619909502355
500,-0.013084464555052744
501,0.004977375565610842
502,0.007013574660633459
503,-0.01395173453996984
504,-0.012707390648567074
505,0.010972850678732993
506,0.002941176470588225
507,-0.0019607843137254277
508,0.0117647058823529
509,-0.002262443438914019
510,-0.0007164404223228282
511,-0.0032051282051281937
512,-0.008371040723981926
513,0.002978883861236792
514,-0.018891402714932115
515,0.010859728506787403
516,0.002601809954751122
517,-0.001018099547511253
518,0.002601809954751122
519,0.0018099547511313263
520,-0.002262443438914019
521,-0.004223227752639447
522,-0.01157616892911012
523,0.0007164404223227727
524,-0.004147812971342368
525,0.010444947209653055
526,-0.004072398190045234
527,0.005316742081448056
528,-0.006372549019607765
529,-0.0029411764705882804
530,0.013687782805429816
531,-0.007918552036199122
532,-0.004751131221719496
533,0.0037330316742081315
534,-0.012971342383107098
535,-0.007956259426847634
536,-0.00969079939668177
537,-0.005731523378582126
538,0.015573152337858276
539,0.002564102564102666
540,0.009238310708898911
541,0.0035067873303168406
542,0.0011312217194570096
543,0.006033182503770718
544,-0.014366515837104021
545,0.0017722473604826483
546,0.005957767722473695
547,-0.011764705882352955
548,0.004788838612368007
549,-0.010935143288084481
550,0.014215686274509864
551,-0.005203619909502355
552,0.0004901960784313708
553,0.008182503770739036
554,-0.00539215686274519
555,0.017119155354449522
556,-0.005203619909502244
557,0.004449472096531015
558,0.01726998491704368
559,0.01327300150829569
560,0.015309200603318196
561,-0.010294117647058787
562,0.0014705882352941124
563,-0.005354449472096567
564,0.011953242835595845
565,-0.030995475113122173
566,-0.006108597285067796
567,-0.007315233785822051
568,-0.0170814479638009
569,0.006825037707390624
570,-0.01470588235294118
571,-0.002564102564102555
572,-0.015271493212669685
573,0.0006787330316743168
574,-0.000980392156862686
575,0.010407239819004488
576,-0.013763197586727005
577,-0.021229260935143213
578,-0.009502262443438936
579,-0.008634992458521895
580,0.00576923076923086
581,0.009954751131221684
582,-0.002073906485671184
583,0.005015082956259409
584,-0.0015082956259426794
585,0.0030920060331823818
586,0.03156108597285068
587,0.014328808446455454
588,0.015346907993966763
589,0.0039215686274509665
590,-0.006938159879336381
591,-0.013725490196078438
592,0.004185520361991046
593,0.018476621417797934
594,-0.0004147812971341813
595,0.004864253393665141
596,0.014441930618401155
597,0.006938159879336436
598,-0.008333333333333304
599,-0.003921568627450911
600,-0.01858974358974358
601,0.0009426847662141746
602,0.018552036199095068
603,-0.012782805429864263
604,-0.012330316742081404
605,0.018815987933635037
606,0.005656108597285048
607,-0.011312217194570151
608,0.006070889894419285
609,-0.002941176470588225
610,0.0291478129713425
611,-0.007202111613876294
612,0.008521870286576139
613,-0.023453996983408776
614,0.004147812971342368
615,-0.01738310708898938
616,0.006900452488687869
617,0.008672699849170407
618,-0.013348416289592768
619,-0.0002639517345399134
620,-0.0075037707390648856
621,-0.025980392156862764
622,-0.00882352941176473
623,0.017081447963800955
624,-0.02466063348416292
625,0.0039215686274509665
626,-0.008220211161387603
627,-0.002639517345399689
628,-0.0032805429864253832
629,-0.003355957767722517
630,-0.0004147812971341813
631,0.01414027149321262
632,-0.0026018099547511775
633,-0.005806938159879371
634,-0.003280542986425272
635,-0.004939668174962275
636,0.01063348416289589
637,0.008069381598793446
638,0.014743589743589802
639,-0.005957767722473695
640,-0.022624434389140247
641,0.010180995475113086
642,0.004260935143288069
643,0.02115384615384619
644,-0.002828054298642524
645,0.009351432880844612
646,-0.001206636500754088
647,-0.003883861236802455
648,-0.02281297134238308
649,-0.00437405731523377
650,0.002526395173453988
651,0.0007541478129713397
652,0.0015460030165913574
653,0.0032805429864254387
654,0.002450980392156854
655,-0.0019607843137254277
656,-0.006825037707390624
657,0.014668174962292668
658,-0.018665158371040713
659,-0.018815987933635037
660,0.009690799396681715
661,0.006711915535445034
662,-0.005354449472096456
663,-0.006146304675716419
664,-0.0011312217194570096
665,-0.008144796380090469
666,0.010105580693816063
667,-0.012669683257918507
668,-0.002337858220211153
669,-0.013009049773755665
670,0.0064102564102563875
671,-0.007541478129713397
672,-0.0021116138763198067
673,0.0013197586726998445
674,-0.0065610859728506
675,-0.008220211161387714
676,0.00950226244343888
677,-0.01689291101055812
678,-0.0013197586726998445
679,0.006033182503770718
680,-0.0034313725490195957
681,-0.0130844645550528
682,0.010558069381598756
683,0.008107088989441902
684,-0.007466063348416263
685,-0.012594268476621373
686,-0.003469079939668107
687,0.005241327300150811
688,-0.018476621417797878
689,0.0006033182503770718
690,-0.018665158371040713
691,0.006975867269984892
692,-0.02013574660633477
693,-0.0003393665158371584
694,-0.007880844645550555
695,-0.003846153846153888
696,-0.009615384615384637
697,0.025867269984917063
698,-0.001432880844645601
699,-0.0062594268476621195
700,0.012933634992458587
701,0.00874811463046754
702,0.010444947209653055
703,0.006070889894419285
704,0.00976621417797896
705,-0.009125188536953266
706,0.005203619909502244
707,-0.008861236802413297
708,-0.004562594268476605
709,-0.012518853695324239
710,0.0013197586726998445
711,-0.014253393665158376
712,-0.014064856711915596
713,0.019570135746606376
714,0.015497737556561142
715,0.021078431372549056
716,-0.005693815987933615
717,0.0032051282051281937
718,0.013574660633484115
719,0.012745098039215752
720,-0.006711915535444923
721,-0.0027903469079939014
722,0.0007164404223227727
723,0.0
724,-0.0009426847662141746
725,-0.02790346907993968
726,-0.005769230769230749
727,-0.010859728506787292
728,0.005429864253393646
729,0.005995475113122151
730,0.007202111613876294
731,0.009728506787330282
732,0.0006033182503770718
733,-0.003469079939668107
734,-0.001470588235294057
735,-0.001093514328808498
736,-0.008974358974358942
737,-0.015422322775263897
738,-0.015497737556561031
739,-0.022963800904977405
740,-0.004713423831070873
741,0.011199095022624506
742,0.0036576168929108865
743,-0.006938159879336381
744,-0.003016591251885359
745,0.005015082956259409
746,-0.014781297134238258
747,-0.010708898944193024
748,-0.017609351432880838
749,-0.01195324283559579
750,0.010859728506787292
751,-0.00331825037707395
752,-0.0039969834087481
753,0.009313725490196045
754,0.008898944193061809
755,-0.012556561085972806
756,-0.002639517345399689
757,0.0019230769230769162
758,0.0034690799396680516
759,-0.0006787330316742612
760,-0.01832579185520361
761,0.0038461538461538325
762,0.009162895927601666
763,-0.017081447963800955
764,-0.0021493212669682626
765,-0.001470588235294168
766,0.013122171945701422
767,-0.0015837104072398134
768,0.011463046757164475
769,-0.010030165912518818
770,0.005656108597285048
771,0.009653092006033148
772,-0.021191553544494757
773,0.004864253393665141
774,-0.0010180995475113086
775,0.008521870286576139
776,0.013423831070889847
777,0.006674208144796356
778,0.010030165912518818
779,0.008823529411764786
780,-0.008031674208144879
781,-0.009539969834087558
782,-0.007466063348416263
783,0.013046757164404177
784,-0.004411764705882448
785,-0.012179487179487136
786,0.011802413273001466
787,0.005806938159879316
788,0.00463800904977385
789,0.006975867269984892
790,0.0236425339366515
791,0.002224736048265452
792,0.0004901960784314818
793,-0.014932126696832526
794,-0.0064479638009049545
795,-0.005844645550527883
796,-0.018438914027149367
797,0.007880844645550611
798,0.005957767722473584
799,-0.0016968325791855143
800,-0.006975867269984892
801,-0.005806938159879371
802,-0.0034313725490195957
803,-0.014743589743589691
804,-0.021530920060331804
805,-0.023039215686274483
806,-0.0021870286576169407
807,0.008861236802413242
808,0.015196078431372495
809,-0.00011312217194570096
810,0.016214177978883915
811,-0.0004524886877828038
812,0.01176470588235301
813,0.0037330316742081315
814,-0.002677224736048256
815,0.0009426847662141746
816,-0.0006033182503770163
817,0.002714932126696823
818,-0.011123680241327316
819,-0.008144796380090469
820,-0.0005656108597285048
821,0.0006033182503770718
822,0.014102564102564163
823,-0.013310708898944201
824,0.004600301659125172
825,-0.002865761689291091
826,-0.013046757164404177
827,-0.003355957767722517
828,0.004034690799396667
829,-0.01206636500754149
830,0.008710407239818974
831,-0.002865761689291091
832,-0.0038084464555052655
833,0.0008672699849171517
834,0.004901960784313708
835,0.013423831070889847
836,0.013989441930618352
837,0.010784313725490158
838,-0.014555052790346856
839,-0.005279034690799378
840,-0.02428355957767725
841,-0.010105580693816063
842,-0.00969079939668166
843,-0.007579185520361964
844,-0.007956259426847634
845,0.002978883861236792
846,0.004298642533936636
847,0.02202111613876323
848,0.0038838612368023995
849,-0.014969834087481093
850,-0.002450980392156854
851,0.004110105580693801
852,0.010935143288084426
853,0.022360482654600333
854,0.008484162895927572
855,-0.003280542986425272
856,-0.006787330316742002
857,-0.014555052790346856
858,-0.0010558069381597646
859,0.0063725490196079315
860,-0.015686274509803866
861,-0.00957767722473607
862,0.007503770739064941
863,0.0033559577677224617
864,-0.0027526395173454454
865,0.027601809954751144
866,-0.0065233785822021995
867,-0.012217194570135759
868,0.0062217194570135526
869,0.0038838612368025105
870,-0.010746606334841646
871,-0.002677224736048256
872,0.010180995475113086
873,0.006033182503770718
874,0.008220211161387603
875,-0.002564102564102555
876,-0.012405731523378594
877,0.016666666666666607
878,0.014177978883861186
879,0.005429864253393646
880,0.0013951734539969785
881,-0.007541478129713397
882,0.02164404223227756
883,-0.018438914027149367
884,0.009049773755656076
885,-0.0035822021116138636
886,-0.0024132730015083426
887,0.006636500754147789
888,0.00512820512820511
889,-0.002865761689291091
890,-0.003544494720965352
891,-0.018363499245852122
892,-0.004147812971342368
893,-0.0002639517345399134
894,-0.00882352941176473
895,-0.016478129713423773
896,0.0009426847662141746
897,0.009879336349924661
898,-0.007315233785822051
899,-0.0004901960784314263
900,-0.001206636500754088
901,0.014592760180995423
902,0.015535444947209709
903,-0.006372549019607765
904,-0.005580693815987914
905,0.005052790346907976
906,0.007352941176470562
907,-0.013009049773755665
908,-0.0039592760180995334
909,0.009917043740573228
910,-0.03495475113122176
911,-0.005203619909502355
912,0.019117647058823573
913,-0.00588235294117645
914,0.015686274509803977
915,0.010972850678732993
916,0.013687782805429927
917,-0.0092006033182504
918,-0.004072398190045234
919,-0.012556561085972806
920,0.009162895927601777
921,-0.006372549019607765
922,-0.0006787330316742057
923,-0.011199095022624339
924,0.004864253393665141
925,-0.007352941176470562
926,-0.007956259426847634
927,-0.009992458521870307
928,0.0002262443438914019
929,-0.009766214177978905
930,-0.0039592760180995334
931,0.024736048265459942
932,-0.001282051282051222
933,-0.012104072398190002
934,0.01425339366515832
935,0.012066365007541435
936,-0.007277526395173428
937,-0.005731523378582237
938,-0.006334841628959198
939,-0.011689291101055821
940,-0.014856711915535503
941,-0.02665912518853686
942,0.024924585218702777
943,-0.005957767722473584
944,0.00015082956259426794
945,0.004487179487179471
946,0.028695324283559587
947,0.015422322775264008
948,-0.013687782805429927
949,-0.00931372549019599
950,-0.00844645550527906
951,-0.0011312217194570096
952,0.004562594268476605
953,0.007880844645550611
954,0.004864253393665141
955,-0.019042232277526383
956,-0.0049773755656108976
957,0.013348416289592824
958,-0.0016968325791855143
959,-0.0131975867269985
960,0.0034690799396681626
961,-0.0021870286576169407
962,-0.004298642533936692
963,-0.0011312217194570096
964,0.0016214177978883804
965,-0.011123680241327316
966,0.0007164404223227727
967,0.0064102564102563875
968,-0.008710407239819029
969,-0.011161387631975828
970,0.017948717948717885
971,0.006674208144796356
972,0.020211161387631904
973,0.015309200603318196
974,-0.014781297134238258
975,0.02153092006033175
976,0.03054298642533937
977,-0.002300150829562586
978,0.015422322775264008
979,0.012217194570135703
980,0.011576168929110175
981,-0.0030920060331824373
982,-0.0021116138763198067
983,0.00275263951734539
984,0.00041478129713423684
985,-0.001206636500754088
986,-0.008031674208144879
987,0.013800904977375517
988,0.013574660633484115
989,0.017194570135746545
990,-0.02062594268476614
991,-0.00407239819004529
992,-0.017797888386123617
993,0.015120663650075472
994,0.015196078431372606
995,-0.007352941176470562
996,0.0062971342383106865
997,-0.018514328808446445
998,-0.01757164404223227
999,0.0004901960784313708
1000,-0.005693815987933615
1001,0.0008672699849169296
1002,0.013687782805429816
1003,0.005693815987933615
1004,0.01900452488687787
1005,0.002601809954751122
1006,-0.005920060331824961
1007,-0.010935143288084481
1008,0.002790346907993957
1009,0.013687782805429927
1010,0.004901960784313708
1011,0.00426093514328818
1012,0.0019607843137254832
1013,0.028770739064856832
1014,-0.0035822021116138636
1015,-0.004034690799396723
1016,-0.015158371040723984
1017,0.004185520361990935
1018,0.0006410256410256387
1019,-0.002337858220211153
1020,0.005769230769230749
1021,0.0031674208144796268
1022,-0.020324283559577716
1023,0.004411764705882337
1024,-0.018476621417797878
1025,0.003016591251885359
1026,0.01063348416289589
1027,-0.0032805429864253832
1028,-0.012028657616892924
1029,0.0005279034690799378
1030,-0.017119155354449522
1031,-0.01206636500754149
1032,-0.006900452488687758
1033,0.0005656108597285048
1034,-3.7707390648511474e-05
1035,0.0008672699849171517
1036,0.006825037707390735
1037,-0.015120663650075361
1038,-0.00882352941176473
1039,-0.007277526395173428
1040,-0.002677224736048256
1041,-0.009577677224736014
1042,-0.03529411764705881
1043,-0.001432880844645601
1044,-0.010859728506787403
1045,-0.011387631975867396
1046,0.009238310708898911
1047,0.013084464555052744
1048,0.02352941176470591
1049,0.013084464555052855
1050,-0.00475113122171944
1051,0.007088989441930704
1052,-0.010935143288084481
1053,0.010444947209653055
1054,-0.0050527903469080315
1055,0.027828054298642657
1056,-0.0013951734539969785
1057,0.003054298642534037
1058,-0.005316742081447945
1059,-0.017269984917043735
1060,-0.0024132730015083426
1061,-0.017684766214177916
1062,-0.01583710407239819
1063,-0.014215686274509809
1064,0.012858220211161342
1065,-0.004713423831070873
1066,0.00938914027149329
1067,-0.001282051282051333
1068,0.020965309200603244
1069,-0.027488687782805443
1070,0.002036199095022617
1071,0.01414027149321262
1072,-0.01621417797888386
1073,0.00275263951734539
1074,-0.0049773755656107865
1075,0.0186274509803922
1076,-0.004675716440422251
1077,0.0032805429864253277
1078,-0.015723981900452433
1079,-0.013423831070889847
1080,0.005995475113122262
1081,0.027752639517345412
1082,-0.00475113122171944
1083,-0.00037707390648566985
1084,0.008069381598793446
1085,-0.009917043740573228
1086,-0.012518853695324239
1087,0.005618401206636481
1088,0.008408748114630549
1089,0.007843137254901933
1090,0.002036199095022617
1091,-0.018363499245852177
1092,-0.012745098039215752
1093,0.003054298642533926
1094,-0.0036953242835595645
1095,-0.007239819004524917
1096,-0.0022247360482655076
1097,0.005392156862745079
1098,-0.0170814479638009
1099,-0.003733031674208076
1100,0.005995475113122262
1101,0.00976621417797896
1102,-0.004147812971342368
1103,-0.012556561085972917
1104,-0.02315233785822024
1105,0.023076923076922995
1106,-0.007315233785822051
1107,0.01625188536953237
1108,-0.007164404223227727
1109,-0.0003016591251885914
1110,-0.0024132730015083426
1111,-0.014064856711915596
1112,-0.0076923076923077205
1113,0.002300150829562586
1114,0.002601809954751122
1115,0.0030920060331823818
1116,0.013197586726998556
1117,0.006711915535444923
1118,-0.00033936651583704736
1119,0.0035822021116138636
1120,-0.009464555052790313
1121,0.004072398190045345
1122,-0.0039592760180995334
1123,0.00912518853695321
1124,0.006184012066365097
1125,-0.016817496229260875
1126,0.0015460030165912464
1127,-0.010972850678732993
1128,0.012594268476621484
1129,0.006033182503770718
1130,0.0036576168929109976
1131,-0.008371040723981926
1132,-0.00037707390648566985
1133,-0.012292609351432837
1134,0.010444947209653055
1135,0.019834087481146345
1136,-0.0005656108597285048
1137,-0.018891402714932115
1138,0.0006410256410256387
1139,0.0032805429864252167
1140,0.023039215686274428
1141,0.014969834087481204
1142,0.0105203619909503
1143,0.01791101055806943
1144,0.01101055806938167
1145,-0.012782805429864263
1146,0.0015082956259426794
1147,-0.024660633484162864
1148,0.006636500754147789
1149,-0.012933634992458587
1150,-0.0019230769230769162
1151,0.0009049773755656076
1152,0.02541478129713426
1153,-0.007126696832579216
1154,0.02002262443438907
1155,0.002413273001508287
1156,-0.001357466063348356
1157,0.0038084464555052655
1158,7.541478129713397e-05
1159,-0.0007541478129713397
1160,0.009464555052790313
1161,0.017571644042232215
1162,-0.0018099547511312708
1163,0.007126696832579271
1164,-0.007466063348416263
1165,-0.004298642533936692
1166,-0.007918552036199122
1167,-0.008672699849170462
1168,0.009615384615384581
1169,-0.0009426847662141746
1170,0.0013197586726998445
1171,-0.012933634992458531
1172,-0.008898944193061809
1173,0.0038461538461538325
1174,0.008182503770739036
1175,-0.002187028657616885
1176,0.00475113122171944
1177,0.012292609351432837
1178,0.0008295625942683627
1179,0.01025641025641022
1180,-0.01346153846153847
1181,0.011840120663650144
1182,-0.01481900452488688
1183,0.027224736048265474
1184,-0.004034690799396723
1185,-0.005467571644042213
1186,0.01591251885369538
1187,0.0012820512820512775
1188,0.01165158371040731
1189,0.009049773755656076
1190,0.004675716440422306
1191,-0.0014328808446455454
1192,0.00037707390648566985
1193,-0.005806938159879371
1194,-0.001093514328808498
1195,-0.003469079939668218
1196,-0.004147812971342368
1197,-0.013725490196078438
1198,0.026206636500754166
1199,-0.0039969834087481
1200,0.011349924585218663
1201,-0.003921568627451022
1202,0.008785822021116108
1203,0.007202111613876405
1204,0.006787330316742057
1205,-0.017194570135746545
1206,-0.001206636500754088
1207,0.015120663650075361
1208,-0.011010558069381504
1209,-0.0017722473604826483
1210,0.017684766214178027
1211,-0.006711915535444923
1212,0.010972850678733104
1213,0.02175716440422326
1214,-0.0015837104072398134
1215,-0.0093137254901961
1216,-0.02171945701357464
1217,0.005090497737556543
1218,0.0062971342383106865
1219,-0.0029788838612368473
1220,-0.011161387631975828
1221,0.009803921568627416
1222,-0.005769230769230749
1223,0.01176470588235301
1224,-0.012745098039215697
1225,0.01662895927601804
1226,0.0016968325791855143
1227,0.006787330316742057
1228,0.002300150829562586
1229,-0.005957767722473584
1230,-0.004185520361990935
1231,0.0010558069381599866
1232,-0.013235294117647012
1233,-0.021983408748114608
1234,0.01202865761689298
1235,-0.001168929110105632
1236,0.002262443438914019
1237,-7.541478129707846e-05
1238,0.004864253393665141
1239,-0.00588235294117645
1240,-0.008144796380090469
1241,0.0031297134238310598
1242,-0.0027903469079940124
1243,-0.009917043740573117
1244,-0.003619909502262486
1245,0.025226244343891424
1246,0.002978883861236792
1247,0.016930618401206687
1248,-0.01809954751131221
1249,0.0013197586726998445
1250,-0.007428355957767752
1251,-0.02401960784313717
1252,0.025113122171945612
1253,-0.003355957767722517
1254,-0.007352941176470562
1255,0.004675716440422306
1256,0.011463046757164475
1257,-0.021832579185520395
1258,-0.002262443438914019
1259,-0.004864253393665197
1260,-0.014064856711915541
1261,-0.0076923076923077205
1262,0.005693815987933615
1263,-0.002149321266968318
1264,0.006184012066365097
1265,0.012707390648567185
1266,-0.01108597285067875
1267,0.004562594268476716
1268,-0.0030542986425339813
1269,-0.010105580693816063
1270,0.002073906485671184
1271,0.0013574660633484115
1272,0.015233785822021173
1273,0.002677224736048256
1274,-0.005806938159879371
1275,-0.008597285067873273
1276,0.005920060331825017
1277,-0.007466063348416374
1278,0.006938159879336436
1279,0.01911764705882346
1280,0.0006033182503770718
1281,-0.0006787330316742057
1282,-0.00237556561085972
1283,0.0036199095022624306
1284,-0.004901960784313708
1285,-0.006561085972850711
1286,-0.00893665158371032
1287,-0.0093137254901961
1288,0.015196078431372606
1289,0.015761689291101
1290,-0.006636500754147789
1291,0.004713423831070873
1292,0.0002639517345399689
1293,0.0012820512820512775
1294,-0.021191553544494757
1295,0.008220211161387603
1296,-0.017269984917043735
1297,-0.01662895927601804
1298,0.009690799396681715
1299,0.010671191553544568
1300,-0.0049773755656108976
1301,-0.0050527903469080315
1302,-0.0035067873303167296
1303,0.005656108597285048
1304,0.004223227752639502
1305,0.0007164404223227727
1306,-0.008371040723981815
1307,-0.01432880844645551
1308,0.008144796380090469
1309,-0.003280542986425272
1310,-0.022285067873303144
1311,0.0036953242835596756
1312,-0.007051282051281971
1313,-0.004826546003016685
1314,-0.018740573152337903
1315,0.0005279034690799378
1316,-0.004223227752639558
1317,-0.004713423831070873
1318,0.005618401206636481
1319,-0.008257918552036225
1320,-0.006372549019607876
1321,0.00512820512820511
1322,-0.010633484162895945
1323,0.020701357466063386
1324,-0.025377073906485748
1325,0.0034690799396681626
1326,0.02865761689291102
1327,-0.006485671191553466
1328,-0.0031674208144795712
1329,0.008295625942684737
1330,0.020965309200603244
1331,-0.01157616892911012
1332,-0.005580693815987914
1333,0.004751131221719551
1334,0.006636500754147789
1335,-0.007579185520361964
1336,0.005316742081447945
1337,-0.004223227752639447
1338,-0.004336349924585203
1339,0.0007541478129713397
1340,-0.00237556561085972
1341,-0.005392156862744968
1342,0.01074660633484159
1343,0.00938914027149329
1344,0.0012066365007540325
1345,0.012104072398190002
1346,0.009803921568627416
1347,0.023076923076923106
1348,-0.016704374057315285
1349,0.004110105580693801
1350,0.0037707390648566985
1351,0.002601809954751122
1352,-0.004675716440422251
1353,-0.011161387631975828
1354,-0.012330316742081404
1355,0.004147812971342368
1356,-0.003544494720965352
1357,0.002526395173453988
1358,-0.01809954751131221
1359,0.015309200603318196
1360,0.002488687782805421
1361,-0.002677224736048256
1362,0.009803921568627416
1363,-0.008710407239818974
1364,0.002224736048265452
1365,-0.011689291101055821
1366,0.017420814479637947
1367,0.0065610859728507664
1368,0.005354449472096512
1369,-0.013046757164404177
1370,-0.006975867269984892
1371,-0.003657616892910942
1372,0.013725490196078494
1373,0.00987933634992455
1374,0.005354449472096512
1375,0.0007164404223227727
1376,0.013800904977375628
1377,-0.012028657616892868
1378,-0.003054298642533926
1379,0.0030920060331823818
1380,0.00614630467571653
1381,-0.0014328808446455454
1382,0.001960784313725372
1383,0.021078431372549056
1384,-0.009841628959275983
1385,-0.005354449472096623
1386,-0.001470588235294168
1387,-0.019042232277526383
1388,0.026206636500754166
1389,0.02801659125188538
1390,0.0105203619909503
1391,-0.004072398190045234
1392,0.008898944193061809
1393,0.005429864253393646
1394,-0.006372549019607765
1395,0.014819004524886825
1396,-0.011010558069381504
1397,0.02752639517345401
1398,-0.005279034690799378
1399,-0.02326546003016594
1400,-0.008484162895927627
1401,0.010030165912518818
1402,0.011915535444947278
1403,0.0013951734539969785
1404,-0.02797888386123676
1405,-0.0017345399698341368
1406,0.004185520361990935
1407,-0.0018099547511312708
1408,-0.007088989441930704
1409,0.006523378582201977
1410,0.01014328808446463
1411,0.007466063348416263
1412,0.008182503770739036
1413,0.010784313725490158
1414,0.008597285067873273
1415,0.008333333333333415
1416,0.011726998491704332
1417,-0.02756410256410252
1418,0.0062971342383106865
1419,-0.00011312217194570096
1420,-0.014781297134238314
1421,-0.001357466063348356
1422,-0.008861236802413297
1423,0.005542986425339347
1424,-0.017269984917043735
1425,0.020361990950226283
1426,-0.004600301659125228
1427,0.01387631975867265
1428,0.005392156862745079
1429,0.01202865761689298
1430,-0.0034313725490195957
1431,0.01564856711915541
1432,-0.009464555052790313
1433,-0.008634992458521895
1434,-0.0032428355957767607
1435,0.0018476621417797823
1436,-0.023680241327300122
1437,0.0003016591251885359
1438,0.022247360482654632
1439,0.006862745098039191
1440,0.0009426847662141746
1441,-0.0023001508295626416
1442,-0.0032051282051281937
1443,-0.0038084464555052655
1444,0.0066365007541479
1445,-0.006033182503770718
1446,0.01915535444947214
1447,-0.015007541478129716
1448,-0.003846153846153777
1449,-0.001093514328808498
1450,0.01376319758672695
1451,-0.002262443438914019
1452,0.018099547511312264
1453,-0.004449472096530904
1454,0.012594268476621484
1455,0.007277526395173539
1456,0.004449472096530904
1457,0.009426847662141746
1458,-0.010671191553544457
1459,-0.0012443438914027105
1460,0.0007164404223227727
1461,0.01074660633484159
1462,0.011990950226244412
1463,0.011425339366515797
1464,-0.005731523378582237
1465,0.01365007541478136
1466,0.007654600301659098
1467,-0.002450980392156854
1468,-0.004034690799396723
1469,-0.01180241327300141
1470,0.015196078431372606
1471,-0.00539215686274519
1472,0.006070889894419285
1473,0.0002262443438914019
1474,0.0007541478129713397
1475,-0.015497737556561031
1476,0.012179487179487136
1477,0.014592760180995423
1478,-0.018401206636500744
1479,-0.007767722473604799
1480,0.012933634992458476
1481,-0.002828054298642524
1482,-0.016478129713423828
1483,-0.0038084464555052655
1484,0.00199849170437405
1485,0.002564102564102666
1486,0.014856711915535503
1487,-0.007993966817496145
1488,-0.010784313725490158
1489,-0.012669683257918618
1490,0.0012443438914028215
1491,-0.006561085972850711
1492,0.01715686274509809
1493,-0.014517345399698345
1494,0.02677224736048267
1495,-0.0029034690799396023
1496,-0.007202111613876294
1497,-0.0032805429864253832
1498,-0.0017722473604826483
1499,0.024811463046757187
1500,0.005429864253393646
1501,-0.011764705882352955
1502,-0.013989441930618352
1503,-0.012405731523378594
1504,-0.015912518853695268
1505,0.0079939668174962
1506,0.002564102564102666
1507,-0.018853695324283548
1508,-0.0015837104072398134
1509,-0.019494720965309242
1510,-0.01519607843137255
1511,0.0005656108597286158
1512,0.007428355957767696
1513,0.007880844645550611
1514,-0.0019230769230769162
1515,0.027337858220211175
1516,0.0019230769230770273
1517,-0.003506787330316785
1518,-0.006711915535445034
1519,-0.0016214177978884359
1520,0.0036199095022624306
1521,-0.010746606334841646
1522,-0.002488687782805421
1523,0.002036199095022617
1524,-0.002262443438914019
1525,-0.019607843137254888
1526,-0.0016591251885370029
1527,0.015082956259426794
1528,0.016553544494721018
1529,-0.004788838612368063
1530,0.0007541478129713397
1531,-0.012858220211161342
1532,0.010369532428356032
1533,0.016101055806938103
1534,-0.001093514328808387
1535,-0.0032051282051281937
1536,0.0062217194570135526
1537,-0.011877828054298656
1538,0.00437405731523377
1539,0.00701357466063357
1540,0.009615384615384581
1541,-0.011048265460030127
1542,0.00874811463046754
1543,0.002828054298642524
1544,-0.0004147812971341813
1545,0.006825037707390624
1546,0.015686274509803866
1547,0.013348416289592824
1548,-0.01938159879336354
1549,0.0186274509803922
1550,0.005279034690799489
1551,-0.010784313725490158
1552,-0.009238310708898967
1553,0.025113122171945612
1554,0.0011689291101055765
1555,-0.008634992458521895
1556,0.0018099547511313263
1557,-0.009464555052790313
1558,-0.02390648567119158
1559,-0.004034690799396723
1560,0.01127450980392164
1561,0.02477375565610873
1562,-0.0024132730015083426
1563,-0.018137254901960775
1564,0.0158748114630467
1565,-0.010935143288084481
1566,0.012104072398190113
1567,0.00938914027149329
1568,-0.0075791855203620195
1569,0.0062594268476621195
1570,0.0017345399698340813
1571,-0.0006410256410255832
1572,0.004374057315233881
1573,0.007880844645550611
1574,0.02104072398190049
1575,-0.005693815987933615
1576,-0.004826546003016574
1577,-0.008861236802413186
1578,-0.0026018099547511775
1579,-0.004524886877828038
1580,0.007239819004524972
1581,0.00426093514328818
1582,-0.02579185520361993
1583,-0.0004147812971341813
1584,0.010444947209653055
1585,-0.007730015082956232
1586,0.017948717948717885
1587,-0.018966817496229138
1588,0.00015082956259426794
1589,-0.0031674208144796823
1590,-0.016138763197586725
1591,0.004638009049773739
1592,0.019306184012066296
1593,0.0014705882352941124
1594,-0.00512820512820511
1595,-0.010030165912518818
1596,-0.015686274509803866
1597,0.0008295625942684737
1598,-0.0031297134238310598
1599,0.01240573152337865
1600,0.010180995475113086
1601,-0.024585218702865785
1602,-7.541478129713397e-05
1603,0.018815987933635037
1604,-0.0017345399698340258
1605,-0.0005656108597285048
1606,-0.0018476621417798378
1607,-0.02126696832579178
1608,-0.00011312217194570096
1609,-0.015120663650075361
1610,-0.03009049773755662
1611,-0.018589743589743635
1612,-0.0026018099547511775
1613,0.0064479638009049545
1614,0.008031674208144879
1615,0.007579185520361964
1616,0.00018853695324283493
1617,0.007654600301659098
1618,0.004110105580693801
1619,-0.01938159879336343
1620,-0.004487179487179527
1621,-0.0037707390648566985
1622,0.01014328808446463
1623,-0.026244343891402677
1624,0.019570135746606376
1625,-0.01519607843137255
1626,-0.0006787330316742057
1627,-0.007654600301659098
1628,0.0007918552036199067
1629,0.01063348416289589
1630,0.0006410256410255277
1631,3.7707390648566985e-05
1632,0.007956259426847745
1633,-0.010935143288084481
1634,0.010935143288084426
1635,-0.008974358974358942
1636,0.016101055806938214
1637,-0.0012443438914027105
1638,0.010407239819004488
1639,-0.005542986425339291
1640,0.015384615384615441
1641,-0.005429864253393701
1642,-0.01772247360482654
1643,-0.006975867269984892
1644,-0.004788838612368063
1645,0.012858220211161453
1646,-0.016365007541478183
1647,-0.006184012066365041
1648,-0.009728506787330393
1649,-0.006900452488687758
1650,0.008031674208144768
1651,-0.027337858220211175
1652,-0.018250377073906532
1653,0.002903469079939769
1654,-0.013838612368024139
1655,0.010218702865761653
1656,-0.018552036199094957
1657,0.014366515837104021
1658,0.012820512820512775
1659,-0.0065233785822020884
1660,0.009087481146304643
1661,-0.014177978883861186
1662,-0.015384615384615385
1663,0.008710407239818974
1664,0.009313725490196045
1665,-0.014630467571644101
1666,-0.0005279034690798823
1667,-0.00512820512820511
1668,0.002375565610859831
1669,-0.011877828054298656
1670,0.008936651583710375
1671,0.007088989441930704
1672,0.0038461538461538325
1673,0.007466063348416374
1674,-0.01006787330316744
1675,0.0011312217194570096
1676,-0.013046757164404177
1677,-0.010859728506787292
1678,0.008597285067873273
1679,0.0015460030165912464
1680,-0.008484162895927627
1681,-0.006146304675716419
1682,0.0013574660633484115
1683,0.002865761689291091
1684,-0.0004524886877827483
1685,-0.010520361990950244
1686,0.0034690799396682737
1687,-0.006108597285067796
1688,0.0019984917043741612
1689,0.009954751131221795
1690,0.0014705882352941124
1691,0.01613876319758678
1692,-0.014479638009049833
1693,-0.015045248868778338
1694,-0.0092006033182504
1695,-0.00855957767722465
1696,0.013235294117647012
1697,-0.012368024132729971
1698,-0.006033182503770718
1699,-0.019683257918552077
1700,0.007315233785822106
1701,0.011802413273001466
1702,-0.006184012066365041
1703,-0.0049773755656108976
1704,0.013951734539969785
1705,-0.004751131221719496
1706,0.004977375565610842
1707,0.0002262443438914019
1708,0.007730015082956232
1709,0.022624434389140302
1710,-0.002111613876319751
1711,0.024547511312217107
1712,-0.010520361990950189
1713,-0.01519607843137244
1714,-0.009464555052790313
1715,-0.01670437405731523
1716,0.019607843137254943
1717,0.00976621417797896
1718,0.00037707390648566985
1719,-0.010746606334841646
1720,0.0011312217194571206
1721,-0.0024886877828054765
1722,0.0065610859728507664
1723,0.006938159879336436
1724,0.002677224736048256
1725,0.008785822021116108
1726,-0.016930618401206687
1727,0.014253393665158431
1728,-0.011199095022624339
1729,0.003054298642533926
1730,0.007352941176470562
1731,0.0033559577677224617
1732,0.019570135746606376
1733,0.004110105580693801
1734,0.00614630467571653
1735,0.005090497737556543
1736,-0.004675716440422362
1737,-0.011425339366515908
1738,0.0037330316742081315
1739,0.011349924585218663
1740,-0.02665912518853686
1741,0.006636500754147789
1742,0.021116138763197623
1743,-0.0013951734539969785
1744,0.018552036199094957
1745,-0.004864253393665197
1746,0.0065233785822020884
1747,-0.015648567119155354
1748,-0.011500754147812986
1749,-0.01809954751131221
1750,0.025942684766214197
1751,-0.009162895927601888
1752,-0.005656108597285048
1753,-0.004034690799396723
1754,-0.028582202111613886
1755,-0.0033936651583710287
1756,0.028355957767722484
1757,0.0006787330316742057
1758,-0.0015082956259426794
1759,-0.0005656108597285048
1760,0.0039969834087481
1761,0.0017345399698340813
1762,0.014253393665158431
1763,-0.007164404223227727
1764,0.006711915535444923
1765,0.0036199095022624306
1766,-0.0016214177978883804
1767,-0.009803921568627472
1768,-0.009087481146304643
1769,-0.0198717948717948
1770,-0.003054298642533926
1771,-0.015573152337858276
1772,0.008069381598793446
1773,0.0035444947209652966
1774,0.014291101055806998
1775,0.0014705882352941124
1776,0.008295625942684737
1777,0.0035444947209652966
1778,0.002450980392156854
1779,0.0064102564102563875
1780,-0.0021493212669682626
1781,-0.009464555052790313
1782,-0.011726998491704332
1783,0.003054298642533926
1784,0.007843137254902044
1785,-0.0003016591251885359
1786,0.014630467571644101
1787,0.004336349924585203
1788,0.011538461538461497
1789,-0.009879336349924606
1790,-0.023793363499245823
1791,-0.007767722473604799
1792,-0.005241327300150755
1793,-0.012631975867269996
1794,0.005580693815988025
1795,0.0009426847662141746
1796,0.006938159879336436
1797,-0.008484162895927627
1798,-0.012971342383107098
1799,0.006787330316742057
1800,-0.0008295625942684737
1801,-0.011123680241327316
1802,0.0004524886877826928
1803,-0.0038838612368023995
1804,-0.029223227752639525
1805,-0.008408748114630438
1806,0.0065233785822020884
1807,-0.008634992458521895
1808,0.03932880844645548
1809,-0.009464555052790313
1810,-0.001244343891402766
1811,0.02326546003016583
1812,0.004449472096530904
1813,-0.0036199095022624306
1814,0.008220211161387714
1815,0.015799396681749567
1816,0.004713423831070873
1817,-0.006184012066365041
1818,0.0007164404223227727
1819,-0.015987933634992513
1820,0.00011312217194581198
1821,0.013951734539969785
1822,-0.004600301659125228
1823,0.004072398190045345
1824,-0.0029788838612368473
1825,-7.541478129707846e-05
1826,0.0002262443438914019
1827,0.002224736048265452
1828,0.016440422322775317
1829,0.00976621417797896
1830,-0.004524886877828038
1831,-0.021606334841628938
1832,0.006598793363499222
1833,-0.0029788838612368473
1834,0.005769230769230749
1835,-0.007843137254901933
1836,0.013423831070889847
1837,-0.0030920060331824373
1838,-0.006372549019607876
1839,0.004449472096531015
1840,-0.002149321266968318
1841,-0.018250377073906532
1842,0.015082956259426794
1843,0.0063348416289592535
1844,0.0017345399698340813
1845,-0.015535444947209598
1846,0.013687782805429816
1847,0.003092006033182493
1848,0.0037330316742081315
1849,-0.018174962292609342
1850,-0.0092006033182504
1851,-0.029977375565610864
1852,0.002111613876319751
1853,0.011915535444947167
1854,-0.018250377073906532
1855,0.002488687782805421
1856,0.007918552036199067
1857,0.014215686274509753
1858,0.00041478129713423684
1859,-0.012028657616892924
1860,-0.006033182503770718
1861,0.007088989441930593
1862,-0.018174962292609342
1863,0.004072398190045234
1864,0.01968325791855219
1865,0.009577677224736125
1866,-0.002828054298642524
1867,-0.013084464555052744
1868,0.00874811463046754
1869,0.007654600301659209
1870,0.0038461538461538325
1871,-0.01470588235294118
1872,-0.0029788838612367363
1873,0.011085972850678694
1874,-0.016025641025641024
1875,-0.007315233785822051
1876,0.004638009049773628
1877,-0.011425339366515797
1878,-0.005090497737556543
1879,-0.01244343891402716
1880,0.0013951734539968674
1881,0.002601809954751122
1882,-0.020814479638008976
1883,-0.005844645550527883
1884,0.0036576168929109976
1885,-0.0035067873303167296
1886,-0.005015082956259409
1887,0.03676470588235292
1888,-0.0023755656108597756
1889,0.0032428355957768717
1890,0.027865761689291113
1891,-0.016063348416289536
1892,0.011312217194570096
1893,0.011161387631975828
1894,-0.013310708898944257
1895,0.012745098039215641
1896,0.0018476621417797823
1897,-0.0017722473604826483
1898,0.010180995475113086
1899,0.00426093514328818
1900,0.004449472096530904
1901,0.0015082956259426794
1902,-0.00022624434389145742
1903,-0.0016214177978883804
1904,0.004864253393665141
1905,0.004336349924585203
1906,0.0039215686274509665
1907,0.008408748114630549
1908,-0.0039592760180995334
1909,0.0017345399698340813
1910,-0.006485671191553577
1911,-0.01508295625942685
1912,-0.0063348416289592535
1913,-0.036236802413272984
1914,0.009464555052790313
1915,-0.01119909502262445
1916,-0.018438914027149367
1917,-0.017420814479638003
1918,0.012405731523378538
1919,-0.01659125188536953
1920,0.0010935143288084426
1921,-0.0065233785822021995
1922,0.004977375565610842
1923,-0.006825037707390624
1924,-0.009087481146304643
1925,0.017684766214178027
1926,-0.013989441930618352
1927,-0.014140271493212675
1928,0.004675716440422306
1929,-0.0020361990950226727
1930,-0.020739064856711897
1931,-0.0005279034690798823
1932,0.017496229260935192
1933,-0.006636500754147789
1934,0.01915535444947214
1935,0.020060331825037747
1936,-0.00237556561085972
1937,-0.0006410256410255832
1938,0.008521870286576139
1939,0.012104072398190113
1940,0.002488687782805421
1941,0.0006787330316743168
1942,0.0038461538461539435
1943,-0.008521870286576139
1944,-0.015045248868778338
1945,-0.01877828054298647
1946,0.008785822021116219
1947,0.0030920060331823818
1948,0.00912518853695321
1949,-0.01832579185520361
1950,0.012330316742081404
1951,0.022473604826545923
1952,-0.0038838612368023995
1953,0.007277526395173539
1954,-0.015346907993966818
1955,0.0009426847662141746
1956,0.004600301659125172
1957,-0.010105580693815952
1958,-0.009162895927601777
1959,0.0040346907993967784
1960,0.012556561085972917
1961,-0.017119155354449522
1962,-0.0018476621417797268
1963,-0.009238310708898967
1964,0.002337858220211153
1965,0.016742081447963852
1966,0.005316742081447945
1967,0.002903469079939658
1968,-0.01557315233785822
1969,-0.002752639517345279
1970,0.0033936651583710287
1971,0.0008672699849171517
1972,-0.0013197586726998445
1973,-0.007428355957767641
1974,-0.0009426847662141746
1975,-0.013273001508295634
1976,-0.010218702865761653
1977,0.009351432880844612
1978,-0.00512820512820511
1979,0.0014328808446456565
1980,-0.02122926093514338
1981,0.007239819004524861
1982,-0.0005656108597285048
1983,0.006184012066365097
1984,-0.009502262443438825
1985,-0.014781297134238258
1986,0.0014705882352941124
1987,0.009954751131221795
1988,-0.004072398190045234
1989,-0.014932126696832526
1990,0.02375565610859731
1991,-0.0002639517345399689
1992,0.005090497737556543
1993,0.00015082956259426794
1994,0.002828054298642524
1995,-0.013800904977375517
1996,-0.005920060331825072
1997,-0.0003016591251885359
1998,-0.013423831070889958
1999,0.002450980392156854
2000,0.004336349924585314
2001,-0.0018853695324283493
2002,0.013687782805429816
2003,-0.005806938159879371
2004,0.007503770739064941
2005,-0.003921568627450911
2006,-0.016327300150829616
2007,0.0062594268476621195
2008,-0.0019230769230769162
2009,0.011349924585218663
2010,0.012443438914027105
2011,-0.022322775263951655
2012,-0.004147812971342368
2013,0.007805429864253366
2014,-0.005542986425339402
2015,-0.021455505279034726
2016,-0.011915535444947167
2017,0.014102564102564163
2018,0.0006787330316742057
2019,0.02251131221719449
2020,0.00674962292609349
2021,0.019834087481146345
2022,0.0008672699849171517
2023,-0.0037707390648566985
2024,-0.015158371040723984
2025,-0.008521870286576139
2026,0.006938159879336325
2027,0.005279034690799378
2028,-0.001282051282051333
2029,-0.00033936651583704736
2030,-0.0064102564102563875
2031,-0.024095022624434415
2032,0.0013951734539968674
2033,-0.013650075414781249
2034,0.01953242835595781
2035,0.025452488687782826
2036,0.0010935143288084426
2037,0.00863499245852195
2038,-0.0015460030165911909
2039,-0.0018476621417797268
2040,0.023793363499245768
2041,-0.00818250377073898
2042,0.01138763197586723
2043,-0.0013197586726998445
2044,-0.002111613876319751
2045,-0.004110105580693857
2046,-0.017647058823529294
2047,0.002375565610859831
2048,0.01877828054298647
2049,-0.015987933634992513
2050,-0.006108597285067907
2051,-0.011349924585218663
2052,-0.021568627450980427
2053,-0.004449472096530904
2054,-0.009162895927601722
2055,-0.0038838612368023995
2056,-0.02058823529411763
2057,-0.02175716440422326
2058,-0.0002639517345399689
2059,0.004977375565610842
2060,0.019193061840120706
2061,-0.006485671191553577
2062,-0.001018099547511253
2063,-0.014027149321266974
2064,-0.0014328808446455454
2065,0.018853695324283604
2066,-0.002111613876319751
2067,-0.005618401206636536
2068,-0.0009426847662141746
2069,-0.007730015082956232
2070,0.018552036199095068
2071,-0.03333333333333338
2072,-0.008031674208144768
2073,-0.002262443438914019
2074,0.04306184012066361
2075,-0.00018853695324283493
2076,0.008823529411764786
2077,-0.002941176470588225
2078,-0.0006410256410256387
2079,-0.009539969834087392
2080,0.024849170437405754
2081,-0.003921568627451022
2082,0.0019230769230769162
2083,-0.01632730015082945
2084,0.008823529411764786
2085,-0.018891402714932115
2086,-0.003054298642533926
2087,-0.00463800904977385
2088,-0.007918552036199122
2089,0.01402714932126703
2090,-0.00550527903469078
2091,0.012782805429864319
2092,-0.012895927601809909
2093,-0.0007164404223228282
2094,-0.0017722473604826483
2095,0.00739064856711924
2096,0.009502262443438991
2097,-0.016440422322775317
2098,-0.0198717948717948
2099,0.002865761689291091
2100,0.00863499245852184
2101,-0.013046757164404177
2102,0.01214177978883868
2103,-0.012254901960784326
2104,-0.005580693815987914
2105,-0.01108597285067875
2106,0.015610859728506843
2107,-0.01108597285067875
2108,-0.0007164404223228282
2109,-0.023039215686274483
2110,-0.01082202111613878
2111,-0.008898944193061809
2112,0.015309200603318196
2113,0.014102564102564163
2114,-0.0025263951734539325
2115,0.005995475113122262
2116,-0.004260935143287958
2117,0.0010935143288084426
2118,-0.011010558069381615
2119,-0.0065233785822021995
2120,0.0006033182503770718
2121,0.010218702865761653
2122,-0.00550527903469078
2123,-0.006108597285067907
2124,0.0002262443438914019
2125,0.021493212669683293
2126,0.021229260935143324
2127,0.0010180995475111976
2128,-0.014819004524886936
2129,-0.010859728506787292
2130,-0.0008295625942684737
2131,-0.010105580693816063
2132,0.027375565610859742
2133,0.004864253393665141
2134,0.016817496229260875
2135,0.0038084464555052655
2136,0.022850678733031593
2137,-0.0002262443438913464
2138,-0.0021870286576169407
2139,-0.010218702865761653
2140,-0.0009049773755656632
2141,0.007579185520361964
2142,-0.004298642533936692
2143,-0.025829562594268496
2144,0.0019230769230770273
2145,0.005203619909502355
2146,-0.0062594268476621195
2147,-0.00407239819004529
2148,0.004411764705882337
2149,0.008069381598793446
2150,0.016591251885369585
2151,0.014630467571644101
2152,0.007880844645550611
2153,0.018288084464554988
2154,-0.02756410256410252
2155,0.0008295625942684737
2156,-0.001432880844645601
2157,0.009125188536953321
2158,0.009238310708898911
2159,0.0017722473604826483
2160,-3.7707390648511474e-05
2161,0.004336349924585203
2162,-0.006674208144796412
2163,0.012933634992458587
2164,-0.011613876319758742
2165,-0.011840120663650089
2166,0.006900452488687869
2167,0.004449472096531015
2168,-0.0032428355957767607
2169,0.005731523378582182
2170,0.0005279034690799378
2171,-0.002639517345399689
2172,-0.011651583710407254
2173,-0.005806938159879371
2174,0.0063348416289592535
2175,-0.012141779788838625
2176,0.0017345399698341923
2177,0.010180995475113086
2178,-0.009502262443438936
2179,-0.0169683257918552
2180,0.0009049773755656076
2181,0.01101055806938167
2182,-0.008634992458521895
2183,0.009162895927601777
2184,-0.020701357466063275
2185,-0.006033182503770718
2186,0.005844645550527883
2187,-0.03744343891402724
2188,0.004223227752639502
2189,0.002828054298642524
2190,-0.007277526395173428
2191,-0.01745852187028646
2192,-0.008333333333333304
2193,-0.005731523378582126
2194,0.002903469079939547
2195,-0.01832579185520361
2196,0.00901206636500751
2197,-0.003883861236802455
2198,0.013461538461538525
2199,0.015158371040723928
2200,0.02564102564102566
2201,0.0035444947209652966
2202,0.0105203619909503
2203,0.014932126696832526
2204,0.006900452488687869
2205,-0.010444947209653
2206,-0.0032051282051281937
2207,0.005279034690799378
2208,-0.0013197586726998445
2209,0.006636500754147789
2210,0.002978883861236792
2211,-0.02828054298642535
2212,-0.018438914027149367
2213,-0.010633484162895945
2214,0.020852187028657654
2215,-0.012368024132730082
2216,0.01564856711915541
2217,0.01225490196078427
2218,7.541478129713397e-05
2219,0.012669683257918507
2220,-0.0006033182503770163
2221,0.011048265460030238
2222,-0.0076923076923077205
2223,0.015497737556561031
2224,0.012707390648567074
2225,-0.022322775263951655
2226,0.007956259426847745
2227,-0.009162895927601777
2228,-0.008974358974358942
2229,-0.020437405731523306
2230,-0.016553544494720906
2231,0.01576168929110111
2232,-0.013914027149321329
2233,0.01327300150829569
2234,0.011953242835595845
2235,-0.0038838612368023995
2236,-0.0062217194570135526
2237,0.0010180995475114196
2238,-0.012104072398190002
2239,-0.004223227752639447
2240,0.0033936651583710287
2241,-0.0158748114630467
2242,0.016101055806938214
2243,-0.005995475113122095
2244,0.016742081447963852
2245,0.008936651583710487
2246,-0.0005279034690799933
2247,-0.005920060331825128
2248,0.010708898944193135
2249,-0.006033182503770718
2250,0.007880844645550611
2251,0.015723981900452433
2252,-0.020022624434389125
2253,-0.007315233785822051
2254,-0.003846153846153777
2255,-0.016817496229260875
2256,-0.004374057315233826
2257,-0.002073906485671184
2258,0.006825037707390624
2259,0.007805429864253366
2260,-0.015874811463046812
2261,0.012895927601809909
2262,-0.009803921568627472
2263,0.005316742081448056
2264,-0.005203619909502244
2265,-0.010784313725490158
2266,0.00037707390648566985
2267,0.002337858220211153
2268,-0.009389140271493235
2269,0.01176470588235301
2270,0.01904223227752644
2271,-0.011802413273001466
2272,0.004185520361990935
2273,-0.016892911010558065
2274,-0.007654600301659209
2275,-0.006674208144796301
2276,0.008785822021116219
2277,0.009502262443438991
2278,-0.00942684766214169
2279,-0.013310708898944201
2280,0.011199095022624395
2281,0.012858220211161342
2282,-0.007843137254901933
2283,-0.008484162895927627
2284,-0.02831825037707386
2285,0.002677224736048367
2286,-0.001055806938159931
2287,0.002903469079939547
2288,0.007956259426847634
2289,0.007277526395173539
2290,0.015686274509803977
2291,-0.01632730015082956
2292,-0.010972850678732993
2293,-0.009917043740573228
2294,0.017684766214178027
2295,-0.004600301659125228
2296,0.012631975867270051
2297,0.0011689291101055765
2298,-0.0130844645550528
2299,-0.0024132730015083426
2300,0.0007541478129713397
2301,0.011048265460030127
2302,0.005844645550527883
2303,-0.01432880844645551
2304,0.004675716440422306
2305,-0.00833333333333336
2306,0.0065233785822021995
2307,-0.008521870286576139
2308,-0.004864253393665086
2309,0.002111613876319862
2310,0.018250377073906532
2311,-0.008182503770739091
2312,-0.02390648567119158
2313,-0.007051282051281971
2314,0.008107088989441902
2315,-0.018438914027149256
2316,-0.013876319758672706
2317,0.012292609351432948
2318,-0.0004524886877827483
2319,0.0198717948717948
2320,0.017986425339366452
2321,-0.019607843137254888
2322,-0.012594268476621429
2323,-0.003657616892911053
2324,0.004034690799396667
2325,-0.0017345399698340258
2326,0.003129713423831171
2327,0.02104072398190049
2328,0.019193061840120706
2329,-0.004110105580693857
2330,0.002828054298642524
2331,0.007956259426847634
2332,-0.008710407239818974
2333,-0.007277526395173539
2334,0.017345399698340924
2335,-0.012895927601809964
2336,-0.00825791855203617
2337,0.018966817496229305
2338,-0.011500754147812986
2339,0.024321266968325816
2340,-0.002828054298642524
2341,0.02352941176470591
2342,0.005656108597285048
2343,0.005052790346907976
2344,-0.0026018099547511775
2345,-0.003544494720965352
2346,-0.02273755656108606
2347,-0.00712669683257916
2348,0.004939668174962386
2349,0.02352941176470591
2350,0.012330316742081515
2351,-0.007692307692307665
2352,-0.01195324283559579
2353,0.01263197586726994
2354,0.004185520361991046
2355,0.010671191553544457
2356,0.008069381598793335
2357,-0.002828054298642524
2358,0.004110105580693801
2359,-0.007051282051282082
2360,0.018966817496229305
2361,0.007277526395173539
2362,0.009087481146304754
2363,0.03880090497737565
2364,-0.002714932126696823
2365,0.014856711915535503
2366,0.004562594268476605
2367,-0.007013574660633459
2368,-0.002865761689291091
2369,-0.006749622926093546
2370,0.016968325791855254
2371,-0.005580693815988025
2372,0.00237556561085972
2373,0.004449472096531015
2374,-0.002187028657616885
2375,0.00701357466063357
2376,-0.010256410256410164
2377,0.016930618401206687
2378,-0.012858220211161342
2379,0.004336349924585203
2380,0.0019230769230769162
2381,-0.01670437405731523
2382,-0.019607843137254888
2383,0.023680241327300178
2384,0.008031674208144768
2385,0.02039969834087474
2386,-0.015535444947209653
2387,0.009690799396681715
2388,0.005354449472096512
2389,0.014328808446455454
2390,0.009539969834087558
2391,0.01101055806938156
2392,0.0062594268476621195
2393,0.014366515837104021
2394,-0.001168929110105632
2395,-0.009426847662141802
2396,0.0038084464555053765
2397,0.025678733031674228
2398,0.017232277526395223
2399,-0.023717948717948745
2400,0.019720965309200644
2401,-0.0075791855203620195
2402,-0.004675716440422251
2403,0.007730015082956232
2404,0.004638009049773739
2405,0.002526395173454099
2406,-0.0004524886877827483
2407,-0.015045248868778227
2408,-0.0029034690799396023
2409,0.0036199095022624306
2410,0.007390648567119129
2411,0.010444947209653055
2412,0.010708898944193135
2413,0.005165912518853677
2414,0.012217194570135814
2415,0.008107088989441902
2416,0.0032051282051281937
2417,-0.008597285067873273
2418,0.002865761689291091
2419,0.005241327300150811
2420,0.011689291101055765
2421,-0.002564102564102555
2422,0.0012443438914027105
2423,-0.004562594268476605
2424,-0.012971342383107098
2425,0.009653092006033148
2426,0.021191553544494646
2427,-0.005618401206636425
2428,-0.005656108597285048
2429,0.002941176470588114
2430,0.021681749622926128
2431,0.004298642533936636
2432,-0.013084464555052744
2433,0.011161387631975828
2434,0.0007164404223227727
2435,0.011726998491704332
2436,0.01564856711915541
2437,0.01289592760181002
2438,0.00874811463046754
2439,0.007051282051282026
2440,0.0064856711915535215
2441,-0.02549019607843145
2442,0.014366515837104132
2443,-0.0076546003016590425
2444,-0.019607843137254888
2445,-0.01595022624434389
2446,-0.010972850678732993
2447,0.0035067873303168406
2448,0.01564856711915541
2449,-0.030241327300150778
2450,-0.012179487179487136
2451,0.005580693815987914
2452,0.011463046757164475
2453,-0.0039592760180995334
2454,-0.00844645550527906
2455,-0.002262443438914019
2456,-0.02564102564102566
2457,0.0062594268476621195
2458,0.01214177978883868
2459,-0.012971342383107098
2460,0.018552036199095068
2461,-0.007466063348416374
2462,0.005618401206636481
2463,0.0014328808446455454
2464,0.010407239819004599
2465,0.020361990950226283
2466,-0.017647058823529405
2467,0.017081447963800844
2468,0.007088989441930704
2469,0.002978883861236792
2470,0.0017345399698340813
2471,0.00501508295625952
2472,-0.0052413273001508665
2473,-0.01244343891402716
2474,-0.0003016591251885914
2475,0.002488687782805421
2476,-0.004147812971342368
2477,0.0005279034690799378
2478,0.008974358974359053
2479,0.01915535444947203
2480,0.012368024132729971
2481,-0.00501508295625952
2482,-0.007051282051281971
2483,-0.003733031674208187
2484,-0.01006787330316744
2485,-0.02865761689291102
2486,0.004901960784313708
2487,-0.002111613876319751
2488,0.016063348416289536
2489,0.013914027149321329
2490,-0.0006033182503770163
2491,0.014064856711915596
2492,-0.0065610859728506
2493,0.010859728506787292
2494,-0.007126696832579216
2495,0.002488687782805421
2496,-0.00018853695324283493
2497,-0.009917043740573062
2498,0.009238310708898911
2499,0.00437405731523377
2500,0.02141779788838616
2501,-0.0007164404223228282
2502,0.01127450980392164
2503,-0.014404223227752588
2504,-0.0018853695324283493
2505,-0.01915535444947214
2506,-0.01583710407239819
2507,0.01127450980392164
2508,0.018363499245852344
2509,-0.01082202111613878
2510,-0.00682503770739068
2511,-0.008861236802413297
2512,-0.02752639517345401
2513,-0.0039592760180995334
2514,0.017986425339366563
2515,0.004977375565610842
2516,-0.01632730015082956
2517,-0.015045248868778338
2518,-0.0076168929110104755
2519,0.014215686274509753
2520,-0.018363499245852177
2521,-0.02311463046757173
2522,-0.00037707390648566985
2523,0.004487179487179471
2524,0.0008672699849171517
2525,-0.017156862745098034
2526,-0.008861236802413297
2527,0.006900452488687869
2528,-0.006598793363499167
2529,-0.004185520361990935
2530,0.005844645550527883
2531,-0.0209653092006033
2532,0.002865761689291091
2533,0.010369532428355921
2534,0.004562594268476716
2535,0.008182503770739036
2536,-0.010143288084464575
2537,-0.0030920060331824373
2538,-0.013386123680241335
2539,-0.003733031674208187
2540,0.007579185520361964
2541,0.018250377073906532
2542,0.009841628959275983
2543,0.030618401206636503
2544,0.005165912518853677
2545,-0.003657616892911053
2546,-0.01470588235294118
2547,-0.003846153846153888
2548,0.006184012066365097
2549,0.0017345399698340813
2550,-0.0012443438914025995
2551,0.008936651583710375
2552,-0.021455505279034726
2553,0.0064856711915535215
2554,-0.004298642533936692
2555,0.0016968325791855143
2556,-0.017307692307692357
2557,0.0009803921568627416
2558,0.017609351432880893
2559,-0.010294117647058898
2560,0.00033936651583710287
2561,-0.004110105580693857
2562,0.004638009049773739
2563,-0.006711915535445034
2564,-0.011990950226244301
2565,0.0010558069381598756
2566,-0.0006410256410256387
2567,-0.0027903469079940124
2568,0.008710407239818974
2569,-0.013159879336349878
2570,0.0015460030165912464
2571,-0.0078054298642534214
2572,0.005920060331825017
2573,0.0010935143288084426
2574,-0.009012066365007565
2575,0.002111613876319751
2576,0.023604826546002933
2577,-0.024698340874811486
2578,0.005241327300150811
2579,-0.010558069381598811
2580,0.02104072398190049
2581,0.00938914027149329
2582,-0.009917043740573117
2583,-0.003846153846153888
2584,0.004110105580693801
2585,-0.012745098039215752
2586,0.022699849170437436
2587,0.029336349924585337
2588,0.0039592760180995334
2589,0.007503770739064941
2590,-0.0018476621417798378
2591,-0.0008295625942684182
2592,0.005542986425339347
2593,0.00018853695324283493
2594,-0.003355957767722517
2595,0.0037330316742081315
2596,0.005957767722473695
2597,-0.024962292609351344
2598,-0.005090497737556543
2599,0.00037707390648566985
2600,0.01225490196078427
2601,0.006787330316742057
2602,-0.013725490196078438
2603,0.004147812971342368
2604,0.014819004524886825
2605,-0.02009803921568626
2606,-0.006108597285067907
2607,-0.016930618401206687
2608,-0.0064479638009049545
2609,-0.005920060331824961
2610,0.004788838612368007
2611,0.01387631975867265
2612,0.010972850678732993
2613,-0.011500754147812986
2614,-0.013536953242835603
2615,-0.02164404223227756
2616,0.005618401206636481
2617,-0.009728506787330393
2618,0.011236802413272962
2619,0.01225490196078427
2620,-0.013650075414781304
2621,0.01666666666666672
2622,0.0018099547511312153
2623,0.005429864253393646
2624,0.01289592760181002
2625,-0.0051659125188537325
2626,-0.015120663650075361
2627,0.01101055806938167
2628,-0.013273001508295634
2629,-0.011840120663650089
2630,0.007390648567119129
2631,0.010331825037707465
2632,0.0006787330316742057
2633,-0.012292609351432837
2634,-0.019796380090497723
2635,0.00475113122171944
2636,0.002941176470588225
2637,-0.019984917043740558
2638,-0.019683257918551966
2639,0.009162895927601777
2640,-0.009653092006033148
2641,0.020852187028657654
2642,0.011990950226244301
2643,-0.009766214177978905
2644,-0.009615384615384637
2645,0.0035822021116138636
2646,0.0035444947209652966
2647,-0.010595776772247323
2648,-0.00882352941176473
2649,0.02104072398190049
2650,0.012179487179487136
2651,0.01640271493212675
2652,0.0034690799396681626
2653,0.005844645550527883
2654,-0.007164404223227727
2655,0.013235294117647012
2656,-0.007654600301659098
2657,-0.012481146304675672
2658,-0.0018476621417798378
2659,0.013046757164404177
2660,-0.010520361990950189
2661,0.004713423831070873
2662,-0.008031674208144768
2663,-0.010935143288084481
2664,0.008408748114630438
2665,-0.013876319758672762
2666,0.003016591251885359
2667,0.0014328808446456565
2668,-0.021530920060331804
2669,0.004336349924585203
2670,0.01538461538461533
2671,0.00237556561085972
2672,-0.007993966817496145
2673,0.02066365007541482
2674,0.009276018099547478
2675,0.019720965309200533
2676,-0.018024132730015074
2677,-0.009087481146304643
2678,0.013951734539969785
2679,0.00033936651583710287
2680,-0.004751131221719496
2681,0.015196078431372606
2682,-0.01711915535444941
2683,-0.01206636500754149
2684,-0.015686274509803977
2685,-0.00275263951734539
2686,-0.0049773755656108976
2687,-0.009615384615384637
2688,0.004939668174962275
2689,-0.002714932126696823
2690,0.01700603318250371
2691,0.005882352941176561
2692,-0.0169683257918552
2693,0.004260935143288069
2694,-0.0036953242835594535
2695,0.016176470588235348
2696,-0.026960784313725505
2697,0.010067873303167385
2698,-0.0062217194570135526
2699,0.002036199095022617
2700,-0.013725490196078383
2701,0.009539969834087447
2702,0.012405731523378538
2703,-0.006636500754147789
2704,-0.017081447963800955
2705,-0.012556561085972806
2706,0.010897435897435859
2707,-0.004524886877828038
2708,-0.03212669683257913
2709,0.013197586726998445
2710,0.010218702865761653
2711,0.014743589743589691
2712,-0.006825037707390624
2713,-0.006636500754147789
2714,0.002187028657616885
2715,-0.001018099547511253
2716,0.01063348416289589
2717,0.0002262443438914019
2718,-0.0019607843137254832
2719,-0.0016591251885370029
2720,0.030090497737556565
2721,0.010331825037707465
2722,-0.00893665158371032
2723,0.015723981900452433
2724,0.017420814479638058
2725,-0.00011312217194570096
2726,-0.0050527903469080315
2727,0.002036199095022617
2728,0.004826546003016574
2729,-0.011349924585218663
2730,-0.002262443438914019
2731,-0.012745098039215697
2732,0.0039592760180995334
2733,0.004713423831070873
2734,0.0105203619909503
2735,0.00015082956259426794
2736,-0.009125188536953266
2737,0.004072398190045234
2738,0.014064856711915485
2739,0.002262443438914019
2740,-0.0007918552036198512
2741,0.00539215686274519
2742,-0.017307692307692246
2743,-0.007164404223227727
2744,-0.022360482654600278
2745,0.002714932126696823
2746,0.0019230769230770273
2747,-0.0017722473604825928
2748,0.0013951734539968674
2749,-0.007088989441930593
2750,-0.0198717948717948
2751,-0.001093514328808498
2752,-0.014894419306184015
2753,-0.019683257918551966
2754,0.00426093514328818
2755,0.00837104072398187
2756,0.008672699849170407
2757,7.541478129713397e-05
2758,0.022963800904977405
2759,-0.01632730015082956
2760,0.002413273001508287
2761,0.00950226244343888
2762,0.0010180995475113086
2763,-0.005090497737556543
2764,0.01414027149321262
2765,0.02315233785822024
2766,-0.003921568627451022
2767,-0.03208898944193056
2768,-0.01983408748114629
2769,-0.024622926093514297
2770,-0.01938159879336354
2771,0.005090497737556543
2772,0.016855203619909553
2773,0.01289592760181002
2774,-0.014781297134238314
2775,-0.0039592760180995334
2776,0.0038838612368023995
2777,-0.013989441930618352
2778,-0.005806938159879371
2779,0.0033182503770740057
2780,-0.0016968325791855143
2781,0.02115384615384608
2782,0.004336349924585203
2783,-0.010105580693816063
2784,-0.0039592760180995334
2785,-0.015309200603318307
2786,0.024622926093514352
2787,-0.002564102564102555
2788,0.003129713423831171
2789,-0.00957767722473607
2790,0.0062971342383106865
2791,0.018174962292609287
2792,0.002262443438914019
2793,0.00426093514328818
2794,0.01127450980392164
2795,0.008446455505279116
2796,-0.007239819004524806
2797,-0.012707390648567074
2798,0.018325791855203555
2799,0.007390648567119129
2800,-0.005316742081447945
2801,0.015799396681749678
2802,-0.005618401206636536
2803,0.0005656108597285048
2804,-0.011123680241327316
2805,0.0037330316742081315
2806,-0.010482654600301622
2807,-0.0052413273001508665
2808,-0.018061840120663697
2809,0.0016591251885369473
2810,-0.006636500754147789
2811,-0.008936651583710431
2812,-0.011915535444947167
2813,-0.016440422322775206
2814,0.0006410256410255277
2815,-0.004487179487179527
2816,0.0065233785822021995
2817,-0.0010558069381598756
2818,0.004034690799396667
2819,0.0009049773755656076
2820,-0.014894419306183904
2821,-0.008597285067873273
2822,-0.007880844645550555
2823,-0.0011312217194570096
2824,-0.007202111613876294
2825,7.541478129702295e-05
2826,-0.006033182503770718
2827,0.011236802413273073
2828,-0.018061840120663697
2829,0.006749622926093601
2830,0.01387631975867265
2831,-0.012217194570135759
2832,-0.021681749622926072
2833,-0.012895927601809964
2834,-0.015271493212669685
2835,0.0035822021116138636
2836,-0.008710407239818974
2837,-0.01621417797888386
2838,-0.005656108597285048
2839,-0.014140271493212675
2840,0.0037330316742081315
2841,0.017571644042232326
2842,0.020437405731523306
2843,-0.004675716440422362
2844,-0.008220211161387603
2845,0.014743589743589691
2846,0.006636500754147789
2847,0.0031674208144796268
2848,-0.0158748114630467
2849,-0.014592760180995423
2850,-0.006711915535444923
2851,-0.011349924585218663
2852,0.01251885369532435
2853,0.005015082956259409
2854,0.00437405731523377
2855,0.00437405731523377
2856,-0.0003393665158371584
2857,-0.001357466063348356
2858,0.01349924585218698
2859,-0.010407239819004488
2860,-0.0014328808446455454
2861,0.0004524886877826928
2862,0.008484162895927572
2863,-0.01625188536953248
2864,0.02601809954751133
2865,-0.009389140271493235
2866,0.0063725490196079315
2867,0.0062971342383106865
2868,0.004826546003016685
2869,-0.0018476621417798378
2870,-0.013989441930618352
2871,-0.013612368024132682
2872,-7.541478129707846e-05
2873,-0.0025641025641026105
2874,-0.02202111613876323
2875,-0.01006787330316744
2876,0.007239819004524861
2877,0.0007164404223227727
2878,0.0038838612368025105
2879,0.010105580693815952
2880,-0.002828054298642524
2881,0.009653092006033148
2882,0.016478129713423884
2883,0.01753393665158376
2884,0.013838612368024195
2885,-0.011538461538461497
2886,-0.0014328808446454344
2887,-0.002111613876319751
2888,0.0007164404223227727
2889,0.0034313725490197067
2890,-0.012895927601809964
2891,0.012745098039215641
2892,-0.000980392156862686
2893,-0.0003393665158371584
2894,-0.0002262443438913464
2895,-0.007956259426847634
2896,-0.004260935143287958
2897,-0.016365007541478183
2898,0.0036199095022624306
2899,-0.0018099547511312708
2900,0.004638009049773739
2901,-0.018174962292609342
2902,-0.020739064856711897
2903,-0.0029411764705882804
2904,0.002714932126696712
2905,-0.005995475113122206
2906,0.015158371040723928
2907,-0.01282051282051283
2908,0.0035822021116138636
2909,-0.0018853695324283493
2910,-0.00882352941176473
2911,0.01791101055806943
2912,-0.013536953242835603
2913,0.018438914027149367
2914,-0.033220211161387625
2915,-0.008936651583710431
2916,0.0007164404223227727
2917,-0.008182503770739091
2918,-0.00965309200603326
2919,0.01025641025641022
2920,0.009992458521870251
2921,-0.006598793363499222
2922,-0.00682503770739068
2923,-0.0033936651583710287
2924,0.0032428355957767607
2925,-0.004901960784313708
2926,0.00037707390648566985
2927,0.006184012066365097
2928,0.013536953242835659
2929,0.007918552036199067
2930,0.005844645550527883
2931,-0.014404223227752644
2932,0.008898944193061809
2933,-0.011236802413272962
2934,0.027488687782805443
2935,0.00033936651583710287
2936,-0.002450980392156854
2937,-0.00855957767722465
2938,-0.0022247360482655076
2939,-0.006146304675716419
2940,-0.014479638009049833
2941,0.014291101055806998
2942,-0.0015082956259426794
2943,-0.004864253393665197
2944,-0.000980392156862686
2945,-0.0013197586726998445
2946,-0.019947209653091935
2947,-0.011085972850678694
2948,0.005995475113122262
2949,-0.004336349924585203
2950,-0.0018853695324283493
2951,0.012443438914027105
2952,0.02277526395173457
2953,-0.007541478129713397
2954,0.01591251885369538
2955,-0.01270739064856724
2956,-0.0009803921568627971
2957,-0.010407239819004599
2958,0.018438914027149367
2959,0.006636500754147789
2960,-0.007202111613876294
2961,-0.0037707390648566985
2962,-0.006938159879336381
2963,-0.002450980392156854
2964,0.00041478129713423684
2965,-0.01244343891402716
2966,-0.023793363499245823
2967,-0.0018099547511312708
2968,0.007277526395173428
2969,0.021568627450980316
2970,0.005656108597285048
2971,0.0012443438914027105
2972,-0.006485671191553466
2973,-0.007013574660633459
2974,0.012933634992458476
2975,0.007579185520361964
2976,0.018174962292609398
2977,0.007013574660633459
2978,0.01376319758672695
2979,-0.002903469079939658
2980,-0.009841628959276094
2981,-3.7707390648622496e-05
2982,0.010935143288084426
2983,0.004110105580693801
2984,-0.00011312217194575647
2985,-0.004072398190045234
2986,-0.0023755656108597756
2987,0.010143288084464519
2988,-0.007352941176470562
2989,-0.0004524886877827483
2990,-0.003469079939668218
2991,0.008220211161387603
2992,0.012669683257918507
2993,-0.007013574660633459
2994,-0.008634992458521895
2995,0.012745098039215752
2996,-0.006146304675716419
2997,-0.021493212669683237
2998,-0.0037707390648566985
2999,-0.012594268476621373
3000,-0.00369532428355962
3001,0.0007541478129713397
3002,0.016101055806938214
3003,-0.016817496229260875
3004,-0.01700603318250371
3005,0.011199095022624395
3006,-0.005618401206636536
3007,0.024057315233785848
3008,0.0012066365007541435
3009,-0.004223227752639447
3010,0.006749622926093601
3011,-0.012368024132730082
3012,0.0035067873303168406
3013,-0.009653092006033148
3014,-0.018853695324283548
3015,-0.001470588235294168
3016,0.006862745098039191
3017,0.0004901960784314818
3018,-0.003921568627451022
3019,-0.0019230769230769718
3020,-0.0004524886877827483
3021,0.00475113122171944
3022,0.007616892911010531
3023,-0.0002262443438913464
3024,0.0015082956259426794
3025,0.00874811463046754
3026,0.01527149321266974
3027,0.020588235294117574
3028,0.011538461538461497
3029,0.030354449472096534
3030,0.0015837104072397024
3031,0.007730015082956232
3032,-0.028921568627450933
3033,0.007579185520361964
3034,-0.018589743589743635
3035,0.00539215686274519
3036,-0.018476621417797878
3037,0.0013951734539969785
3038,0.0039592760180995334
3039,0.006900452488687869
3040,0.0015082956259426794
3041,0.0009426847662141746
3042,0.00837104072398187
3043,0.006636500754147789
3044,0.016365007541478183
3045,-0.004374057315233826
3046,0.007880844645550611
3047,0.017571644042232215
3048,0.01851432880844639
3049,0.0019607843137254832
3050,0.018099547511312264
3051,-0.007051282051281971
3052,0.002941176470588225
3053,-0.015271493212669685
3054,0.023039215686274428
3055,0.009728506787330282
3056,0.01338612368024128
3057,0.008446455505279116
3058,-0.029562594268476572
3059,0.0003016591251886469
3060,-0.010897435897435914
3061,-0.009125188536953266
3062,-0.0092006033182504
3063,-0.0051659125188536215
3064,0.0158748114630467
3065,-0.002941176470588225
3066,-0.002187028657616885
3067,-0.002187028657616885
3068,-0.010143288084464575
3069,-0.0024132730015083426
3070,0.007315233785822106
3071,-0.012217194570135759
3072,0.014856711915535503
3073,3.7707390648566985e-05
3074,0.01689291101055812
3075,-0.016289592760180993
3076,-0.007541478129713397
3077,0.029336349924585337
3078,-0.01809954751131221
3079,0.004524886877828038
3080,-0.00931372549019599
3081,-0.008484162895927627
3082,-0.005090497737556543
3083,-0.003996983408748156
3084,-0.0027903469079940124
3085,-0.003431372549019651
3086,-0.0076168929110104755
3087,-0.007164404223227727
3088,0.015309200603318196
3089,-0.0012443438914027105
3090,0.0062217194570135526
3091,0.008220211161387603
3092,-0.006146304675716419
3093,-0.00331825037707395
3094,-0.006674208144796412
3095,0.006975867269984892
3096,-0.009539969834087447
3097,0.011199095022624506
3098,0.00437405731523377
3099,0.00874811463046754
3100,-0.013838612368024084
3101,-0.004901960784313708
3102,0.00037707390648566985
3103,0.02413273001508298
3104,-0.010294117647058787
3105,-0.0035067873303167296
3106,0.0012066365007541435
3107,-0.01432880844645551
3108,0.014819004524886825
3109,0.0015837104072397024
3110,0.003129713423831171
3111,0.011236802413273073
3112,-0.008898944193061809
3113,-0.00037707390648566985
3114,-0.0017345399698340258
3115,0.02665912518853697
3116,0.0079939668174962
3117,-0.005920060331825072
3118,0.01640271493212675
3119,-0.02413273001508298
3120,0.018061840120663697
3121,0.0038461538461538325
3122,0.007918552036199067
3123,-0.002111613876319751
3124,-0.02021116138763196
3125,-0.01738310708898938
3126,-0.005580693815988025
3127,-0.0034313725490195957
3128,0.007541478129713397
3129,-0.023076923076923106
3130,0.012594268476621484
3131,0.015082956259426794
3132,-0.02115384615384619
3133,-0.015045248868778338
3134,0.02202111613876323
3135,-0.010143288084464575
3136,-0.01044494720965311
3137,0.01150075414781293
3138,-0.003054298642533926
3139,-0.010407239819004488
3140,0.00576923076923086
3141,-0.005806938159879371
3142,0.020324283559577716
3143,-0.010633484162895945
3144,0.009992458521870251
3145,0.020173453996983448
3146,-0.004449472096530904
3147,3.7707390648566985e-05
3148,0.019457013574660564
3149,-0.011085972850678694
3150,-0.00512820512820511
3151,0.009276018099547478
3152,-0.00037707390648566985
3153,0.00018853695324283493
3154,0.009351432880844612
3155,-0.016930618401206687
3156,-0.005429864253393701
3157,-0.019306184012066296
3158,0.024208144796380116
3159,0.002111613876319751
3160,0.0002262443438914019
3161,0.0012443438914028215
3162,0.014027149321266918
3163,0.016930618401206687
3164,-0.0033936651583710287
3165,-0.013536953242835603
3166,0.004751131221719551
3167,-0.00475113122171944
3168,0.0033182503770740057
3169,-0.02213423831070882
3170,-0.02941176470588236
3171,0.0019607843137254832
3172,-0.0024132730015083426
3173,-0.0036953242835595645
3174,0.024472096530920084
3175,-0.009162895927601777
3176,0.002978883861236792
3177,-0.0035067873303167296
3178,0.019607843137254943
3179,0.012179487179487136
3180,0.0013197586726998445
3181,0.014592760180995534
3182,-0.003657616892910942
3183,0.015309200603318196
3184,-0.010143288084464575
3185,-0.0017722473604826483
3186,-0.005015082956259409
3187,-0.012782805429864263
3188,-0.0017722473604825928
3189,0.00426093514328818
3190,0.009049773755656076
3191,-0.013499245852187092
3192,-0.0012443438914027105
3193,-0.01508295625942685
3194,-0.008823529411764675
3195,-0.0034313725490195957
3196,-0.0009049773755656632
3197,-0.0021493212669682626
3198,0.00863499245852195
3199,0.009917043740573117
3200,0.014856711915535392
3201,0.008484162895927572
3202,0.008107088989441902
3203,0.0039215686274509665
3204,0.011953242835595845
3205,-0.014592760180995423
3206,-0.008333333333333304
3207,-0.016779788838612364
3208,0.01101055806938156
3209,-0.02311463046757173
3210,-0.005693815987933615
3211,0.008408748114630549
3212,0.002714932126696823
3213,0.01063348416289589
3214,-0.017609351432880782
3215,-0.002526395173453988
3216,0.002073906485671184
3217,-0.011123680241327316
3218,0.0002639517345399689
3219,0.00588235294117645
3220,0.002601809954751122
3221,0.012820512820512775
3222,-0.001470588235294168
3223,-0.013386123680241335
3224,0.009464555052790313
3225,0.007126696832579271
3226,-0.0023378582202110976
3227,-0.006033182503770718
3228,0.009917043740573228
3229,0.011312217194570096
3230,-0.0027903469079939014
3231,-0.0063348416289592535
3232,-0.0064102564102563875
3233,0.014064856711915596
3234,-0.0036953242835595645
3235,0.0013574660633484115
3236,-0.004147812971342368
3237,0.025339366515837014
3238,-0.0033182503770738947
3239,0.0
3240,-0.0009049773755655521
3241,-0.004901960784313708
3242,-0.004185520361990935
3243,0.009917043740573117
3244,0.0038461538461538325
3245,0.0033182503770740057
3246,0.008559577677224706
3247,-0.012631975867269996
3248,0.02051282051282055
3249,0.009992458521870251
3250,0.013536953242835659
3251,0.0032428355957767607
3252,0.016101055806938103
3253,0.002828054298642524
3254,0.008898944193061809
3255,0.014064856711915485
3256,-0.01700603318250371
3257,-0.0008295625942684182
3258,-0.006900452488687758
3259,0.01289592760181002
3260,-0.009276018099547478
3261,-0.0198717948717948
3262,0.00475113122171944
3263,0.0062971342383106865
3264,-0.0015082956259426794
3265,-0.010407239819004488
3266,-0.010972850678732993
3267,-0.0038084464555052655
3268,0.021380090497737703
3269,-0.01006787330316733
3270,0.008107088989441902
3271,-0.01395173453996984
3272,-0.018438914027149256
3273,-0.009426847662141802
3274,0.012368024132729971
3275,-0.007202111613876294
3276,-0.001395173453996923
3277,-0.02631975867269981
3278,-0.009879336349924606
3279,0.002450980392156854
3280,-0.022926093514328783
3281,-0.007579185520361964
3282,0.007956259426847634
3283,0.00501508295625952
3284,0.013574660633484115
3285,0.011990950226244301
3286,-0.0022247360482655076
3287,0.016327300150829505
3288,-0.001282051282051333
3289,-0.0026018099547511775
3290,-0.006372549019607876
3291,0.014743589743589691
3292,-0.006297134238310742
3293,0.00863499245852195
3294,0.00015082956259426794
3295,-0.016025641025641024
3296,-0.0011312217194570096
3297,-0.014479638009049833
3298,0.013423831070889847
3299,-0.0004524886877827483
3300,-0.016553544494721018
3301,-0.0035067873303167296
3302,-0.011651583710407254
3303,0.006070889894419285
3304,-0.011651583710407254
3305,0.025301659125188558
3306,-0.010520361990950244
3307,-0.022624434389140247
3308,0.005354449472096512
3309,0.013574660633484115
3310,0.012971342383107154
3311,0.008107088989441902
3312,-0.02714932126696834
3313,-0.009464555052790313
3314,0.01165158371040731
3315,0.009992458521870251
3316,-0.003469079939668107
3317,-0.010407239819004488
3318,0.023076923076923106
3319,-0.023378582202111586
3320,0.0034313725490195957
3321,0.005882352941176561
3322,-0.002111613876319751
3323,-0.011463046757164419
3324,0.004562594268476605
3325,-0.014517345399698234
3326,-0.008823529411764675
3327,0.006636500754147789
3328,-0.003733031674208187
3329,0.0015082956259426794
3330,-0.00018853695324283493
3331,-0.005844645550527883
3332,-0.004072398190045234
3333,0.0019607843137255943
3334,-0.026734539969834104
3335,0.01138763197586734
3336,0.0036576168929109976
3337,-0.004223227752639558
3338,-0.003431372549019651
3339,0.019193061840120706
3340,-0.0062217194570135526
3341,-0.0016968325791855143
3342,0.002564102564102666
3343,0.008069381598793446
3344,-0.007654600301659209
3345,-0.0030920060331825483
3346,-0.005693815987933615
3347,-0.010030165912518818
3348,-0.006636500754147789
3349,0.004600301659125172
3350,-0.011915535444947167
3351,-0.0076546003016590425
3352,-0.0026772247360483115
3353,0.01312217194570131
3354,0.018174962292609398
3355,-0.012594268476621429
3356,0.008408748114630438
3357,0.00015082956259426794
3358,-0.007202111613876294
3359,0.004298642533936636
3360,0.004147812971342368
3361,-0.0024132730015083426
3362,-0.009276018099547478
3363,0.0064856711915535215
3364,-0.001244343891402766
3365,0.005316742081447945
3366,-0.01357466063348417
3367,0.00475113122171944
3368,-0.012518853695324239
3369,0.01025641025641022
3370,-0.00863499245852184
3371,-0.007918552036199122
3372,0.00275263951734539
3373,0.002036199095022617
3374,-0.02322775263951732
3375,0.005957767722473695
3376,-0.0036199095022624306
3377,-0.01953242835595781
3378,-0.024321266968325816
3379,-0.0017722473604825928
3380,-0.0015460030165911909
3381,0.0006410256410255277
3382,0.004524886877828038
3383,-0.004487179487179416
3384,0.009539969834087558
3385,0.00011312217194581198
3386,0.0006033182503770718
3387,0.013046757164404288
3388,-0.008710407239818974
3389,-0.01508295625942685
3390,0.03250377073906485
3391,0.01101055806938156
3392,0.004713423831070873
3393,0.01127450980392164
3394,-0.013687782805429927
3395,0.0003016591251885359
3396,-0.005354449472096456
3397,0.006862745098039191
3398,-0.021794871794871884
3399,-0.011538461538461608
3400,0.004826546003016685
3401,-0.014555052790346967
3402,0.009841628959275983
3403,0.0105203619909503
3404,-0.004072398190045234
3405,-0.0017345399698340258
3406,-0.005656108597285048
3407,-0.002488687782805421
3408,0.006070889894419285
3409,0.0035067873303167296
3410,0.010482654600301733
3411,-0.007088989441930593
3412,-0.0063348416289592535
3413,-0.00199849170437405
3414,-0.013235294117647012
3415,-0.015422322775264008
3416,-0.008785822021116108
3417,0.004072398190045345
3418,-0.009917043740573117
3419,-0.01662895927601804
3420,0.009992458521870251
3421,-0.0018099547511312153
3422,0.0009803921568627416
3423,0.013084464555052855
3424,0.008974358974358942
3425,0.00512820512820511
3426,0.00512820512820511
3427,-0.004298642533936581
3428,0.007277526395173428
3429,0.01628959276018105
3430,-0.007767722473604799
3431,0.0035067873303167296
3432,-0.001357466063348356
3433,0.03352187028657616
3434,-0.005995475113122206
3435,-0.00806938159879339
3436,-0.005731523378582126
3437,-0.0032428355957767607
3438,0.013725490196078494
3439,-0.008295625942684792
3440,0.007843137254902044
3441,0.006749622926093601
3442,0.003092006033182493
3443,-0.00588235294117645
3444,-0.0040346907993967784
3445,0.00037707390648566985
3446,-0.01557315233785822
3447,-0.012556561085972917
3448,0.011953242835595845
3449,-0.009464555052790313
3450,0.024849170437405754
3451,-0.006938159879336381
3452,-0.00407239819004529
3453,-0.0015837104072397579
3454,-0.011274509803921584
3455,-0.01070889894419308
3456,0.005467571644042213
3457,0.0033559577677224617
3458,0.0019984917043741612
3459,-0.008521870286576139
3460,0.023039215686274428
3461,0.017948717948717885
3462,-0.025226244343891424
3463,0.0063725490196079315
3464,-0.01583710407239819
3465,0.008069381598793446
3466,-0.013499245852187036
3467,0.005090497737556543
3468,-0.019683257918552077
3469,-0.018363499245852122
3470,0.007352941176470562
3471,0.017496229260935192
3472,-0.004336349924585203
3473,0.00015082956259426794
3474,0.0010180995475113086
3475,0.002677224736048367
3476,-0.01395173453996984
3477,-0.016553544494721018
3478,0.0004901960784314818
3479,0.0033182503770740057
3480,-0.013159879336349933
3481,-0.007315233785822051
3482,0.02277526395173457
3483,-0.005731523378582126
3484,-0.014668174962292668
3485,0.00950226244343888
3486,0.0015460030165912464
3487,0.00199849170437405
3488,0.0038838612368025105
3489,-0.012104072398190002
3490,0.01089743589743597
3491,-0.01244343891402716
3492,0.006825037707390735
3493,0.008559577677224706
3494,-0.007390648567119129
3495,0.017307692307692357
3496,0.007579185520361964
3497,-0.004336349924585203
3498,0.006862745098039191
3499,0.017458521870286625
3500,0.007767722473604799
3501,-0.008748114630467596
3502,0.00825791855203628
3503,-0.01282051282051283
3504,-0.0026018099547511775
3505,0.008220211161387603
3506,-0.005957767722473528
3507,-0.001168929110105521
3508,0.0007541478129713397
3509,-0.008785822021116108
3510,-0.004524886877828038
3511,0.009200603318250455
3512,0.01402714932126703
3513,0.0014705882352941124
3514,-0.007390648567119129
3515,-0.0015837104072398134
3516,0.008295625942684737
3517,-0.01282051282051283
3518,0.009954751131221795
3519,-0.0007541478129713397
3520,-0.0007164404223228282
3521,0.013574660633484115
3522,-0.0039969834087481
3523,0.002262443438914019
3524,-0.0050527903469080315
3525,-0.010218702865761764
3526,0.010030165912518929
3527,0.012028657616892868
3528,-0.008371040723981815
3529,-0.00369532428355962
3530,0.004487179487179471
3531,-0.010520361990950189
3532,0.004713423831070873
3533,-0.018778280542986303
3534,0.00018853695324283493
3535,0.017948717948717996
3536,0.005656108597285048
3537,-0.012254901960784326
3538,-0.011877828054298656
3539,-3.7707390648511474e-05
3540,-0.001357466063348467
3541,-0.0006787330316742057
3542,-0.015007541478129771
3543,0.008672699849170407
3544,-0.016402714932126694
3545,0.01138763197586734
3546,-0.017156862745098034
3547,0.01214177978883857
3548,-0.012518853695324239
3549,0.0017345399698340813
3550,0.015535444947209598
3551,0.005920060331825017
3552,0.023076923076923106
3553,-0.01157616892911012
3554,0.017119155354449522
3555,0.015686274509803866
3556,-0.019117647058823573
3557,-0.00618401206636493
3558,-0.002865761689291091
3559,-0.004260935143288069
3560,-0.013461538461538414
3561,-0.002903469079939658
3562,0.010180995475113086
3563,-0.01195324283559579
3564,-0.004298642533936581
3565,-0.006297134238310742
3566,0.011236802413272962
3567,-0.006033182503770718
3568,0.010294117647058787
3569,-0.003016591251885359
3570,-0.0015460030165911909
3571,-0.01508295625942685
3572,0.00018853695324283493
3573,-0.008220211161387714
3574,0.002639517345399689
3575,-0.029600301659125194
3576,0.004977375565610842
3577,-0.019457013574660675
3578,-0.0029034690799396023
3579,-0.002187028657616885
3580,0.0011312217194570096
3581,-0.004034690799396723
3582,-0.016289592760180938
3583,0.0012443438914027105
3584,-0.007088989441930593
3585,0.002413273001508287
3586,0.0010935143288084426
3587,0.01753393665158376
3588,0.002375565610859831
3589,-0.002262443438914019
3590,0.0031674208144796268
3591,-0.017458521870286625
3592,-0.003544494720965352
3593,-0.013687782805429871
3594,-0.005542986425339402
3595,-0.0012066365007541435
3596,0.0033936651583710287
3597,-0.01583710407239819
3598,0.01726998491704379
3599,-0.0015837104072398134
3600,-0.017609351432880838
3601,0.009351432880844612
3602,-0.0049773755656107865
3603,-0.011877828054298656
3604,0.005354449472096512
3605,-0.008333333333333304
3606,-0.011349924585218663
3607,0.002262443438914019
3608,0.0032805429864252167
3609,-0.016855203619909498
3610,0.007428355957767696
3611,0.019683257918552077
3612,-0.0004147812971341813
3613,0.00852187028657625
3614,-0.006862745098039136
3615,-0.006297134238310631
3616,-0.025603318250377094
3617,-0.009766214177978905
3618,-0.010482654600301733
3619,-0.0034313725490195957
3620,-0.008371040723981926
3621,-0.011613876319758742
3622,0.015384615384615441
3623,0.012481146304675672
3624,0.003016591251885359
3625,0.014177978883861186
3626,0.02364253393665161
3627,-0.00011312217194570096
3628,-0.002639517345399689
3629,-0.01825037707390642
3630,-0.010369532428355976
3631,-0.005693815987933615
3632,-0.015045248868778338
3633,0.0039969834087481
3634,-0.012405731523378538
3635,-0.017420814479637947
3636,0.01651583710407234
3637,0.010407239819004488
3638,0.021719457013574583
3639,-0.0015460030165911909
3640,0.006636500754147789
3641,0.002828054298642524
3642,0.004864253393665141
3643,-0.006674208144796301
3644,0.020475113122171984
3645,-0.011236802413272962
3646,0.0016968325791855143
3647,-0.02171945701357464
3648,-0.013046757164404177
3649,0.00199849170437405
3650,0.002300150829562586
3651,0.0007164404223227727
3652,-0.013386123680241335
3653,0.0018099547511313263
3654,-0.0006787330316740947
3655,-0.00780542986425331
3656,-0.014630467571643935
3657,0.022322775263951766
3658,0.0034690799396680516
3659,-0.009238310708898967
3660,-0.008484162895927627
3661,-0.00475113122171944
3662,0.01025641025641022
3663,-0.019494720965309242
3664,-3.7707390648622496e-05
3665,-0.005467571644042213
3666,-0.0092006033182504
3667,-0.008484162895927627
3668,0.011463046757164475
3669,-0.0144419306184011
3670,-0.008936651583710431
3671,0.010558069381598756
3672,0.02002262443438907
3673,0.026998491704374072
3674,0.008484162895927572
3675,0.005505279034690891
3676,0.003092006033182493
3677,0.002149321266968318
3678,-0.015573152337858276
3679,0.002262443438914019
3680,0.002865761689291202
3681,-0.0008672699849170407
3682,0.01240573152337865
3683,0.01764705882352946
3684,0.01889140271493217
3685,-0.011387631975867174
3686,-0.0006410256410255832
3687,-0.016402714932126694
3688,0.010671191553544457
3689,-0.012518853695324239
3690,0.007013574660633459
3691,-0.0020361990950226727
3692,0.009803921568627416
3693,-0.011802413273001466
3694,-0.00855957767722465
3695,0.00018853695324283493
3696,-0.01621417797888386
3697,-0.015723981900452433
3698,0.005279034690799378
3699,0.006938159879336436
3700,-0.013838612368024084
3701,-0.003733031674208187
3702,-0.0020361990950226727
3703,-0.01044494720965311
3704,0.008069381598793446
3705,-0.0006410256410256387
3706,0.0008672699849171517
3707,-0.02024886877828047
3708,-0.007277526395173428
3709,-0.014291101055806998
3710,0.029336349924585337
3711,-0.0007918552036198512
3712,-0.0006787330316740947
3713,0.00614630467571653
3714,0.010444947209653055
3715,0.002828054298642524
3716,-0.0020361990950226727
3717,-0.009276018099547478
3718,-0.010369532428355976
3719,-0.007730015082956232
3720,-0.00015082956259432345
3721,0.0016214177978883804
3722,0.004223227752639502
3723,-0.0076923076923077205
3724,-0.007315233785822051
3725,-0.002526395173453988
3726,-0.012141779788838625
3727,-0.009615384615384637
3728,0.007164404223227727
3729,-0.015912518853695323
3730,0.0003016591251885359
3731,0.005429864253393646
3732,-0.0016968325791855143
3733,-0.010671191553544568
3734,0.024132730015083093
3735,0.004487179487179471
3736,-0.008634992458521895
3737,0.006825037707390624
3738,0.00437405731523377
3739,-0.0062217194570135526
3740,-0.0062594268476621195
3741,-0.020739064856711897
3742,0.008069381598793446
3743,-0.01813725490196083
3744,-0.007277526395173428
3745,0.0018476621417797823
3746,0.002337858220211042
3747,0.00512820512820511
3748,-0.004939668174962275
3749,-0.001093514328808498
3750,-0.02503770739064859
3751,-0.019494720965309242
3752,7.541478129713397e-05
3753,-0.011387631975867174
3754,0.011199095022624395
3755,0.002564102564102555
3756,0.006900452488687869
3757,0.01349924585218698
3758,0.004600301659125172
3759,0.002375565610859831
3760,-0.01764705882352946
3761,0.018589743589743524
3762,-0.005920060331825072
3763,-0.019607843137254888
3764,-0.014177978883861186
3765,-0.004939668174962275
3766,-0.011387631975867174
3767,-0.02281297134238308
3768,0.00837104072398187
3769,-0.008597285067873273
3770,0.004713423831070873
3771,-0.01108597285067875
3772,-0.00512820512820511
3773,0.004223227752639502
3774,0.011538461538461497
3775,0.013461538461538525
3776,-0.004638009049773739
3777,-0.00015082956259432345
3778,-0.003469079939668218
3779,0.002564102564102666
3780,-0.0009426847662141746
3781,0.00976621417797896
3782,-0.0158748114630467
3783,-0.009012066365007565
3784,0.0221719457013575
3785,0.010369532428355921
3786,0.01425339366515832
3787,-0.00015082956259421243
3788,0.008521870286576139
3789,0.028393665158371162
3790,-0.010784313725490158
3791,0.006184012066365097
3792,0.015196078431372495
3793,-0.0251885369532428
3794,-0.0009426847662141746
3795,0.0032805429864253277
3796,0.016968325791855254
3797,-0.0076168929110105865
3798,0.008295625942684737
3799,-0.00512820512820511
3800,-0.017797888386123617
3801,-0.0027903469079940124
3802,-0.00015082956259432345
3803,0.006975867269984892
3804,-0.007730015082956232
3805,0.018966817496229194
3806,0.0036199095022624306
3807,0.009728506787330393
3808,0.007051282051282026
3809,0.014969834087481204
3810,-0.013763197586727005
3811,0.003054298642534037
3812,-0.00037707390648566985
3813,-0.0076546003016590425
3814,-0.006900452488687758
3815,-0.013461538461538414
3816,0.020060331825037636
3817,-0.014404223227752588
3818,-0.00674962292609349
3819,-0.007239819004524806
3820,0.0010558069381599866
3821,0.007352941176470562
3822,0.01063348416289589
3823,-0.009653092006033148
3824,-0.007239819004524806
3825,-0.001018099547511253
3826,0.010558069381598756
3827,0.005354449472096512
3828,-0.001395173453996923
3829,-0.005015082956259409
3830,0.012858220211161453
3831,0.012858220211161342
3832,-0.0006787330316742612
3833,0.010294117647058787
3834,0.009917043740573228
3835,0.004298642533936636
3836,0.00950226244343888
3837,0.005165912518853677
3838,-0.012254901960784326
3839,0.0063725490196079315
3840,0.002073906485671184
3841,0.007843137254902044
3842,-0.005203619909502355
3843,-0.0035822021116138636
3844,-0.011689291101055821
3845,0.0195324283559577
3846,0.003054298642533926
3847,-0.00588235294117645
3848,0.002941176470588225
3849,-0.004298642533936692
3850,-0.009238310708898967
3851,-0.002903469079939658
3852,0.007315233785822106
3853,-0.014291101055806998
3854,-0.015686274509803866
3855,0.028619909502262342
3856,-0.0029788838612368473
3857,0.013574660633484115
3858,0.002413273001508287
3859,-0.014215686274509809
3860,-0.023453996983408776
3861,-0.02590497737556563
3862,0.012556561085972806
3863,0.010822021116138725
3864,0.0064102564102563875
3865,0.01365007541478136
3866,0.0038461538461538325
3867,-0.002941176470588225
3868,0.01349924585218698
3869,0.004864253393665141
3870,0.005165912518853677
3871,0.004826546003016574
3872,0.0033559577677224617
3873,-0.007918552036199122
3874,0.023604826546002933
3875,-0.009162895927601777
3876,0.002073906485671184
3877,0.00512820512820511
3878,-0.006711915535444923
3879,-0.013763197586727005
3880,0.0033182503770740057
3881,0.015196078431372495
3882,-0.014140271493212675
3883,0.0007164404223227727
3884,-0.019683257918552077
3885,0.00011312217194558993
3886,-0.005844645550527883
3887,-0.023793363499245823
3888,0.019494720965309242
3889,-0.014932126696832526
3890,0.005392156862745079
3891,-0.0062217194570135526
3892,0.024698340874811486
3893,-0.008333333333333304
3894,0.009426847662141746
3895,-0.0008295625942684737
3896,0.01202865761689298
3897,0.004072398190045345
3898,-0.005731523378582237
3899,0.016063348416289536
3900,0.010859728506787292
3901,0.027450980392156876
3902,-0.0035067873303167296
3903,-0.007541478129713397
3904,0.0009049773755656076
3905,-0.0006033182503771273
3906,0.006975867269984892
3907,0.0014328808446456565
3908,-0.0076168929110104755
3909,-0.0018099547511312153
3910,-0.001093514328808498
3911,0.008069381598793446
3912,-0.004223227752639447
3913,-0.0031674208144796823
3914,0.017345399698340924
3915,-0.0006410256410256387
3916,0.004901960784313708
3917,0.0016968325791855143
3918,0.023076923076923106
3919,0.009728506787330393
3920,-0.006598793363499222
3921,0.017873303167420862
3922,-0.0169683257918552
3923,-0.0019607843137254832
3924,-0.011463046757164419
3925,0.0036576168929109976
3926,-0.010595776772247323
3927,-0.017873303167420862
3928,-0.0009426847662141746
3929,0.0182880844645551
3930,-0.0002639517345399134
3931,0.005920060331825017
3932,0.013273001508295579
3933,0.010105580693815952
3934,-0.015271493212669685
3935,0.012368024132730082
3936,0.014479638009049722
3937,-0.010520361990950244
3938,-0.006636500754147845
3939,-0.0011312217194570096
3940,0.002413273001508287
3941,-0.01444193061840121
3942,-0.0007164404223228282
3943,0.00033936651583710287
3944,-0.015120663650075361
3945,-0.0004524886877828038
3946,-0.005015082956259409
3947,0.021983408748114663
3948,0.007654600301659098
3949,0.0034690799396682737
3950,-0.003054298642533926
3951,-0.014932126696832526
3952,0.013876319758672762
3953,-0.014177978883861186
3954,0.005015082956259409
3955,-0.008031674208144768
3956,-0.0003016591251885359
3957,0.016101055806938214
3958,0.010935143288084426
3959,-0.011500754147812986
3960,-0.011161387631975828
3961,-0.003733031674208076
3962,-0.013461538461538414
3963,0.006711915535444923
3964,0.004336349924585203
3965,-0.006938159879336381
3966,-0.005015082956259409
3967,0.0007164404223227727
3968,0.008484162895927572
3969,-0.024547511312217163
3970,-0.002073906485671184
3971,-0.02869532428355953
3972,-0.012217194570135703
3973,0.0014705882352941124
3974,-0.009125188536953155
3975,0.005957767722473695
3976,-0.006825037707390624
3977,-0.02598039215686271
3978,-0.005995475113122095
3979,0.0064856711915535215
3980,-0.00931372549019599
3981,-0.0008295625942684737
3982,-0.014366515837104132
3983,0.011990950226244412
3984,-0.006938159879336381
3985,-0.0017345399698341368
3986,0.022435897435897467
3987,-0.010143288084464575
3988,0.012066365007541435
3989,0.002677224736048367
3990,0.021493212669683293
3991,-0.002488687782805421
3992,-0.00015082956259421243
3993,0.005241327300150811
3994,0.025188536953242857
3995,-0.00674962292609349
3996,0.01425339366515832
3997,0.005580693815987914
3998,0.007880844645550611
3999,-0.0005279034690799933
4000,0.00550527903469078
4001,-0.0006033182503770163
4002,0.004110105580693801
4003,0.013612368024132682
4004,-0.025867269984917007
4005,-0.0015460030165911909
4006,-0.012895927601809964
4007,0.0065610859728507664
4008,-0.02236048265460039
4009,-0.0051659125188536215
4010,0.002450980392156854
4011,0.00825791855203628
4012,0.01165158371040731
4013,0.015535444947209598
4014,0.00614630467571653
4015,0.011425339366515908
4016,-0.0092006033182504
4017,0.004524886877828038
4018,0.020927601809954788
4019,-0.009615384615384637
4020,-0.009653092006033148
4021,-7.541478129713397e-05
4022,-0.003808446455505321
4023,-0.001357466063348356
4024,-0.020776772247360464
4025,0.006825037707390624
4026,0.00015082956259426794
4027,0.017081447963800955
4028,-0.013989441930618352
4029,0.0019984917043741612
4030,0.02175716440422326
4031,-0.02322775263951732
4032,-0.028129713423831026
4033,0.0010180995475113086
4034,-0.011387631975867285
4035,0.015384615384615441
4036,-0.023303167420814563
4037,0.005656108597285048
4038,-0.0025263951734539325
4039,-0.004147812971342368
4040,-0.00275263951734539
4041,-0.0036199095022624306
4042,-0.013876319758672706
4043,-0.0076168929110105865
4044,-0.009238310708898967
4045,-0.014479638009049833
4046,-0.0033936651583710287
4047,-0.002450980392156854
4048,0.00011312217194581198
4049,-0.005203619909502355
4050,-0.00882352941176473
4051,0.010180995475113086
4052,-0.006975867269984892
4053,0.0064479638009050655
4054,0.012858220211161342
4055,-0.0018853695324283493
4056,-0.004713423831070873
4057,-0.014140271493212675
4058,-0.008408748114630382
4059,-0.007202111613876294
4060,0.0013574660633485225
4061,-0.002300150829562586
4062,-0.005656108597285048
4063,0.007880844645550611
4064,0.009200603318250344
4065,0.002450980392156854
4066,-0.0039592760180995334
4067,-0.002073906485671184
4068,0.023793363499245768
4069,0.005580693815988025
4070,0.012820512820512775
4071,0.0012066365007542545
4072,0.02126696832579189
4073,-0.008748114630467596
4074,-0.001470588235294168
4075,0.0034690799396680516
4076,0.002337858220211042
4077,-0.03058069381598788
4078,0.01749622926093508
4079,0.010369532428355921
4080,0.007428355957767696
4081,-0.012895927601809909
4082,0.01851432880844639
4083,0.007956259426847634
4084,-0.0023001508295626416
4085,0.00976621417797896
4086,0.0035444947209652966
4087,0.021455505279034726
4088,0.026998491704374072
4089,-0.014140271493212675
4090,0.03382352941176481
4091,-0.007880844645550555
4092,-0.013838612368024139
4093,0.004110105580693801
4094,0.0032805429864253277
4095,-0.0016591251885370029
4096,-0.013914027149321329
4097,-0.010256410256410275
4098,0.00275263951734539
4099,-0.004638009049773739
4100,0.002752639517345501
4101,-0.003846153846153777
4102,0.01689291101055801
4103,-0.012895927601809909
4104,-0.004562594268476605
4105,0.00018853695324294595
4106,-0.021040723981900544
4107,0.024585218702865785
4108,-0.007843137254901933
4109,-0.0026018099547511775
4110,0.005090497737556543
4111,-0.00995475113122174
4112,0.00814479638009058
4113,-0.012782805429864263
4114,0.018702865761689225
4115,-0.021945701357466096
4116,-0.01757164404223227
4117,-0.005467571644042213
4118,0.017194570135746545
4119,0.00011312217194581198
4120,-0.004034690799396723
4121,-0.001282051282051333
4122,0.012594268476621484
4123,0.012556561085972806
4124,-0.007428355957767752
4125,0.023793363499245768
4126,0.004939668174962275
4127,-0.004901960784313708
4128,0.003092006033182493
4129,0.02741327300150831
4130,0.022209653092005954
4131,0.00550527903469078
4132,-0.002450980392156854
4133,0.004675716440422306
4134,0.008446455505279116
4135,0.012330316742081515
4136,0.008785822021116219
4137,-0.018778280542986414
4138,0.009577677224736125
4139,-0.00015082956259432345
4140,0.02975113122171935
4141,-0.01738310708898938
4142,0.002978883861236792
4143,-0.02209653092006031
4144,0.007541478129713397
4145,0.014555052790346856
4146,-0.004185520361990935
4147,0.00950226244343888
4148,-0.0004147812971341813
4149,-7.541478129707846e-05
4150,0.004034690799396667
4151,-0.014253393665158376
4152,-0.010369532428355976
4153,0.009992458521870251
4154,-0.00331825037707395
4155,0.015271493212669629
4156,0.0036953242835596756
4157,0.014555052790346856
4158,0.002677224736048256
4159,0.0039215686274509665
4160,-0.002073906485671184
4161,0.005618401206636481
4162,-0.0013951734539969785
4163,0.0031297134238310598
4164,0.004336349924585203
4165,-0.0007918552036198512
4166,0.004034690799396667
4167,0.021719457013574583
4168,-0.004638009049773739
4169,-0.007164404223227727
4170,0.00437405731523377
4171,-0.0011312217194570096
4172,0.0007541478129713397
4173,-0.004147812971342368
4174,0.004110105580693801
4175,-0.009728506787330282
4176,0.008408748114630549
4177,0.004298642533936636
4178,0.027941176470588247
4179,-0.017609351432880838
4180,0.005090497737556543
4181,0.0013574660633484115
4182,-0.004675716440422362
4183,-0.008634992458521895
4184,-0.004675716440422362
4185,-0.0004524886877828038
4186,-0.0002262443438913464
4187,-0.004524886877828038
4188,-0.021116138763197567
4189,-0.0004901960784313708
4190,-0.0007918552036198512
4191,0.012707390648567074
4192,0.016478129713423773
4193,-0.0013197586726998445
4194,0.010180995475113086
4195,0.029185520361990958
4196,-0.004788838612368063
4197,0.002224736048265452
4198,-0.011312217194570151
4199,0.002865761689291091
4200,-0.00806938159879339
4201,0.0016968325791855143
4202,-0.014932126696832526
4203,0.014253393665158431
4204,0.0016968325791855143
4205,0.007315233785822106
4206,-3.7707390648511474e-05
4207,0.008672699849170407
4208,0.012707390648567185
4209,0.007918552036199067
4210,-0.014177978883861186
4211,0.01263197586726994
4212,-0.0012443438914027105
4213,-0.011161387631975828
4214,0.012707390648567074
4215,-0.011689291101055821
4216,0.00825791855203628
4217,0.0062594268476621195
4218,-0.0004147812971341813
4219,-0.0029788838612368473
4220,0.011726998491704332
4221,0.005429864253393646
4222,-0.01625188536953237
4223,-0.011236802413273073
4224,-0.004901960784313708
4225,-0.002828054298642524
4226,0.022360482654600333
4227,-3.7707390648511474e-05
4228,0.009841628959275983
4229,-0.005656108597285048
4230,0.008559577677224706
4231,-0.0019607843137254832
4232,-0.01244343891402716
4233,-0.017496229260935192
4234,0.008107088989441902
4235,-0.009125188536953155
4236,0.0012066365007540325
4237,0.002639517345399689
4238,0.02251131221719449
4239,-0.02730015082956261
4240,0.017194570135746545
4241,-0.02281297134238308
4242,0.010859728506787403
4243,0.00825791855203628
4244,-0.006297134238310631
4245,-3.7707390648511474e-05
4246,-0.00969079939668166
4247,-0.0033182503770738947
4248,0.004864253393665141
4249,0.016591251885369585
4250,-0.005957767722473584
4251,0.002865761689291091
4252,0.01813725490196072
4253,-0.02628205128205119
4254,0.011425339366515908
4255,-0.011236802413273073
4256,0.004072398190045123
4257,0.006975867269984892
4258,-0.017911010558069373
4259,-0.007315233785822051
4260,-0.016666666666666663
4261,-0.007352941176470562
4262,0.0031674208144796268
4263,0.002300150829562586
4264,0.004788838612368007
4265,0.015723981900452544
4266,-0.005203619909502244
4267,0.009992458521870251
4268,0.014743589743589691
4269,-0.011990950226244301
4270,0.00814479638009058
4271,-0.01395173453996984
4272,0.006636500754147789
4273,-0.012217194570135703
4274,-0.007918552036199122
4275,0.008936651583710487
4276,-0.010784313725490158
4277,-0.0024132730015083426
4278,0.006636500754147789
4279,-0.02756410256410252
4280,0.008144796380090469
4281,0.004147812971342368
4282,-0.014064856711915596
4283,0.0005656108597285048
4284,-0.0063348416289593645
4285,-0.007843137254901877
4286,0.0010180995475113086
4287,-0.009464555052790313
4288,-0.009049773755656132
4289,-0.00938914027149318
4290,-0.011161387631975828
4291,-0.004675716440422362
4292,0.02401960784313728
4293,0.01402714932126703
4294,-0.0006787330316742057
4295,-0.0015082956259426794
4296,0.0032428355957767607
4297,0.00750377073906483
4298,0.01014328808446463
4299,0.005693815987933615
4300,-0.00976621417797885
4301,0.010520361990950189
4302,0.011726998491704332
4303,0.013197586726998445
4304,0.014404223227752588
4305,-0.007202111613876294
4306,-0.0008672699849170407
4307,0.0039969834087482115
4308,0.00512820512820511
4309,-0.005618401206636536
4310,0.007616892911010531
4311,-0.0016591251885370029
4312,-0.011312217194570151
4313,0.0012443438914027105
4314,0.012405731523378538
4315,-0.010444947209653221
4316,0.012669683257918618
4317,-0.010369532428355976
4318,0.017684766214178027
4319,0.00550527903469078
4320,0.004223227752639502
4321,-0.010784313725490269
4322,0.0005279034690799378
4323,0.008144796380090469
4324,-0.009351432880844612
4325,0.002865761689291091
4326,0.0006787330316743168
4327,-0.009803921568627472
4328,0.01101055806938167
4329,0.020701357466063386
4330,-0.007956259426847634
4331,-0.00806938159879339
4332,0.0006033182503770718
4333,-0.0034313725490195957
4334,-0.004298642533936692
4335,0.018325791855203555
4336,0.009539969834087558
4337,0.01127450980392164
4338,-0.008484162895927627
4339,-0.0064479638009049545
4340,0.006787330316742057
4341,-0.01975867269984921
4342,0.00588235294117645
4343,-0.0052413273001508665
4344,0.009653092006033148
4345,0.0006033182503770718
4346,-0.002639517345399689
4347,0.00950226244343888
4348,0.0014328808446455454
4349,-0.004147812971342368
4350,-0.005542986425339291
4351,0.00987933634992455
4352,-0.010218702865761764
4353,-0.023001508295625916
4354,-0.0002639517345399134
4355,0.0018476621417797823
4356,0.00674962292609349
4357,0.00987933634992455
4358,-0.004072398190045234
4359,0.010859728506787403
4360,-0.0078054298642534214
4361,-0.011199095022624339
4362,-0.018815987933635037
4363,0.0015837104072399244
4364,0.0038838612368023995
4365,0.021719457013574583
4366,-0.003846153846153777
4367,0.009728506787330282
4368,3.7707390648566985e-05
4369,0.021606334841628994
4370,-0.026621417797888347
4371,-0.02326546003016594
4372,0.00037707390648566985
4373,0.022586726998491735
4374,-0.034653092006033226
4375,0.0
4376,0.0013197586726998445
4377,0.008333333333333304
4378,0.007880844645550611
4379,-0.004110105580693857
4380,0.010105580693816063
4381,-0.004223227752639447
4382,-0.0026018099547511775
4383,0.0118778280542986
4384,-0.002337858220211153
4385,0.00015082956259426794
4386,0.01715686274509809
4387,0.007579185520361964
4388,0.002337858220211042
4389,0.01112368024132726
4390,0.008031674208144879
4391,-0.009389140271493235
4392,-0.02134238310708897
4393,-0.006372549019607876
4394,-0.022963800904977405
4395,0.008710407239818974
4396,0.0182880844645551
4397,-0.010935143288084481
4398,-0.013725490196078438
4399,-0.014102564102564163
4400,0.0018476621417797823
4401,0.01802413273001502
4402,0.010482654600301733
4403,-0.010746606334841646
4404,-0.01033182503770741
4405,-0.007239819004524917
4406,-0.00437405731523377
4407,0.004411764705882337
4408,0.014177978883861186
4409,-0.0169683257918552
4410,0.009615384615384581
4411,-0.012217194570135703
4412,0.019683257918552077
4413,-0.0023378582202110976
4414,-0.01862745098039209
4415,0.0221719457013575
4416,-0.02288838612368016
4417,-0.0015460030165911909
4418,0.0016968325791855143
4419,0.012782805429864319
4420,0.0012066365007541435
4421,-0.010671191553544457
4422,-0.01953242835595781
4423,0.012745098039215641
4424,-0.007164404223227727
4425,0.0002639517345399689
4426,0.00041478129713423684
4427,0.012292609351432837
4428,0.016214177978883915
4429,-0.0078054298642534214
4430,0.0011689291101055765
4431,0.0035822021116138636
4432,0.010444947209653055
4433,0.01662895927601804
4434,0.010444947209653055
4435,0.0036199095022625416
4436,-0.002903469079939658
4437,-0.0007918552036198512
4438,0.01112368024132726
4439,0.020361990950226283
4440,0.008974358974358942
4441,0.0035822021116138636
4442,-0.0031674208144796823
4443,0.01666666666666672
4444,0.02779034690799398
4445,-0.008144796380090469
4446,-0.005429864253393701
4447,-0.011840120663650089
4448,-0.006033182503770718
4449,-0.011387631975867285
4450,-0.016440422322775206
4451,-0.013989441930618352
4452,-0.013273001508295634
4453,-0.011312217194570151
4454,-0.015874811463046812
4455,-0.0031674208144796823
4456,-0.005429864253393701
4457,0.010030165912518929
4458,-0.0033936651583710287
4459,0.00501508295625952
4460,0.011048265460030238
4461,0.010105580693815952
4462,0.027375565610859742
4463,0.003016591251885359
4464,0.0065610859728507664
4465,-0.0032428355957767607
4466,-0.0092006033182504
4467,-0.0009426847662141746
4468,-0.015309200603318196
4469,-0.008748114630467485
4470,0.010708898944193135
4471,-0.020324283559577716
4472,0.002790346907993957
4473,0.0039969834087481
4474,-0.007466063348416263
4475,-0.009879336349924606
4476,0.004034690799396667
4477,0.007088989441930593
4478,0.01591251885369538
4479,-0.0051659125188537325
4480,-0.012028657616892924
4481,0.004864253393665141
4482,-0.0029788838612368473
4483,0.019607843137254943
4484,0.007843137254902044
4485,0.0016214177978883804
4486,-0.0011312217194570096
4487,-0.0049773755656108976
4488,0.002601809954751122
4489,-0.0064479638009049545
4490,0.013273001508295579
4491,0.011161387631975939
4492,-0.014668174962292668
4493,0.009351432880844723
4494,-0.017156862745098034
4495,0.003016591251885359
4496,0.004185520361991046
4497,0.00776772247360491
4498,0.0010180995475113086
4499,-0.012858220211161342
4500,-0.001168929110105521
4501,-0.02243589743589741
4502,-0.006900452488687758
4503,0.00501508295625952
4504,0.007730015082956232
4505,0.010595776772247323
4506,0.0031674208144796268
4507,-0.00720211161387635
4508,-0.0015082956259426794
4509,0.009577677224736014
4510,-0.004110105580693857
4511,-0.024434389140271573
4512,0.0002639517345398579
4513,-0.00863499245852184
4514,0.026583710407239836
4515,-0.016855203619909442
4516,-0.007692307692307665
4517,-0.023868778280542957
4518,-0.010105580693816063
4519,-0.0093137254901961
4520,0.00701357466063357
4521,0.0005279034690799378
4522,0.011048265460030238
4523,-0.007051282051281971
4524,-0.002450980392156854
4525,0.007918552036199067
4526,-0.007730015082956232
4527,-0.007352941176470562
4528,-0.014441930618401266
4529,0.007956259426847634
4530,-0.027714932126696845
4531,0.01813725490196072
4532,-0.0018476621417798378
4533,0.019117647058823573
4534,-0.00882352941176473
4535,-0.007315233785821995
4536,-0.010972850678732993
4537,0.019683257918552077
4538,-0.0063348416289593645
4539,0.01101055806938156
4540,0.0064856711915535215
4541,-0.014102564102564163
4542,0.007390648567119129
4543,-0.008521870286576139
4544,0.009238310708898911
4545,-0.009012066365007565
4546,-0.011576168929110064
4547,0.01677978883861242
4548,-0.002865761689291091
4549,-0.017797888386123673
4550,0.002978883861236792
4551,0.015158371040724039
4552,-0.0032051282051281937
4553,0.006184012066365097
4554,-0.0039969834087481
4555,-0.024811463046757132
4556,0.00550527903469078
4557,-0.005618401206636536
4558,-0.002450980392156854
4559,-0.0008672699849170407
4560,0.013687782805429816
4561,0.005392156862745079
4562,0.0010180995475113086
4563,-0.012368024132729971
4564,0.0018099547511312153
4565,-0.011236802413272962
4566,-0.004675716440422362
4567,-0.009502262443438936
4568,-0.02164404223227745
4569,0.011802413273001466
4570,-0.015045248868778338
4571,-0.008371040723981982
4572,0.0015837104072398134
4573,0.015384615384615441
4574,0.0018476621417797823
4575,-0.0064479638009049545
4576,-0.0033936651583710287
4577,-0.0050527903469080315
4578,0.009464555052790424
4579,0.01376319758672695
4580,0.012368024132730082
4581,0.02013574660633488
4582,-0.021304675716440513
4583,0.016478129713423884
4584,0.030316742081447967
4585,0.012707390648567074
4586,0.0010935143288084426
4587,-0.009012066365007565
4588,-0.0004901960784314263
4589,-0.00199849170437405
4590,0.005467571644042213
4591,-0.002865761689291091
4592,-0.011425339366515797
4593,0.00950226244343888
4594,0.004298642533936636
4595,0.013310708898944146
4596,0.0039592760180995334
4597,-0.015912518853695268
4598,-0.008748114630467596
4599,-0.011010558069381615
4600,-0.003544494720965241
4601,-0.0004524886877828038
4602,0.006825037707390624
4603,0.01165158371040731
4604,-0.0018853695324283493
4605,-0.008974358974358942
4606,0.005693815987933615
4607,-0.0027149321266967674
4608,-0.0010180995475113086
4609,0.00011312217194570096
4610,-0.011425339366515797
4611,-0.011463046757164419
4612,0.013159879336349989
4613,-0.012556561085972917
4614,-0.002187028657616885
4615,-0.019683257918552077
4616,-0.010256410256410164
4617,0.0038461538461538325
4618,0.0064856711915535215
4619,-0.02375565610859731
4620,-0.00011312217194558993
4621,0.008823529411764786
4622,-0.00855957767722465
4623,0.01813725490196072
4624,-0.008597285067873273
4625,0.01312217194570131
4626,0.002714932126696712
4627,0.006636500754147789
4628,0.009803921568627416
4629,0.023567119155354477
4630,-0.002300150829562586
4631,0.012782805429864208
4632,-0.016515837104072395
4633,-0.03009049773755662
4634,-0.021455505279034615
4635,0.004939668174962386
4636,-0.001282051282051333
4637,0.0062971342383106865
4638,-0.008634992458521895
4639,-0.0062594268476621195
4640,-0.01983408748114629
4641,-0.0035067873303167296
4642,0.007088989441930704
4643,0.007616892911010531
4644,-0.010558069381598811
4645,0.0012820512820512775
4646,-0.0029411764705882804
4647,-0.001282051282051333
4648,0.004336349924585203
4649,0.002526395173453877
4650,0.008484162895927572
4651,-0.026168929110105543
4652,-0.0018476621417798378
4653,-0.009125188536953155
4654,-0.001470588235294168
4655,-0.013310708898944201
4656,-0.013348416289592713
4657,0.007466063348416263
4658,-0.009615384615384637
4659,-0.004788838612368063
4660,0.0065610859728507664
4661,-0.011689291101055821
4662,0.0009803921568627416
4663,-0.0075037707390648856
4664,-0.005806938159879371
4665,7.541478129702295e-05
4666,-0.020060331825037747
4667,-0.008974358974359053
4668,-0.019117647058823573
4669,0.012782805429864208
4670,-0.0005656108597285048
4671,0.02692307692307694
4672,0.018929110105580738
4673,0.013687782805429927
4674,0.005279034690799378
4675,0.00950226244343888
4676,0.0004901960784313708
4677,0.018438914027149367
4678,0.00912518853695321
4679,-0.024245852187028627
4680,0.012556561085972917
4681,0.006070889894419285
4682,-0.0030920060331825483
4683,0.005580693815987914
4684,-0.001998491704373939
4685,0.010369532428355921
4686,0.028205128205128327
4687,0.0064856711915535215
4688,0.0018853695324283493
4689,-0.0093137254901961
4690,-0.007202111613876294
4691,0.0062217194570135526
4692,-0.0035822021116138636
4693,-0.0064479638009049545
4694,-0.011312217194570151
4695,-0.003355957767722517
4696,0.008521870286576139
4697,-0.0036953242835595645
4698,0.008220211161387714
4699,-0.014517345399698345
4700,-0.010407239819004488
4701,-0.00957767722473607
4702,0.008597285067873273
4703,-0.0008295625942684182
4704,0.010030165912518818
4705,-0.009917043740573117
4706,0.028242835595776783
4707,-0.0009426847662141746
4708,0.0036576168929109976
4709,0.002111613876319751
4710,-0.011312217194570151
4711,0.006033182503770718
4712,0.005769230769230749
4713,-0.016779788838612364
4714,-0.001357466063348356
4715,-0.013046757164404177
4716,-0.014404223227752588
4717,-0.015799396681749678
4718,-0.011010558069381504
4719,-0.012933634992458531
4720,0.0012820512820512775
4721,-0.0004901960784313708
4722,0.00015082956259426794
4723,0.019947209653092046
4724,0.0
4725,0.005165912518853677
4726,-0.0019230769230769162
4727,0.009426847662141746
4728,0.009276018099547478
4729,-0.02941176470588236
4730,-0.001395173453996923
4731,0.0035444947209652966
4732,-0.0017345399698340258
4733,0.002903469079939547
4734,0.021832579185520395
4735,-0.014291101055806998
4736,0.0002262443438914019
4737,0.02066365007541482
4738,0.008295625942684737
4739,-0.018815987933634926
4740,-0.0031297134238310598
4741,-0.021568627450980427
4742,0.007692307692307776
4743,0.0039592760180995334
4744,0.00825791855203628
4745,-0.002073906485671184
4746,-0.015686274509803866
4747,0.0079939668174962
4748,-0.0062217194570135526
4749,-0.00475113122171944
4750,-0.007843137254902044
4751,-0.011764705882352955
4752,-0.015309200603318196
4753,-0.03133484162895922
4754,-0.018174962292609287
4755,0.014441930618401155
4756,0.00912518853695321
4757,0.011312217194570096
4758,-0.018288084464555043
4759,0.016327300150829616
4760,0.026055806938159898
4761,-0.0036953242835595645
4762,-0.012631975867269996
4763,-0.019984917043740558
4764,-0.00199849170437405
4765,-0.009049773755656132
4766,-0.002865761689291091
4767,0.013612368024132682
4768,0.009276018099547478
4769,0.01251885369532435
4770,-0.0005656108597285048
4771,0.014253393665158431
4772,-0.008861236802413297
4773,0.0065610859728507664
4774,0.009803921568627416
4775,-0.0004901960784313708
4776,0.0062971342383106865
4777,-0.004638009049773739
4778,0.0017345399698340813
4779,-0.019683257918552077
4780,-0.016742081447963852
4781,0.0005656108597285048
4782,-0.017269984917043735
4783,-0.00844645550527906
4784,-0.001168929110105521
4785,0.008936651583710375
4786,0.005090497737556543
4787,0.0016968325791855143
4788,-3.7707390648511474e-05
4789,-0.013725490196078438
4790,0.016591251885369585
4791,0.002337858220211153
4792,0.0005656108597285048
4793,-0.001018099547511253
4794,0.006146304675716419
4795,0.01877828054298636
4796,0.006787330316742057
4797,-0.008672699849170462
4798,0.009464555052790313
4799,-0.0131975867269985
4800,0.022360482654600333
4801,-0.016440422322775206
4802,-0.015648567119155354
4803,0.002941176470588225
4804,0.0017722473604826483
4805,0.005731523378582182
4806,-0.008484162895927627
4807,-0.010105580693815952
4808,0.01089743589743597
4809,0.01327300150829569
4810,0.002337858220211153
4811,-0.007730015082956232
4812,-0.010369532428355976
4813,-0.015196078431372606
4814,-0.015497737556561031
4815,0.015497737556561031
4816,-0.0013951734539969785
4817,-0.014291101055806998
4818,-0.003469079939668218
4819,0.007616892911010531
4820,0.008861236802413242
4821,-0.017797888386123617
4822,-0.0026018099547511775
4823,-0.017269984917043735
4824,0.010595776772247323
4825,-0.0076923076923077205
4826,0.0005656108597285048
4827,-0.0062594268476621195
4828,-0.0021493212669682626
4829,-0.009539969834087447
4830,0.011085972850678805
4831,-0.010595776772247323
4832,-0.0034313725490195957
4833,0.004298642533936636
4834,0.0017722473604826483
4835,0.018250377073906532
4836,-0.008408748114630438
4837,-0.023303167420814452
4838,0.0039592760180995334
4839,-0.012971342383107098
4840,0.005542986425339347
4841,-0.002111613876319751
4842,-0.012292609351432837
4843,-0.007767722473604799
4844,-0.0026018099547511775
4845,-0.003544494720965241
4846,-0.005203619909502355
4847,0.0010935143288084426
4848,0.007202111613876294
4849,0.005920060331825017
4850,0.005693815987933615
4851,0.00588235294117645
4852,0.01625188536953237
4853,-0.011576168929110064
4854,-0.0008672699849170407
4855,0.017081447963800844
4856,0.004185520361990935
4857,-0.0007541478129713397
4858,0.010105580693816063
4859,-0.005580693815988025
4860,-0.004072398190045234
4861,-0.015158371040723928
4862,-0.004110105580693857
4863,0.010407239819004488
4864,0.00033936651583710287
4865,-7.541478129713397e-05
4866,-0.02326546003016594
4867,-0.02100301659125181
4868,-0.0032051282051281937
4869,0.028205128205128327
4870,-0.007730015082956232
4871,-0.001168929110105521
4872,-0.010558069381598811
4873,0.00037707390648566985
4874,0.0039969834087481
4875,0.006975867269984892
4876,-0.000980392156862686
4877,0.013122171945701422
4878,-0.006108597285067796
4879,0.0015460030165912464
4880,0.004185520361991046
4881,0.018853695324283604
4882,-0.0023378582202110976
4883,-0.004939668174962275
4884,0.020098039215686203
4885,-0.011613876319758631
4886,0.014102564102564163
4887,-0.0002639517345399134
4888,-0.008220211161387603
4889,-0.00957767722473607
4890,-0.016515837104072395
4891,0.01376319758672695
4892,0.00539215686274519
4893,0.0010180995475111976
4894,0.002413273001508287
4895,0.0
4896,0.005090497737556543
4897,0.012669683257918507
4898,0.030618401206636503
4899,-0.004147812971342368
4900,0.010972850678732993
4901,-0.0014328808446455454
4902,0.013951734539969785
4903,-0.01044494720965311
4904,0.01591251885369538
4905,-0.0005279034690799933
4906,-0.0020361990950226727
4907,0.0063348416289592535
4908,-0.004110105580693857
4909,-0.0020361990950226727
4910,0.009539969834087558
4911,-0.002564102564102444
4912,-0.012292609351432837
4913,0.01640271493212675
4914,0.018363499245852122
4915,-0.0019607843137254277
4916,-0.004600301659125117
4917,0.006975867269984892
4918,0.019494720965309353
4919,-0.0051659125188536215
4920,0.004675716440422306
4921,0.012066365007541435
4922,0.012556561085972806
4923,-0.005618401206636425
4924,-0.01945701357466062
4925,-0.009351432880844723
4926,-0.011764705882352955
4927,-0.0029788838612368473
4928,-0.0016591251885370029
4929,-0.0007164404223228282
4930,0.01866515837104077
4931,-0.007315233785822051
4932,0.010784313725490158
4933,0.010067873303167385
4934,-0.010859728506787403
4935,0.025565610859728527
4936,0.007805429864253366
4937,-0.007767722473604799
4938,0.0342760180995475
4939,-0.0019230769230769162
4940,-0.0062594268476621195
4941,-0.007352941176470562
4942,0.004034690799396667
4943,-0.0020361990950226727
4944,0.0064102564102563875
4945,0.002111613876319751
4946,0.009954751131221795
4947,-0.016666666666666607
4948,-0.006975867269984892
4949,0.02741327300150831
4950,0.002601809954751122
4951,-0.01757164404223227
4952,-0.00437405731523377
4953,-0.007315233785821995
4954,-0.015346907993966818
4955,0.02138009049773748
4956,-0.006372549019607876
4957,-0.004713423831070873
4958,0.002790346907993957
4959,-0.00957767722473607
4960,-0.007088989441930593
4961,-0.00015082956259432345
4962,0.008144796380090469
4963,0.01138763197586723
4964,-0.008898944193061864
4965,0.021229260935143324
4966,-0.010105580693816063
4967,-0.0026018099547511775
4968,-0.002828054298642524
4969,-0.010369532428355976
4970,0.005203619909502244
4971,0.018212669683257854
4972,0.0037707390648566985
4973,0.004147812971342368
4974,0.007126696832579271
4975,0.016553544494721018
4976,0.017496229260935192
4977,-0.00780542986425331
4978,0.00825791855203617
4979,-0.0076923076923077205
4980,0.005580693815987914
4981,0.01165158371040731
4982,-0.0002639517345399689
4983,-0.007767722473604799
4984,0.014064856711915485
4985,-0.003431372549019651
4986,-0.012330316742081404
4987,-0.005995475113122095
4988,0.0017722473604825373
4989,-0.009502262443438936
4990,0.016063348416289536
4991,-0.0031674208144796823
4992,-0.015309200603318196
4993,0.00199849170437405
4994,-0.003506787330316785
4995,-0.0049773755656108976
4996,0.0013574660633484115
4997,0.0015460030165913574
4998,0.0105203619909503
4999,-0.009087481146304643
