range_index,range_name,source,operator_dim,n_primes,n_gaps,elapsed_seconds,cache_path
0,range_000076-000275,recomputed,4096,94267461,94267460,264.7134246826172,d:\hpc_project\tdc_unified_core\results\b50_7_external_offset\operator_cache\range_000076-000275.npz
1,range_000226-000425,recomputed,4096,91389515,91389514,244.00003385543823,d:\hpc_project\tdc_unified_core\results\b50_7_external_offset\operator_cache\range_000226-000425.npz
2,range_000376-000575,recomputed,4096,89792831,89792830,239.21102261543274,d:\hpc_project\tdc_unified_core\results\b50_7_external_offset\operator_cache\range_000376-000575.npz
3,range_000526-000725,recomputed,4096,88686135,88686134,243.87831664085388,d:\hpc_project\tdc_unified_core\results\b50_7_external_offset\operator_cache\range_000526-000725.npz
4,range_000676-000875,recomputed,4096,87841841,87841840,242.11373901367188,d:\hpc_project\tdc_unified_core\results\b50_7_external_offset\operator_cache\range_000676-000875.npz
5,range_000826-001025,recomputed,4096,87161888,87161887,249.05774474143982,d:\hpc_project\tdc_unified_core\results\b50_7_external_offset\operator_cache\range_000826-001025.npz
6,range_000976-001175,recomputed,4096,86591206,86591205,317.0261158943176,d:\hpc_project\tdc_unified_core\results\b50_7_external_offset\operator_cache\range_000976-001175.npz
7,range_001126-001325,recomputed,4096,86105439,86105438,314.7301368713379,d:\hpc_project\tdc_unified_core\results\b50_7_external_offset\operator_cache\range_001126-001325.npz
8,range_001276-001475,recomputed,4096,85677502,85677501,326.9077031612396,d:\hpc_project\tdc_unified_core\results\b50_7_external_offset\operator_cache\range_001276-001475.npz
9,range_001426-001625,recomputed,4096,85300494,85300493,320.69630122184753,d:\hpc_project\tdc_unified_core\results\b50_7_external_offset\operator_cache\range_001426-001625.npz
10,range_001576-001775,recomputed,4096,84956227,84956226,313.5728931427002,d:\hpc_project\tdc_unified_core\results\b50_7_external_offset\operator_cache\range_001576-001775.npz
11,range_001726-001925,recomputed,4096,84647220,84647219,310.4662871360779,d:\hpc_project\tdc_unified_core\results\b50_7_external_offset\operator_cache\range_001726-001925.npz
12,range_001876-002075,recomputed,4096,84366969,84366968,309.4101662635803,d:\hpc_project\tdc_unified_core\results\b50_7_external_offset\operator_cache\range_001876-002075.npz
13,range_002026-002225,recomputed,4096,84109477,84109476,313.1144869327545,d:\hpc_project\tdc_unified_core\results\b50_7_external_offset\operator_cache\range_002026-002225.npz
14,range_002176-002375,recomputed,4096,83864926,83864925,310.1358027458191,d:\hpc_project\tdc_unified_core\results\b50_7_external_offset\operator_cache\range_002176-002375.npz
15,range_002326-002525,recomputed,4096,83642488,83642487,305.57789421081543,d:\hpc_project\tdc_unified_core\results\b50_7_external_offset\operator_cache\range_002326-002525.npz
16,range_002476-002675,recomputed,4096,83433107,83433106,310.22100138664246,d:\hpc_project\tdc_unified_core\results\b50_7_external_offset\operator_cache\range_002476-002675.npz
17,range_002626-002825,recomputed,4096,83237040,83237039,309.26261711120605,d:\hpc_project\tdc_unified_core\results\b50_7_external_offset\operator_cache\range_002626-002825.npz
18,range_002776-002975,recomputed,4096,83047059,83047058,306.4979085922241,d:\hpc_project\tdc_unified_core\results\b50_7_external_offset\operator_cache\range_002776-002975.npz
19,range_002926-003125,recomputed,4096,82876009,82876008,307.05386900901794,d:\hpc_project\tdc_unified_core\results\b50_7_external_offset\operator_cache\range_002926-003125.npz
20,range_003076-003275,recomputed,4096,82707903,82707902,313.99936604499817,d:\hpc_project\tdc_unified_core\results\b50_7_external_offset\operator_cache\range_003076-003275.npz
21,range_003226-003425,recomputed,4096,82549599,82549598,311.62543654441833,d:\hpc_project\tdc_unified_core\results\b50_7_external_offset\operator_cache\range_003226-003425.npz
22,range_003376-003575,recomputed,4096,82405360,82405359,310.217404127121,d:\hpc_project\tdc_unified_core\results\b50_7_external_offset\operator_cache\range_003376-003575.npz
23,range_003526-003725,recomputed,4096,82261222,82261221,309.5956218242645,d:\hpc_project\tdc_unified_core\results\b50_7_external_offset\operator_cache\range_003526-003725.npz
24,range_003676-003875,recomputed,4096,82120424,82120423,310.082062959671,d:\hpc_project\tdc_unified_core\results\b50_7_external_offset\operator_cache\range_003676-003875.npz
25,range_003826-004025,recomputed,4096,81984208,81984207,307.1645565032959,d:\hpc_project\tdc_unified_core\results\b50_7_external_offset\operator_cache\range_003826-004025.npz
26,range_003976-004175,recomputed,4096,81863473,81863472,309.7770493030548,d:\hpc_project\tdc_unified_core\results\b50_7_external_offset\operator_cache\range_003976-004175.npz
27,range_004126-004325,recomputed,4096,81743029,81743028,278.7561354637146,d:\hpc_project\tdc_unified_core\results\b50_7_external_offset\operator_cache\range_004126-004325.npz
28,range_004276-004475,recomputed,4096,81626253,81626252,220.17435669898987,d:\hpc_project\tdc_unified_core\results\b50_7_external_offset\operator_cache\range_004276-004475.npz
29,range_004426-004625,recomputed,4096,81514677,81514676,202.78591299057007,d:\hpc_project\tdc_unified_core\results\b50_7_external_offset\operator_cache\range_004426-004625.npz
30,range_004576-004775,recomputed,4096,81403046,81403045,188.6894552707672,d:\hpc_project\tdc_unified_core\results\b50_7_external_offset\operator_cache\range_004576-004775.npz
31,range_004726-004925,recomputed,4096,81303095,81303094,190.25143241882324,d:\hpc_project\tdc_unified_core\results\b50_7_external_offset\operator_cache\range_004726-004925.npz
32,range_004876-005075,recomputed,4096,81203128,81203127,183.05106782913208,d:\hpc_project\tdc_unified_core\results\b50_7_external_offset\operator_cache\range_004876-005075.npz
33,range_005026-005225,recomputed,4096,81107821,81107820,189.95998001098633,d:\hpc_project\tdc_unified_core\results\b50_7_external_offset\operator_cache\range_005026-005225.npz
34,range_005176-005375,recomputed,4096,81009550,81009549,184.76356554031372,d:\hpc_project\tdc_unified_core\results\b50_7_external_offset\operator_cache\range_005176-005375.npz
35,range_005326-005525,recomputed,4096,80917351,80917350,187.26148581504822,d:\hpc_project\tdc_unified_core\results\b50_7_external_offset\operator_cache\range_005326-005525.npz
36,range_005476-005675,recomputed,4096,80828433,80828432,177.76302981376648,d:\hpc_project\tdc_unified_core\results\b50_7_external_offset\operator_cache\range_005476-005675.npz
37,range_005626-005825,recomputed,4096,80739672,80739671,186.07869052886963,d:\hpc_project\tdc_unified_core\results\b50_7_external_offset\operator_cache\range_005626-005825.npz
38,range_005776-005975,recomputed,4096,80653392,80653391,187.86059498786926,d:\hpc_project\tdc_unified_core\results\b50_7_external_offset\operator_cache\range_005776-005975.npz
39,range_005926-006125,recomputed,4096,80576012,80576011,184.52673721313477,d:\hpc_project\tdc_unified_core\results\b50_7_external_offset\operator_cache\range_005926-006125.npz
40,range_006076-006275,recomputed,4096,80492627,80492626,187.56379389762878,d:\hpc_project\tdc_unified_core\results\b50_7_external_offset\operator_cache\range_006076-006275.npz
41,range_006226-006425,recomputed,4096,80416924,80416923,189.96118903160095,d:\hpc_project\tdc_unified_core\results\b50_7_external_offset\operator_cache\range_006226-006425.npz
42,range_006376-006575,recomputed,4096,80340660,80340659,185.4653775691986,d:\hpc_project\tdc_unified_core\results\b50_7_external_offset\operator_cache\range_006376-006575.npz
43,range_006526-006725,recomputed,4096,80264843,80264842,181.97433018684387,d:\hpc_project\tdc_unified_core\results\b50_7_external_offset\operator_cache\range_006526-006725.npz
44,range_006676-006875,recomputed,4096,80196803,80196802,188.11986875534058,d:\hpc_project\tdc_unified_core\results\b50_7_external_offset\operator_cache\range_006676-006875.npz
45,range_006826-007025,recomputed,4096,80127663,80127662,186.166983127594,d:\hpc_project\tdc_unified_core\results\b50_7_external_offset\operator_cache\range_006826-007025.npz
46,range_006976-007175,recomputed,4096,80055372,80055371,185.4920938014984,d:\hpc_project\tdc_unified_core\results\b50_7_external_offset\operator_cache\range_006976-007175.npz
47,range_007126-007325,recomputed,4096,79987920,79987919,180.76736569404602,d:\hpc_project\tdc_unified_core\results\b50_7_external_offset\operator_cache\range_007126-007325.npz
48,range_007276-007475,recomputed,4096,79922772,79922771,180.3249180316925,d:\hpc_project\tdc_unified_core\results\b50_7_external_offset\operator_cache\range_007276-007475.npz
49,range_007426-007625,recomputed,4096,79861535,79861534,180.92557764053345,d:\hpc_project\tdc_unified_core\results\b50_7_external_offset\operator_cache\range_007426-007625.npz
50,range_007576-007775,recomputed,4096,79798386,79798385,186.56493258476257,d:\hpc_project\tdc_unified_core\results\b50_7_external_offset\operator_cache\range_007576-007775.npz
51,range_007726-007925,recomputed,4096,79732106,79732105,183.1470649242401,d:\hpc_project\tdc_unified_core\results\b50_7_external_offset\operator_cache\range_007726-007925.npz
52,range_007876-008075,recomputed,4096,79674694,79674693,190.65176582336426,d:\hpc_project\tdc_unified_core\results\b50_7_external_offset\operator_cache\range_007876-008075.npz
53,range_008026-008225,recomputed,4096,79616017,79616016,186.1828489303589,d:\hpc_project\tdc_unified_core\results\b50_7_external_offset\operator_cache\range_008026-008225.npz
54,range_008176-008375,recomputed,4096,79560047,79560046,185.59519505500793,d:\hpc_project\tdc_unified_core\results\b50_7_external_offset\operator_cache\range_008176-008375.npz
55,range_008326-008525,recomputed,4096,79503490,79503489,184.59025645256042,d:\hpc_project\tdc_unified_core\results\b50_7_external_offset\operator_cache\range_008326-008525.npz
56,range_008476-008675,recomputed,4096,79441563,79441562,184.09296917915344,d:\hpc_project\tdc_unified_core\results\b50_7_external_offset\operator_cache\range_008476-008675.npz
57,range_008626-008825,recomputed,4096,79388742,79388741,195.8605501651764,d:\hpc_project\tdc_unified_core\results\b50_7_external_offset\operator_cache\range_008626-008825.npz
58,range_008776-008975,recomputed,4096,79335068,79335067,182.52974438667297,d:\hpc_project\tdc_unified_core\results\b50_7_external_offset\operator_cache\range_008776-008975.npz
59,range_008926-009125,recomputed,4096,79282909,79282908,185.64439821243286,d:\hpc_project\tdc_unified_core\results\b50_7_external_offset\operator_cache\range_008926-009125.npz
60,range_009076-009275,recomputed,4096,79231509,79231508,175.63591480255127,d:\hpc_project\tdc_unified_core\results\b50_7_external_offset\operator_cache\range_009076-009275.npz
61,range_009226-009425,recomputed,4096,79183772,79183771,180.28920912742615,d:\hpc_project\tdc_unified_core\results\b50_7_external_offset\operator_cache\range_009226-009425.npz
62,range_009376-009575,recomputed,4096,79130549,79130548,179.25393724441528,d:\hpc_project\tdc_unified_core\results\b50_7_external_offset\operator_cache\range_009376-009575.npz
63,range_009526-009725,recomputed,4096,79081097,79081096,182.35969471931458,d:\hpc_project\tdc_unified_core\results\b50_7_external_offset\operator_cache\range_009526-009725.npz
64,range_009676-009875,recomputed,4096,79037853,79037852,184.00791454315186,d:\hpc_project\tdc_unified_core\results\b50_7_external_offset\operator_cache\range_009676-009875.npz
65,range_009826-010025,recomputed,4096,78982580,78982579,181.06440997123718,d:\hpc_project\tdc_unified_core\results\b50_7_external_offset\operator_cache\range_009826-010025.npz
66,range_009976-010175,recomputed,4096,78943989,78943988,195.26742339134216,d:\hpc_project\tdc_unified_core\results\b50_7_external_offset\operator_cache\range_009976-010175.npz
67,range_010126-010325,recomputed,4096,78892826,78892825,187.0077679157257,d:\hpc_project\tdc_unified_core\results\b50_7_external_offset\operator_cache\range_010126-010325.npz
68,range_010276-010475,recomputed,4096,78844725,78844724,193.3997197151184,d:\hpc_project\tdc_unified_core\results\b50_7_external_offset\operator_cache\range_010276-010475.npz
69,range_010426-010625,recomputed,4096,78797571,78797570,185.76714897155762,d:\hpc_project\tdc_unified_core\results\b50_7_external_offset\operator_cache\range_010426-010625.npz
70,range_010576-010775,recomputed,4096,78753629,78753628,188.5494406223297,d:\hpc_project\tdc_unified_core\results\b50_7_external_offset\operator_cache\range_010576-010775.npz
71,range_010726-010925,recomputed,4096,78713394,78713393,192.44496726989746,d:\hpc_project\tdc_unified_core\results\b50_7_external_offset\operator_cache\range_010726-010925.npz
72,range_010876-011075,recomputed,4096,78673687,78673686,185.30261301994324,d:\hpc_project\tdc_unified_core\results\b50_7_external_offset\operator_cache\range_010876-011075.npz
73,range_011026-011225,recomputed,4096,78635568,78635567,182.3084363937378,d:\hpc_project\tdc_unified_core\results\b50_7_external_offset\operator_cache\range_011026-011225.npz
74,range_011176-011375,recomputed,4096,78590930,78590929,185.5029845237732,d:\hpc_project\tdc_unified_core\results\b50_7_external_offset\operator_cache\range_011176-011375.npz
75,range_011326-011525,recomputed,4096,78552412,78552411,181.67591643333435,d:\hpc_project\tdc_unified_core\results\b50_7_external_offset\operator_cache\range_011326-011525.npz
76,range_011476-011675,recomputed,4096,78506906,78506905,187.80505514144897,d:\hpc_project\tdc_unified_core\results\b50_7_external_offset\operator_cache\range_011476-011675.npz
77,range_011626-011825,recomputed,4096,78468535,78468534,193.77670073509216,d:\hpc_project\tdc_unified_core\results\b50_7_external_offset\operator_cache\range_011626-011825.npz
78,range_011776-011975,recomputed,4096,78429910,78429909,191.24982810020447,d:\hpc_project\tdc_unified_core\results\b50_7_external_offset\operator_cache\range_011776-011975.npz
79,range_011926-012125,recomputed,4096,78388016,78388015,184.16732358932495,d:\hpc_project\tdc_unified_core\results\b50_7_external_offset\operator_cache\range_011926-012125.npz
80,range_012076-012275,recomputed,4096,78358376,78358375,189.68990540504456,d:\hpc_project\tdc_unified_core\results\b50_7_external_offset\operator_cache\range_012076-012275.npz
81,range_012226-012425,recomputed,4096,78317848,78317847,185.61832904815674,d:\hpc_project\tdc_unified_core\results\b50_7_external_offset\operator_cache\range_012226-012425.npz
82,range_012376-012575,recomputed,4096,78277637,78277636,191.00345516204834,d:\hpc_project\tdc_unified_core\results\b50_7_external_offset\operator_cache\range_012376-012575.npz
83,range_012526-012725,recomputed,4096,78237686,78237685,185.3744080066681,d:\hpc_project\tdc_unified_core\results\b50_7_external_offset\operator_cache\range_012526-012725.npz
84,range_012676-012875,recomputed,4096,78205906,78205905,197.30812692642212,d:\hpc_project\tdc_unified_core\results\b50_7_external_offset\operator_cache\range_012676-012875.npz
85,range_012826-013025,recomputed,4096,78175240,78175239,185.59945392608643,d:\hpc_project\tdc_unified_core\results\b50_7_external_offset\operator_cache\range_012826-013025.npz
86,range_012976-013175,recomputed,4096,78135566,78135565,186.99650812149048,d:\hpc_project\tdc_unified_core\results\b50_7_external_offset\operator_cache\range_012976-013175.npz
87,range_013126-013325,recomputed,4096,78100219,78100218,186.47142028808594,d:\hpc_project\tdc_unified_core\results\b50_7_external_offset\operator_cache\range_013126-013325.npz
88,range_013276-013475,recomputed,4096,78066586,78066585,181.95256233215332,d:\hpc_project\tdc_unified_core\results\b50_7_external_offset\operator_cache\range_013276-013475.npz
89,range_013426-013625,recomputed,4096,78027625,78027624,182.95169758796692,d:\hpc_project\tdc_unified_core\results\b50_7_external_offset\operator_cache\range_013426-013625.npz
90,range_013576-013775,recomputed,4096,77997168,77997167,186.51872372627258,d:\hpc_project\tdc_unified_core\results\b50_7_external_offset\operator_cache\range_013576-013775.npz
91,range_013726-013925,recomputed,4096,77967780,77967779,192.13788223266602,d:\hpc_project\tdc_unified_core\results\b50_7_external_offset\operator_cache\range_013726-013925.npz
92,range_013876-014075,recomputed,4096,77932295,77932294,189.3916721343994,d:\hpc_project\tdc_unified_core\results\b50_7_external_offset\operator_cache\range_013876-014075.npz
93,range_014026-014225,recomputed,4096,77898282,77898281,189.67383313179016,d:\hpc_project\tdc_unified_core\results\b50_7_external_offset\operator_cache\range_014026-014225.npz
94,range_014176-014375,recomputed,4096,77868214,77868213,188.12657260894775,d:\hpc_project\tdc_unified_core\results\b50_7_external_offset\operator_cache\range_014176-014375.npz
95,range_014326-014525,recomputed,4096,77838175,77838174,184.6681146621704,d:\hpc_project\tdc_unified_core\results\b50_7_external_offset\operator_cache\range_014326-014525.npz
96,range_014476-014675,recomputed,4096,77807807,77807806,185.03841066360474,d:\hpc_project\tdc_unified_core\results\b50_7_external_offset\operator_cache\range_014476-014675.npz
97,range_014626-014825,recomputed,4096,77780231,77780230,177.65884447097778,d:\hpc_project\tdc_unified_core\results\b50_7_external_offset\operator_cache\range_014626-014825.npz
98,range_014776-014975,recomputed,4096,77740540,77740539,184.6834065914154,d:\hpc_project\tdc_unified_core\results\b50_7_external_offset\operator_cache\range_014776-014975.npz
99,range_014926-015125,recomputed,4096,77710404,77710403,186.02786469459534,d:\hpc_project\tdc_unified_core\results\b50_7_external_offset\operator_cache\range_014926-015125.npz
100,range_015076-015275,recomputed,4096,77678655,77678654,181.10412120819092,d:\hpc_project\tdc_unified_core\results\b50_7_external_offset\operator_cache\range_015076-015275.npz
101,range_015226-015425,recomputed,4096,77651993,77651992,188.51967597007751,d:\hpc_project\tdc_unified_core\results\b50_7_external_offset\operator_cache\range_015226-015425.npz
102,range_015376-015575,recomputed,4096,77632485,77632484,185.06581687927246,d:\hpc_project\tdc_unified_core\results\b50_7_external_offset\operator_cache\range_015376-015575.npz
103,range_015526-015725,recomputed,4096,77597296,77597295,187.3788685798645,d:\hpc_project\tdc_unified_core\results\b50_7_external_offset\operator_cache\range_015526-015725.npz
104,range_015676-015875,recomputed,4096,77562736,77562735,188.11560249328613,d:\hpc_project\tdc_unified_core\results\b50_7_external_offset\operator_cache\range_015676-015875.npz
105,range_015826-016025,recomputed,4096,77540227,77540226,185.17383456230164,d:\hpc_project\tdc_unified_core\results\b50_7_external_offset\operator_cache\range_015826-016025.npz
106,range_015976-016175,recomputed,4096,77509920,77509919,195.10928630828857,d:\hpc_project\tdc_unified_core\results\b50_7_external_offset\operator_cache\range_015976-016175.npz
107,range_016126-016325,recomputed,4096,77480256,77480255,189.87093710899353,d:\hpc_project\tdc_unified_core\results\b50_7_external_offset\operator_cache\range_016126-016325.npz
108,range_016276-016475,recomputed,4096,77456272,77456271,191.7900788784027,d:\hpc_project\tdc_unified_core\results\b50_7_external_offset\operator_cache\range_016276-016475.npz
109,range_016426-016625,recomputed,4096,77425397,77425396,195.04180765151978,d:\hpc_project\tdc_unified_core\results\b50_7_external_offset\operator_cache\range_016426-016625.npz
110,range_016576-016775,recomputed,4096,77399873,77399872,240.7002193927765,d:\hpc_project\tdc_unified_core\results\b50_7_external_offset\operator_cache\range_016576-016775.npz
111,range_016726-016925,recomputed,4096,77374764,77374763,247.88559794425964,d:\hpc_project\tdc_unified_core\results\b50_7_external_offset\operator_cache\range_016726-016925.npz
112,range_016876-017075,recomputed,4096,77347121,77347120,294.16704964637756,d:\hpc_project\tdc_unified_core\results\b50_7_external_offset\operator_cache\range_016876-017075.npz
113,range_017026-017225,recomputed,4096,77323527,77323526,306.6398937702179,d:\hpc_project\tdc_unified_core\results\b50_7_external_offset\operator_cache\range_017026-017225.npz
114,range_017176-017375,recomputed,4096,77293970,77293969,306.1838467121124,d:\hpc_project\tdc_unified_core\results\b50_7_external_offset\operator_cache\range_017176-017375.npz
115,range_017326-017525,recomputed,4096,77270169,77270168,307.60505080223083,d:\hpc_project\tdc_unified_core\results\b50_7_external_offset\operator_cache\range_017326-017525.npz
116,range_017476-017675,recomputed,4096,77242728,77242727,305.2832145690918,d:\hpc_project\tdc_unified_core\results\b50_7_external_offset\operator_cache\range_017476-017675.npz
117,range_017626-017825,recomputed,4096,77219634,77219633,305.54552388191223,d:\hpc_project\tdc_unified_core\results\b50_7_external_offset\operator_cache\range_017626-017825.npz
118,range_017776-017975,recomputed,4096,77192696,77192695,303.5089201927185,d:\hpc_project\tdc_unified_core\results\b50_7_external_offset\operator_cache\range_017776-017975.npz
119,range_017926-018125,recomputed,4096,77166266,77166265,308.4769787788391,d:\hpc_project\tdc_unified_core\results\b50_7_external_offset\operator_cache\range_017926-018125.npz
120,range_018076-018275,recomputed,4096,77143439,77143438,304.2971851825714,d:\hpc_project\tdc_unified_core\results\b50_7_external_offset\operator_cache\range_018076-018275.npz
121,range_018226-018425,recomputed,4096,77115706,77115705,303.58405804634094,d:\hpc_project\tdc_unified_core\results\b50_7_external_offset\operator_cache\range_018226-018425.npz
122,range_018376-018575,recomputed,4096,77090665,77090664,309.9955189228058,d:\hpc_project\tdc_unified_core\results\b50_7_external_offset\operator_cache\range_018376-018575.npz
123,range_018526-018725,recomputed,4096,77067149,77067148,310.242600440979,d:\hpc_project\tdc_unified_core\results\b50_7_external_offset\operator_cache\range_018526-018725.npz
124,range_018676-018875,recomputed,4096,77047979,77047978,308.8340435028076,d:\hpc_project\tdc_unified_core\results\b50_7_external_offset\operator_cache\range_018676-018875.npz
125,range_018826-019025,recomputed,4096,77022378,77022377,306.35006952285767,d:\hpc_project\tdc_unified_core\results\b50_7_external_offset\operator_cache\range_018826-019025.npz
126,range_018976-019175,recomputed,4096,76997904,76997903,309.7030236721039,d:\hpc_project\tdc_unified_core\results\b50_7_external_offset\operator_cache\range_018976-019175.npz
127,range_019126-019325,recomputed,4096,76977661,76977660,307.8997094631195,d:\hpc_project\tdc_unified_core\results\b50_7_external_offset\operator_cache\range_019126-019325.npz
128,range_019276-019475,recomputed,4096,76957449,76957448,307.51372504234314,d:\hpc_project\tdc_unified_core\results\b50_7_external_offset\operator_cache\range_019276-019475.npz
129,range_019426-019625,recomputed,4096,76929153,76929152,308.3711347579956,d:\hpc_project\tdc_unified_core\results\b50_7_external_offset\operator_cache\range_019426-019625.npz
130,range_019576-019775,recomputed,4096,76907504,76907503,308.9787094593048,d:\hpc_project\tdc_unified_core\results\b50_7_external_offset\operator_cache\range_019576-019775.npz
131,range_019726-019925,recomputed,4096,76890367,76890366,303.14837169647217,d:\hpc_project\tdc_unified_core\results\b50_7_external_offset\operator_cache\range_019726-019925.npz
132,range_019876-020075,recomputed,4096,76871169,76871168,309.3281922340393,d:\hpc_project\tdc_unified_core\results\b50_7_external_offset\operator_cache\range_019876-020075.npz
133,range_020026-020225,recomputed,4096,76838166,76838165,276.1282684803009,d:\hpc_project\tdc_unified_core\results\b50_7_external_offset\operator_cache\range_020026-020225.npz
134,range_020176-020375,recomputed,4096,76809301,76809300,231.97579884529114,d:\hpc_project\tdc_unified_core\results\b50_7_external_offset\operator_cache\range_020176-020375.npz
135,range_020326-020525,recomputed,4096,76800361,76800360,232.51084852218628,d:\hpc_project\tdc_unified_core\results\b50_7_external_offset\operator_cache\range_020326-020525.npz
136,range_020476-020675,recomputed,4096,76775700,76775699,264.6867072582245,d:\hpc_project\tdc_unified_core\results\b50_7_external_offset\operator_cache\range_020476-020675.npz
137,range_020626-020825,recomputed,4096,76758291,76758290,311.4037094116211,d:\hpc_project\tdc_unified_core\results\b50_7_external_offset\operator_cache\range_020626-020825.npz
138,range_020776-020975,recomputed,4096,76732490,76732489,296.13229632377625,d:\hpc_project\tdc_unified_core\results\b50_7_external_offset\operator_cache\range_020776-020975.npz
139,range_020926-021125,recomputed,4096,76709999,76709998,307.76332664489746,d:\hpc_project\tdc_unified_core\results\b50_7_external_offset\operator_cache\range_020926-021125.npz
140,range_021076-021275,recomputed,4096,76690397,76690396,309.0858860015869,d:\hpc_project\tdc_unified_core\results\b50_7_external_offset\operator_cache\range_021076-021275.npz
141,range_021226-021425,recomputed,4096,76667757,76667756,304.7000744342804,d:\hpc_project\tdc_unified_core\results\b50_7_external_offset\operator_cache\range_021226-021425.npz
142,range_021376-021575,recomputed,4096,76656123,76656122,306.41516375541687,d:\hpc_project\tdc_unified_core\results\b50_7_external_offset\operator_cache\range_021376-021575.npz
143,range_021526-021725,recomputed,4096,76631184,76631183,310.5913619995117,d:\hpc_project\tdc_unified_core\results\b50_7_external_offset\operator_cache\range_021526-021725.npz
144,range_021676-021875,recomputed,4096,76606096,76606095,307.4256374835968,d:\hpc_project\tdc_unified_core\results\b50_7_external_offset\operator_cache\range_021676-021875.npz
145,range_021826-022025,recomputed,4096,76586861,76586860,304.530953168869,d:\hpc_project\tdc_unified_core\results\b50_7_external_offset\operator_cache\range_021826-022025.npz
146,range_021976-022175,recomputed,4096,76569970,76569969,302.39234614372253,d:\hpc_project\tdc_unified_core\results\b50_7_external_offset\operator_cache\range_021976-022175.npz
147,range_022126-022325,recomputed,4096,76547919,76547918,302.5850772857666,d:\hpc_project\tdc_unified_core\results\b50_7_external_offset\operator_cache\range_022126-022325.npz
148,range_022276-022475,recomputed,4096,76526063,76526062,304.2057707309723,d:\hpc_project\tdc_unified_core\results\b50_7_external_offset\operator_cache\range_022276-022475.npz
149,range_022426-022625,recomputed,4096,76509876,76509875,303.0340096950531,d:\hpc_project\tdc_unified_core\results\b50_7_external_offset\operator_cache\range_022426-022625.npz
150,range_022576-022775,recomputed,4096,76490813,76490812,302.01543045043945,d:\hpc_project\tdc_unified_core\results\b50_7_external_offset\operator_cache\range_022576-022775.npz
151,range_022726-022925,recomputed,4096,76470791,76470790,306.58100843429565,d:\hpc_project\tdc_unified_core\results\b50_7_external_offset\operator_cache\range_022726-022925.npz
152,range_022876-023075,recomputed,4096,76440975,76440974,304.5933437347412,d:\hpc_project\tdc_unified_core\results\b50_7_external_offset\operator_cache\range_022876-023075.npz
153,range_023026-023225,recomputed,4096,76430032,76430031,299.13505363464355,d:\hpc_project\tdc_unified_core\results\b50_7_external_offset\operator_cache\range_023026-023225.npz
154,range_023176-023375,recomputed,4096,76417952,76417951,303.60364866256714,d:\hpc_project\tdc_unified_core\results\b50_7_external_offset\operator_cache\range_023176-023375.npz
155,range_023326-023525,recomputed,4096,76398814,76398813,292.50127053260803,d:\hpc_project\tdc_unified_core\results\b50_7_external_offset\operator_cache\range_023326-023525.npz
156,range_023476-023675,recomputed,4096,76380337,76380336,287.7253875732422,d:\hpc_project\tdc_unified_core\results\b50_7_external_offset\operator_cache\range_023476-023675.npz
157,range_023626-023825,recomputed,4096,76362915,76362914,250.14668250083923,d:\hpc_project\tdc_unified_core\results\b50_7_external_offset\operator_cache\range_023626-023825.npz
158,range_023776-023975,recomputed,4096,76343533,76343532,227.82887649536133,d:\hpc_project\tdc_unified_core\results\b50_7_external_offset\operator_cache\range_023776-023975.npz
159,range_023926-024125,recomputed,4096,76324979,76324978,235.38885402679443,d:\hpc_project\tdc_unified_core\results\b50_7_external_offset\operator_cache\range_023926-024125.npz
160,range_024076-024275,recomputed,4096,76298950,76298949,229.9369511604309,d:\hpc_project\tdc_unified_core\results\b50_7_external_offset\operator_cache\range_024076-024275.npz
161,range_024226-024425,recomputed,4096,76277969,76277968,231.68251013755798,d:\hpc_project\tdc_unified_core\results\b50_7_external_offset\operator_cache\range_024226-024425.npz
162,range_024376-024575,recomputed,4096,76269846,76269845,242.07805681228638,d:\hpc_project\tdc_unified_core\results\b50_7_external_offset\operator_cache\range_024376-024575.npz
163,range_024526-024725,recomputed,4096,76248902,76248901,231.52674102783203,d:\hpc_project\tdc_unified_core\results\b50_7_external_offset\operator_cache\range_024526-024725.npz
164,range_024676-024875,recomputed,4096,76227195,76227194,232.03281569480896,d:\hpc_project\tdc_unified_core\results\b50_7_external_offset\operator_cache\range_024676-024875.npz
165,range_024826-025025,recomputed,4096,76210205,76210204,235.9660999774933,d:\hpc_project\tdc_unified_core\results\b50_7_external_offset\operator_cache\range_024826-025025.npz
166,range_024976-025175,recomputed,4096,76196629,76196628,246.35446047782898,d:\hpc_project\tdc_unified_core\results\b50_7_external_offset\operator_cache\range_024976-025175.npz
167,range_025126-025325,recomputed,4096,76177373,76177372,249.37300539016724,d:\hpc_project\tdc_unified_core\results\b50_7_external_offset\operator_cache\range_025126-025325.npz
168,range_025276-025475,recomputed,4096,76167344,76167343,248.6140217781067,d:\hpc_project\tdc_unified_core\results\b50_7_external_offset\operator_cache\range_025276-025475.npz
169,range_025426-025625,recomputed,4096,76141489,76141488,246.47267293930054,d:\hpc_project\tdc_unified_core\results\b50_7_external_offset\operator_cache\range_025426-025625.npz
170,range_025576-025775,recomputed,4096,76125125,76125124,245.64103031158447,d:\hpc_project\tdc_unified_core\results\b50_7_external_offset\operator_cache\range_025576-025775.npz
171,range_025726-025925,recomputed,4096,76110879,76110878,246.30876517295837,d:\hpc_project\tdc_unified_core\results\b50_7_external_offset\operator_cache\range_025726-025925.npz
172,range_025876-026075,recomputed,4096,76095377,76095376,243.7446174621582,d:\hpc_project\tdc_unified_core\results\b50_7_external_offset\operator_cache\range_025876-026075.npz
173,range_026026-026225,recomputed,4096,76079369,76079368,243.870507478714,d:\hpc_project\tdc_unified_core\results\b50_7_external_offset\operator_cache\range_026026-026225.npz
174,range_026176-026375,recomputed,4096,76069693,76069692,245.9123718738556,d:\hpc_project\tdc_unified_core\results\b50_7_external_offset\operator_cache\range_026176-026375.npz
175,range_026326-026525,recomputed,4096,76042683,76042682,247.56709146499634,d:\hpc_project\tdc_unified_core\results\b50_7_external_offset\operator_cache\range_026326-026525.npz
176,range_026476-026675,recomputed,4096,76026429,76026428,243.3294632434845,d:\hpc_project\tdc_unified_core\results\b50_7_external_offset\operator_cache\range_026476-026675.npz
177,range_026626-026825,recomputed,4096,76009733,76009732,235.84656476974487,d:\hpc_project\tdc_unified_core\results\b50_7_external_offset\operator_cache\range_026626-026825.npz
178,range_026776-026975,recomputed,4096,75999181,75999180,245.9746367931366,d:\hpc_project\tdc_unified_core\results\b50_7_external_offset\operator_cache\range_026776-026975.npz
179,range_026926-027125,recomputed,4096,75984910,75984909,247.92731070518494,d:\hpc_project\tdc_unified_core\results\b50_7_external_offset\operator_cache\range_026926-027125.npz
180,range_027076-027275,recomputed,4096,75966377,75966376,244.05273127555847,d:\hpc_project\tdc_unified_core\results\b50_7_external_offset\operator_cache\range_027076-027275.npz
181,range_027226-027425,recomputed,4096,75945569,75945568,248.06598210334778,d:\hpc_project\tdc_unified_core\results\b50_7_external_offset\operator_cache\range_027226-027425.npz
182,range_027376-027575,recomputed,4096,75931905,75931904,249.97225522994995,d:\hpc_project\tdc_unified_core\results\b50_7_external_offset\operator_cache\range_027376-027575.npz
183,range_027526-027725,recomputed,4096,75915522,75915521,248.31594061851501,d:\hpc_project\tdc_unified_core\results\b50_7_external_offset\operator_cache\range_027526-027725.npz
184,range_027676-027875,recomputed,4096,75900420,75900419,250.08293318748474,d:\hpc_project\tdc_unified_core\results\b50_7_external_offset\operator_cache\range_027676-027875.npz
185,range_027826-028025,recomputed,4096,75885769,75885768,248.416442155838,d:\hpc_project\tdc_unified_core\results\b50_7_external_offset\operator_cache\range_027826-028025.npz
186,range_027976-028175,recomputed,4096,75869629,75869628,248.0894067287445,d:\hpc_project\tdc_unified_core\results\b50_7_external_offset\operator_cache\range_027976-028175.npz
187,range_028126-028325,recomputed,4096,75856742,75856741,245.39716744422913,d:\hpc_project\tdc_unified_core\results\b50_7_external_offset\operator_cache\range_028126-028325.npz
188,range_028276-028475,recomputed,4096,75845416,75845415,248.24520635604858,d:\hpc_project\tdc_unified_core\results\b50_7_external_offset\operator_cache\range_028276-028475.npz
189,range_028426-028625,recomputed,4096,75826676,75826675,249.35550236701965,d:\hpc_project\tdc_unified_core\results\b50_7_external_offset\operator_cache\range_028426-028625.npz
190,range_028576-028775,recomputed,4096,75804416,75804415,244.593270778656,d:\hpc_project\tdc_unified_core\results\b50_7_external_offset\operator_cache\range_028576-028775.npz
191,range_028726-028925,recomputed,4096,75787916,75787915,243.04334044456482,d:\hpc_project\tdc_unified_core\results\b50_7_external_offset\operator_cache\range_028726-028925.npz
192,range_028876-029075,recomputed,4096,75778755,75778754,246.469388961792,d:\hpc_project\tdc_unified_core\results\b50_7_external_offset\operator_cache\range_028876-029075.npz
193,range_029026-029225,recomputed,4096,75763872,75763871,246.31397080421448,d:\hpc_project\tdc_unified_core\results\b50_7_external_offset\operator_cache\range_029026-029225.npz
194,range_029176-029375,recomputed,4096,75749957,75749956,249.6716344356537,d:\hpc_project\tdc_unified_core\results\b50_7_external_offset\operator_cache\range_029176-029375.npz
195,range_029326-029525,recomputed,4096,75732368,75732367,243.1937198638916,d:\hpc_project\tdc_unified_core\results\b50_7_external_offset\operator_cache\range_029326-029525.npz
196,range_029476-029675,recomputed,4096,75721685,75721684,251.17474007606506,d:\hpc_project\tdc_unified_core\results\b50_7_external_offset\operator_cache\range_029476-029675.npz
197,range_029626-029825,recomputed,4096,75703165,75703164,242.8194682598114,d:\hpc_project\tdc_unified_core\results\b50_7_external_offset\operator_cache\range_029626-029825.npz
198,range_029776-029975,recomputed,4096,75697520,75697519,241.34974789619446,d:\hpc_project\tdc_unified_core\results\b50_7_external_offset\operator_cache\range_029776-029975.npz
199,range_029926-030125,recomputed,4096,75676249,75676248,250.4445357322693,d:\hpc_project\tdc_unified_core\results\b50_7_external_offset\operator_cache\range_029926-030125.npz
200,range_030076-030275,recomputed,4096,75663571,75663570,243.75573563575745,d:\hpc_project\tdc_unified_core\results\b50_7_external_offset\operator_cache\range_030076-030275.npz
201,range_030226-030425,recomputed,4096,75648380,75648379,237.95382809638977,d:\hpc_project\tdc_unified_core\results\b50_7_external_offset\operator_cache\range_030226-030425.npz
202,range_030376-030575,recomputed,4096,75632633,75632632,247.5724015235901,d:\hpc_project\tdc_unified_core\results\b50_7_external_offset\operator_cache\range_030376-030575.npz
203,range_030526-030725,recomputed,4096,75618332,75618331,245.11062836647034,d:\hpc_project\tdc_unified_core\results\b50_7_external_offset\operator_cache\range_030526-030725.npz
204,range_030676-030875,recomputed,4096,75607790,75607789,239.87531185150146,d:\hpc_project\tdc_unified_core\results\b50_7_external_offset\operator_cache\range_030676-030875.npz
205,range_030826-031025,recomputed,4096,75594524,75594523,239.21605491638184,d:\hpc_project\tdc_unified_core\results\b50_7_external_offset\operator_cache\range_030826-031025.npz
206,range_030976-031175,recomputed,4096,75580053,75580052,239.0876603126526,d:\hpc_project\tdc_unified_core\results\b50_7_external_offset\operator_cache\range_030976-031175.npz
207,range_031126-031325,recomputed,4096,75562890,75562889,240.98595666885376,d:\hpc_project\tdc_unified_core\results\b50_7_external_offset\operator_cache\range_031126-031325.npz
208,range_031276-031475,recomputed,4096,75549078,75549077,235.16767859458923,d:\hpc_project\tdc_unified_core\results\b50_7_external_offset\operator_cache\range_031276-031475.npz
209,range_031426-031625,recomputed,4096,75540013,75540012,239.35548186302185,d:\hpc_project\tdc_unified_core\results\b50_7_external_offset\operator_cache\range_031426-031625.npz
210,range_031576-031775,recomputed,4096,75528461,75528460,236.69633316993713,d:\hpc_project\tdc_unified_core\results\b50_7_external_offset\operator_cache\range_031576-031775.npz
211,range_031726-031925,recomputed,4096,75512211,75512210,240.39930415153503,d:\hpc_project\tdc_unified_core\results\b50_7_external_offset\operator_cache\range_031726-031925.npz
212,range_031876-032075,recomputed,4096,75503637,75503636,232.65815043449402,d:\hpc_project\tdc_unified_core\results\b50_7_external_offset\operator_cache\range_031876-032075.npz
213,range_032026-032225,recomputed,4096,75483885,75483884,233.89683890342712,d:\hpc_project\tdc_unified_core\results\b50_7_external_offset\operator_cache\range_032026-032225.npz
214,range_032176-032375,recomputed,4096,75470739,75470738,241.20758700370789,d:\hpc_project\tdc_unified_core\results\b50_7_external_offset\operator_cache\range_032176-032375.npz
215,range_032326-032525,recomputed,4096,75457417,75457416,242.80130910873413,d:\hpc_project\tdc_unified_core\results\b50_7_external_offset\operator_cache\range_032326-032525.npz
216,range_032476-032675,recomputed,4096,75445700,75445699,234.83505368232727,d:\hpc_project\tdc_unified_core\results\b50_7_external_offset\operator_cache\range_032476-032675.npz
217,range_032626-032825,recomputed,4096,75432930,75432929,244.28630137443542,d:\hpc_project\tdc_unified_core\results\b50_7_external_offset\operator_cache\range_032626-032825.npz
218,range_032776-032975,recomputed,4096,75420116,75420115,237.7659912109375,d:\hpc_project\tdc_unified_core\results\b50_7_external_offset\operator_cache\range_032776-032975.npz
219,range_032926-033125,recomputed,4096,75414296,75414295,234.66820216178894,d:\hpc_project\tdc_unified_core\results\b50_7_external_offset\operator_cache\range_032926-033125.npz
220,range_033076-033275,recomputed,4096,75388731,75388730,239.92607975006104,d:\hpc_project\tdc_unified_core\results\b50_7_external_offset\operator_cache\range_033076-033275.npz
221,range_033226-033425,recomputed,4096,75378829,75378828,232.27639389038086,d:\hpc_project\tdc_unified_core\results\b50_7_external_offset\operator_cache\range_033226-033425.npz
222,range_033376-033575,recomputed,4096,75366524,75366523,229.7834210395813,d:\hpc_project\tdc_unified_core\results\b50_7_external_offset\operator_cache\range_033376-033575.npz
223,range_033526-033725,recomputed,4096,75355047,75355046,231.29238963127136,d:\hpc_project\tdc_unified_core\results\b50_7_external_offset\operator_cache\range_033526-033725.npz
224,range_033676-033875,recomputed,4096,75344644,75344643,230.38330817222595,d:\hpc_project\tdc_unified_core\results\b50_7_external_offset\operator_cache\range_033676-033875.npz
225,range_033826-034025,recomputed,4096,75329586,75329585,228.37866735458374,d:\hpc_project\tdc_unified_core\results\b50_7_external_offset\operator_cache\range_033826-034025.npz
226,range_033976-034175,recomputed,4096,75321014,75321013,226.9207489490509,d:\hpc_project\tdc_unified_core\results\b50_7_external_offset\operator_cache\range_033976-034175.npz
227,range_034126-034325,recomputed,4096,75299946,75299945,229.228910446167,d:\hpc_project\tdc_unified_core\results\b50_7_external_offset\operator_cache\range_034126-034325.npz
228,range_034276-034475,recomputed,4096,75287235,75287234,235.26914739608765,d:\hpc_project\tdc_unified_core\results\b50_7_external_offset\operator_cache\range_034276-034475.npz
229,range_034426-034625,recomputed,4096,75279737,75279736,231.68681502342224,d:\hpc_project\tdc_unified_core\results\b50_7_external_offset\operator_cache\range_034426-034625.npz
230,range_034576-034775,recomputed,4096,75269672,75269671,230.46307849884033,d:\hpc_project\tdc_unified_core\results\b50_7_external_offset\operator_cache\range_034576-034775.npz
231,range_034726-034925,recomputed,4096,75260322,75260321,231.65524101257324,d:\hpc_project\tdc_unified_core\results\b50_7_external_offset\operator_cache\range_034726-034925.npz
232,range_034876-035075,recomputed,4096,75243271,75243270,230.59901356697083,d:\hpc_project\tdc_unified_core\results\b50_7_external_offset\operator_cache\range_034876-035075.npz
233,range_035026-035225,recomputed,4096,75236678,75236677,229.29142546653748,d:\hpc_project\tdc_unified_core\results\b50_7_external_offset\operator_cache\range_035026-035225.npz
234,range_035176-035375,recomputed,4096,75216784,75216783,237.76104402542114,d:\hpc_project\tdc_unified_core\results\b50_7_external_offset\operator_cache\range_035176-035375.npz
235,range_035326-035525,recomputed,4096,75203708,75203707,230.20815443992615,d:\hpc_project\tdc_unified_core\results\b50_7_external_offset\operator_cache\range_035326-035525.npz
236,range_035476-035675,recomputed,4096,75195600,75195599,232.24163603782654,d:\hpc_project\tdc_unified_core\results\b50_7_external_offset\operator_cache\range_035476-035675.npz
237,range_035626-035825,recomputed,4096,75179706,75179705,230.6193335056305,d:\hpc_project\tdc_unified_core\results\b50_7_external_offset\operator_cache\range_035626-035825.npz
238,range_035776-035975,recomputed,4096,75174778,75174777,225.5206618309021,d:\hpc_project\tdc_unified_core\results\b50_7_external_offset\operator_cache\range_035776-035975.npz
239,range_035926-036125,recomputed,4096,75158575,75158574,224.56373929977417,d:\hpc_project\tdc_unified_core\results\b50_7_external_offset\operator_cache\range_035926-036125.npz
240,range_036076-036275,recomputed,4096,75145787,75145786,225.96533179283142,d:\hpc_project\tdc_unified_core\results\b50_7_external_offset\operator_cache\range_036076-036275.npz
241,range_036226-036425,recomputed,4096,75136493,75136492,231.67710542678833,d:\hpc_project\tdc_unified_core\results\b50_7_external_offset\operator_cache\range_036226-036425.npz
242,range_036376-036575,recomputed,4096,75121338,75121337,240.53818893432617,d:\hpc_project\tdc_unified_core\results\b50_7_external_offset\operator_cache\range_036376-036575.npz
243,range_036526-036725,recomputed,4096,75113219,75113218,234.51116013526917,d:\hpc_project\tdc_unified_core\results\b50_7_external_offset\operator_cache\range_036526-036725.npz
244,range_036676-036875,recomputed,4096,75103118,75103117,235.86271715164185,d:\hpc_project\tdc_unified_core\results\b50_7_external_offset\operator_cache\range_036676-036875.npz
245,range_036826-037025,recomputed,4096,75095659,75095658,232.435729265213,d:\hpc_project\tdc_unified_core\results\b50_7_external_offset\operator_cache\range_036826-037025.npz
246,range_036976-037175,recomputed,4096,75080761,75080760,229.7351315021515,d:\hpc_project\tdc_unified_core\results\b50_7_external_offset\operator_cache\range_036976-037175.npz
247,range_037126-037325,recomputed,4096,75070123,75070122,230.42552590370178,d:\hpc_project\tdc_unified_core\results\b50_7_external_offset\operator_cache\range_037126-037325.npz
248,range_037276-037475,recomputed,4096,75049890,75049889,227.5588812828064,d:\hpc_project\tdc_unified_core\results\b50_7_external_offset\operator_cache\range_037276-037475.npz
249,range_037426-037625,recomputed,4096,75042341,75042340,230.95593547821045,d:\hpc_project\tdc_unified_core\results\b50_7_external_offset\operator_cache\range_037426-037625.npz
250,range_037576-037775,recomputed,4096,75037678,75037677,231.80380082130432,d:\hpc_project\tdc_unified_core\results\b50_7_external_offset\operator_cache\range_037576-037775.npz
251,range_037726-037925,recomputed,4096,75026259,75026258,232.3226752281189,d:\hpc_project\tdc_unified_core\results\b50_7_external_offset\operator_cache\range_037726-037925.npz
252,range_037876-038075,recomputed,4096,75014463,75014462,232.03097009658813,d:\hpc_project\tdc_unified_core\results\b50_7_external_offset\operator_cache\range_037876-038075.npz
253,range_038026-038225,recomputed,4096,75001772,75001771,222.87215399742126,d:\hpc_project\tdc_unified_core\results\b50_7_external_offset\operator_cache\range_038026-038225.npz
254,range_038176-038375,recomputed,4096,74982817,74982816,228.40111112594604,d:\hpc_project\tdc_unified_core\results\b50_7_external_offset\operator_cache\range_038176-038375.npz
255,range_038326-038525,recomputed,4096,74970946,74970945,236.4701919555664,d:\hpc_project\tdc_unified_core\results\b50_7_external_offset\operator_cache\range_038326-038525.npz
256,range_038476-038675,recomputed,4096,74967746,74967745,225.4812035560608,d:\hpc_project\tdc_unified_core\results\b50_7_external_offset\operator_cache\range_038476-038675.npz
257,range_038626-038825,recomputed,4096,74953695,74953694,229.3388934135437,d:\hpc_project\tdc_unified_core\results\b50_7_external_offset\operator_cache\range_038626-038825.npz
258,range_038776-038975,recomputed,4096,74945741,74945740,249.24617195129395,d:\hpc_project\tdc_unified_core\results\b50_7_external_offset\operator_cache\range_038776-038975.npz
259,range_038926-039125,recomputed,4096,74934052,74934051,227.0035195350647,d:\hpc_project\tdc_unified_core\results\b50_7_external_offset\operator_cache\range_038926-039125.npz
260,range_039076-039275,recomputed,4096,74922109,74922108,226.0858211517334,d:\hpc_project\tdc_unified_core\results\b50_7_external_offset\operator_cache\range_039076-039275.npz
261,range_039226-039425,recomputed,4096,74914179,74914178,268.7572093009949,d:\hpc_project\tdc_unified_core\results\b50_7_external_offset\operator_cache\range_039226-039425.npz
262,range_039376-039575,recomputed,4096,74904773,74904772,231.7497730255127,d:\hpc_project\tdc_unified_core\results\b50_7_external_offset\operator_cache\range_039376-039575.npz
263,range_039526-039725,recomputed,4096,74888345,74888344,230.33738446235657,d:\hpc_project\tdc_unified_core\results\b50_7_external_offset\operator_cache\range_039526-039725.npz
264,range_039676-039875,recomputed,4096,74875990,74875989,232.62020754814148,d:\hpc_project\tdc_unified_core\results\b50_7_external_offset\operator_cache\range_039676-039875.npz
265,range_039826-040025,recomputed,4096,74866745,74866744,239.65778136253357,d:\hpc_project\tdc_unified_core\results\b50_7_external_offset\operator_cache\range_039826-040025.npz
266,range_039976-040175,recomputed,4096,74859311,74859310,228.9122507572174,d:\hpc_project\tdc_unified_core\results\b50_7_external_offset\operator_cache\range_039976-040175.npz
267,range_040126-040325,recomputed,4096,74848990,74848989,227.970116853714,d:\hpc_project\tdc_unified_core\results\b50_7_external_offset\operator_cache\range_040126-040325.npz
268,range_040276-040475,recomputed,4096,74843484,74843483,231.31559991836548,d:\hpc_project\tdc_unified_core\results\b50_7_external_offset\operator_cache\range_040276-040475.npz
269,range_040426-040625,recomputed,4096,74836741,74836740,224.13388109207153,d:\hpc_project\tdc_unified_core\results\b50_7_external_offset\operator_cache\range_040426-040625.npz
270,range_040576-040775,recomputed,4096,74818640,74818639,230.76772713661194,d:\hpc_project\tdc_unified_core\results\b50_7_external_offset\operator_cache\range_040576-040775.npz
271,range_040726-040925,recomputed,4096,74806517,74806516,237.27992963790894,d:\hpc_project\tdc_unified_core\results\b50_7_external_offset\operator_cache\range_040726-040925.npz
272,range_040876-041075,recomputed,4096,74796069,74796068,228.40517020225525,d:\hpc_project\tdc_unified_core\results\b50_7_external_offset\operator_cache\range_040876-041075.npz
273,range_041026-041225,recomputed,4096,74785196,74785195,226.79502487182617,d:\hpc_project\tdc_unified_core\results\b50_7_external_offset\operator_cache\range_041026-041225.npz
274,range_041176-041375,recomputed,4096,74781240,74781239,228.69824695587158,d:\hpc_project\tdc_unified_core\results\b50_7_external_offset\operator_cache\range_041176-041375.npz
275,range_041326-041525,recomputed,4096,74765333,74765332,231.24805212020874,d:\hpc_project\tdc_unified_core\results\b50_7_external_offset\operator_cache\range_041326-041525.npz
276,range_041476-041675,recomputed,4096,74755589,74755588,230.5107524394989,d:\hpc_project\tdc_unified_core\results\b50_7_external_offset\operator_cache\range_041476-041675.npz
277,range_041626-041825,recomputed,4096,74750790,74750789,230.0821967124939,d:\hpc_project\tdc_unified_core\results\b50_7_external_offset\operator_cache\range_041626-041825.npz
278,range_041776-041975,recomputed,4096,74737509,74737508,231.0039439201355,d:\hpc_project\tdc_unified_core\results\b50_7_external_offset\operator_cache\range_041776-041975.npz
279,range_041926-042125,recomputed,4096,74729705,74729704,227.73553133010864,d:\hpc_project\tdc_unified_core\results\b50_7_external_offset\operator_cache\range_041926-042125.npz
280,range_042076-042275,recomputed,4096,74713358,74713357,235.01809310913086,d:\hpc_project\tdc_unified_core\results\b50_7_external_offset\operator_cache\range_042076-042275.npz
281,range_042226-042425,recomputed,4096,74707308,74707307,235.12121081352234,d:\hpc_project\tdc_unified_core\results\b50_7_external_offset\operator_cache\range_042226-042425.npz
282,range_042376-042575,recomputed,4096,74699714,74699713,232.75538229942322,d:\hpc_project\tdc_unified_core\results\b50_7_external_offset\operator_cache\range_042376-042575.npz
283,range_042526-042725,recomputed,4096,74688038,74688037,229.43051266670227,d:\hpc_project\tdc_unified_core\results\b50_7_external_offset\operator_cache\range_042526-042725.npz
284,range_042676-042875,recomputed,4096,74676095,74676094,234.89304399490356,d:\hpc_project\tdc_unified_core\results\b50_7_external_offset\operator_cache\range_042676-042875.npz
285,range_042826-043025,recomputed,4096,74669692,74669691,234.46881890296936,d:\hpc_project\tdc_unified_core\results\b50_7_external_offset\operator_cache\range_042826-043025.npz
286,range_042976-043175,recomputed,4096,74666353,74666352,225.34697580337524,d:\hpc_project\tdc_unified_core\results\b50_7_external_offset\operator_cache\range_042976-043175.npz
287,range_043126-043325,recomputed,4096,74648841,74648840,236.37638354301453,d:\hpc_project\tdc_unified_core\results\b50_7_external_offset\operator_cache\range_043126-043325.npz
288,range_043276-043475,recomputed,4096,74643144,74643143,231.3966886997223,d:\hpc_project\tdc_unified_core\results\b50_7_external_offset\operator_cache\range_043276-043475.npz
289,range_043426-043625,recomputed,4096,74626302,74626301,234.1862769126892,d:\hpc_project\tdc_unified_core\results\b50_7_external_offset\operator_cache\range_043426-043625.npz
290,range_043576-043775,recomputed,4096,74621763,74621762,229.77110886573792,d:\hpc_project\tdc_unified_core\results\b50_7_external_offset\operator_cache\range_043576-043775.npz
291,range_043726-043925,recomputed,4096,74610379,74610378,234.53890299797058,d:\hpc_project\tdc_unified_core\results\b50_7_external_offset\operator_cache\range_043726-043925.npz
292,range_043876-044075,recomputed,4096,74601230,74601229,232.8403434753418,d:\hpc_project\tdc_unified_core\results\b50_7_external_offset\operator_cache\range_043876-044075.npz
293,range_044026-044225,recomputed,4096,74585392,74585391,231.22323155403137,d:\hpc_project\tdc_unified_core\results\b50_7_external_offset\operator_cache\range_044026-044225.npz
294,range_044176-044375,recomputed,4096,74577006,74577005,232.3475022315979,d:\hpc_project\tdc_unified_core\results\b50_7_external_offset\operator_cache\range_044176-044375.npz
295,range_044326-044525,recomputed,4096,74573915,74573914,228.10700798034668,d:\hpc_project\tdc_unified_core\results\b50_7_external_offset\operator_cache\range_044326-044525.npz
296,range_044476-044675,recomputed,4096,74560660,74560659,229.5208785533905,d:\hpc_project\tdc_unified_core\results\b50_7_external_offset\operator_cache\range_044476-044675.npz
297,range_044626-044825,recomputed,4096,74550779,74550778,225.91920042037964,d:\hpc_project\tdc_unified_core\results\b50_7_external_offset\operator_cache\range_044626-044825.npz
298,range_044776-044975,recomputed,4096,74543493,74543492,248.34494876861572,d:\hpc_project\tdc_unified_core\results\b50_7_external_offset\operator_cache\range_044776-044975.npz
299,range_044926-045125,recomputed,4096,74541586,74541585,242.0980725288391,d:\hpc_project\tdc_unified_core\results\b50_7_external_offset\operator_cache\range_044926-045125.npz
300,range_045076-045275,recomputed,4096,74526121,74526120,236.25377941131592,d:\hpc_project\tdc_unified_core\results\b50_7_external_offset\operator_cache\range_045076-045275.npz
301,range_045226-045425,recomputed,4096,74511588,74511587,241.45656156539917,d:\hpc_project\tdc_unified_core\results\b50_7_external_offset\operator_cache\range_045226-045425.npz
302,range_045376-045575,recomputed,4096,74505336,74505335,247.00381231307983,d:\hpc_project\tdc_unified_core\results\b50_7_external_offset\operator_cache\range_045376-045575.npz
303,range_045526-045725,recomputed,4096,74499143,74499142,237.34030389785767,d:\hpc_project\tdc_unified_core\results\b50_7_external_offset\operator_cache\range_045526-045725.npz
304,range_045676-045875,recomputed,4096,74489874,74489873,235.50029587745667,d:\hpc_project\tdc_unified_core\results\b50_7_external_offset\operator_cache\range_045676-045875.npz
305,range_045826-046025,recomputed,4096,74482973,74482972,239.7786419391632,d:\hpc_project\tdc_unified_core\results\b50_7_external_offset\operator_cache\range_045826-046025.npz
306,range_045976-046175,recomputed,4096,74476089,74476088,235.04106426239014,d:\hpc_project\tdc_unified_core\results\b50_7_external_offset\operator_cache\range_045976-046175.npz
307,range_046126-046325,recomputed,4096,74454642,74454641,237.29586601257324,d:\hpc_project\tdc_unified_core\results\b50_7_external_offset\operator_cache\range_046126-046325.npz
308,range_046276-046475,recomputed,4096,74454025,74454024,243.6586399078369,d:\hpc_project\tdc_unified_core\results\b50_7_external_offset\operator_cache\range_046276-046475.npz
309,range_046426-046625,recomputed,4096,74439372,74439371,211.96687865257263,d:\hpc_project\tdc_unified_core\results\b50_7_external_offset\operator_cache\range_046426-046625.npz
310,range_046576-046775,recomputed,4096,74436792,74436791,179.9826648235321,d:\hpc_project\tdc_unified_core\results\b50_7_external_offset\operator_cache\range_046576-046775.npz
311,range_046726-046925,recomputed,4096,74428188,74428187,184.6364290714264,d:\hpc_project\tdc_unified_core\results\b50_7_external_offset\operator_cache\range_046726-046925.npz
312,range_046876-047075,recomputed,4096,74420076,74420075,182.2882742881775,d:\hpc_project\tdc_unified_core\results\b50_7_external_offset\operator_cache\range_046876-047075.npz
313,range_047026-047225,recomputed,4096,74406032,74406031,182.32368159294128,d:\hpc_project\tdc_unified_core\results\b50_7_external_offset\operator_cache\range_047026-047225.npz
314,range_047176-047375,recomputed,4096,74404646,74404645,176.8930628299713,d:\hpc_project\tdc_unified_core\results\b50_7_external_offset\operator_cache\range_047176-047375.npz
315,range_047326-047525,recomputed,4096,74389949,74389948,183.84158515930176,d:\hpc_project\tdc_unified_core\results\b50_7_external_offset\operator_cache\range_047326-047525.npz
316,range_047476-047675,recomputed,4096,74382957,74382956,180.5793378353119,d:\hpc_project\tdc_unified_core\results\b50_7_external_offset\operator_cache\range_047476-047675.npz
317,range_047626-047825,recomputed,4096,74368297,74368296,178.49640893936157,d:\hpc_project\tdc_unified_core\results\b50_7_external_offset\operator_cache\range_047626-047825.npz
318,range_047776-047975,recomputed,4096,74361825,74361824,185.04960370063782,d:\hpc_project\tdc_unified_core\results\b50_7_external_offset\operator_cache\range_047776-047975.npz
319,range_047926-048125,recomputed,4096,74357152,74357151,181.4149408340454,d:\hpc_project\tdc_unified_core\results\b50_7_external_offset\operator_cache\range_047926-048125.npz
320,range_048076-048275,recomputed,4096,74351866,74351865,180.1900589466095,d:\hpc_project\tdc_unified_core\results\b50_7_external_offset\operator_cache\range_048076-048275.npz
321,range_048226-048425,recomputed,4096,74338568,74338567,187.3787772655487,d:\hpc_project\tdc_unified_core\results\b50_7_external_offset\operator_cache\range_048226-048425.npz
322,range_048376-048575,recomputed,4096,74327664,74327663,183.42259788513184,d:\hpc_project\tdc_unified_core\results\b50_7_external_offset\operator_cache\range_048376-048575.npz
323,range_048526-048725,recomputed,4096,74322472,74322471,179.97598314285278,d:\hpc_project\tdc_unified_core\results\b50_7_external_offset\operator_cache\range_048526-048725.npz
324,range_048676-048875,recomputed,4096,74312113,74312112,180.98672461509705,d:\hpc_project\tdc_unified_core\results\b50_7_external_offset\operator_cache\range_048676-048875.npz
325,range_048826-049025,recomputed,4096,74302828,74302827,176.49322271347046,d:\hpc_project\tdc_unified_core\results\b50_7_external_offset\operator_cache\range_048826-049025.npz
326,range_048976-049175,recomputed,4096,74304531,74304530,185.79378461837769,d:\hpc_project\tdc_unified_core\results\b50_7_external_offset\operator_cache\range_048976-049175.npz
327,range_049126-049325,recomputed,4096,74287219,74287218,183.66627669334412,d:\hpc_project\tdc_unified_core\results\b50_7_external_offset\operator_cache\range_049126-049325.npz
328,range_049276-049475,recomputed,4096,74275583,74275582,181.68074250221252,d:\hpc_project\tdc_unified_core\results\b50_7_external_offset\operator_cache\range_049276-049475.npz
329,range_049426-049625,recomputed,4096,74268869,74268868,177.34488677978516,d:\hpc_project\tdc_unified_core\results\b50_7_external_offset\operator_cache\range_049426-049625.npz
330,range_049576-049775,recomputed,4096,74256896,74256895,179.88698887825012,d:\hpc_project\tdc_unified_core\results\b50_7_external_offset\operator_cache\range_049576-049775.npz
331,range_049726-049925,recomputed,4096,74253746,74253745,178.344544172287,d:\hpc_project\tdc_unified_core\results\b50_7_external_offset\operator_cache\range_049726-049925.npz
332,range_049876-050075,recomputed,4096,74247336,74247335,174.16421484947205,d:\hpc_project\tdc_unified_core\results\b50_7_external_offset\operator_cache\range_049876-050075.npz
333,range_050026-050225,recomputed,4096,74238631,74238630,190.8448827266693,d:\hpc_project\tdc_unified_core\results\b50_7_external_offset\operator_cache\range_050026-050225.npz
334,range_050176-050375,recomputed,4096,74232723,74232722,176.06434726715088,d:\hpc_project\tdc_unified_core\results\b50_7_external_offset\operator_cache\range_050176-050375.npz
335,range_050326-050525,recomputed,4096,74228238,74228237,175.3875012397766,d:\hpc_project\tdc_unified_core\results\b50_7_external_offset\operator_cache\range_050326-050525.npz
336,range_050476-050675,recomputed,4096,74211279,74211278,182.91718077659607,d:\hpc_project\tdc_unified_core\results\b50_7_external_offset\operator_cache\range_050476-050675.npz
337,range_050626-050825,recomputed,4096,74206231,74206230,173.80228066444397,d:\hpc_project\tdc_unified_core\results\b50_7_external_offset\operator_cache\range_050626-050825.npz
338,range_050776-050975,recomputed,4096,74202182,74202181,177.73940920829773,d:\hpc_project\tdc_unified_core\results\b50_7_external_offset\operator_cache\range_050776-050975.npz
339,range_050926-051125,recomputed,4096,74191538,74191537,176.20987343788147,d:\hpc_project\tdc_unified_core\results\b50_7_external_offset\operator_cache\range_050926-051125.npz
340,range_051076-051275,recomputed,4096,74179026,74179025,180.31265020370483,d:\hpc_project\tdc_unified_core\results\b50_7_external_offset\operator_cache\range_051076-051275.npz
341,range_051226-051425,recomputed,4096,74177615,74177614,182.15910601615906,d:\hpc_project\tdc_unified_core\results\b50_7_external_offset\operator_cache\range_051226-051425.npz
342,range_051376-051575,recomputed,4096,74167156,74167155,185.4309515953064,d:\hpc_project\tdc_unified_core\results\b50_7_external_offset\operator_cache\range_051376-051575.npz
343,range_051526-051725,recomputed,4096,74159199,74159198,172.04142999649048,d:\hpc_project\tdc_unified_core\results\b50_7_external_offset\operator_cache\range_051526-051725.npz
344,range_051676-051875,recomputed,4096,74151699,74151698,176.23288083076477,d:\hpc_project\tdc_unified_core\results\b50_7_external_offset\operator_cache\range_051676-051875.npz
345,range_051826-052025,recomputed,4096,74139032,74139031,183.46411395072937,d:\hpc_project\tdc_unified_core\results\b50_7_external_offset\operator_cache\range_051826-052025.npz
346,range_051976-052175,recomputed,4096,74125878,74125877,171.11047959327698,d:\hpc_project\tdc_unified_core\results\b50_7_external_offset\operator_cache\range_051976-052175.npz
347,range_052126-052325,recomputed,4096,74119974,74119973,176.31080389022827,d:\hpc_project\tdc_unified_core\results\b50_7_external_offset\operator_cache\range_052126-052325.npz
348,range_052276-052475,recomputed,4096,74115556,74115555,175.9523468017578,d:\hpc_project\tdc_unified_core\results\b50_7_external_offset\operator_cache\range_052276-052475.npz
349,range_052426-052625,recomputed,4096,74110590,74110589,182.11169981956482,d:\hpc_project\tdc_unified_core\results\b50_7_external_offset\operator_cache\range_052426-052625.npz
350,range_052576-052775,recomputed,4096,74109491,74109490,172.97334361076355,d:\hpc_project\tdc_unified_core\results\b50_7_external_offset\operator_cache\range_052576-052775.npz
351,range_052726-052925,recomputed,4096,74099115,74099114,179.32314586639404,d:\hpc_project\tdc_unified_core\results\b50_7_external_offset\operator_cache\range_052726-052925.npz
352,range_052876-053075,recomputed,4096,74087723,74087722,181.59123730659485,d:\hpc_project\tdc_unified_core\results\b50_7_external_offset\operator_cache\range_052876-053075.npz
353,range_053026-053225,recomputed,4096,74078914,74078913,171.181782245636,d:\hpc_project\tdc_unified_core\results\b50_7_external_offset\operator_cache\range_053026-053225.npz
354,range_053176-053375,recomputed,4096,74074378,74074377,179.35580325126648,d:\hpc_project\tdc_unified_core\results\b50_7_external_offset\operator_cache\range_053176-053375.npz
355,range_053326-053525,recomputed,4096,74062437,74062436,182.06712174415588,d:\hpc_project\tdc_unified_core\results\b50_7_external_offset\operator_cache\range_053326-053525.npz
356,range_053476-053675,recomputed,4096,74058108,74058107,184.0691294670105,d:\hpc_project\tdc_unified_core\results\b50_7_external_offset\operator_cache\range_053476-053675.npz
357,range_053626-053825,recomputed,4096,74054668,74054667,180.60791969299316,d:\hpc_project\tdc_unified_core\results\b50_7_external_offset\operator_cache\range_053626-053825.npz
358,range_053776-053975,recomputed,4096,74036747,74036746,178.9699444770813,d:\hpc_project\tdc_unified_core\results\b50_7_external_offset\operator_cache\range_053776-053975.npz
359,range_053926-054125,recomputed,4096,74029602,74029601,177.33250617980957,d:\hpc_project\tdc_unified_core\results\b50_7_external_offset\operator_cache\range_053926-054125.npz
360,range_054076-054275,recomputed,4096,74024104,74024103,181.4541141986847,d:\hpc_project\tdc_unified_core\results\b50_7_external_offset\operator_cache\range_054076-054275.npz
361,range_054226-054425,recomputed,4096,74011980,74011979,181.3011441230774,d:\hpc_project\tdc_unified_core\results\b50_7_external_offset\operator_cache\range_054226-054425.npz
362,range_054376-054575,recomputed,4096,74014909,74014908,180.77947664260864,d:\hpc_project\tdc_unified_core\results\b50_7_external_offset\operator_cache\range_054376-054575.npz
363,range_054526-054725,recomputed,4096,74001627,74001626,180.3304784297943,d:\hpc_project\tdc_unified_core\results\b50_7_external_offset\operator_cache\range_054526-054725.npz
364,range_054676-054875,recomputed,4096,73989743,73989742,179.21967315673828,d:\hpc_project\tdc_unified_core\results\b50_7_external_offset\operator_cache\range_054676-054875.npz
365,range_054826-055025,recomputed,4096,73985734,73985733,180.02461957931519,d:\hpc_project\tdc_unified_core\results\b50_7_external_offset\operator_cache\range_054826-055025.npz
366,range_054976-055175,recomputed,4096,73979455,73979454,180.54789400100708,d:\hpc_project\tdc_unified_core\results\b50_7_external_offset\operator_cache\range_054976-055175.npz
367,range_055126-055325,recomputed,4096,73973771,73973770,185.68497848510742,d:\hpc_project\tdc_unified_core\results\b50_7_external_offset\operator_cache\range_055126-055325.npz
368,range_055276-055475,recomputed,4096,73965102,73965101,186.60026264190674,d:\hpc_project\tdc_unified_core\results\b50_7_external_offset\operator_cache\range_055276-055475.npz
369,range_055426-055625,recomputed,4096,73958648,73958647,170.22396159172058,d:\hpc_project\tdc_unified_core\results\b50_7_external_offset\operator_cache\range_055426-055625.npz
370,range_055576-055775,recomputed,4096,73953307,73953306,177.77125668525696,d:\hpc_project\tdc_unified_core\results\b50_7_external_offset\operator_cache\range_055576-055775.npz
371,range_055726-055925,recomputed,4096,73941928,73941927,176.27251648902893,d:\hpc_project\tdc_unified_core\results\b50_7_external_offset\operator_cache\range_055726-055925.npz
372,range_055876-056075,recomputed,4096,73935714,73935713,181.51673221588135,d:\hpc_project\tdc_unified_core\results\b50_7_external_offset\operator_cache\range_055876-056075.npz
373,range_056026-056225,recomputed,4096,73932077,73932076,178.0304183959961,d:\hpc_project\tdc_unified_core\results\b50_7_external_offset\operator_cache\range_056026-056225.npz
374,range_056176-056375,recomputed,4096,73917142,73917141,209.5372712612152,d:\hpc_project\tdc_unified_core\results\b50_7_external_offset\operator_cache\range_056176-056375.npz
375,range_056326-056525,recomputed,4096,73910202,73910201,228.04591059684753,d:\hpc_project\tdc_unified_core\results\b50_7_external_offset\operator_cache\range_056326-056525.npz
376,range_056476-056675,recomputed,4096,73905569,73905568,223.199049949646,d:\hpc_project\tdc_unified_core\results\b50_7_external_offset\operator_cache\range_056476-056675.npz
377,range_056626-056825,recomputed,4096,73896477,73896476,227.55189990997314,d:\hpc_project\tdc_unified_core\results\b50_7_external_offset\operator_cache\range_056626-056825.npz
378,range_056776-056975,recomputed,4096,73890363,73890362,230.1515290737152,d:\hpc_project\tdc_unified_core\results\b50_7_external_offset\operator_cache\range_056776-056975.npz
379,range_056926-057125,recomputed,4096,73886719,73886718,234.02808690071106,d:\hpc_project\tdc_unified_core\results\b50_7_external_offset\operator_cache\range_056926-057125.npz
380,range_057076-057275,recomputed,4096,73873140,73873139,229.07994771003723,d:\hpc_project\tdc_unified_core\results\b50_7_external_offset\operator_cache\range_057076-057275.npz
381,range_057226-057425,recomputed,4096,73876466,73876465,230.15425872802734,d:\hpc_project\tdc_unified_core\results\b50_7_external_offset\operator_cache\range_057226-057425.npz
382,range_057376-057575,recomputed,4096,73862572,73862571,231.3213484287262,d:\hpc_project\tdc_unified_core\results\b50_7_external_offset\operator_cache\range_057376-057575.npz
383,range_057526-057725,recomputed,4096,73853456,73853455,233.96405005455017,d:\hpc_project\tdc_unified_core\results\b50_7_external_offset\operator_cache\range_057526-057725.npz
384,range_057676-057875,recomputed,4096,73855128,73855127,230.4567608833313,d:\hpc_project\tdc_unified_core\results\b50_7_external_offset\operator_cache\range_057676-057875.npz
385,range_057826-058025,recomputed,4096,73838228,73838227,232.32290983200073,d:\hpc_project\tdc_unified_core\results\b50_7_external_offset\operator_cache\range_057826-058025.npz
386,range_057976-058175,recomputed,4096,73837555,73837554,229.7714262008667,d:\hpc_project\tdc_unified_core\results\b50_7_external_offset\operator_cache\range_057976-058175.npz
387,range_058126-058325,recomputed,4096,73831595,73831594,225.6784474849701,d:\hpc_project\tdc_unified_core\results\b50_7_external_offset\operator_cache\range_058126-058325.npz
388,range_058276-058475,recomputed,4096,73813775,73813774,233.6086027622223,d:\hpc_project\tdc_unified_core\results\b50_7_external_offset\operator_cache\range_058276-058475.npz
389,range_058426-058625,recomputed,4096,73803408,73803407,233.10870218276978,d:\hpc_project\tdc_unified_core\results\b50_7_external_offset\operator_cache\range_058426-058625.npz
390,range_058576-058775,recomputed,4096,73801092,73801091,232.9344298839569,d:\hpc_project\tdc_unified_core\results\b50_7_external_offset\operator_cache\range_058576-058775.npz
391,range_058726-058925,recomputed,4096,73802294,73802293,227.96839022636414,d:\hpc_project\tdc_unified_core\results\b50_7_external_offset\operator_cache\range_058726-058925.npz
392,range_058876-059075,recomputed,4096,73793713,73793712,224.4533441066742,d:\hpc_project\tdc_unified_core\results\b50_7_external_offset\operator_cache\range_058876-059075.npz
393,range_059026-059225,recomputed,4096,73788932,73788931,223.47017407417297,d:\hpc_project\tdc_unified_core\results\b50_7_external_offset\operator_cache\range_059026-059225.npz
394,range_059176-059375,recomputed,4096,73777774,73777773,231.05705857276917,d:\hpc_project\tdc_unified_core\results\b50_7_external_offset\operator_cache\range_059176-059375.npz
395,range_059326-059525,recomputed,4096,73768217,73768216,227.20820569992065,d:\hpc_project\tdc_unified_core\results\b50_7_external_offset\operator_cache\range_059326-059525.npz
396,range_059476-059675,recomputed,4096,73769299,73769298,224.64091968536377,d:\hpc_project\tdc_unified_core\results\b50_7_external_offset\operator_cache\range_059476-059675.npz
397,range_059626-059825,recomputed,4096,73757861,73757860,226.35595083236694,d:\hpc_project\tdc_unified_core\results\b50_7_external_offset\operator_cache\range_059626-059825.npz
398,range_059776-059975,recomputed,4096,73752462,73752461,222.5939815044403,d:\hpc_project\tdc_unified_core\results\b50_7_external_offset\operator_cache\range_059776-059975.npz
399,range_059926-060125,recomputed,4096,73749157,73749156,231.81944942474365,d:\hpc_project\tdc_unified_core\results\b50_7_external_offset\operator_cache\range_059926-060125.npz
400,range_060076-060275,recomputed,4096,73737407,73737406,233.66374611854553,d:\hpc_project\tdc_unified_core\results\b50_7_external_offset\operator_cache\range_060076-060275.npz
401,range_060226-060425,recomputed,4096,73729013,73729012,226.37507510185242,d:\hpc_project\tdc_unified_core\results\b50_7_external_offset\operator_cache\range_060226-060425.npz
402,range_060376-060575,recomputed,4096,73726850,73726849,232.71931433677673,d:\hpc_project\tdc_unified_core\results\b50_7_external_offset\operator_cache\range_060376-060575.npz
403,range_060526-060725,recomputed,4096,73719488,73719487,232.10185146331787,d:\hpc_project\tdc_unified_core\results\b50_7_external_offset\operator_cache\range_060526-060725.npz
404,range_060676-060875,recomputed,4096,73703786,73703785,237.74130487442017,d:\hpc_project\tdc_unified_core\results\b50_7_external_offset\operator_cache\range_060676-060875.npz
405,range_060826-061025,recomputed,4096,73701819,73701818,232.53110003471375,d:\hpc_project\tdc_unified_core\results\b50_7_external_offset\operator_cache\range_060826-061025.npz
406,range_060976-061175,recomputed,4096,73698656,73698655,228.11633896827698,d:\hpc_project\tdc_unified_core\results\b50_7_external_offset\operator_cache\range_060976-061175.npz
407,range_061126-061325,recomputed,4096,73688983,73688982,221.55658292770386,d:\hpc_project\tdc_unified_core\results\b50_7_external_offset\operator_cache\range_061126-061325.npz
408,range_061276-061475,recomputed,4096,73684662,73684661,232.8602740764618,d:\hpc_project\tdc_unified_core\results\b50_7_external_offset\operator_cache\range_061276-061475.npz
409,range_061426-061625,recomputed,4096,73676517,73676516,233.7239329814911,d:\hpc_project\tdc_unified_core\results\b50_7_external_offset\operator_cache\range_061426-061625.npz
410,range_061576-061775,recomputed,4096,73673722,73673721,225.46769905090332,d:\hpc_project\tdc_unified_core\results\b50_7_external_offset\operator_cache\range_061576-061775.npz
411,range_061726-061925,recomputed,4096,73665083,73665082,227.28732323646545,d:\hpc_project\tdc_unified_core\results\b50_7_external_offset\operator_cache\range_061726-061925.npz
412,range_061876-062075,recomputed,4096,73657709,73657708,227.66564559936523,d:\hpc_project\tdc_unified_core\results\b50_7_external_offset\operator_cache\range_061876-062075.npz
413,range_062026-062225,recomputed,4096,73651529,73651528,229.4086194038391,d:\hpc_project\tdc_unified_core\results\b50_7_external_offset\operator_cache\range_062026-062225.npz
414,range_062176-062375,recomputed,4096,73639335,73639334,229.8704571723938,d:\hpc_project\tdc_unified_core\results\b50_7_external_offset\operator_cache\range_062176-062375.npz
415,range_062326-062525,recomputed,4096,73640881,73640880,233.71692299842834,d:\hpc_project\tdc_unified_core\results\b50_7_external_offset\operator_cache\range_062326-062525.npz
416,range_062476-062675,recomputed,4096,73629571,73629570,227.72410798072815,d:\hpc_project\tdc_unified_core\results\b50_7_external_offset\operator_cache\range_062476-062675.npz
417,range_062626-062825,recomputed,4096,73624951,73624950,226.1512734889984,d:\hpc_project\tdc_unified_core\results\b50_7_external_offset\operator_cache\range_062626-062825.npz
418,range_062776-062975,recomputed,4096,73620591,73620590,228.99058151245117,d:\hpc_project\tdc_unified_core\results\b50_7_external_offset\operator_cache\range_062776-062975.npz
419,range_062926-063125,recomputed,4096,73610602,73610601,225.1788136959076,d:\hpc_project\tdc_unified_core\results\b50_7_external_offset\operator_cache\range_062926-063125.npz
420,range_063076-063275,recomputed,4096,73611863,73611862,230.2295663356781,d:\hpc_project\tdc_unified_core\results\b50_7_external_offset\operator_cache\range_063076-063275.npz
421,range_063226-063425,recomputed,4096,73601094,73601093,230.15082454681396,d:\hpc_project\tdc_unified_core\results\b50_7_external_offset\operator_cache\range_063226-063425.npz
422,range_063376-063575,recomputed,4096,73591051,73591050,234.43038296699524,d:\hpc_project\tdc_unified_core\results\b50_7_external_offset\operator_cache\range_063376-063575.npz
423,range_063526-063725,recomputed,4096,73583927,73583926,229.23521184921265,d:\hpc_project\tdc_unified_core\results\b50_7_external_offset\operator_cache\range_063526-063725.npz
424,range_063676-063875,recomputed,4096,73576071,73576070,229.7263834476471,d:\hpc_project\tdc_unified_core\results\b50_7_external_offset\operator_cache\range_063676-063875.npz
425,range_063826-064025,recomputed,4096,73573783,73573782,228.32654356956482,d:\hpc_project\tdc_unified_core\results\b50_7_external_offset\operator_cache\range_063826-064025.npz
426,range_063976-064175,recomputed,4096,73570668,73570667,227.28866863250732,d:\hpc_project\tdc_unified_core\results\b50_7_external_offset\operator_cache\range_063976-064175.npz
427,range_064126-064325,recomputed,4096,73564272,73564271,233.48985934257507,d:\hpc_project\tdc_unified_core\results\b50_7_external_offset\operator_cache\range_064126-064325.npz
428,range_064276-064475,recomputed,4096,73557271,73557270,228.33934998512268,d:\hpc_project\tdc_unified_core\results\b50_7_external_offset\operator_cache\range_064276-064475.npz
429,range_064426-064625,recomputed,4096,73546124,73546123,225.95760989189148,d:\hpc_project\tdc_unified_core\results\b50_7_external_offset\operator_cache\range_064426-064625.npz
430,range_064576-064775,recomputed,4096,73539363,73539362,227.50173234939575,d:\hpc_project\tdc_unified_core\results\b50_7_external_offset\operator_cache\range_064576-064775.npz
431,range_064726-064925,recomputed,4096,73533051,73533050,236.51631832122803,d:\hpc_project\tdc_unified_core\results\b50_7_external_offset\operator_cache\range_064726-064925.npz
432,range_064876-065075,recomputed,4096,73530111,73530110,222.40193367004395,d:\hpc_project\tdc_unified_core\results\b50_7_external_offset\operator_cache\range_064876-065075.npz
433,range_065026-065225,recomputed,4096,73526424,73526423,233.79271030426025,d:\hpc_project\tdc_unified_core\results\b50_7_external_offset\operator_cache\range_065026-065225.npz
434,range_065176-065375,recomputed,4096,73519677,73519676,225.22068166732788,d:\hpc_project\tdc_unified_core\results\b50_7_external_offset\operator_cache\range_065176-065375.npz
435,range_065326-065525,recomputed,4096,73510998,73510997,233.68398904800415,d:\hpc_project\tdc_unified_core\results\b50_7_external_offset\operator_cache\range_065326-065525.npz
436,range_065476-065675,recomputed,4096,73499468,73499467,226.79699087142944,d:\hpc_project\tdc_unified_core\results\b50_7_external_offset\operator_cache\range_065476-065675.npz
437,range_065626-065825,recomputed,4096,73500198,73500197,232.6851782798767,d:\hpc_project\tdc_unified_core\results\b50_7_external_offset\operator_cache\range_065626-065825.npz
438,range_065776-065975,recomputed,4096,73486344,73486343,237.64923548698425,d:\hpc_project\tdc_unified_core\results\b50_7_external_offset\operator_cache\range_065776-065975.npz
439,range_065926-066125,recomputed,4096,73484228,73484227,221.57918763160706,d:\hpc_project\tdc_unified_core\results\b50_7_external_offset\operator_cache\range_065926-066125.npz
440,range_066076-066275,recomputed,4096,73482062,73482061,228.5302062034607,d:\hpc_project\tdc_unified_core\results\b50_7_external_offset\operator_cache\range_066076-066275.npz
441,range_066226-066425,recomputed,4096,73475648,73475647,227.94482564926147,d:\hpc_project\tdc_unified_core\results\b50_7_external_offset\operator_cache\range_066226-066425.npz
442,range_066376-066575,recomputed,4096,73470421,73470420,226.16699051856995,d:\hpc_project\tdc_unified_core\results\b50_7_external_offset\operator_cache\range_066376-066575.npz
443,range_066526-066725,recomputed,4096,73461026,73461025,225.58172082901,d:\hpc_project\tdc_unified_core\results\b50_7_external_offset\operator_cache\range_066526-066725.npz
444,range_066676-066875,recomputed,4096,73454205,73454204,236.49143719673157,d:\hpc_project\tdc_unified_core\results\b50_7_external_offset\operator_cache\range_066676-066875.npz
445,range_066826-067025,recomputed,4096,73448172,73448171,229.6033742427826,d:\hpc_project\tdc_unified_core\results\b50_7_external_offset\operator_cache\range_066826-067025.npz
446,range_066976-067175,recomputed,4096,73443479,73443478,230.33356738090515,d:\hpc_project\tdc_unified_core\results\b50_7_external_offset\operator_cache\range_066976-067175.npz
447,range_067126-067325,recomputed,4096,73435967,73435966,229.7253074645996,d:\hpc_project\tdc_unified_core\results\b50_7_external_offset\operator_cache\range_067126-067325.npz
448,range_067276-067475,recomputed,4096,73436978,73436977,230.77132725715637,d:\hpc_project\tdc_unified_core\results\b50_7_external_offset\operator_cache\range_067276-067475.npz
449,range_067426-067625,recomputed,4096,73422229,73422228,229.14881372451782,d:\hpc_project\tdc_unified_core\results\b50_7_external_offset\operator_cache\range_067426-067625.npz
450,range_067576-067775,recomputed,4096,73423112,73423111,227.78910732269287,d:\hpc_project\tdc_unified_core\results\b50_7_external_offset\operator_cache\range_067576-067775.npz
451,range_067726-067925,recomputed,4096,73418366,73418365,237.762943983078,d:\hpc_project\tdc_unified_core\results\b50_7_external_offset\operator_cache\range_067726-067925.npz
452,range_067876-068075,recomputed,4096,73401919,73401918,230.62331199645996,d:\hpc_project\tdc_unified_core\results\b50_7_external_offset\operator_cache\range_067876-068075.npz
453,range_068026-068225,recomputed,4096,73399321,73399320,224.26293110847473,d:\hpc_project\tdc_unified_core\results\b50_7_external_offset\operator_cache\range_068026-068225.npz
454,range_068176-068375,recomputed,4096,73395101,73395100,229.2995047569275,d:\hpc_project\tdc_unified_core\results\b50_7_external_offset\operator_cache\range_068176-068375.npz
455,range_068326-068525,recomputed,4096,73384090,73384089,227.05406546592712,d:\hpc_project\tdc_unified_core\results\b50_7_external_offset\operator_cache\range_068326-068525.npz
456,range_068476-068675,recomputed,4096,73384079,73384078,231.01454544067383,d:\hpc_project\tdc_unified_core\results\b50_7_external_offset\operator_cache\range_068476-068675.npz
457,range_068626-068825,recomputed,4096,73377546,73377545,232.15889620780945,d:\hpc_project\tdc_unified_core\results\b50_7_external_offset\operator_cache\range_068626-068825.npz
458,range_068776-068975,recomputed,4096,73373377,73373376,228.80018734931946,d:\hpc_project\tdc_unified_core\results\b50_7_external_offset\operator_cache\range_068776-068975.npz
459,range_068926-069125,recomputed,4096,73372668,73372667,233.66717743873596,d:\hpc_project\tdc_unified_core\results\b50_7_external_offset\operator_cache\range_068926-069125.npz
460,range_069076-069275,recomputed,4096,73365543,73365542,223.07955694198608,d:\hpc_project\tdc_unified_core\results\b50_7_external_offset\operator_cache\range_069076-069275.npz
461,range_069226-069425,recomputed,4096,73350720,73350719,225.49897074699402,d:\hpc_project\tdc_unified_core\results\b50_7_external_offset\operator_cache\range_069226-069425.npz
462,range_069376-069575,recomputed,4096,73347922,73347921,228.89376640319824,d:\hpc_project\tdc_unified_core\results\b50_7_external_offset\operator_cache\range_069376-069575.npz
463,range_069526-069725,recomputed,4096,73339236,73339235,226.090651512146,d:\hpc_project\tdc_unified_core\results\b50_7_external_offset\operator_cache\range_069526-069725.npz
464,range_069676-069875,recomputed,4096,73338797,73338796,227.71326327323914,d:\hpc_project\tdc_unified_core\results\b50_7_external_offset\operator_cache\range_069676-069875.npz
465,range_069826-070025,recomputed,4096,73330884,73330883,228.09156441688538,d:\hpc_project\tdc_unified_core\results\b50_7_external_offset\operator_cache\range_069826-070025.npz
466,range_069976-070175,recomputed,4096,73328124,73328123,223.51024413108826,d:\hpc_project\tdc_unified_core\results\b50_7_external_offset\operator_cache\range_069976-070175.npz
467,range_070126-070325,recomputed,4096,73321276,73321275,236.2327709197998,d:\hpc_project\tdc_unified_core\results\b50_7_external_offset\operator_cache\range_070126-070325.npz
468,range_070276-070475,recomputed,4096,73315705,73315704,221.9818000793457,d:\hpc_project\tdc_unified_core\results\b50_7_external_offset\operator_cache\range_070276-070475.npz
469,range_070426-070625,recomputed,4096,73307912,73307911,226.9705822467804,d:\hpc_project\tdc_unified_core\results\b50_7_external_offset\operator_cache\range_070426-070625.npz
470,range_070576-070775,recomputed,4096,73296139,73296138,220.85617089271545,d:\hpc_project\tdc_unified_core\results\b50_7_external_offset\operator_cache\range_070576-070775.npz
471,range_070726-070925,recomputed,4096,73296667,73296666,228.7889940738678,d:\hpc_project\tdc_unified_core\results\b50_7_external_offset\operator_cache\range_070726-070925.npz
472,range_070876-071075,recomputed,4096,73286253,73286252,232.65220093727112,d:\hpc_project\tdc_unified_core\results\b50_7_external_offset\operator_cache\range_070876-071075.npz
473,range_071026-071225,recomputed,4096,73279739,73279738,227.7943572998047,d:\hpc_project\tdc_unified_core\results\b50_7_external_offset\operator_cache\range_071026-071225.npz
474,range_071176-071375,recomputed,4096,73279992,73279991,227.91079378128052,d:\hpc_project\tdc_unified_core\results\b50_7_external_offset\operator_cache\range_071176-071375.npz
475,range_071326-071525,recomputed,4096,73278256,73278255,229.71817207336426,d:\hpc_project\tdc_unified_core\results\b50_7_external_offset\operator_cache\range_071326-071525.npz
476,range_071476-071675,recomputed,4096,73265449,73265448,226.3769497871399,d:\hpc_project\tdc_unified_core\results\b50_7_external_offset\operator_cache\range_071476-071675.npz
477,range_071626-071825,recomputed,4096,73265888,73265887,226.58514714241028,d:\hpc_project\tdc_unified_core\results\b50_7_external_offset\operator_cache\range_071626-071825.npz
478,range_071776-071975,recomputed,4096,73259156,73259155,223.94949913024902,d:\hpc_project\tdc_unified_core\results\b50_7_external_offset\operator_cache\range_071776-071975.npz
479,range_071926-072125,recomputed,4096,73253011,73253010,226.9942078590393,d:\hpc_project\tdc_unified_core\results\b50_7_external_offset\operator_cache\range_071926-072125.npz
480,range_072076-072275,recomputed,4096,73251226,73251225,233.28842854499817,d:\hpc_project\tdc_unified_core\results\b50_7_external_offset\operator_cache\range_072076-072275.npz
481,range_072226-072425,recomputed,4096,73243501,73243500,226.80494475364685,d:\hpc_project\tdc_unified_core\results\b50_7_external_offset\operator_cache\range_072226-072425.npz
482,range_072376-072575,recomputed,4096,73234448,73234447,221.07937240600586,d:\hpc_project\tdc_unified_core\results\b50_7_external_offset\operator_cache\range_072376-072575.npz
483,range_072526-072725,recomputed,4096,73228201,73228200,232.37371063232422,d:\hpc_project\tdc_unified_core\results\b50_7_external_offset\operator_cache\range_072526-072725.npz
484,range_072676-072875,recomputed,4096,73229687,73229686,221.70207118988037,d:\hpc_project\tdc_unified_core\results\b50_7_external_offset\operator_cache\range_072676-072875.npz
485,range_072826-073025,recomputed,4096,73221841,73221840,223.45546197891235,d:\hpc_project\tdc_unified_core\results\b50_7_external_offset\operator_cache\range_072826-073025.npz
486,range_072976-073175,recomputed,4096,73212957,73212956,225.3479642868042,d:\hpc_project\tdc_unified_core\results\b50_7_external_offset\operator_cache\range_072976-073175.npz
487,range_073126-073325,recomputed,4096,73205800,73205799,221.94037747383118,d:\hpc_project\tdc_unified_core\results\b50_7_external_offset\operator_cache\range_073126-073325.npz
488,range_073276-073475,recomputed,4096,73200492,73200491,224.19060468673706,d:\hpc_project\tdc_unified_core\results\b50_7_external_offset\operator_cache\range_073276-073475.npz
489,range_073426-073625,recomputed,4096,73198827,73198826,221.67022728919983,d:\hpc_project\tdc_unified_core\results\b50_7_external_offset\operator_cache\range_073426-073625.npz
490,range_073576-073775,recomputed,4096,73191531,73191530,234.7120840549469,d:\hpc_project\tdc_unified_core\results\b50_7_external_offset\operator_cache\range_073576-073775.npz
491,range_073726-073925,recomputed,4096,73187966,73187965,225.07573056221008,d:\hpc_project\tdc_unified_core\results\b50_7_external_offset\operator_cache\range_073726-073925.npz
492,range_073876-074075,recomputed,4096,73179535,73179534,230.0557782649994,d:\hpc_project\tdc_unified_core\results\b50_7_external_offset\operator_cache\range_073876-074075.npz
493,range_074026-074225,recomputed,4096,73178410,73178409,226.4665777683258,d:\hpc_project\tdc_unified_core\results\b50_7_external_offset\operator_cache\range_074026-074225.npz
494,range_074176-074375,recomputed,4096,73175825,73175824,227.30671381950378,d:\hpc_project\tdc_unified_core\results\b50_7_external_offset\operator_cache\range_074176-074375.npz
495,range_074326-074525,recomputed,4096,73160326,73160325,226.6250660419464,d:\hpc_project\tdc_unified_core\results\b50_7_external_offset\operator_cache\range_074326-074525.npz
496,range_074476-074675,recomputed,4096,73163160,73163159,222.41422605514526,d:\hpc_project\tdc_unified_core\results\b50_7_external_offset\operator_cache\range_074476-074675.npz
497,range_074626-074825,recomputed,4096,73153620,73153619,223.45429921150208,d:\hpc_project\tdc_unified_core\results\b50_7_external_offset\operator_cache\range_074626-074825.npz
498,range_074776-074975,recomputed,4096,73151307,73151306,226.83344507217407,d:\hpc_project\tdc_unified_core\results\b50_7_external_offset\operator_cache\range_074776-074975.npz
499,range_074926-075125,recomputed,4096,73143381,73143380,222.9743251800537,d:\hpc_project\tdc_unified_core\results\b50_7_external_offset\operator_cache\range_074926-075125.npz
500,range_075076-075275,recomputed,4096,73137782,73137781,234.02318167686462,d:\hpc_project\tdc_unified_core\results\b50_7_external_offset\operator_cache\range_075076-075275.npz
501,range_075226-075425,recomputed,4096,73128477,73128476,223.3774402141571,d:\hpc_project\tdc_unified_core\results\b50_7_external_offset\operator_cache\range_075226-075425.npz
502,range_075376-075575,recomputed,4096,73127592,73127591,225.12910437583923,d:\hpc_project\tdc_unified_core\results\b50_7_external_offset\operator_cache\range_075376-075575.npz
503,range_075526-075725,recomputed,4096,73120045,73120044,222.06665515899658,d:\hpc_project\tdc_unified_core\results\b50_7_external_offset\operator_cache\range_075526-075725.npz
504,range_075676-075875,recomputed,4096,73116994,73116993,226.64461040496826,d:\hpc_project\tdc_unified_core\results\b50_7_external_offset\operator_cache\range_075676-075875.npz
505,range_075826-076025,recomputed,4096,73108980,73108979,225.22505712509155,d:\hpc_project\tdc_unified_core\results\b50_7_external_offset\operator_cache\range_075826-076025.npz
506,range_075976-076175,recomputed,4096,73109178,73109177,224.44707250595093,d:\hpc_project\tdc_unified_core\results\b50_7_external_offset\operator_cache\range_075976-076175.npz
507,range_076126-076325,recomputed,4096,73097907,73097906,223.16042304039001,d:\hpc_project\tdc_unified_core\results\b50_7_external_offset\operator_cache\range_076126-076325.npz
508,range_076276-076475,recomputed,4096,73093259,73093258,221.20098686218262,d:\hpc_project\tdc_unified_core\results\b50_7_external_offset\operator_cache\range_076276-076475.npz
509,range_076426-076625,recomputed,4096,73090258,73090257,224.53627133369446,d:\hpc_project\tdc_unified_core\results\b50_7_external_offset\operator_cache\range_076426-076625.npz
510,range_076576-076775,recomputed,4096,73086725,73086724,223.63810300827026,d:\hpc_project\tdc_unified_core\results\b50_7_external_offset\operator_cache\range_076576-076775.npz
511,range_076726-076925,recomputed,4096,73084573,73084572,234.4834487438202,d:\hpc_project\tdc_unified_core\results\b50_7_external_offset\operator_cache\range_076726-076925.npz
512,range_076876-077075,recomputed,4096,73075731,73075730,224.06307768821716,d:\hpc_project\tdc_unified_core\results\b50_7_external_offset\operator_cache\range_076876-077075.npz
513,range_077026-077225,recomputed,4096,73072853,73072852,232.4790244102478,d:\hpc_project\tdc_unified_core\results\b50_7_external_offset\operator_cache\range_077026-077225.npz
514,range_077176-077375,recomputed,4096,73065319,73065318,224.97076320648193,d:\hpc_project\tdc_unified_core\results\b50_7_external_offset\operator_cache\range_077176-077375.npz
515,range_077326-077525,recomputed,4096,73057447,73057446,222.24868059158325,d:\hpc_project\tdc_unified_core\results\b50_7_external_offset\operator_cache\range_077326-077525.npz
516,range_077476-077675,recomputed,4096,73052195,73052194,225.57012796401978,d:\hpc_project\tdc_unified_core\results\b50_7_external_offset\operator_cache\range_077476-077675.npz
517,range_077626-077825,recomputed,4096,73051928,73051927,226.63674330711365,d:\hpc_project\tdc_unified_core\results\b50_7_external_offset\operator_cache\range_077626-077825.npz
518,range_077776-077975,recomputed,4096,73046661,73046660,222.06264638900757,d:\hpc_project\tdc_unified_core\results\b50_7_external_offset\operator_cache\range_077776-077975.npz
519,range_077926-078125,recomputed,4096,73040555,73040554,233.64014172554016,d:\hpc_project\tdc_unified_core\results\b50_7_external_offset\operator_cache\range_077926-078125.npz
520,range_078076-078275,recomputed,4096,73031921,73031920,229.64585328102112,d:\hpc_project\tdc_unified_core\results\b50_7_external_offset\operator_cache\range_078076-078275.npz
521,range_078226-078425,recomputed,4096,73024089,73024088,225.76958227157593,d:\hpc_project\tdc_unified_core\results\b50_7_external_offset\operator_cache\range_078226-078425.npz
522,range_078376-078575,recomputed,4096,73014948,73014947,233.98695635795593,d:\hpc_project\tdc_unified_core\results\b50_7_external_offset\operator_cache\range_078376-078575.npz
523,range_078526-078725,recomputed,4096,73016999,73016998,230.42505621910095,d:\hpc_project\tdc_unified_core\results\b50_7_external_offset\operator_cache\range_078526-078725.npz
524,range_078676-078875,recomputed,4096,73012626,73012625,227.97017741203308,d:\hpc_project\tdc_unified_core\results\b50_7_external_offset\operator_cache\range_078676-078875.npz
525,range_078826-079025,recomputed,4096,73002583,73002582,232.6919412612915,d:\hpc_project\tdc_unified_core\results\b50_7_external_offset\operator_cache\range_078826-079025.npz
526,range_078976-079175,recomputed,4096,73003636,73003635,246.9358241558075,d:\hpc_project\tdc_unified_core\results\b50_7_external_offset\operator_cache\range_078976-079175.npz
527,range_079126-079325,recomputed,4096,73000226,73000225,232.77791452407837,d:\hpc_project\tdc_unified_core\results\b50_7_external_offset\operator_cache\range_079126-079325.npz
528,range_079276-079475,recomputed,4096,72992411,72992410,218.59327483177185,d:\hpc_project\tdc_unified_core\results\b50_7_external_offset\operator_cache\range_079276-079475.npz
529,range_079426-079625,recomputed,4096,72983581,72983580,222.21152019500732,d:\hpc_project\tdc_unified_core\results\b50_7_external_offset\operator_cache\range_079426-079625.npz
530,range_079576-079775,recomputed,4096,72984403,72984402,224.52204656600952,d:\hpc_project\tdc_unified_core\results\b50_7_external_offset\operator_cache\range_079576-079775.npz
531,range_079726-079925,recomputed,4096,72970439,72970438,229.43683242797852,d:\hpc_project\tdc_unified_core\results\b50_7_external_offset\operator_cache\range_079726-079925.npz
532,range_079876-080075,recomputed,4096,72976093,72976092,238.92936372756958,d:\hpc_project\tdc_unified_core\results\b50_7_external_offset\operator_cache\range_079876-080075.npz
533,range_080026-080225,recomputed,4096,72964888,72964887,218.8143002986908,d:\hpc_project\tdc_unified_core\results\b50_7_external_offset\operator_cache\range_080026-080225.npz
534,range_080176-080375,recomputed,4096,72957179,72957178,227.30644059181213,d:\hpc_project\tdc_unified_core\results\b50_7_external_offset\operator_cache\range_080176-080375.npz
535,range_080326-080525,recomputed,4096,72959796,72959795,224.11363220214844,d:\hpc_project\tdc_unified_core\results\b50_7_external_offset\operator_cache\range_080326-080525.npz
536,range_080476-080675,recomputed,4096,72957808,72957807,229.1738097667694,d:\hpc_project\tdc_unified_core\results\b50_7_external_offset\operator_cache\range_080476-080675.npz
537,range_080626-080825,recomputed,4096,72947138,72947137,229.09373331069946,d:\hpc_project\tdc_unified_core\results\b50_7_external_offset\operator_cache\range_080626-080825.npz
538,range_080776-080975,recomputed,4096,72944798,72944797,222.78855752944946,d:\hpc_project\tdc_unified_core\results\b50_7_external_offset\operator_cache\range_080776-080975.npz
539,range_080926-081125,recomputed,4096,72942077,72942076,220.4589056968689,d:\hpc_project\tdc_unified_core\results\b50_7_external_offset\operator_cache\range_080926-081125.npz
540,range_081076-081275,recomputed,4096,72934090,72934089,226.64799904823303,d:\hpc_project\tdc_unified_core\results\b50_7_external_offset\operator_cache\range_081076-081275.npz
541,range_081226-081425,recomputed,4096,72930216,72930215,224.77206420898438,d:\hpc_project\tdc_unified_core\results\b50_7_external_offset\operator_cache\range_081226-081425.npz
542,range_081376-081575,recomputed,4096,72920938,72920937,226.36446142196655,d:\hpc_project\tdc_unified_core\results\b50_7_external_offset\operator_cache\range_081376-081575.npz
543,range_081526-081725,recomputed,4096,72917740,72917739,225.21874499320984,d:\hpc_project\tdc_unified_core\results\b50_7_external_offset\operator_cache\range_081526-081725.npz
544,range_081676-081875,recomputed,4096,72917079,72917078,226.64971137046814,d:\hpc_project\tdc_unified_core\results\b50_7_external_offset\operator_cache\range_081676-081875.npz
545,range_081826-082025,recomputed,4096,72908562,72908561,222.93789982795715,d:\hpc_project\tdc_unified_core\results\b50_7_external_offset\operator_cache\range_081826-082025.npz
546,range_081976-082175,recomputed,4096,72903485,72903484,222.9954013824463,d:\hpc_project\tdc_unified_core\results\b50_7_external_offset\operator_cache\range_081976-082175.npz
547,range_082126-082325,recomputed,4096,72893345,72893344,227.9144160747528,d:\hpc_project\tdc_unified_core\results\b50_7_external_offset\operator_cache\range_082126-082325.npz
548,range_082276-082475,recomputed,4096,72889604,72889603,224.04953813552856,d:\hpc_project\tdc_unified_core\results\b50_7_external_offset\operator_cache\range_082276-082475.npz
549,range_082426-082625,recomputed,4096,72888671,72888670,227.13344645500183,d:\hpc_project\tdc_unified_core\results\b50_7_external_offset\operator_cache\range_082426-082625.npz
550,range_082576-082775,recomputed,4096,72888330,72888329,233.108877658844,d:\hpc_project\tdc_unified_core\results\b50_7_external_offset\operator_cache\range_082576-082775.npz
551,range_082726-082925,recomputed,4096,72874661,72874660,229.26170229911804,d:\hpc_project\tdc_unified_core\results\b50_7_external_offset\operator_cache\range_082726-082925.npz
552,range_082876-083075,recomputed,4096,72873482,72873481,224.541508436203,d:\hpc_project\tdc_unified_core\results\b50_7_external_offset\operator_cache\range_082876-083075.npz
553,range_083026-083225,recomputed,4096,72868083,72868082,223.49206018447876,d:\hpc_project\tdc_unified_core\results\b50_7_external_offset\operator_cache\range_083026-083225.npz
554,range_083176-083375,recomputed,4096,72862110,72862109,226.58395385742188,d:\hpc_project\tdc_unified_core\results\b50_7_external_offset\operator_cache\range_083176-083375.npz
555,range_083326-083525,recomputed,4096,72860769,72860768,226.44964408874512,d:\hpc_project\tdc_unified_core\results\b50_7_external_offset\operator_cache\range_083326-083525.npz
556,range_083476-083675,recomputed,4096,72854515,72854514,224.11979222297668,d:\hpc_project\tdc_unified_core\results\b50_7_external_offset\operator_cache\range_083476-083675.npz
557,range_083626-083825,recomputed,4096,72855305,72855304,230.0280442237854,d:\hpc_project\tdc_unified_core\results\b50_7_external_offset\operator_cache\range_083626-083825.npz
558,range_083776-083975,recomputed,4096,72843354,72843353,223.90868020057678,d:\hpc_project\tdc_unified_core\results\b50_7_external_offset\operator_cache\range_083776-083975.npz
559,range_083926-084125,recomputed,4096,72834027,72834026,225.0503408908844,d:\hpc_project\tdc_unified_core\results\b50_7_external_offset\operator_cache\range_083926-084125.npz
560,range_084076-084275,recomputed,4096,72839869,72839868,226.3854341506958,d:\hpc_project\tdc_unified_core\results\b50_7_external_offset\operator_cache\range_084076-084275.npz
561,range_084226-084425,recomputed,4096,72829442,72829441,224.12220692634583,d:\hpc_project\tdc_unified_core\results\b50_7_external_offset\operator_cache\range_084226-084425.npz
562,range_084376-084575,recomputed,4096,72822488,72822487,233.81803607940674,d:\hpc_project\tdc_unified_core\results\b50_7_external_offset\operator_cache\range_084376-084575.npz
563,range_084526-084725,recomputed,4096,72821053,72821052,230.07353949546814,d:\hpc_project\tdc_unified_core\results\b50_7_external_offset\operator_cache\range_084526-084725.npz
564,range_084676-084875,recomputed,4096,72815940,72815939,224.2512183189392,d:\hpc_project\tdc_unified_core\results\b50_7_external_offset\operator_cache\range_084676-084875.npz
565,range_084826-085025,recomputed,4096,72814811,72814810,225.9258041381836,d:\hpc_project\tdc_unified_core\results\b50_7_external_offset\operator_cache\range_084826-085025.npz
566,range_084976-085175,recomputed,4096,72808670,72808669,225.5400459766388,d:\hpc_project\tdc_unified_core\results\b50_7_external_offset\operator_cache\range_084976-085175.npz
567,range_085126-085325,recomputed,4096,72802422,72802421,234.33692240715027,d:\hpc_project\tdc_unified_core\results\b50_7_external_offset\operator_cache\range_085126-085325.npz
568,range_085276-085475,recomputed,4096,72793696,72793695,235.26159119606018,d:\hpc_project\tdc_unified_core\results\b50_7_external_offset\operator_cache\range_085276-085475.npz
569,range_085426-085625,recomputed,4096,72792766,72792765,223.54897093772888,d:\hpc_project\tdc_unified_core\results\b50_7_external_offset\operator_cache\range_085426-085625.npz
570,range_085576-085775,recomputed,4096,72791480,72791479,229.9771990776062,d:\hpc_project\tdc_unified_core\results\b50_7_external_offset\operator_cache\range_085576-085775.npz
571,range_085726-085925,recomputed,4096,72790733,72790732,232.02306866645813,d:\hpc_project\tdc_unified_core\results\b50_7_external_offset\operator_cache\range_085726-085925.npz
572,range_085876-086075,recomputed,4096,72778593,72778592,221.55281615257263,d:\hpc_project\tdc_unified_core\results\b50_7_external_offset\operator_cache\range_085876-086075.npz
573,range_086026-086225,recomputed,4096,72769034,72769033,231.4717481136322,d:\hpc_project\tdc_unified_core\results\b50_7_external_offset\operator_cache\range_086026-086225.npz
574,range_086176-086375,recomputed,4096,72762059,72762058,219.91757893562317,d:\hpc_project\tdc_unified_core\results\b50_7_external_offset\operator_cache\range_086176-086375.npz
575,range_086326-086525,recomputed,4096,72775397,72775396,221.5286648273468,d:\hpc_project\tdc_unified_core\results\b50_7_external_offset\operator_cache\range_086326-086525.npz
576,range_086476-086675,recomputed,4096,72762621,72762620,220.07991981506348,d:\hpc_project\tdc_unified_core\results\b50_7_external_offset\operator_cache\range_086476-086675.npz
577,range_086626-086825,recomputed,4096,72749122,72749121,223.15718579292297,d:\hpc_project\tdc_unified_core\results\b50_7_external_offset\operator_cache\range_086626-086825.npz
578,range_086776-086975,recomputed,4096,72758682,72758681,225.88294887542725,d:\hpc_project\tdc_unified_core\results\b50_7_external_offset\operator_cache\range_086776-086975.npz
579,range_086926-087125,recomputed,4096,72751867,72751866,226.71884870529175,d:\hpc_project\tdc_unified_core\results\b50_7_external_offset\operator_cache\range_086926-087125.npz
580,range_087076-087275,recomputed,4096,72747925,72747924,222.33440351486206,d:\hpc_project\tdc_unified_core\results\b50_7_external_offset\operator_cache\range_087076-087275.npz
581,range_087226-087425,recomputed,4096,72739634,72739633,222.27366137504578,d:\hpc_project\tdc_unified_core\results\b50_7_external_offset\operator_cache\range_087226-087425.npz
582,range_087376-087575,recomputed,4096,72736023,72736022,224.93005347251892,d:\hpc_project\tdc_unified_core\results\b50_7_external_offset\operator_cache\range_087376-087575.npz
583,range_087526-087725,recomputed,4096,72719765,72719764,226.65561652183533,d:\hpc_project\tdc_unified_core\results\b50_7_external_offset\operator_cache\range_087526-087725.npz
584,range_087676-087875,recomputed,4096,72723972,72723971,228.8370876312256,d:\hpc_project\tdc_unified_core\results\b50_7_external_offset\operator_cache\range_087676-087875.npz
585,range_087826-088025,recomputed,4096,72725399,72725398,232.6070032119751,d:\hpc_project\tdc_unified_core\results\b50_7_external_offset\operator_cache\range_087826-088025.npz
586,range_087976-088175,recomputed,4096,72716536,72716535,225.37031078338623,d:\hpc_project\tdc_unified_core\results\b50_7_external_offset\operator_cache\range_087976-088175.npz
587,range_088126-088325,recomputed,4096,72714072,72714071,228.12566256523132,d:\hpc_project\tdc_unified_core\results\b50_7_external_offset\operator_cache\range_088126-088325.npz
588,range_088276-088475,recomputed,4096,72700829,72700828,224.54257607460022,d:\hpc_project\tdc_unified_core\results\b50_7_external_offset\operator_cache\range_088276-088475.npz
589,range_088426-088625,recomputed,4096,72700398,72700397,224.31169199943542,d:\hpc_project\tdc_unified_core\results\b50_7_external_offset\operator_cache\range_088426-088625.npz
590,range_088576-088775,recomputed,4096,72699369,72699368,229.88855600357056,d:\hpc_project\tdc_unified_core\results\b50_7_external_offset\operator_cache\range_088576-088775.npz
591,range_088726-088925,recomputed,4096,72700734,72700733,221.25206184387207,d:\hpc_project\tdc_unified_core\results\b50_7_external_offset\operator_cache\range_088726-088925.npz
592,range_088876-089075,recomputed,4096,72686584,72686583,227.0403962135315,d:\hpc_project\tdc_unified_core\results\b50_7_external_offset\operator_cache\range_088876-089075.npz
593,range_089026-089225,recomputed,4096,72684700,72684699,229.8791286945343,d:\hpc_project\tdc_unified_core\results\b50_7_external_offset\operator_cache\range_089026-089225.npz
594,range_089176-089375,recomputed,4096,72680546,72680545,220.9102635383606,d:\hpc_project\tdc_unified_core\results\b50_7_external_offset\operator_cache\range_089176-089375.npz
595,range_089326-089525,recomputed,4096,72671457,72671456,226.27670097351074,d:\hpc_project\tdc_unified_core\results\b50_7_external_offset\operator_cache\range_089326-089525.npz
596,range_089476-089675,recomputed,4096,72668536,72668535,225.31380605697632,d:\hpc_project\tdc_unified_core\results\b50_7_external_offset\operator_cache\range_089476-089675.npz
597,range_089626-089825,recomputed,4096,72668279,72668278,223.6125648021698,d:\hpc_project\tdc_unified_core\results\b50_7_external_offset\operator_cache\range_089626-089825.npz
598,range_089776-089975,recomputed,4096,72662793,72662792,227.25969052314758,d:\hpc_project\tdc_unified_core\results\b50_7_external_offset\operator_cache\range_089776-089975.npz
599,range_089926-090125,recomputed,4096,72658428,72658427,224.3496527671814,d:\hpc_project\tdc_unified_core\results\b50_7_external_offset\operator_cache\range_089926-090125.npz
600,range_090076-090275,recomputed,4096,72657773,72657772,223.6469373703003,d:\hpc_project\tdc_unified_core\results\b50_7_external_offset\operator_cache\range_090076-090275.npz
601,range_090226-090425,recomputed,4096,72648058,72648057,223.81478595733643,d:\hpc_project\tdc_unified_core\results\b50_7_external_offset\operator_cache\range_090226-090425.npz
602,range_090376-090575,recomputed,4096,72638432,72638431,225.98153519630432,d:\hpc_project\tdc_unified_core\results\b50_7_external_offset\operator_cache\range_090376-090575.npz
603,range_090526-090725,recomputed,4096,72640226,72640225,230.60920476913452,d:\hpc_project\tdc_unified_core\results\b50_7_external_offset\operator_cache\range_090526-090725.npz
604,range_090676-090875,recomputed,4096,72642355,72642354,223.9089822769165,d:\hpc_project\tdc_unified_core\results\b50_7_external_offset\operator_cache\range_090676-090875.npz
605,range_090826-091025,recomputed,4096,72632576,72632575,221.09568524360657,d:\hpc_project\tdc_unified_core\results\b50_7_external_offset\operator_cache\range_090826-091025.npz
606,range_090976-091175,recomputed,4096,72623598,72623597,224.88655495643616,d:\hpc_project\tdc_unified_core\results\b50_7_external_offset\operator_cache\range_090976-091175.npz
607,range_091126-091325,recomputed,4096,72622199,72622198,227.03961086273193,d:\hpc_project\tdc_unified_core\results\b50_7_external_offset\operator_cache\range_091126-091325.npz
608,range_091276-091475,recomputed,4096,72623663,72623662,221.88197684288025,d:\hpc_project\tdc_unified_core\results\b50_7_external_offset\operator_cache\range_091276-091475.npz
609,range_091426-091625,recomputed,4096,72610132,72610131,221.0703752040863,d:\hpc_project\tdc_unified_core\results\b50_7_external_offset\operator_cache\range_091426-091625.npz
610,range_091576-091775,recomputed,4096,72609983,72609982,224.31755876541138,d:\hpc_project\tdc_unified_core\results\b50_7_external_offset\operator_cache\range_091576-091775.npz
611,range_091726-091925,recomputed,4096,72618067,72618066,219.18380331993103,d:\hpc_project\tdc_unified_core\results\b50_7_external_offset\operator_cache\range_091726-091925.npz
612,range_091876-092075,recomputed,4096,72605456,72605455,220.87312150001526,d:\hpc_project\tdc_unified_core\results\b50_7_external_offset\operator_cache\range_091876-092075.npz
613,range_092026-092225,recomputed,4096,72596913,72596912,223.1608748435974,d:\hpc_project\tdc_unified_core\results\b50_7_external_offset\operator_cache\range_092026-092225.npz
614,range_092176-092375,recomputed,4096,72591138,72591137,223.6767294406891,d:\hpc_project\tdc_unified_core\results\b50_7_external_offset\operator_cache\range_092176-092375.npz
615,range_092326-092525,recomputed,4096,72583952,72583951,221.9463427066803,d:\hpc_project\tdc_unified_core\results\b50_7_external_offset\operator_cache\range_092326-092525.npz
616,range_092476-092675,recomputed,4096,72586828,72586827,221.00974869728088,d:\hpc_project\tdc_unified_core\results\b50_7_external_offset\operator_cache\range_092476-092675.npz
617,range_092626-092825,recomputed,4096,72577922,72577921,220.50299048423767,d:\hpc_project\tdc_unified_core\results\b50_7_external_offset\operator_cache\range_092626-092825.npz
618,range_092776-092975,recomputed,4096,72574021,72574020,224.52827215194702,d:\hpc_project\tdc_unified_core\results\b50_7_external_offset\operator_cache\range_092776-092975.npz
619,range_092926-093125,recomputed,4096,72576209,72576208,222.54683804512024,d:\hpc_project\tdc_unified_core\results\b50_7_external_offset\operator_cache\range_092926-093125.npz
620,range_093076-093275,recomputed,4096,72567348,72567347,222.0789144039154,d:\hpc_project\tdc_unified_core\results\b50_7_external_offset\operator_cache\range_093076-093275.npz
621,range_093226-093425,recomputed,4096,72566706,72566705,221.84071230888367,d:\hpc_project\tdc_unified_core\results\b50_7_external_offset\operator_cache\range_093226-093425.npz
622,range_093376-093575,recomputed,4096,72554679,72554678,225.9176800251007,d:\hpc_project\tdc_unified_core\results\b50_7_external_offset\operator_cache\range_093376-093575.npz
623,range_093526-093725,recomputed,4096,72553925,72553924,218.23280024528503,d:\hpc_project\tdc_unified_core\results\b50_7_external_offset\operator_cache\range_093526-093725.npz
624,range_093676-093875,recomputed,4096,72546480,72546479,232.97185492515564,d:\hpc_project\tdc_unified_core\results\b50_7_external_offset\operator_cache\range_093676-093875.npz
625,range_093826-094025,recomputed,4096,72554173,72554172,232.5481562614441,d:\hpc_project\tdc_unified_core\results\b50_7_external_offset\operator_cache\range_093826-094025.npz
626,range_093976-094175,recomputed,4096,72546144,72546143,234.55492687225342,d:\hpc_project\tdc_unified_core\results\b50_7_external_offset\operator_cache\range_093976-094175.npz
627,range_094126-094325,recomputed,4096,72540636,72540635,226.43229222297668,d:\hpc_project\tdc_unified_core\results\b50_7_external_offset\operator_cache\range_094126-094325.npz
628,range_094276-094475,recomputed,4096,72542082,72542081,221.13562846183777,d:\hpc_project\tdc_unified_core\results\b50_7_external_offset\operator_cache\range_094276-094475.npz
629,range_094426-094625,recomputed,4096,72531044,72531043,220.37480282783508,d:\hpc_project\tdc_unified_core\results\b50_7_external_offset\operator_cache\range_094426-094625.npz
630,range_094576-094775,recomputed,4096,72529166,72529165,220.86550450325012,d:\hpc_project\tdc_unified_core\results\b50_7_external_offset\operator_cache\range_094576-094775.npz
631,range_094726-094925,recomputed,4096,72520660,72520659,219.91156363487244,d:\hpc_project\tdc_unified_core\results\b50_7_external_offset\operator_cache\range_094726-094925.npz
632,range_094876-095075,recomputed,4096,72513159,72513158,223.31448221206665,d:\hpc_project\tdc_unified_core\results\b50_7_external_offset\operator_cache\range_094876-095075.npz
633,range_095026-095225,recomputed,4096,72510387,72510386,218.40549778938293,d:\hpc_project\tdc_unified_core\results\b50_7_external_offset\operator_cache\range_095026-095225.npz
634,range_095176-095375,recomputed,4096,72518469,72518468,220.74575996398926,d:\hpc_project\tdc_unified_core\results\b50_7_external_offset\operator_cache\range_095176-095375.npz
635,range_095326-095525,recomputed,4096,72507467,72507466,218.84759831428528,d:\hpc_project\tdc_unified_core\results\b50_7_external_offset\operator_cache\range_095326-095525.npz
636,range_095476-095675,recomputed,4096,72496410,72496409,225.77852606773376,d:\hpc_project\tdc_unified_core\results\b50_7_external_offset\operator_cache\range_095476-095675.npz
637,range_095626-095825,recomputed,4096,72499513,72499512,226.6664595603943,d:\hpc_project\tdc_unified_core\results\b50_7_external_offset\operator_cache\range_095626-095825.npz
638,range_095776-095975,recomputed,4096,72492743,72492742,223.31009984016418,d:\hpc_project\tdc_unified_core\results\b50_7_external_offset\operator_cache\range_095776-095975.npz
639,range_095926-096125,recomputed,4096,72488371,72488370,225.14009308815002,d:\hpc_project\tdc_unified_core\results\b50_7_external_offset\operator_cache\range_095926-096125.npz
640,range_096076-096275,recomputed,4096,72482380,72482379,221.41383719444275,d:\hpc_project\tdc_unified_core\results\b50_7_external_offset\operator_cache\range_096076-096275.npz
641,range_096226-096425,recomputed,4096,72488618,72488617,230.96183061599731,d:\hpc_project\tdc_unified_core\results\b50_7_external_offset\operator_cache\range_096226-096425.npz
642,range_096376-096575,recomputed,4096,72475408,72475407,218.14409351348877,d:\hpc_project\tdc_unified_core\results\b50_7_external_offset\operator_cache\range_096376-096575.npz
643,range_096526-096725,recomputed,4096,72476058,72476057,225.41639280319214,d:\hpc_project\tdc_unified_core\results\b50_7_external_offset\operator_cache\range_096526-096725.npz
644,range_096676-096875,recomputed,4096,72463073,72463072,221.9180989265442,d:\hpc_project\tdc_unified_core\results\b50_7_external_offset\operator_cache\range_096676-096875.npz
645,range_096826-097025,recomputed,4096,72455811,72455810,223.6455113887787,d:\hpc_project\tdc_unified_core\results\b50_7_external_offset\operator_cache\range_096826-097025.npz
646,range_096976-097175,recomputed,4096,72461929,72461928,228.66809368133545,d:\hpc_project\tdc_unified_core\results\b50_7_external_offset\operator_cache\range_096976-097175.npz
647,range_097126-097325,recomputed,4096,72454978,72454977,220.7041265964508,d:\hpc_project\tdc_unified_core\results\b50_7_external_offset\operator_cache\range_097126-097325.npz
648,range_097276-097475,recomputed,4096,72455823,72455822,222.50469660758972,d:\hpc_project\tdc_unified_core\results\b50_7_external_offset\operator_cache\range_097276-097475.npz
649,range_097426-097625,recomputed,4096,72451619,72451618,226.3532817363739,d:\hpc_project\tdc_unified_core\results\b50_7_external_offset\operator_cache\range_097426-097625.npz
650,range_097576-097775,recomputed,4096,72447901,72447900,222.01583218574524,d:\hpc_project\tdc_unified_core\results\b50_7_external_offset\operator_cache\range_097576-097775.npz
651,range_097726-097925,recomputed,4096,72438197,72438196,222.6219289302826,d:\hpc_project\tdc_unified_core\results\b50_7_external_offset\operator_cache\range_097726-097925.npz
652,range_097876-098075,recomputed,4096,72429904,72429903,219.89443588256836,d:\hpc_project\tdc_unified_core\results\b50_7_external_offset\operator_cache\range_097876-098075.npz
653,range_098026-098225,recomputed,4096,72433193,72433192,221.57615423202515,d:\hpc_project\tdc_unified_core\results\b50_7_external_offset\operator_cache\range_098026-098225.npz
654,range_098176-098375,recomputed,4096,72425556,72425555,224.90577912330627,d:\hpc_project\tdc_unified_core\results\b50_7_external_offset\operator_cache\range_098176-098375.npz
655,range_098326-098525,recomputed,4096,72420451,72420450,229.49020981788635,d:\hpc_project\tdc_unified_core\results\b50_7_external_offset\operator_cache\range_098326-098525.npz
656,range_098476-098675,recomputed,4096,72421916,72421915,225.0861372947693,d:\hpc_project\tdc_unified_core\results\b50_7_external_offset\operator_cache\range_098476-098675.npz
657,range_098626-098825,recomputed,4096,72416410,72416409,234.2400541305542,d:\hpc_project\tdc_unified_core\results\b50_7_external_offset\operator_cache\range_098626-098825.npz
658,range_098776-098975,recomputed,4096,72414808,72414807,253.99876523017883,d:\hpc_project\tdc_unified_core\results\b50_7_external_offset\operator_cache\range_098776-098975.npz
659,range_098926-099125,recomputed,4096,72403133,72403132,391.2579336166382,d:\hpc_project\tdc_unified_core\results\b50_7_external_offset\operator_cache\range_098926-099125.npz
660,range_099076-099275,recomputed,4096,72403281,72403280,350.48566722869873,d:\hpc_project\tdc_unified_core\results\b50_7_external_offset\operator_cache\range_099076-099275.npz
661,range_099226-099425,recomputed,4096,72402135,72402134,373.89461183547974,d:\hpc_project\tdc_unified_core\results\b50_7_external_offset\operator_cache\range_099226-099425.npz
662,range_099376-099575,recomputed,4096,72397452,72397451,304.27192640304565,d:\hpc_project\tdc_unified_core\results\b50_7_external_offset\operator_cache\range_099376-099575.npz
663,range_099526-099725,recomputed,4096,72393459,72393458,219.42714524269104,d:\hpc_project\tdc_unified_core\results\b50_7_external_offset\operator_cache\range_099526-099725.npz
664,range_099676-099875,recomputed,4096,72387128,72387127,232.82418656349182,d:\hpc_project\tdc_unified_core\results\b50_7_external_offset\operator_cache\range_099676-099875.npz
