transition_index,from_range,to_range,consensus_physical_percentile,consensus_percentile_effect,median_physical_front_score,median_control_front_score,control_dest_indices
1,range_000226-000425,range_000376-000575,0.95,0.44999999999999996,0.7473528409088066,0.5078055439033249,"547,541,607,203,374,544,320,386,33,80,448,61,113,94,396,279,118,591,271,187"
2,range_000376-000575,range_000526-000725,0.8,0.30000000000000004,0.8808033468924805,0.576682375914622,"531,36,35,26,341,615,279,19,536,244,327,71,524,587,590,258,482,60,598,304"
3,range_000526-000725,range_000676-000875,0.6,0.09999999999999998,0.5405562098300536,0.4299410513794993,"522,316,635,433,399,43,234,598,308,46,177,453,99,498,348,530,236,493,526,566"
4,range_000676-000875,range_000826-001025,0.6,0.09999999999999998,0.052191763978598406,0.0,"561,245,216,321,552,472,58,249,335,233,634,469,188,490,466,144,236,220,50,593"
5,range_000826-001025,range_000976-001175,0.9,0.4,0.896664796302382,0.5026057967402531,"482,402,329,108,252,405,54,417,176,314,34,201,629,57,271,452,481,166,159,80"
6,range_000976-001175,range_001126-001325,0.4,-0.09999999999999998,0.9778074269857909,1.0655552710835443,"302,79,154,165,274,197,601,439,292,66,352,356,507,129,168,50,594,501,236,270"
7,range_001126-001325,range_001276-001475,0.35,-0.15000000000000002,0.3291145862160132,0.3603729704874731,"76,145,251,420,119,479,405,655,324,615,310,72,415,477,303,275,515,247,613,595"
8,range_001276-001475,range_001426-001625,0.9,0.4,0.7067869354860363,0.3456307390706965,"341,370,527,590,511,465,242,294,176,44,464,345,284,172,78,654,553,612,191,378"
9,range_001426-001625,range_001576-001775,0.0,-0.5,0.30704114008429007,0.7267252389332245,"81,59,204,45,136,166,100,182,61,20,354,367,418,336,157,494,207,365,426,590"
10,range_001576-001775,range_001726-001925,0.35,-0.15000000000000002,0.8325137924718176,0.9378719754760925,"404,463,417,322,508,644,131,285,320,49,170,281,578,168,471,205,619,115,447,72"
11,range_001726-001925,range_001876-002075,0.85,0.35,1.0558489732206446,0.9147320193234586,"585,377,248,487,471,616,371,93,224,149,583,447,625,338,597,449,232,362,473,436"
12,range_001876-002075,range_002026-002225,0.0,-0.5,0.15428603708082592,1.3597650668986925,"237,214,189,651,361,247,520,635,399,147,580,56,220,522,256,249,135,246,602,571"
13,range_002026-002225,range_002176-002375,0.5,0.0,0.8087938576362383,0.7827547204507739,"371,532,329,473,359,379,115,397,582,362,314,93,528,625,334,186,76,447,370,506"
14,range_002176-002375,range_002326-002525,0.7,0.19999999999999996,1.8080606036224205,1.6096715783365985,"210,555,58,478,121,348,205,618,324,459,35,331,147,634,469,92,137,244,335,400"
15,range_002326-002525,range_002476-002675,0.95,0.44999999999999996,0.5460923767306213,0.1269491163133004,"595,559,323,608,245,400,50,43,627,427,321,378,211,147,269,220,369,647,432,55"
16,range_002476-002675,range_002626-002825,0.65,0.15000000000000002,0.6806473647324418,0.6304396549646074,"118,535,454,385,624,107,377,482,528,295,639,37,481,105,447,184,271,551,160,539"
17,range_002626-002825,range_002776-002975,0.45,-0.04999999999999999,1.0407922451944573,1.064874598038143,"347,96,86,317,389,151,528,3,260,344,407,603,168,663,182,284,636,499,109,251"
18,range_002776-002975,range_002926-003125,0.05,-0.45,0.3757991200795985,0.5798347757926166,"281,488,320,136,284,272,355,357,377,294,110,505,61,356,63,32,168,104,651,579"
19,range_002926-003125,range_003076-003275,0.05,-0.45,0.9901834834589393,1.1360891833704811,"252,473,118,391,476,176,485,289,228,482,585,604,203,325,501,151,633,326,509,105"
20,range_003076-003275,range_003226-003425,0.25,-0.25,0.7311864755834957,0.8275342240844994,"345,365,287,615,157,632,151,607,455,479,619,249,183,503,592,159,464,59,387,404"
21,range_003226-003425,range_003376-003575,0.85,0.35,1.3788498244948095,1.2332034335901358,"544,275,111,160,524,482,88,352,201,339,358,269,528,223,314,159,509,438,585,199"
22,range_003376-003575,range_003526-003725,0.2,-0.3,0.7806146238032204,0.8698741973930293,"101,257,179,579,350,0,178,582,109,133,551,650,299,409,8,120,81,2,392,358"
23,range_003526-003725,range_003676-003875,1.0,0.5,1.4945316148248418,0.5227350172051491,"90,534,63,578,221,112,157,154,225,216,126,553,84,57,508,598,523,488,153,356"
24,range_003676-003875,range_003826-004025,0.75,0.25,1.1888763986752018,0.9632930806632832,"125,335,396,276,248,405,199,231,259,150,547,57,501,133,162,386,13,471,482,54"
25,range_003826-004025,range_003976-004175,0.75,0.25,1.2422770878874898,1.0405924591413211,"525,662,193,385,429,290,592,35,91,230,342,425,384,1,546,7,155,207,44,39"
26,range_003976-004175,range_004126-004325,0.8,0.30000000000000004,0.6074594268608361,0.3676789227610272,"278,311,127,630,162,488,512,540,543,514,631,68,466,3,395,238,83,356,508,502"
27,range_004126-004325,range_004276-004475,0.6,0.09999999999999998,0.6300967817486567,0.5811939220512975,"361,655,464,400,77,260,641,401,130,538,630,244,594,525,317,439,364,355,562,238"
28,range_004276-004475,range_004426-004625,0.5,0.0,0.22085680181759906,0.1878073052426666,"116,282,513,540,526,571,63,498,580,399,574,557,246,236,237,296,97,233,283,330"
29,range_004426-004625,range_004576-004775,0.05,-0.45,0.0,0.5563410122510499,"631,75,43,40,363,526,209,557,245,189,470,560,57,610,513,608,300,214,330,211"
30,range_004576-004775,range_004726-004925,0.125,-0.375,0.0,0.2743243223309342,"243,303,123,400,457,153,561,406,608,225,347,361,496,640,573,389,189,283,427,245"
31,range_004726-004925,range_004876-005075,0.1,-0.4,0.0,0.3154375703137198,"663,117,18,593,411,403,563,263,400,63,8,354,60,605,395,253,628,213,599,413"
32,range_004876-005075,range_005026-005225,0.0,-0.5,0.0,0.167027447990193,"382,642,202,171,230,170,622,507,71,449,504,387,461,160,435,550,142,59,131,215"
33,range_005026-005225,range_005176-005375,0.15,-0.35,0.21728885255357003,0.6159155406996002,"324,554,445,123,98,346,258,644,120,372,350,369,56,94,523,549,411,181,658,544"
34,range_005176-005375,range_005326-005525,0.025,-0.475,0.0,0.6243415191460258,"282,300,425,237,406,571,660,330,399,580,245,220,575,283,513,498,75,540,296,233"
35,range_005326-005525,range_005476-005675,0.35,-0.15000000000000002,0.023026024742945,0.2279982830747803,"430,304,233,123,95,522,211,417,236,608,571,63,302,406,617,260,300,403,548,292"
36,range_005476-005675,range_005626-005825,0.65,0.15000000000000002,0.7075972065411258,0.6104827722375334,"166,415,317,532,295,2,184,217,349,6,203,20,285,524,199,105,629,219,489,391"
37,range_005626-005825,range_005776-005975,0.3,-0.2,0.6678899908817212,1.0020696533679303,"308,263,24,430,229,220,456,352,453,412,599,490,567,570,494,87,228,343,608,174"
38,range_005776-005975,range_005926-006125,0.8,0.30000000000000004,0.3087925008787468,0.0,"566,590,496,627,612,580,87,174,571,376,412,549,474,458,134,561,443,641,202,237"
39,range_005926-006125,range_006076-006275,0.2,-0.3,0.26748770217691165,0.4221757529685579,"321,91,410,236,512,270,77,188,253,645,268,647,467,7,370,123,394,105,361,426"
40,range_006076-006275,range_006226-006425,0.45,-0.04999999999999999,0.36018385524037666,0.3800066448590512,"433,15,113,606,579,100,370,551,664,550,0,71,538,476,228,77,536,623,265,589"
41,range_006226-006425,range_006376-006575,0.075,-0.425,0.0,0.347755482190072,"129,658,243,483,83,601,284,468,627,237,164,28,394,245,318,211,126,221,208,580"
42,range_006376-006575,range_006526-006725,0.9,0.4,0.608623105640329,0.26044189259206707,"526,458,367,242,97,380,164,157,265,533,399,75,430,192,383,296,513,599,445,247"
43,range_006526-006725,range_006676-006875,0.8,0.30000000000000004,1.2384552095315606,1.045794761696992,"161,106,565,564,8,32,59,320,636,152,271,102,53,387,15,628,659,449,191,29"
44,range_006676-006875,range_006826-007025,0.5,0.0,0.7961668783557647,0.7584094420040614,"310,472,119,67,183,182,594,215,370,421,135,568,445,155,196,394,249,126,313,202"
45,range_006826-007025,range_006976-007175,0.15,-0.35,0.0,0.18264589587826685,"474,352,580,376,523,612,263,453,141,220,262,87,209,642,383,318,380,599,73,627"
46,range_006976-007175,range_007126-007325,0.2,-0.3,0.0,0.04421677435754282,"380,245,262,443,627,351,376,312,618,647,382,364,228,143,536,641,73,498,87,615"
47,range_007126-007325,range_007276-007475,0.7,0.19999999999999996,0.35187115618900056,0.1692627625931154,"638,167,164,97,572,116,424,150,432,226,525,443,400,445,611,411,627,388,1,401"
48,range_007276-007475,range_007426-007625,1.0,0.5,0.5830973441855579,0.2794995463018919,"594,615,631,250,515,644,547,208,609,308,463,509,126,142,366,280,350,272,166,254"
49,range_007426-007625,range_007576-007775,0.65,0.15000000000000002,0.5578167820862834,0.4437716020918366,"577,98,426,277,63,407,360,618,343,225,318,497,401,303,113,276,575,488,99,20"
50,range_007576-007775,range_007726-007925,0.05,-0.45,0.06760568244332603,0.3089016790486818,"350,69,275,255,359,248,654,657,109,613,111,630,140,504,232,309,131,419,404,501"
51,range_007726-007925,range_007876-008075,0.0,-0.5,0.006278722154128195,0.3938925728908973,"142,249,373,341,355,339,337,557,511,274,464,521,591,72,491,66,632,392,234,422"
52,range_007876-008075,range_008026-008225,0.3,-0.2,0.552360172244463,0.631717506619468,"387,77,193,547,481,328,35,509,42,216,532,579,241,120,105,350,386,121,6,91"
53,range_008026-008225,range_008176-008375,0.2,-0.3,0.653850741841701,0.7608241254876309,"13,102,276,473,334,661,650,231,478,487,159,277,19,191,657,106,484,616,436,138"
54,range_008176-008375,range_008326-008525,0.85,0.35,1.0501913054570373,0.47177303151460576,"211,30,233,617,470,453,243,609,160,401,440,646,548,97,269,355,640,508,300,521"
55,range_008326-008525,range_008476-008675,0.35,-0.15000000000000002,0.0,0.0,"220,43,188,237,474,126,580,571,262,233,245,66,430,282,570,79,243,406,496,116"
56,range_008476-008675,range_008626-008825,0.6,0.09999999999999998,1.1073477012399868,0.9470692962553892,"248,334,96,138,13,288,199,266,276,118,232,25,16,258,335,187,290,621,584,565"
57,range_008626-008825,range_008776-008975,0.75,0.25,1.294610767290148,1.0755151818516593,"230,212,455,534,104,73,453,127,502,627,46,260,520,213,558,98,341,84,249,174"
58,range_008776-008975,range_008926-009125,0.5,0.0,0.47504613873004153,0.44383710385100494,"221,610,282,443,361,470,612,85,290,38,372,618,112,487,292,300,310,309,611,23"
59,range_008926-009125,range_009076-009275,0.85,0.35,0.5400729986920555,0.26120814105299384,"152,386,405,311,28,511,348,394,42,622,294,90,229,663,27,293,452,40,659,517"
60,range_009076-009275,range_009226-009425,0.05,-0.45,0.4118667372871052,0.7025360242182264,"17,150,20,128,446,190,44,286,419,614,231,408,7,500,577,398,266,658,386,648"
61,range_009226-009425,range_009376-009575,0.65,0.15000000000000002,0.6899509295147749,0.614304114102481,"431,257,625,248,175,485,385,482,587,362,14,436,584,524,509,44,660,536,277,449"
62,range_009376-009575,range_009526-009725,0.3,-0.2,1.005933932641296,1.4797596022108586,"79,250,526,571,348,413,351,558,112,412,647,209,466,116,43,75,608,73,183,245"
63,range_009526-009725,range_009676-009875,0.9,0.4,0.5313046091262151,0.2521413176032192,"157,104,191,628,631,448,125,311,241,553,396,360,527,476,82,368,141,177,443,288"
64,range_009676-009875,range_009826-010025,0.05,-0.45,0.0,0.7859448536999616,"474,347,389,458,296,233,273,450,181,278,236,43,580,383,647,440,95,518,97,79"
65,range_009826-010025,range_009976-010175,0.05,-0.45,0.01083030157328873,0.6066935266318746,"336,49,596,99,246,563,87,388,430,561,35,366,330,116,192,236,312,78,450,490"
66,range_009976-010175,range_010126-010325,0.55,0.050000000000000044,0.12234723222709751,0.06717179574050108,"355,406,448,112,116,2,430,563,188,596,126,209,421,43,225,220,243,580,451,226"
67,range_010126-010325,range_010276-010475,0.05,-0.45,0.0692732986762587,0.4390401353623531,"230,274,400,462,414,181,488,601,321,265,635,412,495,315,555,312,218,202,513,435"
68,range_010276-010475,range_010426-010625,0.125,-0.375,0.0,0.1621648871231809,"215,458,130,383,508,99,174,627,523,305,46,250,618,663,546,4,389,466,394,560"
69,range_010426-010625,range_010576-010775,0.75,0.25,0.3841338723858788,0.2707151074012534,"479,30,611,653,270,212,35,466,137,489,455,392,623,594,330,502,354,355,301,634"
70,range_010576-010775,range_010726-010925,0.65,0.15000000000000002,0.8620575025867194,0.534545504102041,"213,510,24,580,231,386,451,513,502,427,602,315,634,0,183,599,441,558,566,351"
71,range_010726-010925,range_010876-011075,0.175,-0.325,0.0,0.10365383623373739,"138,569,491,560,510,26,413,287,601,325,90,589,364,243,410,420,45,22,131,283"
72,range_010876-011075,range_011026-011225,0.35,-0.15000000000000002,0.344822431691521,0.45880072901365854,"236,234,263,318,337,566,474,24,340,608,560,220,469,580,496,250,104,412,453,570"
73,range_011026-011225,range_011176-011375,0.5,0.0,0.3409946420094358,0.352091841903439,"58,563,592,361,213,83,658,127,99,627,180,404,22,49,451,316,96,224,117,50"
74,range_011176-011375,range_011326-011525,0.85,0.35,0.3890896945847594,0.0,"369,47,495,469,563,236,483,467,466,323,262,4,345,237,50,245,192,559,321,564"
75,range_011326-011525,range_011476-011675,1.0,0.5,1.1458254079596677,0.5547513827086266,"500,204,456,299,337,642,658,154,477,369,109,657,305,414,9,3,110,230,258,482"
76,range_011476-011675,range_011626-011825,0.2,-0.3,0.7004409965937032,0.9540213385436636,"566,500,158,187,505,58,157,559,571,469,245,472,393,483,400,338,363,287,321,495"
77,range_011626-011825,range_011776-011975,0.55,0.050000000000000044,0.2265497562981297,0.15185511792810802,"230,346,196,87,458,520,302,278,655,330,243,36,610,450,558,56,411,578,367,355"
78,range_011776-011975,range_011926-012125,1.0,0.5,0.5810272497166559,0.11258205126391102,"189,342,617,256,630,463,197,332,657,163,99,253,275,234,561,378,541,596,143,330"
79,range_011926-012125,range_012076-012275,0.95,0.44999999999999996,1.203355799662856,0.8018467982060367,"655,478,271,34,628,239,517,54,288,134,621,108,661,387,12,545,530,273,436,276"
80,range_012076-012275,range_012226-012425,0.4,-0.09999999999999998,0.8658524224797362,0.9538157146583981,"183,241,448,653,468,351,399,451,220,262,131,360,572,42,227,414,318,571,95,442"
81,range_012226-012425,range_012376-012575,0.125,-0.375,0.0,0.4835599357111869,"183,213,315,351,221,617,237,164,483,245,270,121,97,411,474,55,43,599,192,498"
82,range_012376-012575,range_012526-012725,0.85,0.35,0.6995994534908541,0.3772198128441342,"406,559,173,505,364,44,354,250,330,310,136,563,283,647,451,208,495,433,303,511"
83,range_012526-012725,range_012676-012875,0.125,-0.375,0.0,0.1508264151503948,"196,399,214,265,599,263,393,233,427,296,394,220,566,580,608,470,104,658,221,488"
84,range_012676-012875,range_012826-013025,0.5,0.0,0.41791202206378736,0.43459921201627816,"23,216,521,152,342,390,337,269,103,664,244,160,200,275,320,465,607,434,52,369"
85,range_012826-013025,range_012976-013175,0.6,0.09999999999999998,0.6195880751787788,0.5792111293507661,"337,141,130,219,101,365,525,517,381,267,289,555,333,145,307,215,415,182,408,27"
86,range_012976-013175,range_013126-013325,0.6,0.09999999999999998,0.5288217573214259,0.41875493241137846,"398,303,411,330,586,523,602,427,316,135,364,609,495,56,376,26,412,403,4,627"
87,range_013126-013325,range_013276-013475,0.7,0.19999999999999996,0.6935874222690872,0.5521918752500129,"302,139,325,353,156,341,109,195,442,643,589,457,70,223,321,510,536,2,211,358"
88,range_013276-013475,range_013426-013625,0.45,-0.04999999999999999,0.649089827102345,0.6443534510763674,"246,281,235,464,488,393,53,141,196,593,330,574,336,517,287,315,280,653,369,165"
89,range_013426-013625,range_013576-013775,0.25,-0.25,0.0,0.0869540218978018,"4,68,412,126,490,487,480,622,5,283,150,632,360,205,394,7,264,647,38,497"
90,range_013576-013775,range_013726-013925,0.05,-0.45,0.0,0.23406914993128913,"150,155,552,308,170,205,564,653,439,545,663,542,491,112,63,256,567,206,576,78"
91,range_013726-013925,range_013876-014075,0.25,-0.25,0.0686428433255886,0.32254596493594423,"264,330,400,508,300,430,346,505,214,450,598,526,412,516,442,56,344,544,465,446"
92,range_013876-014075,range_014026-014225,0.15,-0.35,0.6586148349017993,0.9330823955969059,"420,639,535,252,484,501,329,10,652,475,12,14,186,588,625,377,643,616,115,21"
93,range_014026-014225,range_014176-014375,0.0,-0.5,0.504752901034902,1.1204195808997497,"490,570,574,372,575,302,262,239,287,351,537,497,123,569,243,304,646,117,263,460"
94,range_014176-014375,range_014326-014525,0.95,0.44999999999999996,0.8966417431949734,0.41714748288400894,"69,36,278,350,281,416,363,459,324,112,170,635,628,174,152,302,78,512,649,47"
95,range_014326-014525,range_014476-014675,1.0,0.5,0.8471129928528833,0.24564923869837457,"548,619,212,144,462,468,168,58,154,493,463,424,591,657,642,227,413,450,494,200"
96,range_014476-014675,range_014626-014825,0.75,0.25,1.071080087522431,0.7562805311358829,"192,663,189,1,469,247,241,403,437,631,83,569,658,306,246,465,181,355,211,399"
97,range_014626-014825,range_014776-014975,0.25,-0.25,0.1774563448650867,0.30087776517844306,"421,361,520,132,609,345,86,618,281,74,396,627,443,401,514,278,197,321,381,615"
98,range_014776-014975,range_014926-015125,1.0,0.5,1.086729554581855,0.3671899154835656,"353,439,177,147,286,512,312,406,58,590,256,165,218,64,459,477,36,518,610,238"
99,range_014926-015125,range_015076-015275,0.15,-0.35,0.26635158275556264,0.4247158213570126,"119,163,15,282,204,238,320,292,112,150,332,586,7,468,138,357,413,28,422,286"
100,range_015076-015275,range_015226-015425,0.45,-0.04999999999999999,0.47402000291642965,0.45289711645098796,"574,606,361,241,282,406,130,4,126,192,610,455,540,543,36,123,37,415,515,268"
101,range_015226-015425,range_015376-015575,0.95,0.44999999999999996,1.0449965433727098,0.7424195532059654,"277,539,6,1,527,588,329,317,20,481,431,172,231,391,583,452,169,605,503,408"
102,range_015376-015575,range_015526-015725,0.05,-0.45,0.3779705105920758,0.7460586185705752,"346,68,456,553,470,78,493,75,571,612,351,443,627,79,399,586,89,376,596,541"
103,range_015526-015725,range_015676-015875,0.35,-0.15000000000000002,0.04305722249127796,0.09046339651627264,"202,470,645,312,116,164,642,427,157,188,428,45,360,28,388,430,383,297,661,144"
104,range_015676-015875,range_015826-016025,0.9,0.4,0.6260327679038157,0.40070536517150507,"368,163,456,627,87,180,173,619,364,618,534,648,563,646,123,470,79,182,174,225"
105,range_015826-016025,range_015976-016175,0.2,-0.3,0.7263245776858269,1.0281423599910393,"525,172,642,52,322,510,456,249,419,153,298,179,533,595,306,358,379,579,210,5"
106,range_015976-016175,range_016126-016325,0.1,-0.4,0.66164244679713,0.8363708872533047,"445,642,602,17,322,586,320,390,72,662,142,627,654,15,348,410,272,539,78,143"
107,range_016126-016325,range_016276-016475,0.0,-0.5,0.09245284373124293,0.8237223475135074,"361,526,91,435,220,513,646,179,8,211,315,296,544,552,450,283,237,236,263,244"
108,range_016276-016475,range_016426-016625,0.15,-0.35,0.0,0.21247370748329256,"208,627,446,430,192,440,263,214,350,123,425,663,264,347,427,559,30,461,442,209"
109,range_016426-016625,range_016576-016775,0.025,-0.475,0.0,0.4420731948160749,"393,519,549,663,430,99,363,521,226,572,627,250,403,640,602,297,243,56,495,520"
110,range_016576-016775,range_016726-016925,0.025,-0.475,0.0,0.7797970667478492,"399,237,580,496,497,189,571,123,43,608,363,474,520,233,75,3,351,263,427,388"
111,range_016726-016925,range_016876-017075,0.2,-0.3,0.0,0.1025812060958314,"95,376,513,121,166,15,343,64,523,154,212,394,370,158,530,210,297,631,340,412"
112,range_016876-017075,range_017026-017225,0.95,0.44999999999999996,0.6133895098374667,0.14871938171299165,"401,170,427,602,345,158,552,99,387,371,398,221,318,51,594,648,265,563,640,355"
113,range_017026-017225,range_017176-017375,1.0,0.5,1.3069350660753274,0.38238804700356155,"184,216,328,190,20,272,218,34,156,199,90,402,367,555,448,268,325,130,258,37"
114,range_017176-017375,range_017326-017525,0.55,0.050000000000000044,1.7575874223833774,1.7742827948249595,"605,329,539,370,528,14,449,19,325,597,377,151,224,431,198,660,186,643,485,535"
115,range_017326-017525,range_017476-017675,0.85,0.35,1.7263327203654675,1.302831748679226,"393,222,287,43,191,426,389,432,493,608,36,136,137,561,382,466,647,401,634,216"
116,range_017476-017675,range_017626-017825,0.7,0.19999999999999996,0.1950587085707869,0.11998934395048982,"601,497,634,411,49,432,523,575,466,602,401,514,549,73,440,42,640,389,136,86"
117,range_017626-017825,range_017776-017975,0.2,-0.3,0.5295723162453344,0.6673623367815692,"359,184,397,485,621,375,484,437,447,175,338,185,76,325,172,487,289,616,625,377"
118,range_017776-017975,range_017926-018125,0.45,-0.04999999999999999,1.128213639802671,1.1117935357683932,"626,154,28,625,204,442,379,212,272,321,593,355,477,137,225,324,39,487,503,0"
119,range_017926-018125,range_018076-018275,0.3,-0.2,0.8351224017694615,0.9255496593258354,"402,503,624,431,614,203,605,148,107,379,482,405,371,12,21,62,509,329,198,199"
120,range_018076-018275,range_018226-018425,0.25,-0.25,0.6072011690288842,0.7558878072974626,"163,611,391,648,363,622,264,4,138,361,176,178,167,370,348,615,234,292,456,478"
121,range_018226-018425,range_018376-018575,0.6,0.09999999999999998,0.49393265014528814,0.4692138322562547,"567,662,61,223,59,651,169,436,60,492,134,33,500,103,239,517,591,416,231,85"
122,range_018376-018575,range_018526-018725,0.5,0.0,0.24350835449796485,0.28744735980904224,"309,368,344,318,493,234,498,638,598,627,661,411,443,308,388,245,352,618,189,351"
123,range_018526-018725,range_018676-018875,0.15,-0.35,0.0,0.21357423497421413,"537,59,327,84,357,181,463,210,205,304,113,104,413,547,24,641,534,173,593,31"
124,range_018676-018875,range_018826-019025,0.35,-0.15000000000000002,0.08839020794754669,0.32261556538417135,"220,580,97,566,599,498,180,233,395,550,427,211,318,508,237,63,570,479,208,8"
125,range_018826-019025,range_018976-019175,0.75,0.25,0.5107365308718382,0.36441201951486,"340,457,58,400,461,253,202,66,618,582,210,52,655,28,426,291,352,264,316,602"
126,range_018976-019175,range_019126-019325,0.55,0.050000000000000044,0.5225120192928598,0.4782182575327003,"322,508,332,403,534,612,214,63,523,566,512,112,287,330,388,411,360,640,297,498"
127,range_019126-019325,range_019276-019475,0.0,-0.5,0.20824715109034836,0.7697639188045454,"325,240,501,6,267,661,242,473,67,109,148,276,156,409,565,437,657,492,166,541"
128,range_019276-019475,range_019426-019625,0.35,-0.15000000000000002,0.35975340487299723,0.4914203337425443,"589,606,265,558,634,613,77,573,61,607,550,435,657,238,442,400,439,389,106,274"
129,range_019426-019625,range_019576-019775,0.05,-0.45,0.0,0.4161295434670066,"180,496,243,233,55,580,221,483,394,274,41,237,469,278,92,188,238,95,65,601"
130,range_019576-019775,range_019726-019925,0.05,-0.45,0.14905417919042308,0.40517529503744776,"235,234,547,191,525,442,50,510,437,384,65,455,219,369,441,15,299,193,457,342"
131,range_019726-019925,range_019876-020075,0.1,-0.4,0.34035190154829864,0.43789312968059246,"574,553,620,503,517,366,479,154,502,177,609,210,612,491,603,456,104,304,433,103"
132,range_019876-020075,range_020026-020225,0.1,-0.4,0.06908368312169604,0.3653525925661159,"623,255,25,521,320,579,493,638,574,183,182,596,197,38,504,513,439,388,83,347"
133,range_020026-020225,range_020176-020375,0.55,0.050000000000000044,0.7220204662610329,0.729755210491426,"651,385,257,37,280,630,441,88,52,390,398,269,304,294,291,655,22,579,285,544"
134,range_020176-020375,range_020326-020525,0.05,-0.45,0.16653992807456422,0.5114748259636724,"119,410,507,512,123,5,275,300,106,594,37,213,473,322,196,209,316,516,416,309"
135,range_020326-020525,range_020476-020675,0.15,-0.35,0.0,0.12239677303470925,"368,348,42,475,333,35,407,572,51,610,425,113,653,534,69,560,196,8,401,427"
136,range_020476-020675,range_020626-020825,0.75,0.25,0.5845632143706424,0.46777530836309267,"419,229,343,381,488,67,265,293,610,196,280,533,76,479,15,204,553,299,586,35"
137,range_020626-020825,range_020776-020975,0.75,0.25,0.7119203583799177,0.555597651699278,"32,265,439,507,445,658,416,426,44,229,603,70,609,606,604,16,633,217,112,228"
138,range_020776-020975,range_020926-021125,0.1,-0.4,0.2723354375920658,0.6404074891925655,"392,28,204,274,258,620,253,562,197,63,393,261,57,78,439,167,284,601,210,235"
139,range_020926-021125,range_021076-021275,0.05,-0.45,0.0,0.806089658000051,"599,570,617,197,89,182,412,365,463,75,608,388,474,113,43,116,618,24,351,411"
140,range_021076-021275,range_021226-021425,0.75,0.25,0.2965385328013689,0.05192981323040002,"483,87,46,129,415,622,116,281,237,180,243,613,424,347,89,380,38,346,356,586"
141,range_021226-021425,range_021376-021575,0.85,0.35,0.6982880923719983,0.39702608613834467,"417,68,389,450,550,432,490,255,543,630,291,200,89,459,165,187,444,520,414,218"
142,range_021376-021575,range_021526-021725,0.65,0.15000000000000002,0.6590638981157376,0.5328102311661808,"327,111,152,68,367,212,497,274,297,343,395,42,98,266,18,157,603,276,24,543"
143,range_021526-021725,range_021676-021875,0.75,0.25,0.4026737417548892,0.25829187773181506,"118,492,104,321,451,221,216,458,79,69,664,515,28,466,363,211,286,278,432,317"
144,range_021676-021875,range_021826-022025,0.0,-0.5,0.12573031389110007,0.6122935253116721,"13,626,162,645,161,509,633,438,637,527,478,10,385,655,515,133,460,353,242,193"
145,range_021826-022025,range_021976-022175,0.3,-0.2,0.16352408188069,0.49336841442229423,"158,233,432,245,209,580,315,411,571,490,593,496,262,237,522,351,346,220,399,572"
146,range_021976-022175,range_022126-022325,0.8,0.30000000000000004,0.7625785846485437,0.39896788662341665,"281,215,356,273,654,174,51,465,620,119,454,311,235,433,182,441,73,393,38,60"
147,range_022126-022325,range_022276-022475,0.1,-0.4,0.5592937205282018,0.7838966137796464,"288,417,239,285,96,121,6,336,359,44,248,295,37,224,276,29,481,39,8,201"
148,range_022276-022475,range_022426-022625,0.1,-0.4,0.0,0.7980570335476125,"130,133,243,173,351,84,129,488,571,601,297,236,245,165,600,496,203,43,427,483"
149,range_022426-022625,range_022576-022775,0.4,-0.09999999999999998,0.6727536140068717,0.7324441004272535,"448,360,137,212,206,595,295,190,435,425,8,519,25,659,573,479,344,268,638,471"
150,range_022576-022775,range_022726-022925,0.4,-0.09999999999999998,0.703727971811902,0.7170460970925797,"357,417,370,536,302,270,631,172,125,624,88,44,229,664,555,392,637,201,441,626"
151,range_022726-022925,range_022876-023075,0.6,0.09999999999999998,0.9293652101453943,0.9140801677799735,"372,383,32,463,595,51,92,431,392,89,327,111,222,424,458,566,350,235,205,548"
152,range_022876-023075,range_023026-023225,0.175,-0.325,0.0,0.11754213201732439,"526,440,124,383,470,249,496,479,549,164,187,640,610,40,133,575,220,566,63,561"
153,range_023026-023225,range_023176-023375,0.9,0.4,0.6623860968224395,0.3855497358506249,"366,564,286,643,578,9,465,41,659,322,433,398,636,586,374,248,337,234,203,554"
154,range_023176-023375,range_023326-023525,0.1,-0.4,0.0,0.7236179486543804,"9,43,193,512,461,347,296,534,55,126,596,366,278,571,580,262,474,238,570,237"
155,range_023326-023525,range_023476-023675,1.0,0.5,0.9554179060381589,0.7608996163273118,"288,567,655,101,556,547,37,35,239,175,417,637,57,107,568,6,48,352,651,536"
156,range_023476-023675,range_023626-023825,0.5,0.0,0.7521334078795614,0.7404148395289263,"219,546,121,628,101,538,661,356,224,166,110,34,465,179,307,26,631,279,357,230"
157,range_023626-023825,range_023776-023975,0.95,0.44999999999999996,0.7025956026196807,0.3397661785670486,"493,459,126,196,532,620,642,439,69,147,306,92,321,560,430,175,235,128,654,371"
158,range_023776-023975,range_023926-024125,0.25,-0.25,0.6078344086943485,0.8653272375278174,"193,637,22,499,64,35,52,194,546,125,228,478,65,229,452,385,107,454,31,170"
159,range_023926-024125,range_024076-024275,0.05,-0.45,0.0,0.4897833911544381,"83,514,401,620,622,346,523,46,99,297,602,15,363,628,58,502,34,47,458,86"
160,range_024076-024275,range_024226-024425,0.7,0.19999999999999996,0.43736033674828007,0.3340398452659942,"510,622,619,130,481,269,132,603,504,371,218,223,361,438,527,70,366,623,270,390"
161,range_024226-024425,range_024376-024575,0.1,-0.4,0.33066242846354854,0.559092483902352,"486,266,313,306,41,545,564,422,447,457,10,577,325,396,125,626,143,31,138,357"
162,range_024376-024575,range_024526-024725,0.075,-0.425,0.0,0.7099133990792219,"237,56,635,183,208,383,512,640,95,580,608,301,262,9,220,498,403,537,245,43"
163,range_024526-024725,range_024676-024875,0.95,0.44999999999999996,0.7527170146357837,0.42208270803520465,"100,548,536,303,572,647,559,451,46,570,439,526,104,9,357,316,376,363,135,638"
164,range_024676-024875,range_024826-025025,0.125,-0.375,0.11062736904380938,0.34243095269729795,"333,566,116,263,36,75,332,462,427,498,237,647,571,399,243,590,214,522,632,603"
165,range_024826-025025,range_024976-025175,0.35,-0.15000000000000002,0.3482936912004582,0.41844925007694117,"154,319,8,335,607,1,489,664,181,445,149,113,419,365,190,657,463,299,90,556"
166,range_024976-025175,range_025126-025325,0.85,0.35,0.770226293449889,0.6184276819557915,"327,187,155,84,189,300,332,112,309,215,543,304,121,9,285,472,567,48,363,610"
167,range_025126-025325,range_025276-025475,0.175,-0.325,0.0,0.0876029149048986,"236,312,250,433,104,5,97,127,580,99,327,262,279,287,245,147,608,526,189,571"
168,range_025276-025475,range_025426-025625,0.275,-0.22499999999999998,0.012879695335558241,0.0451619455709507,"418,30,301,630,53,100,112,510,41,595,306,435,251,467,4,493,463,465,446,654"
169,range_025426-025625,range_025576-025775,0.2,-0.3,0.3512251279643034,0.43838990345105433,"42,538,437,111,611,467,325,477,345,255,629,510,154,520,44,37,310,27,324,481"
170,range_025576-025775,range_025726-025925,0.65,0.15000000000000002,0.48297756086493737,0.27439810220281213,"278,158,117,321,191,206,548,387,425,29,318,85,6,497,494,7,347,401,129,578"
171,range_025726-025925,range_025876-026075,0.85,0.35,0.8500540566142498,0.5859054287485805,"33,338,460,231,290,547,16,529,17,70,291,248,436,273,405,159,577,13,353,1"
172,range_025876-026075,range_026026-026225,0.7,0.19999999999999996,1.4025104544393867,1.246387691768076,"439,562,308,357,135,624,612,414,105,51,235,398,553,586,633,154,645,100,2,592"
173,range_026026-026225,range_026176-026375,0.5,0.0,0.18698676500729053,0.23045987072331925,"154,11,638,353,322,330,58,137,350,243,256,155,566,192,51,296,305,75,563,398"
174,range_026176-026375,range_026326-026525,0.75,0.25,0.42269937043296135,0.1695287791632536,"522,388,352,84,284,230,243,100,617,641,525,432,430,297,410,383,630,234,542,315"
175,range_026326-026525,range_026476-026675,0.05,-0.45,0.48532565448078696,0.8350596310478295,"408,279,159,193,16,48,628,415,565,105,248,161,605,313,551,529,23,60,224,436"
176,range_026476-026675,range_026626-026825,0.3,-0.2,0.15983136813885732,0.3792430890223656,"32,458,192,73,332,24,572,124,56,440,393,55,85,206,196,136,536,302,8,521"
177,range_026626-026825,range_026776-026975,0.95,0.44999999999999996,0.6318721594909718,0.31418893356167726,"241,64,27,347,81,368,41,638,581,456,387,365,193,206,109,162,30,457,343,392"
178,range_026776-026975,range_026926-027125,0.4,-0.09999999999999998,0.7695181899565848,0.8366017597973425,"107,331,529,277,568,630,625,473,651,21,650,69,156,105,244,551,631,60,582,1"
179,range_026926-027125,range_027076-027275,0.15,-0.35,0.34834267490789367,0.7323786665361098,"282,243,38,498,60,63,237,458,401,646,294,617,254,220,565,233,399,366,406,112"
180,range_027076-027275,range_027226-027425,0.8,0.30000000000000004,0.5460167064804224,0.39219650738115686,"258,555,29,259,309,15,114,448,543,590,531,460,587,294,511,120,492,190,193,299"
181,range_027226-027425,range_027376-027575,0.25,-0.25,0.39171430088759895,0.5593536930260048,"225,89,603,163,520,74,618,147,315,601,117,439,63,293,47,83,161,543,51,353"
182,range_027376-027575,range_027526-027725,0.7,0.19999999999999996,0.35010391048216183,0.2709950922715827,"442,508,450,532,436,66,624,61,215,330,514,619,98,595,50,538,462,611,249,52"
183,range_027526-027725,range_027676-027875,0.35,-0.15000000000000002,0.8540680697504076,0.8908356009635786,"476,334,583,329,115,652,506,252,605,349,629,475,17,484,485,535,503,444,172,588"
184,range_027676-027875,range_027826-028025,0.95,0.44999999999999996,1.7954237470474066,1.4471571217086656,"397,93,334,506,485,528,588,639,484,19,431,14,583,115,471,329,475,420,604,10"
185,range_027826-028025,range_027976-028175,0.25,-0.25,2.047808649670719,2.188125778199609,"582,420,379,148,532,535,652,616,444,583,317,224,14,656,314,329,252,624,501,6"
186,range_027976-028175,range_028126-028325,0.05,-0.45,0.6664320952758587,1.579995216946989,"571,498,236,147,155,222,466,351,580,127,522,559,467,75,5,74,469,79,165,483"
187,range_028126-028325,range_028276-028475,0.8,0.30000000000000004,0.5099437205754322,0.33173677240781974,"430,489,132,89,66,505,174,368,200,92,372,53,334,310,238,50,46,356,60,561"
188,range_028276-028475,range_028426-028625,0.375,-0.125,0.0,0.0,"225,398,263,230,596,95,430,406,212,282,640,376,97,498,612,364,73,599,561,343"
189,range_028426-028625,range_028576-028775,0.95,0.44999999999999996,0.669645517983767,0.14983440127558276,"389,432,626,144,443,468,104,210,40,479,534,480,382,4,459,87,469,574,530,316"
190,range_028576-028775,range_028726-028925,0.95,0.44999999999999996,0.7160037270571664,0.47564672818746423,"624,219,94,628,258,286,52,336,131,533,370,487,86,160,166,88,591,482,266,23"
191,range_028726-028925,range_028876-029075,0.8,0.30000000000000004,0.919098411412938,0.4989216591518536,"142,569,360,75,163,488,122,119,398,117,380,123,351,24,561,127,406,250,43,641"
192,range_028876-029075,range_029026-029225,0.95,0.44999999999999996,0.8610655480567488,0.4624893219687292,"182,82,429,175,229,319,341,510,110,242,32,354,492,109,234,650,654,307,661,122"
193,range_029026-029225,range_029176-029375,0.025,-0.475,0.0,0.673548580293893,"154,512,580,542,155,300,245,554,43,366,571,233,78,534,640,623,243,237,220,254"
194,range_029176-029375,range_029326-029525,0.35,-0.15000000000000002,0.48925620722363944,0.5917685247466398,"40,564,268,82,112,628,509,538,553,547,273,423,533,8,446,44,61,359,289,642"
195,range_029326-029525,range_029476-029675,0.2,-0.3,0.0,0.0523324945170604,"163,569,142,611,223,278,351,393,574,440,653,287,557,453,368,265,548,364,5,103"
196,range_029476-029675,range_029626-029825,0.4,-0.09999999999999998,0.0946880026382223,0.13426673053542468,"623,272,60,451,79,618,103,89,87,641,165,74,407,174,443,425,540,376,147,46"
197,range_029626-029825,range_029776-029975,0.55,0.050000000000000044,1.0340284020915944,0.9686405050723037,"656,584,21,604,149,373,486,295,524,176,576,482,1,17,643,107,277,145,217,151"
198,range_029776-029975,range_029926-030125,0.5,0.0,1.22721545655135,1.2658974204752287,"289,326,172,94,436,476,396,295,329,437,184,449,408,169,10,545,655,431,503,447"
199,range_029926-030125,range_030076-030275,0.05,-0.45,0.2904114384508898,0.8195807922834226,"612,282,574,406,256,237,596,179,262,246,477,551,513,254,35,571,34,542,220,116"
200,range_030076-030275,range_030226-030425,0.025,-0.475,0.0,0.33238088197633553,"601,147,434,544,543,405,505,87,45,589,84,135,398,523,320,628,468,166,504,90"
201,range_030226-030425,range_030376-030575,0.55,0.050000000000000044,0.6178931269033574,0.5034307208958497,"321,478,225,47,360,304,167,547,461,514,650,189,35,152,608,243,508,318,60,221"
202,range_030376-030575,range_030526-030725,0.6,0.09999999999999998,0.7582587380161965,0.7396487449021418,"527,545,149,487,339,338,107,551,326,452,409,482,625,385,146,636,436,576,248,267"
203,range_030526-030725,range_030676-030875,0.6,0.09999999999999998,0.8683095090457059,0.8606316747250695,"38,357,594,28,500,83,46,40,168,269,217,426,601,349,193,296,32,25,91,648"
204,range_030676-030875,range_030826-031025,0.4,-0.09999999999999998,0.514994360466323,0.5518161903711488,"323,137,156,318,339,312,138,152,455,31,293,274,594,322,464,577,40,50,435,355"
205,range_030826-031025,range_030976-031175,0.35,-0.15000000000000002,0.14853503046218908,0.252555392967026,"413,49,179,34,46,490,461,322,378,527,4,266,480,170,83,124,299,376,638,450"
206,range_030976-031175,range_031126-031325,0.6,0.09999999999999998,0.49522236573034945,0.47540063597158544,"392,648,119,573,461,552,517,42,481,664,565,132,419,138,125,379,350,130,519,652"
207,range_031126-031325,range_031276-031475,0.65,0.15000000000000002,0.9423983350368581,0.8433393761513639,"663,319,315,434,254,516,515,51,74,37,307,234,581,657,165,4,620,143,567,371"
208,range_031276-031475,range_031426-031625,0.225,-0.275,0.0,0.07477182498200322,"318,640,263,395,42,56,220,572,364,83,380,547,92,294,388,563,28,595,292,617"
209,range_031426-031625,range_031576-031775,0.225,-0.275,0.0,0.05572804019994872,"49,611,116,561,84,498,262,647,526,233,383,608,245,112,36,237,474,75,43,406"
210,range_031576-031775,range_031726-031925,0.1,-0.4,0.0,0.3603098612329747,"36,246,94,594,575,85,330,571,399,646,561,580,498,237,97,388,526,233,164,611"
211,range_031726-031925,range_031876-032075,0.75,0.25,0.45057894356981765,0.29451640510767896,"42,86,280,132,581,634,503,9,274,190,593,226,630,107,443,229,337,477,268,163"
212,range_031876-032075,range_032026-032225,0.5,0.0,0.5520403610518653,0.5737982731281981,"566,518,430,263,596,154,260,534,344,522,49,632,355,66,440,612,462,571,90,270"
213,range_032026-032225,range_032176-032375,0.3,-0.2,0.3042419998526738,0.43707442519170614,"453,603,425,393,250,345,560,73,574,630,117,520,321,615,225,512,664,364,344,610"
214,range_032176-032375,range_032326-032525,0.4,-0.09999999999999998,0.16572966368027692,0.25300083153195085,"265,324,638,361,343,344,173,569,279,446,130,50,352,466,204,339,266,284,558,129"
215,range_032326-032525,range_032476-032675,0.1,-0.4,0.2265285290998218,0.43941606673593936,"107,16,201,500,179,191,562,25,299,606,101,556,241,40,524,302,76,573,140,325"
216,range_032476-032675,range_032626-032825,0.0,-0.5,0.20501302820961725,0.6206978773667422,"181,578,314,435,227,530,71,406,470,541,293,46,100,360,368,438,48,488,142,653"
217,range_032626-032825,range_032776-032975,0.7,0.19999999999999996,0.45292963951728415,0.35314972354700025,"388,63,630,91,557,241,619,590,64,112,433,30,500,308,406,497,303,234,586,126"
218,range_032776-032975,range_032926-033125,0.65,0.15000000000000002,0.3715404628171049,0.24441980057873963,"446,70,416,122,384,324,11,279,96,436,20,546,651,628,396,275,629,112,59,591"
219,range_032926-033125,range_033076-033275,0.9,0.4,1.4158495518443772,0.9282427630636383,"566,318,43,296,368,24,46,598,95,627,403,474,262,662,342,174,453,364,263,103"
220,range_033076-033275,range_033226-033425,0.1,-0.4,0.4151900435779431,0.7611656928914208,"155,340,491,181,301,550,553,98,66,540,557,300,132,180,366,439,530,518,603,389"
221,range_033226-033425,range_033376-033575,0.1,-0.4,0.5466726514191146,0.7195903373742609,"435,643,340,60,194,477,320,525,331,390,494,231,313,207,556,71,108,350,57,161"
222,range_033376-033575,range_033526-033725,0.9,0.4,0.9512268445097384,0.8249255546711212,"479,442,170,446,64,85,319,27,180,302,100,65,62,562,431,482,582,69,657,140"
223,range_033526-033725,range_033676-033875,0.55,0.050000000000000044,0.7627735598325859,0.7568341052541059,"576,257,390,651,501,607,240,431,556,585,291,14,67,184,460,386,625,591,160,664"
224,range_033676-033875,range_033826-034025,0.65,0.15000000000000002,1.2209558004683339,0.9689866272326657,"606,620,497,355,327,653,83,55,118,282,205,520,296,89,266,303,662,164,542,395"
225,range_033826-034025,range_033976-034175,0.55,0.050000000000000044,0.10407381183804777,0.10043625794940259,"306,530,81,631,182,595,630,292,594,445,103,560,423,200,305,183,181,171,516,308"
226,range_033976-034175,range_034126-034325,0.2,-0.3,0.37106541581914454,0.4832524435339552,"205,316,343,346,303,109,68,578,211,169,168,292,504,78,3,38,59,459,204,521"
227,range_034126-034325,range_034276-034475,0.6,0.09999999999999998,0.3836194313506847,0.24529015608595944,"581,97,611,569,430,593,92,654,540,90,56,292,622,369,526,209,182,424,143,116"
228,range_034276-034475,range_034426-034625,0.35,-0.15000000000000002,0.5315805975681662,0.686227985023553,"441,344,158,165,189,499,383,22,512,470,443,140,657,182,493,586,542,330,440,530"
229,range_034426-034625,range_034576-034775,0.125,-0.375,0.0,0.2516596433428201,"453,494,566,45,580,37,412,612,393,571,39,43,561,209,376,523,611,368,214,599"
230,range_034576-034775,range_034726-034925,0.75,0.25,0.7773461280108953,0.45268924758358653,"13,350,105,408,392,507,375,260,266,268,510,324,261,310,195,589,172,446,429,159"
231,range_034726-034925,range_034876-035075,0.45,-0.04999999999999999,1.0786428998009456,1.1234619170171338,"584,582,325,331,528,13,362,115,437,118,487,452,328,62,614,616,272,338,373,624"
232,range_034876-035075,range_035026-035225,0.95,0.44999999999999996,1.39418308486205,0.9140164605322382,"311,79,383,77,563,280,457,127,623,132,388,321,519,513,144,455,647,245,330,192"
233,range_035026-035225,range_035176-035375,0.0,-0.5,0.0,0.5892062185430136,"154,155,255,223,119,415,366,534,137,281,664,324,554,592,337,157,103,644,637,472"
234,range_035176-035375,range_035326-035525,0.075,-0.425,0.0,0.20473419785591151,"316,143,382,308,522,368,113,202,533,45,538,365,256,167,615,598,483,5,662,78"
235,range_035326-035525,range_035476-035675,0.9,0.4,0.4629700297062282,0.17825103526332733,"522,103,116,617,403,202,620,463,549,440,612,141,586,365,164,296,147,221,214,498"
236,range_035476-035675,range_035626-035825,0.5,0.0,0.034898672890608225,0.013777371361579065,"526,430,99,439,498,351,580,522,127,427,215,97,262,226,469,483,222,571,74,474"
237,range_035626-035825,range_035776-035975,0.6,0.09999999999999998,0.8062150790325406,0.6813908763662904,"534,35,642,129,355,627,77,622,419,360,414,593,649,98,411,205,137,32,59,302"
238,range_035776-035975,range_035926-036125,0.45,-0.04999999999999999,0.5924334302368657,0.6198877348055445,"175,54,501,176,656,268,484,138,349,224,207,535,645,102,248,639,314,96,503,114"
239,range_035926-036125,range_036076-036275,0.0,-0.5,0.0,0.7740974697492815,"389,403,647,580,411,640,383,136,274,97,283,518,292,189,332,611,263,212,563,502"
240,range_036076-036275,range_036226-036425,0.3,-0.2,0.6768240137448849,0.7408995208307775,"476,553,409,286,157,422,492,257,166,377,568,290,595,629,396,261,62,448,101,145"
241,range_036226-036425,range_036376-036575,0.0,-0.5,0.0,0.7795319378965571,"647,68,95,56,474,343,278,388,287,221,265,43,483,304,403,446,336,399,214,412"
242,range_036376-036575,range_036526-036725,0.75,0.25,0.9819743830513914,0.60951725785878,"278,91,580,566,158,43,495,601,403,380,446,412,496,442,557,513,30,367,181,427"
243,range_036526-036725,range_036676-036875,0.35,-0.15000000000000002,0.7602488192476722,0.9270403779254187,"8,607,299,661,648,565,289,18,465,271,373,387,460,34,591,402,273,643,396,203"
244,range_036676-036875,range_036826-037025,1.0,0.5,1.804551948162688,0.363727913847447,"388,36,296,521,470,562,220,540,54,330,647,354,545,565,211,526,599,548,399,610"
245,range_036826-037025,range_036976-037175,0.25,-0.25,0.3017301738407845,0.5236101655802178,"24,593,600,196,599,430,526,367,505,513,458,90,383,164,445,395,208,507,56,97"
246,range_036976-037175,range_037126-037325,0.35,-0.15000000000000002,0.3028541732491489,0.449614255053409,"637,124,332,395,278,168,389,547,206,586,549,83,39,287,135,508,84,94,281,356"
247,range_037126-037325,range_037276-037475,0.25,-0.25,0.0,0.06664992361087238,"354,5,543,558,598,613,399,627,55,611,264,312,157,640,287,560,235,230,459,181"
248,range_037276-037475,range_037426-037625,0.9,0.4,0.37220424798528484,0.14015474918802795,"463,137,210,440,413,466,323,77,202,124,230,66,357,65,182,627,451,47,641,649"
249,range_037426-037625,range_037576-037775,0.65,0.15000000000000002,0.4676295242868915,0.24589440714396882,"71,450,374,265,320,579,366,369,47,643,394,297,163,356,89,406,403,518,7,508"
250,range_037576-037775,range_037726-037925,0.6,0.09999999999999998,0.6824575428829621,0.5966382959087375,"160,130,23,162,161,632,408,604,619,52,152,33,564,660,266,473,205,9,326,369"
251,range_037726-037925,range_037876-038075,0.65,0.15000000000000002,0.9416538407284137,0.8772072673182902,"625,588,528,115,334,539,329,501,328,485,76,19,114,359,506,23,503,325,25,105"
252,range_037876-038075,range_038026-038225,0.3,-0.2,1.1458455326015518,1.3205263882662668,"30,98,512,507,424,123,534,359,645,564,572,303,497,231,619,592,642,400,350,213"
253,range_038026-038225,range_038176-038375,0.15,-0.35,0.0,0.06215835571913708,"287,450,300,147,663,165,91,69,456,497,318,127,345,209,413,432,103,425,388,557"
254,range_038176-038375,range_038326-038525,0.9,0.4,0.5797636995489306,0.3400837440254496,"84,196,166,628,664,91,51,414,534,120,57,525,551,202,183,280,137,77,504,64"
255,range_038326-038525,range_038476-038675,0.6,0.09999999999999998,0.37591467133520173,0.3012566782180399,"497,520,611,135,461,562,306,131,364,227,139,33,98,598,331,2,434,450,123,196"
256,range_038476-038675,range_038626-038825,0.15,-0.35,0.14282714120641338,0.3273436997661389,"305,235,117,612,136,340,179,197,386,650,382,346,279,425,309,182,586,330,353,443"
257,range_038626-038825,range_038776-038975,0.25,-0.25,0.4084400391803234,0.490971676118242,"239,61,349,664,241,76,377,162,648,175,350,169,631,335,143,654,244,527,441,337"
258,range_038776-038975,range_038926-039125,0.0,-0.5,0.007629042729268664,0.4609704206184675,"69,352,495,204,167,47,324,126,396,8,548,243,100,344,117,584,660,34,297,304"
259,range_038926-039125,range_039076-039275,0.5,0.0,0.5149771060612045,0.5474170776134135,"355,569,523,541,167,492,450,227,78,542,384,310,174,593,299,50,520,478,193,152"
260,range_039076-039275,range_039226-039425,0.125,-0.375,0.0,0.20874012560220456,"246,513,315,425,432,43,173,410,192,213,174,171,292,183,638,378,462,351,40,164"
261,range_039226-039425,range_039376-039575,1.0,0.5,0.9002135163265333,0.33363130720969836,"604,659,403,318,94,190,55,302,71,95,663,24,572,189,303,322,479,311,474,165"
262,range_039376-039575,range_039526-039725,0.45,-0.04999999999999999,0.13963951796802387,0.19614400973558088,"296,189,432,356,570,393,599,561,188,383,77,220,99,43,55,238,89,549,209,132"
263,range_039526-039725,range_039676-039875,0.3,-0.2,0.3733530716180388,0.5980062091110293,"462,514,104,209,71,135,499,79,103,382,631,275,581,52,488,633,47,122,246,505"
264,range_039676-039875,range_039826-040025,0.15,-0.35,0.13528967448896928,0.37301015601372745,"578,384,618,493,32,658,9,96,227,171,415,65,5,63,500,311,304,196,419,46"
265,range_039826-040025,range_039976-040175,0.0,-0.5,0.0,0.4023449573143273,"346,410,28,71,206,513,662,378,456,38,25,165,135,596,631,389,158,493,418,183"
266,range_039976-040175,range_040126-040325,0.6,0.09999999999999998,0.4718600982695884,0.4526684347186155,"103,140,511,377,352,81,217,26,546,120,110,506,190,86,510,644,187,662,660,6"
267,range_040126-040325,range_040276-040475,0.0,-0.5,0.14641806321993123,0.5765074814719464,"136,310,100,147,562,510,365,246,451,233,86,434,220,250,177,46,101,296,70,292"
268,range_040276-040475,range_040426-040625,0.7,0.19999999999999996,0.4450658416541648,0.34831845633413333,"53,477,578,664,326,322,301,161,9,484,231,467,103,564,331,376,521,40,307,465"
269,range_040426-040625,range_040576-040775,0.9,0.4,0.9869008739145303,0.6382494848729845,"429,592,135,524,448,412,645,424,191,62,443,488,308,330,493,642,560,23,462,16"
270,range_040576-040775,range_040726-040925,0.05,-0.45,0.0894408468715022,0.4812296086465352,"536,515,653,98,621,205,441,368,156,437,505,64,7,74,396,195,479,466,0,618"
271,range_040726-040925,range_040876-041075,0.0,-0.5,0.0,0.8237290527988113,"566,282,599,294,603,46,95,165,233,617,634,308,287,315,213,427,63,316,117,24"
272,range_040876-041075,range_041026-041225,0.25,-0.25,0.08568389960864818,0.40669596852017775,"341,318,41,73,188,116,446,521,627,30,211,319,74,496,256,321,526,604,510,421"
273,range_041026-041225,range_041176-041375,0.1,-0.4,0.1541837967562396,0.6506187362856573,"245,188,237,580,440,173,214,77,343,292,43,64,56,537,464,635,78,640,389,95"
274,range_041176-041375,range_041326-041525,0.6,0.09999999999999998,0.4918435757804472,0.4497082989660848,"586,341,523,27,465,344,142,402,448,284,488,361,499,387,649,250,122,15,481,311"
275,range_041326-041525,range_041476-041675,0.7,0.19999999999999996,0.681113025015634,0.574964691388913,"201,370,290,241,94,80,162,385,335,176,336,53,568,289,476,339,374,6,460,353"
276,range_041476-041675,range_041626-041825,0.225,-0.275,0.0,0.14548187752559533,"580,510,474,126,49,41,537,462,602,213,245,483,27,526,617,43,116,315,15,183"
277,range_041626-041825,range_041776-041975,0.95,0.44999999999999996,0.8188370584978119,0.631127852341757,"150,466,302,394,343,38,2,628,238,58,136,443,327,586,593,216,386,579,547,206"
278,range_041776-041975,range_041926-042125,0.3,-0.2,0.38627158748328055,0.4878231295590498,"494,501,650,100,312,630,182,163,420,336,215,541,578,91,234,168,121,141,642,45"
279,range_041926-042125,range_042076-042275,0.15,-0.35,0.3563742051912243,0.6296492608667368,"347,180,568,647,380,315,512,308,158,406,615,235,293,246,432,300,196,344,421,461"
280,range_042076-042275,range_042226-042425,0.275,-0.22499999999999998,0.0,0.0171452586303124,"173,394,416,540,82,343,136,433,631,77,471,370,360,31,568,66,162,352,253,347"
281,range_042226-042425,range_042376-042575,0.4,-0.09999999999999998,0.08441817247606118,0.2880188814517628,"55,357,581,570,513,38,596,514,566,322,237,144,599,571,646,330,141,580,24,453"
282,range_042376-042575,range_042526-042725,0.375,-0.125,0.0,0.0,"406,596,330,254,97,237,571,116,300,575,55,440,246,43,574,647,209,211,205,28"
283,range_042526-042725,range_042676-042875,0.6,0.09999999999999998,0.3018261692833937,0.23518446334207854,"73,29,170,31,197,95,387,554,466,451,572,196,396,412,382,112,576,98,135,592"
284,range_042676-042875,range_042826-043025,0.0,-0.5,0.0,0.39854329298803837,"515,550,499,508,520,168,502,663,433,644,664,117,67,505,653,537,366,372,357,442"
285,range_042826-043025,range_042976-043175,0.3,-0.2,0.525741807832908,0.61800139167326,"203,353,299,582,326,13,162,545,405,76,20,447,486,377,201,176,17,621,656,625"
286,range_042976-043175,range_043126-043325,0.25,-0.25,0.0813954292470177,0.3931073418890959,"427,116,599,634,638,249,543,97,572,440,355,95,453,15,264,399,356,378,263,383"
287,range_043126-043325,range_043276-043475,0.1,-0.4,0.3812886913698351,0.6721473298084555,"545,604,370,139,115,21,172,597,199,118,326,373,178,454,169,449,527,524,277,621"
288,range_043276-043475,range_043426-043625,0.1,-0.4,0.18200543996556995,0.6940619824061444,"647,477,478,301,129,458,89,117,170,120,440,188,190,150,497,544,243,174,474,360"
289,range_043426-043625,range_043576-043775,0.8,0.30000000000000004,0.8380453911105726,0.738327836678107,"576,199,370,175,428,567,607,539,259,397,353,656,114,643,314,18,101,579,606,6"
290,range_043576-043775,range_043726-043925,0.0,-0.5,0.0,0.663460926030469,"79,483,192,158,563,127,220,469,226,390,451,47,144,498,553,187,345,236,579,262"
291,range_043726-043925,range_043876-044075,0.75,0.25,0.43792459195167194,0.30171383854282985,"153,246,189,63,376,221,220,321,238,401,274,457,56,427,99,496,557,0,472,467"
292,range_043876-044075,range_044026-044225,0.0,-0.5,0.0,0.45058055319363544,"270,516,45,92,468,103,193,414,319,104,332,191,602,429,456,550,60,71,493,557"
293,range_044026-044225,range_044176-044375,1.0,0.5,0.9040606320652353,0.13330759593831445,"55,226,24,87,598,165,388,599,610,617,380,225,181,376,99,335,95,158,430,521"
294,range_044176-044375,range_044326-044525,0.85,0.35,0.43215675047064056,0.19352772409718566,"265,627,103,234,182,306,408,413,354,59,620,477,547,353,624,614,319,310,173,227"
295,range_044326-044525,range_044476-044675,0.4,-0.09999999999999998,1.0775292591362111,1.404336777459452,"522,220,43,569,84,237,599,419,483,399,496,375,383,566,623,477,72,635,608,251"
296,range_044476-044675,range_044626-044825,0.25,-0.25,0.0,0.0010259801041631448,"575,432,189,663,215,442,638,256,250,451,434,10,24,35,55,64,428,323,213,243"
297,range_044626-044825,range_044776-044975,0.05,-0.45,0.4611000064443826,0.814511408969453,"588,336,349,616,57,529,391,248,576,76,639,370,385,436,524,484,314,397,19,277"
298,range_044776-044975,range_044926-045125,0.45,-0.04999999999999999,0.804328589530651,0.8457226660870372,"259,486,350,405,179,503,527,17,145,605,582,664,606,478,379,492,260,457,485,71"
299,range_044926-045125,range_045076-045275,0.15,-0.35,0.06008836571625122,0.48459421291148563,"237,354,283,406,399,282,557,330,574,246,571,498,46,214,580,548,596,401,512,75"
300,range_045076-045275,range_045226-045425,0.55,0.050000000000000044,0.4613767074748968,0.4318418824907459,"337,641,551,57,536,630,602,429,663,344,389,247,9,558,113,381,472,206,421,130"
301,range_045226-045425,range_045376-045575,0.85,0.35,0.8469973855920345,0.6703606863576901,"396,436,138,359,390,228,564,492,655,405,391,269,159,482,240,358,487,661,454,286"
302,range_045376-045575,range_045526-045725,0.7,0.19999999999999996,0.40400695110546353,0.3025671152255641,"571,580,180,36,191,406,11,95,28,350,498,282,131,527,617,345,575,211,236,494"
303,range_045526-045725,range_045676-045875,0.5,0.0,0.2371555750287117,0.26633140520436493,"351,164,602,393,601,376,24,35,79,73,520,364,640,554,392,380,163,324,8,221"
304,range_045676-045875,range_045826-046025,0.6,0.09999999999999998,0.47317193039476985,0.4409095771745367,"546,157,251,445,161,3,517,481,18,511,473,436,444,636,25,203,216,397,93,624"
305,range_045826-046025,range_045976-046175,0.2,-0.3,0.20713395855454314,0.4629070713575825,"407,557,92,497,5,204,236,657,143,36,74,196,649,634,596,32,533,9,650,435"
306,range_045976-046175,range_046126-046325,0.15,-0.35,0.0,0.23876036822102514,"135,116,296,104,470,525,591,465,654,122,55,56,383,316,631,546,504,72,365,382"
307,range_046126-046325,range_046276-046475,0.375,-0.125,0.0,0.0,"344,398,368,416,497,456,612,382,262,206,380,496,122,69,297,75,26,237,647,493"
308,range_046276-046475,range_046426-046625,0.025,-0.475,0.0,0.2764729266848298,"537,627,383,496,498,561,403,346,202,141,622,287,75,368,352,525,567,140,522,398"
309,range_046426-046625,range_046576-046775,0.8,0.30000000000000004,0.23649201492938796,0.08565865467929998,"366,255,11,117,573,594,249,465,659,518,204,182,469,337,508,400,425,493,202,157"
310,range_046576-046775,range_046726-046925,0.85,0.35,0.6636593523695158,0.5026018443119955,"619,92,103,414,32,201,6,381,550,622,208,350,19,538,215,94,656,160,651,591"
311,range_046726-046925,range_046876-047075,0.3,-0.2,0.10364974733745023,0.31333007196058876,"351,220,563,236,571,147,537,180,388,75,520,183,393,278,214,623,233,601,332,164"
312,range_046876-047075,range_047026-047225,0.15,-0.35,0.13816531467516185,0.31438683288037295,"172,91,459,511,434,261,124,155,293,387,178,649,160,461,193,630,218,8,342,419"
313,range_047026-047225,range_047176-047375,0.25,-0.25,0.7508286140753956,0.8834625539523471,"277,645,272,23,542,240,125,186,219,657,485,582,437,487,584,295,637,273,636,377"
314,range_047176-047375,range_047326-047525,0.9,0.4,1.6736665903992665,1.1370447452035832,"378,280,29,332,49,564,490,445,512,11,461,86,246,348,16,369,615,453,327,294"
315,range_047326-047525,range_047476-047675,0.15,-0.35,0.2801516942503051,0.4537715420371804,"4,247,518,166,443,400,497,548,38,540,100,355,550,446,385,368,596,276,635,345"
316,range_047476-047675,range_047626-047825,0.3,-0.2,0.7724728565677625,0.8836003656274917,"656,391,151,588,374,420,54,576,349,248,21,359,231,115,259,6,148,93,19,527"
317,range_047626-047825,range_047776-047975,1.0,0.5,1.515359558804544,0.6650561604464444,"574,111,83,632,385,406,627,64,340,225,586,476,117,590,491,196,71,69,515,511"
318,range_047776-047975,range_047926-048125,0.7,0.19999999999999996,0.686392041747303,0.5764545650037652,"49,510,442,51,472,410,159,597,270,644,50,473,300,226,455,121,84,536,91,649"
319,range_047926-048125,range_048076-048275,0.45,-0.04999999999999999,0.40058220789420623,0.4069425268616799,"471,402,605,656,279,407,69,34,23,334,484,390,564,81,21,289,248,613,232,524"
320,range_048076-048275,range_048226-048425,0.075,-0.425,0.018059990406576784,0.4912734692606262,"522,79,483,58,158,262,393,75,466,580,74,127,432,469,495,563,440,237,571,543"
321,range_048226-048425,range_048376-048575,0.35,-0.15000000000000002,0.25740016987663916,0.38244339599209376,"461,632,170,348,555,341,302,111,504,511,171,589,70,40,448,293,68,71,584,163"
322,range_048376-048575,range_048526-048725,1.0,0.5,0.8975321616676266,0.4664623549110981,"51,133,521,548,603,286,266,350,119,418,460,336,457,222,30,244,658,168,482,273"
323,range_048526-048725,range_048676-048875,0.15,-0.35,0.38179864087142185,0.6546326630256827,"284,414,182,10,270,428,465,341,202,312,366,66,619,573,260,338,584,163,364,655"
324,range_048676-048875,range_048826-049025,0.2,-0.3,0.611562604644991,0.7397662818798444,"471,614,449,358,353,371,16,240,377,503,276,585,101,486,339,239,118,447,639,390"
325,range_048826-049025,range_048976-049175,0.5,0.0,0.8674487660867272,0.9004976237334666,"266,156,232,369,600,379,149,190,212,195,200,448,81,362,386,82,271,50,509,587"
326,range_048976-049175,range_049126-049325,0.1,-0.4,0.41743946316425773,0.7767472586278287,"188,635,412,303,123,522,575,537,99,296,440,415,598,646,68,581,55,457,214,599"
327,range_049126-049325,range_049276-049475,0.4,-0.09999999999999998,0.3129688248021661,0.4477027316998986,"373,120,605,176,21,551,207,149,349,606,482,20,501,471,231,371,639,285,645,172"
328,range_049276-049475,range_049426-049625,0.05,-0.45,0.9714992473618211,1.2078944607516489,"239,118,588,107,656,431,12,531,149,473,358,605,420,373,476,277,317,17,604,120"
329,range_049426-049625,range_049576-049775,0.8,0.30000000000000004,0.8420778220094532,0.5939622036025229,"381,308,569,270,649,615,352,611,425,38,401,181,400,211,100,119,144,183,249,260"
330,range_049576-049775,range_049726-049925,1.0,0.5,1.4054908455086745,0.7409343687159202,"650,118,385,509,449,584,375,277,16,577,568,636,643,248,452,625,224,379,52,169"
331,range_049726-049925,range_049876-050075,0.5,0.0,1.1501297379103617,1.0873651857561804,"191,450,15,177,58,595,493,659,573,103,126,173,66,308,613,381,550,627,579,77"
332,range_049876-050075,range_050026-050225,0.1,-0.4,0.0,0.2001142445057535,"116,208,602,658,389,245,243,164,43,56,183,580,220,468,558,403,214,318,483,237"
333,range_050026-050225,range_050176-050375,0.95,0.44999999999999996,0.9590506555026156,0.7301419027460943,"565,633,139,417,587,629,232,148,161,621,150,1,219,239,606,289,8,374,588,524"
334,range_050176-050375,range_050326-050525,0.9,0.4,1.7596774658637497,1.548710032886476,"431,139,64,661,420,527,418,476,93,138,185,33,556,444,535,219,176,506,57,550"
335,range_050326-050525,range_050476-050675,0.25,-0.25,0.7034875636471492,0.8936859203494943,"557,200,578,496,112,278,516,613,230,440,173,212,210,158,318,530,594,122,30,282"
336,range_050476-050675,range_050626-050825,0.85,0.35,0.9313564181925296,0.6917589550093675,"294,293,42,541,433,14,44,17,11,323,180,609,200,149,129,71,530,139,18,190"
337,range_050626-050825,range_050776-050975,0.95,0.44999999999999996,0.9907098426019,0.7508560653012626,"162,651,216,35,660,33,636,108,447,25,149,18,1,294,402,266,404,302,410,408"
338,range_050776-050975,range_050926-051125,0.2,-0.3,0.1256054746911095,0.850082935449287,"467,192,465,608,158,573,233,90,144,76,501,236,579,245,529,563,75,321,451,544"
339,range_050926-051125,range_051076-051275,0.1,-0.4,0.046210832846473614,0.5954947172809298,"520,188,486,513,243,47,470,451,351,225,213,554,505,5,323,2,356,24,393,383"
340,range_051076-051275,range_051226-051425,0.7,0.19999999999999996,0.5584843402192939,0.5020143223006859,"405,29,134,142,135,273,367,531,162,328,175,422,404,428,39,544,71,506,591,655"
341,range_051226-051425,range_051376-051575,0.85,0.35,0.9104220683693264,0.7010166178092613,"39,68,238,490,422,57,595,294,398,281,179,110,299,153,545,536,589,62,623,250"
342,range_051376-051575,range_051526-051725,0.4,-0.09999999999999998,0.08785625673428261,0.16753757008234965,"26,250,380,78,364,580,637,24,498,504,95,569,388,157,586,297,627,453,237,87"
343,range_051526-051725,range_051676-051875,0.75,0.25,0.2518318556057939,0.09821935172155646,"443,171,380,483,496,411,126,430,372,580,157,192,612,38,322,77,92,490,563,399"
344,range_051676-051875,range_051826-052025,0.45,-0.04999999999999999,0.3664110128983334,0.383414297776808,"516,121,282,432,52,68,98,421,28,454,490,301,623,315,94,219,124,663,559,649"
345,range_051826-052025,range_051976-052175,1.0,0.5,0.8976938003409624,0.4776877953247777,"368,297,414,534,202,655,594,398,433,514,615,117,357,300,196,372,152,82,42,84"
346,range_051976-052175,range_052126-052325,0.125,-0.375,0.0,0.20459993377360958,"581,617,147,225,189,219,164,456,494,493,234,158,246,378,462,11,78,206,250,36"
347,range_052126-052325,range_052276-052475,0.6,0.09999999999999998,0.20738894687510914,0.15979041644294217,"38,443,191,432,361,380,144,196,439,283,451,663,530,648,209,214,491,270,426,274"
348,range_052276-052475,range_052426-052625,0.8,0.30000000000000004,0.8620341063720008,0.7446451999325305,"176,285,391,203,198,107,359,447,334,186,373,370,362,37,402,105,25,379,476,199"
349,range_052426-052625,range_052576-052775,0.3,-0.2,1.2089353978053679,1.411153822518619,"414,49,81,310,536,176,408,205,630,61,270,558,510,422,335,364,313,511,645,620"
350,range_052576-052775,range_052726-052925,0.8,0.30000000000000004,0.5689983949902913,0.31173886901727316,"617,233,196,596,297,432,58,99,260,526,55,330,254,35,261,575,91,477,498,388"
351,range_052726-052925,range_052876-053075,0.25,-0.25,0.28890591579313896,0.47137293738500746,"591,52,307,324,366,398,587,490,573,212,6,367,293,111,323,590,268,128,208,22"
352,range_052876-053075,range_053026-053225,0.2,-0.3,0.2876774741627267,0.5175680038869441,"111,265,425,172,102,163,260,510,175,644,200,85,410,442,379,133,508,554,219,144"
353,range_053026-053225,range_053176-053375,0.2,-0.3,0.4487525866166102,0.7754275645449005,"264,188,256,571,253,247,389,513,32,263,537,590,617,55,434,209,312,483,498,75"
354,range_053176-053375,range_053326-053525,0.05,-0.45,0.22219507050920087,0.4255369558523333,"197,213,387,182,49,174,234,149,50,251,529,106,69,38,368,27,270,129,101,550"
355,range_053326-053525,range_053476-053675,0.1,-0.4,0.0,0.2271339068864487,"440,490,226,432,553,455,383,116,74,309,496,50,599,270,153,49,58,596,214,557"
356,range_053476-053675,range_053626-053825,0.15,-0.35,0.0,0.13139537538171003,"322,205,477,581,56,573,612,467,601,505,283,189,398,135,656,574,427,495,213,401"
357,range_053626-053825,range_053776-053975,0.65,0.15000000000000002,0.743706836245469,0.6521749713942577,"317,52,374,20,139,149,39,489,224,161,207,405,21,629,402,431,295,232,535,6"
358,range_053776-053975,range_053926-054125,0.05,-0.45,0.7469117749491342,1.0775249426278064,"102,261,320,240,128,410,193,472,631,313,235,229,655,426,271,414,626,622,369,86"
359,range_053926-054125,range_054076-054275,0.2,-0.3,0.6406086358884576,1.0533834870680021,"566,206,430,102,24,73,463,523,174,69,441,411,412,599,426,43,453,87,464,443"
360,range_054076-054275,range_054226-054425,0.6,0.09999999999999998,0.13691472039493063,0.030530705843586924,"119,611,421,327,534,645,541,574,337,398,290,235,395,375,307,19,511,230,303,548"
361,range_054226-054425,range_054376-054575,0.3,-0.2,0.7732524345265609,0.9187802545645354,"19,431,172,588,652,17,485,397,14,621,639,114,482,487,402,405,20,577,535,447"
362,range_054376-054575,range_054526-054725,0.15,-0.35,0.9736298020655922,1.3106683114679418,"340,311,262,158,472,580,321,79,520,89,483,4,137,522,283,563,523,127,400,43"
363,range_054526-054725,range_054676-054875,0.3,-0.2,0.2583041606281221,0.37363693244252183,"104,547,212,347,29,332,463,557,181,101,150,602,135,644,442,573,226,283,264,512"
364,range_054676-054875,range_054826-055025,0.2,-0.3,0.0,0.15222938003958464,"512,171,537,437,631,591,136,275,456,662,403,352,470,567,465,298,36,227,140,638"
365,range_054826-055025,range_054976-055175,0.25,-0.25,0.22933542147655092,0.3080257955913154,"414,167,562,191,555,632,664,204,553,265,573,195,136,444,626,4,603,10,467,302"
366,range_054976-055175,range_055126-055325,0.85,0.35,0.5921919716221729,0.3752298507702404,"335,577,659,648,626,556,477,261,231,34,445,473,603,340,31,71,122,423,96,538"
367,range_055126-055325,range_055276-055475,0.4,-0.09999999999999998,0.5150206589697383,0.6195328465399117,"453,549,412,89,87,559,395,537,59,619,41,163,135,301,55,512,436,569,570,213"
368,range_055276-055475,range_055426-055625,0.3,-0.2,0.3826145532134556,0.45465757942832086,"303,559,110,289,439,553,434,7,60,589,505,537,152,270,194,389,454,59,293,44"
369,range_055426-055625,range_055576-055775,0.3,-0.2,0.37350161719862446,0.4525887190371023,"308,303,634,126,195,291,247,284,487,350,653,230,445,152,49,173,191,111,491,330"
370,range_055576-055775,range_055726-055925,0.1,-0.4,0.0,0.48105570772861694,"456,52,617,540,56,537,546,469,28,247,575,380,458,601,53,280,214,128,45,32"
371,range_055726-055925,range_055876-056075,0.35,-0.15000000000000002,0.2761969208564091,0.366670256887762,"428,100,233,463,589,265,413,175,219,614,603,26,546,593,182,440,526,661,51,530"
372,range_055876-056075,range_056026-056225,0.8,0.30000000000000004,0.25397518778563766,0.0,"403,235,554,38,537,395,253,225,610,646,432,207,520,24,354,85,495,424,68,98"
373,range_056026-056225,range_056176-056375,0.4,-0.09999999999999998,0.8681957215684417,0.9018494339655608,"565,539,252,102,54,331,588,207,13,37,487,604,219,359,454,271,231,57,162,420"
374,range_056176-056375,range_056326-056525,0.0,-0.5,0.6914788231614183,1.0281983134391668,"316,501,154,234,423,357,171,26,72,227,39,163,122,244,197,398,91,317,0,544"
375,range_056326-056525,range_056476-056675,0.4,-0.09999999999999998,1.0502129406137233,1.115765427768571,"263,399,158,571,295,189,453,566,450,58,662,561,355,292,87,127,502,245,360,246"
376,range_056476-056675,range_056626-056825,0.6,0.09999999999999998,0.9596984903181619,0.902145187397638,"62,335,460,248,636,338,80,517,577,405,13,652,452,606,277,149,201,392,408,276"
377,range_056626-056825,range_056776-056975,0.3,-0.2,0.5159759032032973,0.9334345947851557,"116,164,189,617,297,310,43,95,610,502,647,516,315,518,82,245,233,464,121,649"
378,range_056776-056975,range_056926-057125,0.55,0.050000000000000044,0.29320393637014164,0.2865079113611794,"37,645,447,353,565,271,16,331,273,1,239,17,276,195,317,289,503,452,94,367"
379,range_056926-057125,range_057076-057275,0.85,0.35,0.9867691890903996,0.6920815672379782,"135,284,285,229,22,505,569,191,129,365,424,253,116,102,554,351,499,537,653,173"
380,range_057076-057275,range_057226-057425,0.9,0.4,0.21613266037493317,0.05537243169761977,"407,363,538,321,586,28,72,663,455,347,218,552,558,575,269,560,50,365,432,294"
381,range_057226-057425,range_057376-057575,0.75,0.25,0.5795305210984552,0.4202554900654602,"30,573,121,5,575,598,514,647,209,466,646,284,470,424,445,407,664,8,413,189"
382,range_057376-057575,range_057526-057725,0.7,0.19999999999999996,0.3562334612911399,0.21919310472149905,"344,638,463,416,3,364,601,424,122,575,224,451,645,228,658,469,598,449,275,337"
383,range_057526-057725,range_057676-057875,0.4,-0.09999999999999998,0.39939796740617234,0.49003479682508666,"304,133,251,291,423,156,494,587,650,320,142,307,465,101,554,110,88,275,313,369"
384,range_057676-057875,range_057826-058025,0.75,0.25,0.70636037144407,0.632102659599578,"13,482,252,277,397,652,362,481,487,545,625,248,107,186,176,405,184,633,146,370"
385,range_057826-058025,range_057976-058175,0.05,-0.45,0.14437974360779063,0.7067246885399534,"142,213,124,233,315,566,413,526,220,537,245,469,43,558,479,351,97,81,458,70"
386,range_057976-058175,range_058126-058325,0.8,0.30000000000000004,0.6232728333336861,0.5168738144168914,"362,528,151,584,338,545,655,184,10,326,285,408,436,217,405,397,37,486,375,606"
387,range_058126-058325,range_058276-058475,0.8,0.30000000000000004,1.2527747848377875,0.64949669358738,"659,56,525,225,98,324,427,199,40,63,83,189,167,401,11,523,537,31,177,351"
388,range_058276-058475,range_058426-058625,0.9,0.4,0.31900964194967196,0.0949250951001715,"117,356,554,127,84,598,401,562,254,540,456,324,95,544,457,311,501,69,183,480"
389,range_058426-058625,range_058576-058775,0.2,-0.3,0.41228905946574784,0.6787313855778181,"164,208,592,632,24,599,246,225,214,440,634,287,459,483,495,561,526,47,480,158"
390,range_058576-058775,range_058726-058925,0.2,-0.3,0.7848405458245514,0.8595253501561367,"114,184,19,444,475,625,535,14,17,146,503,12,151,207,639,532,588,633,529,614"
391,range_058726-058925,range_058876-059075,0.2,-0.3,0.3080681866415975,0.5550750576309886,"354,211,261,571,462,171,521,210,372,63,237,260,40,69,470,445,599,244,97,575"
392,range_058876-059075,range_059026-059225,0.6,0.09999999999999998,0.30160763868386314,0.11934541808484861,"188,304,315,496,244,495,24,351,60,11,421,16,263,36,647,413,424,35,83,8"
393,range_059026-059225,range_059176-059375,0.6,0.09999999999999998,0.10711942329746485,0.02747510847891098,"424,647,572,570,246,318,561,221,432,196,513,263,116,189,165,351,557,466,559,95"
394,range_059176-059375,range_059326-059525,0.05,-0.45,0.10825578624487614,0.4525468281060634,"287,63,9,123,327,95,495,38,599,526,440,236,561,421,196,104,56,474,593,209"
395,range_059326-059525,range_059476-059675,0.1,-0.4,0.19306623251599297,0.5296401287884596,"16,339,267,528,39,568,33,353,651,486,487,409,420,17,285,6,370,146,333,556"
396,range_059476-059675,range_059626-059825,0.0,-0.5,0.024744956054211925,0.689702066387344,"347,246,205,632,43,283,350,300,406,55,354,200,573,303,646,575,430,180,233,540"
397,range_059626-059825,range_059776-059975,0.85,0.35,0.953784721090524,0.6358454260106821,"130,108,529,659,361,269,102,81,473,445,450,157,235,174,142,368,410,463,489,525"
398,range_059776-059975,range_059926-060125,0.95,0.44999999999999996,0.7238440804232662,0.24497522095909535,"55,648,0,38,532,312,253,505,123,197,586,122,192,206,540,662,344,635,491,113"
399,range_059926-060125,range_060076-060275,0.05,-0.45,0.13478198641181846,0.5460993422429088,"644,346,112,461,72,135,472,350,49,235,618,459,649,553,534,615,632,238,468,137"
400,range_060076-060275,range_060226-060425,0.5,0.0,0.5150324322048893,0.49499360654885344,"513,450,238,458,36,209,24,569,459,323,553,182,222,601,572,455,383,287,220,561"
401,range_060226-060425,range_060376-060575,0.95,0.44999999999999996,0.6062522955132379,0.23563383329242998,"251,259,530,333,267,45,48,650,33,96,391,604,428,335,306,661,109,422,358,613"
402,range_060376-060575,range_060526-060725,0.5,0.0,1.0533904922329715,1.0397182903372584,"356,315,190,129,158,561,237,474,612,596,79,97,243,432,212,383,445,126,209,461"
403,range_060526-060725,range_060676-060875,0.85,0.35,0.7042907807854116,0.5177622479518122,"85,59,367,82,42,365,414,619,361,195,135,552,539,416,229,507,234,18,7,514"
404,range_060676-060875,range_060826-061025,0.55,0.050000000000000044,0.4682929261529386,0.4186188828715326,"649,332,117,196,212,206,126,380,540,225,351,595,515,183,619,30,236,593,608,130"
405,range_060826-061025,range_060976-061175,0.8,0.30000000000000004,1.2749821329100195,0.9343504842929413,"75,28,383,376,282,600,566,626,196,156,130,540,256,620,309,462,206,164,593,270"
406,range_060976-061175,range_061126-061325,0.55,0.050000000000000044,0.3649629297744478,0.3472276960892626,"545,147,98,2,520,587,350,464,387,316,226,366,549,394,92,213,32,89,265,177"
407,range_061126-061325,range_061276-061475,0.25,-0.25,0.5400415202562314,0.6439324989354038,"336,547,481,644,118,276,371,554,577,94,544,486,587,564,29,62,431,556,240,207"
408,range_061276-061475,range_061426-061625,0.175,-0.325,0.0,0.8846872913508012,"608,466,119,163,594,237,233,571,154,599,88,9,220,24,534,351,566,498,458,635"
409,range_061426-061625,range_061576-061775,0.9,0.4,0.746402520745452,0.5362927599961667,"441,649,300,344,510,281,153,525,51,573,364,260,121,642,494,361,434,109,50,42"
410,range_061576-061775,range_061726-061925,0.45,-0.04999999999999999,0.3044172228627349,0.3054166468019104,"292,173,212,7,246,260,192,90,69,315,21,174,432,519,496,580,183,181,389,43"
411,range_061726-061925,range_061876-062075,0.15,-0.35,0.0,0.12290935096942959,"599,43,494,351,69,71,566,474,647,580,7,24,522,75,496,245,427,608,570,399"
412,range_061876-062075,range_062026-062225,0.4,-0.09999999999999998,0.21117390344117676,0.24427465394221376,"378,97,139,347,234,296,400,123,227,189,51,438,22,533,372,221,71,440,147,141"
413,range_062026-062225,range_062176-062375,0.05,-0.45,0.026012531171068717,0.2540371111468599,"267,658,487,531,50,556,384,106,110,302,361,258,272,366,614,517,212,597,155,172"
414,range_062176-062375,range_062326-062525,0.5,0.0,0.5681772082185458,0.5615063263645235,"302,448,372,197,582,590,554,122,148,615,40,195,268,632,205,269,368,171,204,459"
415,range_062326-062525,range_062476-062675,0.1,-0.4,0.25169563823641766,0.6447003613670937,"640,213,221,308,147,593,466,512,316,402,428,560,90,45,215,462,319,209,347,493"
416,range_062476-062675,range_062626-062825,0.4,-0.09999999999999998,0.17202696941452805,0.2672354659694782,"60,363,460,10,401,592,48,345,369,557,609,30,451,624,661,275,134,602,619,603"
417,range_062626-062825,range_062776-062975,0.45,-0.04999999999999999,0.5515310060798869,0.6047449198326796,"278,75,236,617,212,218,214,626,89,608,164,445,257,394,376,296,642,68,343,158"
418,range_062776-062975,range_062926-063125,0.5,0.0,0.4031331520044414,0.4053947447211115,"310,190,384,642,446,15,567,511,274,558,272,654,437,212,177,366,589,396,401,521"
419,range_062926-063125,range_063076-063275,0.95,0.44999999999999996,1.1540897388495555,0.8485528829495752,"329,224,444,652,334,482,207,528,328,20,54,6,62,203,107,501,577,198,115,252"
420,range_063076-063275,range_063226-063425,0.45,-0.04999999999999999,1.5090931904481681,1.5125909175115773,"564,432,523,566,346,63,105,321,644,435,608,388,154,81,646,573,332,640,430,213"
421,range_063226-063425,range_063376-063575,0.7,0.19999999999999996,0.054775714123510774,0.0,"303,196,478,134,378,381,395,154,112,644,641,642,256,253,511,95,469,117,212,502"
422,range_063376-063575,range_063526-063725,0.1,-0.4,0.26061537454764205,0.35905739760729777,"643,637,194,553,291,446,460,203,565,605,657,306,179,588,476,120,109,621,604,39"
423,range_063526-063725,range_063676-063875,0.35,-0.15000000000000002,0.10740651905296886,0.2356546409272035,"300,406,462,117,123,303,540,573,580,246,587,399,557,283,237,646,574,575,29,360"
424,range_063676-063875,range_063826-064025,0.325,-0.175,0.0,0.06827520815406243,"508,378,575,157,438,572,634,365,615,45,401,495,620,132,464,129,518,83,202,171"
425,range_063826-064025,range_063976-064175,0.5,0.0,0.370070210045715,0.41917936094236247,"41,160,101,515,662,511,560,140,219,619,369,448,48,109,9,414,39,157,130,241"
426,range_063976-064175,range_064126-064325,0.95,0.44999999999999996,1.023366278856543,0.4520913758136668,"158,383,440,209,225,342,202,631,182,129,641,410,61,165,498,388,147,352,549,546"
427,range_064126-064325,range_064276-064475,0.65,0.15000000000000002,0.861849045334085,0.7729757760761524,"662,23,553,322,339,219,231,632,141,140,350,82,298,251,11,541,517,149,452,61"
428,range_064276-064475,range_064426-064625,0.9,0.4,0.9821249919835108,0.7926491058284021,"111,655,326,64,269,390,272,486,639,587,375,242,268,266,257,184,600,131,109,553"
429,range_064426-064625,range_064576-064775,0.55,0.050000000000000044,0.9325569261301806,0.8876213688180297,"83,312,177,287,460,204,46,292,188,194,330,97,380,556,620,193,566,236,440,495"
430,range_064576-064775,range_064726-064925,0.95,0.44999999999999996,1.2658552148808855,0.5142272422540266,"131,216,333,162,48,565,409,391,636,85,475,109,96,481,591,223,166,517,313,336"
431,range_064726-064925,range_064876-065075,0.55,0.050000000000000044,1.240613388621536,1.1588487715570568,"315,310,43,461,213,183,516,593,411,69,634,164,453,173,351,490,236,522,47,262"
432,range_064876-065075,range_065026-065225,0.3,-0.2,0.1515238433324589,0.35761622861424064,"579,230,591,20,365,179,195,26,565,65,627,163,37,142,199,217,454,405,545,476"
433,range_065026-065225,range_065176-065375,0.05,-0.45,0.25315001746438376,0.5867285982701089,"41,195,576,306,175,51,311,15,272,655,66,554,607,615,395,255,574,355,354,657"
434,range_065176-065375,range_065326-065525,0.075,-0.425,0.0,0.2945755414940341,"363,123,456,91,496,554,236,126,401,415,459,646,490,127,283,254,343,211,287,315"
435,range_065326-065525,range_065476-065675,0.25,-0.25,0.0590833924019984,0.12957316496733892,"658,132,550,134,511,227,72,230,564,218,546,642,477,235,600,372,280,137,168,182"
436,range_065476-065675,range_065626-065825,0.3,-0.2,0.7705128672351178,0.839675447812163,"22,539,10,169,285,660,276,175,487,664,271,371,34,334,277,179,178,659,452,295"
437,range_065626-065825,range_065776-065975,0.1,-0.4,0.24926645480619128,0.666141335302129,"617,401,613,534,224,602,15,79,97,230,95,470,398,71,525,499,342,635,92,496"
438,range_065776-065975,range_065926-066125,0.35,-0.15000000000000002,0.03358907924684749,0.14626218630537252,"89,100,543,122,459,574,165,147,622,171,72,569,597,540,630,182,225,123,646,341"
439,range_065926-066125,range_066076-066275,0.275,-0.22499999999999998,0.0,0.04577774881295424,"384,513,354,522,380,75,256,483,575,508,28,104,233,220,226,573,8,566,303,403"
440,range_066076-066275,range_066226-066425,0.15,-0.35,0.0,0.20726170917650083,"396,384,477,166,183,171,514,620,316,635,234,493,108,29,169,586,177,141,167,365"
441,range_066226-066425,range_066376-066575,0.65,0.15000000000000002,0.3957193901121171,0.33299268364267554,"363,174,117,589,56,281,542,250,383,192,465,416,208,132,332,657,72,622,283,135"
442,range_066376-066575,range_066526-066725,1.0,0.5,0.993799564240974,0.4545328479339822,"634,153,618,360,202,74,463,193,29,179,278,315,664,241,35,225,493,552,89,9"
443,range_066526-066725,range_066676-066875,0.9,0.4,1.302980407795238,0.8458785538728113,"4,94,418,472,153,152,550,111,510,623,353,96,218,391,366,386,268,414,664,35"
444,range_066676-066875,range_066826-067025,0.25,-0.25,0.5660967060726276,0.9084177568136456,"215,417,367,307,196,158,433,286,28,413,123,122,222,393,56,55,560,294,525,323"
445,range_066826-067025,range_066976-067175,0.1,-0.4,0.0,0.5291411280304422,"245,237,243,427,601,278,95,617,75,104,47,43,221,483,404,84,580,523,208,90"
446,range_066976-067175,range_067126-067325,0.0,-0.5,0.46147961410960403,0.7030654139648524,"331,656,524,624,475,201,585,118,621,509,476,172,371,76,106,295,199,317,545,12"
447,range_067126-067325,range_067276-067475,0.05,-0.45,0.3528720567441499,0.7025429524709337,"563,469,177,150,461,412,337,123,401,9,256,646,121,4,0,514,81,22,638,89"
448,range_067276-067475,range_067426-067625,0.95,0.44999999999999996,0.8597184026720683,0.7155576056191388,"532,476,14,387,652,317,198,37,539,326,334,185,349,471,134,33,616,314,551,405"
449,range_067426-067625,range_067576-067775,0.95,0.44999999999999996,1.32920966328046,1.109392719646011,"121,9,251,132,232,358,304,554,268,244,324,387,506,632,486,367,39,18,27,373"
450,range_067576-067775,range_067726-067925,0.95,0.44999999999999996,0.8044234839742808,0.15424610029975167,"253,221,104,600,365,319,112,421,55,599,129,347,549,4,554,413,98,164,380,559"
451,range_067726-067925,range_067876-068075,0.15,-0.35,0.4035815538352416,0.6105642436984182,"605,107,524,184,657,271,607,118,201,7,219,228,588,639,431,102,314,506,527,625"
452,range_067876-068075,range_068026-068225,0.8,0.30000000000000004,1.2989532112984388,0.7709647703909408,"411,263,496,462,466,24,173,280,561,91,638,79,250,581,383,467,566,648,601,641"
453,range_068026-068225,range_068176-068375,1.0,0.5,1.2621700959056028,0.0,"491,38,570,284,263,24,220,412,202,566,496,43,608,523,599,87,474,525,73,364"
454,range_068176-068375,range_068326-068525,0.4,-0.09999999999999998,0.6096701641784982,0.6483903988280354,"309,657,435,260,437,646,414,187,146,648,468,228,53,597,255,89,302,249,604,439"
455,range_068326-068525,range_068476-068675,0.7,0.19999999999999996,0.26371415734758685,0.08133222560064822,"164,294,296,470,440,101,269,222,206,24,123,192,283,520,121,619,480,505,141,622"
456,range_068476-068675,range_068626-068825,0.2,-0.3,0.20333898773771242,0.3424490423089898,"596,154,543,1,489,573,499,298,421,384,348,195,139,653,183,241,294,562,238,11"
457,range_068626-068825,range_068776-068975,0.3,-0.2,0.3153743991563896,0.448774304046625,"343,399,569,519,555,214,432,154,97,189,512,383,232,226,320,526,89,573,553,472"
458,range_068776-068975,range_068926-069125,0.125,-0.375,0.0,0.14529022979096484,"233,383,237,245,401,38,617,43,518,403,164,116,522,24,294,566,214,498,469,608"
459,range_068926-069125,range_069076-069275,0.45,-0.04999999999999999,0.5052669736414622,0.5284512396459948,"142,200,556,159,565,409,408,276,145,651,34,160,82,290,448,62,387,645,289,80"
460,range_069076-069275,range_069226-069425,0.15,-0.35,0.40720700378156627,0.6906925954823959,"623,82,305,577,63,401,123,127,495,549,443,406,512,260,412,578,18,572,540,426"
461,range_069226-069425,range_069376-069575,0.45,-0.04999999999999999,0.2275898069779423,0.28761182775286065,"300,154,43,646,237,278,516,155,245,310,522,394,571,231,451,647,296,164,233,617"
462,range_069376-069575,range_069526-069725,0.075,-0.425,0.0,0.18969591160238036,"150,409,141,319,648,179,507,156,525,545,72,542,480,152,410,194,414,7,249,170"
463,range_069526-069725,range_069676-069875,0.05,-0.45,0.0,0.4729825028456801,"344,318,24,496,220,171,608,219,453,213,412,428,610,399,296,599,87,566,174,580"
464,range_069676-069875,range_069826-070025,0.7,0.19999999999999996,0.3646447656940684,0.2534418114689477,"154,153,518,30,530,326,449,180,366,428,210,590,541,365,155,353,497,591,429,235"
465,range_069826-070025,range_069976-070175,0.3,-0.2,0.3872632165000762,0.5072381442897953,"69,530,73,598,123,561,388,308,364,618,78,493,250,496,427,9,71,491,580,519"
466,range_069976-070175,range_070126-070325,0.275,-0.22499999999999998,0.0,0.0,"74,158,58,498,79,522,245,249,400,563,495,345,237,75,236,127,593,440,363,483"
467,range_070126-070325,range_070276-070475,0.9,0.4,0.6458865908625473,0.2752855967478227,"356,627,607,570,617,393,647,430,263,250,246,380,558,36,220,86,165,488,383,269"
468,range_070276-070475,range_070426-070625,0.95,0.44999999999999996,0.7369097188545366,0.39723414711943783,"497,79,346,640,569,358,610,117,496,192,264,421,411,70,636,267,99,82,642,268"
469,range_070426-070625,range_070576-070775,0.175,-0.325,0.0,0.08531441370389627,"72,345,549,538,129,92,5,552,215,144,2,58,401,369,104,599,321,165,15,263"
470,range_070576-070775,range_070726-070925,0.75,0.25,1.0904223064499856,0.7838803195321431,"652,621,329,217,532,277,460,506,625,13,524,436,248,577,252,420,643,452,108,405"
471,range_070726-070925,range_070876-071075,0.2,-0.3,1.046644581514847,1.361899680719083,"262,563,483,192,15,144,363,345,635,498,522,74,378,237,536,46,243,559,263,255"
472,range_070876-071075,range_071026-071225,0.45,-0.04999999999999999,0.7475936555439657,0.8439298995232221,"391,484,535,371,148,656,397,420,326,19,151,605,582,146,184,94,267,629,485,185"
473,range_071026-071225,range_071176-071375,0.85,0.35,1.5358421578975583,0.9624992657909868,"398,566,95,533,43,343,513,24,78,581,523,141,599,237,364,598,46,647,615,635"
474,range_071176-071375,range_071326-071525,0.8,0.30000000000000004,1.9503148341433632,1.7566430818032641,"362,151,616,198,349,639,605,93,21,506,485,535,14,584,625,528,334,582,115,186"
475,range_071326-071525,range_071476-071675,0.0,-0.5,1.2604723089063954,1.6018990049969946,"272,10,20,134,259,431,501,267,128,645,62,293,567,374,239,169,402,114,242,419"
476,range_071476-071675,range_071626-071825,0.05,-0.45,0.5057799227999854,1.20839268491126,"246,244,43,432,558,225,399,236,296,573,526,378,220,594,600,123,55,245,571,646"
477,range_071626-071825,range_071776-071975,0.2,-0.3,0.0,0.08130048146910515,"112,99,291,295,425,572,313,299,24,569,536,176,174,423,509,451,127,413,0,403"
478,range_071776-071975,range_071926-072125,0.75,0.25,0.4102336015896679,0.32330594893674514,"416,34,366,504,9,0,604,267,100,150,331,86,591,365,662,265,77,218,337,73"
479,range_071926-072125,range_072076-072275,0.45,-0.04999999999999999,0.4368177013788156,0.4697637723300293,"536,326,417,52,597,492,110,392,146,539,422,562,76,348,521,642,317,244,320,177"
480,range_072076-072275,range_072226-072425,0.05,-0.45,0.3939956399660149,0.7493153038325251,"231,199,115,277,629,186,76,636,577,503,585,420,289,7,146,527,645,655,331,539"
481,range_072226-072425,range_072376-072575,0.0,-0.5,0.0,0.53101693108459,"462,282,332,596,346,43,406,378,55,318,647,368,570,411,126,627,24,571,580,581"
482,range_072376-072575,range_072526-072725,0.95,0.44999999999999996,1.1164134448297331,0.3808126615619052,"388,263,205,430,210,351,117,646,303,392,254,554,543,29,572,49,332,470,399,594"
483,range_072526-072725,range_072676-072875,0.45,-0.04999999999999999,1.6600631341633965,1.636875860017068,"379,252,184,93,535,397,652,639,532,325,151,114,19,21,118,588,14,444,120,431"
484,range_072676-072875,range_072826-073025,0.05,-0.45,0.9018009718736432,1.2571835453715388,"329,285,13,656,114,149,57,314,377,105,449,151,418,289,317,385,545,176,624,583"
485,range_072826-073025,range_072976-073175,0.85,0.35,1.1853798054715918,1.079483249790043,"19,178,329,621,325,452,20,473,240,257,80,133,582,339,444,109,6,118,417,449"
486,range_072976-073175,range_073126-073325,0.05,-0.45,0.1614119421656423,0.8216902243025636,"498,563,75,512,220,144,467,164,363,353,78,50,188,237,192,16,73,321,571,238"
487,range_073126-073325,range_073276-073475,0.7,0.19999999999999996,0.7663925785002038,0.6447867923227022,"360,322,57,630,609,333,404,574,663,255,392,517,235,94,508,564,463,555,324,36"
488,range_073276-073475,range_073426-073625,0.15,-0.35,0.628183310193376,0.7559378982616618,"584,625,643,228,585,524,62,506,331,252,551,201,391,532,76,33,452,613,499,358"
489,range_073426-073625,range_073576-073775,0.5,0.0,0.5319945290685006,0.537060161009525,"275,315,56,427,379,60,227,591,330,450,158,337,438,340,278,515,366,372,134,569"
490,range_073576-073775,range_073726-073925,0.95,0.44999999999999996,0.43731534191239146,0.08249745042461801,"124,663,575,168,348,615,312,468,103,35,110,166,560,365,72,611,533,441,227,451"
491,range_073726-073925,range_073876-074075,0.65,0.15000000000000002,0.20010854338913384,0.08080267165902956,"233,205,571,580,364,202,346,69,368,100,315,318,522,46,344,237,513,75,443,245"
492,range_073876-074075,range_074026-074225,0.25,-0.25,0.0,0.08652033791151645,"465,549,26,233,365,141,166,55,470,622,72,47,45,347,46,351,164,202,38,262"
493,range_074026-074225,range_074176-074375,0.2,-0.3,0.003637987701805655,0.14814532324142582,"382,174,443,388,580,87,316,234,360,287,245,61,514,640,571,425,470,618,513,512"
494,range_074176-074375,range_074326-074525,0.95,0.44999999999999996,0.5851905328622031,0.27566661379744206,"306,573,537,309,626,3,473,35,204,454,654,41,637,144,77,575,350,345,213,450"
495,range_074326-074525,range_074476-074675,0.75,0.25,0.3006462083549703,0.12709432702355578,"30,440,4,559,43,351,249,432,233,236,99,50,607,237,287,608,474,388,77,189"
496,range_074476-074675,range_074626-074825,0.15,-0.35,0.18278418687089412,0.4084923309154741,"29,356,472,591,508,127,622,382,410,512,586,181,51,281,157,426,212,66,213,133"
497,range_074626-074825,range_074776-074975,0.45,-0.04999999999999999,0.26251925387001046,0.27167037246092585,"647,97,87,351,406,243,55,321,59,427,383,526,627,79,75,86,522,316,263,189"
498,range_074776-074975,range_074926-075125,0.3,-0.2,0.9540862732031565,0.971812369478418,"585,228,385,597,70,146,258,436,280,71,306,186,643,223,288,374,120,65,201,219"
499,range_074926-075125,range_075076-075275,0.6,0.09999999999999998,0.875471187633255,0.6863996986443296,"88,524,145,369,371,444,195,487,13,314,325,484,48,133,198,457,609,0,25,168"
500,range_075076-075275,range_075226-075425,0.075,-0.425,0.04720151538831088,0.4095675764826233,"400,580,262,467,287,469,158,522,338,543,563,363,388,466,483,58,144,237,345,75"
501,range_075226-075425,range_075376-075575,0.4,-0.09999999999999998,0.6206244807323679,0.6209823530101692,"92,341,367,648,294,350,104,258,270,110,481,268,491,166,373,275,122,18,218,308"
502,range_075376-075575,range_075526-075725,0.7,0.19999999999999996,0.6567894087083226,0.5422649649160134,"57,544,664,31,134,339,179,22,539,621,392,317,255,33,20,591,37,139,643,244"
503,range_075526-075725,range_075676-075875,0.4,-0.09999999999999998,0.6375426587041001,0.9997883185661922,"200,278,56,655,516,389,219,651,549,74,623,143,147,158,30,607,638,424,283,306"
504,range_075676-075875,range_075826-076025,0.85,0.35,0.4163373760601285,0.04488535744582147,"479,98,355,9,209,81,345,170,306,455,249,212,96,103,611,414,416,541,572,520"
505,range_075826-076025,range_075976-076175,0.85,0.35,1.0262814656454649,0.9214124758234521,"359,652,93,397,207,484,115,475,328,437,471,605,391,19,114,487,252,33,481,329"
506,range_075976-076175,range_076126-076325,0.2,-0.3,1.1949649676007863,1.5212050928946623,"608,394,278,399,147,480,43,641,56,348,523,626,554,188,214,602,83,580,164,536"
507,range_076126-076325,range_076276-076475,0.4,-0.09999999999999998,0.35312113276243223,0.41443548384560636,"102,52,281,293,494,264,292,663,353,36,32,135,66,420,521,235,136,606,410,446"
508,range_076276-076475,range_076426-076625,0.85,0.35,0.8779941206216788,0.5885069453815344,"1,329,436,532,17,454,248,20,487,374,48,444,16,576,13,643,14,485,626,217"
509,range_076426-076625,range_076576-076775,0.85,0.35,1.1919766197397417,0.9144639385329104,"161,582,341,128,548,658,609,394,323,218,298,322,162,230,362,642,352,402,489,41"
510,range_076576-076775,range_076726-076925,0.025,-0.475,0.0,0.4545369413122431,"116,456,458,24,262,311,427,399,263,126,566,269,256,575,571,425,603,632,388,75"
511,range_076726-076925,range_076876-077075,0.95,0.44999999999999996,0.7371769776485633,0.31620174622643504,"167,246,411,253,360,188,267,287,470,354,569,98,142,278,333,451,440,394,632,27"
512,range_076876-077075,range_077026-077225,0.65,0.15000000000000002,0.679556685441585,0.5634577685882087,"141,419,249,406,74,112,425,558,49,90,10,88,502,601,333,401,364,221,393,354"
513,range_077026-077225,range_077176-077375,0.25,-0.25,0.056536054606946266,0.20279711238064432,"563,416,90,212,464,378,243,278,594,209,428,272,494,202,426,382,168,30,227,303"
514,range_077176-077375,range_077326-077525,0.25,-0.25,0.1652180383807166,0.2775174154991734,"71,270,534,35,366,414,49,428,131,173,22,478,567,249,52,235,244,200,543,648"
515,range_077326-077525,range_077476-077675,0.15,-0.35,0.1305948944231916,0.3124477677904759,"66,581,36,256,127,122,525,39,100,488,74,49,284,322,441,504,502,227,480,167"
516,range_077476-077675,range_077626-077825,0.55,0.050000000000000044,0.47440054510151647,0.4846673999804562,"387,449,187,120,143,503,591,448,622,138,530,547,552,532,584,294,6,22,664,53"
517,range_077626-077825,range_077776-077975,0.05,-0.45,0.4789830803523491,0.9040784442318348,"363,634,166,246,412,572,74,189,440,380,202,297,83,432,87,596,177,188,430,611"
518,range_077776-077975,range_077926-078125,0.15,-0.35,0.0,0.14349523771659067,"458,403,383,97,274,459,233,64,580,152,599,502,351,389,173,245,388,230,181,549"
519,range_077926-078125,range_078076-078275,0.3,-0.2,0.25304831479980744,0.33149360007879675,"296,243,498,336,173,440,117,287,332,573,87,236,658,566,177,346,99,274,316,210"
520,range_078076-078275,range_078226-078425,0.85,0.35,0.3726069857539436,0.152549636736096,"439,66,590,163,183,247,486,339,68,27,423,510,109,82,210,368,508,235,494,500"
521,range_078226-078425,range_078376-078575,0.95,0.44999999999999996,1.4653414985786846,0.3570461080723749,"210,399,220,354,209,304,498,659,253,372,225,43,620,299,508,440,580,406,164,540"
522,range_078376-078575,range_078526-078725,0.15,-0.35,0.12566340649390964,0.42816638999389584,"7,403,225,378,641,351,349,264,55,165,617,24,564,87,496,340,376,243,226,316"
523,range_078526-078725,range_078676-078875,0.25,-0.25,1.2834324762502871,1.4330139887800866,"420,377,203,259,582,277,605,334,17,12,577,13,148,585,115,54,172,14,604,349"
524,range_078676-078875,range_078826-079025,0.7,0.19999999999999996,1.2528046759535645,0.8768036499510619,"191,41,335,199,108,170,368,104,443,8,160,336,309,305,71,441,52,27,607,121"
525,range_078826-079025,range_078976-079175,0.65,0.15000000000000002,0.4473116298416394,0.30795285524423416,"591,250,638,171,113,383,352,634,283,430,620,469,454,243,209,74,166,403,116,278"
526,range_078976-079175,range_079126-079325,1.0,0.5,0.8642388969659788,0.42789670890747217,"389,304,378,82,394,174,132,398,459,87,50,455,269,612,628,464,421,544,443,284"
527,range_079126-079325,range_079276-079475,0.4,-0.09999999999999998,0.372802447851846,0.42671016483460217,"315,286,131,495,251,158,461,121,512,244,189,423,85,304,290,90,478,424,350,31"
528,range_079276-079475,range_079426-079625,0.3,-0.2,0.8521587354870305,0.8656492185181266,"539,437,22,385,645,415,228,405,118,88,13,651,331,475,613,172,277,149,248,431"
529,range_079426-079625,range_079576-079775,0.45,-0.04999999999999999,1.0096315050749909,1.075138785874988,"124,50,455,337,201,508,661,664,267,591,307,44,648,4,547,216,161,269,215,265"
530,range_079576-079775,range_079726-079925,0.125,-0.375,0.0,0.41802920825359924,"318,376,608,570,546,641,599,615,586,598,143,263,580,566,24,113,237,87,220,634"
531,range_079726-079925,range_079876-080075,0.15,-0.35,0.06428696446416425,0.22527626426683633,"661,227,68,360,128,654,298,231,578,283,450,270,63,104,83,414,332,642,638,466"
532,range_079876-080075,range_080026-080225,0.2,-0.3,0.48118027501723104,0.9163732464511614,"474,598,566,95,347,398,612,608,513,263,416,641,599,570,250,237,73,569,245,498"
533,range_080026-080225,range_080176-080375,1.0,0.5,0.7197254945444352,0.22029572902646377,"492,382,241,452,384,445,195,83,134,433,437,84,142,285,293,649,637,90,404,419"
534,range_080176-080375,range_080326-080525,0.9,0.4,1.277274525809862,1.072266010852896,"475,185,186,506,259,252,107,114,314,652,12,115,328,633,582,19,501,277,21,176"
535,range_080326-080525,range_080476-080675,0.05,-0.45,1.036880771073907,1.5939443923326426,"363,319,128,610,155,309,634,249,280,264,503,520,83,208,169,282,340,204,602,303"
536,range_080476-080675,range_080626-080825,0.3,-0.2,0.4123422036769079,0.5392750935933985,"75,46,237,498,43,602,303,580,136,283,617,512,562,164,470,53,243,245,262,56"
537,range_080626-080825,range_080776-080975,0.65,0.15000000000000002,0.5730226158021248,0.4439248451238903,"275,371,377,200,515,61,210,68,65,320,324,595,266,589,235,265,41,478,369,334"
538,range_080776-080975,range_080926-081125,0.8,0.30000000000000004,1.0920557111359133,0.8824068326455878,"605,23,277,207,242,80,454,481,252,96,362,487,568,88,149,650,621,131,527,506"
539,range_080926-081125,range_081076-081275,0.25,-0.25,0.4645882456850009,0.7601959399843718,"214,603,648,555,498,440,646,77,211,221,566,24,141,574,513,330,430,464,282,296"
540,range_081076-081275,range_081226-081425,0.15,-0.35,0.19958723576562468,0.43967105603363044,"88,460,178,25,113,564,366,151,623,268,402,110,52,198,631,203,622,155,222,240"
541,range_081226-081425,range_081376-081575,0.45,-0.04999999999999999,0.15885236229077024,0.26355706535637186,"496,412,380,453,407,116,206,637,220,622,263,378,237,523,291,318,233,246,474,406"
542,range_081376-081575,range_081526-081725,0.5,0.0,0.3553349416432947,0.3627366381919592,"89,2,255,388,98,552,181,187,414,413,601,155,103,65,632,28,175,169,60,147"
543,range_081526-081725,range_081676-081875,0.4,-0.09999999999999998,0.5844196235176442,0.5826144508964062,"125,385,660,317,120,267,37,34,96,266,273,645,517,499,8,10,161,587,18,306"
544,range_081676-081875,range_081826-082025,0.075,-0.425,0.0,0.4949323348970397,"439,571,330,209,412,587,303,388,580,413,526,659,565,36,246,459,62,214,395,451"
545,range_081826-082025,range_081976-082175,0.75,0.25,0.8293456449574286,0.7515893971863392,"231,291,67,207,624,326,529,397,105,420,614,446,242,285,531,162,232,568,133,333"
546,range_081976-082175,range_082126-082325,0.4,-0.09999999999999998,0.8784949335510809,0.9561119342453721,"81,67,390,121,42,200,64,195,32,270,136,637,356,90,510,309,85,630,119,205"
547,range_082126-082325,range_082276-082475,0.15,-0.35,0.06442914740495087,0.6320407790730556,"592,211,330,526,580,335,75,123,523,202,561,570,634,354,513,573,26,4,245,296"
548,range_082276-082475,range_082426-082625,0.35,-0.15000000000000002,0.11276620036210146,0.2121260903370097,"192,106,104,253,456,351,488,474,628,389,573,350,8,227,478,92,213,60,467,312"
549,range_082426-082625,range_082576-082775,0.6,0.09999999999999998,0.2486637371697594,0.14982654243798516,"620,480,39,227,569,644,525,353,578,235,51,61,339,461,187,407,627,298,126,300"
550,range_082576-082775,range_082726-082925,0.05,-0.45,0.22898448484238984,0.43850747309857807,"193,369,22,45,227,298,103,162,70,507,613,25,31,134,7,628,160,88,143,562"
551,range_082726-082925,range_082876-083075,0.55,0.050000000000000044,0.6788762231137531,0.6505249643426065,"163,313,122,7,490,287,592,464,100,185,422,183,82,631,250,309,517,612,144,322"
552,range_082876-083075,range_083026-083225,0.25,-0.25,0.2922219476731368,0.44786156413788136,"339,407,594,373,51,131,658,206,309,28,519,510,504,205,27,280,641,480,531,604"
553,range_083026-083225,range_083176-083375,0.0,-0.5,0.0,0.48047434811176126,"351,572,541,448,356,638,174,256,211,570,663,50,75,360,5,55,623,457,164,332"
554,range_083176-083375,range_083326-083525,0.1,-0.4,0.10328060712461742,0.3739189400510639,"195,565,31,276,13,642,650,39,422,379,334,659,145,286,251,273,328,64,660,266"
555,range_083326-083525,range_083476-083675,0.8,0.30000000000000004,0.5731382851090994,0.23467662834599468,"237,580,77,245,357,566,98,498,189,116,403,399,221,43,505,533,380,74,474,95"
556,range_083476-083675,range_083626-083825,0.4,-0.09999999999999998,0.665188518302419,0.6933440157581349,"494,497,310,508,393,512,618,24,658,327,470,425,221,89,458,188,127,343,99,254"
557,range_083626-083825,range_083776-083975,0.5,0.0,0.25918070695305523,0.27989572368565196,"469,100,74,592,309,84,361,348,2,288,94,259,90,619,83,352,221,604,319,620"
558,range_083776-083975,range_083926-084125,0.7,0.19999999999999996,0.5897287420738723,0.37826587172619053,"570,204,360,268,27,247,636,262,461,368,63,265,99,380,74,209,627,378,462,165"
559,range_083926-084125,range_084076-084275,0.7,0.19999999999999996,0.4615970696919077,0.40957990399996475,"435,648,421,38,171,461,575,28,493,609,3,581,206,68,626,304,368,35,584,536"
560,range_084076-084275,range_084226-084425,0.25,-0.25,0.037959301661833394,0.11343794911621913,"516,474,376,24,3,189,237,164,233,313,104,453,117,480,399,451,75,433,73,72"
561,range_084226-084425,range_084376-084575,0.75,0.25,0.5270195435157138,0.29940056401154586,"335,316,447,127,352,497,321,52,581,638,548,450,337,324,128,293,512,525,61,401"
562,range_084376-084575,range_084526-084725,0.95,0.44999999999999996,0.7719788676655475,0.4925771147640902,"271,260,527,337,632,91,545,192,376,459,34,469,400,525,104,278,634,393,321,659"
563,range_084526-084725,range_084676-084875,0.85,0.35,0.6513387762397875,0.33414637276330816,"468,225,450,147,343,623,150,401,208,455,378,256,291,411,283,526,209,403,356,126"
564,range_084676-084875,range_084826-085025,0.35,-0.15000000000000002,0.5283435658168754,0.6261403929614889,"97,474,617,222,5,236,368,488,164,410,220,263,494,69,292,520,393,516,360,217"
565,range_084826-085025,range_084976-085175,0.95,0.44999999999999996,1.620951475722398,0.6761912452316168,"412,69,595,303,9,36,205,74,523,602,347,7,155,231,55,8,262,253,388,354"
566,range_084976-085175,range_085126-085325,0.85,0.35,1.1640963057378662,0.8531716597056382,"434,661,278,356,437,30,166,332,123,438,22,502,655,321,489,68,306,433,42,127"
567,range_085126-085325,range_085276-085475,0.2,-0.3,0.6014046126483914,0.7106913500887129,"373,13,524,276,267,1,539,374,176,16,272,553,240,54,604,636,269,291,259,222"
568,range_085276-085475,range_085426-085625,0.95,0.44999999999999996,0.8825831361524257,0.5768318659894962,"78,606,27,173,81,327,541,357,515,215,654,414,663,167,382,210,558,479,305,540"
569,range_085426-085625,range_085576-085775,1.0,0.5,0.8404551070201071,0.19597093408694594,"245,608,620,598,599,351,250,586,513,641,24,498,263,640,399,189,164,233,95,634"
570,range_085576-085775,range_085726-085925,0.05,-0.45,0.0,0.29200470817703245,"38,75,197,318,541,496,245,46,233,580,491,351,346,47,483,343,586,493,95,463"
571,range_085726-085925,range_085876-086075,0.0,-0.5,0.011120663850120928,0.7066353146360055,"459,30,543,443,594,264,9,631,222,366,343,663,152,144,261,50,421,83,119,514"
572,range_085876-086075,range_086026-086225,0.6,0.09999999999999998,0.5097107422673417,0.45932094260453094,"291,128,382,154,514,119,369,367,548,410,663,205,29,157,235,167,461,541,210,105"
573,range_086026-086225,range_086176-086375,0.15,-0.35,0.1141141103345098,0.48908316640002647,"526,138,523,75,303,324,236,424,57,63,561,412,211,427,123,262,180,540,646,350"
574,range_086176-086375,range_086326-086525,0.25,-0.25,0.10358327309084275,0.23127434233459113,"427,24,303,43,28,245,63,300,214,522,29,644,211,462,116,233,399,330,458,617"
575,range_086326-086525,range_086476-086675,0.95,0.44999999999999996,0.6147549114204454,0.20214892292947367,"609,304,372,562,508,646,599,376,243,565,60,610,296,644,430,458,389,439,522,324"
576,range_086476-086675,range_086626-086825,0.75,0.25,1.0502919863383917,0.9729777322119992,"362,207,535,625,639,14,359,652,616,633,402,185,175,102,219,198,471,656,374,93"
577,range_086626-086825,range_086776-086975,0.2,-0.3,1.034660761276344,1.378156957106924,"601,412,104,380,273,168,613,98,330,75,441,280,65,406,457,18,300,99,561,619"
578,range_086776-086975,range_086926-087125,0.25,-0.25,0.0,0.03836789869514387,"561,495,63,399,74,567,132,453,321,346,249,610,78,87,192,237,225,376,46,412"
579,range_086926-087125,range_087076-087275,1.0,0.5,1.5690219826097407,0.6295738023190748,"522,262,483,79,5,209,363,321,233,498,563,74,495,158,127,75,345,49,36,45"
580,range_087076-087275,range_087226-087425,0.15,-0.35,0.7383075519975446,1.3395388437134679,"125,64,68,40,216,533,342,273,27,600,471,85,541,491,178,619,232,41,525,517"
581,range_087226-087425,range_087376-087575,0.85,0.35,1.3222274903875075,1.2223408450434277,"149,10,639,172,259,12,501,362,76,338,535,616,151,14,21,373,93,198,17,232"
582,range_087376-087575,range_087526-087725,0.1,-0.4,1.2468684266336076,1.4551252540929136,"605,349,114,481,639,329,377,476,115,12,334,568,207,437,359,485,172,362,529,471"
583,range_087526-087725,range_087676-087875,0.1,-0.4,1.677736461614358,1.8334172272668603,"606,358,14,473,187,396,487,370,110,67,160,457,159,113,426,299,405,148,235,111"
584,range_087676-087875,range_087826-088025,0.0,-0.5,0.19863398245368813,1.196768635797762,"249,5,119,495,483,216,192,563,237,571,363,104,256,361,469,79,640,87,97,245"
585,range_087826-088025,range_087976-088175,0.35,-0.15000000000000002,0.7508864832562325,0.8089411016278083,"4,262,321,522,158,483,520,356,554,127,363,192,249,361,50,323,495,563,233,74"
586,range_087976-088175,range_088126-088325,0.7,0.19999999999999996,0.4971236107321538,0.42711299109887946,"299,27,375,350,195,261,317,259,60,390,548,500,477,273,511,109,481,279,11,328"
587,range_088126-088325,range_088276-088475,0.0,-0.5,0.5396576196605867,0.819645056663753,"39,620,510,22,62,15,190,279,511,51,340,122,428,289,255,10,317,369,286,109"
588,range_088276-088475,range_088426-088625,0.0,-0.5,0.48723730904286755,1.6054729287572056,"98,89,399,496,411,263,488,245,566,427,264,560,189,351,526,164,116,549,140,75"
589,range_088426-088625,range_088576-088775,0.2,-0.3,0.0457976913086178,0.12661989766311962,"514,60,602,343,247,508,28,110,382,88,204,467,73,104,630,559,0,210,227,641"
590,range_088576-088775,range_088726-088925,0.4,-0.09999999999999998,0.49266477240839485,0.5401478171920692,"110,576,606,80,217,23,334,643,286,67,633,178,6,625,139,408,637,16,199,33"
591,range_088726-088925,range_088876-089075,0.1,-0.4,0.35621703337950367,0.6740333379925045,"56,74,661,127,642,646,549,307,640,342,192,514,365,295,213,99,37,388,209,104"
592,range_088876-089075,range_089026-089225,0.175,-0.325,0.0,0.09514151102295576,"68,78,81,335,573,390,238,632,281,416,562,119,59,293,519,627,168,132,479,346"
593,range_089026-089225,range_089176-089375,0.65,0.15000000000000002,0.3799625036803433,0.2737612903160464,"342,327,560,167,78,330,132,434,544,335,72,620,268,610,157,15,261,211,635,663"
594,range_089176-089375,range_089326-089525,0.125,-0.375,0.0,0.15316497333502824,"389,462,233,254,442,540,28,354,610,60,87,608,94,189,458,474,440,261,425,522"
595,range_089326-089525,range_089476-089675,0.45,-0.04999999999999999,0.20224258921726673,0.2531523167075865,"580,571,236,330,208,282,388,399,303,430,462,75,246,73,508,526,116,439,483,97"
596,range_089476-089675,range_089626-089825,0.5,0.0,0.5204240852058923,0.5430426489617846,"624,286,436,492,645,178,446,248,385,484,501,449,334,637,613,229,96,579,228,418"
597,range_089626-089825,range_089776-089975,0.2,-0.3,0.4776445862620768,0.8726196060998653,"95,169,566,570,474,87,202,175,412,456,43,73,220,608,206,343,208,24,398,453"
598,range_089776-089975,range_089926-090125,0.85,0.35,0.3063742022791182,0.0,"87,376,343,570,95,347,641,608,398,566,43,586,513,73,237,453,263,412,113,147"
599,range_089926-090125,range_090076-090275,0.55,0.050000000000000044,1.2464450082456136,1.2162583311673694,"200,353,410,241,35,9,119,313,320,659,85,146,564,242,547,228,477,88,503,429"
600,range_090076-090275,range_090226-090425,0.5,0.0,0.6286852586327458,0.6259547580881851,"245,483,243,394,129,238,496,233,274,469,89,130,180,105,254,278,83,220,580,221"
601,range_090226-090425,range_090376-090575,0.85,0.35,0.6301593394647436,0.43821019511283354,"308,234,59,416,0,455,635,81,157,382,55,439,420,586,180,18,25,369,433,562"
602,range_090376-090575,range_090526-090725,0.35,-0.15000000000000002,0.10173368622610802,0.32950949620645587,"220,126,647,617,474,634,183,332,580,82,147,526,116,315,165,56,245,512,189,468"
603,range_090526-090725,range_090676-090875,0.7,0.19999999999999996,0.5265878261192667,0.48140160051830433,"538,161,199,229,621,30,615,170,194,135,651,392,80,216,272,195,306,317,320,448"
604,range_090676-090875,range_090826-091025,0.0,-0.5,0.20372278890660886,0.971268295215632,"262,141,233,316,472,663,266,522,333,659,376,311,389,646,396,632,242,573,158,312"
605,range_090826-091025,range_090976-091175,0.15,-0.35,0.6412329934193709,0.8346016026177661,"504,66,289,199,322,26,528,481,198,373,108,487,391,125,145,645,306,279,33,13"
606,range_090976-091175,range_091126-091325,0.15,-0.35,0.25952178618605076,0.4312107512609463,"433,155,402,132,581,265,552,285,281,301,321,40,131,419,657,66,200,511,308,578"
607,range_091126-091325,range_091276-091475,0.95,0.44999999999999996,0.6416381754242982,0.14141883776550349,"467,571,351,323,137,287,189,523,363,593,192,399,388,617,347,89,563,344,569,412"
608,range_091276-091475,range_091426-091625,0.5,0.0,0.5995613498136736,0.6041239725355405,"502,183,461,124,187,281,518,66,8,562,622,322,215,425,573,282,468,30,275,596"
609,range_091426-091625,range_091576-091775,0.075,-0.425,0.0,0.38010566695321923,"246,399,296,463,401,116,237,574,283,35,513,498,63,245,580,526,430,300,548,571"
610,range_091576-091775,range_091726-091925,0.9,0.4,0.2578063286396778,0.03245376797236425,"288,394,218,445,110,153,598,581,85,171,595,537,466,302,350,219,144,193,124,335"
611,range_091726-091925,range_091876-092075,0.5,0.0,0.42670577721577635,0.41730518418710894,"561,378,263,225,522,569,518,49,210,389,427,455,243,298,274,256,47,526,496,498"
612,range_091876-092075,range_092026-092225,0.125,-0.375,0.0,0.2919499473389544,"543,173,164,278,104,407,83,9,546,136,396,562,537,372,579,371,530,400,315,128"
613,range_092026-092225,range_092176-092375,0.35,-0.15000000000000002,0.27573215653796423,0.35736444776369086,"510,301,216,191,8,111,302,472,367,331,536,217,310,415,636,110,374,326,274,488"
614,range_092176-092375,range_092326-092525,0.1,-0.4,0.40635880726246315,1.1130397660179252,"566,599,46,318,78,312,308,474,580,75,263,464,376,141,364,319,100,237,220,412"
615,range_092326-092525,range_092476-092675,1.0,0.5,1.4347742024219146,0.14051390762111238,"111,51,84,631,81,654,144,472,61,8,645,181,306,490,653,184,137,225,136,204"
616,range_092476-092675,range_092626-092825,0.8,0.30000000000000004,2.11550368439162,1.6378522129087778,"85,466,634,65,153,330,383,53,553,563,66,522,296,381,300,599,339,390,408,344"
617,range_092626-092825,range_092776-092975,0.4,-0.09999999999999998,0.041463306227227104,0.12000953757236686,"173,87,124,559,136,343,50,469,230,309,433,598,226,27,227,100,550,281,238,659"
618,range_092776-092975,range_092926-093125,0.1,-0.4,0.5308140451834397,0.887391809028495,"589,473,270,419,96,298,64,144,359,534,187,371,224,218,633,110,629,8,320,155"
619,range_092926-093125,range_093076-093275,0.9,0.4,0.784241883843812,0.5140660546486593,"410,348,543,550,467,155,137,323,140,294,247,152,274,304,386,592,490,195,260,154"
620,range_093076-093275,range_093226-093425,0.8,0.30000000000000004,0.6617659493944515,0.49389297332968285,"57,187,156,373,162,146,500,436,125,239,80,34,517,88,142,410,108,651,374,587"
621,range_093226-093425,range_093376-093575,0.6,0.09999999999999998,0.8655385047125118,0.7593031129147253,"292,425,513,281,173,638,274,65,129,580,574,410,99,55,188,411,403,459,611,297"
622,range_093376-093575,range_093526-093725,0.65,0.15000000000000002,0.04828790116153223,0.0,"182,45,437,116,284,337,137,218,262,569,493,294,533,38,89,243,343,522,407,189"
623,range_093526-093725,range_093676-093875,0.05,-0.45,0.528252462045729,0.8974215035571754,"13,1,349,391,529,252,528,397,224,105,259,93,660,199,114,326,643,605,444,551"
624,range_093676-093875,range_093826-094025,0.2,-0.3,0.8308496913400206,0.9607260676807832,"241,326,545,248,20,405,299,436,273,524,509,176,16,149,231,659,54,452,500,252"
625,range_093826-094025,range_093976-094175,0.0,-0.5,0.46116101863447273,1.382862995153185,"399,483,214,570,608,47,26,566,599,177,189,382,640,647,56,419,147,262,352,316"
626,range_093976-094175,range_094126-094325,0.4,-0.09999999999999998,0.3797953009086224,0.5033136004424683,"113,602,283,430,615,164,453,253,119,601,541,266,262,58,197,75,417,571,451,181"
627,range_094126-094325,range_094276-094475,0.2,-0.3,0.320836103095876,0.5029003301048386,"7,335,240,184,31,367,1,317,486,528,288,145,267,179,652,532,565,405,286,460"
628,range_094276-094475,range_094426-094625,0.85,0.35,1.0757783776884486,0.9177860501581608,"506,175,377,118,185,405,639,93,582,267,656,67,643,329,23,314,295,524,149,12"
629,range_094426-094625,range_094576-094775,0.1,-0.4,0.3025268732141157,1.0485549951627786,"513,213,220,140,322,443,38,474,376,542,318,599,188,608,496,581,245,55,453,368"
630,range_094576-094775,range_094726-094925,0.2,-0.3,0.0,0.09486452462631054,"293,358,393,545,37,577,300,613,249,458,586,526,653,204,278,600,569,590,121,438"
631,range_094726-094925,range_094876-095075,0.95,0.44999999999999996,0.6280327813390078,0.3278616554884707,"285,403,595,464,607,213,84,469,646,451,173,74,519,144,488,52,181,175,480,45"
632,range_094876-095075,range_095026-095225,0.55,0.050000000000000044,0.7061203946734205,0.7029715125488238,"524,484,436,1,240,107,207,338,446,76,585,476,105,13,162,449,326,391,359,503"
633,range_095026-095225,range_095176-095375,1.0,0.5,1.784068602327806,1.1025558372503665,"35,471,557,204,414,4,434,573,469,419,594,593,101,616,361,340,445,367,210,28"
634,range_095176-095375,range_095326-095525,0.7,0.19999999999999996,0.7093739569702529,0.6050316873370463,"191,378,100,412,323,98,560,310,472,383,603,389,263,221,99,82,432,586,469,214"
635,range_095326-095525,range_095476-095675,0.65,0.15000000000000002,0.43812204566088575,0.39985856458019486,"515,405,478,531,472,539,547,449,510,27,465,41,40,326,368,395,200,242,293,255"
636,range_095476-095675,range_095626-095825,0.55,0.050000000000000044,0.6725704045567311,0.6465821355973305,"39,128,190,606,157,597,419,10,494,525,244,530,170,34,423,544,589,281,320,622"
637,range_095626-095825,range_095776-095975,0.2,-0.3,0.24382535015652432,0.349917148339096,"388,45,197,513,87,111,138,97,100,297,504,346,581,171,255,411,483,284,561,407"
638,range_095776-095975,range_095926-096125,0.95,0.44999999999999996,1.3237297640612011,0.9495004313922129,"17,186,397,652,93,149,656,506,334,482,151,431,539,231,80,379,588,484,176,476"
639,range_095926-096125,range_096076-096275,0.55,0.050000000000000044,1.46921251657904,1.4225974068061422,"245,432,571,171,43,558,496,512,262,315,296,265,650,351,310,495,194,505,461,301"
640,range_096076-096275,range_096226-096425,0.45,-0.04999999999999999,0.2322503577733406,0.23174364519080637,"129,42,15,261,326,514,68,573,581,546,190,254,444,269,662,450,234,622,21,322"
641,range_096226-096425,range_096376-096575,0.65,0.15000000000000002,0.2654021747502824,0.18689405415939137,"601,157,514,306,122,439,364,449,97,496,560,134,50,592,344,167,348,662,470,479"
642,range_096376-096575,range_096526-096725,0.85,0.35,0.4071539840714555,0.2723670690591704,"149,446,205,67,4,320,448,587,191,503,266,40,150,507,501,231,285,101,659,200"
643,range_096526-096725,range_096676-096875,0.45,-0.04999999999999999,1.0584824166706817,1.0735854300114673,"201,471,108,326,230,337,275,145,524,115,299,70,255,654,509,437,444,289,574,445"
644,range_096676-096875,range_096826-097025,0.15,-0.35,0.6467688368255381,0.8879183896613035,"326,64,156,515,67,481,486,339,162,143,172,426,606,322,662,185,184,251,471,409"
645,range_096826-097025,range_096976-097175,1.0,0.5,0.7441842722549217,0.39216472685519,"315,631,342,223,572,98,193,655,143,511,504,394,284,255,393,113,209,56,490,269"
646,range_096976-097175,range_097126-097325,0.2,-0.3,0.0,0.06141155808823213,"356,188,470,440,170,296,522,236,608,28,263,554,35,424,211,599,575,233,36,209"
647,range_097126-097325,range_097276-097475,0.6,0.09999999999999998,0.23694838211368627,0.21701891647310922,"336,308,566,233,411,508,522,318,97,230,356,523,181,302,483,254,599,596,75,282"
648,range_097276-097475,range_097426-097625,0.55,0.050000000000000044,0.43490054630239156,0.32899460611839304,"0,189,335,560,164,51,24,192,56,430,662,256,603,663,167,453,263,214,215,226"
649,range_097426-097625,range_097576-097775,0.7,0.19999999999999996,0.25715379821778606,0.2181973685912168,"567,392,53,13,457,423,255,80,419,154,632,410,444,633,489,112,190,631,8,554"
650,range_097576-097775,range_097726-097925,0.1,-0.4,0.3241620194871581,0.6907685704754913,"13,226,211,261,564,327,574,560,638,108,612,415,321,445,360,502,24,64,488,282"
651,range_097726-097925,range_097876-098075,0.15,-0.35,0.638132126366331,0.8273410492446268,"160,184,331,62,17,217,248,661,582,151,447,377,219,20,636,576,585,583,138,107"
652,range_097876-098075,range_098026-098225,0.95,0.44999999999999996,1.4749501445911157,1.0932388259115076,"15,27,573,14,156,7,371,358,112,565,356,131,53,222,404,543,260,633,433,499"
653,range_098026-098225,range_098176-098375,0.45,-0.04999999999999999,0.3312817600128689,0.3320572510645566,"101,504,293,3,426,494,91,461,9,59,465,591,369,239,111,500,298,546,631,154"
654,range_098176-098375,range_098326-098525,0.15,-0.35,0.2939818379055191,0.5003777315925442,"23,205,478,564,299,632,589,11,142,532,294,2,619,310,567,626,547,468,371,195"
655,range_098326-098525,range_098476-098675,0.45,-0.04999999999999999,1.0307928633063665,1.075894654570091,"325,21,228,625,633,14,524,6,13,509,62,379,420,489,149,585,621,402,639,371"
656,range_098476-098675,range_098626-098825,0.0,-0.5,0.955352433519151,1.4103133619555372,"541,307,622,302,577,3,455,215,369,479,34,382,171,60,428,15,248,22,32,439"
657,range_098626-098825,range_098776-098975,0.35,-0.15000000000000002,0.45789434457576766,0.5143267675502343,"96,502,129,403,211,601,213,134,393,306,462,359,455,623,36,520,537,558,465,480"
658,range_098776-098975,range_098926-099125,0.2,-0.3,0.4050624178756512,0.5988714789919984,"219,484,443,200,514,289,590,122,434,72,18,536,582,20,113,302,337,152,312,168"
659,range_098926-099125,range_099076-099275,0.075,-0.425,0.0,0.3828557309639108,"403,304,213,216,474,51,430,549,28,302,83,282,354,38,210,123,134,601,459,519"
660,range_099076-099275,range_099226-099425,0.15,-0.35,0.5298667663729901,0.6528414243672719,"229,129,445,492,12,187,275,473,145,504,322,650,438,269,584,546,553,178,410,338"
661,range_099226-099425,range_099376-099575,0.125,-0.375,0.0,0.3665531363607668,"608,343,230,570,171,412,318,263,627,207,24,566,647,43,368,346,453,122,571,599"
662,range_099376-099575,range_099526-099725,0.8,0.30000000000000004,0.41423499345103193,0.2429345477732654,"275,169,327,212,336,348,165,516,552,488,613,264,361,36,461,166,620,211,3,181"
663,range_099526-099725,range_099676-099875,0.25,-0.25,0.38852301009140394,0.5258322084934968,"423,320,499,319,234,454,501,547,80,124,298,52,428,562,122,32,207,525,544,248"
