replicate,mean_percentile_effect
0,0.002371987951807264
1,0.006814759036144591
2,0.004631024096385605
3,-0.011709337349397553
4,0.012989457831325324
5,-0.01682981927710847
6,-0.0030120481927710663
7,0.02228915662650599
8,-0.0014683734939759385
9,-0.011859939759036153
10,-0.025414156626506035
11,-0.004781626506024095
12,-0.002522590361445698
13,0.010956325301204828
14,0.0037274096385542244
15,-0.004066265060240937
16,-0.0017319277108433506
17,-0.00030120481927709
18,-0.0053087349397589745
19,-0.009450301204819267
20,-0.006212349397590355
21,0.01242469879518071
22,0.017093373493975883
23,0.007003012048192869
24,-0.007266566265060226
25,0.015135542168674632
26,0.005647590361445798
27,0.010391566265060215
28,-0.0125753012048192
29,-0.022176204819277123
30,0.013290662650602414
31,-0.02454819277108433
32,-0.008509036144578264
33,0.004668674698795172
34,-0.01099397590361445
35,0.008584337349397564
36,-0.01637801204819278
37,-0.010316265060240914
38,0.004518072289156572
39,0.00380271084337358
40,-0.008471385542168697
41,0.0018825301204818956
42,0.013591867469879504
43,-0.010617469879518004
44,-0.005233433734939785
45,-0.014382530120481962
46,-0.0026731927710842984
47,-0.0005647590361445576
48,-0.004367469879518027
49,0.001167168674698793
50,0.016302710843373425
51,0.0021837349397590966
52,-0.012161144578313299
53,-0.013930722891566272
54,-0.015135542168674743
55,0.0039909638554216365
56,-0.003426204819277079
57,-0.0016942771084337283
58,0.004593373493975927
59,-0.008772590361445787
60,-0.024623493975903632
61,0.013064759036144569
62,-0.014646084337349319
63,-0.003915662650602447
64,0.00801957831325295
65,-7.530120481930025e-05
66,-0.0035015060240964346
67,-0.014081325301204872
68,0.00805722891566274
69,0.0014307228915662051
70,-0.0050075301204818845
71,0.022402108433734913
72,-0.005873493975903588
73,-0.002108433734939741
74,0.003576807228915624
75,0.0030496987951806886
76,-0.01084337349397596
77,0.0007530120481927804
78,0.003576807228915624
79,-0.0010918674698795483
80,0.00560993975903612
81,-0.0014683734939758275
82,0.02123493975903623
83,-0.002183734939759041
84,0.016603915662650515
85,-0.027635542168674754
86,-0.005835843373493965
87,-0.01769578313253012
88,0.0315512048192772
89,0.007492469879518127
90,0.024774096385542177
91,-0.0038780120481926583
92,0.012236445783132543
93,0.007756024096385539
94,0.0009789156626505147
95,0.0063629518072289
96,-0.01144578313253014
97,-0.004518072289156627
98,-0.010128012048192803
99,0.007153614457831359
100,-0.012236445783132543
101,0.008584337349397564
102,0.011558734939759008
103,-0.007718373493975916
104,0.008697289156626486
105,-0.0032756024096385894
106,0.008433734939758963
107,-0.006852409638554158
108,0.017846385542168663
109,-0.009111445783132555
110,0.018637048192771122
111,-0.007454819277108393
112,-0.006664156626506046
113,0.012161144578313188
114,-0.008132530120481873
115,-0.017319277108433728
116,-0.002484939759036131
117,-0.011859939759036153
118,-0.0019954819277109292
119,-0.00591114457831321
120,-0.023757530120481873
121,-0.010918674698795205
122,0.004179216867469804
123,-0.00022590361445778973
124,-0.016942771084337338
125,-0.030609939759036198
126,-0.000301204819277201
127,-0.019314759036144658
128,-0.012688253012048234
129,0.008847891566265087
130,0.018109939759036076
131,-0.03189006024096397
132,-0.0014683734939758275
133,0.006099397590361488
134,0.0005647590361446131
135,0.013253012048192736
136,0.018260542168674676
137,0.002296686746987908
138,-0.016679216867469926
139,-0.023606927710843384
140,-0.0006777108433734802
141,0.009525602409638623
142,-0.009412650602409645
143,-0.007492469879518127
144,-0.0019954819277108182
145,0.009751506024096468
146,0.010655120481927738
147,-0.024397590361445842
148,0.002936746987951766
149,0.0022590361445783413
150,-0.015662650602409622
151,0.01487198795180722
152,-0.0026731927710842984
153,-0.02360692771084333
154,0.0057605421686747205
155,-0.007304216867469904
156,-0.019352409638554224
157,0.01502259036144582
158,-0.024774096385542177
159,0.0014307228915662051
160,-0.001506024096385561
161,-0.006965361445783136
162,0.004028614457831203
163,-0.006400602409638578
164,-0.00425451807228916
165,-0.005572289156626498
166,-0.003501506024096379
167,-0.02820030120481931
168,-0.010881024096385583
169,-0.004442771084337327
170,0.011709337349397608
171,-0.0045557228915662495
172,-0.0036521084337348686
173,0.009902108433734957
174,-0.014118975903614439
175,0.017507530120481896
176,0.004480421686747005
177,-0.0184487951807229
178,-0.02085843373493973
179,0.0092620481927711
180,-0.024623493975903632
181,0.00018825301204816736
182,0.010128012048192803
183,-0.013290662650602414
184,-0.006174698795180733
185,0.007718373493975861
186,0.007379518072289093
187,-0.009337349397590344
188,-0.01426957831325304
189,-0.004216867469879537
190,0.0009412650602409478
191,-0.0073795180722891485
192,0.013780120481927671
193,0.013817771084337349
194,0.005948795180722888
195,0.0008659638554217031
196,-0.0050075301204818845
197,0.002974397590361444
198,0.02379518072289155
199,0.002108433734939852
200,-0.01174698795180723
201,-0.008810240963855465
202,0.009525602409638623
203,-0.0020707831325301185
204,-0.007944277108433706
205,0.0001506024096386005
206,-0.009864457831325335
207,0.005798192771084398
208,0.008697289156626486
209,-0.0033509036144578896
210,0.002409638554216942
211,0.00425451807228916
212,-0.0012801204819277712
213,-0.003124999999999989
214,-0.006024096385542188
215,0.004066265060240992
216,-0.002033132530120496
217,0.007680722891566294
218,0.011483433734939763
219,0.03128765060240957
220,0.018034638554216942
221,0.002899096385542199
222,0.0006777108433735357
223,-0.0033509036144578896
224,-0.005195783132530163
225,-0.014043674698795139
226,-0.012462349397590333
227,-0.0015436746987951278
228,-0.0007530120481927804
229,-0.006890060240963836
230,0.0031249999999999334
231,0.014156626506024117
232,-0.014984939759036198
233,7.530120481924474e-05
234,0.013780120481927671
235,0.0016566265060241614
236,0.013253012048192736
237,0.009713855421686679
238,0.010052710843373558
239,-0.008245481927710852
240,0.010504518072289137
241,-0.028953313253012092
242,-0.010165662650602425
243,-0.014683734939759052
244,-0.0021837349397590966
245,0.003915662650602392
246,-0.010542168674698815
247,-0.009525602409638512
248,0.005346385542168708
249,0.006701807228915779
250,-0.025263554216867434
251,0.008019578313253062
252,0.009375000000000022
253,0.00805722891566274
254,-0.008998493975903576
255,0.002070783132530174
256,0.006777108433734913
257,-0.0020707831325301185
258,0.007003012048192758
259,0.004969879518072262
260,-0.010165662650602425
261,-0.011521084337349385
262,0.007078313253012114
263,-0.014721385542168619
264,0.020218373493975927
265,0.0033885542168674565
266,-0.011859939759036153
267,0.006739457831325346
268,-0.011445783132530085
269,0.008697289156626486
270,-0.0016566265060241059
271,-0.01539909638554221
272,-0.008358433734939774
273,0.0092620481927711
274,0.012236445783132543
275,0.008358433734939719
276,-0.009751506024096412
277,-0.002597891566265109
278,0.0001506024096386005
279,-0.006174698795180733
280,-0.005233433734939785
281,-0.007718373493975916
282,0.006174698795180733
283,0.007981927710843384
284,-0.010579819277108382
285,-0.01622740963855418
286,0.010843373493975905
287,0.0007530120481927804
288,0.009111445783132499
289,0.0069277108433734025
290,-0.008320783132530152
291,-0.005421686746988008
292,-0.005384036144578386
293,0.002070783132530174
294,0.005384036144578275
295,0.02277861445783136
296,0.003915662650602392
297,-0.02003012048192765
298,-0.001506024096385561
299,-0.006099397590361488
300,-0.011144578313252995
301,0.003576807228915624
302,-0.01848644578313252
303,-0.008659638554216864
304,-0.00463102409638555
305,0.025225903614457867
306,-0.003426204819277079
307,-0.022966867469879526
308,-0.005722891566264987
309,0.009186746987951855
310,0.004894578313253017
311,-0.003501506024096379
312,-0.009939759036144635
313,0.0037274096385542244
314,-0.0069277108433735135
315,-0.00493222891566264
316,-0.007756024096385594
317,-0.010128012048192803
318,0.006249999999999978
319,0.0048569277108434505
320,0.009638554216867545
321,-0.013855421686746971
322,0.024510542168674654
323,-0.011859939759036153
324,-0.0024096385542168863
325,-0.005986445783132566
326,0.005835843373493965
327,0.010579819277108382
328,-0.011069277108433695
329,-0.005798192771084398
330,0.006137048192771055
331,0.016302710843373425
332,-0.0015436746987951278
333,-0.0020707831325301185
334,-0.0037274096385542244
335,-0.001920180722891518
336,0.011897590361445776
337,-0.007304216867469904
338,-0.001957831325301196
339,0.00500753012048194
340,-0.01942771084337347
341,0.0009036144578312699
342,0.004969879518072262
343,0.0012424698795179268
344,0.008094879518072307
345,-0.022778614457831303
346,-0.014984939759036142
347,-0.005685240963855365
348,-0.012311746987951844
349,0.018448795180722843
350,-0.017658132530120496
351,0.012763554216867479
352,0.022929216867469848
353,-0.0002635542168674121
354,-0.03441265060240967
355,-0.002899096385542088
356,-0.0020707831325301185
357,-0.006739457831325235
358,-0.01144578313253014
359,0.0057605421686746094
360,0.0036521084337349796
361,0.0017319277108432951
362,-0.012010542168674754
363,0.0060617469879518104
364,0.01912650602409649
365,-0.010466867469879515
366,0.007379518072289204
367,-0.007868975903614517
368,0.010090361445783125
369,0.006174698795180733
370,-0.02797439759036152
371,-0.005534638554216875
372,-0.01750753012048195
373,-0.015210843373493987
374,0.02018072289156625
375,0.009789156626506035
376,0.004216867469879482
377,0.002936746987951766
378,-0.004480421686747005
379,0.0027861445783132766
380,-0.013817771084337294
381,-0.009751506024096412
382,0.0034638554216867012
383,-0.0014683734939758275
384,-0.0066265060240964235
385,0.00832078313253004
386,-0.0025602409638554313
387,-0.014081325301204872
388,0.0060240963855421326
389,-0.014984939759036142
390,-0.020368975903614528
391,0.01167168674698793
392,0.020707831325301185
393,-0.024661144578313254
394,0.014570783132530019
395,0.0019201807228915735
396,-0.016265060240963858
397,0.012612951807228878
398,0.00896084337349401
399,-0.0017695783132529175
400,0.0
401,0.003915662650602392
402,0.012349397590361466
403,-0.004969879518072207
404,0.0018825301204818956
405,-0.03253012048192777
406,-0.0028614457831325213
407,0.0006400602409639689
408,-0.005685240963855365
409,-0.01234939759036141
410,-0.020143072289156627
411,0.015060240963855387
412,0.027409638554216853
413,0.009073795180722821
414,-0.002259036144578286
415,-0.007756024096385483
416,0.006212349397590411
417,-0.013064759036144569
418,0.014006024096385516
419,0.0015436746987952388
420,-0.009600903614457812
421,-0.00560993975903612
422,-0.017319277108433728
423,0.016942771084337394
424,0.007756024096385539
425,0.002296686746987908
426,-0.006739457831325346
427,-0.0035768072289156794
428,0.00850903614457832
429,0.031061746987951833
430,-0.007304216867469848
431,-0.009262048192771155
432,0.004819277108433773
433,0.01897590361445778
434,-0.008509036144578264
435,-0.010542168674698815
436,0.0013554216867469604
437,-0.010956325301204772
438,-0.013930722891566272
439,-0.012876506024096401
440,0.00756777108433726
441,-0.01822289156626511
442,0.0057605421686747205
443,0.003915662650602392
444,-0.01882530120481929
445,-0.0015436746987951278
446,-0.00432981927710846
447,-0.007605421686746938
448,0.0027484939759035987
449,-0.0013930722891566383
450,0.020896084337349352
451,-0.008998493975903632
452,-0.004254518072289215
453,-0.011332831325301163
454,-0.004856927710843395
455,0.029555722891566272
456,-0.004216867469879537
457,0.00022590361445784524
458,-0.016039156626506013
459,-0.008659638554216864
460,-0.008621987951807242
461,0.01031626506024097
462,0.007981927710843273
463,0.022966867469879526
464,-0.01946536144578309
465,0.0027861445783132766
466,-0.003501506024096379
467,0.0021837349397589856
468,0.004631024096385494
469,0.004179216867469804
470,-0.003840361445783147
471,0.0057605421686747205
472,0.0021460843373494187
473,0.0033132530120482118
474,-0.0033885542168674565
475,0.006588855421686746
476,0.00850903614457832
477,0.017206325301204806
478,0.003237951807228856
479,0.032981927710843295
480,-0.00022590361445778973
481,-0.010203313253011992
482,0.0006400602409638578
483,-0.011897590361445831
484,-0.011709337349397664
485,-0.008885542168674654
486,-0.0018072289156626509
487,-0.006137048192771055
488,0.02063253012048183
489,-0.01585090361445779
490,0.01532379518072291
491,0.021423192771084287
492,-0.004969879518072318
493,-0.006287650602409545
494,0.013441265060240903
495,0.006701807228915668
496,0.0066265060240963125
497,-0.001920180722891518
498,-0.009149096385542066
499,-0.008057228915662684
500,0.018900602409638534
501,-0.0034262048192771344
502,-0.0021837349397590966
503,-0.00402861445783137
504,7.530120481924474e-05
505,-0.0021460843373493077
506,0.020105421686747005
507,-0.0024849397590361866
508,-0.014307228915662662
509,-0.007643072289156616
510,0.0004518072289156905
511,0.00060240963855418
512,0.008433734939759074
513,-0.015888554216867412
514,-0.008584337349397564
515,0.017921686746987908
516,-0.00432981927710846
517,-0.0012424698795181488
518,-0.0011295180722891707
519,0.015361445783132477
520,-0.012236445783132543
521,-0.025301204819277112
522,-0.01784638554216872
523,-0.009751506024096412
524,-0.0004141566265060126
525,-0.009600903614457812
526,-0.010579819277108382
527,-0.010316265060241026
528,0.003915662650602392
529,-0.0013930722891565828
530,-0.013780120481927671
531,-0.012462349397590333
532,0.02428463855421692
533,0.0001506024096386005
534,-0.01777108433734942
535,0.011784638554216853
536,-0.0036521084337348686
537,0.008546686746987997
538,-0.00030120481927709
539,-0.014382530120481962
540,-0.018637048192771066
541,0.008396084337349508
542,-0.008057228915662684
543,0.0009789156626505147
544,0.008094879518072307
545,-0.015625
546,0.007266566265060281
547,-0.0003765060240963902
548,0.0015436746987951278
549,0.0009412650602409478
550,-0.008546686746987886
551,0.003539156626506057
552,0.018034638554216942
553,-0.0051581325301204295
554,-0.010052710843373447
555,-0.0031250000000000444
556,-0.008132530120481873
557,0.003275602409638534
558,-0.013064759036144569
559,-0.005195783132530163
560,0.0006777108433734247
561,-0.0009789156626505702
562,-0.004405120481927649
563,-0.01167168674698793
564,-0.013591867469879504
565,-0.0011295180722891707
566,0.005873493975903532
567,0.015662650602409678
568,0.0012801204819277157
569,0.007643072289156727
570,-0.012500000000000011
571,0.008772590361445731
572,-0.0007153614457831581
573,0.0007906626506023473
574,0.015850903614457845
575,-0.004819277108433717
576,-0.02737198795180734
577,0.0011295180722891152
578,-0.012387048192771144
579,0.0014307228915662051
580,0.0027861445783131655
581,0.0015813253012048056
582,-0.0038403614457830915
583,0.00850903614457832
584,-0.006061746987951755
585,-0.01325301204819268
586,0.010956325301204828
587,-0.0007530120481927804
588,0.009337349397590455
589,-0.01174698795180723
590,0.001468373493975883
591,-0.006551204819277068
592,-0.0027861445783132766
593,-0.0033885542168674565
594,-0.011031626506024073
595,-0.004668674698795228
596,-0.007906626506024084
597,0.027070783132530196
598,0.009299698795180666
599,-0.004668674698795228
600,0.005534638554216875
601,-0.0033132530120481563
602,-0.007454819277108504
603,-0.025037650602409645
604,0.0019201807228915735
605,0.007756024096385539
606,0.0037650602409639022
607,0.0034638554216868123
608,-0.01524849397590361
609,-0.009902108433735013
610,-0.008509036144578264
611,0.013591867469879504
612,0.00440512048192776
613,0.015135542168674743
614,-0.0018825301204819511
615,-0.016792168674698738
616,0.008283132530120474
617,-0.006588855421686746
618,0.007831325301204894
619,-0.01660391566265057
620,0.007304216867469959
621,0.010052710843373447
622,0.01532379518072291
623,-0.01905120481927708
624,-0.006551204819277123
625,0.0002635542168675231
626,-0.0009789156626505702
627,0.0045557228915662495
628,-0.019164156626506057
629,-0.0005647590361445576
630,-0.005271084337349408
631,-0.015286144578313232
632,0.012650602409638556
633,-0.01920180722891568
634,0.00395331325301207
635,-0.016039156626506013
636,0.007379518072289093
637,-0.0214231927710844
638,-0.009299698795180722
639,-0.00432981927710846
640,0.008810240963855409
641,-0.01709337349397594
642,-0.001618975903614539
643,-0.012311746987951733
644,0.014194277108433684
645,-0.002522590361445698
646,0.0012801204819277157
647,0.016415662650602347
648,-0.005459337349397575
649,0.003237951807228856
650,-0.0024472891566265087
651,0.007605421686747049
652,0.004518072289156572
653,-0.00591114457831321
654,0.017545180722891573
655,0.002710843373494032
656,-0.002221385542168719
657,0.008132530120481873
658,-0.006438253012048145
659,0.007868975903614461
660,-0.012537650602409633
661,-0.01784638554216872
662,0.003802710843373469
663,0.009600903614457867
664,-0.013102409638554302
665,-0.01479668674698803
666,0.008471385542168641
667,0.004028614457831314
668,-0.00395331325301207
669,-0.0184487951807229
670,-0.009262048192771155
671,0.002033132530120496
672,0.019465361445783147
673,-0.011558734939759063
674,0.014984939759036253
675,0.0030496987951806886
676,-0.0035768072289156794
677,-0.006814759036144535
678,-0.007906626506024084
679,0.003878012048192825
680,-0.010918674698795205
681,0.009638554216867434
682,-0.010203313253011992
683,-0.001204819277108471
684,0.005233433734939785
685,0.00956325301204819
686,-0.0154743975903614
687,-0.009337349397590344
688,-0.008057228915662573
689,-0.005459337349397575
690,0.019051204819277023
691,-0.0019578313253011403
692,0.005911144578313321
693,0.0030496987951806886
694,-0.013140060240963813
695,-0.012763554216867479
696,0.011408132530120518
697,0.010052710843373558
698,0.011031626506024184
699,0.0045557228915662495
700,-0.012198795180722921
701,-0.0039909638554216365
702,-0.0007530120481927804
703,0.0010165662650601925
704,0.009224397590361422
705,0.002899096385542199
706,-0.0037650602409638467
707,-0.01174698795180723
708,-0.012311746987951733
709,-0.0036144578313252462
710,-0.004894578313253017
711,-0.0008659638554216476
712,-0.002334337349397586
713,0.006551204819277179
714,0.005572289156626442
715,-0.016792168674698738
716,-0.003237951807228856
717,0.024472891566265087
718,0.013742469879518104
719,0.0027484939759037097
720,-0.009864457831325224
721,-0.011182228915662562
722,0.002936746987951877
723,-0.009186746987951855
724,0.009337349397590344
725,0.022628012048192758
726,0.00835843373493983
727,0.008132530120481873
728,0.009939759036144635
729,-0.008621987951807242
730,-0.008998493975903632
731,0.016189759036144613
732,-0.01099397590361445
733,-0.002899096385542088
734,-0.008170180722891496
735,-0.002560240963855487
736,-0.009375000000000022
737,-0.008509036144578375
738,-0.012838855421686723
739,0.020293674698795172
740,-0.007831325301204783
741,-0.011596385542168741
742,-0.020858433734939785
743,0.01773343373493974
744,-0.01479668674698803
745,-0.01671686746987955
746,-0.004179216867469859
747,0.013215361445783058
748,0.014344879518072395
749,-0.026204819277108382
750,-0.0026731927710844094
751,-0.016641566265060193
752,0.016340361445783214
753,0.005835843373493965
754,0.017206325301204806
755,-0.0021460843373494187
756,-0.0033509036144577786
757,0.007153614457831359
758,0.0042921686746988374
759,-0.003200301204819178
760,0.030271084337349485
761,0.0022213855421686635
762,0.011144578313252995
763,-0.0027861445783132766
764,-0.008923192771084332
765,0.002635542168674676
766,-0.0014683734939759385
767,-0.004141566265060237
768,0.005572289156626442
769,-0.0029743975903614994
770,-0.022176204819277068
771,-0.0018825301204819511
772,0.005271084337349352
773,-0.0154743975903614
774,0.010993975903614395
775,-0.020745481927710807
776,-0.014834337349397597
777,0.02594126506024097
778,0.010090361445783125
779,0.001807228915662762
780,-0.011370481927710785
781,-0.014382530120481851
782,-0.001920180722891518
783,-0.02699548192771084
784,-0.014984939759036142
785,-0.025978915662650592
786,-0.024661144578313254
787,-0.01848644578313252
788,-0.002484939759036131
789,0.0045557228915662495
790,-0.002296686746987908
791,-0.002484939759036131
792,0.02202560240963858
793,-0.0019954819277109292
794,-0.005459337349397575
795,0.013140060240963924
796,0.010203313253012047
797,0.010579819277108382
798,-0.01204819277108432
799,0.008019578313253062
800,0.009826807228915602
801,-0.014834337349397597
802,-0.007605421686746994
803,0.008847891566265087
804,-0.008998493975903632
805,-0.014344879518072229
806,-0.0017695783132529175
807,0.0033509036144578896
808,-0.0023719879518072085
809,-0.0013930722891565828
810,-0.0038403614457830915
811,0.003915662650602392
812,-0.002710843373493921
813,-0.017582831325301196
814,0.01882530120481929
815,0.0022213855421686635
816,0.014118975903614439
817,0.0019201807228915735
818,-0.0019578313253011403
819,-0.012161144578313243
820,-0.007756024096385483
821,-0.0002635542168674121
822,-0.012349397590361522
823,-0.006852409638554213
824,0.0019954819277108182
825,0.005421686746987953
826,0.004631024096385494
827,-0.011182228915662673
828,-0.0016942771084337283
829,-0.007605421686746994
830,-0.0056099397590361755
831,-0.016942771084337338
832,-0.0005271084337349907
833,0.005496987951807197
834,-0.00011295180722892262
835,0.0013930722891565273
836,0.00120481927710836
837,-0.002484939759036131
838,0.015850903614457845
839,0.021310240963855365
840,-0.009713855421686735
841,-0.009337349397590455
842,0.017507530120481896
843,0.0034262048192770234
844,-0.007643072289156616
845,-0.014156626506024172
846,-0.012161144578313299
847,0.005798192771084398
848,0.0005271084337349352
849,0.005271084337349352
850,0.008170180722891551
851,-0.0027484939759034877
852,-0.002786144578313221
853,-0.004555722891566305
854,-0.021573795180722888
855,-0.0047063253012047945
856,0.001506024096385561
857,-0.002409638554216831
858,-0.006137048192771055
859,-0.01084337349397596
860,-0.014608433734939807
861,0.0033885542168674565
862,0.011408132530120518
863,0.0033885542168674565
864,0.00500753012048194
865,-0.009676204819277057
866,0.007040662650602436
867,-0.008885542168674765
868,0.0066265060240964235
869,-0.010918674698795205
870,-0.007756024096385483
871,-0.015625
872,-0.01950301204819277
873,0.006739457831325346
874,0.002673192771084354
875,-0.006099397590361488
876,-0.008960843373494065
877,0.0048569277108433395
878,-0.002936746987951877
879,0.005534638554216875
880,-0.006777108433734913
881,-0.0036144578313252462
882,-0.01362951807228907
883,-0.009149096385542232
884,-0.012462349397590333
885,0.006438253012048145
886,0.02703313253012052
887,-0.0037274096385542244
888,-0.00033885542168676785
889,-0.016039156626506013
890,0.014156626506024117
891,-0.014683734939759052
892,-0.013064759036144569
893,0.004781626506023984
894,-0.006024096385542188
895,-0.006212349397590355
896,0.01457078313253013
897,-0.0034638554216867012
898,0.012048192771084376
899,-0.010015060240963825
900,-0.00493222891566264
901,-0.0015813253012047501
902,-0.0017695783132529175
903,-0.007492469879518127
904,0.006739457831325346
905,-0.007906626506024084
906,0.0045557228915662495
907,0.010015060240963769
908,-0.02085843373493973
909,-0.010203313253011992
910,0.002597891566264998
911,0.001769578313253084
912,-0.01001506024096388
913,-0.021987951807228956
914,0.008734939759036164
915,0.013140060240963924
916,-0.008923192771084332
917,-0.011596385542168575
918,0.009902108433734957
919,-0.020632530120481996
920,-0.0036521084337349796
921,-0.01234939759036141
922,0.004066265060240992
923,-0.024585843373493954
924,-0.0024849397590361866
925,0.017507530120481896
926,0.0036521084337349796
927,-0.0018825301204819511
928,0.0012801204819277157
929,-0.011784638554216853
930,-0.007906626506024084
931,-0.001618975903614428
932,-0.001317771084337338
933,0.016189759036144613
934,0.01927710843373498
935,0.0009789156626505147
936,-0.005572289156626498
937,-0.011106927710843262
938,-0.03151355421686747
939,-0.0019954819277109292
940,0.0006400602409638578
941,-0.01957831325301207
942,0.006137048192771055
943,-0.0036897590361445465
944,0.015963855421686768
945,0.007454819277108449
946,0.002597891566265109
947,-0.0006777108433734802
948,0.016189759036144613
949,-0.0039909638554216365
950,-0.007153614457831303
951,-0.0013930722891566383
952,-0.0018072289156627064
953,0.00986445783132528
954,-0.017356927710843406
955,0.007680722891566294
956,-0.007906626506024084
957,-0.012311746987951844
958,0.005873493975903643
959,-0.0056099397590361755
960,0.020067771084337327
961,0.02868975903614457
962,-0.0032756024096384784
963,0.013177710843373491
964,0.007567771084337371
965,0.004593373493975816
966,0.0025602409638554313
967,-0.008396084337349397
968,0.00470632530120485
969,-0.0034638554216867568
970,0.010655120481927738
971,-0.007153614457831303
972,0.018335843373494032
973,0.020406626506023984
974,-3.765060240962237e-05
975,0.010052710843373558
976,-0.010429216867469893
977,0.009638554216867545
978,0.0039909638554217475
979,-0.0056099397590361755
980,0.0021460843373494187
981,0.008132530120481873
982,-0.0008283132530120807
983,-0.019239457831325246
984,-0.015060240963855442
985,-0.017959337349397586
986,-0.00432981927710846
987,0.008734939759036164
988,0.004216867469879482
989,-0.010165662650602425
990,0.004480421686747005
991,0.0033509036144578896
992,-0.0047063253012047945
993,-0.00033885542168676785
994,-0.006551204819277123
995,0.007868975903614461
996,0.011935240963855454
997,0.0034638554216868123
998,0.011182228915662562
999,-0.010843373493975905
1000,-0.0014307228915662606
1001,-0.011257530120481862
1002,-0.015737951807228978
1003,-0.0016566265060241059
1004,0.021197289156626442
1005,-0.0157756024096386
1006,-0.012462349397590333
1007,-0.013365963855421714
1008,-0.008885542168674654
1009,-0.008659638554216864
1010,-0.0003765060240963902
1011,0.003012048192771122
1012,0.0127259036144578
1013,0.0013930722891566383
1014,-0.0030873493975903665
1015,-0.011219879518072295
1016,-0.004442771084337438
1017,-0.00432981927710846
1018,0.01701807228915664
1019,0.0036521084337348686
1020,0.014984939759036142
1021,-0.0004141566265060681
1022,-0.0007530120481927804
1023,-0.007228915662650548
1024,0.0036897590361446575
1025,-0.004216867469879426
1026,-0.01795933734939753
1027,0.010391566265060215
1028,-0.014834337349397597
1029,0.02503765060240959
1030,-0.005045180722891618
1031,-0.007567771084337316
1032,-0.0011671686746988486
1033,-0.014006024096385572
1034,0.011859939759036098
1035,-0.0157003012048193
1036,-0.019239457831325246
1037,-0.027748493975903565
1038,0.0060240963855421326
1039,-0.008057228915662684
1040,-0.011521084337349441
1041,-0.028012048192771144
1042,0.015097891566265065
1043,-0.013441265060240903
1044,-0.002522590361445698
1045,0.015549698795180644
1046,-0.007417168674698826
1047,-0.0044051204819277046
1048,0.0014307228915663162
1049,0.002710843373494032
1050,-0.009638554216867434
1051,-0.006588855421686746
1052,-0.01577560240963849
1053,0.008923192771084443
1054,0.00060240963855418
1055,0.00956325301204819
1056,0.014344879518072284
1057,0.004442771084337216
1058,0.014834337349397653
1059,0.018411144578313166
1060,-0.013855421686746971
1061,-0.0050075301204818845
1062,-0.007304216867469848
1063,0.012387048192771144
1064,0.004781626506024095
1065,-0.006777108433734913
1066,0.013478915662650692
1067,-0.0011295180722891707
1068,0.006588855421686746
1069,-0.0015436746987952388
1070,0.012311746987951788
1071,0.007643072289156727
1072,0.0014307228915663162
1073,-0.01671686746987955
1074,-0.01099397590361445
1075,0.011445783132530196
1076,0.00440512048192776
1077,0.0012801204819277157
1078,0.00022590361445784524
1079,0.00726656626506017
1080,0.01773343373493974
1081,0.02304216867469877
1082,0.006965361445783191
1083,0.006438253012048145
1084,-0.01389307228915665
1085,0.02673192771084343
1086,-0.01404367469879525
1087,-0.006137048192771055
1088,0.0034262048192770234
1089,0.014796686746987975
1090,0.0125753012048192
1091,0.0001506024096386005
1092,-0.0159262048192772
1093,0.012198795180722977
1094,0.006137048192771166
1095,-0.0007530120481927804
1096,-0.011558734939759063
1097,0.011219879518072351
1098,-0.0004894578313252573
1099,-0.011182228915662673
1100,-0.00018825301204816736
1101,0.007191265060241037
1102,0.003802710843373469
1103,0.002899096385542199
1104,-0.009864457831325224
1105,0.021573795180722888
1106,0.014344879518072284
1107,-0.02018072289156625
1108,0.011596385542168686
1109,-0.007906626506024084
1110,-0.002334337349397586
1111,0.006287650602409545
1112,-0.0003765060240963902
1113,-0.0035768072289156794
1114,-0.0008283132530119697
1115,-0.008170180722891607
1116,0.012612951807228878
1117,0.012537650602409633
1118,0.028614457831325324
1119,-0.027861445783132543
1120,0.005911144578313321
1121,-0.012274096385542221
1122,-0.005873493975903588
1123,0.02262801204819287
1124,-0.014608433734939752
1125,0.006852409638554269
1126,-0.0006400602409638578
1127,-0.002635542168674676
1128,-0.021987951807228845
1129,-0.019465361445783147
1130,-0.01479668674698792
1131,-0.01106927710843375
1132,-0.006362951807228956
1133,0.004631024096385605
1134,-0.013930722891566272
1135,0.014495481927710885
1136,0.014194277108433795
1137,-0.005722891566265098
1138,0.007756024096385539
1139,0.005948795180722888
1140,0.014420180722891529
1141,-0.012876506024096401
1142,-0.0011295180722891707
1143,-0.0033885542168674565
1144,-0.019239457831325246
1145,-0.016340361445783158
1146,0.008734939759036053
1147,0.002936746987951877
1148,0.006551204819277068
1149,0.0051581325301205405
1150,0.007115963855421681
1151,0.018448795180722843
1152,0.0018825301204818956
1153,0.020067771084337327
1154,-0.0006400602409638578
1155,-0.009149096385542177
1156,0.002936746987951877
1157,-0.0045557228915662495
1158,0.0011295180722891152
1159,0.007492469879518127
1160,-0.009412650602409645
1161,-0.002823795180722899
1162,0.006588855421686746
1163,-0.004405120481927649
1164,0.008170180722891551
1165,0.0127259036144578
1166,-0.008433734939759074
1167,-0.00395331325301207
1168,0.00865963855421692
1169,0.01652861445783138
1170,-0.005158132530120485
1171,0.011295180722891596
1172,-0.016641566265060193
1173,-0.007567771084337316
1174,-0.0027484939759035987
1175,-0.002597891566265109
1176,-0.011822289156626531
1177,0.010203313253012047
1178,0.007831325301204783
1179,-0.009600903614457812
1180,0.0004141566265060126
1181,-0.002108433734939741
1182,0.0011295180722891152
1183,-0.01810993975903613
1184,0.009375000000000022
1185,0.011295180722891596
1186,0.012575301204819311
1187,0.0183734939759036
1188,0.009525602409638512
1189,-0.009600903614457812
1190,-0.004254518072289215
1191,-0.0007906626506024583
1192,-0.022477409638554158
1193,0.0007906626506024583
1194,0.011182228915662673
1195,0.016905120481927716
1196,-0.005459337349397575
1197,0.002673192771084354
1198,-0.004743975903614417
1199,-0.002484939759036131
1200,0.0036144578313253017
1201,-0.009638554216867434
1202,0.005572289156626442
1203,-0.014759036144578352
1204,-0.017658132530120496
1205,-0.006475903614457823
1206,0.00030120481927709
1207,-0.001920180722891518
1208,0.0018448795180722177
1209,-0.011257530120481973
1210,0.007605421686746938
1211,-0.010429216867469837
1212,-0.0033132530120481563
1213,-0.003200301204819178
1214,0.008094879518072307
1215,0.006890060240963947
1216,0.006438253012048145
1217,-0.014533132530120452
1218,0.006212349397590411
1219,-0.003237951807228856
1220,0.002597891566265109
1221,-0.004442771084337327
1222,0.003200301204819289
1223,-0.0020707831325301185
1224,-0.007228915662650548
1225,-0.0184487951807229
1226,-0.002560240963855487
1227,0.0045557228915662495
1228,-0.007605421686746938
1229,0.005948795180722999
1230,0.0009412650602409478
1231,0.017996987951807264
1232,0.011634036144578364
1233,0.008094879518072307
1234,-0.00011295180722892262
1235,-0.006513554216867445
1236,0.018147590361445753
1237,0.013478915662650692
1238,-0.0031250000000000444
1239,-0.004819277108433606
1240,-0.025150602409638623
1241,0.012876506024096401
1242,-0.005120481927710807
1243,-0.0036144578313252462
1244,-0.01705572289156626
1245,-0.023795180722891607
1246,-0.005120481927710807
1247,-0.012085843373493943
1248,-0.0013930722891565828
1249,-0.004593373493975927
1250,0.0025602409638554313
1251,-0.012612951807228934
1252,-0.012650602409638612
1253,0.002597891566265109
1254,0.006099397590361488
1255,-0.0005271084337349907
1256,0.015060240963855387
1257,0.014834337349397653
1258,-0.014608433734939807
1259,0.0012424698795181488
1260,0.012048192771084376
1261,0.005685240963855365
1262,-0.0033885542168674565
1263,0.007981927710843384
1264,0.013478915662650692
1265,-0.007003012048192758
1266,0.003915662650602392
1267,-0.007680722891566294
1268,-0.0030120481927710663
1269,0.011445783132530196
1270,0.007605421686747049
1271,-0.016415662650602403
1272,-0.02944277108433735
1273,0.0063253012048193336
1274,-0.012688253012048123
1275,0.004932228915662584
1276,-0.021046686746988008
1277,0.009450301204819267
1278,0.014081325301204761
1279,-0.0013554216867469604
1280,0.012085843373493943
1281,-0.006626506024096368
1282,0.009826807228915602
1283,-0.009638554216867434
1284,-0.0075301204819278045
1285,0.006814759036144591
1286,0.006513554216867501
1287,-0.003802710843373469
1288,-0.038855421686746994
1289,-0.00425451807228916
1290,-0.006174698795180733
1291,-0.008094879518072307
1292,-0.010391566265060215
1293,0.004894578313253017
1294,0.0012801204819277157
1295,0.001468373493975883
1296,-0.006400602409638578
1297,-0.004179216867469859
1298,-0.0013554216867469604
1299,0.0017319277108432951
1300,-0.0070783132530120585
1301,-0.019992469879518027
1302,-0.0008283132530119697
1303,0.012914156626505968
1304,0.00060240963855418
1305,0.011219879518072351
1306,-0.0056099397590361755
1307,-0.0053087349397589745
1308,-0.004141566265060237
1309,0.008283132530120474
1310,0.00045180722891557945
1311,0.0039909638554216365
1312,-0.0036144578313252462
1313,0.009149096385542288
1314,-0.007831325301204783
1315,-0.008320783132530096
1316,0.0034262048192770234
1317,-0.005572289156626498
1318,0.022515060240963947
1319,0.016490963855421703
1320,-0.004518072289156627
1321,0.004781626506023984
1322,0.02304216867469877
1323,0.003200301204819289
1324,0.017695783132530174
1325,-0.002710843373493921
1326,-0.01404367469879525
1327,0.005384036144578275
1328,-0.010843373493975905
1329,-0.002183734939759041
1330,0.012123493975903621
1331,0.02112198795180731
1332,-0.016490963855421648
1333,0.004781626506024095
1334,-0.0033132530120482673
1335,-0.00425451807228916
1336,0.006174698795180622
1337,-0.011483433734939763
1338,-0.021799698795180733
1339,-0.004668674698795228
1340,-0.0029367469879517105
1341,0.017356927710843295
1342,-0.008697289156626486
1343,0.0045557228915662495
1344,0.005384036144578386
1345,0.012010542168674698
1346,0.019465361445783036
1347,-0.013102409638554191
1348,0.007793674698795217
1349,-0.017884036144578286
1350,-0.009073795180722877
1351,-0.0016566265060240504
1352,0.007304216867469959
1353,-0.009826807228915602
1354,0.01076807228915655
1355,-0.026242469879518115
1356,0.009525602409638623
1357,0.0048569277108434505
1358,-0.0010918674698795483
1359,0.0285015060240964
1360,0.0001506024096386005
1361,-0.019013554216867457
1362,0.012838855421686723
1363,-0.006099397590361488
1364,-0.0027484939759035987
1365,0.004179216867469804
1366,-0.022364457831325235
1367,-0.01517319277108431
1368,0.002409638554216942
1369,0.01031626506024097
1370,0.021874999999999978
1371,0.004894578313253017
1372,0.0002635542168675231
1373,0.005722891566265043
1374,-0.0036144578313252462
1375,0.004743975903614528
1376,0.004631024096385494
1377,-0.004405120481927649
1378,0.023004518072289093
1379,-0.00030120481927709
1380,-0.006852409638554158
1381,0.0025225903614457534
1382,0.004781626506024095
1383,0.0034262048192770234
1384,-0.008621987951807186
1385,0.0019201807228915735
1386,0.01121987951807224
1387,-0.005045180722891507
1388,-0.005760542168674776
1389,-0.0004894578313252573
1390,-0.016566265060240948
1391,-0.001204819277108471
1392,0.007454819277108449
1393,0.01016566265060237
1394,-0.01325301204819268
1395,-0.0155496987951807
1396,-0.0029743975903614994
1397,0.004367469879518082
1398,-0.013403614457831281
1399,0.0007153614457831026
1400,0.014796686746987975
1401,0.002597891566265109
1402,-0.009337349397590344
1403,0.0028614457831325213
1404,0.001204819277108471
1405,-0.0015813253012048611
1406,0.019352409638554113
1407,-0.0054593373493975195
1408,-0.010391566265060215
1409,-0.01517319277108431
1410,0.004329819277108404
1411,0.013102409638554247
1412,0.0075301204819276935
1413,0.003501506024096379
1414,0.0042921686746988374
1415,0.007944277108433706
1416,0.0157756024096386
1417,0.0017319277108434061
1418,-0.01615210843373499
1419,-0.010881024096385583
1420,-0.01724397590361454
1421,0.003012048192771122
1422,-0.024246987951807242
1423,0.012537650602409633
1424,-0.026506024096385583
1425,-0.009563253012048245
1426,-0.004856927710843395
1427,0.00011295180722903364
1428,0.004028614457831314
1429,-0.013968373493975894
1430,-0.008734939759036053
1431,0.011746987951807286
1432,0.0013930722891566383
1433,-0.0034262048192771344
1434,-0.01645331325301208
1435,-0.018862951807228856
1436,-0.007944277108433706
1437,0.011709337349397608
1438,-0.02722138554216863
1439,0.0063629518072289
1440,0.009525602409638623
1441,0.018298192771084354
1442,-0.014382530120481851
1443,-0.008772590361445787
1444,-0.018524096385542088
1445,0.003200301204819289
1446,-0.01242469879518071
1447,0.003576807228915624
1448,-0.01174698795180723
1449,0.014796686746987975
1450,-0.005459337349397575
1451,-0.011483433734939763
1452,-0.006287650602409656
1453,0.003840361445783036
1454,-0.004179216867469859
1455,-0.01585090361445779
1456,0.0005271084337349352
1457,-0.001618975903614428
1458,0.005986445783132566
1459,-0.010542168674698815
1460,0.005233433734939785
1461,0.019917168674698837
1462,0.005911144578313321
1463,-0.006024096385542188
1464,0.0012801204819277157
1465,0.0002635542168674121
1466,0.0015813253012048056
1467,0.010429216867469893
1468,-0.007981927710843495
1469,0.011709337349397608
1470,0.00011295180722903364
1471,0.010429216867469782
1472,-0.019766566265060237
1473,0.020368975903614417
1474,-0.0006777108433735357
1475,-0.0036897590361445465
1476,0.01016566265060237
1477,-0.013930722891566272
1478,-0.012763554216867479
1479,0.01351656626506026
1480,0.016415662650602347
1481,-0.014909638554216842
1482,-0.015625
1483,-0.019239457831325246
1484,0.012198795180722977
1485,0.022402108433734913
1486,-0.005346385542168597
1487,-0.011257530120481973
1488,0.0033132530120482118
1489,0.01061746987951806
1490,-0.009412650602409645
1491,0.00986445783132528
1492,-0.01724397590361454
1493,-0.002823795180722899
1494,-0.014118975903614439
1495,0.007266566265060281
1496,-0.01713102409638556
1497,0.00410391566265067
1498,-0.002899096385542199
1499,0.02228915662650599
1500,0.0017319277108432951
1501,-0.00395331325301207
1502,-0.011634036144578364
1503,0.011182228915662673
1504,-0.013478915662650692
1505,-0.0073795180722891485
1506,-0.01539909638554221
1507,0.006174698795180733
1508,-0.005572289156626498
1509,-0.017545180722891518
1510,-0.001920180722891518
1511,0.012612951807228878
1512,0.01167168674698793
1513,-0.004668674698795117
1514,0.0039909638554216365
1515,-0.026204819277108493
1516,-0.011182228915662562
1517,-0.008358433734939663
1518,0.0063253012048193336
1519,-0.007417168674698826
1520,-0.008132530120481873
1521,0.013102409638554247
1522,0.0016189759036144835
1523,-0.014382530120481962
1524,0.008734939759036164
1525,3.765060240956686e-05
1526,-0.007981927710843384
1527,-0.015361445783132532
1528,-0.009977409638554202
1529,0.014608433734939807
1530,-0.004179216867469859
1531,0.010655120481927738
1532,0.015737951807228923
1533,-0.014759036144578241
1534,-0.007153614457831303
1535,0.005534638554216764
1536,-0.003727409638554169
1537,0.0006400602409637468
1538,0.016152108433734935
1539,-0.003200301204819289
1540,0.0021837349397590966
1541,0.003012048192771122
1542,-0.011182228915662729
1543,-0.010956325301204772
1544,-0.004066265060240937
1545,-0.010956325301204772
1546,-0.005082831325301185
1547,-0.0013554216867469604
1548,-0.0026731927710842984
1549,-0.001204819277108471
1550,-0.0042921686746988374
1551,-0.010504518072289193
1552,0.0045557228915662495
1553,0.008697289156626486
1554,-0.0010918674698795483
1555,-0.002296686746987908
1556,0.00801957831325295
1557,-0.0024472891566265087
1558,0.002033132530120496
1559,-0.008471385542168697
1560,0.0004141566265060126
1561,0.0016189759036144835
1562,0.02383283132530123
1563,-0.010165662650602425
1564,-0.024472891566265087
1565,-0.01607680722891558
1566,-0.005798192771084398
1567,0.00440512048192776
1568,0.008621987951807242
1569,-0.0015436746987951278
1570,0.004969879518072262
1571,0.012876506024096401
1572,-0.00022590361445778973
1573,-0.005384036144578275
1574,-0.003501506024096379
1575,-0.0017695783132529175
1576,0.0027484939759035987
1577,-0.013140060240963869
1578,0.0019954819277108182
1579,-0.0013930722891567493
1580,0.024811746987951855
1581,-0.008057228915662684
1582,0.011295180722891596
1583,-0.0005271084337348797
1584,0.003915662650602392
1585,0.0004518072289156905
1586,-0.0028614457831325213
1587,0.020256024096385494
1588,-0.008810240963855465
1589,-0.0014683734939759385
1590,0.008847891566265087
1591,0.0006400602409637468
1592,-0.015135542168674632
1593,0.011144578313252995
1594,0.017695783132530174
1595,0.005120481927710863
1596,0.014947289156626575
1597,0.002296686746987908
1598,0.004932228915662584
1599,-0.011784638554216909
1600,-0.00425451807228916
1601,-0.014006024096385572
1602,-0.007228915662650548
1603,-0.011972891566265131
1604,-0.010278614457831403
1605,0.0025602409638555423
1606,0.011634036144578364
1607,-0.025301204819277112
1608,0.012500000000000067
1609,-0.023117469879518016
1610,0.014984939759036142
1611,-0.007266566265060337
1612,-0.04171686746987957
1613,-0.0008659638554217586
1614,0.0036144578313253017
1615,0.006513554216867501
1616,0.005534638554216875
1617,-0.010015060240963825
1618,-0.0045557228915662495
1619,0.009149096385542288
1620,0.015210843373493987
1621,0.0034262048192770234
1622,-0.002522590361445809
1623,0.0051581325301205405
1624,-0.006024096385542188
1625,0.011822289156626531
1626,-0.0013554216867469604
1627,0.003840361445783147
1628,-0.0023719879518072085
1629,0.007304216867469959
1630,0.005045180722891618
1631,0.0006400602409637468
1632,0.015323795180722799
1633,0.0037274096385542244
1634,0.013930722891566272
1635,-0.010768072289156605
1636,-0.022590361445783136
1637,-0.021762048192771055
1638,0.014834337349397653
1639,-0.007605421686746994
1640,-0.017620481927710818
1641,0.002296686746987908
1642,-0.01897590361445789
1643,-0.010542168674698815
1644,-0.0001506024096386005
1645,0.010692771084337416
1646,-0.003124999999999989
1647,0.0018825301204818956
1648,-0.006890060240963947
1649,0.003802710843373469
1650,-0.002560240963855487
1651,-0.022176204819277123
1652,0.003878012048192825
1653,0.014420180722891529
1654,0.012650602409638556
1655,0.0012424698795180378
1656,0.015248493975903665
1657,-0.0019954819277109292
1658,-0.008320783132530096
1659,0.00470632530120485
1660,-0.007680722891566294
1661,0.0030496987951806886
1662,-0.008207831325301174
1663,-0.006174698795180733
1664,-0.01810993975903613
1665,0.012311746987951788
1666,0.018787650602409722
1667,0.009600903614457867
1668,-0.005572289156626498
1669,0.007115963855421681
1670,-0.008847891566265087
1671,0.002936746987951766
1672,-0.006739457831325346
1673,0.0001506024096386005
1674,-0.003802710843373469
1675,0.006174698795180733
1676,0.012914156626505968
1677,0.0009412650602409478
1678,-0.008132530120481873
1679,-0.012500000000000011
1680,-0.013667168674698804
1681,0.013064759036144458
1682,0.004480421686747005
1683,0.020707831325301185
1684,-0.004819277108433717
1685,-0.01204819277108432
1686,0.0021837349397589856
1687,-0.005271084337349408
1688,-0.011709337349397553
1689,0.011859939759036098
1690,0.005911144578313321
1691,0.011445783132530196
1692,-0.0053087349397589745
1693,-0.021310240963855365
1694,0.015549698795180755
1695,-0.00011295180722892262
1696,-0.001506024096385561
1697,0.008546686746988108
1698,0.024359939759036164
1699,-0.0021460843373494187
1700,0.01758283132530114
1701,-0.005948795180722888
1702,0.012500000000000067
1703,0.0036897590361446575
1704,-0.028953313253012092
1705,-0.002221385542168719
1706,-0.0016566265060241059
1707,-0.003539156626506057
1708,-0.009036144578313254
1709,-0.002522590361445698
1710,0.0018072289156626509
1711,0.020293674698795172
1712,-0.01607680722891569
1713,0.0008659638554217031
1714,-0.003426204819277079
1715,-0.004216867469879537
1716,-0.002484939759036131
1717,0.011408132530120518
1718,0.010805722891566227
1719,-0.020594879518072318
1720,-0.01449548192771083
1721,-0.025489457831325224
1722,0.016490963855421703
1723,-0.00591114457831321
1724,-0.009375000000000022
1725,-0.005271084337349408
1726,-0.007492469879518127
1727,-0.01167168674698793
1728,0.0022213855421686635
1729,-0.017771084337349308
1730,-0.018260542168674676
1731,0.01457078313253013
1732,-0.0008283132530119697
1733,-0.002484939759036131
1734,0.0019201807228915735
1735,-0.0073795180722891485
1736,-0.040813253012048245
1737,-0.004103915662650615
1738,0.015361445783132588
1739,-0.02914156626506026
1740,0.004969879518072262
1741,-0.0036521084337349796
1742,0.004631024096385605
1743,0.007003012048192758
1744,0.00395331325301207
1745,-0.017545180722891518
1746,-0.005459337349397575
1747,0.01227409638554211
1748,0.014947289156626575
1749,0.0051581325301205405
1750,-0.008132530120481873
1751,-0.0017319277108433506
1752,0.001167168674698793
1753,-0.0064759036144577675
1754,0.0033132530120482118
1755,-0.003840361445783147
1756,-0.012462349397590333
1757,-0.0059111445783133765
1758,-0.0027861445783132766
1759,-0.009111445783132444
1760,0.017394578313253084
1761,0.003237951807228856
1762,0.005421686746987953
1763,-0.008320783132530152
1764,-0.002033132530120496
1765,0.005722891566265043
1766,-0.018524096385542088
1767,-0.005271084337349408
1768,-0.01174698795180723
1769,0.010203313253012047
1770,-0.012650602409638612
1771,-0.023531626506024084
1772,-0.0009412650602409478
1773,0.010391566265060215
1774,-0.025640060240963825
1775,-0.009977409638554202
1776,-0.007944277108433706
1777,-0.006249999999999978
1778,-0.001204819277108471
1779,-0.008094879518072307
1780,-0.021724397590361377
1781,-0.025677710843373502
1782,0.0036521084337349796
1783,-0.01833584337349392
1784,0.0021837349397589856
1785,-0.01920180722891568
1786,-0.0018448795180723288
1787,-0.0073795180722891485
1788,-0.01667921686746987
1789,-0.007492469879518127
1790,0.007341867469879526
1791,-0.0016942771084337283
1792,0.011144578313252995
1793,0.003576807228915624
1794,0.01396837349397595
1795,-0.008396084337349452
1796,0.003275602409638534
1797,-0.009149096385542232
1798,-0.004819277108433828
1799,0.012612951807228878
1800,0.0183734939759036
1801,0.007417168674698771
1802,0.012462349397590278
1803,-0.012236445783132543
1804,-0.003237951807228856
1805,-0.002259036144578286
1806,-0.006287650602409656
1807,0.01788403614457834
1808,0.00756777108433726
1809,-0.0039909638554216365
1810,0.006513554216867501
1811,0.005609939759036231
1812,0.010881024096385583
1813,0.008697289156626486
1814,-0.006400602409638578
1815,-0.004819277108433717
1816,-0.005120481927710807
1817,-0.011822289156626531
1818,-0.012010542168674754
1819,-0.006362951807228845
1820,0.010240963855421614
1821,-0.0012801204819277712
1822,-0.01758283132530114
1823,-0.006701807228915724
1824,0.00033885542168676785
1825,0.005496987951807197
1826,0.0007530120481927804
1827,0.004367469879518082
1828,0.005647590361445798
1829,0.019013554216867457
1830,0.012688253012048234
1831,-0.013290662650602414
1832,-0.0037650602409638467
1833,-0.01389307228915665
1834,-0.0015436746987951278
1835,0.004066265060240992
1836,0.000903614457831381
1837,-0.006664156626505935
1838,-0.002108433734939741
1839,-0.010617469879518115
1840,0.0017319277108434061
1841,-0.0018825301204819511
1842,0.011897590361445776
1843,-0.0010165662650601925
1844,0.003915662650602392
1845,-0.0029743975903614994
1846,-0.009676204819277057
1847,-0.008584337349397675
1848,-0.022853915662650603
1849,-0.006212349397590355
1850,-0.004367469879518027
1851,0.006852409638554269
1852,0.012537650602409633
1853,-0.006626506024096368
1854,-0.014231927710843362
1855,-0.002597891566264998
1856,-0.010278614457831403
1857,0.009713855421686679
1858,-0.009450301204819322
1859,0.01517319277108442
1860,-0.0045557228915662495
1861,-0.007605421686746938
1862,0.0031250000000000444
1863,0.0015813253012048056
1864,-0.012085843373493943
1865,0.008132530120481984
1866,-0.021460843373493965
1867,0.005233433734939785
1868,-0.01137048192771084
1869,0.009977409638554202
1870,0.003012048192771122
1871,0.00850903614457832
1872,0.005873493975903532
1873,-0.008245481927710852
1874,0.005496987951807197
1875,0.0057605421686747205
1876,0.015361445783132588
1877,-0.0157003012048193
1878,-0.009638554216867434
1879,-0.007492469879518127
1880,0.016415662650602347
1881,0.0159262048192772
1882,0.011445783132530196
1883,-0.0027484939759034877
1884,0.0060617469879518104
1885,0.022213855421686746
1886,-0.009864457831325224
1887,0.01671686746987955
1888,0.004743975903614417
1889,0.0008659638554217031
1890,-0.000903614457831381
1891,0.001506024096385561
1892,0.014457831325301207
1893,0.0063253012048193336
1894,0.008170180722891551
1895,0.01167168674698793
1896,0.00395331325301207
1897,0.02533885542168668
1898,-0.0190888554216867
1899,-0.005158132530120485
1900,-0.008810240963855465
1901,-0.01645331325301197
1902,-0.0016942771084337283
1903,-0.009638554216867434
1904,-0.0003765060240963902
1905,0.0060617469879518104
1906,-0.01099397590361445
1907,0.001807228915662762
1908,-0.004593373493975927
1909,0.0025225903614457534
1910,-0.005082831325301185
1911,-0.0038403614457830915
1912,0.0005271084337349352
1913,-0.013102409638554191
1914,0.0010918674698795483
1915,-0.004103915662650559
1916,0.001167168674698793
1917,-0.009638554216867434
1918,-0.013253012048192792
1919,-0.012462349397590333
1920,-0.0004141566265060126
1921,-0.004518072289156627
1922,-0.0016942771084337283
1923,-0.01287650602409629
1924,-0.01600150602409639
1925,0.02232680722891578
1926,-0.005082831325301185
1927,-0.009751506024096412
1928,-0.007756024096385483
1929,-0.008019578313253006
1930,-0.0028614457831325213
1931,-0.001317771084337338
1932,-0.01426957831325304
1933,-0.012462349397590333
1934,0.002974397590361444
1935,-0.011219879518072351
1936,-0.008094879518072307
1937,-0.0056099397590361755
1938,-0.0007530120481927804
1939,0.0007530120481927804
1940,-0.009525602409638512
1941,0.014382530120481962
1942,-0.0021460843373493077
1943,0.0075301204819278045
1944,0.012085843373493943
1945,-0.01242469879518071
1946,0.001506024096385561
1947,-0.004141566265060237
1948,0.005948795180722888
1949,-0.0059111445783132655
1950,-0.0070783132530119475
1951,-0.0027108433734939763
1952,0.005271084337349352
1953,0.005835843373493965
1954,0.010015060240963769
1955,0.005421686746987953
1956,-0.012123493975903565
1957,-0.010090361445783125
1958,-0.005120481927710807
1959,0.004367469879518082
1960,0.00560993975903612
1961,0.01818524096385543
1962,-0.010165662650602425
1963,0.004631024096385494
1964,0.002974397590361444
1965,0.002673192771084354
1966,-0.0045557228915662495
1967,0.01532379518072291
1968,0.013817771084337238
1969,0.016603915662650515
1970,-0.0023719879518072085
1971,-0.013780120481927671
1972,-0.007266566265060337
1973,0.01242469879518071
1974,-0.01464608433734943
1975,0.0028614457831325213
1976,0.00530873493975903
1977,-0.011709337349397553
1978,0.00666415662650599
1979,-0.036634036144578275
1980,-0.0019954819277109292
1981,-0.0008283132530119697
1982,0.0060240963855421326
1983,-0.009149096385542177
1984,-0.0008659638554217586
1985,0.006890060240963947
1986,0.008847891566265087
1987,-0.0007530120481927804
1988,-0.0014683734939759385
1989,0.004781626506023984
1990,-0.016039156626506013
1991,0.015888554216867523
1992,-0.005421686746987897
1993,0.0060240963855421326
1994,0.004480421686747005
1995,0.0037274096385542244
1996,-0.0077936746987951055
1997,0.01212349397590351
1998,0.017959337349397475
1999,0.004518072289156572
2000,-0.002221385542168719
2001,0.008471385542168641
2002,0.017771084337349308
2003,0.017356927710843295
2004,0.002974397590361444
2005,0.009902108433734957
2006,0.01758283132530114
2007,-0.006325301204819278
2008,0.01351656626506026
2009,-0.021385542168674665
2010,0.0021837349397589856
2011,-0.005346385542168708
2012,-0.017243975903614428
2013,-0.009337349397590455
2014,-0.0014683734939759385
2015,0.006739457831325346
2016,-0.008320783132530096
2017,-0.007304216867469904
2018,-0.009525602409638623
2019,0.008923192771084332
2020,0.015963855421686768
2021,-0.0024472891566265087
2022,0.011897590361445776
2023,0.018298192771084354
2024,-0.020632530120481885
2025,-0.020971385542168708
2026,-0.005534638554216986
2027,-0.006739457831325346
2028,0.012387048192771144
2029,-0.0063253012048193336
2030,-0.002259036144578286
2031,-0.0014683734939759385
2032,-0.01995481927710846
2033,-0.01890060240963848
2034,-0.002522590361445698
2035,-0.005271084337349408
2036,-0.00033885542168676785
2037,0.0025225903614458645
2038,-0.0036897590361445465
2039,0.002936746987951766
2040,-0.008885542168674654
2041,0.018411144578313277
2042,-0.008621987951807242
2043,0.006739457831325346
2044,0.006475903614457823
2045,0.029103915662650692
2046,0.00440512048192776
2047,-0.012537650602409633
2048,-0.012123493975903621
2049,-0.0023719879518072085
2050,-0.007605421686746994
2051,0.014646084337349485
2052,-0.020632530120481885
2053,0.01212349397590351
2054,-0.002823795180722899
2055,-0.009751506024096357
2056,-0.001920180722891518
2057,0.01121987951807224
2058,-0.004819277108433717
2059,-0.00553463855421682
2060,-0.01464608433734943
2061,-0.010542168674698815
2062,-0.002597891566265109
2063,0.0004894578313252573
2064,0.022251506024096424
2065,0.000903614457831381
2066,0.006287650602409545
2067,-0.01302710843373489
2068,-0.01841114457831322
2069,0.006551204819277179
2070,-0.012612951807228934
2071,0.02838855421686748
2072,0.0
2073,-0.0031626506024096113
2074,-0.002936746987951766
2075,0.002710843373494032
2076,-0.013403614457831281
2077,0.0013930722891565273
2078,-0.019390060240963847
2079,0.006287650602409656
2080,-0.008094879518072307
2081,-0.0010918674698795483
2082,-0.006099397590361377
2083,-0.0007906626506024028
2084,-0.023493975903614517
2085,-0.0002635542168674676
2086,-0.015210843373493987
2087,-0.010278614457831292
2088,0.0034638554216867012
2089,-0.01227409638554211
2090,-0.014420180722891529
2091,-0.004819277108433828
2092,-0.0037650602409638467
2093,0.01984186746987948
2094,-0.0032756024096384784
2095,-0.023230421686746994
2096,-0.002108433734939741
2097,0.011483433734939763
2098,0.024623493975903687
2099,-0.007003012048192758
2100,-0.01494728915662652
2101,-0.00015060240963848948
2102,-0.016114457831325257
2103,-0.013102409638554302
2104,-0.011709337349397553
2105,-0.005082831325301185
2106,-0.0010918674698795483
2107,0.0004141566265061236
2108,-0.020067771084337438
2109,-0.004066265060241048
2110,0.011295180722891596
2111,-0.007304216867469904
2112,-0.015662650602409622
2113,0.0016942771084337283
2114,-0.0013930722891566383
2115,0.00896084337349401
2116,-0.01366716867469886
2117,0.0033132530120482118
2118,0.00011295180722892262
2119,0.012462349397590389
2120,-0.011596385542168741
2121,-0.007643072289156672
2122,-0.01129518072289154
2123,0.0
2124,0.014043674698795194
2125,0.006099397590361488
2126,-0.008019578313253062
2127,-0.0038780120481927693
2128,0.007793674698795217
2129,-0.020820783132529996
2130,0.001807228915662762
2131,0.007718373493975861
2132,0.020594879518072262
2133,0.012725903614457912
2134,-0.005045180722891618
2135,0.00011295180722903364
2136,0.0011295180722891152
2137,-0.0024472891566265087
2138,-0.009977409638554202
2139,0.005685240963855365
2140,-0.015625
2141,0.013893072289156705
2142,0.010881024096385472
2143,0.0028237951807228434
2144,-0.0007906626506024028
2145,-0.010542168674698815
2146,0.0028614457831325213
2147,-0.011521084337349385
2148,0.011596385542168797
2149,-0.011859939759036153
2150,0.01106927710843375
2151,0.016792168674698793
2152,0.009224397590361422
2153,-0.0012424698795180378
2154,-0.010918674698795205
2155,-0.006099397590361488
2156,-0.0034638554216867568
2157,0.014457831325301207
2158,-0.013215361445783114
2159,-0.017432228915662706
2160,0.006551204819277179
2161,-0.006739457831325346
2162,-0.0032756024096385894
2163,-0.009977409638554202
2164,-0.0010918674698795483
2165,0.00395331325301207
2166,0.013290662650602414
2167,0.03049698795180722
2168,0.0028614457831325213
2169,-0.009224397590361422
2170,0.013290662650602414
2171,-0.00033885542168676785
2172,0.005986445783132455
2173,-0.03034638554216862
2174,-0.0016942771084337283
2175,0.004894578313253017
2176,0.0010918674698795483
2177,0.01457078313253013
2178,0.022703313253012114
2179,-0.0038780120481927693
2180,0.003539156626506057
2181,-0.00011295180722892262
2182,-0.010391566265060215
2183,0.020896084337349352
2184,0.030459337349397653
2185,0.010391566265060326
2186,0.0048569277108434505
2187,-0.006965361445783136
2188,0.010090361445783236
2189,-0.0003765060240963902
2190,-0.019164156626506057
2191,0.0013554216867469604
2192,-0.02025602409638555
2193,-0.004969879518072207
2194,-0.004518072289156627
2195,-0.00986445783132539
2196,0.014081325301204872
2197,-0.005346385542168708
2198,-0.004518072289156627
2199,0.0025602409638554313
2200,-0.010993975903614395
2201,0.015813253012048167
2202,0.029819277108433684
2203,-0.005986445783132566
2204,-0.007605421686746994
2205,0.00470632530120485
2206,0.004743975903614417
2207,-0.02631777108433736
2208,0.006249999999999978
2209,-0.016566265060240948
2210,-0.004819277108433717
2211,-0.008019578313253006
2212,0.007643072289156616
2213,-0.010353915662650592
2214,-0.001920180722891518
2215,0.012801204819277157
2216,0.005911144578313321
2217,0.01091867469879515
2218,0.002673192771084354
2219,0.010956325301204828
2220,-0.015436746987951833
2221,0.007868975903614461
2222,0.0009789156626505147
2223,-0.0006777108433734802
2224,0.010391566265060215
2225,0.006438253012048145
2226,-0.004894578313253017
2227,-0.02804969879518071
2228,-0.01957831325301207
2229,0.007078313253012003
2230,0.012161144578313188
2231,0.00018825301204816736
2232,0.01728162650602416
2233,-0.021460843373493965
2234,0.006777108433734913
2235,-0.004518072289156627
2236,-0.0018448795180723288
2237,0.007003012048192758
2238,0.0008659638554217031
2239,-0.006852409638554158
2240,-0.010730421686746983
2241,-0.009073795180722877
2242,-0.010165662650602425
2243,-0.01592620481927709
2244,-0.01532379518072291
2245,-0.01009036144578318
2246,0.008584337349397675
2247,-0.01242469879518071
2248,0.011445783132530196
2249,0.002371987951807264
2250,0.010203313253012047
2251,0.015700301204819245
2252,-0.014006024096385461
2253,-0.000903614457831381
2254,-0.002108433734939741
2255,-0.015888554216867412
2256,-0.005384036144578275
2257,-0.001054216867469926
2258,-0.028953313253012092
2259,0.026355421686746983
2260,-0.0036897590361445465
2261,-0.014533132530120452
2262,0.02669427710843375
2263,-0.009299698795180666
2264,-0.005534638554216986
2265,-0.01144578313253014
2266,-0.013215361445783114
2267,0.008433734939759074
2268,0.002070783132530174
2269,-0.020632530120481885
2270,-0.002597891566265109
2271,0.004066265060240992
2272,0.0003765060240963347
2273,-0.010240963855421725
2274,0.00835843373493983
2275,-0.004141566265060237
2276,0.0036144578313253017
2277,-0.016189759036144558
2278,0.015436746987951833
2279,-0.010391566265060215
2280,-0.01479668674698792
2281,0.002033132530120496
2282,-0.008207831325301174
2283,0.0028237951807228434
2284,0.006814759036144591
2285,0.007003012048192758
2286,-0.015323795180722799
2287,0.0021460843373493077
2288,-0.012951807228915702
2289,0.009450301204819267
2290,-0.007643072289156672
2291,0.021611445783132566
2292,-0.01359186746987956
2293,0.006551204819277179
2294,-0.039683734939759074
2295,0.008245481927710796
2296,-0.0013554216867469604
2297,0.0009789156626505147
2298,0.007115963855421681
2299,-0.0053087349397589745
2300,-0.0004518072289156905
2301,0.008057228915662629
2302,0.010843373493976016
2303,0.01972891566265067
2304,-0.001317771084337338
2305,0.008094879518072307
2306,0.015700301204819245
2307,0.0019201807228915735
2308,0.005007530120482051
2309,0.0015436746987951278
2310,0.0003765060240963347
2311,0.002371987951807264
2312,0.0010918674698795483
2313,-0.0038780120481927693
2314,-0.007567771084337316
2315,0.014796686746987975
2316,-0.006739457831325346
2317,-0.007756024096385483
2318,-0.0016942771084337283
2319,0.022402108433734913
2320,-0.014570783132530074
2321,0.00801957831325295
2322,-0.021498493975903588
2323,-0.01615210843373499
2324,-0.015135542168674743
2325,-0.0014683734939759385
2326,-0.005572289156626498
2327,0.005911144578313321
2328,-0.0019578313253011403
2329,-0.005760542168674776
2330,-0.02936746987951805
2331,-0.002936746987951877
2332,-0.010015060240963825
2333,0.013893072289156705
2334,-0.014420180722891529
2335,-0.013403614457831281
2336,0.004480421686747005
2337,-0.010730421686746983
2338,0.0042921686746988374
2339,0.002334337349397586
2340,0.019503012048192825
2341,-0.0005271084337349907
2342,-0.01129518072289154
2343,0.004518072289156572
2344,-0.004894578313253017
2345,0.014043674698795194
2346,-0.009751506024096412
2347,-0.01539909638554221
2348,-0.004028614457831259
2349,-0.014533132530120452
2350,-0.013817771084337294
2351,0.010993975903614395
2352,-0.006325301204819278
2353,-0.004442771084337271
2354,-0.0024472891566265087
2355,0.005572289156626442
2356,0.005346385542168597
2357,-0.008207831325301174
2358,0.005647590361445798
2359,0.020256024096385605
2360,-0.0008283132530120807
2361,-0.0021460843373493077
2362,0.00862198795180713
2363,0.0007906626506023473
2364,-0.019465361445783147
2365,0.008019578313253062
2366,0.00790662650602414
2367,0.004179216867469804
2368,0.0030496987951806886
2369,-0.01487198795180722
2370,0.004254518072289271
2371,-0.00060240963855418
2372,-0.008584337349397564
2373,0.00971385542168679
2374,0.006588855421686746
2375,0.005722891566265043
2376,0.009713855421686679
2377,0.002936746987951766
2378,-0.010278614457831292
2379,-0.005421686746987897
2380,0.013855421686746916
2381,-0.006099397590361377
2382,0.005609939759036231
2383,0.010090361445783125
2384,0.011182228915662673
2385,-0.00022590361445778973
2386,0.010881024096385472
2387,0.008998493975903687
2388,0.008998493975903687
2389,0.00790662650602414
2390,-0.013855421686746971
2391,-0.013177710843373491
2392,0.013064759036144569
2393,0.016001506024096335
2394,-0.00120481927710836
2395,0.005384036144578386
2396,-0.010052710843373502
2397,-0.016340361445783158
2398,0.007153614457831359
2399,-0.008621987951807242
2400,0.014533132530120563
2401,0.02172439759036149
2402,0.01502259036144582
2403,-0.0008659638554217586
2404,-0.018147590361445698
2405,-0.006927710843373458
2406,-0.019615963855421636
2407,0.008358433734939719
2408,0.005195783132530107
2409,-0.011144578313252995
2410,-0.0036897590361446575
2411,0.014118975903614439
2412,-0.002108433734939741
2413,0.0018448795180723288
2414,-0.011784638554216909
2415,-0.02812500000000001
2416,0.029028614457831337
2417,-0.011219879518072351
2418,-0.01750753012048195
2419,0.0011295180722891152
2420,0.002070783132530174
2421,0.013102409638554136
2422,0.017808734939759097
2423,0.0028614457831325213
2424,-0.0010918674698795483
2425,-0.006852409638554158
2426,-0.021385542168674776
2427,0.010655120481927738
2428,0.016189759036144613
2429,-0.003802710843373469
2430,-0.011897590361445776
2431,-0.014006024096385572
2432,0.016867469879518038
2433,-0.007944277108433706
2434,0.004631024096385494
2435,0.013253012048192736
2436,-0.014834337349397597
2437,-0.009789156626506035
2438,-0.0036897590361445465
2439,-0.009073795180722932
2440,0.002597891566265109
2441,-0.019766566265060237
2442,-0.01837349397590371
2443,-0.004442771084337438
2444,-0.0020331325301204406
2445,-0.014608433734939807
2446,-0.008923192771084332
2447,-0.0006777108433733692
2448,0.0016942771084337283
2449,-0.019352409638554224
2450,-0.013930722891566272
2451,-0.0033885542168674565
2452,-0.002334337349397586
2453,0.0001506024096386005
2454,-0.0001506024096386005
2455,0.014081325301204761
2456,-0.009939759036144635
2457,0.0027484939759037097
2458,-0.011408132530120574
2459,0.01607680722891569
2460,0.00022590361445784524
2461,-0.007906626506024084
2462,0.012763554216867479
2463,-0.01773343373493974
2464,-0.00018825301204816736
2465,0.013177710843373491
2466,0.005346385542168708
2467,-0.01705572289156626
2468,0.00956325301204819
2469,-0.008132530120481873
2470,0.00018825301204816736
2471,-0.008471385542168697
2472,-0.01046686746987957
2473,0.007454819277108449
2474,0.009111445783132499
2475,-0.0126506024096385
2476,-0.0014307228915663162
2477,0.00022590361445784524
2478,0.0042921686746988374
2479,-0.002597891566265109
2480,-0.007831325301204783
2481,0.005722891566265043
2482,-0.005722891566264987
2483,-0.014533132530120452
2484,0.006852409638554269
2485,0.007379518072289093
2486,0.007417168674698882
2487,-0.009375000000000022
2488,0.02138554216867472
2489,-0.0004141566265060126
2490,-0.004856927710843395
2491,0.01652861445783138
2492,0.009186746987951855
2493,-0.003915662650602447
2494,-0.008320783132530096
2495,0.00986445783132528
2496,0.008885542168674654
2497,-0.014344879518072229
2498,-0.010956325301204772
2499,0.006099397590361488
2500,0.015625
2501,0.0016566265060241614
2502,0.032228915662650515
2503,0.003275602409638534
2504,-0.006024096385542188
2505,0.007831325301204894
2506,-0.005195783132529996
2507,0.010655120481927738
2508,0.005572289156626553
2509,-0.0008283132530120807
2510,0.005534638554216875
2511,-0.01818524096385532
2512,0.009073795180722932
2513,0.01822289156626511
2514,-0.011634036144578253
2515,-0.01724397590361454
2516,-0.0014683734939759385
2517,0.005421686746987953
2518,0.012198795180722977
2519,0.005835843373493965
2520,-0.025753012048192803
2521,-0.0012424698795181488
2522,-0.01362951807228907
2523,-0.01890060240963859
2524,-0.013177710843373491
2525,0.0075301204819276935
2526,-0.004254518072289215
2527,-0.008810240963855465
2528,-0.007981927710843384
2529,-0.01585090361445779
2530,-0.0033132530120482673
2531,0.021762048192771166
2532,-0.021347891566264987
2533,0.01882530120481929
2534,0.016039156626506124
2535,0.005873493975903532
2536,-0.003501506024096379
2537,-0.01174698795180723
2538,-0.010918674698795205
2539,-0.0014307228915662606
2540,-0.0010165662650601925
2541,0.016340361445783214
2542,0.015737951807228923
2543,0.012725903614457912
2544,0.011257530120481918
2545,0.01701807228915664
2546,-0.008810240963855465
2547,-0.009111445783132444
2548,-0.0053087349397589745
2549,-0.005873493975903588
2550,0.005647590361445798
2551,-0.006927710843373458
2552,-0.012387048192771144
2553,-0.005647590361445798
2554,-0.003237951807228856
2555,0.005421686746987953
2556,0.007454819277108449
2557,0.003012048192771122
2558,-0.010956325301204772
2559,-0.005760542168674665
2560,0.014533132530120452
2561,-0.004819277108433717
2562,0.006701807228915779
2563,-0.010466867469879515
2564,-0.02300451807228915
2565,-0.009036144578313254
2566,0.009111445783132499
2567,0.00850903614457832
2568,0.011784638554216853
2569,-0.0005271084337349907
2570,-0.0036144578313252462
2571,0.00500753012048194
2572,-0.008772590361445842
2573,0.0051581325301204295
2574,-0.010278614457831292
2575,-0.008621987951807242
2576,0.014420180722891529
2577,0.01031626506024097
2578,0.01807228915662651
2579,0.0009789156626505147
2580,0.012688253012048234
2581,0.011709337349397608
2582,-0.017281626506024106
2583,-0.013215361445783114
2584,-0.00011295180722897813
2585,7.530120481935576e-05
2586,0.005271084337349352
2587,-0.0042921686746988374
2588,0.003012048192771122
2589,-0.006212349397590355
2590,0.0002635542168675231
2591,0.001167168674698793
2592,-0.006099397590361488
2593,-0.016641566265060248
2594,0.00410391566265067
2595,0.007417168674698771
2596,0.0034262048192770234
2597,-0.008170180722891607
2598,-0.007718373493975916
2599,0.004969879518072262
2600,-0.01660391566265057
2601,-0.004819277108433717
2602,0.006475903614457712
2603,-0.003539156626506057
2604,0.007680722891566294
2605,0.0013177710843373935
2606,0.0016566265060241614
2607,0.008998493975903576
2608,-0.004894578313253017
2609,-0.0047063253012047945
2610,-0.017093373493975828
2611,0.010429216867469782
2612,0.013102409638554247
2613,0.00033885542168676785
2614,0.00862198795180713
2615,0.02424698795180713
2616,0.0028237951807228434
2617,0.01592620481927709
2618,-0.004179216867469859
2619,-0.002522590361445698
2620,-0.01965361445783137
2621,-0.0050075301204818845
2622,0.003275602409638534
2623,-0.016415662650602403
2624,-0.025640060240963825
2625,-0.0032756024096384784
2626,0.02338102409638554
2627,-0.00553463855421682
2628,0.0019201807228915735
2629,-0.008170180722891607
2630,-0.024284638554216864
2631,-0.0002635542168674676
2632,0.004480421686747005
2633,0.004480421686747005
2634,-0.022665662650602325
2635,0.0060240963855421326
2636,0.014194277108433795
2637,-0.0008659638554216476
2638,-0.014118975903614439
2639,0.02123493975903623
2640,0.01351656626506026
2641,0.009789156626506035
2642,0.008772590361445842
2643,-0.0026731927710842984
2644,-0.008245481927710852
2645,-0.005496987951807197
2646,-0.0033132530120481563
2647,-0.008621987951807242
2648,-0.0033509036144578896
2649,-0.004480421686747005
2650,0.009638554216867434
2651,0.004480421686747005
2652,-0.01645331325301208
2653,-0.0044051204819277046
2654,0.006250000000000089
2655,0.007981927710843384
2656,-0.00022590361445778973
2657,0.003501506024096379
2658,0.004631024096385605
2659,-0.006890060240963836
2660,0.010504518072289137
2661,0.011634036144578364
2662,-7.530120481918923e-05
2663,0.01652861445783138
2664,-0.0018825301204819511
2665,-0.007906626506024084
2666,-0.0254518072289156
2667,0.0030873493975902555
2668,-0.0008283132530120807
2669,0.016001506024096335
2670,-0.0026731927710842984
2671,0.0018072289156626509
2672,0.0025602409638554313
2673,0.005346385542168597
2674,-0.023230421686746938
2675,0.014533132530120452
2676,-0.004819277108433717
2677,0.01682981927710847
2678,0.0010165662650601925
2679,-0.013365963855421714
2680,-0.005948795180722888
2681,0.008847891566265087
2682,-0.020670180722891618
2683,-0.003878012048192825
2684,0.023418674698795217
2685,-0.0154743975903614
2686,0.011031626506024073
2687,0.0030496987951806886
2688,-0.001920180722891518
2689,-0.00030120481927709
2690,-0.009939759036144635
2691,-0.0005271084337349907
2692,-0.013554216867469882
2693,-0.01084337349397596
2694,0.002070783132530174
2695,0.0022213855421686635
2696,0.006099397590361377
2697,-0.0069277108433735135
2698,0.004066265060240992
2699,0.004969879518072262
2700,-0.011558734939758952
2701,0.016792168674698793
2702,-0.01585090361445779
2703,0.011219879518072351
2704,-0.010881024096385583
2705,-0.002710843373493921
2706,-0.01957831325301207
2707,-0.00402861445783137
2708,0.013290662650602414
2709,0.002899096385542088
2710,-0.0047063253012047945
2711,0.006701807228915668
2712,-0.0004141566265060126
2713,0.006701807228915779
2714,-0.004856927710843395
2715,0.0022590361445783413
2716,-0.009149096385542232
2717,0.015625
2718,-0.017319277108433728
2719,-0.008546686746988053
2720,0.0017319277108432951
2721,0.017996987951807264
2722,-0.008923192771084332
2723,0.009751506024096468
2724,0.008358433734939719
2725,-0.012575301204819311
2726,-0.01652861445783138
2727,0.002635542168674676
2728,-0.0050075301204819955
2729,-0.004743975903614417
2730,-0.01652861445783138
2731,-0.003915662650602336
2732,0.005986445783132455
2733,0.015135542168674854
2734,-0.004367469879518027
2735,-0.008923192771084276
2736,0.016754518072289115
2737,0.018298192771084354
2738,0.0027861445783132766
2739,0.010052710843373447
2740,-0.01795933734939753
2741,0.007153614457831359
2742,-0.011182228915662673
2743,-0.008734939759036164
2744,-0.009337349397590455
2745,-0.015963855421686768
2746,0.020293674698795172
2747,-0.009073795180722932
2748,-0.009111445783132555
2749,0.008471385542168641
2750,-0.005195783132530163
2751,0.009186746987951744
2752,0.008132530120481873
2753,0.005120481927710863
2754,0.0001506024096386005
2755,-0.01423192771084325
2756,0.010579819277108493
2757,0.007605421686747049
2758,0.016566265060240948
2759,-0.004103915662650615
2760,0.002936746987951766
2761,-0.006137048192771166
2762,-0.002710843373493921
2763,-0.0006777108433734802
2764,0.005685240963855365
2765,0.007191265060240926
2766,-0.011483433734939763
2767,-0.0036897590361446575
2768,0.0
2769,0.003012048192771122
2770,0.002673192771084354
2771,0.009751506024096468
2772,0.002409638554216942
2773,0.001468373493975883
2774,0.01698042168674707
2775,-0.003501506024096379
2776,-0.009412650602409645
2777,0.017469879518072218
2778,-0.005459337349397575
2779,-0.005045180722891618
2780,-0.01539909638554221
2781,-0.01099397590361445
2782,-0.01622740963855418
2783,0.009713855421686679
2784,-0.0053087349397589745
2785,-0.01069277108433736
2786,0.0018825301204818956
2787,-0.016039156626506013
2788,-0.003124999999999878
2789,0.0060617469879518104
2790,-0.008207831325301174
2791,-0.00463102409638555
2792,-0.026054216867469893
2793,-0.0024472891566265087
2794,-0.008584337349397564
2795,-0.009789156626506035
2796,-0.010090361445783125
2797,-0.014533132530120452
2798,-0.010504518072289193
2799,-0.013403614457831281
2800,0.0072289156626506035
2801,0.005685240963855476
2802,-0.008697289156626486
2803,0.015850903614457845
2804,-0.006890060240963947
2805,0.0183734939759036
2806,-0.008471385542168697
2807,0.006475903614457712
2808,0.0012424698795180378
2809,-0.0036144578313252462
2810,-0.002635542168674676
2811,-0.009412650602409645
2812,-0.0125753012048192
2813,-0.011822289156626531
2814,-0.008094879518072307
2815,0.0048569277108434505
2816,-0.014721385542168619
2817,-0.005045180722891507
2818,0.004405120481927649
2819,0.005798192771084287
2820,-0.011746987951807175
2821,0.0024849397590360756
2822,-0.0004141566265060126
2823,0.005346385542168597
2824,0.021460843373494076
2825,0.010542168674698815
2826,-0.0007530120481927804
2827,-0.012198795180722921
2828,0.0013554216867469604
2829,0.010015060240963769
2830,0.015662650602409567
2831,-0.0015436746987951278
2832,-0.01611445783132537
2833,0.017695783132530174
2834,-0.007793674698795217
2835,0.0075301204819276935
2836,0.0033885542168674565
2837,-0.0042921686746988374
2838,-0.004969879518072318
2839,-0.022515060240963836
2840,-0.0035768072289156794
2841,0.01777108433734942
2842,-0.008283132530120474
2843,0.004631024096385494
2844,0.019390060240963902
2845,-0.007981927710843384
2846,-0.014834337349397597
2847,0.024623493975903687
2848,-0.012462349397590333
2849,-0.001957831325301196
2850,-0.007417168674698715
2851,-0.009375000000000022
2852,-0.002710843373493921
2853,-0.009638554216867434
2854,-0.00033885542168676785
2855,0.0009412650602410588
2856,-0.006212349397590355
2857,0.007643072289156616
2858,0.005534638554216764
2859,-0.0020707831325301185
2860,0.005685240963855365
2861,0.005496987951807197
2862,0.009525602409638623
2863,-0.003200301204819289
2864,-0.0008659638554216476
2865,-0.006438253012048145
2866,0.0066265060240963125
2867,-0.005082831325301185
2868,0.0034638554216868123
2869,-0.01517319277108431
2870,0.00696536144578308
2871,0.013817771084337238
2872,0.004894578313253017
2873,0.003237951807228856
2874,0.0034638554216867012
2875,-0.007868975903614517
2876,-0.004254518072289215
2877,0.005421686746987953
2878,0.0005271084337349352
2879,0.00820783132530123
2880,0.0036897590361446575
2881,-0.011935240963855454
2882,-0.001506024096385561
2883,-0.010579819277108382
2884,-0.009111445783132444
2885,-0.021874999999999978
2886,-0.017018072289156583
2887,-0.005421686746987897
2888,-0.007868975903614517
2889,0.016641566265060304
2890,-0.0036897590361446575
2891,0.004179216867469804
2892,-0.02853915662650608
2893,-0.010165662650602425
2894,0.009450301204819267
2895,-0.005195783132530107
2896,-0.0014683734939758275
2897,0.02014307228915657
2898,-0.0031626506024096668
2899,0.00835843373493983
2900,0.0019954819277108182
2901,0.008772590361445842
2902,-0.001920180722891518
2903,0.01728162650602416
2904,0.012951807228915646
2905,0.0004894578313253684
2906,3.765060240956686e-05
2907,-0.009676204819277112
2908,-0.0033885542168674565
2909,-0.007680722891566294
2910,0.005534638554216875
2911,-0.0025602409638553203
2912,-0.006513554216867556
2913,-0.007605421686746938
2914,-0.014834337349397542
2915,-0.0018448795180723288
2916,0.004179216867469804
2917,0.0018448795180723288
2918,0.008847891566265087
2919,0.006174698795180733
2920,-0.01950301204819277
2921,0.005233433734939785
2922,0.007756024096385539
2923,0.00790662650602414
2924,0.013554216867469826
2925,-0.01167168674698793
2926,-0.0064759036144577675
2927,-0.012236445783132543
2928,-0.017582831325301196
2929,-0.004593373493975816
2930,-0.009977409638554202
2931,0.006588855421686746
2932,0.012123493975903621
2933,-0.020783132530120485
2934,0.027974397590361466
2935,-0.012763554216867423
2936,-0.014608433734939752
2937,-0.008734939759036164
2938,0.00470632530120485
2939,0.0214231927710844
2940,-0.0059111445783132655
2941,-0.010165662650602425
2942,0.003539156626505946
2943,-0.0012424698795180378
2944,-0.002033132530120496
2945,0.017846385542168663
2946,-0.009939759036144524
2947,-0.013102409638554191
2948,0.004781626506023984
2949,-0.010466867469879515
2950,-0.0030496987951807997
2951,7.530120481924474e-05
2952,0.006438253012048256
2953,0.0006400602409637468
2954,0.001506024096385561
2955,0.004367469879518082
2956,0.0007530120481927804
2957,-0.009713855421686735
2958,0.005911144578313321
2959,-0.010015060240963825
2960,0.0016189759036143725
2961,-0.03576807228915663
2962,0.009676204819277112
2963,-0.01724397590361454
2964,-0.005384036144578386
2965,-0.011182228915662673
2966,-0.0127259036144578
2967,0.01637801204819278
2968,0.009073795180722821
2969,0.004367469879518082
2970,0.0063253012048193336
2971,-0.01351656626506026
2972,0.003576807228915624
2973,-0.01069277108433736
2974,0.004969879518072262
2975,-0.012989457831325324
2976,-0.008320783132530152
2977,0.02033132530120485
2978,-0.010617469879518004
2979,-0.011408132530120574
2980,0.007756024096385539
2981,-0.005120481927710807
2982,-0.009186746987951855
2983,-0.008396084337349452
2984,-0.0004894578313252573
2985,-0.012500000000000011
2986,0.0063253012048193336
2987,-0.025037650602409645
2988,-0.014382530120481962
2989,-0.0029743975903614994
2990,0.0024849397590360756
2991,0.010655120481927738
2992,0.0018448795180723288
2993,0.023757530120481873
2994,0.016792168674698793
2995,-0.002033132530120496
2996,0.004028614457831203
2997,0.021121987951807197
2998,0.0004894578313253684
2999,-0.006438253012048145
3000,-0.006325301204819278
3001,-0.0027484939759037097
3002,0.006890060240963836
3003,-0.012462349397590333
3004,-0.003087349397590311
3005,-0.01607680722891569
3006,0.002070783132530174
3007,0.006400602409638578
3008,0.01227409638554211
3009,-0.0045557228915662495
3010,0.003501506024096379
3011,-0.008847891566265087
3012,0.009638554216867434
3013,-0.008697289156626486
3014,-0.004292168674698726
3015,0.004631024096385494
3016,-0.006024096385542188
3017,0.0025602409638555423
3018,-0.008283132530120474
3019,0.009638554216867434
3020,-0.0004141566265060126
3021,0.009789156626506035
3022,0.010203313253012047
3023,-0.014420180722891529
3024,-0.018524096385542088
3025,0.008283132530120474
3026,0.004066265060240992
3027,-0.0022966867469880192
3028,-0.004668674698795228
3029,-0.01396837349397595
3030,-0.003237951807228856
3031,-0.024661144578313254
3032,-0.021310240963855365
3033,0.004894578313253017
3034,0.002108433734939741
3035,-0.016415662650602403
3036,0.002108433734939741
3037,0.005120481927710863
3038,0.009412650602409589
3039,-0.003237951807228856
3040,-0.0007153614457831026
3041,-0.0033885542168674565
3042,0.00033885542168676785
3043,0.009149096385542177
3044,0.010881024096385583
3045,0.01426957831325304
3046,0.027484939759036098
3047,0.0028614457831325213
3048,0.0004518072289156905
3049,-0.014984939759036198
3050,0.023757530120481873
3051,0.003200301204819289
3052,-0.0010918674698795483
3053,-0.013780120481927671
3054,0.029518072289156705
3055,-0.007831325301204894
3056,0.002033132530120496
3057,-0.012876506024096401
3058,0.007040662650602325
3059,-0.012198795180722921
3060,-0.0007906626506024028
3061,0.010052710843373447
3062,0.007944277108433706
3063,0.014231927710843362
3064,0.0057605421686747205
3065,0.016265060240963858
3066,-0.004028614457831259
3067,-0.012349397590361522
3068,0.005722891566265043
3069,0.0022590361445783413
3070,-0.0038403614457830915
3071,0.009638554216867434
3072,0.023569277108433706
3073,0.012725903614457912
3074,0.007115963855421681
3075,-0.006174698795180733
3076,-0.0070783132530120585
3077,-0.0007530120481927804
3078,0.005835843373493965
3079,-0.006588855421686746
3080,0.020444277108433773
3081,-0.013328313253012092
3082,0.005873493975903532
3083,-0.002334337349397586
3084,-0.0002635542168674676
3085,-0.005534638554216875
3086,-0.006852409638554158
3087,-0.01129518072289154
3088,-0.009902108433735013
3089,-0.012688253012048234
3090,-0.0075301204819276935
3091,0.006212349397590411
3092,-0.006212349397590355
3093,-7.530120481930025e-05
3094,-0.00463102409638555
3095,0.0248870481927711
3096,-0.01517319277108431
3097,-0.031137048192771077
3098,-0.009262048192771044
3099,0.006777108433734913
3100,-0.004668674698795228
3101,0.006852409638554158
3102,-0.010768072289156605
3103,0.00060240963855418
3104,0.00030120481927709
3105,0.008847891566265087
3106,-0.011106927710843373
3107,0.0016566265060240504
3108,0.0030873493975902555
3109,-0.009036144578313254
3110,0.008584337349397564
3111,0.006551204819277179
3112,-0.007341867469879526
3113,0.01743222891566254
3114,0.014721385542168619
3115,-0.002936746987951766
3116,-0.0018448795180723288
3117,-0.005459337349397575
3118,-0.01009036144578318
3119,-0.014006024096385572
3120,-0.007304216867469848
3121,0.018862951807228856
3122,-0.006174698795180733
3123,0.0072289156626504925
3124,-0.007906626506024084
3125,0.005195783132530218
3126,-0.005459337349397575
3127,0.004781626506024095
3128,-0.002221385542168719
3129,-0.0036144578313252462
3130,-0.004781626506024095
3131,-0.015625
3132,0.02003012048192776
3133,0.012688253012048123
3134,0.004894578313253017
3135,0.017394578313252973
3136,-0.001317771084337338
3137,0.010956325301204828
3138,-0.007643072289156616
3139,0.014796686746987975
3140,-0.01769578313253012
3141,0.01046686746987957
3142,-0.001506024096385561
3143,0.003840361445783036
3144,-0.008207831325301285
3145,0.008471385542168641
3146,0.006249999999999978
3147,-0.0073795180722891485
3148,0.004668674698795172
3149,0.013027108433735002
3150,-0.0020331325301204406
3151,0.010730421686746983
3152,0.007003012048192758
3153,-0.008283132530120474
3154,0.006551204819277068
3155,-0.006287650602409656
3156,-0.007454819277108393
3157,-0.016792168674698738
3158,0.017658132530120496
3159,-0.006852409638554158
3160,0.006400602409638578
3161,-0.003727409638554169
3162,0.0030496987951807997
3163,-0.023795180722891607
3164,-0.005873493975903588
3165,-0.005384036144578275
3166,0.016415662650602347
3167,0.007680722891566294
3168,-0.0039909638554216365
3169,0.01426957831325304
3170,-0.0018448795180723288
3171,0.02014307228915657
3172,-0.009487951807228945
3173,-0.007868975903614517
3174,0.011332831325301163
3175,-0.003087349397590311
3176,0.007341867469879526
3177,-0.01652861445783138
3178,0.0060617469879518104
3179,-0.002597891566265109
3180,-0.019992469879518027
3181,0.002033132530120385
3182,0.004819277108433773
3183,0.003878012048192825
3184,0.014533132530120452
3185,-0.013704819277108482
3186,-0.00425451807228916
3187,-0.01585090361445779
3188,0.0006400602409638578
3189,-0.0030120481927710663
3190,0.009073795180722821
3191,0.021799698795180733
3192,0.015850903614457845
3193,-0.009111445783132444
3194,0.011408132530120518
3195,-0.018561746987951766
3196,-0.014194277108433684
3197,-0.005233433734939785
3198,-0.0010542168674698704
3199,0.009789156626506035
3200,0.0045557228915662495
3201,-0.009789156626506035
3202,0.006852409638554269
3203,-0.008320783132530096
3204,-0.0017319277108433506
3205,0.023569277108433706
3206,-0.01351656626506026
3207,-0.0061746987951806775
3208,0.0033509036144578896
3209,-0.01539909638554221
3210,0.012838855421686723
3211,-0.011822289156626531
3212,-0.007040662650602436
3213,0.0057605421686747205
3214,0.021649096385542133
3215,-0.01554969879518081
3216,-0.01389307228915665
3217,0.0022590361445783413
3218,0.006475903614457712
3219,-0.0028614457831325213
3220,0.008847891566265087
3221,-0.013365963855421714
3222,-0.007831325301204783
3223,-0.006513554216867556
3224,-0.008207831325301174
3225,-0.015210843373493987
3226,-0.01701807228915664
3227,-0.0013930722891565828
3228,0.02940512048192767
3229,-0.020820783132530107
3230,0.001468373493975883
3231,0.018034638554216942
3232,0.004442771084337438
3233,0.002108433734939741
3234,0.017921686746987908
3235,-0.007040662650602436
3236,-0.007981927710843328
3237,0.004141566265060237
3238,-0.010730421686746983
3239,0.023719879518072307
3240,-0.0030496987951806886
3241,0.013478915662650692
3242,0.00395331325301207
3243,0.004668674698795172
3244,0.013328313253012092
3245,-0.005082831325301185
3246,0.0022213855421686635
3247,-0.007266566265060226
3248,0.004292168674698726
3249,0.00530873493975903
3250,0.016152108433734935
3251,-0.025338855421686735
3252,-0.0036897590361446575
3253,0.00530873493975903
3254,0.014759036144578297
3255,0.0012801204819277157
3256,0.008885542168674654
3257,-0.008923192771084332
3258,-0.0042921686746988374
3259,-0.008283132530120474
3260,0.004179216867469804
3261,-0.013968373493975894
3262,-0.009864457831325224
3263,-0.011634036144578364
3264,-0.015436746987951833
3265,-0.015512048192771077
3266,0.0031626506024097223
3267,0.009638554216867434
3268,0.0006777108433734247
3269,-0.01690512048192777
3270,0.015813253012048167
3271,0.004631024096385605
3272,-0.010353915662650592
3273,0.015850903614457845
3274,-0.008057228915662573
3275,-0.013817771084337349
3276,-0.0045557228915662495
3277,-0.006890060240963836
3278,0.010429216867469893
3279,-0.0021460843373493077
3280,-0.004518072289156627
3281,0.006852409638554158
3282,-0.01325301204819268
3283,0.006099397590361377
3284,-0.0036521084337349796
3285,-0.0034638554216867568
3286,-0.012123493975903621
3287,-0.017921686746987908
3288,-0.023079819277108504
3289,0.0010918674698795483
3290,0.0025602409638555423
3291,0.0037274096385542244
3292,-0.0018072289156627064
3293,-0.001016566265060248
3294,0.00022590361445784524
3295,-0.01600150602409639
3296,-0.008810240963855465
3297,0.013478915662650581
3298,-0.00018825301204816736
3299,0.0018448795180723288
3300,0.0016942771084337283
3301,0.007680722891566294
3302,0.013140060240963924
3303,0.01671686746987955
3304,0.01728162650602416
3305,-0.0036897590361446575
3306,-0.0004141566265060126
3307,-0.009563253012048245
3308,0.002673192771084354
3309,0.00666415662650599
3310,-0.005459337349397575
3311,-0.0012801204819276601
3312,0.003878012048192714
3313,-0.009337349397590455
3314,-0.01713102409638556
3315,-0.010768072289156605
3316,0.007115963855421681
3317,-0.007341867469879526
3318,0.00835843373493983
3319,0.001769578313252973
3320,0.0045557228915662495
3321,0.009036144578313254
3322,0.00666415662650599
3323,-0.01807228915662651
3324,-0.0031250000000000444
3325,0.002033132530120496
3326,-0.01129518072289154
3327,0.002673192771084354
3328,0.008998493975903687
3329,-0.006965361445783136
3330,0.0015436746987951278
3331,0.00805722891566274
3332,-0.0022966867469880192
3333,-0.0031250000000000444
3334,0.0008283132530120252
3335,0.002597891566265109
3336,0.0006400602409638578
3337,0.013328313253012092
3338,0.0060240963855421326
3339,0.004179216867469804
3340,0.0004894578313253684
3341,-0.005496987951807197
3342,-0.013290662650602414
3343,-0.0023719879518073195
3344,0.007454819277108449
3345,-0.008245481927710852
3346,0.015888554216867523
3347,0.00726656626506017
3348,0.004442771084337327
3349,0.011822289156626531
3350,0.0015436746987952388
3351,0.006212349397590411
3352,-0.01645331325301197
3353,0.0013554216867469604
3354,0.014118975903614439
3355,0.0027484939759034877
3356,-0.006137048192771166
3357,-0.016189759036144558
3358,0.016490963855421703
3359,0.0025225903614457534
3360,-0.009412650602409645
3361,-0.022477409638554213
3362,0.007191265060240926
3363,0.006814759036144591
3364,0.008433734939758963
3365,-0.0008659638554217586
3366,-0.001618975903614539
3367,0.007454819277108449
3368,0.003840361445783258
3369,-0.0011295180722891707
3370,-0.024134036144578264
3371,-0.03237951807228917
3372,-0.0013930722891567493
3373,0.0028237951807228434
3374,-0.008810240963855465
3375,0.0066265060240963125
3376,0.004593373493975927
3377,0.0057605421686747205
3378,-0.018862951807228856
3379,0.0007906626506023473
3380,0.008998493975903687
3381,-0.01351656626506026
3382,-0.014231927710843417
3383,0.0033132530120482118
3384,-0.007680722891566294
3385,0.004819277108433773
3386,-0.007304216867469904
3387,0.024924698795180777
3388,-0.008847891566265087
3389,-0.005120481927710807
3390,0.009337349397590344
3391,-0.01746987951807233
3392,-0.0029743975903614994
3393,-0.01329066265060247
3394,-0.0002635542168674676
3395,0.012725903614457912
3396,-0.0012801204819276601
3397,-0.016302710843373536
3398,0.004442771084337438
3399,0.007003012048192758
3400,-0.008094879518072307
3401,-0.026129518072289193
3402,-0.0033509036144578896
3403,-0.0017695783132530285
3404,-0.0003765060240963902
3405,-0.0033509036144577786
3406,-0.0007530120481927804
3407,-0.014043674698795139
3408,-0.021912650602409656
3409,-0.0012801204819277712
3410,-0.008471385542168697
3411,0.004894578313253017
3412,0.010993975903614395
3413,-0.021121987951807197
3414,0.0033509036144578896
3415,0.003576807228915624
3416,-0.007078313253012114
3417,0.009111445783132499
3418,-0.007868975903614517
3419,-0.008885542168674654
3420,0.006287650602409545
3421,-0.0019954819277108182
3422,0.0063253012048192225
3423,0.01167168674698793
3424,0.0011295180722891152
3425,0.004442771084337327
3426,0.007379518072289093
3427,-0.0021837349397590966
3428,-0.0155496987951807
3429,0.01746987951807233
3430,0.018862951807228856
3431,0.009186746987951855
3432,0.00666415662650599
3433,-0.009224397590361422
3434,-0.007643072289156672
3435,0.004894578313253017
3436,-0.004066265060240937
3437,0.004932228915662584
3438,-0.005722891566264987
3439,-0.015361445783132588
3440,-0.007567771084337316
3441,0.004442771084337327
3442,0.009939759036144635
3443,-0.010617469879518115
3444,-0.0050075301204819955
3445,0.009939759036144635
3446,-0.005647590361445798
3447,-0.00011295180722892262
3448,-0.016302710843373536
3449,-0.002259036144578286
3450,-0.008772590361445787
3451,0.014457831325301207
3452,0.005609939759036231
3453,0.009600903614457867
3454,-0.002899096385542088
3455,-0.008734939759036053
3456,-0.0012424698795181488
3457,0.008697289156626486
3458,0.005835843373493965
3459,0.005271084337349352
3460,-0.006513554216867445
3461,-0.018561746987951877
3462,0.003237951807228856
3463,-0.004066265060241048
3464,-0.0022966867469880192
3465,0.004631024096385494
3466,3.765060240956686e-05
3467,0.010240963855421614
3468,-0.023795180722891496
3469,-0.01987951807228916
3470,0.009977409638554202
3471,-0.004028614457831259
3472,-7.530120481930025e-05
3473,-0.00395331325301207
3474,-0.006777108433734913
3475,0.013253012048192736
3476,0.015436746987951833
3477,-0.002936746987951877
3478,0.0063629518072289
3479,0.0014307228915663162
3480,-0.012951807228915702
3481,0.0025225903614457534
3482,-0.004405120481927649
3483,-0.007643072289156616
3484,0.0018072289156625398
3485,0.007567771084337371
3486,-0.00011295180722892262
3487,0.016189759036144613
3488,0.0248870481927711
3489,0.0037274096385542244
3490,-0.007906626506024084
3491,-0.03094879518072291
3492,-0.009789156626506035
3493,0.011483433734939763
3494,-0.017582831325301196
3495,-0.002597891566264998
3496,-0.01897590361445789
3497,0.019164156626506057
3498,0.007078313253012114
3499,-0.008207831325301285
3500,-0.025602409638554202
3501,0.019503012048192825
3502,0.018034638554216942
3503,-0.00591114457831321
3504,0.011445783132530085
3505,0.011897590361445776
3506,0.003802710843373469
3507,-0.008584337349397564
3508,-0.02232680722891567
3509,-0.014194277108433684
3510,-0.002296686746987908
3511,0.01698042168674696
3512,0.00726656626506017
3513,0.010993975903614395
3514,-0.0047063253012047945
3515,-0.009826807228915602
3516,0.00030120481927709
3517,0.013365963855421659
3518,0.006701807228915668
3519,0.011144578313252995
3520,-0.01867469879518069
3521,0.0
3522,-0.004442771084337327
3523,0.022966867469879526
3524,0.010203313253012047
3525,-0.003539156626506057
3526,-0.0007906626506024028
3527,-0.01814759036144581
3528,-0.005986445783132566
3529,-0.009224397590361422
3530,0.006400602409638578
3531,0.014909638554216786
3532,0.00395331325301207
3533,0.013667168674698749
3534,0.017319277108433728
3535,-0.009789156626506035
3536,0.0006400602409637468
3537,-0.0033132530120481563
3538,-0.01927710843373498
3539,0.015737951807228923
3540,0.018260542168674676
3541,-0.00523343373493973
3542,-0.024246987951807242
3543,-0.01867469879518069
3544,0.0028614457831325213
3545,-0.005798192771084398
3546,-0.006551204819277123
3547,-0.0038403614457830915
3548,-0.006438253012048256
3549,-0.019465361445783147
3550,-7.530120481930025e-05
3551,-0.0021460843373494187
3552,0.017658132530120496
3553,-0.01784638554216872
3554,-0.008960843373494065
3555,0.017356927710843295
3556,0.00410391566265067
3557,0.01287650602409629
3558,-0.010429216867469893
3559,-0.014118975903614439
3560,0.0247364457831325
3561,-0.0012424698795180378
3562,-0.012010542168674754
3563,-0.0021460843373494187
3564,-0.010768072289156605
3565,-0.0025602409638554313
3566,0.005045180722891618
3567,0.00011295180722892262
3568,-0.009149096385542177
3569,0.0013930722891566383
3570,-0.007304216867469904
3571,-0.010542168674698815
3572,-0.0004894578313253684
3573,-0.010316265060241026
3574,-0.030685240963855442
3575,-0.0029743975903614994
3576,0.02515060240963851
3577,0.01457078313253013
3578,0.008621987951807242
3579,-0.01204819277108432
3580,0.01622740963855429
3581,0.02138554216867472
3582,0.01637801204819278
3583,0.005534638554216764
3584,-0.014608433734939807
3585,0.007304216867469959
3586,0.0031626506024097223
3587,-0.0030873493975903665
3588,0.003840361445783147
3589,0.005233433734939785
3590,-0.00011295180722892262
3591,0.0014307228915663162
3592,0.000903614457831381
3593,0.0033885542168674565
3594,-0.010579819277108382
3595,0.006588855421686746
3596,0.0025602409638555423
3597,0.02398343373493972
3598,0.0092620481927711
3599,0.002371987951807264
3600,0.012688253012048234
3601,-0.0004141566265060126
3602,0.004216867469879593
3603,-0.009224397590361422
3604,0.0034262048192770234
3605,0.014608433734939696
3606,-0.01242469879518071
3607,0.012763554216867368
3608,0.0030873493975903665
3609,0.01091867469879515
3610,0.006852409638554158
3611,0.00470632530120485
3612,0.01457078313253013
3613,0.02594126506024086
3614,-0.008396084337349452
3615,-0.005722891566265098
3616,-0.008885542168674654
3617,-0.009224397590361422
3618,-0.0021084337349397964
3619,-0.009939759036144635
3620,-0.01746987951807233
3621,-0.005459337349397575
3622,-0.009412650602409645
3623,-0.005685240963855476
3624,-0.011182228915662562
3625,0.012198795180722866
3626,-0.009412650602409645
3627,-0.01762048192771093
3628,-0.005647590361445798
3629,0.004329819277108404
3630,-0.009224397590361422
3631,-0.026129518072289193
3632,0.010542168674698815
3633,-0.003200301204819289
3634,0.0013177710843373935
3635,-0.0030496987951806886
3636,0.019239457831325302
3637,0.015512048192771077
3638,0.006551204819277179
3639,-0.004480421686747005
3640,0.006701807228915779
3641,-0.007040662650602325
3642,-0.006325301204819278
3643,-0.01242469879518071
3644,0.005647590361445798
3645,0.005798192771084398
3646,-0.0038027108433735246
3647,-0.007643072289156672
3648,-0.0017695783132529175
3649,0.003539156626506057
3650,-0.01197289156626502
3651,-0.02669427710843375
3652,0.005722891566265043
3653,0.006852409638554158
3654,-0.001016566265060248
3655,0.006137048192771055
3656,0.008885542168674654
3657,-0.002221385542168719
3658,0.007191265060240926
3659,-0.010278614457831292
3660,0.007680722891566183
3661,-0.00402861445783137
3662,0.017168674698795128
3663,0.022402108433734913
3664,0.01746987951807233
3665,-0.024359939759036164
3666,-0.0005271084337349907
3667,0.0010918674698795483
3668,-0.003802710843373469
3669,-0.005271084337349408
3670,-0.022929216867469848
3671,-0.01882530120481929
3672,-0.013554216867469882
3673,-0.01822289156626511
3674,0.008847891566265087
3675,0.014796686746987975
3676,0.02307981927710845
3677,0.004518072289156572
3678,-0.013064759036144569
3679,0.006739457831325235
3680,-0.0031626506024096668
3681,-0.002522590361445698
3682,-0.010353915662650703
3683,0.005045180722891618
3684,-0.008019578313253006
3685,-0.007718373493975916
3686,-0.010052710843373447
3687,-0.002033132530120496
3688,-0.021046686746987897
3689,0.004329819277108404
3690,-0.004066265060241048
3691,-0.006588855421686746
3692,-0.007605421686746994
3693,-0.003237951807228967
3694,0.0012424698795180378
3695,0.01426957831325304
3696,0.015135542168674743
3697,0.010278614457831292
3698,-0.021084337349397575
3699,-0.009789156626506035
3700,0.024924698795180777
3701,-0.006739457831325346
3702,-0.013140060240963869
3703,-0.00033885542168671234
3704,0.02319277108433726
3705,-0.004254518072289215
3706,-0.0027861445783132766
3707,0.0027484939759037097
3708,-0.008433734939759074
3709,0.0013177710843373935
3710,-0.003539156626506057
3711,0.021611445783132566
3712,-0.008960843373493954
3713,-3.765060240962237e-05
3714,-0.016415662650602403
3715,-0.008847891566265087
3716,0.005346385542168708
3717,-0.002108433734939741
3718,-0.010466867469879515
3719,0.006475903614457823
3720,-0.0020331325301204406
3721,-0.023155120481927693
3722,0.007191265060240926
3723,0.005572289156626442
3724,0.011257530120481918
3725,-0.008810240963855465
3726,-0.020067771084337438
3727,0.004668674698795172
3728,-0.01622740963855418
3729,0.00470632530120485
3730,-3.765060240962237e-05
3731,-0.0038780120481927693
3732,-0.005948795180722888
3733,-0.012500000000000122
3734,-0.008885542168674654
3735,-0.0036521084337349796
3736,-0.019728915662650615
3737,-0.006852409638554158
3738,0.003200301204819289
3739,-0.0021837349397590966
3740,-0.01890060240963848
3741,-0.01660391566265057
3742,-0.014721385542168619
3743,0.009789156626506035
3744,-0.001506024096385561
3745,0.007605421686747049
3746,-0.0073795180722891485
3747,0.010052710843373558
3748,-0.013140060240963813
3749,-0.01532379518072291
3750,-0.0011295180722891707
3751,-0.008659638554216864
3752,0.007115963855421681
3753,0.002710843373493921
3754,-0.024811746987951855
3755,-0.019917168674698726
3756,0.003237951807228856
3757,-0.0006777108433735357
3758,0.005120481927710863
3759,0.010993975903614506
3760,-0.012500000000000011
3761,0.013591867469879504
3762,-0.0005271084337349907
3763,-0.008697289156626542
3764,0.009299698795180777
3765,-0.01807228915662651
3766,-0.005421686746988008
3767,0.0013930722891565273
3768,-0.007417168674698826
3769,0.0024849397590361866
3770,-0.020632530120481996
3771,-0.011031626506024184
3772,-0.022251506024096368
3773,-0.006965361445783136
3774,0.004405120481927649
3775,0.0019201807228915735
3776,-0.009902108433734902
3777,-0.0006400602409639689
3778,0.021046686746987953
3779,-0.010203313253011992
3780,-0.0024849397590361866
3781,0.008170180722891551
3782,-0.0033132530120482673
3783,-0.018862951807228856
3784,0.008433734939758963
3785,0.00033885542168676785
3786,0.0054593373493976305
3787,-0.0016942771084337283
3788,0.013403614457831337
3789,-0.009450301204819267
3790,-0.00395331325301207
3791,-0.0056099397590361755
3792,0.00470632530120485
3793,0.0069277108433734025
3794,0.013968373493975839
3795,-0.007868975903614406
3796,0.006475903614457823
3797,-0.0157756024096386
3798,-0.0037274096385542244
3799,0.010993975903614506
3800,0.004518072289156572
3801,0.012198795180722977
3802,0.016867469879518038
3803,-0.01649096385542176
3804,-0.0016566265060241059
3805,0.012161144578313299
3806,-0.01325301204819268
3807,0.013780120481927671
3808,-0.010240963855421725
3809,-0.003802710843373469
3810,0.013968373493975839
3811,-0.012801204819277101
3812,0.008697289156626598
3813,0.005572289156626442
3814,-0.010278614457831292
3815,-0.010504518072289193
3816,0.013290662650602414
3817,0.020105421686747005
3818,0.016189759036144613
3819,0.011784638554216964
3820,0.012612951807228878
3821,-0.009902108433734902
3822,0.010542168674698815
3823,-0.0030873493975903665
3824,0.017093373493975883
3825,-0.005158132530120485
3826,0.0069277108433735135
3827,-0.010429216867469893
3828,-0.0035768072289156794
3829,0.0013554216867470714
3830,0.02108433734939763
3831,-0.016792168674698738
3832,0.007605421686747049
3833,0.001167168674698793
3834,-0.03268072289156626
3835,0.003275602409638534
3836,-0.01009036144578318
3837,-0.005120481927710807
3838,-0.0007906626506024028
3839,0.005421686746987953
3840,0.0030496987951806886
3841,-0.020067771084337327
3842,0.015512048192770966
3843,0.021874999999999978
3844,-0.01009036144578318
3845,0.006249999999999978
3846,-0.0059111445783132655
3847,-0.010504518072289193
3848,0.004442771084337438
3849,-0.004781626506024095
3850,0.011822289156626531
3851,-0.013365963855421714
3852,-0.0039909638554216365
3853,0.016039156626506013
3854,0.01897590361445789
3855,0.014909638554216786
3856,0.01076807228915655
3857,0.004631024096385605
3858,0.017620481927710818
3859,-0.003915662650602447
3860,0.007793674698795328
3861,-0.009789156626506035
3862,0.0008283132530120252
3863,-0.01227409638554211
3864,0.0015436746987951278
3865,-0.007341867469879526
3866,0.010692771084337416
3867,-0.002560240963855487
3868,0.003878012048192714
3869,-0.01671686746987955
3870,-0.022439759036144535
3871,-0.002899096385542199
3872,0.013064759036144569
3873,0.012236445783132543
3874,-0.014834337349397597
3875,-0.013365963855421714
3876,0.0022213855421686635
3877,0.014984939759036253
3878,-0.009224397590361422
3879,0.016867469879518038
3880,0.0
3881,-0.0013554216867469604
3882,-0.002334337349397586
3883,0.01743222891566265
3884,0.013403614457831337
3885,-0.0019578313253011403
3886,-0.0059111445783132655
3887,-0.0073795180722891485
3888,-0.006777108433734913
3889,-0.007906626506024084
3890,0.012349397590361466
3891,-0.0017319277108433506
3892,0.01197289156626502
3893,-0.021912650602409767
3894,-0.017319277108433728
3895,-0.006664156626506101
3896,-0.01084337349397596
3897,0.017808734939758986
3898,-0.002259036144578286
3899,-0.003539156626506057
3900,0.010843373493975905
3901,-0.011031626506024073
3902,0.004254518072289271
3903,0.004894578313253017
3904,-0.00018825301204816736
3905,-0.0037650602409638467
3906,0.0018072289156626509
3907,-0.002899096385542088
3908,0.00350150602409649
3909,-0.01099397590361445
3910,-0.004969879518072318
3911,-0.009149096385542232
3912,-7.530120481930025e-05
3913,-0.01362951807228907
3914,-0.0006777108433734802
3915,-0.00553463855421682
3916,-0.02078313253012043
3917,-0.007756024096385594
3918,0.019691265060240992
3919,-0.012951807228915702
3920,-0.007003012048192758
3921,0.0016566265060241614
3922,0.011257530120481918
3923,-0.007868975903614517
3924,-0.019841867469879537
3925,-0.0007906626506024583
3926,-0.013817771084337349
3927,-0.010918674698795205
3928,-0.012311746987951733
3929,-0.009487951807228945
3930,-0.005384036144578275
3931,-0.0034638554216867568
3932,0.006551204819277179
3933,-0.03136295180722881
3934,-0.0005271084337349907
3935,0.001769578313252973
3936,-0.026430722891566172
3937,-0.0026731927710844094
3938,0.010881024096385583
3939,-0.019239457831325357
3940,0.005948795180722888
3941,-0.004856927710843395
3942,-0.019164156626506057
3943,0.02304216867469877
3944,-0.005685240963855365
3945,-0.0047063253012047945
3946,-0.024736445783132444
3947,-0.005685240963855365
3948,0.006212349397590411
3949,0.0048569277108433395
3950,-0.009036144578313254
3951,-0.01532379518072291
3952,0.01667921686746987
3953,-0.006362951807228956
3954,0.004367469879518082
3955,-0.006739457831325346
3956,-0.007417168674698826
3957,-0.001957831325301196
3958,-0.010542168674698815
3959,0.005007530120482051
3960,0.0063253012048193336
3961,-0.01882530120481929
3962,0.012500000000000067
3963,0.0004894578313252573
3964,-0.009676204819277057
3965,-0.002296686746987908
3966,-0.01039156626506027
3967,-0.0003765060240963902
3968,0.0004518072289156905
3969,-0.007906626506024084
3970,-0.0031250000000000444
3971,0.02484939759036142
3972,0.011709337349397608
3973,0.021611445783132566
3974,0.005798192771084398
3975,-0.013140060240963869
3976,-0.01690512048192777
3977,-0.0027108433734939763
3978,0.00395331325301207
3979,-0.0021084337349397964
3980,0.023870481927710907
3981,-0.007003012048192814
3982,0.0007530120481927804
3983,-0.005572289156626498
3984,-0.01106927710843375
3985,-0.01641566265060246
3986,-0.0011671686746987375
3987,0.003802710843373469
3988,-0.008960843373493954
3989,-0.0006777108433734802
3990,-0.001355421686747016
3991,-0.001054216867469926
3992,-0.002899096385542199
3993,0.005271084337349352
3994,-0.021686746987951755
3995,-0.004103915662650615
3996,-0.0009789156626505702
3997,-0.01585090361445779
3998,0.02183734939759041
3999,0.0033132530120482118
4000,0.011746987951807286
4001,0.009939759036144635
4002,0.016754518072289115
4003,0.013930722891566272
4004,-0.01980421686746986
4005,0.005798192771084398
4006,0.0037650602409639022
4007,0.001204819277108471
4008,0.0016942771084337283
4009,0.0039909638554216365
4010,-0.014307228915662662
4011,-0.012801204819277101
4012,-0.028313253012048234
4013,0.015286144578313232
4014,-0.005459337349397575
4015,-0.0036521084337349796
4016,-0.004066265060241048
4017,0.021310240963855365
4018,0.000301204819277201
4019,-0.012763554216867423
4020,0.004028614457831314
4021,-0.0033885542168674565
4022,-0.01389307228915665
4023,0.012010542168674698
4024,0.009450301204819267
4025,-0.00018825301204816736
4026,0.010429216867469893
4027,0.0006400602409637468
4028,0.004442771084337438
4029,0.005835843373493965
4030,-0.011521084337349385
4031,-0.015361445783132532
4032,-0.0007906626506024028
4033,0.007793674698795217
4034,0.016001506024096335
4035,-0.004631024096385605
4036,-0.008245481927710796
4037,0.015813253012048167
4038,-0.022176204819277123
4039,-0.0033509036144577786
4040,0.0005647590361446131
4041,0.0025225903614457534
4042,-0.0033885542168674565
4043,-0.009525602409638623
4044,-0.009487951807228834
4045,0.001769578313252973
4046,0.004894578313253017
4047,-0.0044051204819277046
4048,0.001769578313252973
4049,-0.006212349397590355
4050,-0.002635542168674676
4051,-0.00402861445783137
4052,0.01637801204819278
4053,-0.002183734939759041
4054,0.013064759036144458
4055,-0.008772590361445787
4056,-0.0127259036144578
4057,-0.002861445783132577
4058,0.026957831325301274
4059,-0.00395331325301207
4060,-0.0003765060240963902
4061,-0.01419427710843385
4062,0.0248870481927711
4063,0.019992469879518082
4064,0.006475903614457823
4065,0.005195783132530107
4066,-0.007115963855421736
4067,-0.020067771084337327
4068,-0.0051581325301204295
4069,0.0039909638554217475
4070,-0.017620481927710818
4071,0.011483433734939763
4072,0.00022590361445784524
4073,-0.007191265060240926
4074,0.0
4075,0.02533885542168679
4076,0.012650602409638556
4077,0.010956325301204828
4078,-0.0019578313253011403
4079,-0.019239457831325246
4080,-0.010918674698795205
4081,0.012763554216867479
4082,0.005346385542168708
4083,0.010655120481927738
4084,0.023719879518072307
4085,0.014382530120481962
4086,-0.016566265060240948
4087,-0.002033132530120496
4088,-0.009036144578313254
4089,-0.001204819277108471
4090,0.009638554216867434
4091,0.020105421686747005
4092,-7.530120481918923e-05
4093,-0.005195783132530107
4094,0.0004894578313253684
4095,-0.0016566265060241059
4096,-0.009977409638554202
4097,0.011709337349397608
4098,-0.008810240963855465
4099,-0.001957831325301196
4100,-0.0037650602409638467
4101,-0.010015060240963825
4102,0.00896084337349401
4103,-0.0034638554216867568
4104,0.009375000000000022
4105,0.007003012048192758
4106,-0.006287650602409545
4107,-0.013140060240963869
4108,0.008019578313253062
4109,-0.026468373493975905
4110,0.002974397590361444
4111,0.0045557228915662495
4112,0.001807228915662762
4113,-0.0039909638554216365
4114,0.015361445783132477
4115,-0.012951807228915702
4116,0.021310240963855365
4117,-0.006438253012048145
4118,0.00850903614457832
4119,-0.007003012048192758
4120,0.01773343373493974
4121,-0.001957831325301196
4122,-7.530120481930025e-05
4123,-0.011144578313252995
4124,0.0063629518072289
4125,-0.009563253012048245
4126,-0.007868975903614517
4127,0.010128012048192803
4128,-0.005685240963855365
4129,0.0008283132530120252
4130,0.007003012048192758
4131,-0.01502259036144582
4132,0.0060617469879518104
4133,0.015060240963855387
4134,0.007266566265060281
4135,-0.005120481927710807
4136,0.007868975903614461
4137,-0.002597891566265109
4138,-0.016641566265060193
4139,0.0033132530120482118
4140,0.007680722891566294
4141,0.003275602409638534
4142,-0.007718373493975916
4143,0.016905120481927716
4144,-0.0073795180722891485
4145,0.0025225903614457534
4146,-0.022590361445783136
4147,-0.019088855421686757
4148,0.007341867469879526
4149,-0.004103915662650559
4150,-0.010316265060241026
4151,0.018448795180722843
4152,0.020256024096385605
4153,-0.022289156626506046
4154,0.010240963855421725
4155,0.009186746987951744
4156,0.02503765060240959
4157,-0.019126506024096435
4158,-0.00018825301204816736
4159,-0.001957831325301196
4160,0.01788403614457834
4161,-0.006588855421686746
4162,0.0013177710843373935
4163,0.01882530120481929
4164,-0.00018825301204816736
4165,0.0013930722891565273
4166,-0.006965361445783136
4167,0.004819277108433773
4168,-0.0051581325301204295
4169,0.001506024096385561
4170,0.014909638554216786
4171,0.0031626506024097223
4172,0.004216867469879482
4173,-0.012725903614457912
4174,0.0018448795180723288
4175,-0.008094879518072307
4176,-0.001957831325301196
4177,0.028350903614457912
4178,0.01152108433734933
4179,0.00015060240963848948
4180,0.0013930722891566383
4181,0.003539156626506057
4182,0.013478915662650581
4183,0.0012424698795180378
4184,-0.002108433734939741
4185,0.008734939759036053
4186,0.001506024096385561
4187,0.0027861445783132766
4188,0.004028614457831314
4189,-0.007153614457831303
4190,-0.0030120481927710663
4191,-0.01709337349397594
4192,0.003539156626505946
4193,0.0014307228915663162
4194,0.0013177710843373935
4195,0.006814759036144591
4196,0.0183734939759036
4197,0.009224397590361422
4198,0.0285015060240964
4199,-0.0021460843373494187
4200,-0.0018825301204819511
4201,-0.0069277108433735135
4202,0.00850903614457832
4203,-0.018862951807228856
4204,0.0154743975903614
4205,-0.0007906626506024028
4206,-0.0007153614457831581
4207,-0.005873493975903588
4208,0.026054216867469893
4209,-0.01242469879518071
4210,0.005798192771084398
4211,-0.008810240963855465
4212,0.016039156626506013
4213,0.004631024096385605
4214,0.004631024096385605
4215,0.016641566265060193
4216,-0.019088855421686757
4217,-0.009563253012048245
4218,0.0006400602409638578
4219,0.010504518072289137
4220,0.009826807228915713
4221,0.007944277108433817
4222,-0.0037650602409638467
4223,0.006174698795180733
4224,-0.012010542168674643
4225,0.002673192771084354
4226,-0.008057228915662684
4227,-0.002484939759036131
4228,-0.009525602409638623
4229,-0.019088855421686757
4230,-0.0006400602409638578
4231,-0.0047063253012047945
4232,-0.007191265060240926
4233,-0.012763554216867479
4234,0.0015436746987951278
4235,-0.004781626506024039
4236,-0.013780120481927671
4237,0.014382530120481962
4238,0.002334337349397586
4239,-0.0127259036144578
4240,-0.009299698795180666
4241,-0.0038027108433735246
4242,-0.005873493975903588
4243,-0.009939759036144635
4244,0.005195783132530107
4245,0.0005271084337349352
4246,-0.008471385542168697
4247,0.015248493975903665
4248,-0.013930722891566272
4249,0.02093373493975903
4250,-0.019126506024096435
4251,-0.001204819277108471
4252,-0.008245481927710852
4253,-0.011445783132530085
4254,-0.003539156626506057
4255,0.004969879518072262
4256,-0.00060240963855418
4257,-0.000602409638554291
4258,-0.020594879518072318
4259,0.004894578313253017
4260,-0.007115963855421736
4261,-0.020105421686747005
4262,-0.01946536144578309
4263,-0.015512048192771022
4264,-0.002259036144578286
4265,0.01701807228915664
4266,-0.0014307228915663162
4267,-0.0020707831325301185
4268,-0.009337349397590344
4269,0.019088855421686812
4270,-0.007191265060240926
4271,-0.009977409638554202
4272,-0.007228915662650548
4273,-0.024811746987951855
4274,-0.0028614457831325213
4275,0.0214231927710844
4276,-0.014156626506024172
4277,-0.0020707831325301185
4278,0.005609939759036231
4279,0.014194277108433795
4280,-0.006400602409638578
4281,-0.002334337349397586
4282,-0.0039909638554216365
4283,-0.0015813253012048611
4284,0.009638554216867434
4285,0.004593373493975816
4286,0.010730421686746983
4287,0.008621987951807242
4288,-0.0031626506024096668
4289,0.0015813253012048056
4290,-0.0027861445783132766
4291,-0.013140060240963813
4292,0.0015436746987951278
4293,-0.004480421686747005
4294,0.0057605421686747205
4295,0.007003012048192758
4296,-0.009977409638554202
4297,-0.00011295180722897813
4298,0.01848644578313252
4299,-0.009450301204819267
4300,0.0007530120481927804
4301,-0.004103915662650615
4302,0.001769578313252973
4303,0.0025225903614457534
4304,-0.0014683734939758275
4305,0.01016566265060237
4306,-0.017319277108433728
4307,-0.008245481927710852
4308,-0.009638554216867434
4309,0.0157756024096386
4310,-0.007680722891566294
4311,0.0034262048192770234
4312,-0.01509789156626501
4313,0.0025225903614457534
4314,0.004480421686747005
4315,0.007153614457831359
4316,-0.007454819277108393
4317,0.01442018072289164
4318,0.024811746987951855
4319,0.0006777108433735357
4320,0.006212349397590411
4321,0.010542168674698815
4322,0.004329819277108404
4323,-0.007417168674698826
4324,0.009751506024096468
4325,0.0024472891566265087
4326,0.009186746987951855
4327,0.011746987951807286
4328,-0.014457831325301262
4329,0.02469879518072282
4330,-0.01799698795180721
4331,0.02789909638554211
4332,-0.004216867469879537
4333,0.02003012048192765
4334,-0.007153614457831303
4335,0.00425451807228916
4336,0.00801957831325295
4337,-0.009450301204819267
4338,0.010843373493975905
4339,0.03076054216867463
4340,-0.04134036144578318
4341,-0.0038403614457830915
4342,-0.009375000000000022
4343,-0.010391566265060215
4344,-0.008546686746987886
4345,-0.018524096385542255
4346,0.0036897590361445465
4347,0.0013554216867469604
4348,-0.01479668674698792
4349,0.0010165662650603036
4350,0.003878012048192714
4351,0.005609939759036231
4352,-0.002635542168674676
4353,0.015286144578313232
4354,-0.005647590361445798
4355,-0.000903614457831381
4356,0.015700301204819245
4357,-0.01204819277108432
4358,-0.019540662650602447
4359,-0.0003765060240963902
4360,-0.001016566265060248
4361,0.007379518072289204
4362,-0.004593373493975927
4363,-0.005873493975903588
4364,0.02063253012048194
4365,-0.002522590361445809
4366,0.011031626506024073
4367,-0.0045557228915662495
4368,0.015888554216867412
4369,0.002070783132530174
4370,-0.0033509036144578896
4371,0.0007530120481927804
4372,-0.005421686746988008
4373,-0.005948795180722888
4374,0.005007530120482051
4375,-0.01746987951807233
4376,3.765060240956686e-05
4377,-0.0014683734939759385
4378,-0.012688253012048234
4379,-0.007191265060240926
4380,-0.010353915662650592
4381,-0.01359186746987956
4382,0.01016566265060237
4383,-0.003237951807228856
4384,0.0057605421686747205
4385,-0.002597891566264998
4386,-0.006400602409638578
4387,-0.007341867469879526
4388,0.009073795180722821
4389,-0.005760542168674665
4390,-0.0006400602409638023
4391,0.002635542168674676
4392,0.006287650602409656
4393,-7.530120481918923e-05
4394,-0.007756024096385483
4395,0.0034638554216868123
4396,0.0016189759036144835
4397,-0.006099397590361377
4398,-0.01882530120481929
4399,0.0006777108433734247
4400,0.012763554216867479
4401,-0.006024096385542188
4402,0.012650602409638556
4403,-0.0023719879518072085
4404,0.007115963855421681
4405,0.01758283132530114
4406,0.014194277108433684
4407,-0.017921686746987908
4408,0.004593373493975927
4409,0.007341867469879526
4410,-0.007341867469879526
4411,0.006588855421686746
4412,0.009224397590361422
4413,-0.023230421686746938
4414,0.014194277108433795
4415,-0.014382530120481962
4416,0.008847891566265087
4417,-3.765060240967788e-05
4418,0.007981927710843273
4419,0.015097891566265065
4420,0.012650602409638556
4421,-0.0027484939759035987
4422,0.01016566265060237
4423,-0.014307228915662662
4424,-0.012123493975903565
4425,0.009487951807228945
4426,0.006137048192771055
4427,-0.01735692771084335
4428,0.02639307228915666
4429,0.002296686746987908
4430,0.014307228915662606
4431,0.0016189759036144835
4432,0.002936746987951766
4433,-0.003539156626506057
4434,-0.0036897590361445465
4435,-0.00971385542168679
4436,0.006814759036144591
4437,-0.010805722891566283
4438,-0.008057228915662684
4439,-0.005534638554216875
4440,0.002334337349397586
4441,-0.006024096385542188
4442,0.011709337349397608
4443,-0.006024096385542188
4444,0.012500000000000067
4445,0.015963855421686768
4446,-0.0018448795180723288
4447,-0.009713855421686735
4448,0.01016566265060237
4449,0.006287650602409545
4450,0.002635542168674676
4451,0.0030496987951806886
4452,-0.010278614457831292
4453,-0.013177710843373491
4454,0.0024472891566265087
4455,0.008283132530120474
4456,-0.018034638554216886
4457,0.010504518072289137
4458,-0.014081325301204872
4459,0.0009412650602409478
4460,0.015700301204819245
4461,-0.008245481927710796
4462,0.005534638554216875
4463,0.018448795180722843
4464,-0.01197289156626502
4465,-0.01750753012048195
4466,-0.014570783132530074
4467,-0.0016942771084337283
4468,-0.008170180722891496
4469,-0.007003012048192758
4470,0.0036897590361445465
4471,0.013177710843373491
4472,-0.011106927710843373
4473,0.007191265060240926
4474,-0.0044051204819277046
4475,-0.006588855421686746
4476,0.012951807228915646
4477,0.006551204819277179
4478,0.020105421686747005
4479,0.008471385542168641
4480,-0.008057228915662684
4481,0.011295180722891596
4482,0.0034638554216867012
4483,0.02499999999999991
4484,-0.0023719879518072085
4485,0.002409638554216942
4486,0.0009412650602409478
4487,0.01637801204819278
4488,-0.00432981927710846
4489,-0.01795933734939753
4490,0.003501506024096379
4491,0.004894578313253017
4492,0.006890060240963836
4493,0.010579819277108382
4494,-0.008772590361445787
4495,0.013591867469879504
4496,0.011634036144578364
4497,-0.030685240963855442
4498,-0.024096385542168697
4499,-0.005685240963855365
4500,0.0005647590361446131
4501,0.004518072289156572
4502,0.03554216867469884
4503,0.013704819277108427
4504,-0.0004894578313253684
4505,0.0016942771084337283
4506,-0.008621987951807242
4507,-0.018524096385542088
4508,0.0007906626506023473
4509,-0.010466867469879404
4510,-0.0053087349397589745
4511,0.0030873493975903665
4512,-0.00022590361445778973
4513,0.0024472891566265087
4514,0.0021460843373493077
4515,0.0033509036144578896
4516,-0.016490963855421648
4517,0.0018448795180723288
4518,-0.011558734939759063
4519,-0.004179216867469915
4520,-0.0018448795180723288
4521,0.002108433734939741
4522,-0.00425451807228916
4523,-0.0017319277108433506
4524,0.015813253012048167
4525,0.0037650602409639022
4526,-0.0014683734939758275
4527,-0.021423192771084287
4528,-0.008094879518072307
4529,0.009751506024096468
4530,-0.010617469879518115
4531,0.0127259036144578
4532,-0.001920180722891518
4533,-0.009262048192771044
4534,0.0019201807228915735
4535,0.00801957831325295
4536,0.014118975903614439
4537,-0.01479668674698803
4538,0.0060240963855421326
4539,-0.005384036144578275
4540,-0.01585090361445779
4541,0.024359939759036164
4542,-0.012198795180722921
4543,0.004329819277108404
4544,-0.009375000000000022
4545,-0.0031626506024096668
4546,0.0007906626506023473
4547,0.012123493975903621
4548,0.0092620481927711
4549,-0.0018448795180723288
4550,-0.008584337349397675
4551,0.015625
4552,-0.0020707831325301185
4553,0.00790662650602414
4554,0.0027861445783132766
4555,0.010730421686746983
4556,0.007266566265060281
4557,-0.014909638554216842
4558,-0.01713102409638556
4559,-0.007153614457831303
4560,-0.016490963855421648
4561,-0.004668674698795228
4562,0.003200301204819289
4563,0.0015813253012049167
4564,0.0007153614457832136
4565,0.006287650602409656
4566,-0.008207831325301285
4567,-0.0017319277108433506
4568,0.0016942771084337283
4569,0.006287650602409656
4570,7.530120481924474e-05
4571,-0.021912650602409545
4572,-3.765060240962237e-05
4573,-0.003501506024096379
4574,-0.004216867469879426
4575,-0.002296686746987908
4576,-0.008998493975903632
4577,-0.004894578313253017
4578,0.0019201807228915735
4579,0.0060617469879518104
4580,0.009676204819277112
4581,-0.0050075301204818845
4582,-0.005986445783132566
4583,-0.008358433734939663
4584,-0.010316265060241026
4585,0.004480421686747005
4586,0.0033509036144578896
4587,-0.005195783132530163
4588,0.0022213855421686635
4589,0.01882530120481929
4590,0.01167168674698793
4591,0.0013930722891566383
4592,0.0034638554216867012
4593,0.009337349397590455
4594,-0.009224397590361422
4595,-0.008245481927710852
4596,-0.001920180722891629
4597,0.016942771084337394
4598,-0.0019954819277109292
4599,-0.001618975903614539
4600,0.00805722891566274
4601,0.005534638554216764
4602,0.010881024096385472
4603,-0.01554969879518081
4604,-0.011521084337349385
4605,-0.011822289156626531
4606,-0.026204819277108382
4607,-0.0027484939759035987
4608,-0.024397590361445787
4609,-0.0030120481927710663
4610,-0.002936746987951766
4611,0.009073795180722821
4612,-0.0320406626506024
4613,-0.0062123493975904664
4614,-0.005158132530120485
4615,0.002371987951807264
4616,0.009149096385542177
4617,-0.012500000000000011
4618,-0.007492469879518127
4619,0.005045180722891618
4620,0.012236445783132543
4621,-0.002823795180722899
4622,-0.0009789156626505702
4623,0.0013554216867469604
4624,0.0017319277108434061
4625,-0.016114457831325257
4626,-0.019503012048192825
4627,-0.007567771084337316
4628,-0.0014683734939759385
4629,-0.0024096385542168863
4630,-0.009337349397590455
4631,-0.023042168674698715
4632,-0.008094879518072307
4633,0.008998493975903687
4634,-0.0064759036144577675
4635,0.025715361445783236
4636,-0.005572289156626498
4637,-0.027108433734939763
4638,-0.024021084337349452
4639,-0.004668674698795228
4640,-0.0007906626506024583
4641,-0.015060240963855442
4642,-0.0023719879518073195
4643,-0.016829819277108526
4644,-0.008697289156626542
4645,-0.014307228915662662
4646,-0.0009789156626505702
4647,-0.009036144578313254
4648,-0.0030120481927710663
4649,-0.03042168674698803
4650,0.014457831325301207
4651,-0.006664156626506046
4652,0.011859939759036098
4653,0.011332831325301163
4654,-0.009638554216867434
4655,0.003012048192771122
4656,-0.012387048192771144
4657,0.0010918674698795483
4658,-0.012838855421686723
4659,-0.013478915662650581
4660,0.006777108433734913
4661,-0.008621987951807242
4662,0.010353915662650648
4663,0.001167168674698793
4664,-0.008960843373493954
4665,-0.01069277108433736
4666,-0.014118975903614439
4667,0.0037650602409639022
4668,-0.013704819277108482
4669,-0.006325301204819278
4670,0.0004894578313252573
4671,0.00696536144578308
4672,0.019088855421686812
4673,0.005007530120482051
4674,0.00018825301204816736
4675,0.011182228915662784
4676,-0.005948795180722888
4677,-0.0075301204819276935
4678,-0.02906626506024096
4679,0.010278614457831403
4680,0.011445783132530085
4681,-0.0033885542168674565
4682,-0.006174698795180733
4683,0.008923192771084332
4684,-0.01848644578313252
4685,0.004480421686747005
4686,0.00030120481927709
4687,-0.01739457831325303
4688,-0.017620481927710818
4689,0.015549698795180755
4690,-0.020820783132530107
4691,0.0033132530120482118
4692,-0.001204819277108471
4693,0.0021460843373494187
4694,-0.01144578313253014
4695,-0.012725903614457912
4696,-0.0030120481927710663
4697,-0.001957831325301196
4698,-0.008810240963855465
4699,0.014947289156626575
4700,-0.007341867469879526
4701,0.0034262048192771344
4702,0.012801204819277157
4703,-0.007793674698795217
4704,-0.00493222891566264
4705,0.00470632530120485
4706,0.008170180722891551
4707,-0.003237951807228967
4708,0.023305722891566294
4709,-0.01419427710843374
4710,-0.01615210843373499
4711,-0.030835843373493987
4712,0.0002635542168674121
4713,0.017959337349397586
4714,-0.01426957831325304
4715,0.0045933734939760384
4716,-0.0036897590361445465
4717,-0.01129518072289154
4718,0.013403614457831337
4719,0.005195783132530107
4720,0.0025602409638555423
4721,-0.003501506024096379
4722,0.022703313253012114
4723,-0.020820783132530107
4724,0.004329819277108404
4725,0.02319277108433726
4726,0.002296686746987908
4727,0.0022590361445783413
4728,0.0016566265060241614
4729,-0.001618975903614428
4730,-0.023493975903614517
4731,0.02018072289156625
4732,-0.0028614457831325213
4733,-0.01818524096385543
4734,0.005195783132530218
4735,-0.014344879518072229
4736,-0.004442771084337438
4737,-0.014457831325301262
4738,0.007492469879518127
4739,-0.012462349397590333
4740,0.024359939759036053
4741,0.010203313253012047
4742,-0.0018448795180723288
4743,0.0010165662650603036
4744,-0.005158132530120485
4745,0.0092620481927711
4746,0.007680722891566294
4747,-0.011483433734939763
4748,7.530120481924474e-05
4749,0.006890060240963947
4750,-0.014006024096385628
4751,0.000602409638554291
4752,-0.002936746987951766
4753,-0.008057228915662684
4754,0.005496987951807197
4755,-0.0033132530120481563
4756,0.0005271084337349352
4757,-0.0033509036144578896
4758,0.000301204819277201
4759,0.006475903614457823
4760,0.007756024096385539
4761,-0.009299698795180722
4762,0.0028237951807228434
4763,-0.008923192771084276
4764,0.010730421686746983
4765,0.005045180722891507
4766,0.01502259036144582
4767,0.002070783132530174
4768,0.012274096385542221
4769,-0.0013930722891565828
4770,-0.00651355421686739
4771,-0.03166415662650601
4772,0.00971385542168679
4773,-0.0028614457831325213
4774,-0.0038780120481927693
4775,0.006287650602409656
4776,0.024171686746987997
4777,0.01212349397590351
4778,-0.005647590361445798
4779,-0.01532379518072291
4780,0.001167168674698793
4781,-0.00971385542168679
4782,-0.005948795180722888
4783,0.019766566265060237
4784,0.011859939759036098
4785,0.012537650602409633
4786,-0.012801204819277101
4787,0.016453313253012025
4788,-0.014156626506024061
4789,0.007115963855421681
4790,-0.033659638554216886
4791,0.01502259036144582
4792,0.01227409638554211
4793,-0.0050075301204818845
4794,0.0003765060240963347
4795,-0.011822289156626531
4796,-0.011257530120481973
4797,0.020256024096385494
4798,0.016189759036144613
4799,0.011257530120481918
4800,-7.530120481930025e-05
4801,-0.0051581325301204295
4802,0.007153614457831359
4803,-0.03181475903614456
4804,-0.00493222891566264
4805,0.002673192771084354
4806,-0.019841867469879426
4807,-0.006099397590361377
4808,0.01302710843373489
4809,-0.005873493975903588
4810,-0.01389307228915665
4811,-0.020858433734939785
4812,0.01517319277108431
4813,-0.0009789156626505702
4814,0.016566265060240948
4815,-0.010203313253012103
4816,0.0014307228915662051
4817,-0.006362951807228956
4818,0.009902108433734957
4819,-0.0155496987951807
4820,-0.020368975903614417
4821,-0.006362951807228956
4822,0.006475903614457823
4823,-0.010353915662650592
4824,0.006287650602409656
4825,-0.0013930722891565828
4826,0.0003765060240963347
4827,-0.008885542168674654
4828,-0.0007906626506024028
4829,0.00801957831325295
4830,-0.014307228915662662
4831,-0.006588855421686746
4832,-0.01995481927710846
4833,0.004480421686747005
4834,-0.007454819277108504
4835,0.01061746987951806
4836,-0.01532379518072291
4837,0.016415662650602347
4838,0.0033132530120482118
4839,-0.0027484939759037097
4840,-0.0008283132530119697
4841,-0.01234939759036141
4842,-0.016265060240963802
4843,-0.006024096385542188
4844,-0.006777108433734913
4845,-0.0031250000000000444
4846,0.010504518072289137
4847,-0.008847891566265087
4848,-0.006664156626505935
4849,-0.010805722891566283
4850,-0.009902108433735013
4851,-0.006287650602409656
4852,-0.004141566265060237
4853,0.012311746987951788
4854,-0.0053087349397589745
4855,-0.010391566265060215
4856,-0.008772590361445787
4857,0.002033132530120385
4858,0.0077936746987951055
4859,-0.01660391566265057
4860,-0.007756024096385483
4861,-0.00218373493975893
4862,-0.008207831325301174
4863,0.0010918674698795483
4864,0.0037650602409639022
4865,0.0033509036144578896
4866,0.02289156626506028
4867,0.002033132530120496
4868,-0.0029743975903614994
4869,0.012650602409638556
4870,0.015549698795180755
4871,3.765060240956686e-05
4872,-0.008734939759036164
4873,-0.01502259036144582
4874,0.005722891566265043
4875,-0.009676204819277057
4876,0.0028237951807228434
4877,-0.015512048192771077
4878,-0.0013930722891566383
4879,0.004781626506023984
4880,-0.010843373493975905
4881,0.009902108433734957
4882,-0.022929216867469904
4883,-0.010805722891566283
4884,-0.012161144578313299
4885,0.0003765060240963347
4886,-0.01720632530120486
4887,0.007756024096385539
4888,0.017356927710843295
4889,0.019239457831325302
4890,0.005647590361445798
4891,-0.013629518072289182
4892,-0.00425451807228916
4893,-0.0015060240963854499
4894,-0.00022590361445790075
4895,0.013704819277108427
4896,-0.0045557228915662495
4897,-0.0009412650602410588
4898,0.00696536144578308
4899,-0.010316265060241026
4900,0.005948795180722999
4901,-0.007868975903614517
4902,-0.009375000000000022
4903,0.003200301204819289
4904,-0.0034638554216867012
4905,0.00892319277108422
4906,0.009977409638554202
4907,0.004367469879518082
4908,0.0015813253012048056
4909,-0.01592620481927709
4910,-0.012876506024096401
4911,-0.00060240963855418
4912,0.011897590361445776
4913,0.001807228915662762
4914,-0.023832831325301174
4915,0.005045180722891618
4916,-0.01479668674698792
4917,0.011257530120481918
4918,0.004254518072289271
4919,-0.011257530120481862
4920,-0.014909638554216842
4921,-0.00011295180722897813
4922,0.011332831325301274
4923,-0.01905120481927708
4924,0.010278614457831292
4925,0.007680722891566294
4926,-0.007003012048192758
4927,-0.014608433734939641
4928,-0.0012801204819277712
4929,-0.01524849397590361
4930,0.02518825301204819
4931,0.013855421686747027
4932,0.013742469879518104
4933,-0.0014683734939759385
4934,0.0017319277108432951
4935,-0.0016566265060241059
4936,0.0004141566265060126
4937,0.00380271084337358
4938,-0.00395331325301207
4939,-0.009638554216867434
4940,-0.0030120481927710663
4941,0.008433734939759074
4942,0.006475903614457823
4943,-0.0059111445783132655
4944,0.015700301204819356
4945,-0.01227409638554211
4946,-0.013554216867469882
4947,-0.00018825301204816736
4948,-0.0010165662650601925
4949,-0.006626506024096368
4950,0.0018072289156626509
4951,-0.013064759036144513
4952,0.024021084337349397
4953,-0.001016566265060248
4954,-0.006174698795180733
4955,-0.01167168674698793
4956,-0.01144578313253014
4957,-0.011408132530120352
4958,0.0012424698795181488
4959,0.014759036144578297
4960,-0.012462349397590333
4961,-0.021385542168674776
4962,0.004442771084337438
4963,-0.0004141566265060681
4964,-0.010918674698795205
4965,-0.008734939759036164
4966,0.004743975903614528
4967,0.0034638554216867012
4968,0.0014307228915662051
4969,0.0042921686746988374
4970,-0.0033132530120482673
4971,0.0011295180722891152
4972,0.0008659638554217031
4973,-0.009073795180722877
4974,0.00410391566265067
4975,-0.013780120481927671
4976,0.0033509036144578896
4977,-0.002334337349397586
4978,-0.008509036144578264
4979,-0.006588855421686746
4980,0.01366716867469886
4981,0.003012048192771122
4982,-0.007831325301204783
4983,0.011558734939759008
4984,0.014947289156626464
4985,-0.0064759036144577675
4986,-0.021310240963855365
4987,-0.00493222891566264
4988,0.00011295180722903364
4989,-0.0027861445783132766
4990,-0.01129518072289154
4991,-0.005647590361445798
4992,-0.004254518072289215
4993,0.02003012048192765
4994,-0.002259036144578286
4995,-0.015286144578313232
4996,0.010993975903614506
4997,0.0069277108433735135
4998,0.0063253012048193336
4999,0.0024472891566265087
