replicate,mean_percentile_effect
0,-0.011161387631975939
1,0.015271493212669629
2,-0.010218702865761653
3,0.013499245852187092
4,0.006862745098039191
5,-0.016779788838612364
6,0.0006410256410255277
7,-0.006636500754147789
8,0.00015082956259426794
9,-0.0022247360482655076
10,-0.007579185520361964
11,-0.01610105580693827
12,0.008861236802413242
13,-0.00437405731523377
14,-0.014064856711915541
15,0.0035822021116138636
16,-0.002450980392156854
17,-0.010444947209653
18,0.010595776772247323
19,-0.012971342383107098
20,-0.002903469079939658
21,-0.003469079939668107
22,-0.002111613876319751
23,0.003016591251885359
24,0.0065610859728507664
25,-0.006297134238310631
26,-0.004939668174962275
27,-0.012405731523378594
28,-0.009577677224736014
29,-0.0027903469079940124
30,-0.003544494720965352
31,-0.0032051282051281937
32,-0.00037707390648566985
33,-0.003733031674208076
34,-0.017533936651583704
35,0.018552036199095068
36,0.0007541478129713397
37,0.0034690799396681626
38,-0.005920060331825072
39,-0.001244343891402766
40,-0.0130844645550528
41,0.02379336349924588
42,-0.012594268476621429
43,-0.004487179487179527
44,-0.003657616892911053
45,0.006900452488687869
46,-0.003657616892910942
47,-0.0035822021116138636
48,-0.004110105580693857
49,-0.008408748114630438
50,-0.0023378582202110976
51,0.017345399698340924
52,-0.01033182503770741
53,-0.0015460030165911909
54,0.02401960784313728
55,0.007730015082956232
56,0.0007164404223227727
57,0.007466063348416263
58,-0.012368024132729971
59,-0.008182503770739147
60,0.006938159879336436
61,-0.007164404223227727
62,0.013989441930618352
63,-0.0018476621417798378
64,0.011689291101055765
65,-0.014253393665158376
66,-0.0010180995475113086
67,-0.000980392156862686
68,0.0105203619909503
69,0.01240573152337865
70,-0.00957767722473607
71,-0.0036953242835595645
72,-0.009125188536953266
73,-0.013725490196078383
74,0.013122171945701422
75,0.0011312217194570096
76,-0.015610859728506732
77,-0.007013574660633459
78,-0.01157616892911012
79,-0.004223227752639558
80,-0.009653092006033148
81,-0.02488687782805432
82,0.0063725490196079315
83,0.01101055806938156
84,-0.0002262443438913464
85,0.004110105580693801
86,0.005957767722473695
87,-0.0007541478129713397
88,0.0033182503770738947
89,0.002677224736048256
90,-0.0002262443438913464
91,0.009954751131221795
92,0.02341628959276021
93,0.01877828054298647
94,-0.0051659125188537325
95,0.004336349924585203
96,-0.00512820512820511
97,0.0038461538461538325
98,0.008597285067873273
99,-0.0016214177978883804
100,0.005656108597285048
101,-0.0016591251885368918
102,-0.010105580693816063
103,-0.002262443438914019
104,0.011538461538461497
105,-0.0010558069381598756
106,-0.0024132730015083426
107,0.013536953242835659
108,0.004223227752639502
109,-0.023981900452488658
110,-0.005920060331825072
111,-0.00437405731523377
112,-0.006938159879336381
113,-0.001357466063348356
114,-0.0169683257918552
115,0.010067873303167385
116,0.009803921568627416
117,0.0009426847662141746
118,-0.004223227752639447
119,-0.0036953242835595645
120,0.02503770739064859
121,-0.013650075414781249
122,-0.0049773755656108976
123,-0.004524886877828038
124,0.0015082956259426794
125,-0.011915535444947167
126,0.0105203619909503
127,0.0065233785822020884
128,-0.004675716440422362
129,0.00033936651583710287
130,0.008408748114630549
131,0.02277526395173446
132,0.006787330316742057
133,-0.0093137254901961
134,-0.001432880844645601
135,-0.009539969834087558
136,-0.008371040723981815
137,0.011689291101055765
138,-0.009162895927601722
139,-0.004449472096530904
140,-0.02756410256410252
141,0.01738310708898938
142,-0.014140271493212675
143,0.007692307692307776
144,0.021870286576168962
145,-0.008408748114630438
146,0.002865761689291202
147,0.021983408748114663
148,-0.015007541478129605
149,-0.015912518853695323
150,0.002149321266968318
151,0.021003016591251922
152,-0.006184012066365041
153,0.002413273001508287
154,-0.0013197586726998445
155,-0.002300150829562586
156,0.016817496229260986
157,-0.004600301659125228
158,0.007428355957767696
159,0.0037707390648566985
160,0.0064856711915535215
161,-0.01900452488687787
162,0.004298642533936636
163,0.005203619909502244
164,-0.0009426847662141746
165,-0.017119155354449522
166,-0.01508295625942685
167,0.0065610859728507664
168,0.022549019607843168
169,-0.02013574660633488
170,0.00011312217194558993
171,0.024095022624434415
172,0.012971342383107154
173,0.012104072398190002
174,-0.011236802413272962
175,-0.00041478129713429235
176,0.0004524886877826928
177,-0.0052413273001508665
178,-0.0024132730015083426
179,-0.0008295625942684737
180,0.00011312217194581198
181,0.004977375565610842
182,0.03141025641025641
183,-0.011387631975867174
184,-0.005618401206636536
185,0.01700603318250382
186,-0.010218702865761653
187,0.0064479638009049545
188,-0.011500754147812986
189,0.0065233785822020884
190,-0.01836349924585229
191,-0.004223227752639447
192,0.0014328808446455454
193,0.0031297134238310598
194,0.01700603318250371
195,-0.009087481146304754
196,0.0016591251885369473
197,0.006825037707390624
198,0.005316742081447945
199,-0.014027149321266918
200,-0.02164404223227756
201,-0.015346907993966818
202,0.010482654600301622
203,0.002300150829562697
204,0.01538461538461533
205,-0.002300150829562586
206,-0.002300150829562586
207,-0.010595776772247323
208,-0.0078808446455505
209,-0.006862745098039136
210,0.010444947209653055
211,-0.015309200603318196
212,-0.0019984917043741057
213,0.009577677224736125
214,0.0038838612368023995
215,-0.0078054298642534214
216,0.008974358974358942
217,0.0005656108597285048
218,-0.007013574660633459
219,-0.013989441930618352
220,0.0032051282051281937
221,-0.002187028657616885
222,-0.0033182503770738947
223,0.020852187028657654
224,0.007202111613876294
225,-0.01583710407239819
226,0.0032428355957768717
227,0.00576923076923086
228,-0.0017722473604826483
229,-0.023340874811463075
230,-0.021530920060331804
231,-3.7707390648511474e-05
232,-0.0049773755656108976
233,-0.01572398190045249
234,-0.008371040723981815
235,0.0037330316742081315
236,0.009464555052790313
237,-0.015233785822021173
238,-0.014555052790346856
239,-0.0034313725490195957
240,0.0159879336349924
241,0.0005656108597285048
242,-0.01625188536953237
243,0.006900452488687758
244,-0.022209653092006065
245,-0.012971342383107098
246,-0.004487179487179416
247,-0.012858220211161342
248,0.002752639517345501
249,-0.000980392156862686
250,0.0062217194570135526
251,0.01941930618401211
252,-0.010143288084464575
253,0.002714932126696823
254,0.002375565610859831
255,0.0015837104072398134
256,-0.010595776772247323
257,-0.01470588235294118
258,0.005241327300150811
259,-0.00011312217194570096
260,0.002413273001508287
261,-0.004336349924585203
262,0.0017722473604826483
263,0.00037707390648566985
264,-0.007088989441930704
265,-0.016289592760180938
266,0.015120663650075361
267,0.0012820512820512775
268,-0.005015082956259409
269,-0.008182503770739091
270,-0.028733031674208154
271,0.00863499245852195
272,0.0002639517345399689
273,-0.007843137254902044
274,-0.0017722473604826483
275,-0.0076168929110105865
276,0.008597285067873384
277,-0.014743589743589691
278,-0.01214177978883857
279,-0.012745098039215697
280,-0.007352941176470562
281,0.00011312217194570096
282,0.016478129713423773
283,0.00950226244343888
284,0.017797888386123617
285,0.004034690799396667
286,-0.00463800904977385
287,-0.012028657616892924
288,-0.006938159879336325
289,-0.0020361990950226727
290,-0.004336349924585203
291,-0.014592760180995479
292,-0.00644796380090501
293,0.0186274509803922
294,-0.012330316742081404
295,-0.011387631975867285
296,-0.0076168929110105865
297,-0.012518853695324239
298,-0.026621417797888347
299,-0.003921568627450911
300,0.0033936651583710287
301,-0.00512820512820511
302,0.01240573152337865
303,0.006523378582201977
304,0.015422322775264008
305,-0.0015837104072397579
306,-0.016779788838612364
307,-0.001168929110105521
308,-0.029675716440422273
309,0.008861236802413242
310,0.01451734539969829
311,-0.009841628959276094
312,-0.0004524886877828038
313,-0.005693815987933615
314,0.0003016591251886469
315,-0.009954751131221684
316,-0.0034313725490195957
317,0.0009803921568627416
318,0.012594268476621484
319,-0.0027526395173454454
320,0.008295625942684737
321,0.004298642533936636
322,-0.005693815987933615
323,0.002224736048265452
324,0.01817496229260951
325,-0.008107088989441957
326,-0.013687782805429871
327,-0.009012066365007565
328,0.006184012066365097
329,0.0032805429864253277
330,0.02613122171945692
331,3.7707390648566985e-05
332,-0.0049773755656108976
333,-0.0050904977375564875
334,0.008446455505279116
335,-0.020814479638008976
336,-0.008295625942684792
337,0.0011312217194570096
338,-0.02865761689291102
339,0.0007541478129713397
340,-0.004223227752639447
341,0.0003016591251885359
342,-0.00614630467571653
343,0.007692307692307776
344,0.0032805429864254387
345,-0.005580693815987914
346,0.003016591251885359
347,0.006711915535444923
348,0.005467571644042213
349,-0.010520361990950189
350,-0.004826546003016685
351,0.0009049773755656076
352,-0.004788838612367952
353,0.018740573152337903
354,-0.010520361990950189
355,0.01414027149321262
356,-0.003016591251885359
357,0.002714932126696934
358,0.015346907993966763
359,-0.0051659125188537325
360,-0.014404223227752644
361,0.019720965309200533
362,-0.02450980392156865
363,-0.02326546003016583
364,-0.0065233785822021995
365,-0.007918552036199122
366,0.0065610859728507664
367,0.005467571644042213
368,-0.005580693815987914
369,0.010482654600301622
370,0.011802413273001466
371,0.01651583710407245
372,-0.01070889894419308
373,0.02413273001508298
374,-0.004072398190045234
375,0.002187028657616885
376,-0.007880844645550555
377,-0.008408748114630549
378,-0.02175716440422326
379,-0.020173453996983393
380,0.006598793363499222
381,0.006033182503770718
382,-0.009125188536953266
383,-0.0064479638009049545
384,0.017307692307692246
385,0.005806938159879316
386,0.009426847662141746
387,-0.021040723981900322
388,0.01127450980392164
389,-0.009426847662141802
390,-0.01470588235294118
391,0.007126696832579271
392,-0.02326546003016594
393,-0.008748114630467596
394,3.7707390648566985e-05
395,0.011953242835595845
396,0.0031674208144796268
397,0.00889894419306192
398,-0.009200603318250344
399,0.002828054298642524
400,-0.006297134238310742
401,0.004411764705882337
402,-0.0027526395173454454
403,-0.0007164404223228282
404,-0.0006787330316742057
405,-0.01421568627450992
406,-0.01006787330316733
407,0.005542986425339347
408,0.009200603318250455
409,-0.009992458521870307
410,0.018740573152337903
411,-0.0017345399698340258
412,0.014253393665158431
413,0.014064856711915596
414,-0.021455505279034726
415,-0.027450980392156932
416,0.002526395173454099
417,-0.009653092006033148
418,-0.004185520361990935
419,0.012858220211161342
420,0.007843137254901933
421,0.006146304675716419
422,0.015460030165912575
423,0.004147812971342368
424,-0.01070889894419308
425,-0.00969079939668177
426,-0.0037707390648566985
427,-0.008521870286576139
428,0.004110105580693801
429,-0.010369532428355976
430,0.0003016591251885359
431,0.0035822021116138636
432,0.015233785822021173
433,-0.011877828054298656
434,-0.0018476621417798378
435,-0.005392156862745079
436,-0.00588235294117645
437,-0.002865761689291091
438,0.0017345399698340813
439,0.0015082956259426794
440,-0.013273001508295579
441,0.009087481146304643
442,-0.013159879336349933
443,0.004374057315233881
444,-0.009539969834087392
445,-0.007654600301659209
446,0.00018853695324294595
447,0.008597285067873384
448,0.0006033182503770718
449,0.0033936651583710287
450,-0.012631975867269996
451,0.0014328808446455454
452,0.013197586726998445
453,-0.009276018099547478
454,0.01138763197586734
455,0.012820512820512775
456,0.006033182503770718
457,-0.002526395173453988
458,0.010444947209653055
459,-0.016855203619909442
460,0.009276018099547478
461,-0.010784313725490158
462,0.01338612368024128
463,-0.01557315233785822
464,-0.00931372549019599
465,-0.011802413273001466
466,0.011349924585218663
467,-0.005090497737556543
468,0.02141779788838616
469,-0.025226244343891424
470,-0.006108597285067796
471,0.020324283559577716
472,-0.0005279034690799933
473,0.016742081447963852
474,0.020550527903469118
475,-0.0022247360482653966
476,0.011085972850678805
477,-0.007239819004524806
478,0.01451734539969829
479,0.010180995475113086
480,0.0033559577677224617
481,0.01651583710407234
482,0.004788838612368007
483,0.005995475113122262
484,0.03374811463046756
485,0.014441930618401266
486,0.011538461538461497
487,0.015460030165912464
488,-0.007767722473604799
489,-0.010558069381598811
490,0.014291101055806998
491,0.0032428355957767607
492,0.0018853695324283493
493,0.0062217194570135526
494,-0.03167420814479638
495,0.0033182503770740057
496,0.005957767722473695
497,0.00614630467571653
498,-0.006636500754147789
499,-0.007767722473604799
500,0.0063348416289593645
501,-0.007088989441930593
502,0.025565610859728527
503,-0.011312217194570151
504,-0.00995475113122174
505,0.006184012066365097
506,0.0016214177978883804
507,0.0035444947209652966
508,-0.018024132730015074
509,-0.008936651583710431
510,-0.002073906485671184
511,0.016176470588235348
512,0.007692307692307776
513,0.004562594268476716
514,0.0012066365007540325
515,0.002300150829562586
516,-0.0008672699849170962
517,-0.013159879336349933
518,0.005957767722473473
519,-0.011010558069381504
520,-0.0019984917043741057
521,0.004411764705882337
522,0.014102564102564163
523,0.003054298642533926
524,-0.008748114630467485
525,0.008672699849170407
526,0.006825037707390624
527,-0.008597285067873273
528,-0.003054298642533926
529,0.0017345399698340813
530,-0.016365007541478183
531,-0.0006787330316742057
532,-0.008107088989441957
533,0.0007164404223227727
534,0.01851432880844639
535,0.006938159879336436
536,-0.012104072398190113
537,0.007692307692307776
538,0.0017345399698340813
539,-0.019230769230769218
540,0.012669683257918618
541,0.012368024132730082
542,0.007239819004524861
543,0.003054298642534037
544,-0.020701357466063386
545,0.011425339366515797
546,0.028959276018099556
547,-0.012254901960784326
548,-0.00976621417797885
549,-0.006975867269984892
550,0.01538461538461533
551,-0.01206636500754149
552,-0.0130844645550528
553,-0.010671191553544457
554,-0.028506787330316696
555,-0.011085972850678694
556,-0.0012066365007541435
557,0.009615384615384581
558,0.00463800904977385
559,-0.00512820512820511
560,0.0031297134238310598
561,0.013197586726998445
562,-0.0002262443438913464
563,0.01327300150829569
564,-0.007051282051281971
565,0.014592760180995534
566,-0.013122171945701422
567,-0.0015460030165911909
568,0.0009803921568627416
569,0.00814479638009058
570,-0.013159879336349878
571,0.015723981900452544
572,-3.7707390648511474e-05
573,-0.0008672699849170407
574,-0.010218702865761653
575,0.007805429864253366
576,-0.00407239819004529
577,-0.019230769230769218
578,0.011990950226244301
579,0.0011689291101055765
580,0.01915535444947214
581,0.0002262443438914019
582,0.017194570135746545
583,-0.007277526395173373
584,-0.0018099547511312708
585,0.0064479638009049545
586,-0.004411764705882393
587,-0.015686274509803866
588,0.0196455505279034
589,0.004901960784313708
590,-0.02594268476621414
591,0.002601809954751122
592,0.025377073906485692
593,7.541478129702295e-05
594,-0.014177978883861186
595,0.005279034690799378
596,-0.007918552036199122
597,-0.005316742081447945
598,0.0006410256410256387
599,-0.011387631975867285
600,0.007126696832579271
601,0.005693815987933615
602,0.00950226244343888
603,-0.003280542986425272
604,-0.003846153846153888
605,0.009087481146304643
606,-0.005392156862745079
607,0.00011312217194581198
608,0.008823529411764786
609,0.02466063348416292
610,-0.003921568627451022
611,0.004034690799396667
612,-0.011349924585218663
613,0.005957767722473695
614,-0.007880844645550555
615,-0.004524886877828038
616,0.03601055806938158
617,-0.008484162895927627
618,-0.003846153846153777
619,-0.0033936651583710287
620,-0.008182503770739091
621,0.0008295625942684737
622,-0.004298642533936692
623,-0.002450980392156854
624,0.007390648567119129
625,-0.007956259426847634
626,-0.02450980392156865
627,-0.006825037707390624
628,-0.004034690799396612
629,0.007730015082956232
630,0.014555052790346856
631,-0.010558069381598811
632,-0.01794871794871794
633,0.005429864253393646
634,0.01289592760181002
635,0.007616892911010531
636,-0.006975867269984892
637,0.02439668174962295
638,-0.015686274509803866
639,-0.004072398190045123
640,0.011576168929110175
641,0.0012443438914028215
642,0.0010180995475113086
643,-0.008333333333333304
644,0.0
645,-0.017986425339366507
646,0.004487179487179471
647,0.008182503770739036
648,0.0011312217194570096
649,0.00614630467571653
650,0.020588235294117574
651,0.008785822021116219
652,0.006674208144796356
653,0.0010180995475111976
654,-0.013122171945701422
655,0.010331825037707354
656,-0.0064102564102563875
657,0.005279034690799378
658,-0.015120663650075361
659,0.021191553544494646
660,0.0031674208144796268
661,-0.011010558069381726
662,0.015799396681749678
663,-0.013800904977375628
664,0.0017345399698340813
665,-0.028846153846153855
666,0.003016591251885359
667,-0.006033182503770718
668,-0.01033182503770741
669,-0.006485671191553577
670,0.016930618401206576
671,-0.0004901960784313708
672,-0.010520361990950189
673,0.004449472096530904
674,0.016327300150829505
675,0.007164404223227727
676,-0.01006787330316733
677,0.0015460030165912464
678,-0.008220211161387603
679,0.004901960784313708
680,-0.006787330316742057
681,-0.0117647058823529
682,-0.017043740573152277
683,-0.02047511312217193
684,0.014555052790346856
685,0.0182880844645551
686,0.01500754147812966
687,-0.002262443438914019
688,0.0037707390648566985
689,-0.010633484162895945
690,0.014856711915535503
691,0.01165158371040731
692,0.008107088989441902
693,0.021681749622926128
694,-3.7707390648511474e-05
695,-0.00618401206636493
696,-0.006184012066365041
697,-0.005920060331825072
698,0.011840120663650144
699,-0.008371040723981926
700,-0.02552790346907985
701,0.0062594268476621195
702,-0.011123680241327316
703,0.007466063348416374
704,-0.0033936651583710287
705,-0.004449472096530904
706,0.024472096530919973
707,-0.007843137254901933
708,-0.009389140271493235
709,-0.011877828054298656
710,0.0008672699849170407
711,-0.0011312217194570096
712,0.01538461538461533
713,0.020852187028657654
714,-0.009841628959275983
715,0.0032805429864253277
716,0.0063725490196079315
717,0.012556561085972917
718,-0.007390648567119129
719,-0.012669683257918507
720,-0.0158748114630467
721,0.0033559577677224617
722,0.00750377073906483
723,0.005128205128205221
724,0.006033182503770718
725,-0.004411764705882282
726,-0.007730015082956232
727,-0.0051659125188537325
728,0.004487179487179471
729,-0.021304675716440402
730,0.020663650075414708
731,0.008408748114630549
732,0.008974358974359053
733,-0.006297134238310742
734,-0.0092006033182504
735,0.0009426847662141746
736,-0.004562594268476605
737,-0.01625188536953237
738,0.006787330316742057
739,0.01662895927601815
740,0.009728506787330393
741,0.013687782805429816
742,0.020814479638008976
743,0.0006787330316742057
744,0.01776018099547516
745,-0.010784313725490158
746,-0.016855203619909498
747,0.00614630467571653
748,-0.008597285067873273
749,-0.00550527903469078
750,0.004223227752639502
751,-0.011500754147812986
752,-0.013763197586727005
753,-0.004487179487179527
754,-0.003016591251885359
755,-0.007277526395173428
756,0.010822021116138725
757,-0.0002262443438913464
758,0.012104072398190002
759,0.017722473604826594
760,0.0034313725490195957
761,0.00199849170437405
762,-0.010369532428355976
763,-0.002111613876319751
764,-0.004185520361990991
765,0.00426093514328818
766,0.002564102564102666
767,0.012179487179487136
768,-0.011161387631975828
769,0.0004901960784314818
770,0.006184012066364986
771,0.01025641025641022
772,0.009954751131221795
773,-0.004223227752639558
774,0.008295625942684737
775,-0.012631975867269996
776,0.023717948717948745
777,0.002413273001508287
778,-0.004901960784313708
779,-0.021040723981900322
780,-0.01206636500754149
781,0.011312217194570096
782,0.009917043740573117
783,-0.019570135746606376
784,0.004336349924585203
785,-0.00237556561085972
786,-0.00780542986425331
787,0.00976621417797896
788,0.00041478129713423684
789,-0.006975867269984892
790,-0.01662895927601804
791,0.0033182503770738947
792,-0.0036199095022624306
793,0.008107088989441902
794,0.007993966817496312
795,0.0013574660633484115
796,0.007767722473604799
797,0.010595776772247323
798,0.007767722473604799
799,0.009954751131221795
800,-0.002903469079939658
801,0.0062594268476621195
802,-0.015723981900452433
803,0.01240573152337865
804,0.010482654600301733
805,-0.02503770739064859
806,0.004713423831070873
807,0.01089743589743597
808,-0.0018853695324283493
809,0.006184012066365097
810,0.02390648567119158
811,-0.016365007541478183
812,-0.020324283559577716
813,-0.0013197586726998445
814,0.006711915535444923
815,0.01677978883861242
816,0.017571644042232326
817,0.017081447963800955
818,0.0006410256410256387
819,-0.006711915535445034
820,0.0010935143288084426
821,-0.026093514328808465
822,0.009238310708898911
823,-0.0020361990950226727
824,0.0012066365007541435
825,0.0031674208144796268
826,0.007692307692307665
827,0.01489441930618396
828,0.013725490196078494
829,0.004298642533936636
830,0.007352941176470562
831,-0.009653092006033148
832,-0.001470588235294168
833,-0.01983408748114629
834,-0.008408748114630549
835,0.006146304675716419
836,0.0033936651583710287
837,-0.010633484162895834
838,0.006749622926093601
839,0.008295625942684737
840,0.01338612368024128
841,0.008785822021116108
842,0.017609351432880893
843,-0.003846153846153888
844,-0.0278280542986426
845,0.0019230769230769162
846,0.008898944193061809
847,-0.004788838612368063
848,-0.0038084464555052655
849,0.005392156862745079
850,0.009954751131221795
851,0.0062217194570135526
852,0.004524886877828038
853,-0.002300150829562586
854,-0.017458521870286625
855,-0.017043740573152277
856,0.004675716440422306
857,-0.00237556561085972
858,0.0038461538461538325
859,0.011312217194570096
860,-0.0024132730015083426
861,-0.0038838612368023995
862,-0.01726998491704379
863,-0.0065233785822021995
864,0.021078431372549056
865,0.00033936651583710287
866,0.020475113122171984
867,-0.0019230769230769162
868,-0.005618401206636536
869,0.02515082956259429
870,-0.019796380090497723
871,0.01074660633484159
872,-0.004449472096531015
873,-0.012631975867269996
874,0.00901206636500762
875,-0.016289592760180993
876,-3.7707390648622496e-05
877,0.0016591251885369473
878,0.013687782805429927
879,0.010784313725490158
880,-0.001168929110105521
881,0.007390648567119129
882,0.01025641025641022
883,0.015120663650075361
884,-0.01911764705882346
885,-0.0007918552036198512
886,0.014705882352941124
887,-0.019909502262443424
888,0.008031674208144768
889,0.011085972850678805
890,0.018250377073906532
891,-0.009125188536953155
892,0.00237556561085972
893,-0.004110105580693857
894,0.006787330316742057
895,0.008559577677224706
896,0.002111613876319751
897,-0.004939668174962275
898,-0.00369532428355962
899,-0.0010558069381598756
900,0.02100301659125181
901,-0.021078431372549056
902,-0.0019230769230769162
903,-0.020739064856711897
904,-0.009351432880844612
905,-0.007352941176470562
906,-0.0049773755656108976
907,-0.009012066365007565
908,0.009049773755656076
909,0.002149321266968318
910,0.0079939668174962
911,-0.004562594268476605
912,0.0066365007541479
913,0.020098039215686314
914,0.002111613876319751
915,-0.0009426847662141746
916,-0.0008672699849170407
917,0.013310708898944146
918,0.00863499245852195
919,-0.015384615384615385
920,0.01225490196078427
921,-0.009351432880844723
922,0.00976621417797896
923,-0.007767722473604799
924,0.0007918552036199067
925,-0.026621417797888458
926,0.004449472096531015
927,0.014027149321266918
928,0.005580693815987914
929,0.00976621417797896
930,-0.0019607843137254832
931,-0.003733031674208187
932,0.016742081447963852
933,-0.0024132730015082315
934,-0.009992458521870307
935,0.002639517345399689
936,-0.014932126696832637
937,-0.007730015082956232
938,-0.011048265460030238
939,-0.011802413273001466
940,0.009803921568627416
941,0.002149321266968429
942,-0.008785822021116108
943,0.01613876319758678
944,-0.0004147812971341813
945,0.022058823529411797
946,-0.030392156862745046
947,0.004411764705882337
948,-0.009125188536953266
949,-0.012254901960784326
950,0.023491704374057343
951,-0.0007164404223228282
952,-0.0013951734539969785
953,-0.007126696832579216
954,0.009803921568627416
955,-0.0076923076923077205
956,0.01764705882352935
957,-0.009200603318250344
958,-0.00331825037707395
959,0.006787330316742057
960,0.002224736048265452
961,-0.010595776772247434
962,-0.01938159879336354
963,0.012669683257918507
964,-0.006749622926093546
965,0.0036199095022624306
966,0.0016968325791855143
967,-0.018363499245852177
968,-0.014969834087481149
969,0.012179487179487247
970,-0.006598793363499222
971,0.011538461538461497
972,-0.022247360482654577
973,0.013122171945701422
974,-0.005995475113122206
975,-0.008408748114630438
976,-0.011500754147812986
977,0.018061840120663586
978,-0.015686274509803866
979,-0.003016591251885359
980,0.01478129713423837
981,-0.0039969834087481
982,0.004223227752639502
983,-0.010746606334841646
984,-0.015120663650075361
985,0.007579185520361964
986,0.004600301659125172
987,0.0064102564102563875
988,0.021681749622926128
989,0.021078431372549056
990,-0.006787330316742057
991,0.013461538461538525
992,-0.012971342383107098
993,-0.018024132730015074
994,0.01063348416289589
995,-0.021153846153846134
996,0.010369532428355921
997,-0.0025641025641026105
998,0.007730015082956232
999,0.013612368024132682
1000,-0.009992458521870307
1001,0.0009049773755656076
1002,-0.001357466063348356
1003,-0.011312217194570151
1004,-0.010633484162895945
1005,-0.0003016591251885359
1006,-0.00995475113122174
1007,0.018174962292609287
1008,-0.002714932126696823
1009,-0.013612368024132682
1010,-0.008597285067873384
1011,-0.0037707390648566985
1012,0.022812971342383137
1013,-0.031485671191553544
1014,0.0032428355957767607
1015,-0.035520361990950156
1016,0.002337858220211042
1017,0.012594268476621484
1018,0.0034313725490197067
1019,-0.02198340874811472
1020,-0.006900452488687758
1021,0.002262443438914019
1022,-0.002450980392156854
1023,0.010444947209653055
1024,-0.0003016591251885359
1025,-0.003054298642533926
1026,0.002564102564102666
1027,0.011915535444947278
1028,0.00912518853695321
1029,-0.0015460030165911909
1030,-0.010218702865761653
1031,-0.005580693815988025
1032,-0.008484162895927627
1033,0.013273001508295579
1034,0.0009426847662141746
1035,0.004788838612368007
1036,0.005731523378582182
1037,-0.003016591251885359
1038,0.0065610859728507664
1039,-0.0021493212669682626
1040,-0.0018853695324283493
1041,-0.0015082956259426794
1042,-0.009389140271493235
1043,-0.004449472096531015
1044,0.006108597285067852
1045,0.007466063348416374
1046,0.011538461538461497
1047,-0.0184012066365008
1048,0.004675716440422306
1049,0.007277526395173539
1050,0.005392156862745079
1051,0.020852187028657654
1052,-0.006146304675716419
1053,0.0195324283559577
1054,0.010935143288084426
1055,0.00588235294117645
1056,-0.00275263951734539
1057,-0.012594268476621429
1058,0.009841628959275983
1059,0.002790346907993957
1060,0.012594268476621484
1061,0.004298642533936636
1062,0.00976621417797896
1063,0.014479638009049833
1064,0.0033182503770737837
1065,-0.019683257918551966
1066,-0.015045248868778338
1067,0.015422322775264008
1068,0.002262443438914019
1069,-0.009690799396681826
1070,-0.007051282051282082
1071,0.006787330316742057
1072,-0.025226244343891424
1073,-0.007164404223227727
1074,-0.029675716440422273
1075,0.014366515837104021
1076,-0.014668174962292668
1077,0.02179487179487183
1078,-0.01282051282051283
1079,-0.0019230769230769162
1080,0.00463800904977385
1081,-0.004336349924585203
1082,0.008069381598793446
1083,0.002262443438914019
1084,0.004411764705882337
1085,0.0002262443438914019
1086,-0.010595776772247323
1087,-0.004638009049773739
1088,-0.006674208144796412
1089,0.0002262443438914019
1090,0.012858220211161342
1091,-0.0049773755656108976
1092,0.0007164404223227727
1093,-0.009502262443438936
1094,0.002262443438914019
1095,0.01840120663650069
1096,0.012179487179487247
1097,-0.0032051282051281937
1098,0.004336349924585203
1099,0.017609351432880893
1100,0.002111613876319751
1101,7.541478129713397e-05
1102,-0.018552036199094957
1103,-0.014894419306184015
1104,0.0016968325791855143
1105,-0.010935143288084481
1106,0.00512820512820511
1107,0.015422322775264008
1108,-0.018438914027149367
1109,0.0018853695324283493
1110,-0.007088989441930593
1111,-0.019117647058823573
1112,-0.0015082956259426794
1113,-0.014479638009049833
1114,0.011915535444947167
1115,0.012066365007541435
1116,0.012556561085972917
1117,0.014743589743589691
1118,-0.011500754147812986
1119,-0.024472096530920084
1120,-0.011387631975867174
1121,0.0014705882352941124
1122,-0.018778280542986414
1123,-0.012518853695324295
1124,0.016855203619909553
1125,-0.008371040723981815
1126,0.012481146304675672
1127,-0.0021493212669682626
1128,-0.009238310708898967
1129,0.014291101055806887
1130,0.004487179487179471
1131,-0.003054298642533926
1132,-0.002564102564102555
1133,0.002677224736048256
1134,0.019909502262443368
1135,0.004524886877828038
1136,0.011840120663650144
1137,0.01726998491704368
1138,-0.03442684766214166
1139,-0.00855957767722465
1140,-0.016402714932126694
1141,0.003092006033182493
1142,7.541478129702295e-05
1143,-0.004675716440422362
1144,0.016101055806938214
1145,-0.0031674208144795712
1146,-0.007541478129713397
1147,-0.0037707390648566985
1148,0.005429864253393646
1149,0.0002262443438914019
1150,0.0033182503770740057
1151,0.011199095022624506
1152,0.0012820512820512775
1153,0.008031674208144879
1154,0.01700603318250371
1155,-0.013650075414781249
1156,-0.012104072398190002
1157,-0.010935143288084481
1158,0.0015082956259426794
1159,0.0004901960784313708
1160,-0.006070889894419285
1161,0.004524886877828038
1162,0.002413273001508287
1163,-0.010520361990950189
1164,-0.003883861236802455
1165,0.0013574660633484115
1166,-0.010595776772247323
1167,-0.002639517345399689
1168,0.0015082956259426794
1169,-0.004562594268476605
1170,-0.007202111613876294
1171,-0.005203619909502244
1172,0.00588235294117645
1173,-0.016817496229260875
1174,-0.008521870286576139
1175,-0.002450980392156854
1176,0.019720965309200533
1177,-0.012745098039215697
1178,7.541478129702295e-05
1179,0.0064479638009049545
1180,0.014781297134238258
1181,0.012066365007541435
1182,-0.0062594268476621195
1183,0.0002639517345399689
1184,-0.008107088989441957
1185,-0.007843137254902044
1186,0.0013574660633485225
1187,0.002262443438914019
1188,0.002526395173453988
1189,-0.002488687782805421
1190,-0.013084464555052744
1191,-0.009012066365007565
1192,-0.003921568627451022
1193,0.0004524886877826928
1194,0.0003016591251885359
1195,-0.006146304675716419
1196,-0.012556561085972806
1197,0.01165158371040731
1198,0.010482654600301622
1199,0.00927601809954759
1200,-0.02175716440422326
1201,0.022096530920060364
1202,0.018966817496229305
1203,0.01425339366515832
1204,0.00550527903469078
1205,0.0039969834087481
1206,-0.004524886877828038
1207,-0.004939668174962331
1208,-0.002337858220211153
1209,-0.010256410256410387
1210,-0.013725490196078438
1211,0.004939668174962275
1212,-0.0023378582202110976
1213,-0.0004524886877827483
1214,-0.00550527903469078
1215,-0.017458521870286625
1216,-0.0026018099547510665
1217,-0.017873303167420862
1218,0.026395173453997
1219,-0.007277526395173539
1220,-0.0002262443438913464
1221,0.003092006033182493
1222,-0.018853695324283548
1223,0.024208144796380004
1224,0.009803921568627416
1225,-0.0004524886877827483
1226,0.02164404223227756
1227,-0.0029411764705882804
1228,0.017496229260935192
1229,0.007503770739064941
1230,-0.01738310708898938
1231,-0.003921568627451022
1232,-0.011877828054298656
1233,-0.008898944193061809
1234,-0.0007541478129713397
1235,-0.024698340874811486
1236,0.005467571644042213
1237,0.0006033182503770718
1238,0.0008295625942685847
1239,0.002413273001508287
1240,-0.011802413273001577
1241,0.011915535444947167
1242,-0.008031674208144768
1243,0.013084464555052855
1244,-0.015196078431372606
1245,0.0032428355957768717
1246,0.00901206636500762
1247,-0.01659125188536953
1248,-0.00901206636500751
1249,0.0065233785822020884
1250,0.01628959276018105
1251,0.025980392156862764
1252,0.009917043740573228
1253,-0.011048265460030238
1254,0.013235294117647012
1255,0.006787330316742057
1256,-0.002828054298642524
1257,-0.019532428355957643
1258,-0.0031674208144796823
1259,0.0105203619909503
1260,0.026432880844645568
1261,-0.005618401206636536
1262,0.012594268476621484
1263,-0.014140271493212675
1264,0.008446455505279116
1265,-0.0002262443438913464
1266,-0.004826546003016574
1267,0.00912518853695321
1268,-0.008295625942684792
1269,-0.002450980392156854
1270,-0.003016591251885359
1271,-0.006184012066365041
1272,-0.0004901960784314263
1273,0.0062594268476621195
1274,0.019457013574660675
1275,0.0066365007541479
1276,-0.010180995475113142
1277,0.004826546003016574
1278,0.010859728506787292
1279,-0.013612368024132682
1280,-0.002488687782805421
1281,-0.007428355957767752
1282,0.0019230769230770273
1283,0.013084464555052855
1284,-0.011349924585218663
1285,0.009162895927601888
1286,0.020060331825037747
1287,-0.005806938159879371
1288,-0.011538461538461497
1289,0.016742081447963852
1290,0.027488687782805443
1291,-0.017797888386123673
1292,-0.00588235294117645
1293,-0.008521870286576139
1294,-0.006372549019607876
1295,-0.000980392156862686
1296,0.004223227752639502
1297,0.013914027149321329
1298,-0.0078054298642534214
1299,0.0032051282051281937
1300,0.008597285067873273
1301,-0.013310708898944201
1302,0.002262443438914019
1303,-0.0015460030165911909
1304,-0.0010180995475113086
1305,-0.007993966817496145
1306,-0.011463046757164363
1307,0.002149321266968318
1308,-0.008634992458521895
1309,-0.011274509803921584
1310,0.007843137254902044
1311,-0.0037707390648566985
1312,0.0006787330316743168
1313,-0.0013951734539969785
1314,-0.0076923076923077205
1315,-0.030090497737556565
1316,-0.001357466063348356
1317,0.004901960784313708
1318,0.00614630467571653
1319,0.0009803921568627416
1320,-0.003355957767722517
1321,-0.014743589743589691
1322,-0.005354449472096456
1323,-0.0016591251885370029
1324,-0.004336349924585203
1325,-0.015987933634992513
1326,-0.006070889894419285
1327,0.014064856711915596
1328,0.004562594268476605
1329,0.007880844645550611
1330,-0.009012066365007565
1331,-0.012669683257918507
1332,-0.010105580693815897
1333,-0.004638009049773628
1334,0.01813725490196072
1335,-0.007466063348416374
1336,0.008031674208144768
1337,-0.011840120663650089
1338,0.013989441930618352
1339,-0.015535444947209598
1340,0.006108597285067852
1341,0.0038084464555052655
1342,-0.01244343891402716
1343,0.009276018099547478
1344,0.002601809954751122
1345,-0.007051282051282082
1346,0.006975867269984892
1347,-0.010595776772247323
1348,0.004826546003016685
1349,0.0015837104072398134
1350,-0.017194570135746545
1351,0.018476621417797934
1352,0.014177978883861297
1353,0.030090497737556676
1354,-0.010256410256410275
1355,-0.009615384615384637
1356,0.002488687782805421
1357,-0.009879336349924495
1358,0.007843137254902044
1359,0.0007164404223227727
1360,0.00965309200603326
1361,0.005316742081448056
1362,-0.003016591251885359
1363,-0.039932126696832604
1364,-0.01821266968325791
1365,-0.002677224736048256
1366,-0.023378582202111586
1367,0.020211161387631904
1368,0.00475113122171944
1369,0.021116138763197623
1370,-0.012669683257918507
1371,0.00938914027149329
1372,0.007013574660633459
1373,-0.010784313725490158
1374,-0.002111613876319751
1375,0.01662895927601804
1376,-0.01983408748114629
1377,-0.0062217194570135526
1378,0.009803921568627416
1379,0.015460030165912464
1380,-0.014969834087481093
1381,-0.01934389140271492
1382,-0.0019607843137254832
1383,0.0018853695324283493
1384,-0.025603318250377094
1385,-0.011425339366515797
1386,0.016214177978883915
1387,0.0009049773755656076
1388,-0.015497737556561142
1389,0.0032805429864253277
1390,-0.016742081447963852
1391,-0.012028657616892924
1392,-0.0064479638009049545
1393,0.00033936651583710287
1394,-0.0007918552036198512
1395,0.01202865761689298
1396,-0.0026018099547510665
1397,0.017835595776772184
1398,0.005279034690799378
1399,-0.004411764705882393
1400,0.01202865761689298
1401,-0.009502262443438936
1402,-0.01576168929110111
1403,-0.011915535444947167
1404,-0.003733031674208187
1405,0.01478129713423837
1406,0.01338612368024128
1407,-0.0012066365007541435
1408,0.005316742081447945
1409,-0.004072398190045234
1410,-0.00512820512820511
1411,-0.0030920060331824373
1412,-0.005920060331824961
1413,0.015082956259426794
1414,-0.0008295625942684737
1415,0.010180995475113086
1416,-0.023717948717948745
1417,-0.002187028657616774
1418,0.0064479638009049545
1419,0.009992458521870251
1420,-0.004223227752639558
1421,0.007051282051282026
1422,-0.008408748114630549
1423,-0.0015082956259426794
1424,-0.012933634992458587
1425,-0.005731523378582237
1426,0.004713423831070873
1427,0.01289592760181002
1428,-0.013725490196078438
1429,-0.002677224736048256
1430,-0.01195324283559579
1431,-0.0004147812971341813
1432,-0.014366515837104021
1433,-0.0006410256410256387
1434,-0.0017345399698340258
1435,0.0032051282051281937
1436,0.0184012066365008
1437,0.0062971342383106865
1438,-0.005731523378582126
1439,0.00976621417797896
1440,-0.0065233785822020884
1441,0.01764705882352935
1442,-0.008898944193061809
1443,0.016930618401206687
1444,0.009351432880844723
1445,0.018438914027149256
1446,0.008785822021116108
1447,-0.0006033182503770163
1448,-0.002564102564102555
1449,-0.007767722473604799
1450,0.01176470588235301
1451,0.0062594268476621195
1452,-0.011576168929110064
1453,-0.010558069381598811
1454,0.004336349924585203
1455,0.018476621417797934
1456,0.0062971342383106865
1457,-0.0022247360482655076
1458,0.013310708898944146
1459,0.0039215686274509665
1460,-0.009539969834087447
1461,0.0007541478129713397
1462,-0.01874057315233779
1463,-0.0009049773755656632
1464,0.002413273001508287
1465,0.0016968325791855143
1466,0.0034313725490195957
1467,0.00030165912518842486
1468,-0.0032051282051281937
1469,0.0016968325791855143
1470,-0.017420814479637947
1471,0.009087481146304754
1472,0.002941176470588336
1473,-0.0063348416289593645
1474,0.014932126696832526
1475,0.008861236802413242
1476,-0.025829562594268496
1477,-0.016779788838612364
1478,-0.008107088989441957
1479,0.007579185520361964
1480,0.007088989441930704
1481,-0.031146304675716385
1482,-0.0015837104072397579
1483,-0.004487179487179527
1484,-0.007466063348416263
1485,0.002714932126696823
1486,-0.019268476621417785
1487,-0.004185520361990935
1488,-0.0003016591251885359
1489,-0.011802413273001466
1490,0.00512820512820511
1491,0.00901206636500762
1492,-0.018853695324283548
1493,0.004223227752639502
1494,0.005844645550527883
1495,-0.0011312217194570096
1496,-0.0010558069381598756
1497,-0.006485671191553466
1498,0.008069381598793446
1499,-0.0008672699849170407
1500,0.025113122171945612
1501,0.004864253393665141
1502,0.0036953242835596756
1503,0.016063348416289536
1504,0.009577677224736014
1505,0.005731523378582182
1506,0.024245852187028683
1507,-0.00969079939668177
1508,0.002564102564102666
1509,-0.0031674208144795712
1510,0.007164404223227727
1511,0.006862745098039191
1512,0.017873303167420862
1513,0.008861236802413242
1514,-0.0004901960784313708
1515,0.0064856711915535215
1516,-0.011840120663650089
1517,-0.005580693815987914
1518,-0.008257918552036225
1519,-0.012481146304675672
1520,0.0018853695324283493
1521,0.004298642533936636
1522,-0.0024132730015083426
1523,0.01478129713423837
1524,0.019494720965309353
1525,0.010708898944193135
1526,-0.011915535444947167
1527,0.004939668174962275
1528,-0.010218702865761653
1529,-0.00475113122171944
1530,0.009615384615384581
1531,0.00041478129713423684
1532,-0.0036953242835595645
1533,0.016968325791855254
1534,-0.004562594268476605
1535,0.010482654600301733
1536,-0.002111613876319751
1537,-0.004298642533936692
1538,0.007315233785822106
1539,0.0036953242835594535
1540,-0.005957767722473695
1541,-0.017307692307692357
1542,-0.01395173453996984
1543,0.002752639517345501
1544,0.0158748114630467
1545,0.012330316742081515
1546,0.010708898944193135
1547,-0.017458521870286625
1548,0.007428355957767696
1549,-0.016478129713423828
1550,-0.007088989441930704
1551,-0.01949472096530913
1552,-0.014366515837104132
1553,-0.00426093514328818
1554,-0.022926093514328783
1555,0.0035822021116138636
1556,-0.0018099547511312153
1557,-0.002828054298642524
1558,-0.0062217194570135526
1559,-0.008898944193061809
1560,-0.00550527903469078
1561,0.018740573152337903
1562,-0.005279034690799378
1563,3.7707390648566985e-05
1564,-0.0026018099547511775
1565,0.005618401206636481
1566,0.007202111613876294
1567,0.00426093514328818
1568,-0.0029034690799396023
1569,-0.0012443438914027105
1570,-0.008295625942684792
1571,0.003054298642533926
1572,-0.0075037707390648856
1573,-0.008371040723981926
1574,0.002224736048265452
1575,0.002262443438914019
1576,-0.009615384615384637
1577,-0.013536953242835603
1578,0.012217194570135814
1579,-0.02013574660633488
1580,0.0006410256410256387
1581,-0.01662895927601804
1582,-0.016289592760180993
1583,-0.00607088989441934
1584,0.011802413273001466
1585,-0.003016591251885359
1586,0.013725490196078494
1587,-0.004675716440422362
1588,-0.006033182503770718
1589,-0.0039592760180995334
1590,0.010859728506787403
1591,-0.009954751131221684
1592,0.0013574660633484115
1593,-0.022360482654600278
1594,0.018212669683257965
1595,0.005467571644042213
1596,-0.008257918552036225
1597,0.03027903469079951
1598,0.010105580693815952
1599,0.002413273001508287
1600,-0.007428355957767641
1601,0.00033936651583710287
1602,-0.01357466063348417
1603,-0.015761689291101055
1604,0.005693815987933726
1605,-0.0064479638009049545
1606,-0.013009049773755665
1607,0.012443438914027105
1608,-0.021191553544494757
1609,0.008107088989441902
1610,0.01625188536953248
1611,0.015837104072398245
1612,0.02526395173453999
1613,-0.012141779788838625
1614,-0.0018853695324283493
1615,-0.009803921568627472
1616,0.00437405731523377
1617,-0.02541478129713426
1618,-0.010558069381598811
1619,0.0004901960784314818
1620,-0.00938914027149318
1621,-0.006636500754147789
1622,0.03167420814479638
1623,-0.0027903469079939014
1624,-0.0032051282051281937
1625,0.0302790346907994
1626,-0.015346907993966763
1627,-0.006033182503770718
1628,-0.002300150829562586
1629,0.005995475113122262
1630,0.002828054298642524
1631,-0.015799396681749678
1632,0.0037330316742081315
1633,0.014819004524886936
1634,0.006598793363499333
1635,0.013989441930618352
1636,0.0035067873303167296
1637,0.003129713423831171
1638,0.006938159879336436
1639,0.017458521870286514
1640,-0.010746606334841646
1641,-0.00780542986425331
1642,-0.010294117647058787
1643,0.0010558069381599866
1644,-0.011236802413272962
1645,-0.006938159879336381
1646,-0.02839366515837105
1647,0.02213423831070893
1648,0.0062594268476621195
1649,0.00041478129713423684
1650,-0.019230769230769218
1651,-0.0006787330316742057
1652,-0.013159879336349933
1653,-0.016478129713423773
1654,0.02477375565610862
1655,-0.0020361990950226727
1656,-0.008597285067873273
1657,0.005995475113122262
1658,-0.019042232277526383
1659,-0.002450980392156854
1660,-0.0007541478129713397
1661,-0.007918552036199122
1662,-0.0029788838612367363
1663,0.009690799396681715
1664,-0.009766214177978905
1665,-0.02303921568627454
1666,-0.0009049773755656632
1667,-0.003921568627451022
1668,0.013687782805429816
1669,0.002601809954751122
1670,-0.002564102564102555
1671,0.00011312217194581198
1672,-0.012745098039215697
1673,0.01138763197586734
1674,-0.0015837104072398134
1675,-0.005203619909502244
1676,0.01138763197586734
1677,0.002941176470588336
1678,0.017307692307692357
1679,-0.03367269984917043
1680,-0.0038838612368023995
1681,0.016553544494721018
1682,-0.0063348416289592535
1683,-0.005995475113122206
1684,0.002828054298642524
1685,-0.01070889894419308
1686,-0.012669683257918507
1687,-0.009087481146304643
1688,0.0035067873303168406
1689,-0.010294117647058787
1690,-0.0033182503770738947
1691,0.007843137254901933
1692,-0.023831070889894446
1693,-0.003054298642533926
1694,0.00837104072398187
1695,-0.016063348416289536
1696,-0.007956259426847634
1697,-0.00018853695324283493
1698,0.013084464555052744
1699,0.0062594268476621195
1700,0.0105203619909503
1701,-0.0076168929110104755
1702,-0.020286576168929094
1703,-0.017986425339366452
1704,0.012443438914027105
1705,0.00463800904977385
1706,0.010708898944193135
1707,-0.0003393665158371584
1708,0.0035067873303168406
1709,0.011613876319758742
1710,-0.010294117647058787
1711,0.010558069381598756
1712,-0.007013574660633459
1713,0.0016214177978884914
1714,0.005769230769230749
1715,-0.0078054298642534214
1716,-0.002828054298642524
1717,-3.7707390648622496e-05
1718,-0.010218702865761764
1719,0.0019230769230770273
1720,0.00588235294117645
1721,0.0036953242835596756
1722,0.026319758672699867
1723,-0.018363499245852122
1724,0.007730015082956232
1725,0.008144796380090469
1726,0.017797888386123617
1727,-0.014102564102564163
1728,0.0011689291101056876
1729,-0.010030165912518818
1730,0.002413273001508287
1731,-0.012368024132729971
1732,0.01640271493212675
1733,0.0065610859728507664
1734,-0.03420060331825037
1735,-0.004110105580693857
1736,0.008295625942684737
1737,-0.018476621417797878
1738,-0.01862745098039209
1739,0.014441930618401266
1740,0.0018099547511313263
1741,-0.011726998491704443
1742,0.01240573152337865
1743,-0.009577677224736014
1744,-0.0076923076923077205
1745,0.008484162895927572
1746,0.015610859728506843
1747,0.0019230769230769162
1748,0.002865761689291091
1749,-0.02828054298642535
1750,0.02088989441930611
1751,-0.01331070889894409
1752,0.007164404223227727
1753,-0.008107088989441957
1754,0.016968325791855254
1755,-0.013800904977375517
1756,0.012179487179487247
1757,0.00874811463046754
1758,-0.0010180995475113086
1759,-0.008634992458521895
1760,-0.0019230769230769162
1761,-0.0006410256410255832
1762,-0.01082202111613878
1763,0.0033559577677224617
1764,-0.017232277526395168
1765,0.0031297134238310598
1766,0.0038084464555052655
1767,0.004788838612368007
1768,0.0062971342383106865
1769,0.015346907993966763
1770,-0.015497737556561031
1771,0.00475113122171944
1772,-0.003054298642533926
1773,0.017458521870286625
1774,-0.0019607843137254277
1775,-0.006900452488687869
1776,-7.541478129713397e-05
1777,-0.003506787330316785
1778,-0.005957767722473695
1779,-0.0004524886877827483
1780,0.003016591251885359
1781,-0.0018476621417798378
1782,-0.0008295625942684737
1783,-0.016817496229260875
1784,-0.004374057315233826
1785,0.005015082956259409
1786,0.0017722473604826483
1787,0.0017722473604825373
1788,-0.0032428355957767607
1789,0.005995475113122262
1790,-0.024434389140271462
1791,0.007956259426847634
1792,0.002262443438914019
1793,0.007202111613876405
1794,-0.0002262443438913464
1795,-0.0051659125188536215
1796,-0.011651583710407198
1797,0.007918552036199067
1798,-0.013763197586727005
1799,0.008974358974358942
1800,-0.00199849170437405
1801,0.008408748114630438
1802,0.002526395173453988
1803,-0.004487179487179527
1804,0.0039215686274509665
1805,-0.004223227752639447
1806,0.002714932126696823
1807,0.015233785822021173
1808,-0.004449472096531015
1809,-0.014969834087481149
1810,-0.006938159879336325
1811,-0.017269984917043735
1812,0.015082956259426794
1813,-0.004600301659125117
1814,-0.009841628959275983
1815,0.011236802413273073
1816,-0.0016968325791855143
1817,-0.00237556561085972
1818,-0.011161387631975828
1819,-0.014177978883861186
1820,0.019796380090497778
1821,0.007466063348416263
1822,-0.018137254901960775
1823,0.005580693815988025
1824,-0.026093514328808354
1825,-0.01395173453996984
1826,0.0036576168929109976
1827,0.002714932126696823
1828,0.002337858220211153
1829,-0.005429864253393701
1830,-0.0003393665158371584
1831,0.014366515837104132
1832,0.01225490196078427
1833,0.00550527903469078
1834,-0.0023378582202110976
1835,0.013914027149321329
1836,0.014404223227752588
1837,0.012745098039215641
1838,-0.005995475113122206
1839,-0.0017345399698340258
1840,-0.004298642533936581
1841,0.00863499245852195
1842,0.005806938159879316
1843,0.009464555052790313
1844,0.006033182503770718
1845,-0.005015082956259409
1846,0.01127450980392164
1847,-0.00863499245852184
1848,0.00874811463046754
1849,0.01726998491704379
1850,0.0013574660633484115
1851,-0.006749622926093546
1852,-0.017760180995475106
1853,0.011538461538461497
1854,0.0015082956259426794
1855,0.002978883861236792
1856,0.014479638009049833
1857,-0.026395173453997
1858,-0.0035067873303166186
1859,0.003054298642533926
1860,-0.006070889894419285
1861,0.009728506787330282
1862,0.007466063348416263
1863,0.041101055806938125
1864,-0.0010180995475113086
1865,0.011349924585218663
1866,-0.0005279034690799933
1867,0.012745098039215641
1868,-0.015648567119155354
1869,0.009615384615384581
1870,0.010407239819004488
1871,0.007126696832579271
1872,-0.013122171945701422
1873,0.007466063348416263
1874,0.0016214177978883804
1875,-0.013800904977375628
1876,0.0008672699849170407
1877,0.006674208144796356
1878,0.012820512820512775
1879,0.010444947209653055
1880,-0.021794871794871773
1881,-0.002073906485671184
1882,-0.022171945701357443
1883,-0.019683257918552077
1884,0.02526395173453999
1885,-0.014743589743589691
1886,-0.001093514328808498
1887,-0.01745852187028657
1888,0.002262443438914019
1889,0.015384615384615441
1890,-0.00426093514328818
1891,0.010784313725490158
1892,0.01776018099547505
1893,-0.009276018099547478
1894,0.012594268476621484
1895,0.0065610859728507664
1896,-0.011726998491704332
1897,-0.0002639517345399134
1898,-0.002073906485671184
1899,-0.02756410256410252
1900,-0.012254901960784326
1901,0.0002262443438914019
1902,0.0010935143288084426
1903,0.012179487179487247
1904,0.01138763197586723
1905,-0.0026018099547511775
1906,0.02379336349924588
1907,0.01591251885369538
1908,-0.0015837104072398134
1909,-0.006033182503770718
1910,0.011538461538461497
1911,0.004977375565610842
1912,0.0007541478129713397
1913,-0.005203619909502355
1914,0.007390648567119129
1915,-0.007918552036199122
1916,0.005316742081448056
1917,0.007352941176470562
1918,-0.001432880844645601
1919,7.541478129713397e-05
1920,0.01089743589743597
1921,-0.009841628959275983
1922,-0.005354449472096567
1923,-0.005015082956259409
1924,0.004939668174962275
1925,-0.017911010558069373
1926,0.002262443438914019
1927,0.013310708898944257
1928,0.00874811463046754
1929,-0.010444947209653
1930,0.002828054298642524
1931,-0.013687782805429871
1932,0.002865761689291091
1933,0.01538461538461533
1934,-0.006636500754147789
1935,-0.006787330316742057
1936,-0.017986425339366507
1937,0.022360482654600333
1938,0.01625188536953237
1939,0.017496229260935192
1940,0.0010180995475111976
1941,-0.0005279034690799933
1942,-0.0013197586726998445
1943,0.026696832579185537
1944,0.01014328808446463
1945,-0.007956259426847634
1946,0.002677224736048256
1947,0.004939668174962275
1948,-0.005618401206636536
1949,0.015497737556561031
1950,0.007315233785822106
1951,-0.016063348416289536
1952,0.0006787330316742057
1953,-0.008898944193061864
1954,-0.027865761689291113
1955,0.006146304675716419
1956,-0.006108597285067907
1957,-0.0029788838612368473
1958,-0.009615384615384637
1959,-0.002111613876319751
1960,0.009313725490196045
1961,-0.015761689291101055
1962,0.00199849170437405
1963,0.011689291101055765
1964,0.022096530920060253
1965,-0.003054298642533926
1966,-0.007202111613876294
1967,0.021078431372549056
1968,-0.010143288084464575
1969,0.0018099547511313263
1970,0.004939668174962275
1971,0.0007164404223227727
1972,-0.022549019607843113
1973,0.006825037707390624
1974,-0.007390648567119129
1975,0.010369532428355921
1976,0.00976621417797896
1977,-0.006862745098039247
1978,-0.0050527903469079205
1979,0.00011312217194570096
1980,0.015874811463046812
1981,-0.003883861236802455
1982,0.03868778280542984
1983,0.012217194570135814
1984,-0.025113122171945668
1985,-0.019343891402714974
1986,0.0015082956259426794
1987,-0.0006410256410255832
1988,-0.010595776772247434
1989,0.004411764705882337
1990,0.01138763197586734
1991,0.009313725490196045
1992,0.0005656108597285048
1993,-0.001018099547511253
1994,0.002903469079939658
1995,-0.020324283559577716
1996,-0.011840120663650089
1997,0.002941176470588336
1998,0.0064479638009049545
1999,0.0005656108597285048
2000,0.0006410256410256387
2001,-0.017043740573152444
2002,-0.009879336349924606
2003,0.0036199095022624306
2004,0.006146304675716419
2005,0.010595776772247323
2006,0.005656108597285048
2007,-0.004223227752639558
2008,0.005429864253393646
2009,0.0118778280542986
2010,0.005995475113122262
2011,-0.021606334841628938
2012,-0.008107088989441957
2013,0.005693815987933615
2014,0.0038461538461538325
2015,-0.02541478129713426
2016,0.002300150829562586
2017,0.023039215686274428
2018,0.011085972850678805
2019,-0.004600301659125228
2020,-0.001432880844645601
2021,0.0015837104072398134
2022,0.015422322775264008
2023,0.004864253393665141
2024,0.004298642533936636
2025,-0.0003393665158371584
2026,0.010671191553544568
2027,0.0017722473604826483
2028,0.01240573152337865
2029,-0.018401206636500744
2030,-0.0032428355957767607
2031,-0.003054298642533926
2032,-0.0039592760180995334
2033,0.010482654600301733
2034,0.010708898944193135
2035,-0.007541478129713397
2036,-0.011349924585218663
2037,-0.011764705882353066
2038,0.01338612368024128
2039,-0.002262443438914019
2040,0.005806938159879316
2041,-0.0012443438914027105
2042,-0.004110105580693857
2043,-0.006146304675716419
2044,-0.001055806938159931
2045,0.005693815987933615
2046,-0.01757164404223227
2047,-0.0020361990950226727
2048,-0.0051659125188536215
2049,-0.022322775263951766
2050,-0.001055806938159931
2051,-0.02895927601809961
2052,-0.0031297134238310598
2053,0.012556561085972806
2054,-0.005015082956259409
2055,0.009615384615384581
2056,-0.005316742081447945
2057,0.0005279034690799378
2058,0.0006787330316742057
2059,-0.004449472096530904
2060,-0.002073906485671184
2061,0.012292609351432837
2062,-0.019343891402714974
2063,0.004826546003016574
2064,-0.009276018099547478
2065,0.013989441930618352
2066,0.007579185520361964
2067,-0.007352941176470562
2068,-0.007164404223227727
2069,0.0036953242835595645
2070,-0.004147812971342368
2071,-0.014064856711915596
2072,-0.006749622926093546
2073,0.002677224736048256
2074,-0.004562594268476605
2075,0.01651583710407234
2076,0.007579185520361964
2077,-0.011387631975867285
2078,0.00825791855203628
2079,0.015460030165912464
2080,-0.015007541478129605
2081,0.013951734539969785
2082,0.017420814479638058
2083,-0.006975867269984892
2084,0.01764705882352935
2085,0.0032805429864252167
2086,0.010558069381598756
2087,-0.005354449472096456
2088,0.01338612368024128
2089,0.012745098039215752
2090,-0.002865761689291091
2091,-0.014592760180995423
2092,-0.0015082956259426794
2093,-0.004185520361990935
2094,-0.0010180995475113086
2095,-0.0031297134238310598
2096,0.005203619909502244
2097,0.005052790346907976
2098,-0.0035822021116138636
2099,-0.009426847662141802
2100,0.01489441930618396
2101,-0.004826546003016463
2102,0.02352941176470591
2103,0.018438914027149367
2104,0.014441930618401266
2105,-0.0027149321266967674
2106,0.009690799396681715
2107,0.006749622926093601
2108,0.002941176470588336
2109,0.00987933634992455
2110,0.010822021116138836
2111,-0.0004147812971341813
2112,-0.01734539969834087
2113,-0.004600301659125228
2114,0.0002262443438914019
2115,-0.002488687782805421
2116,0.007616892911010531
2117,0.004675716440422306
2118,-0.017684766214178027
2119,-0.006825037707390624
2120,-0.017458521870286625
2121,-0.0007918552036198512
2122,0.0036953242835595645
2123,-0.007390648567119129
2124,-0.01157616892911012
2125,-0.008107088989441957
2126,-0.007428355957767641
2127,0.0009803921568627416
2128,-0.015346907993966763
2129,0.0015837104072398134
2130,0.01689291101055801
2131,0.0063725490196079315
2132,0.0012443438914028215
2133,0.007692307692307776
2134,-0.0063348416289592535
2135,-0.001357466063348356
2136,-0.006825037707390624
2137,0.0018853695324283493
2138,-0.0051659125188536215
2139,-0.0025641025641026105
2140,-0.00331825037707395
2141,0.005806938159879316
2142,0.0033936651583710287
2143,-0.019796380090497723
2144,0.012443438914027105
2145,-0.01082202111613878
2146,-0.008371040723981815
2147,0.005165912518853677
2148,-0.004675716440422362
2149,-0.005806938159879371
2150,0.0006787330316742057
2151,-0.006787330316742057
2152,0.005618401206636481
2153,-0.0017722473604826483
2154,0.0036953242835595645
2155,0.010218702865761653
2156,-0.006636500754147789
2157,-0.008220211161387603
2158,0.002564102564102666
2159,-0.0049773755656108976
2160,-0.005618401206636425
2161,-0.040837104072398156
2162,-0.015007541478129716
2163,-0.0062594268476621195
2164,0.007880844645550611
2165,-0.013499245852187036
2166,-0.013536953242835603
2167,0.00912518853695321
2168,-0.005844645550527883
2169,-0.013122171945701422
2170,-0.011236802413273073
2171,0.007013574660633459
2172,0.01165158371040731
2173,-0.003054298642533926
2174,0.018099547511312264
2175,0.004411764705882337
2176,0.0064102564102563875
2177,0.007616892911010531
2178,0.03137254901960784
2179,-0.016289592760180938
2180,-0.004336349924585203
2181,-0.018514328808446445
2182,-0.00995475113122174
2183,-0.005542986425339291
2184,0.022473604826545923
2185,0.015460030165912464
2186,0.0017722473604826483
2187,-0.003657616892910942
2188,-0.0013197586726998445
2189,-0.002714932126696823
2190,0.007126696832579271
2191,-0.0052413273001508665
2192,-0.019117647058823628
2193,-0.010558069381598811
2194,-0.0076168929110105865
2195,-0.004185520361990935
2196,-0.02175716440422315
2197,-0.023001508295625916
2198,-0.011236802413272962
2199,0.01666666666666672
2200,-0.00882352941176473
2201,0.0186274509803922
2202,-0.017873303167420862
2203,-0.0008295625942684182
2204,-0.0024132730015083426
2205,0.0037707390648566985
2206,0.02315233785822024
2207,0.007616892911010531
2208,0.019796380090497778
2209,-0.010369532428355976
2210,-0.0022247360482655076
2211,0.015987933634992513
2212,-0.014743589743589691
2213,-0.012028657616892924
2214,-0.007843137254901877
2215,-0.0017722473604825928
2216,-0.014366515837104021
2217,0.01776018099547505
2218,-0.008974358974358942
2219,-0.0005279034690799933
2220,0.0158748114630467
2221,-0.008484162895927627
2222,0.016214177978883915
2223,-0.0027903469079940124
2224,-0.0015082956259426794
2225,0.0198717948717948
2226,-0.010294117647058787
2227,-0.010143288084464575
2228,-0.0031674208144796823
2229,-0.009653092006033148
2230,-0.00015082956259421243
2231,-0.00882352941176473
2232,0.0010935143288084426
2233,-0.018363499245852177
2234,0.007428355957767696
2235,-0.010369532428355976
2236,0.004072398190045234
2237,0.010859728506787403
2238,-0.010444947209653
2239,-0.0013951734539969785
2240,0.01214177978883868
2241,-0.016176470588235348
2242,-0.011651583710407254
2243,0.002300150829562586
2244,-0.008748114630467485
2245,-0.007352941176470562
2246,-0.00588235294117645
2247,0.009238310708898911
2248,-0.00018853695324283493
2249,0.0037330316742081315
2250,0.013838612368024195
2251,-0.0032428355957767607
2252,0.009690799396681715
2253,-0.005731523378582237
2254,0.002978883861236792
2255,0.0006787330316743168
2256,0.013574660633484115
2257,-0.010897435897435859
2258,0.005769230769230749
2259,-0.003355957767722406
2260,0.003092006033182604
2261,0.004939668174962275
2262,0.01349924585218698
2263,-0.0007164404223228282
2264,0.002941176470588336
2265,-0.016666666666666663
2266,-0.02782805429864249
2267,0.0012443438914027105
2268,0.0002639517345399689
2269,0.00938914027149329
2270,0.002262443438914019
2271,0.01074660633484159
2272,-0.0076168929110104755
2273,0.0065233785822020884
2274,0.02175716440422326
2275,0.00015082956259426794
2276,-0.011689291101055821
2277,-0.007730015082956232
2278,0.015497737556561031
2279,-0.007315233785822051
2280,0.002564102564102666
2281,0.01101055806938167
2282,-0.0049773755656107865
2283,0.005090497737556543
2284,0.008295625942684737
2285,0.0062971342383107975
2286,0.0
2287,0.007126696832579271
2288,-0.0032051282051281937
2289,-0.01119909502262445
2290,0.0015082956259426794
2291,-0.010105580693815952
2292,-0.0015082956259426794
2293,0.002187028657616885
2294,-0.004336349924585203
2295,0.009615384615384581
2296,-0.013461538461538414
2297,0.013348416289592824
2298,-0.001432880844645601
2299,0.016440422322775206
2300,3.7707390648566985e-05
2301,-0.0010558069381598756
2302,-0.006070889894419285
2303,-0.022737556561085948
2304,0.0065233785822020884
2305,-0.0013951734539969785
2306,0.01813725490196072
2307,0.005279034690799378
2308,-0.00969079939668166
2309,-0.008182503770739091
2310,-0.003054298642533926
2311,-0.0002639517345399134
2312,0.0186274509803922
2313,-0.006146304675716419
2314,-0.002526395173453988
2315,-0.0051659125188536215
2316,0.00863499245852184
2317,0.004788838612368007
2318,-0.005316742081447945
2319,0.014743589743589691
2320,0.006070889894419396
2321,-0.016176470588235237
2322,3.7707390648566985e-05
2323,-3.7707390648511474e-05
2324,-0.011387631975867174
2325,0.005656108597285048
2326,0.0036199095022624306
2327,-0.0105580693815987
2328,0.00475113122171944
2329,-0.002337858220211153
2330,-0.011463046757164419
2331,-0.0009803921568627971
2332,-0.004524886877827983
2333,-0.00957767722473607
2334,-0.005429864253393701
2335,0.004600301659125172
2336,0.00037707390648566985
2337,0.0005656108597285048
2338,-0.0005279034690799933
2339,-0.009539969834087558
2340,0.0005279034690799378
2341,0.007428355957767696
2342,-0.02526395173453999
2343,0.0034313725490195957
2344,0.007277526395173539
2345,0.013423831070889847
2346,-0.016176470588235348
2347,-0.0017722473604825928
2348,0.010784313725490158
2349,0.008484162895927572
2350,-0.002300150829562586
2351,0.0035067873303167296
2352,0.004072398190045345
2353,-0.00018853695324283493
2354,0.020211161387632015
2355,0.020550527903469118
2356,-0.008295625942684792
2357,-0.0018853695324283493
2358,-0.005090497737556543
2359,-0.0019230769230769162
2360,-0.012179487179487136
2361,0.01640271493212675
2362,0.0017345399698341923
2363,-0.0036199095022624306
2364,0.004110105580693801
2365,-0.005995475113122206
2366,0.004977375565610842
2367,0.002903469079939547
2368,0.015987933634992513
2369,0.004562594268476605
2370,-0.018250377073906532
2371,0.0012820512820512775
2372,-0.007466063348416263
2373,0.0010558069381598756
2374,-0.004638009049773628
2375,0.020814479638009087
2376,0.015497737556561031
2377,-0.01738310708898938
2378,-0.024698340874811486
2379,0.008861236802413242
2380,-0.010897435897435914
2381,-0.009351432880844612
2382,0.016553544494721018
2383,0.004034690799396667
2384,-0.010897435897435914
2385,0.007013574660633459
2386,0.02213423831070893
2387,0.002828054298642524
2388,0.002262443438914019
2389,-0.011463046757164419
2390,-0.0035822021116138636
2391,0.008182503770739036
2392,0.002677224736048256
2393,0.007541478129713286
2394,0.01376319758672695
2395,0.0019607843137255943
2396,-0.011199095022624339
2397,-0.0027149321266967674
2398,0.01478129713423837
2399,-0.010897435897435859
2400,-0.005693815987933615
2401,0.0036576168929109976
2402,-0.01508295625942685
2403,0.014215686274509864
2404,0.009577677224736125
2405,-0.001470588235294168
2406,0.00550527903469078
2407,0.006787330316742057
2408,0.010218702865761653
2409,0.016478129713423773
2410,0.013461538461538525
2411,-0.014102564102564163
2412,0.021832579185520395
2413,0.01576168929110111
2414,-0.0024132730015082315
2415,0.009200603318250344
2416,0.014102564102564163
2417,-0.013725490196078438
2418,-0.0012443438914027105
2419,0.005806938159879316
2420,0.005354449472096512
2421,0.01365007541478136
2422,0.0004901960784313708
2423,-0.0002639517345399689
2424,0.008069381598793446
2425,-0.004638009049773739
2426,-0.006146304675716419
2427,-0.013310708898944257
2428,-0.0003016591251885359
2429,0.024585218702865785
2430,0.012669683257918507
2431,0.014856711915535503
2432,0.0033559577677224617
2433,-0.005806938159879371
2434,0.007918552036199067
2435,0.002300150829562586
2436,-0.0017345399698340258
2437,0.005429864253393646
2438,-0.008559577677224761
2439,0.017307692307692357
2440,0.009351432880844723
2441,0.016855203619909442
2442,-0.017496229260935192
2443,0.0009803921568627416
2444,0.023303167420814508
2445,0.017194570135746545
2446,-0.010256410256410164
2447,-0.012217194570135759
2448,-0.016855203619909498
2449,0.02164404223227756
2450,-0.0011312217194570096
2451,-0.015120663650075361
2452,0.015460030165912464
2453,0.018815987933635037
2454,-0.0031297134238310598
2455,-0.01949472096530913
2456,-0.006749622926093546
2457,-0.04340120663650071
2458,-0.01444193061840121
2459,-0.007013574660633459
2460,0.010859728506787292
2461,0.004298642533936636
2462,-0.01270739064856713
2463,-0.0039592760180995334
2464,0.0063725490196078205
2465,-0.01583710407239819
2466,0.001960784313725372
2467,-0.0035822021116138636
2468,0.01791101055806943
2469,0.0033559577677224617
2470,0.013574660633484115
2471,-0.015384615384615385
2472,0.005203619909502355
2473,0.0063348416289592535
2474,0.006636500754147789
2475,-0.0117647058823529
2476,-0.0021870286576169407
2477,0.006033182503770718
2478,-0.02243589743589741
2479,0.012556561085972917
2480,-0.0016591251885370029
2481,-0.003016591251885359
2482,-0.008295625942684792
2483,-0.01214177978883857
2484,0.0036953242835596756
2485,-0.00576923076923086
2486,-0.01108597285067875
2487,0.008974358974359053
2488,-0.011840120663650089
2489,-0.0022247360482655076
2490,-0.010294117647058731
2491,-0.010218702865761653
2492,-0.0039969834087481
2493,0.0011312217194570096
2494,-0.0038084464555052655
2495,-0.010482654600301622
2496,-0.008144796380090469
2497,0.007202111613876294
2498,0.004223227752639502
2499,-0.010671191553544401
2500,0.008559577677224706
2501,0.0019230769230769162
2502,0.002149321266968318
2503,-0.0017722473604825928
2504,0.0031674208144796268
2505,0.0016591251885369473
2506,-0.006636500754147789
2507,0.008220211161387714
2508,0.009841628959275983
2509,0.011199095022624506
2510,-0.0037707390648566985
2511,-0.014592760180995423
2512,0.006033182503770718
2513,0.0008295625942683627
2514,-0.006938159879336381
2515,0.0008295625942684737
2516,-0.0016591251885370029
2517,-0.005618401206636536
2518,0.012066365007541435
2519,0.0005279034690799378
2520,-0.02319004524886875
2521,-0.0035067873303166186
2522,0.005844645550527883
2523,0.00825791855203617
2524,-0.02100301659125181
2525,-0.0037707390648566985
2526,-0.014856711915535503
2527,0.010822021116138836
2528,-0.015535444947209653
2529,-0.0004901960784313708
2530,-0.01383861236802425
2531,-0.0198717948717948
2532,-0.008597285067873273
2533,-0.014932126696832637
2534,-0.0002639517345399134
2535,-0.0039592760180995334
2536,-0.006862745098039247
2537,0.009426847662141746
2538,0.011613876319758631
2539,-0.024245852187028627
2540,0.00199849170437405
2541,0.01904223227752644
2542,-0.015309200603318196
2543,-0.003657616892910942
2544,0.01289592760181002
2545,0.014668174962292668
2546,-0.00957767722473607
2547,0.011199095022624506
2548,-0.009766214177978905
2549,-0.005316742081447945
2550,0.010671191553544457
2551,0.007541478129713397
2552,0.017571644042232215
2553,-0.0093137254901961
2554,-0.009803921568627472
2555,0.02039969834087474
2556,0.014819004524886936
2557,0.008408748114630549
2558,0.032315233785821906
2559,0.002752639517345501
2560,0.021455505279034726
2561,-0.007164404223227727
2562,0.00588235294117645
2563,-0.013046757164404177
2564,0.006938159879336325
2565,0.0033182503770738947
2566,0.013951734539969785
2567,0.011312217194570096
2568,-0.004298642533936692
2569,-0.004562594268476605
2570,-0.016666666666666663
2571,0.0018853695324283493
2572,-0.007239819004524917
2573,-0.009502262443438936
2574,0.002564102564102666
2575,0.0013574660633484115
2576,-0.012556561085972806
2577,0.01862745098039209
2578,0.0035822021116138636
2579,-0.011236802413273073
2580,-0.003544494720965352
2581,-0.01357466063348406
2582,0.01651583710407234
2583,0.009615384615384581
2584,0.013461538461538525
2585,-0.011689291101055821
2586,0.00199849170437405
2587,0.007428355957767696
2588,0.017797888386123617
2589,0.007315233785822106
2590,0.0009803921568627416
2591,0.005467571644042213
2592,0.01425339366515832
2593,-0.009162895927601777
2594,0.012933634992458476
2595,-0.0170814479638009
2596,0.014705882352941124
2597,-0.014291101055806998
2598,0.005392156862745079
2599,0.02515082956259429
2600,0.005165912518853788
2601,-0.020814479638008976
2602,-0.005844645550527883
2603,-0.0064479638009049545
2604,0.0014328808446455454
2605,0.007088989441930704
2606,-0.015723981900452433
2607,0.004260935143288069
2608,-0.006146304675716419
2609,-0.0092006033182504
2610,-0.016063348416289536
2611,0.0015460030165913574
2612,0.002337858220211042
2613,0.002865761689291202
2614,0.01700603318250382
2615,-0.012104072398190002
2616,-0.012556561085972917
2617,-0.006825037707390624
2618,0.008031674208144768
2619,-0.007051282051282082
2620,-0.006146304675716419
2621,-0.009992458521870307
2622,0.0034690799396681626
2623,-0.007956259426847634
2624,-0.005882352941176505
2625,0.014932126696832526
2626,0.013574660633484115
2627,7.541478129713397e-05
2628,-0.004336349924585203
2629,-0.0062217194570135526
2630,-0.009539969834087558
2631,0.006749622926093601
2632,0.005279034690799378
2633,0.01014328808446463
2634,0.01451734539969829
2635,0.009917043740573228
2636,0.007767722473604799
2637,-0.018401206636500744
2638,-0.012971342383107043
2639,-0.009276018099547478
2640,0.0017345399698340813
2641,-0.02752639517345401
2642,-0.015912518853695434
2643,-0.02213423831070893
2644,-0.014404223227752588
2645,0.005618401206636481
2646,0.0038461538461538325
2647,-0.024585218702865674
2648,0.010708898944193135
2649,0.007202111613876405
2650,0.0005656108597285048
2651,0.011726998491704332
2652,-0.026244343891402788
2653,0.002601809954751122
2654,-0.014215686274509809
2655,0.014932126696832526
2656,-0.015045248868778338
2657,0.0002262443438914019
2658,0.02375565610859731
2659,0.010369532428355921
2660,-0.0024132730015083426
2661,0.007918552036199067
2662,-0.019947209653092046
2663,-0.00931372549019599
2664,-0.004110105580693857
2665,-0.002300150829562586
2666,0.013197586726998445
2667,-0.008295625942684792
2668,0.0004901960784313708
2669,-0.005731523378582126
2670,0.009313725490196045
2671,-0.014253393665158265
2672,-0.0033182503770738947
2673,-0.002639517345399689
2674,0.0013197586726998445
2675,0.01074660633484159
2676,-0.010482654600301622
2677,-0.010482654600301566
2678,0.005920060331825017
2679,-0.007315233785822051
2680,-0.014856711915535392
2681,0.0010558069381598756
2682,0.018363499245852233
2683,0.002828054298642524
2684,0.01112368024132726
2685,-0.0016968325791855143
2686,0.025980392156862764
2687,0.009351432880844612
2688,3.7707390648566985e-05
2689,0.004034690799396667
2690,0.004411764705882337
2691,-0.014969834087481149
2692,-0.0020361990950226727
2693,-0.015196078431372606
2694,-0.010859728506787292
2695,-0.014215686274509809
2696,-0.0092006033182504
2697,-0.0051659125188537325
2698,0.008333333333333415
2699,-0.004939668174962275
2700,0.01414027149321262
2701,-0.02409502262443436
2702,-0.004411764705882393
2703,-0.005995475113122206
2704,0.015082956259426794
2705,-0.012405731523378594
2706,-0.003883861236802455
2707,0.0013574660633484115
2708,0.013536953242835659
2709,-0.0013951734539970895
2710,-0.004939668174962275
2711,0.011613876319758631
2712,0.0033936651583710287
2713,0.0036199095022624306
2714,-0.002714932126696823
2715,0.008220211161387714
2716,-0.024472096530920084
2717,-0.008785822021116108
2718,-0.005769230769230749
2719,-0.015573152337858276
2720,0.008446455505279116
2721,-0.0025263951734539325
2722,-0.004788838612368063
2723,-0.012405731523378594
2724,0.002450980392156854
2725,-0.0016968325791855143
2726,0.027941176470588247
2727,0.011802413273001466
2728,-0.0031674208144796823
2729,0.011613876319758631
2730,-0.007880844645550555
2731,0.020248868778280582
2732,0.007918552036199067
2733,0.01025641025641022
2734,0.015422322775264008
2735,0.012669683257918507
2736,0.006636500754147789
2737,0.020286576168929038
2738,-0.00855957767722465
2739,-0.012141779788838625
2740,-0.005279034690799378
2741,-0.004072398190045234
2742,-0.00011312217194570096
2743,-0.018778280542986414
2744,0.00015082956259426794
2745,0.005203619909502244
2746,0.004638009049773739
2747,0.017119155354449522
2748,-0.013235294117647012
2749,-0.00512820512820511
2750,-0.006598793363499222
2751,-0.020022624434389125
2752,-0.002828054298642524
2753,0.00018853695324283493
2754,0.018966817496229194
2755,-0.006598793363499222
2756,-0.008521870286576139
2757,0.004487179487179471
2758,-0.012481146304675672
2759,-0.002677224736048256
2760,-0.00275263951734539
2761,0.0015460030165912464
2762,0.009690799396681715
2763,0.018853695324283604
2764,-0.020324283559577605
2765,0.005241327300150811
2766,-0.014555052790346967
2767,0.008823529411764786
2768,0.014856711915535392
2769,-0.014592760180995479
2770,-0.022209653092006065
2771,0.01700603318250371
2772,-0.0004524886877827483
2773,0.004977375565610842
2774,0.010708898944193024
2775,-0.0035822021116138636
2776,-0.014969834087481149
2777,-0.011463046757164419
2778,0.007390648567119129
2779,0.002564102564102666
2780,7.541478129713397e-05
2781,-0.005769230769230749
2782,0.0036576168929109976
2783,-0.007767722473604799
2784,-0.015384615384615441
2785,0.004487179487179471
2786,0.010671191553544457
2787,-0.0029788838612368473
2788,0.00437405731523377
2789,-0.017307692307692357
2790,-0.006787330316742057
2791,-0.017043740573152277
2792,0.004487179487179471
2793,-0.004901960784313708
2794,-0.008144796380090469
2795,-0.0027526395173454454
2796,0.0013951734539968674
2797,-0.011500754147812986
2798,0.009917043740573228
2799,0.004939668174962275
2800,-0.008408748114630438
2801,0.007730015082956232
2802,0.013687782805429927
2803,-0.01734539969834087
2804,0.002601809954751122
2805,0.004185520361991046
2806,-0.009238310708898967
2807,0.006900452488687758
2808,0.024434389140271517
2809,0.010180995475113086
2810,-0.005316742081447945
2811,-0.015120663650075361
2812,0.002337858220211153
2813,-0.014215686274509809
2814,-0.013876319758672706
2815,-0.017797888386123617
2816,-0.006900452488687758
2817,-0.027488687782805443
2818,0.005995475113122262
2819,0.0221719457013575
2820,-0.01206636500754149
2821,-0.00015082956259432345
2822,0.0035067873303167296
2823,0.0014328808446455454
2824,0.019984917043740613
2825,0.00901206636500762
2826,-0.004449472096530793
2827,0.013800904977375517
2828,0.016063348416289536
2829,0.020060331825037636
2830,0.011349924585218774
2831,-0.0016968325791855143
2832,-0.009313725490196156
2833,0.002828054298642524
2834,0.014969834087481204
2835,-0.03178733031674208
2836,0.007126696832579271
2837,0.0039215686274509665
2838,-0.012405731523378538
2839,-0.006711915535444923
2840,-0.011349924585218663
2841,-0.0003393665158371584
2842,-0.0064102564102563875
2843,-7.541478129707846e-05
2844,0.013612368024132682
2845,0.013273001508295579
2846,0.0063725490196079315
2847,-0.015723981900452433
2848,-0.00614630467571653
2849,0.010067873303167385
2850,-0.011312217194570151
2851,-0.01809954751131221
2852,-0.007013574660633459
2853,0.0011312217194570096
2854,-0.0016214177978884359
2855,0.01089743589743597
2856,0.043250377073906554
2857,-0.0006410256410255832
2858,0.021568627450980427
2859,-0.008559577677224761
2860,0.01074660633484159
2861,0.016704374057315174
2862,-0.00995475113122174
2863,0.0010180995475113086
2864,-0.010407239819004599
2865,-0.012669683257918507
2866,0.006749622926093601
2867,-0.008107088989441957
2868,-0.006146304675716419
2869,0.0038084464555052655
2870,0.009238310708898911
2871,0.007579185520362075
2872,0.01240573152337865
2873,-0.017043740573152333
2874,-0.004411764705882282
2875,0.0118778280542986
2876,0.0032805429864253277
2877,0.002639517345399689
2878,0.012707390648567185
2879,-0.010407239819004488
2880,0.0064479638009050655
2881,0.00614630467571653
2882,0.01349924585218698
2883,-0.0006787330316742612
2884,0.012330316742081404
2885,0.012443438914027105
2886,-0.0029411764705882804
2887,-0.011500754147812986
2888,-0.0092006033182504
2889,-0.004901960784313708
2890,-0.0002262443438913464
2891,0.01628959276018105
2892,-0.0008672699849170407
2893,0.01414027149321262
2894,0.005052790346907976
2895,-0.026206636500754166
2896,-0.00855957767722465
2897,-0.011048265460030238
2898,0.013499245852187092
2899,0.002187028657616996
2900,-0.002639517345399689
2901,-0.013876319758672706
2902,0.015535444947209598
2903,0.005920060331825017
2904,-0.011010558069381615
2905,0.002300150829562586
2906,-0.004939668174962275
2907,-0.0015460030165911909
2908,0.005580693815987914
2909,0.018929110105580738
2910,0.004298642533936636
2911,-0.009162895927601777
2912,-0.008710407239818974
2913,0.005467571644042213
2914,-0.006372549019607876
2915,0.016440422322775206
2916,0.009276018099547478
2917,0.023227752639517263
2918,0.002187028657616996
2919,-0.016855203619909498
2920,-0.006938159879336325
2921,0.002224736048265452
2922,-0.016176470588235348
2923,-0.010407239819004488
2924,0.013650075414781249
2925,-0.0029788838612368473
2926,-0.00275263951734539
2927,-0.00931372549019599
2928,0.006108597285067852
2929,0.0011689291101056876
2930,0.00011312217194570096
2931,0.00015082956259426794
2932,-0.011726998491704443
2933,0.004298642533936636
2934,-7.541478129713397e-05
2935,0.004600301659125172
2936,-3.7707390648511474e-05
2937,0.00588235294117645
2938,0.02741327300150831
2939,-0.002639517345399689
2940,0.002111613876319862
2941,-0.003469079939668218
2942,-0.006749622926093546
2943,0.004524886877828038
2944,0.002790346907993957
2945,-0.007051282051281971
2946,0.01338612368024128
2947,0.02141779788838616
2948,0.0038838612368023995
2949,0.0015082956259426794
2950,0.015233785822021173
2951,0.005090497737556543
2952,-0.001432880844645601
2953,-0.01858974358974358
2954,0.023981900452488603
2955,0.0007164404223227727
2956,-0.00037707390648566985
2957,-0.00407239819004529
2958,0.0015837104072397024
2959,0.0015837104072398134
2960,-0.012104072398190002
2961,0.010331825037707465
2962,-0.02138009049773759
2963,0.0013951734539969785
2964,-0.011877828054298656
2965,-0.017043740573152333
2966,-0.0117647058823529
2967,-0.00437405731523377
2968,-0.0011312217194570096
2969,-0.005882352941176505
2970,-0.005203619909502355
2971,-0.021606334841628938
2972,-0.001998491704373939
2973,-0.005580693815987914
2974,0.029185520361990847
2975,0.015045248868778338
2976,-0.0036199095022624306
2977,0.007428355957767696
2978,0.0016591251885369473
2979,-0.028016591251885326
2980,0.004110105580693801
2981,0.0064856711915535215
2982,-0.0016591251885370029
2983,0.021455505279034726
2984,0.013122171945701422
2985,0.008672699849170407
2986,-0.003846153846153777
2987,-0.001357466063348356
2988,0.015271493212669629
2989,-0.001395173453996923
2990,-0.012368024132729971
2991,-0.010633484162895945
2992,0.002941176470588336
2993,0.018438914027149367
2994,0.012556561085972917
2995,0.022926093514328838
2996,0.00275263951734539
2997,0.007918552036199067
2998,-0.010218702865761653
2999,0.009200603318250455
3000,-0.006033182503770718
3001,-0.02277526395173457
3002,-0.0049773755656107865
3003,-0.01757164404223227
3004,0.002036199095022617
3005,0.01776018099547505
3006,0.0033559577677224617
3007,0.005618401206636481
3008,0.006975867269984892
3009,0.007164404223227727
3010,0.0006787330316743168
3011,0.014479638009049833
3012,0.01602564102564108
3013,-0.014517345399698345
3014,-0.020663650075414763
3015,0.017835595776772295
3016,0.011349924585218663
3017,-0.003657616892910942
3018,0.00950226244343888
3019,0.01625188536953237
3020,0.020324283559577716
3021,-0.005241327300150755
3022,0.006636500754147789
3023,-0.007126696832579216
3024,0.01874057315233779
3025,0.010972850678733104
3026,-0.019042232277526383
3027,-0.001168929110105521
3028,-0.008748114630467485
3029,-0.015648567119155354
3030,-0.007051282051282082
3031,-0.007956259426847634
3032,-0.011199095022624339
3033,-0.026583710407239836
3034,-0.005580693815988025
3035,-0.006372549019607765
3036,0.024736048265459942
3037,-0.00833333333333336
3038,0.010708898944193135
3039,-0.012028657616892924
3040,-0.00018853695324283493
3041,0.00550527903469078
3042,0.023039215686274428
3043,-0.01546003016591252
3044,-0.002300150829562586
3045,0.0033559577677224617
3046,0.011576168929110175
3047,0.0063348416289592535
3048,0.0014705882352941124
3049,0.01414027149321262
3050,-0.0036953242835594535
3051,0.0016968325791855143
3052,0.010558069381598756
3053,-0.010105580693816063
3054,0.00825791855203628
3055,-0.002564102564102555
3056,-0.006070889894419285
3057,0.02401960784313728
3058,-0.010897435897435859
3059,0.0009426847662141746
3060,0.016440422322775206
3061,0.01591251885369538
3062,-0.008144796380090469
3063,0.009539969834087558
3064,-7.541478129707846e-05
3065,-0.010030165912518818
3066,-0.004223227752639447
3067,-0.0018853695324283493
3068,-0.011463046757164363
3069,-0.002149321266968429
3070,0.012933634992458587
3071,0.016440422322775206
3072,-0.013273001508295745
3073,-0.012707390648567074
3074,0.016101055806938214
3075,0.007880844645550611
3076,0.007239819004524861
3077,-0.004675716440422251
3078,-0.007390648567119129
3079,0.015233785822021062
3080,-0.006184012066365041
3081,-0.0039969834087481
3082,-0.023831070889894335
3083,-0.00463800904977385
3084,0.006146304675716419
3085,-0.006372549019607876
3086,-0.009502262443438825
3087,-0.016666666666666774
3088,0.01889140271493206
3089,0.0037330316742081315
3090,-0.0092006033182504
3091,-0.01700603318250371
3092,-0.002903469079939658
3093,0.008182503770739036
3094,-0.0031674208144796823
3095,0.0064479638009049545
3096,-0.017307692307692246
3097,-0.00893665158371032
3098,-0.0007541478129713397
3099,-0.011425339366515908
3100,0.016968325791855254
3101,-0.008936651583710431
3102,0.007956259426847634
3103,-0.0014328808446455454
3104,0.014668174962292668
3105,-0.002149321266968318
3106,-0.013763197586727005
3107,-0.009615384615384637
3108,0.014592760180995534
3109,0.004901960784313708
3110,0.021191553544494757
3111,-0.013386123680241335
3112,0.009992458521870251
3113,-0.010407239819004488
3114,-0.000980392156862686
3115,0.013536953242835659
3116,0.011425339366515797
3117,0.005618401206636481
3118,0.00475113122171944
3119,0.002073906485671184
3120,-0.015648567119155354
3121,-0.025301659125188503
3122,-0.004411764705882393
3123,-0.0008672699849170407
3124,-0.011877828054298656
3125,-0.005731523378582237
3126,0.015497737556561031
3127,-0.012631975867269996
3128,0.013046757164404177
3129,-0.00512820512820511
3130,0.0007541478129713397
3131,0.010218702865761653
3132,0.004411764705882337
3133,-0.0063348416289592535
3134,0.012971342383107154
3135,0.009238310708898911
3136,0.011048265460030127
3137,-0.0064479638009049545
3138,0.01014328808446463
3139,0.0038838612368025105
3140,0.002450980392156854
3141,0.022624434389140302
3142,-0.0018099547511312153
3143,-0.009766214177978905
3144,-0.0037707390648566985
3145,0.005090497737556543
3146,-0.012745098039215585
3147,-0.010633484162895945
3148,0.026847662141779693
3149,-0.0032428355957768162
3150,-0.00437405731523377
3151,-0.016025641025641024
3152,-0.0003016591251885359
3153,0.016817496229260986
3154,-0.0006033182503770163
3155,-0.008371040723981815
3156,-0.002337858220211153
3157,0.0064479638009049545
3158,0.013084464555052855
3159,0.0062971342383106865
3160,0.002677224736048256
3161,0.028959276018099667
3162,-0.0017722473604825928
3163,-0.013273001508295579
3164,-0.0026018099547511775
3165,-0.010935143288084481
3166,0.0018099547511312153
3167,-0.009351432880844723
3168,0.0007164404223227727
3169,-0.00550527903469078
3170,-0.0027526395173454454
3171,0.015799396681749678
3172,0.0007164404223227727
3173,0.012481146304675672
3174,-0.0024132730015083426
3175,-0.0038838612368023995
3176,-0.004185520361990935
3177,-0.0016968325791855143
3178,0.022963800904977405
3179,0.01651583710407234
3180,-0.012330316742081404
3181,-0.00550527903469078
3182,-0.0034313725490195957
3183,0.01101055806938156
3184,-0.014366515837104021
3185,0.013914027149321329
3186,-0.019155354449472084
3187,0.0039969834087481
3188,-0.022624434389140247
3189,0.011425339366515908
3190,-0.008634992458521895
3191,-0.008748114630467485
3192,-0.026583710407239836
3193,-0.0009803921568627971
3194,-0.006485671191553466
3195,0.002073906485671184
3196,0.007239819004524861
3197,0.01813725490196072
3198,0.02153092006033186
3199,0.004072398190045123
3200,-0.0005656108597285048
3201,0.00874811463046754
3202,0.002790346907993957
3203,0.008861236802413242
3204,-0.0015460030165911909
3205,-0.0013951734539969785
3206,0.011349924585218663
3207,0.0195324283559577
3208,-0.011877828054298656
3209,-0.0009426847662141746
3210,0.0033182503770738947
3211,0.006636500754147789
3212,-0.0117647058823529
3213,-0.02051282051282044
3214,-0.002714932126696823
3215,-0.01346153846153847
3216,-7.541478129707846e-05
3217,0.01199095022624419
3218,0.013197586726998445
3219,0.0006033182503770718
3220,-0.00957767722473607
3221,0.002149321266968318
3222,-0.011236802413272962
3223,0.004977375565610842
3224,-0.011500754147812986
3225,-0.0005279034690798823
3226,0.015497737556561031
3227,0.006711915535444923
3228,-0.0017722473604826483
3229,-0.005693815987933615
3230,-0.0076168929110104755
3231,0.012669683257918507
3232,-0.002488687782805421
3233,0.007315233785822106
3234,-0.002262443438914019
3235,0.004562594268476605
3236,-0.006108597285067963
3237,-0.009125188536953155
3238,0.007616892911010531
3239,0.0010935143288084426
3240,-0.026131221719456976
3241,0.0037707390648566985
3242,0.005580693815988025
3243,0.011085972850678805
3244,-0.004487179487179527
3245,0.0003016591251885359
3246,0.006070889894419285
3247,-0.009351432880844612
3248,0.0033559577677224617
3249,0.006033182503770718
3250,-0.005392156862745079
3251,0.010859728506787403
3252,0.0037330316742081315
3253,-0.004901960784313708
3254,-0.021983408748114608
3255,0.006674208144796356
3256,0.011840120663650144
3257,-0.0036953242835595645
3258,0.02002262443438907
3259,-0.014441930618401266
3260,0.0018099547511313263
3261,-0.015309200603318196
3262,0.0063725490196078205
3263,-0.015912518853695268
3264,0.004713423831070873
3265,-0.003846153846153777
3266,0.0030920060331823818
3267,-0.010935143288084481
3268,-0.0027526395173454454
3269,-0.013763197586727005
3270,0.013084464555052855
3271,0.01074660633484159
3272,-0.0051659125188536215
3273,0.002865761689291091
3274,0.0118778280542986
3275,0.008898944193061809
3276,0.012556561085972806
3277,0.00837104072398187
3278,-0.007918552036199122
3279,0.0002262443438914019
3280,-0.003846153846153888
3281,-0.0038084464555052655
3282,0.0018099547511312153
3283,0.008936651583710375
3284,-0.013310708898944201
3285,-0.003355957767722517
3286,0.0035067873303167296
3287,-0.012405731523378594
3288,-0.005995475113122095
3289,-0.005920060331825072
3290,-0.010746606334841646
3291,0.0038838612368025105
3292,-0.007654600301659098
3293,-0.005392156862745079
3294,0.00033936651583710287
3295,-0.0023755656108597756
3296,-0.004336349924585203
3297,0.0036576168929109976
3298,-0.0014328808446455454
3299,0.0018099547511313263
3300,0.006674208144796356
3301,0.00437405731523377
3302,0.007541478129713397
3303,-0.016176470588235348
3304,-0.011161387631975828
3305,0.0007164404223227727
3306,0.002790346907993957
3307,0.014705882352941124
3308,-0.0075791855203620195
3309,0.01674208144796374
3310,-0.018325791855203666
3311,-0.02503770739064859
3312,-0.021719457013574694
3313,0.004826546003016574
3314,0.008559577677224706
3315,-0.007013574660633459
3316,0.030693815987933637
3317,-0.015346907993966818
3318,-0.009728506787330227
3319,0.002337858220211042
3320,-0.01821266968325791
3321,0.00015082956259426794
3322,0.014291101055806998
3323,-0.001282051282051333
3324,0.014592760180995534
3325,0.0034690799396681626
3326,0.0036953242835595645
3327,0.013461538461538525
3328,0.007805429864253366
3329,-0.014592760180995479
3330,0.007390648567119129
3331,0.008823529411764675
3332,0.01840120663650069
3333,-0.006749622926093546
3334,0.016666666666666607
3335,0.016968325791855254
3336,0.004110105580693801
3337,0.0004524886877826928
3338,-0.0038084464555052655
3339,0.009615384615384581
3340,0.005656108597285048
3341,0.031184012066365008
3342,-0.02047511312217193
3343,-0.007051282051282082
3344,-0.004939668174962275
3345,0.0015837104072398134
3346,-0.01006787330316733
3347,0.0004524886877828038
3348,-0.01395173453996984
3349,-0.0011312217194571206
3350,-0.01006787330316733
3351,0.012895927601809909
3352,0.016553544494721018
3353,-0.00275263951734539
3354,0.004072398190045345
3355,-0.01006787330316733
3356,0.013989441930618352
3357,0.001960784313725372
3358,0.0032428355957767607
3359,-0.00407239819004529
3360,-0.018061840120663697
3361,-0.0015460030165911909
3362,-0.008710407239818974
3363,-0.02322775263951732
3364,0.007956259426847634
3365,-0.00927601809954759
3366,0.0033936651583710287
3367,0.007692307692307776
3368,-0.005656108597285048
3369,0.007654600301659098
3370,0.00512820512820511
3371,-0.012745098039215697
3372,-0.01432880844645551
3373,0.008974358974359053
3374,-0.013989441930618352
3375,0.0011689291101055765
3376,-0.011236802413272962
3377,-0.015309200603318196
3378,0.0014328808446455454
3379,-0.015497737556561031
3380,-0.008107088989441957
3381,0.01063348416289589
3382,0.002149321266968429
3383,0.004562594268476605
3384,-0.004110105580693857
3385,-0.012481146304675672
3386,0.009426847662141746
3387,-0.00833333333333336
3388,-0.005995475113122206
3389,-0.00957767722473607
3390,0.0065610859728507664
3391,0.002337858220211042
3392,-0.007239819004524917
3393,-0.004411764705882448
3394,0.005542986425339347
3395,-0.007126696832579216
3396,-0.0223981900452489
3397,0.025565610859728416
3398,-0.00275263951734539
3399,0.002375565610859831
3400,0.01700603318250371
3401,0.01640271493212675
3402,-0.017043740573152333
3403,-0.001282051282051333
3404,-0.005392156862745079
3405,-0.009464555052790313
3406,0.006598793363499222
3407,0.013725490196078494
3408,0.0017345399698340813
3409,-0.011953242835595734
3410,-0.008182503770739091
3411,0.0014328808446455454
3412,0.005693815987933615
3413,-0.01662895927601804
3414,-0.020663650075414874
3415,-0.008521870286576139
3416,0.0064479638009049545
3417,-0.018552036199094957
3418,-0.012217194570135703
3419,-0.0009426847662141191
3420,0.00576923076923086
3421,-0.008785822021116108
3422,0.008710407239818974
3423,0.007315233785821995
3424,-0.027639517345399767
3425,-0.006636500754147789
3426,-0.016742081447963852
3427,-0.008748114630467596
3428,-0.00576923076923086
3429,-0.007956259426847634
3430,0.006108597285067852
3431,0.011161387631975828
3432,-0.004260935143288069
3433,-0.002526395173453988
3434,0.0065233785822020884
3435,-0.004524886877828038
3436,-0.0008295625942684737
3437,0.010067873303167385
3438,0.0063725490196079315
3439,-0.005392156862745079
3440,0.002300150829562586
3441,0.025565610859728527
3442,0.011990950226244412
3443,0.025339366515837125
3444,-0.019947209653092046
3445,-0.006070889894419285
3446,0.006070889894419285
3447,0.004411764705882337
3448,-0.018853695324283548
3449,0.007956259426847634
3450,-0.0024132730015083426
3451,-0.017307692307692357
3452,0.013461538461538525
3453,-0.013687782805429927
3454,-0.015723981900452433
3455,0.02179487179487183
3456,0.008521870286576139
3457,-0.0065233785822020884
3458,-0.0015082956259426794
3459,0.0006410256410256387
3460,-0.007956259426847634
3461,0.010369532428355921
3462,0.0011312217194570096
3463,0.008597285067873273
3464,-0.019268476621417785
3465,0.008861236802413242
3466,-0.007239819004524917
3467,-0.016666666666666607
3468,-0.005354449472096456
3469,-0.0013951734539969785
3470,0.005279034690799378
3471,-0.01508295625942685
3472,0.0034313725490197067
3473,0.021342383107088914
3474,0.009049773755656076
3475,-0.01082202111613867
3476,-0.013159879336349878
3477,-0.01870286576168928
3478,0.005580693815987914
3479,-7.541478129713397e-05
3480,-0.013876319758672762
3481,0.00426093514328818
3482,0.0010558069381599866
3483,0.002036199095022617
3484,0.01138763197586723
3485,0.014743589743589691
3486,-0.016779788838612364
3487,0.004298642533936636
3488,0.01753393665158376
3489,-0.004713423831070873
3490,0.0008672699849171517
3491,0.017232277526395223
3492,-0.007730015082956232
3493,0.01202865761689298
3494,0.009615384615384581
3495,-0.010105580693815952
3496,-0.002828054298642524
3497,-0.013838612368024139
3498,0.012292609351432837
3499,0.004223227752639502
3500,0.01813725490196072
3501,-0.003054298642533926
3502,-0.009389140271493235
3503,-0.013499245852186925
3504,-0.0050527903469080315
3505,-0.01470588235294118
3506,-0.01346153846153847
3507,0.008031674208144768
3508,-0.006674208144796301
3509,0.002564102564102555
3510,0.015723981900452433
3511,-0.0005656108597285048
3512,-0.008031674208144712
3513,-0.013310708898944201
3514,0.011990950226244412
3515,0.024472096530920084
3516,-0.0017722473604825928
3517,-0.007088989441930593
3518,0.002187028657616996
3519,0.005844645550527883
3520,0.002149321266968429
3521,-0.0064479638009049545
3522,-0.009539969834087558
3523,0.0033559577677224617
3524,-0.0004147812971341813
3525,-0.009276018099547478
3526,0.0009426847662141746
3527,0.01202865761689298
3528,-0.0011312217194570096
3529,-0.0018099547511312153
3530,-0.006862745098039136
3531,-0.0018853695324283493
3532,-0.007390648567119129
3533,0.0013951734539970895
3534,-0.007579185520361964
3535,-0.0010558069381598756
3536,0.00576923076923086
3537,0.016478129713423884
3538,-0.012858220211161453
3539,0.007503770739064941
3540,0.015950226244343946
3541,0.019947209653092046
3542,0.017571644042232326
3543,0.012594268476621484
3544,0.016063348416289536
3545,-0.023680241327300122
3546,0.021455505279034726
3547,-0.007843137254901933
3548,-0.012556561085972806
3549,-0.005316742081447945
3550,0.007503770739064941
3551,-0.0036199095022624306
3552,-0.003921568627451022
3553,0.0037707390648566985
3554,-0.002262443438914019
3555,-0.003054298642533926
3556,0.007051282051282026
3557,0.0007164404223227727
3558,-0.0015837104072398134
3559,-0.0170814479638009
3560,0.010218702865761653
3561,0.013612368024132793
3562,-0.011840120663650089
3563,-0.0006033182503770163
3564,-0.00844645550527906
3565,0.00739064856711924
3566,-0.0019607843137254832
3567,-0.00475113122171944
3568,0.006033182503770718
3569,0.00588235294117645
3570,-0.004600301659125117
3571,0.0035067873303168406
3572,-0.013650075414781249
3573,-0.014479638009049833
3574,-0.013612368024132682
3575,0.0265082956259427
3576,-0.013046757164404177
3577,-0.01772247360482654
3578,-0.010671191553544457
3579,0.008107088989441902
3580,-0.0011312217194570096
3581,0.002262443438914019
3582,-0.0003016591251885359
3583,-0.010444947209653
3584,0.00614630467571653
3585,0.0032051282051281937
3586,0.005203619909502244
3587,-0.008597285067873273
3588,-0.00475113122171944
3589,-0.0035822021116138636
3590,-0.013009049773755665
3591,-0.028733031674208154
3592,-0.0020361990950225617
3593,0.013122171945701422
3594,-0.019155354449472084
3595,-0.010407239819004488
3596,0.009728506787330282
3597,0.015422322775264008
3598,-0.0032051282051281937
3599,0.004675716440422306
3600,-0.010746606334841646
3601,-0.005279034690799378
3602,0.008107088989441902
3603,0.0079939668174962
3604,0.004411764705882337
3605,-0.0065233785822021995
3606,0.014177978883861186
3607,-0.015648567119155354
3608,-0.002677224736048256
3609,-0.008672699849170462
3610,-0.017797888386123673
3611,0.030995475113122173
3612,0.002941176470588114
3613,-0.004185520361990991
3614,-0.018514328808446445
3615,0.0064856711915536325
3616,0.0039969834087481
3617,-0.0002639517345399134
3618,0.002714932126696823
3619,0.00426093514328818
3620,0.024245852187028683
3621,0.00588235294117645
3622,-0.006711915535444923
3623,-0.01832579185520361
3624,-0.01877828054298647
3625,-0.008031674208144768
3626,0.008861236802413242
3627,0.023378582202111642
3628,-0.003355957767722517
3629,0.004147812971342368
3630,-0.01711915535444941
3631,0.010482654600301733
3632,-0.01621417797888386
3633,-0.0004524886877828038
3634,-0.0006410256410256387
3635,-0.0031674208144796823
3636,-0.001432880844645601
3637,-0.014479638009049833
3638,-0.012933634992458531
3639,-0.01972096530920059
3640,0.004298642533936636
3641,-0.00818250377073898
3642,-0.008408748114630549
3643,-0.002073906485671184
3644,-0.005806938159879371
3645,-0.00018853695324283493
3646,0.0063348416289592535
3647,0.004600301659125172
3648,0.01127450980392164
3649,-0.023378582202111586
3650,0.009728506787330393
3651,0.0005656108597285048
3652,-0.0004147812971341813
3653,0.007918552036199067
3654,-0.020437405731523306
3655,-0.006297134238310742
3656,0.002790346907993957
3657,0.0031674208144796268
3658,0.009464555052790313
3659,0.002224736048265452
3660,0.02179487179487183
3661,-0.013273001508295634
3662,-0.005580693815987914
3663,0.012556561085972917
3664,0.011161387631975828
3665,-0.0049773755656108976
3666,-0.0092006033182504
3667,0.0063725490196079315
3668,0.017835595776772184
3669,-0.005920060331825072
3670,0.01263197586726994
3671,0.016440422322775206
3672,0.0039592760180995334
3673,-0.01270739064856713
3674,-0.010030165912518818
3675,-0.01700603318250382
3676,0.005241327300150811
3677,-0.0018099547511312153
3678,0.00874811463046754
3679,-0.002073906485671184
3680,-0.0063348416289593645
3681,0.003016591251885359
3682,0.007051282051282026
3683,0.01101055806938167
3684,-0.014668174962292557
3685,0.012066365007541435
3686,-0.013914027149321329
3687,-0.012631975867269996
3688,0.00825791855203628
3689,-0.006636500754147845
3690,0.014177978883861186
3691,0.009728506787330282
3692,0.002187028657616996
3693,-0.01082202111613867
3694,0.008107088989441902
3695,-0.01802413273001513
3696,0.011915535444947278
3697,0.0006410256410256387
3698,-0.001206636500754088
3699,-0.015120663650075361
3700,0.009577677224736014
3701,0.015271493212669629
3702,-0.00965309200603326
3703,-0.0032805429864253832
3704,0.010671191553544568
3705,0.013876319758672762
3706,0.013914027149321329
3707,0.002488687782805421
3708,0.009653092006033148
3709,0.022096530920060253
3710,-0.008484162895927627
3711,-0.001018099547511253
3712,-0.004713423831070873
3713,0.002828054298642524
3714,0.002564102564102555
3715,-0.013122171945701366
3716,-0.005467571644042213
3717,0.012330316742081515
3718,-0.004638009049773739
3719,0.0015837104072397024
3720,-0.004675716440422362
3721,0.016214177978883915
3722,0.005920060331825017
3723,0.00018853695324283493
3724,0.013914027149321329
3725,-0.013876319758672706
3726,-0.0033182503770738947
3727,-0.007843137254901933
3728,0.013461538461538525
3729,-0.002677224736048256
3730,-0.005090497737556543
3731,0.0144042232277527
3732,-0.0015082956259426794
3733,-0.026809954751131182
3734,0.01112368024132726
3735,0.002224736048265452
3736,-0.009049773755656132
3737,-0.001093514328808498
3738,0.01025641025641022
3739,-0.0009426847662141746
3740,0.0033182503770740057
3741,0.015346907993966763
3742,-0.005354449472096567
3743,0.003054298642534037
3744,0.009992458521870251
3745,0.022662141779788758
3746,0.012292609351432837
3747,0.0186274509803922
3748,0.023039215686274428
3749,-0.02062594268476614
3750,0.0034690799396680516
3751,-0.007315233785822051
3752,0.0009803921568627416
3753,0.010558069381598867
3754,0.0013951734539968674
3755,-0.015309200603318196
3756,0.008559577677224706
3757,0.004901960784313708
3758,-0.004034690799396612
3759,0.013423831070889958
3760,-0.004788838612368118
3761,-0.005693815987933615
3762,-0.011915535444947167
3763,-0.01033182503770741
3764,0.009049773755656076
3765,0.007352941176470562
3766,-0.017194570135746545
3767,-0.0062217194570135526
3768,0.004562594268476605
3769,0.00199849170437405
3770,0.007315233785822106
3771,0.004524886877828038
3772,0.013310708898944257
3773,-0.008748114630467596
3774,-0.019607843137254888
3775,-0.013650075414781249
3776,0.013499245852187092
3777,0.002941176470588225
3778,0.008144796380090469
3779,0.018325791855203666
3780,0.01602564102564108
3781,-0.012933634992458531
3782,-0.015610859728506843
3783,-0.011123680241327316
3784,0.0031674208144796268
3785,-0.003846153846153777
3786,0.0013951734539969785
3787,7.541478129713397e-05
3788,-0.013046757164404177
3789,-0.009351432880844612
3790,-0.018363499245852122
3791,0.00987933634992455
3792,-0.00475113122171944
3793,0.019230769230769273
3794,-0.004185520361990935
3795,-0.004487179487179527
3796,-0.009879336349924495
3797,-0.02428355957767725
3798,0.0038838612368025105
3799,0.007051282051282026
3800,-0.005090497737556543
3801,-0.005995475113122095
3802,0.0037330316742081315
3803,0.016063348416289536
3804,-0.0078808446455505
3805,-0.009012066365007565
3806,-0.0018853695324283493
3807,-0.00199849170437405
3808,-0.004072398190045234
3809,0.00018853695324283493
3810,-0.002714932126696823
3811,-0.0007164404223228282
3812,-0.0015837104072398134
3813,0.007051282051282026
3814,0.01715686274509809
3815,0.002073906485671184
3816,0.011463046757164475
3817,-0.006825037707390624
3818,0.02488687782805432
3819,-0.010444947209653221
3820,0.025113122171945612
3821,0.009049773755656076
3822,0.0038084464555052655
3823,-0.007880844645550555
3824,-0.0038838612368023995
3825,0.0036576168929108865
3826,-0.008333333333333304
3827,0.010784313725490158
3828,-0.005392156862745079
3829,-0.0024132730015082315
3830,-0.003657616892910942
3831,0.009954751131221684
3832,-0.013046757164404177
3833,0.006975867269984892
3834,-0.011463046757164419
3835,-0.004864253393665197
3836,0.0006410256410255277
3837,0.011840120663650144
3838,0.002677224736048256
3839,0.0015082956259426794
3840,-0.017269984917043735
3841,0.002639517345399689
3842,0.002828054298642524
3843,0.006900452488687869
3844,-0.005656108597284992
3845,0.0002639517345398579
3846,-0.0032428355957767607
3847,-0.022360482654600278
3848,0.004939668174962275
3849,0.0033182503770738947
3850,0.0118778280542986
3851,0.030090497737556565
3852,0.006711915535444923
3853,-0.014856711915535503
3854,-0.007126696832579216
3855,-0.01662895927601804
3856,-0.010105580693816063
3857,-0.01070889894419308
3858,-0.0039592760180995334
3859,0.00938914027149329
3860,-0.005090497737556543
3861,0.010369532428355921
3862,-0.009087481146304643
3863,0.0009426847662141746
3864,0.004713423831070873
3865,0.007579185520361964
3866,-0.0003393665158371584
3867,0.0038084464555052655
3868,0.007767722473604799
3869,0.01738310708898949
3870,0.020475113122171984
3871,-0.006485671191553466
3872,-0.013122171945701366
3873,0.01101055806938167
3874,0.017119155354449522
3875,0.016817496229260986
3876,0.012443438914027105
3877,0.01489441930618396
3878,-0.002300150829562586
3879,0.01700603318250382
3880,0.0036199095022625416
3881,-0.006862745098039247
3882,-0.011199095022624339
3883,-0.0007918552036198512
3884,-0.007126696832579216
3885,0.0009426847662141746
3886,-0.015309200603318307
3887,-0.0027149321266967674
3888,0.004487179487179471
3889,0.005090497737556543
3890,-0.0093137254901961
3891,-0.004260935143288069
3892,-0.01157616892911012
3893,0.018061840120663697
3894,0.026998491704374072
3895,0.013423831070889847
3896,-0.00818250377073898
3897,-0.017647058823529405
3898,-0.014517345399698345
3899,-0.025226244343891424
3900,-0.03288084464555047
3901,-0.01583710407239819
3902,-0.021078431372549056
3903,0.00041478129713423684
3904,-0.0117647058823529
3905,-0.0012443438914027105
3906,-0.0039592760180995334
3907,-0.0019230769230769162
3908,0.0018853695324283493
3909,0.00437405731523377
3910,-0.0007918552036198512
3911,-0.00512820512820511
3912,-0.009087481146304643
3913,-0.011802413273001577
3914,-0.007051282051281971
3915,-0.018815987933635037
3916,-0.004600301659125228
3917,-0.013159879336349933
3918,-0.005580693815987914
3919,-0.002639517345399689
3920,0.011425339366515908
3921,-0.007164404223227727
3922,-0.004487179487179416
3923,-0.009464555052790313
3924,0.011463046757164363
3925,-0.005354449472096456
3926,-0.0027903469079940124
3927,-0.011802413273001577
3928,0.0012443438914028215
3929,-0.006862745098039247
3930,0.004864253393665141
3931,-0.0027149321266967674
3932,0.006674208144796356
3933,-0.010369532428355976
3934,-0.01787330316742075
3935,0.008484162895927572
3936,0.018815987933635037
3937,0.0007918552036199067
3938,-0.012141779788838625
3939,-0.03163650075414787
3940,-0.004826546003016685
3941,0.005995475113122262
3942,-0.006297134238310742
3943,-0.012217194570135759
3944,0.011726998491704332
3945,0.008144796380090469
3946,0.0006033182503770718
3947,0.0063725490196079315
3948,-0.006711915535444923
3949,-0.006297134238310631
3950,-0.02122926093514338
3951,0.0005656108597285048
3952,-0.021870286576168907
3953,-0.0036953242835595645
3954,0.006825037707390624
3955,0.009841628959275983
3956,-0.017043740573152277
3957,-0.002111613876319751
3958,-0.00674962292609349
3959,0.0035822021116138636
3960,0.0004524886877828038
3961,0.01150075414781293
3962,-0.009125188536953155
3963,0.008785822021116108
3964,0.0038461538461538325
3965,0.005467571644042213
3966,0.022096530920060253
3967,-0.011726998491704332
3968,0.007503770739064941
3969,-0.009464555052790313
3970,-0.0004524886877827483
3971,0.0011689291101056876
3972,0.0034690799396681626
3973,0.007202111613876405
3974,0.020286576168929038
3975,0.00927601809954759
3976,0.019796380090497778
3977,-0.028544494720965263
3978,0.004977375565610842
3979,0.01202865761689298
3980,0.0035067873303167296
3981,-0.006598793363499222
3982,-0.02319004524886875
3983,-0.014517345399698345
3984,-0.008710407239818974
3985,0.002488687782805421
3986,-0.011802413273001577
3987,-0.0031297134238310598
3988,0.004901960784313708
3989,0.025188536953242857
3990,0.0010558069381599866
3991,0.0062594268476621195
3992,0.006146304675716419
3993,0.015761689291101
3994,0.010180995475113086
3995,0.006108597285067852
3996,0.007126696832579271
3997,-0.007013574660633459
3998,0.012179487179487136
3999,-0.012933634992458531
4000,0.008484162895927572
4001,-0.013348416289592713
4002,-0.003469079939668218
4003,-0.011312217194570151
4004,0.005316742081447945
4005,-0.008031674208144768
4006,-0.008823529411764675
4007,0.00475113122171944
4008,0.010444947209653166
4009,0.01127450980392164
4010,-0.0004524886877828038
4011,0.008220211161387603
4012,-0.016742081447963852
4013,0.002149321266968318
4014,0.012217194570135814
4015,0.00837104072398187
4016,-0.0062217194570135526
4017,0.0064479638009050655
4018,0.015384615384615441
4019,-0.01470588235294118
4020,0.017873303167420862
4021,-0.003016591251885359
4022,-0.016779788838612364
4023,-0.003846153846153777
4024,-0.0037707390648566985
4025,-0.008182503770739091
4026,0.005505279034690891
4027,-0.010105580693816063
4028,0.0033936651583710287
4029,0.005920060331825017
4030,-0.016817496229260875
4031,0.007088989441930704
4032,-0.004260935143288069
4033,0.006070889894419285
4034,-0.0009426847662141746
4035,-0.014856711915535503
4036,-0.01621417797888386
4037,0.004110105580693801
4038,0.002752639517345501
4039,0.008295625942684737
4040,-0.017533936651583704
4041,-0.007277526395173428
4042,-0.0004901960784313708
4043,-0.005957767722473695
4044,0.0011312217194570096
4045,0.00015082956259426794
4046,-0.014064856711915541
4047,0.005844645550527883
4048,0.00588235294117645
4049,0.008559577677224817
4050,0.011576168929110064
4051,0.012707390648567185
4052,0.002111613876319751
4053,-0.012933634992458531
4054,0.004449472096530904
4055,-0.021719457013574694
4056,0.0003016591251885359
4057,-0.008898944193061809
4058,0.012594268476621484
4059,-0.009464555052790313
4060,-0.0009426847662141746
4061,-0.0024132730015083426
4062,-0.023001508295625916
4063,-0.01233031674208146
4064,-0.02138009049773748
4065,0.019117647058823573
4066,-0.009351432880844612
4067,0.011236802413273073
4068,-0.012028657616892868
4069,0.01300904977375561
4070,-0.005090497737556543
4071,-0.014064856711915541
4072,-0.011651583710407198
4073,0.0014328808446456565
4074,-0.01711915535444941
4075,-0.003544494720965352
4076,-0.011349924585218663
4077,-0.0027903469079939014
4078,0.007918552036199067
4079,0.019079939668175006
4080,-7.541478129713397e-05
4081,0.0034690799396680516
4082,0.015309200603318196
4083,-0.006636500754147789
4084,0.019909502262443368
4085,0.025980392156862764
4086,0.022963800904977405
4087,0.01753393665158376
4088,0.011048265460030127
4089,-0.02198340874811472
4090,0.013838612368024195
4091,-0.0009049773755655521
4092,0.03299396681749622
4093,-0.005203619909502355
4094,-0.006070889894419285
4095,-0.011538461538461497
4096,0.0005279034690799378
4097,0.005354449472096512
4098,0.005731523378582182
4099,0.007843137254901933
4100,-0.001470588235294168
4101,-0.015158371040723928
4102,0.00011312217194581198
4103,0.015422322775264008
4104,0.002450980392156854
4105,0.005731523378582182
4106,0.006787330316742057
4107,-0.003657616892910942
4108,0.002714932126696823
4109,-0.010595776772247323
4110,-0.01757164404223227
4111,0.0064102564102563875
4112,-0.005354449472096567
4113,0.0064479638009049545
4114,0.007616892911010531
4115,0.0017722473604826483
4116,-0.008672699849170462
4117,0.0017722473604826483
4118,-0.007088989441930593
4119,7.541478129713397e-05
4120,0.0329185520361992
4121,0.0064479638009050655
4122,0.004110105580693801
4123,-0.009162895927601888
4124,0.005467571644042213
4125,-0.008559577677224761
4126,0.02002262443438907
4127,-0.011538461538461497
4128,0.016101055806938103
4129,0.004562594268476605
4130,-0.002111613876319751
4131,0.017081447963800955
4132,-0.016365007541478183
4133,-0.014781297134238258
4134,-0.001282051282051333
4135,0.011613876319758631
4136,0.006900452488687647
4137,0.009426847662141746
4138,-0.004713423831070873
4139,-0.009992458521870307
4140,-0.011199095022624339
4141,-0.017458521870286625
4142,0.0017345399698341923
4143,-0.011312217194570151
4144,0.013122171945701422
4145,0.0009049773755656076
4146,0.01349924585218698
4147,-0.015761689291101055
4148,-0.01757164404223227
4149,-0.01508295625942685
4150,7.541478129724499e-05
4151,-0.0016591251885370029
4152,0.01478129713423837
4153,-0.004901960784313708
4154,-0.02714932126696834
4155,0.010067873303167385
4156,0.002714932126696712
4157,0.014441930618401266
4158,0.0064102564102563875
4159,-0.003959276018099478
4160,-0.014932126696832526
4161,0.00901206636500762
4162,-0.015271493212669685
4163,0.002111613876319862
4164,-0.0006410256410256387
4165,0.022096530920060253
4166,0.002073906485671184
4167,-0.004713423831070818
4168,-0.001093514328808498
4169,-0.012104072398190002
4170,-0.0032051282051281937
4171,-0.00407239819004529
4172,1.1102230246251565e-16
4173,-0.010897435897435914
4174,0.01813725490196072
4175,0.013838612368024195
4176,0.004939668174962275
4177,-0.004788838612368063
4178,-0.004524886877828038
4179,0.00275263951734539
4180,-0.0021493212669682626
4181,0.021493212669683293
4182,-0.0008672699849170407
4183,-0.007277526395173428
4184,-0.00720211161387635
4185,0.005995475113122262
4186,0.005279034690799378
4187,0.0002639517345399689
4188,0.022096530920060364
4189,-0.008371040723981815
4190,0.0005656108597285048
4191,0.0012820512820512775
4192,-0.0031674208144795712
4193,0.0009426847662141746
4194,-0.00037707390648566985
4195,-0.01621417797888386
4196,-0.007013574660633459
4197,0.012895927601809909
4198,-0.0016214177978883804
4199,0.007390648567119129
4200,0.019079939668174895
4201,0.0016591251885369473
4202,-0.0062594268476621195
4203,0.0002639517345399689
4204,0.010671191553544568
4205,0.006900452488687869
4206,0.006862745098039191
4207,-0.0023755656108597756
4208,-0.02085218702865771
4209,0.008936651583710375
4210,-0.004147812971342368
4211,-0.012594268476621262
4212,-0.0063348416289593645
4213,-0.004449472096531015
4214,-0.004788838612368063
4215,-0.015686274509803866
4216,-0.013122171945701422
4217,-0.005467571644042213
4218,0.003054298642533926
4219,-0.004110105580693857
4220,0.005505279034690891
4221,-0.019909502262443535
4222,-0.01033182503770741
4223,-0.018137254901960775
4224,0.0015837104072398134
4225,0.0004901960784314818
4226,0.04113876319758669
4227,0.011915535444947167
4228,-0.0020361990950226727
4229,0.0018099547511313263
4230,0.015987933634992513
4231,-0.0034313725490195957
4232,-0.020361990950226228
4233,-0.021870286576168907
4234,0.011312217194570096
4235,0.015346907993966874
4236,0.0002639517345398579
4237,0.005920060331825017
4238,0.01349924585218698
4239,0.007277526395173428
4240,-0.03257918552036204
4241,-0.02816742081447965
4242,-0.024547511312217163
4243,-0.0025263951734539325
4244,0.006598793363499222
4245,0.006825037707390735
4246,0.012179487179487136
4247,0.009917043740573117
4248,0.0008672699849171517
4249,0.011613876319758631
4250,-0.004449472096530904
4251,0.00512820512820511
4252,0.011463046757164475
4253,0.017119155354449522
4254,0.008823529411764786
4255,-0.01700603318250371
4256,0.0036953242835595645
4257,-0.013159879336349933
4258,-0.0051659125188537325
4259,-0.015912518853695268
4260,0.004185520361990935
4261,-0.012707390648567074
4262,0.007616892911010642
4263,7.541478129724499e-05
4264,0.0034690799396681626
4265,0.007428355957767696
4266,-0.017609351432880838
4267,0.014969834087481204
4268,-0.004826546003016574
4269,0.009879336349924661
4270,-0.01583710407239819
4271,0.009426847662141857
4272,0.006184012066365097
4273,-0.012481146304675672
4274,0.002224736048265452
4275,0.00011312217194581198
4276,0.004901960784313708
4277,0.009954751131221795
4278,0.007390648567119129
4279,-0.005279034690799378
4280,-0.02341628959276021
4281,0.009351432880844723
4282,-0.0007541478129713397
4283,-0.0016591251885368918
4284,0.007202111613876294
4285,0.005015082956259409
4286,0.005316742081447945
4287,-0.006598793363499222
4288,-0.014177978883861186
4289,-0.0038084464555052655
4290,-0.001357466063348356
4291,-0.010294117647058787
4292,0.013838612368024195
4293,0.003054298642533926
4294,-0.007880844645550555
4295,0.0079939668174962
4296,0.020588235294117574
4297,0.006825037707390624
4298,0.0005656108597285048
4299,0.005580693815988025
4300,-0.001093514328808387
4301,0.0117647058823529
4302,-0.010256410256410275
4303,-0.012631975867269996
4304,-0.0063348416289592535
4305,0.0032428355957767607
4306,-0.0012443438914027105
4307,-0.007352941176470562
4308,0.01753393665158376
4309,-0.013009049773755665
4310,-0.0002639517345399689
4311,-0.010331825037707354
4312,0.013612368024132682
4313,-0.0030920060331824373
4314,-0.026583710407239836
4315,0.005354449472096512
4316,-0.006938159879336381
4317,-0.012933634992458531
4318,-0.004147812971342368
4319,0.019796380090497778
4320,-0.008295625942684792
4321,0.0064479638009049545
4322,0.02990196078431384
4323,0.0038084464555052655
4324,0.013159879336349989
4325,0.0007541478129713397
4326,0.0006787330316742057
4327,0.009917043740573117
4328,-0.012933634992458531
4329,-0.016138763197586725
4330,0.004147812971342368
4331,0.013951734539969785
4332,0.007579185520361964
4333,-0.004336349924585203
4334,-0.01270739064856713
4335,-0.00015082956259432345
4336,0.002111613876319751
4337,0.015874811463046812
4338,-0.002828054298642524
4339,-0.0062217194570135526
4340,0.009879336349924661
4341,0.015271493212669629
4342,0.005618401206636481
4343,0.007352941176470562
4344,-0.009992458521870307
4345,0.010708898944193135
4346,-0.01206636500754138
4347,-0.0052413273001508665
4348,0.002224736048265452
4349,-0.0004147812971341813
4350,0.0010558069381598756
4351,-0.006485671191553577
4352,0.002375565610859831
4353,-0.0003016591251885359
4354,-0.011538461538461497
4355,0.007956259426847634
4356,-0.006862745098039136
4357,-0.010105580693815952
4358,0.0004524886877826928
4359,-0.0014328808446455454
4360,-0.008710407239818974
4361,0.002149321266968207
4362,0.006598793363499222
4363,-0.004449472096531015
4364,0.016327300150829505
4365,-0.003016591251885359
4366,-0.0036199095022624306
4367,-0.013386123680241335
4368,-0.012481146304675672
4369,0.0223981900452489
4370,-0.010671191553544457
4371,0.016063348416289647
4372,0.00237556561085972
4373,0.01802413273001502
4374,0.01726998491704368
4375,-0.0006033182503770163
4376,0.0011689291101055765
4377,-0.0016968325791855143
4378,-0.014932126696832526
4379,0.008446455505279116
4380,0.006674208144796356
4381,-0.015761689291101055
4382,0.02375565610859731
4383,0.008597285067873384
4384,-0.009049773755656132
4385,-0.010897435897435914
4386,-0.002865761689291091
4387,0.01225490196078427
4388,-0.0031674208144796823
4389,-0.0038838612368023995
4390,0.008597285067873273
4391,-0.009351432880844612
4392,0.017119155354449522
4393,-0.001206636500754088
4394,-0.005316742081447945
4395,0.011915535444947278
4396,-0.006825037707390624
4397,0.004977375565610842
4398,-0.002828054298642524
4399,7.541478129702295e-05
4400,-0.007164404223227727
4401,0.0105203619909503
4402,0.002903469079939658
4403,-0.007466063348416374
4404,-0.021191553544494646
4405,0.0032805429864253277
4406,-0.008936651583710431
4407,-0.02450980392156865
4408,0.006787330316742057
4409,0.018174962292609398
4410,0.022435897435897467
4411,-0.009238310708898967
4412,-0.0078054298642534214
4413,-0.023114630467571617
4414,-0.002714932126696823
4415,-0.010595776772247323
4416,0.0062971342383106865
4417,-0.0024132730015083426
4418,0.012971342383107154
4419,0.01414027149321262
4420,0.0016968325791855143
4421,0.0017722473604825373
4422,-0.008559577677224817
4423,0.008446455505279005
4424,0.017232277526395112
4425,0.005015082956259409
4426,0.02903469079939669
4427,0.018966817496229305
4428,-0.023114630467571617
4429,-0.0005656108597285048
4430,-0.007239819004524917
4431,0.012481146304675672
4432,0.011425339366515908
4433,0.00889894419306192
4434,0.0013951734539968674
4435,0.0007541478129713397
4436,-0.02665912518853686
4437,-0.008295625942684792
4438,0.00033936651583710287
4439,-0.01119909502262445
4440,-0.003921568627450911
4441,0.016742081447963852
4442,0.014441930618401266
4443,0.011085972850678805
4444,-0.015158371040723984
4445,0.002036199095022617
4446,0.01877828054298647
4447,0.005316742081447945
4448,-0.00614630467571653
4449,-0.0004147812971341813
4450,-0.016930618401206576
4451,-0.005429864253393701
4452,0.009803921568627416
4453,0.016440422322775206
4454,0.004411764705882337
4455,-0.007051282051282082
4456,0.002978883861236792
4457,-0.005618401206636536
4458,0.0010180995475113086
4459,-0.006938159879336381
4460,0.026621417797888403
4461,0.002526395173453877
4462,0.002639517345399689
4463,0.0013197586726998445
4464,0.002450980392156854
4465,0.008710407239818974
4466,0.00018853695324283493
4467,-0.002262443438914019
4468,0.008974358974359053
4469,-0.006108597285067907
4470,0.002526395173453877
4471,0.002337858220211042
4472,0.002262443438914019
4473,0.0015082956259426794
4474,0.0011312217194570096
4475,0.008710407239819085
4476,-0.008521870286576139
4477,0.0013574660633485225
4478,-0.0064479638009049545
4479,-0.0009426847662141746
4480,0.01112368024132726
4481,0.0036576168929108865
4482,0.005316742081447945
4483,-0.01033182503770741
4484,0.0117647058823529
4485,-0.019607843137254888
4486,0.010595776772247323
4487,0.0015460030165912464
4488,-0.009992458521870307
4489,0.005467571644042213
4490,-0.016855203619909442
4491,0.004110105580693801
4492,-0.0013951734539969785
4493,-0.007352941176470562
4494,0.00018853695324283493
4495,0.009539969834087447
4496,-0.016289592760180993
4497,-0.0033182503770738947
4498,0.010822021116138836
4499,0.007843137254901933
4500,-0.01108597285067875
4501,-0.004336349924585203
4502,-0.006561085972850711
4503,-0.004638009049773739
4504,-0.01911764705882346
4505,-0.005015082956259409
4506,0.003016591251885359
4507,0.00037707390648566985
4508,-0.003355957767722517
4509,0.0065610859728507664
4510,-0.014743589743589691
4511,-0.002488687782805421
4512,0.025565610859728527
4513,-0.0019607843137254277
4514,0.004939668174962275
4515,0.010972850678733104
4516,0.010294117647058898
4517,-0.01945701357466062
4518,-0.015384615384615441
4519,-0.022963800904977405
4520,-0.008484162895927627
4521,-0.020286576168929205
4522,0.008408748114630438
4523,-0.0062594268476621195
4524,0.004638009049773739
4525,0.0016968325791855143
4526,-0.0018476621417797268
4527,-0.013046757164404177
4528,-0.007956259426847634
4529,0.020437405731523417
4530,0.005844645550527883
4531,-0.004185520361990935
4532,0.004298642533936636
4533,0.017043740573152277
4534,0.01263197586726994
4535,-0.00011312217194570096
4536,0.01240573152337865
4537,0.007315233785822106
4538,0.0036953242835595645
4539,0.008333333333333304
4540,-0.00018853695324283493
4541,-0.006259426847662175
4542,0.0012443438914027105
4543,-0.0064102564102563875
4544,-0.012707390648567074
4545,-0.014064856711915596
4546,-0.022322775263951766
4547,0.009803921568627416
4548,0.005052790346907976
4549,-0.00199849170437405
4550,-0.0019230769230769162
4551,-0.01613876319758678
4552,-0.011010558069381615
4553,-0.006636500754147845
4554,0.0004524886877826928
4555,0.015460030165912464
4556,-0.0031297134238311153
4557,-0.014366515837104021
4558,0.002036199095022617
4559,0.007315233785822106
4560,0.020625942684766252
4561,0.0018099547511312153
4562,0.0007164404223227727
4563,-0.007315233785821995
4564,-0.0076923076923077205
4565,0.0015460030165912464
4566,0.005920060331825128
4567,-0.024396681749623006
4568,-0.011915535444947167
4569,0.0010180995475114196
4570,-0.014630467571644046
4571,-0.01557315233785822
4572,-0.011613876319758631
4573,0.01214177978883868
4574,0.017873303167420862
4575,0.021606334841628994
4576,-0.00855957767722465
4577,-0.024962292609351455
4578,0.0012066365007541435
4579,-0.0064479638009049545
4580,-0.002262443438914019
4581,-0.007239819004524806
4582,0.022737556561086003
4583,0.00041478129713423684
4584,0.008107088989441902
4585,-0.000980392156862686
4586,0.01915535444947203
4587,-0.009162895927601777
4588,-0.002111613876319751
4589,0.004600301659125172
4590,0.0038838612368025105
4591,-0.0024132730015083426
4592,-0.008107088989441957
4593,-0.0064479638009049545
4594,-0.007239819004524806
4595,-0.00037707390648566985
4596,-0.016025641025641024
4597,-0.0012443438914027105
4598,-0.0020361990950225617
4599,0.007503770739064941
4600,0.002828054298642524
4601,0.015497737556561142
4602,-0.02319004524886875
4603,0.005316742081448056
4604,-0.007277526395173428
4605,0.013612368024132793
4606,-0.0062217194570135526
4607,-0.0010558069381597646
4608,-0.022058823529411742
4609,0.010972850678732993
4610,-0.007843137254901933
4611,-0.0062217194570135526
4612,-0.0018853695324283493
4613,-0.022322775263951766
4614,-0.005618401206636536
4615,0.002714932126696823
4616,-0.004487179487179527
4617,0.0038838612368025105
4618,-0.012481146304675672
4619,0.01089743589743597
4620,-0.001470588235294168
4621,-0.0013197586726998445
4622,-0.001998491704373939
4623,0.015799396681749678
4624,0.015686274509803866
4625,0.0039969834087482115
4626,-0.01357466063348417
4627,0.0039215686274509665
4628,0.002413273001508287
4629,0.004826546003016685
4630,0.017458521870286514
4631,-0.03672699849170441
4632,-0.008974358974358942
4633,-0.006862745098039247
4634,0.00863499245852195
4635,-0.004939668174962331
4636,-0.021606334841628938
4637,-0.005844645550527883
4638,-0.007088989441930704
4639,-0.014781297134238314
4640,-0.008295625942684792
4641,-0.0208521870286576
4642,-0.03246606334841623
4643,0.015233785822021173
4644,-0.008898944193061809
4645,-0.0016591251885370029
4646,-0.009502262443438825
4647,-0.015045248868778338
4648,0.009539969834087447
4649,0.02552790346907996
4650,0.004110105580693801
4651,-0.0017345399698340258
4652,-0.02601809954751133
4653,0.0019607843137254832
4654,0.014027149321266918
4655,0.0031297134238310598
4656,0.00912518853695321
4657,0.01127450980392164
4658,0.0013197586726998445
4659,-0.0049019607843136526
4660,-0.021342383107089025
4661,-0.0017345399698340258
4662,-0.014894419306184015
4663,0.005693815987933615
4664,-0.005769230769230749
4665,0.01625188536953248
4666,0.023944193061840147
4667,0.014743589743589691
4668,-0.008107088989441957
4669,-0.001244343891402766
4670,0.013084464555052855
4671,-0.01519607843137255
4672,0.0014705882352941124
4673,-0.005806938159879371
4674,0.0017345399698340813
4675,-0.007390648567119129
4676,0.01463046757164399
4677,0.0033936651583710287
4678,-0.01975867269984921
4679,0.005844645550527883
4680,0.007579185520362075
4681,0.00018853695324283493
4682,0.00976621417797896
4683,-0.005203619909502355
4684,-0.004487179487179527
4685,0.017948717948717885
4686,-0.020286576168929094
4687,0.011990950226244301
4688,-0.015271493212669685
4689,0.00863499245852195
4690,0.015497737556561031
4691,-0.008710407239818974
4692,0.0062971342383106865
4693,0.002488687782805532
4694,-0.004223227752639447
4695,-0.004524886877828038
4696,0.0005279034690799378
4697,0.0039592760180995334
4698,-0.02669683257918548
4699,-0.000980392156862686
4700,0.002790346907993957
4701,-0.0011312217194570096
4702,0.01764705882352935
4703,0.012481146304675672
4704,-0.016289592760180938
4705,-0.013612368024132682
4706,0.0062971342383106865
4707,0.00912518853695321
4708,-0.002564102564102444
4709,-0.004713423831070873
4710,-0.006033182503770718
4711,0.007428355957767696
4712,0.023793363499245768
4713,-0.01613876319758678
4714,-0.008597285067873273
4715,-0.009653092006033148
4716,0.009238310708898911
4717,0.004675716440422306
4718,-0.005656108597285048
4719,0.0004901960784314818
4720,0.007051282051282026
4721,-0.015158371040723984
4722,0.0079939668174962
4723,0.015987933634992513
4724,0.006108597285067852
4725,0.004826546003016574
4726,-0.0033936651583710287
4727,-0.009502262443438936
4728,0.007692307692307776
4729,-0.008710407239818974
4730,0.007654600301659209
4731,0.010444947209653055
4732,-0.0092006033182504
4733,-0.01006787330316744
4734,0.009992458521870251
4735,-0.0003393665158371584
4736,-0.008597285067873273
4737,-0.004223227752639558
4738,0.0033559577677224617
4739,-0.007315233785821995
4740,-0.014366515837104021
4741,0.010935143288084426
4742,0.008220211161387714
4743,0.01704374057315239
4744,-0.0014328808446455454
4745,0.011161387631975828
4746,-0.011274509803921584
4747,-0.0038084464555052655
4748,-0.0006033182503770163
4749,-0.010784313725490158
4750,0.02213423831070893
4751,-0.004524886877828038
4752,-0.004147812971342368
4753,-0.008898944193061864
4754,0.007918552036199067
4755,-0.0037707390648566985
4756,0.028959276018099667
4757,-0.010633484162895834
4758,-0.007918552036199122
4759,-0.008861236802413297
4760,0.002978883861236792
4761,0.016063348416289536
4762,-0.00015082956259421243
4763,-0.0026018099547511775
4764,0.01127450980392164
4765,-0.009615384615384637
4766,-0.01595022624434389
4767,0.013800904977375517
4768,-0.03521870286576173
4769,-0.0076923076923077205
4770,-0.011802413273001577
4771,0.005165912518853677
4772,-0.006636500754147845
4773,-0.00863499245852184
4774,0.0035444947209652966
4775,0.01764705882352946
4776,-0.016779788838612364
4777,0.02390648567119158
4778,-0.0004147812971341813
4779,0.0004901960784314818
4780,0.0008295625942685847
4781,-0.0038838612368023995
4782,-0.028016591251885326
4783,-0.0007541478129713397
4784,-0.008974358974359053
4785,0.00912518853695321
4786,-0.000980392156862686
4787,-0.0029788838612368473
4788,-0.013310708898944201
4789,-0.0015460030165911909
4790,-0.006862745098039136
4791,0.009803921568627416
4792,0.005241327300150811
4793,-0.017609351432880782
4794,0.009087481146304643
4795,-0.011613876319758631
4796,-0.005844645550527883
4797,-0.004600301659125283
4798,-0.006146304675716419
4799,0.021832579185520395
4800,-0.008634992458521895
4801,0.0031297134238310598
4802,0.006108597285067852
4803,-0.003469079939668218
4804,0.01063348416289589
4805,0.0008672699849171517
4806,-0.015309200603318196
4807,-0.001282051282051222
4808,0.002601809954751122
4809,0.006975867269984892
4810,0.0033936651583710287
4811,-0.003619909502262486
4812,-0.004638009049773739
4813,-0.014027149321266918
4814,0.021568627450980427
4815,0.008898944193061809
4816,-0.005279034690799378
4817,0.0265082956259427
4818,-0.007428355957767641
4819,0.0011312217194570096
4820,0.02179487179487183
4821,0.011915535444947167
4822,0.007390648567119129
4823,-0.006184012066365041
4824,0.011048265460030127
4825,-0.014517345399698345
4826,0.0007541478129713397
4827,-0.005920060331825072
4828,0.0039592760180995334
4829,0.004487179487179471
4830,-0.010030165912518818
4831,-0.0019607843137254832
4832,0.023378582202111642
4833,-0.009917043740573117
4834,0.005279034690799378
4835,0.00837104072398187
4836,-0.007013574660633459
4837,-0.02978883861236803
4838,-0.012556561085972806
4839,-0.008333333333333304
4840,-0.018778280542986414
4841,-0.03355957767722473
4842,0.0036576168929109976
4843,-0.0026772247360483115
4844,0.0031297134238310598
4845,-0.00018853695324283493
4846,0.00018853695324283493
4847,-0.016478129713423828
4848,-0.014064856711915541
4849,0.0016968325791855143
4850,0.012745098039215641
4851,0.0
4852,-0.0019230769230769162
4853,-0.00780542986425331
4854,-0.01700603318250371
4855,-0.014140271493212675
4856,0.012066365007541435
4857,0.007843137254901933
4858,-0.0039592760180995334
4859,-0.021681749622926072
4860,0.009426847662141746
4861,-0.015422322775264008
4862,0.01425339366515832
4863,-0.003544494720965352
4864,0.009728506787330393
4865,-0.004524886877828038
4866,0.0036199095022624306
4867,0.0019230769230770273
4868,-0.021455505279034726
4869,0.007126696832579271
4870,-0.015610859728506843
4871,0.015610859728506843
4872,-0.012368024132729971
4873,0.015573152337858276
4874,0.014932126696832526
4875,-0.005957767722473584
4876,0.004487179487179471
4877,0.016968325791855254
4878,0.005354449472096512
4879,0.002903469079939658
4880,0.019834087481146234
4881,-0.0025263951734539325
4882,0.005429864253393646
4883,-0.015271493212669685
4884,-0.006636500754147789
4885,0.01112368024132726
4886,0.009502262443438991
4887,0.015045248868778338
4888,0.01538461538461533
4889,0.0033936651583710287
4890,0.011990950226244412
4891,0.0013574660633485225
4892,0.00987933634992455
4893,-0.0006787330316742057
4894,0.00037707390648566985
4895,0.012669683257918507
4896,-0.015497737556561031
4897,0.0007541478129713397
4898,-0.009653092006033148
4899,0.04219457013574657
4900,0.0015460030165912464
4901,0.01851432880844639
4902,-0.001093514328808498
4903,-0.002187028657616885
4904,0.026395173453997
4905,0.01225490196078427
4906,-0.0005279034690799933
4907,-0.0002262443438913464
4908,-0.01508295625942685
4909,-0.011425339366515797
4910,-0.00275263951734539
4911,-0.005505279034690835
4912,-0.00550527903469078
4913,0.004449472096530904
4914,0.007126696832579271
4915,0.006711915535444923
4916,-0.015045248868778338
4917,-0.010972850678732993
4918,0.0038461538461538325
4919,-0.002941176470588114
4920,0.009728506787330282
4921,0.01402714932126703
4922,0.006787330316742057
4923,0.025867269984917063
4924,0.034087481146304666
4925,-0.009087481146304754
4926,-0.0027903469079940124
4927,0.002450980392156854
4928,-0.014215686274509809
4929,-0.004901960784313708
4930,-0.012895927601809909
4931,-0.02281297134238308
4932,0.011726998491704332
4933,0.019343891402714974
4934,-0.010105580693816063
4935,0.02515082956259418
4936,0.002300150829562586
4937,-0.008634992458521895
4938,-0.001168929110105521
4939,0.0004524886877826928
4940,-0.008974358974358942
4941,-0.005731523378582126
4942,-0.018288084464555043
4943,-0.02730015082956261
4944,0.0013574660633484115
4945,-0.008748114630467596
4946,-0.015686274509803866
4947,-0.010294117647058787
4948,-0.011613876319758631
4949,-0.02594268476621414
4950,0.004524886877828038
4951,0.013838612368024195
4952,-0.004072398190045234
4953,-0.0018476621417798378
4954,0.002224736048265452
4955,-0.004223227752639447
4956,-0.000980392156862686
4957,-0.007202111613876294
4958,-0.011123680241327316
4959,0.016930618401206687
4960,0.0009049773755656076
4961,-0.0031674208144796823
4962,-0.015346907993966763
4963,0.013046757164404177
4964,-0.028393665158371106
4965,0.018853695324283604
4966,-0.021455505279034726
4967,0.01651583710407245
4968,0.0004901960784314818
4969,0.012745098039215641
4970,0.011048265460030127
4971,-0.008408748114630549
4972,-0.017232277526395168
4973,0.0011312217194570096
4974,-0.008710407239818974
4975,0.004788838612368007
4976,-0.007692307692307665
4977,-0.015309200603318196
4978,0.02077677224736041
4979,-0.011613876319758631
4980,-0.0052413273001508665
4981,0.00437405731523377
4982,7.541478129702295e-05
4983,-0.008220211161387714
4984,0.0030920060331823818
4985,-0.008710407239818974
4986,0.015158371040723928
4987,0.01225490196078427
4988,0.01127450980392164
4989,0.002149321266968207
4990,-0.011500754147812986
4991,-0.015686274509803866
4992,0.006033182503770829
4993,0.009464555052790313
4994,0.022812971342383137
4995,-0.00893665158371032
4996,0.007013574660633459
4997,-0.01783559577677224
4998,-0.01206636500754149
4999,-0.01282051282051283
