transition_index,from_range,to_range,consensus_pair_physical_percentile,pair_percentile_effect,median_pair_physical_score,median_pair_control_score,control_dest_indices
1,range_000276-000475,range_000426-000625,0.175,-0.325,0.0,0.47268841442653853,"439,440,580,70,297,50,346,249,355,522,301,22,642,236,99,450,390,261,553,153"
2,range_000426-000625,range_000576-000775,0.35,-0.15000000000000002,0.0,0.0,"264,54,181,388,218,486,593,628,454,525,433,519,137,362,608,246,172,380,45,448"
3,range_000576-000775,range_000726-000925,0.85,0.35,0.4970878701700532,0.09587359584331057,"280,613,142,187,312,243,384,379,633,375,311,224,608,418,18,438,158,315,451,327"
4,range_000726-000925,range_000876-001075,0.2,-0.3,0.24464490782478723,0.520443873580592,"351,521,97,468,545,264,530,178,164,314,18,605,203,280,215,409,275,377,47,358"
5,range_000876-001075,range_001026-001225,0.55,0.050000000000000044,0.8673445591437232,0.5557307760548835,"378,78,245,647,642,411,461,520,50,203,346,253,518,200,127,43,658,261,301,628"
6,range_001026-001225,range_001176-001375,0.6,0.09999999999999998,1.1383629149001222,1.0234030762071442,"86,512,498,276,640,351,17,172,22,463,164,45,106,544,316,355,125,327,643,525"
7,range_001176-001375,range_001326-001525,0.25,-0.25,0.0,0.0912874237622415,"20,88,62,110,246,390,466,194,622,64,293,134,294,317,221,325,517,477,387,663"
8,range_001326-001525,range_001476-001675,0.55,0.050000000000000044,0.5693815338904062,0.5608725553425087,"80,65,334,306,96,650,434,265,259,410,161,134,404,64,583,444,588,268,557,37"
9,range_001476-001675,range_001626-001825,0.75,0.25,1.0334526813930913,0.9017706713460336,"476,481,556,126,29,399,90,229,176,107,247,591,416,492,190,369,88,223,474,54"
10,range_001626-001825,range_001776-001975,0.4,-0.09999999999999998,0.3590057253161783,0.4182343836410448,"609,289,650,390,516,648,518,576,453,561,527,654,540,511,117,352,170,490,268,412"
11,range_001776-001975,range_001926-002125,0.75,0.25,0.7269528689298168,0.3045698377897325,"636,486,407,180,578,231,93,572,659,41,421,100,590,114,535,258,607,357,484,552"
12,range_001926-002125,range_002076-002275,0.35,-0.15000000000000002,0.7120109920247079,0.8532031937118592,"258,568,614,198,564,175,482,578,408,331,152,477,527,260,627,131,180,654,447,529"
13,range_002076-002275,range_002226-002425,0.025,-0.475,0.0,1.879857742538966,"94,586,272,633,219,366,310,382,508,623,59,154,388,371,647,546,658,158,510,50"
14,range_002226-002425,range_002376-002575,0.35,-0.15000000000000002,0.0,0.0,"659,542,25,258,58,338,64,588,260,286,517,118,616,314,434,333,562,306,131,316"
15,range_002376-002575,range_002526-002725,0.15,-0.35,0.0,0.2909752753138946,"68,502,183,28,649,631,90,472,223,460,637,573,320,423,501,459,617,664,278,342"
16,range_002526-002725,range_002676-002875,0.2,-0.3,0.15793301999185239,0.6983336317608908,"73,227,513,391,58,40,658,29,318,548,388,549,543,226,301,283,380,327,573,269"
17,range_002676-002875,range_002826-003025,0.3,-0.2,0.0,0.0,"260,262,31,354,87,116,77,256,258,365,634,495,214,315,544,323,366,538,380,403"
18,range_002826-003025,range_002976-003175,0.5,0.0,1.3069676978917821,1.292394976379369,"481,484,475,614,53,252,550,482,334,624,184,494,114,56,583,616,41,207,76,435"
19,range_002976-003175,range_003126-003325,0.2,-0.3,1.1258859197659687,1.613582599790783,"310,129,662,85,178,368,567,223,249,581,328,416,478,168,4,319,65,147,507,593"
20,range_003126-003325,range_003276-003475,0.35,-0.15000000000000002,0.07402033437071948,0.4921295324272206,"51,218,109,251,501,647,272,249,362,402,208,595,441,554,401,260,382,413,280,419"
21,range_003276-003475,range_003426-003625,0.8,0.30000000000000004,1.28437742076935,0.8689229187354368,"418,255,642,564,365,316,328,578,44,525,260,350,622,619,259,389,587,501,100,223"
22,range_003426-003625,range_003576-003775,0.325,-0.175,0.0,0.0,"301,328,457,70,297,1,345,642,522,226,50,99,450,214,249,495,153,553,261,400"
23,range_003576-003775,range_003726-003925,0.8,0.30000000000000004,0.5971274945339411,0.035822597356037274,"84,363,599,526,130,163,92,497,105,388,570,222,458,454,411,378,368,4,236,242"
24,range_003726-003925,range_003876-004075,1.0,0.5,2.4661809873517004,1.9877745459195628,"447,108,135,269,57,527,429,268,624,435,623,605,354,390,663,524,186,568,169,651"
25,range_003876-004075,range_004026-004225,0.7,0.19999999999999996,3.0817119340157224,2.7379685865534844,"523,261,336,227,586,318,598,411,137,570,569,344,526,73,171,380,599,277,413,308"
26,range_004026-004225,range_004176-004375,0.15,-0.35,0.3402525139922221,0.9748193972135133,"430,150,118,42,213,551,650,538,172,143,423,492,385,303,330,88,275,123,200,613"
27,range_004176-004375,range_004326-004525,0.3,-0.2,0.49154554489098073,0.6867955445665817,"198,531,643,149,625,574,607,71,141,555,417,534,132,150,8,347,645,544,107,436"
28,range_004326-004525,range_004476-004675,0.35,-0.15000000000000002,0.45885366047446424,0.7638234808145881,"232,611,189,8,589,199,54,50,277,439,111,163,287,115,556,55,149,380,540,106"
29,range_004476-004675,range_004626-004825,0.9,0.4,0.3838576941206181,0.0,"309,142,640,553,478,291,212,662,323,525,564,399,310,129,119,355,563,319,51,369"
30,range_004626-004825,range_004776-004975,0.75,0.25,1.0816510192361226,0.7338704851141271,"538,399,102,439,600,478,244,477,563,433,607,45,154,267,494,92,347,465,635,517"
31,range_004776-004975,range_004926-005125,0.65,0.15000000000000002,0.7996863210975154,0.5929850170317329,"198,333,338,500,447,69,426,118,517,645,307,390,148,373,349,268,437,621,166,192"
32,range_004926-005125,range_005076-005275,0.05,-0.45,0.47200144429566054,1.37344355223625,"75,173,339,286,73,548,543,87,52,95,182,70,92,200,247,153,596,455,413,538"
33,range_005076-005275,range_005226-005425,0.4,-0.09999999999999998,0.0,0.0,"213,514,562,475,70,97,512,483,384,532,597,402,393,4,96,664,492,414,314,224"
34,range_005226-005425,range_005376-005575,0.6,0.09999999999999998,1.309127655945815,0.9304672398590337,"546,551,130,378,596,440,253,498,163,260,350,521,548,226,658,199,538,297,391,129"
35,range_005376-005575,range_005526-005725,0.45,-0.04999999999999999,0.32444067515407604,0.3883509092071797,"607,117,145,541,500,487,278,395,314,530,577,510,332,499,49,434,11,424,376,131"
36,range_005526-005725,range_005676-005875,0.35,-0.15000000000000002,0.4020964084088353,0.46503642894507535,"424,532,76,541,304,128,602,492,473,529,568,190,631,547,584,588,224,564,650,160"
37,range_005676-005875,range_005826-006025,0.3,-0.2,1.3101025264556112,1.8942886117040365,"586,537,78,73,121,308,133,525,612,589,652,411,570,24,284,301,346,26,224,523"
38,range_005826-006025,range_005976-006175,0.3,-0.2,1.1309148374742855,1.3087062493704007,"67,663,528,186,373,643,183,131,125,614,562,332,410,408,435,456,135,268,192,169"
39,range_005976-006175,range_006126-006325,0.0,-0.5,0.0,0.9932904746914724,"391,521,179,543,208,498,378,660,303,551,548,260,520,130,610,394,106,123,658,441"
40,range_006126-006325,range_006276-006475,0.425,-0.07500000000000001,0.0,0.0,"270,596,22,196,2,69,417,640,442,223,167,536,392,477,451,630,575,653,299,258"
41,range_006276-006475,range_006426-006625,0.15,-0.35,0.15866321231078517,0.6060670769042154,"318,322,206,530,141,165,132,7,339,315,122,610,288,287,560,124,378,297,103,539"
42,range_006426-006625,range_006576-006775,0.15,-0.35,0.0,0.18793479005231534,"264,158,211,187,474,413,26,496,416,251,74,127,68,321,224,355,59,537,522,425"
43,range_006576-006775,range_006726-006925,0.6,0.09999999999999998,0.4164563366588303,0.1966719759945305,"428,364,278,438,579,543,234,240,538,287,212,171,644,496,369,653,20,610,304,328"
44,range_006726-006925,range_006876-007075,0.9,0.4,1.465934719909917,0.5689207974834456,"291,221,655,521,630,358,206,375,5,147,86,563,284,439,576,297,610,613,31,63"
45,range_006876-007075,range_007026-007225,0.175,-0.325,0.0,0.18112346246616523,"532,428,116,322,391,590,416,218,660,224,492,233,109,581,423,661,379,580,84,496"
46,range_007026-007225,range_007176-007375,0.4,-0.09999999999999998,0.3353943468612108,0.3605064138672904,"590,327,499,461,141,305,515,235,153,173,532,91,84,397,92,224,386,501,400,360"
47,range_007176-007375,range_007326-007525,0.2,-0.3,0.0,0.21366380881648117,"601,208,318,137,110,531,300,179,261,525,351,566,202,546,337,608,305,388,226,122"
48,range_007326-007525,range_007476-007675,0.9,0.4,0.16137674926860343,0.0,"609,77,243,594,454,451,254,468,223,266,172,220,449,31,22,416,335,549,102,297"
49,range_007476-007675,range_007626-007825,0.8,0.30000000000000004,1.8563406196394985,1.2446889884929764,"450,261,109,1,163,211,2,228,233,137,570,422,576,73,613,153,95,467,127,394"
50,range_007626-007825,range_007776-007975,0.65,0.15000000000000002,1.232195582038828,0.816350680186702,"640,348,212,206,17,565,350,88,250,383,36,581,575,500,490,186,227,321,389,7"
51,range_007776-007975,range_007926-008125,0.05,-0.45,0.4151923673526196,1.1122504393743435,"346,146,95,165,73,5,498,99,262,158,122,335,595,181,116,467,173,7,391,129"
52,range_007926-008125,range_008076-008275,0.95,0.44999999999999996,1.1671496436394053,0.5064676029213935,"390,148,421,30,241,648,185,482,568,420,186,152,9,434,435,433,486,113,396,349"
53,range_008076-008275,range_008226-008425,0.35,-0.15000000000000002,1.2471149057452604,1.8607289900996196,"658,579,551,498,282,628,382,163,350,205,644,24,546,106,208,432,391,95,107,226"
54,range_008226-008425,range_008376-008575,0.7,0.19999999999999996,0.21733043418165032,0.0,"211,111,662,225,205,580,73,142,115,628,522,658,302,546,303,565,236,127,644,350"
55,range_008376-008575,range_008526-008725,0.85,0.35,1.2926716226346344,0.6541715311893234,"563,293,384,428,142,330,110,471,171,279,183,367,333,210,547,375,661,215,244,42"
56,range_008526-008725,range_008676-008875,0.0,-0.5,0.0,1.1089599944637263,"116,498,403,106,391,78,646,608,644,561,356,546,127,596,543,208,560,660,594,406"
57,range_008676-008875,range_008826-009025,0.25,-0.25,0.2509462425445864,0.41397768999855766,"603,613,174,494,459,1,235,162,474,319,431,256,446,166,507,634,552,407,631,622"
58,range_008826-009025,range_008976-009175,0.3,-0.2,0.12091747281300534,0.5882147649676306,"394,5,187,658,269,622,526,226,461,440,495,380,607,469,24,173,238,425,153,127"
59,range_008976-009175,range_009126-009325,0.35,-0.15000000000000002,0.4845384508343127,0.7192220520670924,"529,408,306,72,198,124,486,37,32,180,120,588,636,654,342,331,131,288,325,648"
60,range_009126-009325,range_009276-009475,0.25,-0.25,0.5182499096472174,0.8341521642948094,"157,86,485,632,30,475,592,436,1,186,606,132,437,27,114,126,47,505,597,631"
61,range_009276-009475,range_009426-009625,0.075,-0.425,0.0,0.3367685856176259,"342,234,619,345,44,467,22,81,123,189,305,229,213,235,138,444,176,91,548,443"
62,range_009426-009625,range_009576-009775,0.35,-0.15000000000000002,0.3603167400880423,0.6822671067658668,"525,514,492,362,343,270,622,123,520,171,31,393,321,375,264,549,258,1,661,330"
63,range_009576-009775,range_009726-009925,0.3,-0.2,0.15847854989651963,0.5520626269352167,"280,472,571,254,243,491,513,219,22,115,322,493,523,202,634,646,641,487,206,414"
64,range_009726-009925,range_009876-010075,0.85,0.35,0.47340041934373117,0.08966903761832945,"564,529,478,531,258,453,433,349,294,197,285,615,221,435,645,359,269,408,157,447"
65,range_009876-010075,range_010026-010225,0.65,0.15000000000000002,0.7190730342803173,0.5873439204267544,"210,656,518,576,296,97,405,544,278,556,324,510,20,579,483,142,401,574,294,505"
66,range_010026-010225,range_010176-010375,0.35,-0.15000000000000002,0.4267072772599878,0.6862545511382435,"81,566,144,565,195,271,301,415,22,162,199,220,107,133,434,537,640,194,94,44"
67,range_010176-010375,range_010326-010525,0.65,0.15000000000000002,0.2727400349868929,0.05640996156376404,"150,196,169,132,170,124,175,134,334,631,357,557,563,53,298,316,329,221,516,39"
68,range_010326-010525,range_010476-010675,0.05,-0.45,0.0,0.3156704895508693,"535,178,310,644,186,160,485,430,49,332,401,140,108,276,126,539,437,228,503,162"
69,range_010476-010675,range_010626-010825,0.4,-0.09999999999999998,0.6656681312589483,0.7110757964360203,"168,282,274,465,622,373,170,260,369,597,646,151,55,124,188,427,190,542,22,594"
70,range_010626-010825,range_010776-010975,0.8,0.30000000000000004,0.5923779314825769,0.25433421195461925,"338,46,90,462,442,10,364,474,510,35,223,499,137,465,319,260,501,332,607,556"
71,range_010776-010975,range_010926-011125,0.0,-0.5,0.0,0.6103860026363376,"260,20,224,481,215,631,379,496,416,46,229,368,643,1,276,286,124,178,333,41"
72,range_010926-011125,range_011076-011275,1.0,0.5,2.477644594006467,1.1786340750551587,"586,163,351,340,301,566,337,416,146,26,133,308,38,262,595,214,491,283,618,137"
73,range_011076-011275,range_011226-011425,0.7,0.19999999999999996,1.0673467980065598,0.9114799043389539,"274,580,392,322,141,394,641,363,45,491,611,283,440,109,597,305,526,379,174,327"
74,range_011226-011425,range_011376-011575,0.15,-0.35,0.0,0.2143483835252375,"440,493,226,612,346,570,50,580,109,301,498,163,599,380,127,495,439,658,512,566"
75,range_011376-011575,range_011526-011725,1.0,0.5,2.035832530814206,1.1386927408182212,"268,15,404,453,534,636,65,515,239,125,166,624,101,96,390,41,316,126,25,19"
76,range_011526-011725,range_011676-011875,0.8,0.30000000000000004,2.382862987973535,1.6558564476811541,"422,164,242,646,385,347,136,287,340,492,90,238,658,467,564,457,150,209,414,195"
77,range_011676-011875,range_011826-012025,1.0,0.5,0.9277106861028014,0.027239018390537217,"398,473,641,281,403,463,146,363,570,308,163,245,273,566,608,599,247,262,261,118"
78,range_011826-012025,range_011976-012175,0.1,-0.4,1.1206799014679742,1.683753660028735,"312,436,589,292,441,234,607,271,424,218,264,224,115,43,409,113,215,525,300,128"
79,range_011976-012175,range_012126-012325,0.35,-0.15000000000000002,0.9479378051276566,1.2483364423710452,"197,206,32,603,33,234,37,196,588,205,183,175,42,65,516,91,637,13,648,160"
80,range_012126-012325,range_012276-012475,0.35,-0.15000000000000002,0.9930727019960449,1.3102810824867501,"112,232,391,458,318,405,403,393,511,350,114,266,99,586,546,461,132,551,411,625"
81,range_012276-012475,range_012426-012625,0.55,0.050000000000000044,0.01326264321018198,0.0,"322,345,249,157,368,235,569,1,275,549,171,188,428,68,517,7,362,195,284,400"
82,range_012426-012625,range_012576-012775,0.65,0.15000000000000002,0.9113498302729466,0.6629513041503972,"463,327,1,466,636,428,398,46,541,468,222,561,369,255,231,314,415,296,215,138"
83,range_012576-012775,range_012726-012925,0.5,0.0,0.3675680420948203,0.30431113552297084,"105,278,104,366,245,220,658,24,272,455,47,146,283,221,413,600,73,225,619,351"
84,range_012726-012925,range_012876-013075,0.4,-0.09999999999999998,1.5689944247175003,1.640753799394299,"648,453,286,606,584,477,145,135,528,555,663,643,108,30,588,128,289,373,478,257"
85,range_012876-013075,range_013026-013225,0.3,-0.2,0.9621898397606741,1.134466438421526,"343,400,329,125,47,205,637,194,445,342,345,224,174,462,203,417,586,330,295,142"
86,range_013026-013225,range_013176-013375,0.7,0.19999999999999996,1.1079113106233682,0.6376619505817235,"545,73,364,491,346,595,159,570,530,227,224,599,24,569,371,382,202,308,220,163"
87,range_013176-013375,range_013326-013525,0.45,-0.04999999999999999,1.450905596440212,1.4517528866881508,"20,643,401,205,653,330,17,277,139,584,454,623,333,576,157,309,217,33,502,561"
88,range_013326-013525,range_013476-013675,0.15,-0.35,0.25522892253005736,0.6634622913730488,"457,371,132,461,400,16,409,162,462,536,52,512,271,235,173,209,388,309,38,236"
89,range_013476-013675,range_013626-013825,0.325,-0.175,0.0,0.04888984526070383,"470,662,212,136,501,28,606,519,576,288,416,263,273,414,15,358,40,45,367,399"
90,range_013626-013825,range_013776-013975,0.1,-0.4,0.02349521434710696,0.4563328032872237,"46,479,529,219,6,639,141,317,606,473,499,534,228,67,120,474,273,597,476,326"
91,range_013776-013975,range_013926-014125,0.3,-0.2,0.43107371554518464,0.733932700125562,"272,618,660,233,274,532,548,518,264,497,202,544,386,42,546,445,134,7,474,121"
92,range_013926-014125,range_014076-014275,0.75,0.25,1.187917741187115,0.9407354308762258,"231,516,470,456,205,518,370,33,265,169,558,501,509,557,49,302,656,453,636,239"
93,range_014076-014275,range_014226-014425,0.25,-0.25,1.207117313166259,1.353320656298338,"52,54,59,409,305,168,113,638,559,147,188,598,566,316,225,461,348,345,143,366"
94,range_014226-014425,range_014376-014575,0.5,0.0,0.012591044765924264,0.03857736242493297,"36,625,357,253,641,601,600,24,647,367,272,658,526,266,440,153,129,220,77,571"
95,range_014376-014575,range_014526-014725,0.3,-0.2,0.4929127879021562,0.6850454475322365,"107,183,542,239,134,244,69,459,506,267,119,399,11,294,578,412,529,260,136,23"
96,range_014526-014725,range_014676-014875,0.55,0.050000000000000044,0.8091762641106799,0.6292210064508923,"462,196,312,428,67,493,267,510,338,181,33,643,31,379,186,244,443,416,107,456"
97,range_014676-014875,range_014826-015025,0.025,-0.475,0.0,1.4596596853769808,"566,522,526,176,365,394,26,189,146,411,245,127,163,261,78,133,658,73,251,570"
98,range_014826-015025,range_014976-015175,0.55,0.050000000000000044,0.7238294620068619,0.5708077387144621,"599,438,611,397,513,589,283,653,546,467,24,580,588,153,226,647,232,251,450,618"
99,range_014976-015175,range_015126-015325,0.9,0.4,0.9122197034386852,0.2779532981107486,"342,206,622,36,465,646,68,368,54,182,315,52,551,596,579,259,219,521,111,177"
100,range_015126-015325,range_015276-015475,0.0,-0.5,0.0,0.8466852006352439,"261,4,311,580,345,50,611,55,440,1,301,480,346,271,454,522,2,70,236,640"
101,range_015276-015475,range_015426-015625,0.85,0.35,0.24934836652104442,0.0,"32,637,126,239,155,265,541,169,424,66,162,621,420,76,555,654,527,447,329,564"
102,range_015426-015625,range_015576-015775,0.05,-0.45,0.01878130846418112,0.9308885268583722,"133,523,351,346,163,595,652,413,227,301,137,146,397,531,411,171,38,308,182,496"
103,range_015576-015775,range_015726-015925,0.375,-0.125,0.0,0.0,"361,297,496,187,331,69,554,288,540,248,638,218,538,587,265,54,525,656,381,244"
104,range_015726-015925,range_015876-016075,0.45,-0.04999999999999999,0.25694122412748865,0.3373334693516881,"245,366,94,84,225,619,83,220,600,214,163,250,367,272,283,24,384,526,47,146"
105,range_015876-016075,range_016026-016225,0.65,0.15000000000000002,0.2613409626064637,0.0,"142,657,144,3,122,401,592,277,625,264,345,287,493,377,181,74,77,79,547,335"
106,range_016026-016225,range_016176-016375,0.45,-0.04999999999999999,0.5232261554848964,0.6133418990935512,"169,96,45,539,409,139,5,497,478,530,382,348,545,586,270,203,619,525,174,51"
107,range_016176-016375,range_016326-016525,0.075,-0.425,0.0,0.20927308149313142,"502,326,475,20,207,88,591,221,408,656,578,452,427,186,650,259,313,347,286,456"
108,range_016326-016525,range_016476-016675,0.55,0.050000000000000044,1.8497411777264843,1.6317880280652022,"452,580,73,336,467,177,566,393,411,516,173,261,380,647,570,164,522,129,430,78"
109,range_016476-016675,range_016626-016825,0.7,0.19999999999999996,1.4118981247707247,1.190747259053854,"265,651,161,390,93,306,39,442,304,175,542,410,138,533,40,588,524,534,155,574"
110,range_016626-016825,range_016776-016975,0.8,0.30000000000000004,1.3664571036477755,0.9415482221579826,"603,217,317,20,557,350,606,654,375,657,584,222,421,273,532,331,124,46,240,562"
111,range_016776-016975,range_016926-017125,0.5,0.0,0.7149654844226204,0.9186424922827172,"99,346,599,476,163,78,282,121,245,186,226,464,383,167,281,628,35,560,406,536"
112,range_016926-017125,range_017076-017275,0.05,-0.45,0.3702596399462175,1.011368814039577,"155,9,135,575,333,603,269,531,487,527,562,404,541,201,625,636,412,197,241,69"
113,range_017076-017275,range_017226-017425,0.6,0.09999999999999998,1.0271311488256045,0.9116256276836164,"15,540,500,149,631,442,407,657,100,338,625,624,552,316,25,534,623,516,239,32"
114,range_017226-017425,range_017376-017575,0.65,0.15000000000000002,1.127484992047523,0.9385661127551275,"345,29,10,462,204,323,489,138,254,490,643,511,243,344,124,424,534,642,404,376"
115,range_017376-017575,range_017526-017725,0.6,0.09999999999999998,0.17866438754989006,0.06062114129340132,"251,526,598,24,300,18,38,147,560,296,214,594,173,208,280,48,295,174,394,422"
116,range_017526-017725,range_017676-017875,0.8,0.30000000000000004,1.688409391852084,1.1591195369970555,"334,572,60,533,424,575,591,151,562,100,161,234,396,588,237,509,518,185,198,516"
117,range_017676-017875,range_017826-018025,0.0,-0.5,0.0,2.2826325259345523,"78,463,77,570,73,641,566,598,225,133,599,163,127,398,337,87,104,262,26,275"
118,range_017826-018025,range_017976-018175,0.35,-0.15000000000000002,0.0,0.0,"17,447,298,415,353,395,166,306,27,645,319,154,451,56,372,299,58,326,89,328"
119,range_017976-018175,range_018126-018325,0.25,-0.25,0.055660191218086526,0.3102195815369836,"69,205,338,100,651,603,654,572,550,329,552,131,567,108,166,290,557,435,15,289"
120,range_018126-018325,range_018276-018475,0.95,0.44999999999999996,2.3236249765965598,1.0636675923141534,"611,168,598,77,288,199,291,458,554,600,380,442,284,540,394,575,187,274,236,321"
121,range_018276-018475,range_018426-018625,0.25,-0.25,0.060069897955909536,0.22027820331257847,"223,225,321,251,171,226,458,380,141,607,569,182,529,491,227,236,581,386,336,74"
122,range_018426-018625,range_018576-018775,0.05,-0.45,0.0,0.5368693677306313,"214,392,491,38,365,581,343,525,337,253,163,206,376,202,26,109,92,179,611,413"
123,range_018576-018775,range_018726-018925,0.15,-0.35,0.20265576188310172,0.5262644013618015,"267,328,313,433,239,419,10,42,62,417,483,597,379,451,72,507,326,532,321,545"
124,range_018726-018925,range_018876-019075,0.25,-0.25,0.4274965265726671,0.7234529207806903,"425,329,408,643,259,93,76,659,588,471,509,32,39,207,572,587,420,578,651,555"
125,range_018876-019075,range_019026-019225,0.05,-0.45,0.0,0.8247025055016468,"200,394,576,78,467,526,632,377,31,332,348,365,553,43,213,600,164,415,634,315"
126,range_019026-019225,range_019176-019375,0.85,0.35,1.2540479431148381,0.4239672280040884,"602,315,570,245,158,24,558,339,262,272,59,214,378,232,413,153,70,507,658,112"
127,range_019176-019375,range_019326-019525,0.2,-0.3,1.4735951943730023,2.0226331992705817,"114,657,435,590,453,429,102,404,175,306,487,535,65,481,408,583,162,269,626,13"
128,range_019326-019525,range_019476-019675,0.65,0.15000000000000002,1.4223706993859906,1.04694535993145,"441,542,533,402,385,173,57,405,521,415,524,529,436,27,9,400,426,617,502,282"
129,range_019476-019675,range_019626-019825,0.225,-0.275,0.0,0.028408276517727545,"91,353,52,398,318,90,322,143,352,513,631,641,393,625,87,559,59,34,350,327"
130,range_019626-019825,range_019776-019975,0.95,0.44999999999999996,1.3317345830002758,0.2406586607757999,"82,653,257,620,633,19,98,175,430,194,85,575,107,358,310,341,287,612,181,240"
131,range_019776-019975,range_019926-020125,0.35,-0.15000000000000002,0.5475179602236262,0.7198161481129056,"98,47,609,150,502,435,574,192,352,562,16,563,412,511,305,510,503,81,661,154"
132,range_019926-020125,range_020076-020275,1.0,0.5,1.8572275249948864,0.6392508071171655,"461,211,353,164,43,378,611,59,247,628,537,119,183,644,227,282,531,253,170,18"
133,range_020076-020275,range_020226-020425,1.0,0.5,1.597987764585819,0.06065508190950898,"122,363,343,146,641,10,618,612,365,597,245,647,598,24,95,344,496,253,392,526"
134,range_020226-020425,range_020376-020575,0.55,0.050000000000000044,0.46335762885919074,0.4213329814400062,"205,156,506,9,54,80,6,564,1,76,516,487,60,567,659,650,11,8,190,405"
135,range_020376-020575,range_020526-020725,0.45,-0.04999999999999999,0.6153159546725783,0.64479871047589,"1,106,119,244,89,255,311,483,312,203,583,248,82,40,118,499,121,145,395,54"
136,range_020526-020725,range_020676-020875,0.7,0.19999999999999996,0.4795060080244549,0.34590055889061494,"18,646,398,348,445,90,83,548,115,227,501,401,502,51,297,31,177,565,649,484"
137,range_020676-020875,range_020826-021025,1.0,0.5,1.5968321830366714,0.32662887498759363,"537,386,245,226,580,569,75,228,233,640,212,607,235,109,597,179,652,182,436,158"
138,range_020826-021025,range_020976-021175,0.75,0.25,0.8665177879639648,0.4109948134185386,"34,453,490,541,281,293,408,267,229,195,518,630,556,56,185,373,260,311,650,487"
139,range_020976-021175,range_021126-021325,0.1,-0.4,0.0,0.6052106664891128,"207,392,596,106,388,458,38,96,541,197,641,74,77,646,346,253,126,87,279,549"
140,range_021126-021325,range_021276-021475,0.45,-0.04999999999999999,0.07881711157373791,0.13933723317851968,"43,463,29,112,72,254,55,610,461,361,436,193,473,273,591,608,399,450,402,130"
141,range_021276-021475,range_021426-021625,0.7,0.19999999999999996,0.37698087452828544,0.23202583123553794,"102,634,393,520,296,74,256,314,208,181,631,464,310,617,521,548,437,531,646,309"
142,range_021426-021625,range_021576-021775,0.05,-0.45,0.0,0.6401723700335559,"233,647,214,208,618,215,656,262,601,158,493,351,327,302,236,636,536,104,274,495"
143,range_021576-021775,range_021726-021925,0.55,0.050000000000000044,0.022601532686690025,0.0,"640,250,594,10,592,2,182,1,345,431,536,284,292,281,59,388,35,188,79,177"
144,range_021726-021925,range_021876-022075,0.85,0.35,1.0618527770135298,0.6211070341935435,"205,161,396,9,267,547,419,325,299,627,276,155,128,162,72,477,118,80,410,241"
145,range_021876-022075,range_022026-022225,1.0,0.5,2.369867047058833,1.0484249625530682,"536,191,347,385,41,622,52,260,353,38,586,377,496,159,371,176,242,337,31,589"
146,range_022026-022225,range_022176-022375,0.05,-0.45,0.0,0.3362277761700937,"521,43,352,263,394,322,364,47,59,83,490,10,249,200,467,273,415,463,174,641"
147,range_022176-022375,range_022326-022525,0.95,0.44999999999999996,1.1443500016562083,0.6095858286419544,"446,471,113,71,557,39,574,418,425,448,653,338,91,98,85,230,27,126,310,285"
148,range_022326-022525,range_022476-022675,1.0,0.5,1.180686462290737,0.7407335353075648,"539,585,306,252,246,635,395,584,197,93,323,314,135,487,260,456,587,433,65,15"
149,range_022476-022675,range_022626-022825,0.35,-0.15000000000000002,0.3470160221007798,0.6464958416243493,"334,381,466,178,134,222,192,64,420,542,321,265,128,626,221,408,102,505,436,550"
150,range_022626-022825,range_022776-022975,0.55,0.050000000000000044,0.6682657582473417,0.5098528656038679,"0,493,15,542,197,200,137,640,62,94,468,49,171,467,227,436,284,563,592,10"
151,range_022776-022975,range_022926-023125,0.025,-0.475,0.0,0.5047337664848142,"188,291,101,633,242,329,321,263,289,47,351,287,597,466,317,576,572,448,493,401"
152,range_022926-023125,range_023076-023275,0.75,0.25,1.7264315177665033,1.3440334910097271,"371,442,99,138,137,236,346,301,425,261,413,238,226,112,522,640,469,458,388,644"
153,range_023076-023275,range_023226-023425,0.9,0.4,0.9820693657506272,0.3675910271946583,"462,619,554,650,255,459,551,399,284,2,203,296,328,480,339,81,652,210,521,538"
154,range_023226-023425,range_023376-023575,0.15,-0.35,0.10979813020580134,0.6204272180833349,"502,524,101,563,421,128,248,71,368,190,395,538,470,545,527,629,110,260,304,68"
155,range_023376-023575,range_023526-023725,0.65,0.15000000000000002,0.5793188092887974,0.4022828695032808,"426,420,6,629,53,582,531,487,216,583,506,205,481,252,241,57,298,535,387,659"
156,range_023526-023725,range_023676-023875,0.0,-0.5,0.3145360768064771,1.2819652786935067,"646,457,141,270,473,395,191,167,115,436,495,208,299,530,609,443,18,465,275,109"
157,range_023676-023875,range_023826-024025,0.95,0.44999999999999996,1.2572100568984497,0.3084586300892258,"47,286,627,318,342,312,367,174,204,10,300,99,272,415,645,234,246,397,79,118"
158,range_023826-024025,range_023976-024175,0.45,-0.04999999999999999,0.06036944956788821,0.03493792502516859,"523,106,497,569,512,462,94,264,336,635,422,272,254,122,59,270,282,360,48,31"
159,range_023976-024175,range_024126-024325,0.25,-0.25,1.0262889769439367,1.2033823655159384,"651,325,408,482,629,12,614,616,201,437,420,117,334,373,585,180,583,447,506,484"
160,range_024126-024325,range_024276-024475,0.05,-0.45,0.5312819474880314,1.2040751312503493,"496,468,442,545,350,244,216,248,278,625,88,40,477,219,568,277,445,359,31,379"
161,range_024276-024475,range_024426-024625,0.275,-0.22499999999999998,0.0,0.0,"85,110,627,186,265,128,334,30,456,80,606,338,552,659,657,516,372,487,61,108"
162,range_024426-024625,range_024576-024775,0.85,0.35,1.846555179283493,1.1519860668853894,"346,225,77,243,608,295,411,236,232,480,403,177,397,611,211,78,498,455,458,146"
163,range_024576-024775,range_024726-024925,0.2,-0.3,0.6229156861223756,1.2086218388750458,"20,424,468,190,534,459,417,613,11,510,29,229,542,35,86,193,282,303,561,594"
164,range_024726-024925,range_024876-025075,0.1,-0.4,0.2815112484829157,0.7383860511084667,"571,383,403,513,544,235,613,130,92,553,382,10,115,256,21,183,220,211,448,0"
165,range_024876-025075,range_025026-025225,0.65,0.15000000000000002,0.30011556937536965,0.19259538500658588,"390,328,71,370,650,584,577,33,302,268,110,107,605,102,288,199,654,15,426,504"
166,range_025026-025225,range_025176-025375,0.45,-0.04999999999999999,0.9709736717438268,1.101226368079023,"277,335,366,86,376,465,658,498,237,43,227,499,626,660,107,1,234,537,238,143"
167,range_025176-025375,range_025326-025525,0.55,0.050000000000000044,0.0926783204547423,0.11990411443598886,"128,615,516,585,58,540,661,574,525,584,215,544,0,506,501,282,224,446,63,1"
168,range_025326-025525,range_025476-025675,0.9,0.4,1.0207956560608544,0.4704320842160308,"218,274,574,497,508,236,635,333,646,324,560,403,265,384,327,631,491,243,280,379"
169,range_025476-025675,range_025626-025825,0.05,-0.45,0.2885784460706492,0.9051231536095891,"455,262,213,97,461,489,289,323,512,492,339,333,296,367,544,607,20,55,431,191"
170,range_025626-025825,range_025776-025975,0.8,0.30000000000000004,0.4989456698141742,0.12672084423835972,"402,663,393,327,401,188,44,328,496,215,445,154,275,519,206,62,549,318,69,449"
171,range_025776-025975,range_025926-026125,0.2,-0.3,0.11640818561952163,0.3215971750545636,"409,330,315,131,352,368,240,480,197,452,642,587,270,114,431,18,483,602,241,123"
172,range_025926-026125,range_026076-026275,0.4,-0.09999999999999998,0.19854794699551948,0.4427285011233371,"388,495,214,292,95,647,526,315,498,112,78,403,247,129,570,601,457,439,658,94"
173,range_026076-026275,range_026226-026425,0.275,-0.22499999999999998,0.0,0.0,"238,622,399,312,379,615,287,305,337,45,553,457,351,445,18,10,247,161,592,35"
174,range_026226-026425,range_026376-026575,0.45,-0.04999999999999999,0.3598343310143137,0.4291411625280497,"47,551,491,206,211,363,291,450,262,102,209,10,566,95,513,508,261,301,75,284"
175,range_026376-026575,range_026526-026725,0.2,-0.3,0.04202148319578843,0.204486884309328,"51,260,505,504,377,400,35,136,362,372,370,264,323,154,18,592,65,203,600,412"
176,range_026526-026725,range_026676-026875,0.5,0.0,0.05376317905996351,0.08142848580628168,"135,188,129,264,398,439,508,200,75,497,123,238,327,609,164,292,397,441,311,209"
177,range_026676-026875,range_026826-027025,0.125,-0.375,0.0,0.4672535781958961,"191,411,48,295,438,580,14,403,638,105,526,24,416,243,366,245,137,116,512,78"
178,range_026826-027025,range_026976-027175,0.55,0.050000000000000044,0.21405321748134193,0.011737125248500565,"22,68,428,661,492,139,565,579,124,358,318,304,110,496,330,18,42,41,423,556"
179,range_026976-027175,range_027126-027325,1.0,0.5,1.2971175362939775,0.31071960557648404,"270,125,194,337,445,224,452,315,376,217,559,584,466,483,83,410,30,492,384,22"
180,range_027126-027325,range_027276-027475,0.15,-0.35,1.2093213430862544,1.9650830416972334,"75,658,211,251,283,245,264,250,256,3,353,261,414,368,167,196,493,116,363,462"
181,range_027276-027475,range_027426-027625,0.375,-0.125,0.0,0.0,"530,559,451,236,376,622,409,461,57,318,303,112,297,240,337,220,92,279,31,247"
182,range_027426-027625,range_027576-027775,0.75,0.25,0.9184317939059887,0.5565152577873048,"515,138,8,248,324,507,556,49,126,222,656,592,452,372,64,60,579,632,131,201"
183,range_027576-027775,range_027726-027925,0.8,0.30000000000000004,0.8657051779616445,0.5159324118446085,"616,604,484,307,334,550,567,25,629,12,166,475,349,169,659,582,494,207,14,482"
184,range_027726-027925,range_027876-028075,0.95,0.44999999999999996,1.3064041703692646,0.9054393340729852,"420,475,527,604,558,484,241,19,582,307,216,14,486,268,313,334,494,269,325,485"
185,range_027876-028075,range_028026-028225,0.15,-0.35,0.21730998982199654,0.5479674590057717,"80,307,557,588,134,125,606,552,331,67,316,626,265,157,541,160,567,621,156,196"
186,range_028026-028225,range_028176-028375,0.05,-0.45,0.026347860646130324,1.0189772011101885,"74,209,469,557,647,146,70,337,121,79,87,163,2,553,377,343,225,525,217,308"
187,range_028176-028375,range_028326-028525,0.25,-0.25,0.0,0.0,"576,586,217,469,228,403,575,32,254,442,454,168,397,557,264,569,516,140,360,212"
188,range_028326-028525,range_028476-028675,0.05,-0.45,0.0,0.943176161475964,"73,380,580,382,570,99,411,174,658,47,546,301,163,498,211,261,245,127,346,3"
189,range_028476-028675,range_028626-028825,0.8,0.30000000000000004,0.42574529969027763,0.0,"262,311,308,225,133,24,336,105,380,571,109,647,366,26,146,495,512,455,497,641"
190,range_028626-028825,range_028776-028975,0.85,0.35,1.2561018970181748,0.6084441272886001,"598,393,537,568,351,122,255,652,638,491,47,516,366,651,39,106,295,297,293,619"
191,range_028776-028975,range_028926-029125,0.9,0.4,1.3029344733772397,0.7757621797561322,"395,650,34,175,205,435,372,447,37,314,606,528,101,657,623,326,562,572,114,131"
192,range_028926-029125,range_029076-029275,0.7,0.19999999999999996,1.2698152033379824,0.9743436424469674,"229,81,341,340,170,228,0,465,23,635,294,631,626,412,544,624,177,420,281,119"
193,range_029076-029275,range_029226-029425,0.75,0.25,1.3107929676476424,0.7870474360401087,"52,111,454,356,291,630,523,586,365,4,496,543,619,532,398,642,371,664,292,287"
194,range_029226-029425,range_029376-029575,0.275,-0.22499999999999998,0.0,0.12794009167377837,"301,611,209,526,546,658,50,308,73,380,225,570,245,414,383,78,163,662,211,580"
195,range_029376-029575,range_029526-029725,0.8,0.30000000000000004,1.1031624303496803,0.6186256413615558,"375,534,100,8,128,639,519,612,58,312,650,17,309,42,68,527,468,342,350,452"
196,range_029526-029725,range_029676-029875,0.2,-0.3,0.6335721529557651,1.0088198484521365,"349,85,150,375,72,456,399,396,539,151,433,39,54,221,350,466,452,407,114,574"
197,range_029676-029875,range_029826-030025,0.2,-0.3,0.0,0.12923355526032942,"279,653,37,579,90,340,596,456,68,217,255,1,649,317,552,270,651,431,417,625"
198,range_029826-030025,range_029976-030175,0.45,-0.04999999999999999,0.10771313863377334,0.21501954534002715,"323,587,237,107,155,114,314,635,332,178,421,357,575,120,258,186,152,444,515,71"
199,range_029976-030175,range_030126-030325,0.9,0.4,1.1918227791427258,0.5495767752694117,"75,398,39,54,40,566,1,71,455,470,7,115,520,573,355,66,396,553,300,277"
200,range_030126-030325,range_030276-030475,0.7,0.19999999999999996,1.4764228160408226,1.307412021520689,"487,659,185,19,290,506,623,420,216,117,387,604,603,488,651,624,30,313,555,325"
201,range_030276-030475,range_030426-030625,0.6,0.09999999999999998,2.620958838700139,2.2725580028718646,"121,605,26,87,284,597,388,595,219,346,214,137,262,570,95,253,525,411,364,337"
202,range_030426-030625,range_030576-030775,0.5,0.0,0.683552672122033,0.8356200432366583,"531,358,386,439,229,215,128,312,553,115,264,464,69,113,139,483,167,282,236,375"
203,range_030576-030775,range_030726-030925,0.125,-0.375,0.0,0.3134137936453246,"430,109,458,526,105,348,413,163,245,634,631,510,82,127,112,43,164,24,116,595"
204,range_030726-030925,range_030876-031075,0.325,-0.175,0.0,0.0,"370,66,627,41,229,373,32,155,592,663,273,524,169,60,404,128,362,338,482,134"
205,range_030876-031075,range_031026-031225,0.15,-0.35,0.28223153221430225,0.9663090954512187,"561,406,646,130,521,413,73,387,346,115,660,315,95,99,274,70,106,84,87,608"
206,range_031026-031225,range_031176-031375,0.85,0.35,1.4420446775073332,1.1016281448882537,"14,494,13,53,334,12,180,307,482,76,616,636,421,562,354,57,313,19,659,500"
207,range_031176-031375,range_031326-031525,0.8,0.30000000000000004,2.5952797496593476,2.1081648617377438,"42,402,504,445,463,627,55,412,457,297,622,495,90,403,74,52,561,174,465,63"
208,range_031326-031525,range_031476-031675,0.35,-0.15000000000000002,0.0,0.0,"660,282,480,151,62,303,523,363,508,253,129,99,92,355,560,367,83,115,467,556"
209,range_031476-031675,range_031626-031825,0.175,-0.325,0.0,0.13187769625711476,"346,391,450,660,526,662,455,75,127,165,411,3,111,153,50,380,116,440,403,261"
210,range_031626-031825,range_031776-031975,0.8,0.30000000000000004,0.7738607360796628,0.26499306891841,"220,99,130,282,85,174,274,495,283,111,73,188,522,324,258,355,244,662,595,356"
211,range_031776-031975,range_031926-032125,0.2,-0.3,0.0,0.07035786098754501,"551,438,308,38,377,512,332,622,1,246,518,381,374,463,423,326,617,513,393,613"
212,range_031926-032125,range_032076-032275,0.4,-0.09999999999999998,0.45401747135522386,0.5811776741035259,"507,553,479,306,369,123,102,167,16,608,627,230,312,187,316,0,282,480,339,455"
213,range_032076-032275,range_032226-032425,0.75,0.25,0.9425589564148721,0.15867014285642456,"301,109,422,73,245,348,377,49,308,378,315,280,164,613,95,662,81,363,570,283"
214,range_032226-032425,range_032376-032575,0.8,0.30000000000000004,0.31000272494720155,0.0,"416,22,235,251,523,115,559,1,375,571,455,600,200,507,322,537,492,365,378,457"
215,range_032376-032575,range_032526-032725,0.15,-0.35,0.3922095036238503,0.6785802259964125,"550,420,506,396,329,231,567,21,481,148,582,241,57,201,252,564,14,6,421,663"
216,range_032526-032725,range_032676-032875,0.4,-0.09999999999999998,1.153529703942318,1.4154706002421222,"109,74,522,601,254,253,206,345,242,70,431,553,1,532,414,346,226,77,245,366"
217,range_032676-032875,range_032826-033025,0.3,-0.2,0.0,0.0,"282,549,584,619,401,203,543,266,275,322,493,414,631,18,365,31,415,371,441,160"
218,range_032826-033025,range_032976-033175,0.075,-0.425,0.0,0.2755995837725575,"366,143,634,589,657,344,626,167,497,318,194,187,63,264,96,618,75,532,193,26"
219,range_032976-033175,range_033126-033325,0.5,0.0,0.30733529981252333,0.40373425564738685,"467,141,618,371,580,416,174,321,284,413,86,450,250,38,546,62,343,336,422,46"
220,range_033126-033325,range_033276-033475,0.85,0.35,0.7438701070035785,0.21218052660658676,"364,51,92,566,109,50,388,419,599,513,318,365,55,348,423,41,47,232,280,191"
221,range_033276-033475,range_033426-033625,0.55,0.050000000000000044,0.500327827548463,0.4236405695196091,"288,662,178,426,166,1,246,185,294,16,304,584,656,299,499,429,329,602,448,101"
222,range_033426-033625,range_033576-033775,0.3,-0.2,0.14019638100553242,0.40665645166231645,"268,194,551,154,548,654,476,61,523,414,343,482,398,11,42,315,462,123,234,473"
223,range_033576-033775,range_033726-033925,0.125,-0.375,0.0,0.41625062158799697,"411,346,261,351,24,598,542,262,38,462,10,491,202,305,308,523,513,146,363,496"
224,range_033726-033925,range_033876-034075,0.2,-0.3,0.08818799830336171,0.7981244010128676,"133,346,491,24,284,262,595,374,586,513,212,86,598,437,301,78,599,92,163,382"
225,range_033876-034075,range_034026-034225,0.375,-0.125,0.0,0.0,"133,440,127,95,105,394,467,47,236,43,55,382,366,378,595,262,208,84,498,121"
226,range_034026-034225,range_034176-034375,0.4,-0.09999999999999998,0.21663653243105627,0.38137564957249037,"279,418,554,552,159,586,315,549,368,210,206,18,94,5,337,448,264,215,365,200"
227,range_034176-034375,range_034326-034525,1.0,0.5,1.3386910975257051,0.7330039609560274,"22,617,511,177,625,646,151,106,385,270,113,132,319,91,299,90,536,300,126,282"
228,range_034326-034525,range_034476-034675,0.8,0.30000000000000004,1.0807638871361034,0.6882397976427838,"475,509,90,603,135,42,155,329,76,620,433,286,529,354,66,645,64,265,68,657"
229,range_034476-034675,range_034626-034825,0.35,-0.15000000000000002,0.5613764955875475,0.6552070523652043,"551,315,423,203,443,5,455,256,159,503,637,630,103,206,249,177,638,626,462,141"
230,range_034626-034825,range_034776-034975,0.15,-0.35,0.0,0.3097789626372903,"603,538,324,449,79,57,414,318,401,144,472,571,299,350,404,187,431,361,172,636"
231,range_034776-034975,range_034926-035125,0.45,-0.04999999999999999,1.2218710094769691,1.4792953728064688,"393,439,70,377,363,525,158,411,193,346,73,109,391,431,526,245,440,343,339,154"
232,range_034926-035125,range_035076-035275,0.325,-0.175,0.0,0.0,"247,167,498,596,508,512,70,292,336,215,559,601,87,335,566,389,262,318,47,38"
233,range_035076-035275,range_035226-035425,0.0,-0.5,0.0,0.5695235064282447,"113,267,64,151,460,542,36,39,71,483,443,563,538,507,329,312,477,281,390,425"
234,range_035226-035425,range_035376-035575,0.85,0.35,0.8622643011439332,0.6258925882047529,"510,383,83,306,565,400,139,1,123,567,102,341,215,287,172,490,594,642,441,559"
235,range_035376-035575,range_035526-035725,0.5,0.0,0.266605874953539,0.2752544910352806,"366,75,608,369,129,250,403,218,147,393,471,92,641,116,191,291,84,127,618,121"
236,range_035526-035725,range_035676-035875,0.6,0.09999999999999998,0.8429717427108866,0.7288824234680793,"509,534,201,276,125,118,93,331,286,427,417,354,424,500,558,257,659,568,418,555"
237,range_035676-035875,range_035826-036025,1.0,0.5,1.3121288005615408,0.5188065945318499,"649,110,196,93,663,605,331,96,584,328,128,278,368,466,126,585,192,533,539,659"
238,range_035826-036025,range_035976-036175,0.4,-0.09999999999999998,0.2699385851609037,0.4025797077243412,"69,531,478,71,372,524,487,32,482,604,134,651,37,120,627,529,316,110,258,156"
239,range_035976-036175,range_036126-036325,0.35,-0.15000000000000002,0.6195296767464568,0.7623213261809643,"606,294,302,623,255,530,141,369,510,516,637,150,323,151,587,266,512,451,288,489"
240,range_036126-036325,range_036276-036475,0.1,-0.4,0.0,0.9242269241942205,"225,619,226,271,454,522,450,388,78,178,512,480,283,73,363,610,473,570,425,214"
241,range_036276-036475,range_036426-036625,0.65,0.15000000000000002,0.442925789048195,0.32258189621686195,"583,649,107,414,426,34,108,430,406,179,309,507,362,563,361,222,503,510,312,333"
242,range_036426-036625,range_036576-036775,0.6,0.09999999999999998,0.6083407370372779,0.4974708508833331,"126,143,438,356,129,463,284,544,661,581,275,474,51,502,219,617,507,540,351,104"
243,range_036576-036775,range_036726-036925,0.6,0.09999999999999998,0.18715617422344583,0.12262635227366761,"514,318,186,490,419,644,187,4,228,563,661,602,151,279,176,312,287,171,155,428"
244,range_036726-036925,range_036876-037075,0.8,0.30000000000000004,1.4222301233125139,0.30978323453694573,"411,462,62,520,560,580,363,546,330,540,301,112,163,356,440,282,324,75,610,394"
245,range_036876-037075,range_037026-037225,0.25,-0.25,1.5709907349054582,1.8186692538871085,"316,230,584,96,516,72,302,299,259,231,229,267,294,196,125,541,49,288,332,582"
246,range_037026-037225,range_037176-037375,0.4,-0.09999999999999998,0.8836060675186148,1.0914978474912942,"560,77,49,24,394,123,581,438,75,403,227,661,379,388,633,300,335,473,576,459"
247,range_037176-037375,range_037326-037525,0.75,0.25,0.2541769417426187,0.0,"565,62,176,356,56,263,145,339,409,626,559,106,610,330,405,43,620,275,436,297"
248,range_037326-037525,range_037476-037675,0.95,0.44999999999999996,1.166923103672889,0.6303709479216473,"111,20,337,477,375,311,428,3,448,613,265,319,40,640,187,362,561,597,170,473"
249,range_037476-037675,range_037626-037825,0.05,-0.45,0.0,0.32742330893700555,"291,474,150,652,617,92,584,54,262,341,368,96,275,466,337,508,332,101,0,486"
250,range_037626-037825,range_037776-037975,0.55,0.050000000000000044,0.01436211306249469,0.0,"77,608,274,189,140,411,296,380,360,365,284,226,137,440,188,569,361,438,312,450"
251,range_037776-037975,range_037926-038125,0.9,0.4,1.1942455532419491,0.7255213657861352,"347,237,605,60,572,296,316,518,222,395,372,332,471,328,415,314,190,180,453,178"
252,range_037926-038125,range_038076-038275,0.65,0.15000000000000002,1.7661314227911653,1.418373937559282,"364,416,376,545,225,413,322,591,498,84,367,473,146,543,283,321,607,348,440,300"
253,range_038076-038275,range_038226-038425,0.75,0.25,0.3619300557482013,0.0,"153,570,440,73,346,364,660,566,569,411,388,226,146,78,522,647,219,597,35,99"
254,range_038226-038425,range_038376-038575,0.25,-0.25,0.048446698779998805,0.2601115841638537,"394,445,599,271,0,458,382,209,546,344,662,493,147,569,413,298,597,10,205,38"
255,range_038376-038575,range_038526-038725,0.175,-0.325,0.0,0.08310324511645552,"347,18,7,187,303,427,181,131,433,556,662,470,79,459,573,194,328,285,173,402"
256,range_038526-038725,range_038676-038875,0.8,0.30000000000000004,0.6960322200057724,0.28280083680535706,"142,366,548,493,642,300,438,147,574,59,388,397,612,309,650,560,11,90,107,439"
257,range_038676-038875,range_038826-039025,0.75,0.25,0.5213231956753643,0.45428224883552965,"85,663,8,477,80,205,334,62,114,323,118,562,582,56,120,372,429,135,396,162"
258,range_038826-039025,range_038976-039175,0.85,0.35,0.9498129322653355,0.25225409796690296,"532,358,613,289,437,238,643,359,243,655,487,370,118,645,196,290,405,22,166,53"
259,range_038976-039175,range_039126-039325,0.45,-0.04999999999999999,0.616602361949307,0.6889844673406562,"133,611,91,546,380,297,570,218,60,566,51,632,348,416,198,141,364,439,554,413"
260,range_039126-039325,range_039276-039475,0.9,0.4,1.5518919732046716,0.5124623050712359,"394,245,283,441,85,192,112,646,601,209,363,520,565,628,158,303,50,226,211,78"
261,range_039276-039475,range_039426-039625,0.375,-0.125,0.0,0.0,"400,346,522,580,50,495,344,526,78,301,440,450,380,99,127,658,371,245,153,457"
262,range_039426-039625,range_039576-039775,0.75,0.25,1.68512903319182,1.4811528245089303,"538,431,350,240,62,239,136,630,606,490,198,650,156,119,502,154,590,454,579,273"
263,range_039576-039775,range_039726-039925,0.3,-0.2,0.9086157504087249,1.4979405028311255,"99,146,245,448,634,438,55,346,363,163,77,522,300,0,78,336,233,619,595,450"
264,range_039726-039925,range_039876-040075,0.8,0.30000000000000004,0.8322046652135454,0.5133103611096198,"126,69,222,504,656,180,328,514,224,362,302,161,97,483,312,68,1,4,108,500"
265,range_039876-040075,range_040026-040225,0.0,-0.5,0.0,1.290469708761957,"366,245,84,658,282,94,105,220,129,253,346,24,315,83,153,95,364,440,553,225"
266,range_040026-040225,range_040176-040375,0.425,-0.07500000000000001,0.0,0.0,"561,477,37,149,134,428,9,204,443,406,150,507,607,27,246,459,328,111,309,216"
267,range_040176-040375,range_040326-040525,0.2,-0.3,0.05028157711061037,0.7816872173359798,"87,83,141,364,302,618,491,552,202,372,122,415,409,356,280,439,445,194,651,649"
268,range_040326-040525,range_040476-040675,0.025,-0.475,0.0,1.6426339835197996,"440,580,369,469,99,425,643,50,522,226,345,466,495,81,301,153,249,346,388,162"
269,range_040476-040675,range_040626-040825,0.45,-0.04999999999999999,0.36006805576887296,0.4070890917325289,"33,210,350,493,326,398,185,468,370,118,128,416,402,44,430,511,486,106,426,379"
270,range_040626-040825,range_040776-040975,0.025,-0.475,0.0,0.881374466872294,"526,467,127,458,99,589,24,611,601,163,549,116,580,346,245,301,608,394,522,18"
271,range_040776-040975,range_040926-041125,0.225,-0.275,0.0,0.024390094482659753,"371,660,208,63,200,580,458,589,50,312,537,168,232,181,522,24,450,566,358,153"
272,range_040926-041125,range_041076-041275,0.85,0.35,0.9250849630618104,0.37205988759893005,"556,97,176,118,310,7,576,625,57,113,22,424,516,192,499,456,656,18,510,584"
273,range_041076-041275,range_041226-041425,0.55,0.050000000000000044,0.9238497451235445,0.8059470671466346,"49,390,121,238,638,130,225,111,312,295,365,497,208,413,263,2,618,658,67,513"
274,range_041226-041425,range_041376-041575,0.3,-0.2,0.0,0.0,"566,608,382,440,26,112,658,526,115,208,638,24,601,133,523,28,464,364,245,121"
275,range_041376-041575,range_041526-041725,0.25,-0.25,0.41309210415553943,0.6415073694279518,"663,145,30,502,444,562,625,323,354,635,257,501,185,258,426,655,125,568,201,67"
276,range_041526-041725,range_041676-041875,0.6,0.09999999999999998,0.7554219065466148,0.6546404677630842,"210,8,574,186,587,124,113,241,370,648,406,556,324,66,110,606,88,651,373,128"
277,range_041676-041875,range_041826-042025,0.15,-0.35,0.2278200581234674,0.4674756764455021,"188,387,140,632,368,11,516,126,217,507,416,443,42,446,452,178,97,635,479,224"
278,range_041826-042025,range_041976-042175,0.025,-0.475,0.0,0.912800262824496,"36,455,393,647,458,600,366,24,225,301,451,226,440,116,73,106,580,146,570,589"
279,range_041976-042175,range_042126-042325,0.3,-0.2,0.0,0.0,"479,415,181,154,47,300,18,173,381,312,202,220,132,551,189,251,644,492,55,336"
280,range_042126-042325,range_042276-042475,0.15,-0.35,0.0,0.16583132482125856,"234,199,86,223,329,125,110,416,128,361,632,259,265,468,561,34,317,304,499,111"
281,range_042276-042475,range_042426-042625,0.65,0.15000000000000002,0.5612777861553239,0.4516036777210406,"66,655,589,414,371,38,214,388,499,505,200,263,379,159,81,4,445,602,462,392"
282,range_042426-042625,range_042576-042775,0.2,-0.3,0.0,0.24701164348972773,"646,17,109,244,634,544,536,363,84,388,609,50,394,29,146,371,561,130,508,111"
283,range_042576-042775,range_042726-042925,0.1,-0.4,0.0,0.22839328843140572,"317,496,608,521,337,49,546,295,40,94,372,70,382,106,75,81,3,327,109,208"
284,range_042726-042925,range_042876-043075,0.7,0.19999999999999996,1.2308986890654012,0.9091383087785198,"541,44,67,444,309,490,111,136,149,578,104,606,587,65,1,138,448,544,177,34"
285,range_042876-043075,range_043026-043225,0.35,-0.15000000000000002,0.7115957305584271,0.7817135347946189,"138,67,260,533,175,149,53,412,620,152,663,237,118,239,427,627,488,161,626,452"
286,range_043026-043225,range_043176-043375,0.7,0.19999999999999996,0.8356399599005394,0.5747208088885158,"167,38,406,66,213,565,129,157,450,589,541,187,200,303,126,105,474,355,32,219"
287,range_043176-043375,range_043326-043525,0.2,-0.3,0.04305511386849316,0.377670186408783,"102,529,268,648,113,557,135,627,139,199,110,13,412,151,629,108,175,25,323,138"
288,range_043326-043525,range_043476-043675,0.075,-0.425,0.0,0.9397240193637926,"644,388,660,548,371,565,658,158,253,498,356,151,260,301,579,556,609,391,226,236"
289,range_043476-043675,range_043626-043825,0.325,-0.175,0.0,0.0,"65,471,643,645,517,156,268,241,591,347,316,585,562,528,654,57,615,53,482,578"
290,range_043626-043825,range_043776-043975,0.95,0.44999999999999996,2.1690806486122427,0.6611900179413701,"218,216,15,383,62,101,594,35,320,262,643,31,162,362,100,176,234,385,95,521"
291,range_043776-043975,range_043926-044125,0.3,-0.2,0.6957431697170474,1.1691065949424455,"620,1,309,521,341,236,118,533,335,260,143,645,615,62,128,469,474,638,111,67"
292,range_043926-044125,range_044076-044275,0.05,-0.45,0.16669222659646452,0.9682826901222781,"411,26,92,352,232,410,546,261,146,245,73,264,589,105,440,498,363,50,394,77"
293,range_044076-044275,range_044226-044425,0.7,0.19999999999999996,0.5282797960408409,0.13653947648637388,"516,260,16,542,454,372,648,415,531,91,149,67,9,135,632,183,98,556,539,606"
294,range_044226-044425,range_044376-044575,0.15,-0.35,0.6495955217997249,1.6558215646468373,"163,411,73,638,243,511,143,422,127,391,580,167,566,179,526,78,464,193,220,245"
295,range_044376-044575,range_044526-044725,0.4,-0.09999999999999998,0.0,0.0,"423,171,483,447,7,330,650,466,181,347,628,499,337,631,195,406,44,549,548,377"
296,range_044526-044725,range_044676-044875,0.55,0.050000000000000044,0.40216094222551274,0.3612114992690938,"30,574,569,478,182,609,313,173,272,386,480,39,504,462,151,618,310,626,607,57"
297,range_044676-044875,range_044826-045025,0.05,-0.45,0.058320348794949455,0.81206320004032,"56,72,239,528,506,486,650,408,558,437,387,33,323,197,21,148,419,120,314,579"
298,range_044826-045025,range_044976-045175,0.1,-0.4,0.10701592859550223,0.5903044841322818,"430,520,201,319,536,606,287,217,653,478,80,649,490,2,263,54,123,314,90,11"
299,range_044976-045175,range_045126-045325,0.5,0.0,0.2540438586207779,0.24515707293695216,"36,626,650,147,107,178,448,483,507,476,280,278,418,545,287,549,662,268,341,525"
300,range_045126-045325,range_045276-045475,0.8,0.30000000000000004,1.371251978139751,0.5493644877086042,"566,78,411,464,264,580,593,191,384,560,274,513,463,73,522,511,526,116,570,261"
301,range_045276-045475,range_045426-045625,0.3,-0.2,1.4562476415009997,1.7863195354023262,"407,645,134,124,541,617,512,198,426,39,539,514,175,29,36,204,500,561,27,620"
302,range_045426-045625,range_045576-045775,0.5,0.0,0.5202370409565136,0.603119018032547,"71,560,498,123,596,608,179,504,663,191,99,594,111,660,521,391,261,441,74,512"
303,range_045576-045775,range_045726-045925,0.85,0.35,0.7677944912446026,0.15865553637789082,"280,85,31,397,353,388,187,189,439,378,347,95,360,438,228,188,547,105,592,151"
304,range_045726-045925,range_045876-046075,0.7,0.19999999999999996,0.7322023595902842,0.5226757390020118,"275,514,361,194,104,463,542,242,33,351,415,612,459,510,576,392,664,389,512,199"
305,range_045876-046075,range_046026-046225,0.45,-0.04999999999999999,0.3938418782112642,0.3549008676834056,"628,208,424,375,3,249,613,559,461,541,450,65,455,68,415,35,294,521,144,462"
306,range_046026-046225,range_046176-046375,0.75,0.25,0.5415843183816254,0.32176275138668875,"331,160,572,552,435,420,180,408,100,14,169,373,614,506,56,527,76,338,185,207"
307,range_046176-046375,range_046326-046525,0.95,0.44999999999999996,2.0117301136005667,0.7081623515853719,"495,95,383,297,388,225,187,208,565,599,244,467,644,28,573,579,511,94,356,147"
308,range_046326-046525,range_046476-046675,0.25,-0.25,0.660961156170724,0.9259617116036428,"280,362,79,164,369,90,35,642,282,236,536,287,70,273,529,640,400,142,415,230"
309,range_046476-046675,range_046626-046825,0.95,0.44999999999999996,1.0424437742370927,0.15290835713932638,"419,406,91,525,662,474,592,106,199,319,510,111,210,96,399,224,193,172,428,22"
310,range_046626-046825,range_046776-046975,0.6,0.09999999999999998,0.644416052719652,0.47701314318326626,"405,212,194,106,278,147,367,539,86,592,46,330,141,236,107,300,423,490,35,640"
311,range_046776-046975,range_046926-047125,0.15,-0.35,0.03384082058846784,0.29271094743220993,"414,282,17,549,179,409,592,605,521,13,377,137,113,360,267,150,10,547,330,35"
312,range_046926-047125,range_047076-047275,0.9,0.4,0.9545764524809262,0.3998329122272838,"359,407,395,582,131,185,199,478,624,500,447,527,435,25,515,156,39,659,145,19"
313,range_047076-047275,range_047226-047425,0.1,-0.4,0.7107989526309553,1.677473916230046,"162,264,93,279,491,176,341,557,7,278,147,231,164,360,598,483,641,219,620,79"
314,range_047226-047425,range_047376-047575,0.4,-0.09999999999999998,0.52380899016753,0.9531156608434304,"467,283,431,116,611,526,81,18,635,142,366,245,403,658,570,633,608,232,48,203"
315,range_047376-047575,range_047526-047725,0.8,0.30000000000000004,0.7081130676831886,0.11006361448189125,"261,163,248,73,394,611,245,172,213,81,468,548,266,276,411,183,570,153,461,377"
316,range_047526-047725,range_047676-047875,0.3,-0.2,0.5399987107819001,0.8116068351780494,"498,105,259,513,618,612,502,460,330,271,571,168,662,59,122,235,214,146,189,251"
317,range_047676-047875,range_047826-048025,0.7,0.19999999999999996,0.23294835870162417,0.09372195014815467,"174,366,497,342,573,250,173,521,292,256,409,52,644,63,337,589,168,47,237,598"
318,range_047826-048025,range_047976-048175,0.1,-0.4,0.10415750369390103,0.5239731727153372,"102,80,27,372,90,528,160,419,229,395,606,644,97,476,415,213,507,607,370,504"
319,range_047976-048175,range_048126-048325,0.65,0.15000000000000002,0.6396097302607308,0.5097018033073059,"590,113,102,568,298,582,88,408,541,415,338,591,637,329,241,15,162,477,135,110"
320,range_048126-048325,range_048276-048475,1.0,0.5,1.1138312423786347,0.6724837702702096,"269,468,490,136,120,427,424,282,470,381,530,170,17,538,504,305,9,88,201,293"
321,range_048276-048475,range_048426-048625,0.125,-0.375,0.0,0.19267726733245705,"73,78,570,291,598,281,599,513,87,637,121,262,253,566,223,618,261,133,308,163"
322,range_048426-048625,range_048576-048775,0.25,-0.25,1.27983962035935,1.4767020097645152,"231,41,196,656,299,621,138,615,25,21,447,657,552,199,651,518,32,310,276,289"
323,range_048576-048775,range_048726-048925,0.1,-0.4,0.5923909844112581,1.2309073669133592,"646,391,546,461,498,413,253,112,346,660,158,551,594,543,658,521,78,75,226,261"
324,range_048726-048925,range_048876-049075,0.8,0.30000000000000004,1.6304957988480127,1.1698495925396029,"447,373,101,533,429,139,359,241,65,604,157,198,21,420,390,588,100,636,64,482"
325,range_048876-049075,range_049026-049225,0.0,-0.5,0.4928922557718753,1.8878042761077922,"292,394,452,280,335,211,208,401,173,403,92,353,341,458,245,346,343,214,99,658"
326,range_049026-049225,range_049176-049375,0.35,-0.15000000000000002,0.3466572781370513,0.46677146458704066,"48,398,163,498,233,0,457,274,112,264,474,660,105,301,380,267,344,366,473,273"
327,range_049176-049375,range_049326-049525,0.6,0.09999999999999998,0.17620703072167296,0.05050197724207553,"229,51,309,240,592,415,419,348,640,554,510,539,357,356,203,22,540,294,270,102"
328,range_049326-049525,range_049476-049675,0.4,-0.09999999999999998,0.594463880366588,0.7053753196002921,"289,625,557,231,577,135,359,396,531,621,424,294,265,37,239,193,148,447,27,663"
329,range_049476-049675,range_049626-049825,0.25,-0.25,0.5735748649392096,0.9536100979404185,"264,492,392,496,85,219,113,594,554,621,360,347,505,228,356,516,195,287,147,553"
330,range_049626-049825,range_049776-049975,0.5,0.0,0.4880266266943421,0.5982846955540299,"48,649,245,540,411,526,580,601,182,466,78,440,208,233,105,638,363,353,73,163"
331,range_049776-049975,range_049926-050125,0.15,-0.35,0.27911054569491134,0.6903338706380592,"31,664,613,662,22,134,258,36,178,425,150,221,661,520,141,635,454,98,381,449"
332,range_049926-050125,range_050076-050275,0.1,-0.4,0.0,0.28034771974854755,"81,352,522,261,55,300,378,248,50,203,461,498,558,249,608,658,511,569,490,179"
333,range_050076-050275,range_050226-050425,0.9,0.4,0.39245271230185036,0.0,"587,117,269,564,533,69,412,25,524,648,659,8,151,175,21,186,627,624,160,614"
334,range_050226-050425,range_050376-050575,0.75,0.25,2.2224637621735894,1.8111335261918815,"267,525,561,88,87,280,17,457,46,620,239,52,365,26,324,380,173,242,75,223"
335,range_050376-050575,range_050526-050725,0.25,-0.25,0.0,0.05292513634285874,"498,208,549,663,305,642,570,520,308,116,546,74,467,196,363,593,256,250,439,394"
336,range_050526-050725,range_050676-050875,0.25,-0.25,0.0,0.0,"498,82,634,174,642,232,137,147,227,526,144,537,371,235,70,351,308,553,658,394"
337,range_050676-050875,range_050826-051025,0.75,0.25,1.1803787151679732,0.8624153639036305,"135,633,269,239,88,515,576,260,2,170,100,389,535,540,80,655,419,198,58,125"
338,range_050826-051025,range_050976-051175,0.65,0.15000000000000002,1.1698383127943208,0.8199193235477269,"356,293,531,282,284,107,472,52,43,295,548,609,425,537,390,309,431,137,93,143"
339,range_050976-051175,range_051126-051325,0.9,0.4,0.3074409806399341,0.0,"520,364,608,406,615,54,397,172,417,254,557,392,414,4,496,457,309,111,581,389"
340,range_051126-051325,range_051276-051475,0.95,0.44999999999999996,1.2757404065753146,0.5969970195528101,"399,402,124,291,628,442,537,367,565,159,390,278,115,132,165,319,94,597,269,35"
341,range_051276-051475,range_051426-051625,0.5,0.0,0.2773848813664246,0.28123790653558167,"0,300,369,618,446,121,89,432,103,36,291,213,311,382,652,422,477,182,519,511"
342,range_051426-051625,range_051576-051775,0.15,-0.35,0.0,0.2979492805297004,"524,140,87,392,526,291,652,440,618,99,122,661,105,360,382,322,38,191,595,274"
343,range_051576-051775,range_051726-051925,0.225,-0.275,0.0,0.06667450867466004,"99,394,512,365,146,376,322,109,607,116,305,363,371,618,580,661,218,397,69,496"
344,range_051726-051925,range_051876-052075,0.175,-0.325,0.0,0.36714479777090725,"255,18,436,403,409,138,191,571,381,366,220,197,607,228,102,545,106,128,35,256"
345,range_051876-052075,range_052026-052225,0.95,0.44999999999999996,1.5400296560598823,0.23163261280631514,"261,642,469,440,301,553,249,495,232,502,127,455,70,50,228,528,4,226,386,411"
346,range_052026-052225,range_052176-052375,0.95,0.44999999999999996,1.434349036147588,0.0,"109,599,364,371,220,598,652,24,133,127,586,523,211,242,146,233,26,45,413,308"
347,range_052176-052375,range_052326-052525,0.85,0.35,0.8316968965541147,0.6098235608132636,"493,267,59,628,181,552,638,511,82,463,51,255,149,633,403,283,280,649,273,223"
348,range_052326-052525,range_052476-052675,0.85,0.35,0.9437028736530039,0.7037763017839691,"199,404,39,486,471,135,37,410,506,13,435,14,76,590,488,426,605,338,657,6"
349,range_052476-052675,range_052626-052825,0.4,-0.09999999999999998,1.1318248898561643,1.2003271900263026,"383,199,643,437,165,622,77,455,27,597,35,372,0,164,538,263,52,333,406,416"
350,range_052626-052825,range_052776-052975,0.9,0.4,0.6633360900894022,0.33930377028977227,"300,335,182,80,496,154,501,368,189,305,307,483,659,114,122,249,504,1,506,398"
351,range_052776-052975,range_052926-053125,0.2,-0.3,0.6394631611861914,0.9362831677638239,"547,111,500,62,556,138,238,562,150,649,374,653,270,579,25,68,474,535,414,4"
352,range_052926-053125,range_053076-053275,0.4,-0.09999999999999998,0.01770088280038345,0.056927018350932924,"335,211,173,480,273,425,271,77,146,55,167,191,403,292,99,611,163,441,245,63"
353,range_053076-053275,range_053226-053425,0.8,0.30000000000000004,0.8902705922217953,0.3720368876026954,"224,396,231,405,443,514,160,196,10,515,655,509,531,60,93,183,223,430,222,588"
354,range_053226-053425,range_053376-053575,0.6,0.09999999999999998,1.0453099022666454,0.822326874759822,"212,279,545,331,519,140,640,239,645,196,630,460,612,15,181,575,372,171,625,417"
355,range_053376-053575,range_053526-053725,0.85,0.35,0.6157388421510297,0.14564382945275905,"246,131,654,646,227,395,490,398,321,504,462,552,396,389,105,247,510,215,137,341"
356,range_053526-053725,range_053676-053875,0.2,-0.3,0.1370835171387838,0.5406591349270797,"63,389,369,431,311,250,388,34,2,463,417,225,270,603,478,43,254,280,44,189"
357,range_053676-053875,range_053826-054025,0.7,0.19999999999999996,0.6120022059081925,0.14457165217623508,"375,196,83,552,418,265,659,222,111,579,257,82,630,555,37,119,157,316,102,456"
358,range_053826-054025,range_053976-054175,0.4,-0.09999999999999998,0.5133597727209235,0.5703695849078059,"524,528,13,590,252,323,478,506,66,588,76,487,157,285,265,134,407,648,604,575"
359,range_053976-054175,range_054126-054325,0.4,-0.09999999999999998,1.4077018226514524,1.5429926449763833,"496,18,163,428,388,569,513,493,127,382,122,378,308,450,261,565,297,171,92,318"
360,range_054126-054325,range_054276-054475,0.275,-0.22499999999999998,0.0,0.0,"122,570,78,526,344,191,99,647,301,300,599,109,73,147,133,511,422,127,123,522"
361,range_054276-054475,range_054426-054625,0.325,-0.175,0.0,0.0,"617,399,427,310,89,238,635,609,328,206,512,177,476,650,42,653,472,106,61,270"
362,range_054426-054625,range_054576-054775,0.5,0.0,1.0461007642921138,1.0529655057649576,"455,595,308,73,74,508,92,349,467,658,497,347,458,226,109,116,79,374,292,388"
363,range_054576-054775,range_054726-054925,0.05,-0.45,0.0,0.7222196801074408,"2,540,558,310,464,374,305,29,287,432,631,142,507,347,199,210,337,389,17,217"
364,range_054726-054925,range_054876-055075,0.65,0.15000000000000002,0.5833220522309421,0.4405932426554393,"250,464,569,597,262,212,137,87,305,566,388,163,411,382,202,24,153,133,219,570"
365,range_054876-055075,range_055026-055225,0.1,-0.4,0.0,0.3385329346032055,"454,176,224,455,402,551,246,255,594,264,620,571,94,229,191,462,553,461,417,209"
366,range_055026-055225,range_055176-055375,0.15,-0.35,0.0,0.21680321124679708,"245,83,105,84,658,272,403,104,24,94,327,601,220,221,266,445,346,283,78,405"
367,range_055176-055375,range_055326-055525,0.35,-0.15000000000000002,0.0,0.020746060260186865,"304,113,22,222,181,288,355,490,294,442,573,423,451,8,108,407,472,436,157,154"
368,range_055326-055525,range_055476-055675,0.05,-0.45,0.0,0.9896304432853827,"522,580,50,440,469,235,301,89,215,144,553,450,346,261,226,232,130,153,297,24"
369,range_055476-055675,range_055626-055825,0.85,0.35,0.4379472823448175,0.0,"540,280,432,304,121,194,133,16,554,335,519,431,424,605,176,45,87,208,95,109"
370,range_055626-055825,range_055776-055975,0.5,0.0,1.2525070014240478,1.276195893642714,"392,513,611,87,155,209,403,283,508,523,174,168,83,191,560,546,356,382,343,327"
371,range_055776-055975,range_055926-056125,0.5,0.0,1.1114006606439044,1.1442136498758027,"623,624,132,67,604,643,66,231,252,139,621,615,126,100,434,535,166,135,41,338"
372,range_055926-056125,range_056076-056275,0.0,-0.5,0.0,1.264635198832906,"601,472,133,589,275,149,548,87,284,545,81,440,398,187,181,174,392,469,351,600"
373,range_056076-056275,range_056226-056425,0.4,-0.09999999999999998,0.506533881850644,0.9643915683666016,"141,450,122,74,278,383,474,51,268,653,237,270,476,523,495,631,613,491,155,204"
374,range_056226-056425,range_056376-056575,0.15,-0.35,0.0,0.29354456045091964,"222,534,327,250,507,179,641,335,116,115,511,257,570,438,188,548,340,26,554,513"
375,range_056376-056575,range_056526-056725,0.15,-0.35,0.0,0.40490510855025835,"362,171,496,340,295,618,613,569,79,89,232,0,144,578,344,112,48,319,642,508"
376,range_056526-056725,range_056676-056875,0.125,-0.375,0.0,0.17400238752876052,"634,70,399,402,453,319,23,91,200,606,79,403,118,546,210,591,52,37,256,69"
377,range_056676-056875,range_056826-057025,0.45,-0.04999999999999999,0.157614082133497,0.19447040846852548,"547,344,589,460,272,256,317,226,431,632,26,77,560,458,501,143,335,112,250,27"
378,range_056826-057025,range_056976-057175,0.1,-0.4,0.0,0.268233181492872,"191,511,465,333,319,548,347,661,59,35,608,472,228,395,58,67,167,502,282,81"
379,range_056976-057175,range_057126-057325,0.4,-0.09999999999999998,0.17479063298820477,0.37758684585677627,"392,337,42,50,291,226,398,202,251,440,581,224,397,253,227,336,86,491,598,522"
380,range_057126-057325,range_057276-057475,0.65,0.15000000000000002,0.2795918632029578,0.06932619247525296,"321,46,200,398,455,112,393,189,191,220,327,392,59,181,322,608,444,92,300,443"
381,range_057276-057475,range_057426-057625,0.5,0.0,0.8382976391596597,0.7100186091977676,"38,116,262,127,133,222,95,274,220,87,411,24,498,366,595,440,124,344,104,439"
382,range_057426-057625,range_057576-057775,0.025,-0.475,0.0,1.0516991205735846,"506,609,409,16,18,519,501,630,319,142,119,297,490,53,27,521,419,80,90,114"
383,range_057576-057775,range_057726-057925,0.15,-0.35,0.3670021763933234,0.8908184688474117,"217,98,419,612,204,61,140,297,64,110,222,446,500,620,223,542,286,169,581,563"
384,range_057726-057925,range_057876-058075,0.35,-0.15000000000000002,0.4933410967097503,0.5552770596172191,"557,35,219,504,82,648,515,462,356,31,632,38,2,8,511,519,545,364,430,432"
385,range_057876-058075,range_058026-058225,0.8,0.30000000000000004,1.2994818312146623,0.3077616762577011,"204,351,479,463,317,142,600,327,366,78,315,92,73,308,502,469,611,213,261,522"
386,range_058026-058225,range_058176-058375,0.7,0.19999999999999996,1.4162348770091358,1.0971544428357034,"120,482,190,433,260,76,396,25,623,65,585,625,407,357,651,56,290,331,503,657"
387,range_058176-058375,range_058326-058525,0.85,0.35,1.8194955051799266,1.1364753985322211,"345,93,558,98,663,399,377,438,418,10,643,316,142,42,519,256,537,83,151,511"
388,range_058326-058525,range_058476-058675,0.6,0.09999999999999998,0.6862162565067406,0.5648886316935088,"107,101,221,108,29,118,655,462,195,273,357,541,110,125,1,617,2,512,596,149"
389,range_058476-058675,range_058626-058825,0.05,-0.45,0.0,0.6850975696641133,"133,105,55,525,130,120,95,319,230,330,7,70,290,0,594,272,628,94,459,356"
390,range_058626-058825,range_058776-058975,0.9,0.4,1.6433412063319792,0.548313557226998,"77,348,290,161,496,113,147,377,3,193,631,362,574,106,0,262,422,300,58,154"
391,range_058776-058975,range_058926-059125,0.025,-0.475,0.0,0.6801156943923344,"213,193,266,44,361,215,405,58,645,465,195,375,416,259,68,414,4,36,612,97"
392,range_058926-059125,range_059076-059275,0.3,-0.2,0.5821003886005953,0.7871259020259693,"317,378,403,546,48,72,377,508,229,597,438,7,348,203,104,74,492,233,321,430"
393,range_059076-059275,range_059226-059425,0.3,-0.2,0.32615758259066713,0.4760463103778701,"163,411,112,95,465,450,146,600,127,186,526,495,262,225,649,344,570,272,116,308"
394,range_059226-059425,range_059376-059575,0.3,-0.2,0.9035371680135389,1.0482292396136814,"515,128,448,617,150,540,132,68,192,169,369,217,620,224,90,66,263,36,428,541"
395,range_059376-059575,range_059526-059725,0.1,-0.4,0.6788493298226163,0.968227101650988,"639,620,361,650,556,332,265,558,424,46,69,425,333,151,655,207,533,460,298,645"
396,range_059526-059725,range_059676-059875,0.55,0.050000000000000044,0.935039990669183,0.6577918030788643,"224,652,84,383,521,210,511,130,308,601,255,113,631,85,526,133,137,644,579,540"
397,range_059676-059875,range_059826-060025,0.075,-0.425,0.0,0.34720926550094255,"655,163,498,262,570,55,346,143,78,245,261,146,158,87,77,211,647,599,24,382"
398,range_059826-060025,range_059976-060175,0.25,-0.25,0.3144087622716702,0.9533797848213981,"132,578,520,29,33,606,643,265,183,37,85,204,23,294,198,547,509,316,15,456"
399,range_059976-060175,range_060126-060325,0.45,-0.04999999999999999,0.11897422870593985,0.1778923752190819,"576,381,182,277,187,631,29,271,549,90,210,520,527,641,455,561,340,266,297,432"
400,range_060126-060325,range_060276-060475,0.5,0.0,0.2836029208109821,0.3108660417955609,"242,116,75,79,362,311,469,411,171,413,287,297,74,217,571,644,512,158,226,70"
401,range_060276-060475,range_060426-060625,0.05,-0.45,0.0,0.8626676813290615,"173,214,353,344,163,382,105,454,461,601,153,371,272,211,450,99,158,458,226,415"
402,range_060426-060625,range_060576-060775,0.3,-0.2,0.0,0.11820437885253196,"543,454,458,70,232,121,77,650,211,283,599,129,50,214,172,353,526,439,292,245"
403,range_060576-060775,range_060726-060925,0.9,0.4,1.292767593175425,0.815949308772314,"190,252,86,556,607,567,61,96,584,93,260,605,186,49,320,555,199,419,294,575"
404,range_060726-060925,range_060876-061075,0.0,-0.5,0.2043126050036276,1.9373571494242556,"601,580,551,109,261,480,24,589,235,622,73,213,367,266,63,211,168,594,179,301"
405,range_060876-061075,range_061026-061225,0.6,0.09999999999999998,0.021112512994880584,0.0,"609,30,606,260,612,294,431,653,351,637,321,244,579,33,451,544,625,547,108,359"
406,range_061026-061225,range_061176-061375,0.075,-0.425,0.0,0.4037826004392757,"502,621,527,89,602,568,549,447,250,72,188,617,379,418,215,234,452,572,9,622"
407,range_061176-061375,range_061326-061525,0.1,-0.4,0.049854617524997556,0.2996828491268534,"139,198,108,15,9,72,42,651,509,620,239,338,616,329,648,231,632,650,216,252"
408,range_061326-061525,range_061476-061675,1.0,0.5,2.0280979965716095,0.5857390724101255,"516,356,222,549,89,58,332,30,81,132,82,520,465,431,525,44,449,504,661,330"
409,range_061476-061675,range_061626-061825,0.15,-0.35,0.9897481400121936,1.2432651477001408,"80,231,648,627,650,555,329,148,643,529,178,185,471,101,268,180,100,524,585,503"
410,range_061626-061825,range_061776-061975,0.9,0.4,2.31273645258458,1.0335856480138093,"297,378,335,363,209,99,20,260,601,90,264,315,261,73,388,69,565,206,181,52"
411,range_061776-061975,range_061926-062125,0.95,0.44999999999999996,1.883762144002214,0.924372332563134,"255,188,47,496,149,256,130,398,534,88,0,167,172,303,330,240,347,600,353,119"
412,range_061926-062125,range_062076-062275,1.0,0.5,2.0511376727847757,1.4225740964887144,"172,284,123,77,581,75,116,569,381,525,611,173,526,223,371,250,165,222,660,137"
413,range_062076-062275,range_062226-062425,0.0,-0.5,0.3728227526669694,1.5706095157547906,"557,333,481,482,535,503,41,66,80,185,71,259,33,629,169,578,34,509,25,552"
414,range_062226-062425,range_062376-062575,0.85,0.35,1.0175641330228384,0.7658610523799696,"91,298,656,555,470,140,86,323,448,302,162,542,15,534,501,568,579,61,465,329"
415,range_062376-062575,range_062526-062725,0.2,-0.3,0.38359295585010733,0.8114499309878541,"628,352,47,336,493,66,519,377,385,574,630,254,217,272,176,375,425,653,1,113"
416,range_062526-062725,range_062676-062875,0.2,-0.3,0.0,0.31956939101254034,"467,472,397,274,545,50,391,225,226,597,206,366,428,10,224,465,489,376,84,426"
417,range_062676-062875,range_062826-063025,0.15,-0.35,0.0,0.3476714576682223,"62,284,608,327,311,371,403,368,508,571,176,240,340,243,43,490,594,191,457,206"
418,range_062826-063025,range_062976-063175,0.65,0.15000000000000002,0.27493390925401684,0.22133127770178193,"433,54,293,275,553,318,384,299,337,210,644,278,517,259,483,28,212,369,106,442"
419,range_062976-063175,range_063126-063325,0.15,-0.35,0.2719331340498104,0.6213819569182282,"377,123,230,608,164,454,501,339,646,292,592,400,236,572,48,613,303,174,493,318"
420,range_063126-063325,range_063276-063475,0.7,0.19999999999999996,0.6593613335081236,0.5174123655718244,"626,408,239,260,329,161,663,196,568,334,531,390,447,533,128,407,120,395,139,535"
421,range_063276-063475,range_063426-063625,0.4,-0.09999999999999998,1.1753018071349994,1.293051742974658,"589,546,91,146,278,386,513,608,508,362,356,547,209,641,309,143,158,317,318,80"
422,range_063426-063625,range_063576-063775,0.35,-0.15000000000000002,0.0,0.0,"377,318,103,451,282,641,181,90,275,628,202,189,367,465,194,446,144,43,374,81"
423,range_063576-063775,range_063726-063925,0.15,-0.35,0.13887037557930182,0.3089481314734379,"608,318,351,382,254,182,228,87,521,299,641,589,526,274,330,179,383,84,189,388"
424,range_063726-063925,range_063876-064075,0.4,-0.09999999999999998,0.15897999758242776,0.3130463445858001,"25,452,41,602,123,79,592,210,115,136,628,263,249,603,381,367,17,0,176,538"
425,range_063876-064075,range_064026-064225,0.35,-0.15000000000000002,0.2612891418884057,0.50722649096285,"479,508,208,1,256,330,125,255,415,405,362,406,307,537,247,463,126,297,18,100"
426,range_064026-064225,range_064176-064375,0.2,-0.3,0.017045455635073762,0.686698276531725,"395,631,393,22,381,495,457,242,273,326,286,231,128,514,181,223,197,64,508,268"
427,range_064176-064375,range_064326-064525,0.025,-0.475,0.0,1.2896318586792206,"566,513,365,78,595,598,171,570,73,262,146,599,301,26,139,308,212,344,163,411"
428,range_064326-064525,range_064476-064675,1.0,0.5,1.0550957576084474,0.4337066831819993,"478,169,66,651,636,572,639,338,390,231,268,148,131,486,476,205,500,329,396,21"
429,range_064476-064675,range_064626-064825,0.05,-0.45,0.6037561932779988,1.907609199502248,"570,314,633,232,363,463,59,377,95,634,133,43,580,87,631,398,507,367,366,142"
430,range_064626-064825,range_064776-064975,0.125,-0.375,0.0,0.44660597302072913,"133,611,413,315,283,576,232,634,204,78,213,348,126,411,163,200,570,474,153,346"
431,range_064776-064975,range_064926-065125,0.075,-0.425,0.0,0.8539649625906449,"153,95,314,402,467,109,127,206,570,522,580,232,526,322,43,116,245,301,213,394"
432,range_064926-065125,range_065076-065275,0.225,-0.275,0.0,0.15770701889390704,"481,21,524,114,412,298,387,66,197,118,30,509,585,404,657,620,447,117,108,550"
433,range_065076-065275,range_065226-065425,0.8,0.30000000000000004,0.9054900206420113,0.523795491807846,"574,421,258,72,134,306,199,527,108,370,241,307,516,487,93,645,193,289,65,19"
434,range_065226-065425,range_065376-065575,0.0,-0.5,0.0,1.197078302764147,"444,608,240,228,455,47,104,305,309,490,652,224,62,44,451,365,330,610,351,382"
435,range_065376-065575,range_065526-065725,0.45,-0.04999999999999999,0.40581197907286104,0.36824746152602905,"292,318,572,172,341,30,472,126,609,323,651,552,266,218,596,493,177,350,150,317"
436,range_065526-065725,range_065676-065875,0.35,-0.15000000000000002,0.020311186641131743,0.15546625411724704,"310,132,238,21,170,273,538,299,330,302,221,120,596,276,242,483,629,88,486,617"
437,range_065676-065875,range_065826-066025,0.8,0.30000000000000004,0.9223172990124491,0.7326846940485721,"503,324,254,106,139,115,209,533,493,112,374,249,415,98,478,335,275,653,347,534"
438,range_065826-066025,range_065976-066175,0.325,-0.175,0.0,0.0,"348,280,168,504,382,209,195,203,267,142,449,519,398,52,81,130,521,219,330,63"
439,range_065976-066175,range_066126-066325,0.55,0.050000000000000044,0.5114937206752084,0.2807010230622655,"70,222,580,1,50,301,127,226,394,74,253,153,522,297,642,261,346,498,610,73"
440,range_066126-066325,range_066276-066475,0.8,0.30000000000000004,0.5929661911781728,0.104535119354501,"308,75,380,225,220,283,147,374,168,353,523,466,233,595,208,362,209,598,599,262"
441,range_066276-066475,range_066426-066625,0.025,-0.475,0.0,0.5296394940547711,"480,371,73,112,130,366,502,168,232,126,249,129,611,345,520,354,598,272,29,60"
442,range_066426-066625,range_066576-066775,0.95,0.44999999999999996,0.593245639338919,0.0,"576,124,231,200,351,382,129,0,109,277,271,70,54,540,264,237,508,505,547,191"
443,range_066576-066775,range_066726-066925,0.75,0.25,1.4955292604092605,1.23946228502435,"635,51,624,340,384,311,502,664,326,415,515,304,490,579,90,309,629,79,633,630"
444,range_066726-066925,range_066876-067075,0.2,-0.3,0.40654821444347794,1.048371251653685,"622,274,403,546,289,238,424,401,470,499,55,469,411,637,608,422,540,283,423,619"
445,range_066876-067075,range_067026-067225,0.3,-0.2,0.0,0.0,"312,61,564,328,198,32,347,486,298,222,653,477,568,399,126,374,435,496,237,132"
446,range_067026-067225,range_067176-067375,1.0,0.5,1.2312376780244565,0.3281663841714097,"509,635,524,478,60,456,404,372,326,621,307,535,603,370,85,25,517,314,643,41"
447,range_067176-067375,range_067326-067525,0.1,-0.4,0.9592384919689135,1.8422297975763091,"99,263,0,264,182,233,346,300,598,411,146,380,301,522,36,353,245,295,73,358"
448,range_067326-067525,range_067476-067675,0.4,-0.09999999999999998,0.0,0.0,"424,103,423,119,305,487,501,609,104,155,176,632,86,410,361,171,540,265,613,528"
449,range_067476-067675,range_067626-067825,0.9,0.4,0.802634016696027,0.3310777257778855,"379,0,105,360,48,612,311,436,326,376,254,65,367,343,305,127,246,136,153,495"
450,range_067626-067825,range_067776-067975,0.75,0.25,0.8947443790778536,0.5470540900273753,"652,215,432,318,365,208,31,366,422,474,594,392,187,91,377,423,578,360,234,121"
451,range_067776-067975,range_067926-068125,0.05,-0.45,0.0,0.9685847190665801,"382,105,570,130,226,647,546,301,146,129,73,551,280,109,350,153,58,619,413,580"
452,range_067926-068125,range_068076-068275,0.25,-0.25,0.23126839380553602,0.4069579779077203,"550,117,290,333,186,629,487,558,651,636,564,488,67,585,604,21,420,506,269,14"
453,range_068076-068275,range_068226-068425,0.5,0.0,1.0651355470093562,1.0077160009612758,"538,79,402,632,646,653,277,368,111,67,195,110,341,82,519,204,240,157,657,417"
454,range_068226-068425,range_068376-068575,0.275,-0.22499999999999998,0.0,0.03388338556469421,"523,619,73,345,89,261,63,502,362,225,402,411,79,127,615,397,554,422,646,400"
455,range_068376-068575,range_068526-068725,0.95,0.44999999999999996,0.737829756454908,0.012803574931691743,"383,600,328,362,300,121,532,195,491,536,253,81,341,94,595,183,646,43,321,191"
456,range_068526-068725,range_068676-068875,0.3,-0.2,0.5845317034017418,1.5041883694671032,"495,261,466,400,580,440,50,127,563,570,346,23,328,389,144,242,164,344,522,245"
457,range_068676-068875,range_068826-069025,0.275,-0.22499999999999998,0.0,0.0,"411,318,336,380,240,439,250,401,158,245,369,26,91,444,474,643,601,105,311,500"
458,range_068826-069025,range_068976-069175,0.95,0.44999999999999996,1.091142517079025,0.022983585534544784,"385,26,371,308,287,11,209,351,253,638,344,335,595,380,109,418,647,181,143,367"
459,range_068976-069175,range_069126-069325,0.15,-0.35,0.2338718625188079,0.566143087239381,"635,217,206,64,81,227,606,70,584,195,177,427,58,287,304,83,376,131,361,192"
460,range_069126-069325,range_069276-069475,0.45,-0.04999999999999999,0.4969612056851791,0.6862187173905498,"610,439,403,308,438,111,492,394,386,209,593,600,613,635,598,274,571,570,513,31"
461,range_069276-069475,range_069426-069625,0.15,-0.35,0.0,0.1125805887093787,"174,136,405,602,571,26,294,52,103,172,327,335,219,491,94,273,281,16,502,504"
462,range_069426-069625,range_069576-069775,0.1,-0.4,0.05929546974244715,0.6212647383938414,"87,7,595,303,646,336,142,633,497,319,104,225,284,18,271,450,227,118,372,652"
463,range_069576-069775,range_069726-069925,0.15,-0.35,0.0,0.272215304629383,"658,55,601,561,171,226,232,495,526,59,26,505,508,397,491,117,377,137,92,50"
464,range_069726-069925,range_069876-070075,0.75,0.25,0.45538571742321354,0.17530493517610468,"621,277,52,612,531,507,215,609,368,392,119,395,555,328,181,17,124,329,4,20"
465,range_069876-070075,range_070026-070225,1.0,0.5,1.425718763006788,0.8114052848570815,"606,14,265,556,406,23,22,30,534,98,252,260,41,33,110,574,93,151,447,289"
466,range_070026-070225,range_070176-070375,0.85,0.35,1.5078854190607967,0.6558850434142152,"218,206,559,222,596,217,116,591,308,235,79,630,318,287,216,658,513,536,611,402"
467,range_070176-070375,range_070326-070525,0.95,0.44999999999999996,1.0254635172075703,0.04978542571781633,"203,611,377,580,348,109,164,24,346,73,662,440,163,411,18,315,78,283,99,363"
468,range_070326-070525,range_070476-070675,0.4,-0.09999999999999998,0.503354784206388,0.6293404021560902,"543,167,295,94,319,79,158,612,563,275,115,656,59,628,318,317,529,351,336,482"
469,range_070476-070675,range_070626-070825,0.05,-0.45,0.0,0.3382369451065712,"90,578,620,103,575,34,183,108,556,452,114,591,125,199,190,161,518,645,160,481"
470,range_070626-070825,range_070776-070975,0.8,0.30000000000000004,0.8888516883230324,0.560750499947719,"657,239,534,427,485,186,314,578,529,96,113,494,273,192,591,447,175,25,124,515"
471,range_070776-070975,range_070926-071125,0.6,0.09999999999999998,1.0875109653555863,0.860019598125418,"181,414,523,563,164,271,355,619,84,178,364,136,369,208,96,626,552,59,95,308"
472,range_070926-071125,range_071076-071275,0.325,-0.175,0.0,0.0,"652,189,565,560,200,243,546,526,586,112,559,123,394,646,106,491,637,168,273,352"
473,range_071076-071275,range_071226-071425,0.125,-0.375,0.0,0.2978846706277686,"413,450,343,197,116,72,243,251,263,236,622,45,394,35,658,455,68,619,351,250"
474,range_071226-071425,range_071376-071575,0.95,0.44999999999999996,1.5745008382662748,1.149104310873372,"524,349,488,201,156,185,12,69,117,564,252,186,494,25,572,624,14,603,198,629"
475,range_071376-071575,range_071526-071725,0.2,-0.3,0.969806118567595,1.4682266464256644,"101,343,217,277,375,512,144,61,203,382,452,423,573,258,609,328,504,406,514,195"
476,range_071526-071725,range_071676-071875,0.125,-0.375,0.0,0.42243202807548574,"84,632,508,78,2,138,346,218,450,54,561,522,612,281,415,129,363,95,411,70"
477,range_071676-071875,range_071826-072025,0.25,-0.25,0.0,0.039989096317136666,"586,551,407,130,497,83,292,62,18,149,519,71,111,82,344,93,81,342,566,167"
478,range_071826-072025,range_071976-072175,0.8,0.30000000000000004,0.5186315929785905,0.0,"66,71,510,89,278,286,516,364,181,273,165,223,162,360,117,415,311,147,357,294"
479,range_071976-072175,range_072126-072325,0.75,0.25,0.8685409706192945,0.2751533118104867,"504,393,646,536,342,423,195,176,300,256,271,415,204,20,94,123,597,42,164,303"
480,range_072126-072325,range_072276-072475,0.25,-0.25,1.499834223998963,1.680190130882775,"582,331,421,624,572,453,334,201,535,138,567,623,500,412,6,307,577,620,588,117"
481,range_072276-072475,range_072426-072625,0.1,-0.4,0.5314552576426376,0.9019188008523823,"429,13,623,567,216,241,325,524,624,349,659,509,338,30,14,135,101,643,370,435"
482,range_072426-072625,range_072576-072775,0.2,-0.3,0.6259481945552291,1.612010916424779,"79,492,261,411,457,22,127,469,232,226,328,346,153,468,228,169,349,99,297,390"
483,range_072576-072775,range_072726-072925,0.95,0.44999999999999996,1.265733597167689,0.2904177097750274,"624,659,30,453,567,527,184,6,12,503,354,258,185,651,180,207,583,14,616,359"
484,range_072726-072925,range_072876-073075,0.0,-0.5,0.17614030498560568,1.0282467697461593,"509,197,429,30,178,603,535,453,528,407,614,408,15,290,372,648,57,306,93,307"
485,range_072876-073075,range_073026-073225,0.55,0.050000000000000044,0.4231742060351776,0.3947375572773779,"582,604,429,252,535,207,117,118,557,614,180,555,268,529,338,157,503,616,114,76"
486,range_073026-073225,range_073176-073375,0.6,0.09999999999999998,0.5542159043532076,0.4646167615814152,"294,170,175,657,148,57,572,316,585,604,412,506,515,564,614,185,13,627,534,145"
487,range_073176-073375,range_073326-073525,0.05,-0.45,0.0,0.7064776174541896,"278,92,357,361,511,205,464,598,235,384,106,143,213,337,523,202,315,390,7,617"
488,range_073326-073525,range_073476-073675,0.25,-0.25,0.35046383818822846,0.9113110996040663,"344,74,525,245,526,380,46,411,10,658,513,69,202,589,284,379,95,99,522,400"
489,range_073476-073675,range_073626-073825,0.5,0.0,0.14397544054283218,0.0,"531,311,94,96,375,106,565,412,563,634,455,590,266,306,230,11,148,22,89,536"
490,range_073626-073825,range_073776-073975,1.0,0.5,1.5833052200528934,0.37480343374214387,"144,92,327,383,451,282,277,59,537,309,303,515,330,353,406,551,181,474,292,68"
491,range_073776-073975,range_073926-074125,0.05,-0.45,0.7125262923527463,1.1786347435880726,"44,505,425,244,286,561,399,273,358,405,385,662,414,198,240,538,142,98,149,578"
492,range_073926-074125,range_074076-074275,0.5,0.0,0.7469929188599446,0.6842308872077523,"89,45,559,658,345,466,411,17,233,242,601,249,52,413,642,211,467,78,395,189"
493,range_074076-074275,range_074226-074425,0.55,0.050000000000000044,1.1612892214160597,1.050107919269173,"12,475,583,373,76,550,482,616,207,429,19,14,135,160,651,567,184,169,138,185"
494,range_074226-074425,range_074376-074575,0.55,0.050000000000000044,2.400065497552343,1.9899419757669956,"261,522,593,580,457,50,346,642,217,345,440,450,411,526,400,660,144,4,360,153"
495,range_074376-074575,range_074526-074725,0.3,-0.2,0.24443486566104583,0.41705088931368733,"119,212,100,514,168,348,238,295,383,210,392,310,640,292,565,633,511,600,3,227"
496,range_074526-074725,range_074676-074875,0.75,0.25,0.642982283254822,0.47958727273245283,"256,219,52,89,521,464,381,641,218,353,18,198,402,77,40,167,594,441,634,551"
497,range_074676-074875,range_074826-075025,0.7,0.19999999999999996,0.15594525200237178,0.0,"295,146,388,353,344,641,601,380,455,209,358,274,660,452,598,158,26,345,458,352"
498,range_074826-075025,range_074976-075175,0.0,-0.5,0.2565644326152919,1.1218067162314824,"642,597,659,307,425,650,332,32,385,119,511,451,162,399,82,61,341,617,16,428"
499,range_074976-075175,range_075126-075325,0.0,-0.5,0.4539864122414786,1.2868161086665308,"265,32,435,207,481,429,456,552,160,80,577,30,338,564,241,6,93,53,404,517"
500,range_075126-075325,range_075276-075475,0.25,-0.25,0.23580234682795517,0.7080113067411028,"551,397,179,140,330,188,292,605,41,76,101,348,385,375,358,263,265,431,36,643"
501,range_075276-075475,range_075426-075625,0.1,-0.4,0.0,0.7631088477090082,"282,339,378,26,595,188,465,375,586,277,262,335,343,662,208,40,55,353,635,220"
502,range_075426-075625,range_075576-075775,0.25,-0.25,0.0,0.012777235841235322,"32,475,637,110,361,486,113,517,442,585,331,663,639,160,541,477,90,555,205,605"
503,range_075576-075775,range_075726-075925,0.2,-0.3,0.29357552480923166,0.8491347432777443,"589,176,223,188,428,571,181,631,596,377,651,0,232,474,386,266,25,157,48,221"
504,range_075726-075925,range_075876-076075,0.25,-0.25,0.0,0.0,"295,89,55,353,102,212,324,520,228,623,230,122,493,337,644,139,132,52,319,136"
505,range_075876-076075,range_076026-076225,0.4,-0.09999999999999998,0.2525690689269889,0.32344842590324974,"405,435,533,578,425,412,606,347,170,23,192,120,572,558,614,257,21,517,349,224"
506,range_076026-076225,range_076176-076375,0.85,0.35,0.8984222161967381,0.61665864204216,"436,334,131,558,475,528,67,186,471,534,125,13,616,574,426,72,578,269,198,325"
507,range_076176-076375,range_076326-076525,0.65,0.15000000000000002,0.8439158326877506,0.5209868139671998,"374,316,495,570,112,312,255,213,353,146,455,267,474,662,27,366,133,656,167,463"
508,range_076326-076525,range_076476-076675,1.0,0.5,1.112581619746345,0.0,"640,48,351,380,174,522,363,366,211,232,99,647,346,55,394,403,261,158,83,0"
509,range_076476-076675,range_076626-076825,0.45,-0.04999999999999999,0.6533357069941592,0.7421303148910994,"128,431,367,176,442,409,241,62,631,1,210,428,445,217,420,372,29,489,606,379"
510,range_076626-076825,range_076776-076975,0.3,-0.2,0.0,0.0,"42,375,21,52,593,297,389,54,281,44,255,418,136,615,82,320,231,606,553,328"
511,range_076776-076975,range_076926-077125,0.075,-0.425,0.0,0.45479658819510893,"147,419,48,495,129,566,220,413,366,232,391,388,660,158,154,608,177,133,262,303"
512,range_076926-077125,range_077076-077275,0.9,0.4,1.2075446899068798,0.26023232256888806,"202,294,292,182,60,464,491,473,36,63,274,61,471,662,548,137,255,408,104,291"
513,range_077076-077275,range_077226-077425,0.4,-0.09999999999999998,1.0425161727250447,1.194029023774263,"69,362,168,62,273,358,136,221,333,317,442,107,419,359,117,319,412,110,640,468"
514,range_077226-077425,range_077376-077575,0.1,-0.4,0.2595669331465426,0.648856602414356,"470,541,556,538,370,110,161,131,552,139,333,285,286,277,16,578,196,294,587,620"
515,range_077376-077575,range_077526-077725,0.35,-0.15000000000000002,0.5962564638892345,0.7535888491794782,"179,250,29,234,21,305,79,265,532,215,340,80,452,429,159,326,296,8,278,86"
516,range_077526-077725,range_077676-077875,0.0,-0.5,0.0,1.0394567804012793,"658,589,467,346,163,382,526,251,497,451,580,174,537,232,400,24,59,284,112,214"
517,range_077676-077875,range_077826-078025,0.025,-0.475,0.0,1.5370971188047367,"382,643,413,301,530,403,589,371,483,498,73,174,638,601,440,81,202,211,346,24"
518,range_077826-078025,range_077976-078175,0.175,-0.325,0.0,0.4280050084599222,"161,649,164,643,423,70,235,291,428,144,369,18,95,598,553,129,176,330,116,159"
519,range_077976-078175,range_078126-078325,0.75,0.25,0.4181554472862066,0.12268261831471802,"176,548,321,376,483,204,51,431,324,315,263,249,17,177,97,0,254,505,57,193"
520,range_078126-078325,range_078276-078475,0.225,-0.275,0.0,0.013949951237184862,"261,391,658,253,644,660,546,498,200,544,226,371,303,282,594,543,608,78,181,378"
521,range_078276-078475,range_078426-078625,0.9,0.4,0.8170845088225742,0.0,"608,301,663,548,388,411,383,346,209,335,163,17,106,50,73,646,324,439,441,413"
522,range_078426-078625,range_078576-078775,0.1,-0.4,0.0,0.7280913145562355,"133,250,222,422,137,461,256,622,497,272,168,211,87,95,189,366,158,75,217,382"
523,range_078576-078775,range_078726-078925,0.95,0.44999999999999996,1.9032657198711693,1.3639444656183368,"98,154,11,101,562,662,20,100,196,453,56,238,296,425,357,563,406,177,155,49"
524,range_078726-078925,range_078876-079075,0.85,0.35,1.9962976890136903,1.2044790154913199,"324,125,439,147,293,569,47,374,257,4,203,465,512,212,225,237,644,104,227,303"
525,range_078876-079075,range_079026-079225,0.95,0.44999999999999996,0.8949475165554548,0.0,"225,601,109,10,371,95,47,305,363,388,232,37,245,365,448,440,251,607,74,379"
526,range_079026-079225,range_079176-079375,0.95,0.44999999999999996,2.073745565754741,1.6969781002399595,"558,591,114,64,138,509,118,487,354,120,298,32,584,494,134,572,197,269,185,624"
527,range_079176-079375,range_079326-079525,0.6,0.09999999999999998,1.2682084597536596,1.1148571389775672,"576,454,118,19,460,316,477,502,162,193,238,104,347,392,468,216,492,631,91,488"
528,range_079326-079525,range_079476-079675,0.5,0.0,0.13211633301554276,0.08918227243619477,"331,67,626,93,34,577,476,199,156,435,37,663,294,131,620,260,429,632,64,624"
529,range_079476-079675,range_079626-079825,0.15,-0.35,0.7082171029047413,1.568392283586274,"637,305,145,580,658,611,153,327,513,116,498,647,127,75,336,363,413,601,70,492"
530,range_079626-079825,range_079776-079975,0.25,-0.25,0.03548453247942042,0.587615211360951,"133,371,652,595,513,305,364,24,597,301,566,413,308,250,262,245,78,87,163,251"
531,range_079776-079975,range_079926-080125,0.3,-0.2,0.18887096328934555,0.26134937312261614,"646,123,651,594,357,221,453,10,547,280,505,423,437,403,345,198,443,203,273,61"
532,range_079926-080125,range_080076-080275,0.65,0.15000000000000002,0.21125462851569235,0.09616209262218628,"63,221,5,204,217,551,548,640,124,355,1,619,649,629,256,384,181,263,282,97"
533,range_080076-080275,range_080226-080425,0.05,-0.45,0.0,0.7169755435248922,"327,376,449,116,46,173,626,419,436,467,209,191,153,211,581,465,225,232,357,243"
534,range_080226-080425,range_080376-080575,0.9,0.4,0.5211888110854721,0.0014449446686267816,"429,624,482,313,582,180,252,659,19,76,370,486,201,207,623,555,506,53,169,216"
535,range_080376-080575,range_080526-080725,0.35,-0.15000000000000002,1.110793039631127,1.4338133871179162,"20,424,339,208,417,345,167,367,386,342,422,55,191,177,412,611,463,347,211,607"
536,range_080526-080725,range_080676-080875,0.35,-0.15000000000000002,0.0,0.0,"438,301,474,391,634,52,84,512,109,302,200,4,299,232,660,521,551,647,522,78"
537,range_080676-080875,range_080826-081025,0.3,-0.2,0.04365188155164303,0.2667850796185093,"358,474,402,16,68,17,94,445,664,151,355,119,186,435,83,246,198,630,81,510"
538,range_080826-081025,range_080976-081175,0.45,-0.04999999999999999,0.636291213579624,0.718112707863286,"612,280,548,163,54,84,194,26,388,513,168,129,187,378,208,472,413,45,406,232"
539,range_080976-081175,range_081126-081325,0.9,0.4,0.38535054025585896,0.0,"255,151,273,405,459,254,449,365,244,292,315,18,525,610,609,129,407,172,360,52"
540,range_081126-081325,range_081276-081475,0.05,-0.45,0.0,0.3494906477604308,"137,181,108,386,44,42,143,164,93,637,354,574,473,18,77,477,211,371,104,54"
541,range_081276-081475,range_081426-081625,0.15,-0.35,0.0,0.27457857445800943,"154,82,412,560,257,123,259,285,633,404,645,37,295,181,603,249,559,260,48,331"
542,range_081426-081625,range_081576-081775,0.6,0.09999999999999998,0.417906420980608,0.3498964649935192,"168,442,55,469,660,264,220,571,645,150,195,124,399,194,81,275,342,600,29,455"
543,range_081576-081775,range_081726-081925,0.75,0.25,0.2976051042534446,0.10481483775590719,"172,439,63,586,472,312,337,652,220,386,618,174,589,256,403,508,299,168,432,116"
544,range_081726-081925,range_081876-082075,0.85,0.35,0.6574221048936835,0.4258542615109552,"140,479,473,198,192,415,156,196,635,307,178,515,417,501,68,124,328,395,96,25"
545,range_081876-082075,range_082026-082225,1.0,0.5,1.528580990722551,0.4659644571939844,"627,173,293,622,427,628,178,7,272,164,503,640,619,310,383,96,433,655,378,70"
546,range_082026-082225,range_082176-082375,0.8,0.30000000000000004,0.8413288426014908,0.42686553112064696,"225,296,467,595,574,589,476,111,562,523,232,153,470,422,403,536,85,188,341,601"
547,range_082176-082375,range_082326-082525,0.65,0.15000000000000002,0.8999484467933417,0.7115179227771177,"341,106,566,530,129,388,17,87,211,250,33,143,27,363,468,189,601,200,56,130"
548,range_082326-082525,range_082476-082675,0.075,-0.425,0.0,0.3880775218847588,"172,658,226,594,253,346,383,112,391,209,282,498,579,261,158,153,288,99,163,628"
549,range_082476-082675,range_082626-082825,0.95,0.44999999999999996,1.5922127289916093,0.7469757135317342,"241,583,494,53,484,429,14,180,334,184,659,117,527,307,169,567,216,396,614,252"
550,range_082626-082825,range_082776-082975,0.65,0.15000000000000002,2.252171524539153,2.007792024755709,"28,660,260,461,35,573,179,587,203,628,406,498,391,644,658,159,609,288,82,538"
551,range_082776-082975,range_082926-083125,0.7,0.19999999999999996,0.8282727886524522,0.314941288942004,"471,36,126,481,459,474,506,134,479,446,231,27,93,639,534,659,217,254,502,347"
552,range_082926-083125,range_083076-083275,0.55,0.050000000000000044,1.0770948086408845,1.024790831846612,"153,203,136,1,566,286,376,462,130,75,209,493,363,297,367,605,463,144,95,414"
553,range_083076-083275,range_083226-083425,0.2,-0.3,0.0,0.02503800027240154,"92,256,480,132,646,491,133,121,584,75,503,44,51,41,424,63,463,462,451,94"
554,range_083226-083425,range_083376-083575,0.15,-0.35,0.6296602190222641,1.018474171230598,"201,604,624,475,184,567,207,313,76,373,252,420,623,614,659,241,582,21,437,435"
555,range_083376-083575,range_083526-083725,0.65,0.15000000000000002,1.0177551255703507,0.7101294145205479,"639,258,533,437,6,9,15,175,424,509,500,585,229,575,125,325,396,648,13,138"
556,range_083526-083725,range_083676-083875,0.9,0.4,0.6618502460655923,0.4331892391982262,"606,67,286,395,447,100,239,654,605,276,405,134,101,632,157,41,591,627,141,193"
557,range_083676-083875,range_083826-084025,0.025,-0.475,0.0,0.9160125050019889,"439,21,3,121,363,473,26,536,450,339,99,236,413,461,493,430,220,438,153,282"
558,range_083826-084025,range_083976-084175,0.4,-0.09999999999999998,1.120027995148764,1.3418074700955698,"598,301,113,329,158,261,63,189,308,291,512,232,74,24,458,530,634,526,310,473"
559,range_083976-084175,range_084126-084325,0.275,-0.22499999999999998,0.0,0.0,"218,256,490,285,293,320,618,167,383,168,584,270,191,35,295,538,646,356,105,486"
560,range_084126-084325,range_084276-084475,0.6,0.09999999999999998,0.40766388420892474,0.20997251391917277,"628,226,441,580,127,543,599,646,230,356,274,191,106,521,660,245,413,573,302,301"
561,range_084276-084475,range_084426-084625,0.1,-0.4,0.028191769680765394,0.5462547957583797,"498,608,660,441,521,106,546,543,658,391,536,226,303,146,455,644,413,356,383,127"
562,range_084426-084625,range_084576-084775,0.4,-0.09999999999999998,0.09459395687309213,0.267800063819481,"518,633,311,132,605,30,6,492,172,37,247,525,279,95,267,202,491,329,230,0"
563,range_084576-084775,range_084726-084925,0.55,0.050000000000000044,0.19268934475258265,0.20972078873511013,"503,354,159,459,533,651,421,65,72,286,372,306,370,361,664,138,645,86,401,334"
564,range_084726-084925,range_084876-085075,0.05,-0.45,1.0077379859873137,2.2100580145916697,"112,24,523,393,74,127,346,440,391,580,301,450,339,226,522,649,99,589,498,646"
565,range_084876-085075,range_085026-085225,0.9,0.4,0.7831549828366661,0.0,"346,580,399,382,461,225,167,339,383,520,579,441,493,210,350,288,303,163,594,462"
566,range_085026-085225,range_085176-085375,1.0,0.5,2.6913744301482665,1.7443889838738513,"649,196,242,350,448,518,159,1,547,401,161,221,299,534,20,320,156,470,85,22"
567,range_085176-085375,range_085326-085525,1.0,0.5,1.2102096255301156,0.7745795707456129,"269,152,396,478,160,404,114,410,582,481,192,636,80,577,268,313,471,583,349,190"
568,range_085326-085525,range_085476-085675,0.5,0.0,0.6854853280142268,0.6386836281917913,"1,549,130,253,498,83,232,272,467,658,230,198,599,480,606,242,297,84,48,26"
569,range_085476-085675,range_085626-085825,0.9,0.4,0.9396175989380106,0.0,"73,78,253,133,219,346,337,376,599,255,411,122,343,301,87,364,45,652,163,202"
570,range_085626-085825,range_085776-085975,0.25,-0.25,1.0087679455313274,1.3930330544654554,"628,446,147,660,416,59,600,215,546,81,112,55,427,353,306,590,545,315,272,141"
571,range_085776-085975,range_085926-086125,0.45,-0.04999999999999999,1.09681917572378,1.1253736998268293,"632,489,82,148,15,477,447,648,542,197,657,515,558,637,198,93,8,107,49,470"
572,range_085926-086125,range_086076-086275,0.15,-0.35,0.27705825193740036,1.2111425031843341,"106,356,95,658,413,546,391,498,646,543,610,304,551,350,261,441,596,301,442,99"
573,range_086076-086275,range_086226-086425,0.275,-0.22499999999999998,0.0,0.007884062885065464,"285,56,445,93,592,472,278,152,95,115,48,251,258,280,584,202,122,618,609,337"
574,range_086226-086425,range_086376-086575,0.2,-0.3,0.12589388204669302,0.5070188778581701,"553,275,322,634,129,143,26,48,462,293,271,228,170,122,539,81,470,415,307,45"
575,range_086376-086575,range_086526-086725,0.55,0.050000000000000044,0.3017390350001093,0.22169018479641023,"514,457,505,310,329,499,161,518,309,588,591,299,653,552,532,656,68,384,36,63"
576,range_086526-086725,range_086676-086875,0.7,0.19999999999999996,0.720728788650259,0.38056587279907816,"601,476,24,522,496,466,113,280,50,259,129,317,137,513,208,364,165,416,95,640"
577,range_086676-086875,range_086826-087025,0.0,-0.5,0.03929997002972518,1.6341147101602482,"273,426,540,637,497,310,266,167,256,232,74,105,262,322,595,365,304,390,87,272"
578,range_086826-087025,range_086976-087175,0.85,0.35,0.45798989384634303,0.1947652850584703,"161,278,656,540,215,16,7,381,259,507,442,28,178,267,650,501,609,108,27,306"
579,range_086976-087175,range_087126-087325,0.9,0.4,1.802907297402269,0.596628571064278,"158,520,644,440,187,123,383,556,526,544,608,394,137,413,261,521,303,463,594,346"
580,range_087126-087325,range_087276-087475,0.1,-0.4,0.6033038251380461,1.492964993652218,"445,430,324,507,20,278,661,45,296,401,219,602,5,656,273,501,268,520,302,493"
581,range_087276-087475,range_087426-087625,0.6,0.09999999999999998,1.815879365934026,1.7760245461350157,"482,19,494,420,636,184,313,616,185,349,160,180,555,564,76,506,471,429,290,53"
582,range_087426-087625,range_087576-087775,0.2,-0.3,0.5985822362704583,0.8681013767256323,"160,334,53,482,19,252,604,207,201,359,25,437,603,485,494,269,550,138,567,185"
583,range_087576-087775,range_087726-087925,0.15,-0.35,0.974457674126281,1.5958996470228055,"273,150,535,311,454,653,364,52,613,524,147,469,290,111,442,104,89,525,514,536"
584,range_087726-087925,range_087876-088075,0.15,-0.35,0.0,0.37669319539766644,"324,648,75,392,464,264,238,123,300,100,468,116,83,466,284,482,86,171,358,331"
585,range_087876-088075,range_088026-088225,0.7,0.19999999999999996,1.7407045039619709,1.003298023143825,"530,364,360,382,523,163,171,262,87,652,305,413,483,137,566,250,284,301,261,47"
586,range_088026-088225,range_088176-088375,0.75,0.25,1.7847305708284766,1.4136254981728573,"302,248,572,430,67,510,239,138,534,655,277,155,149,97,477,643,273,328,221,656"
587,range_088176-088375,range_088326-088525,0.0,-0.5,0.05934291583773512,0.7872093884781708,"491,178,602,519,418,632,617,139,91,63,661,3,477,157,154,327,330,352,507,367"
588,range_088326-088525,range_088476-088675,0.35,-0.15000000000000002,1.4339898983778725,1.6466495514817103,"495,497,346,308,130,600,99,163,360,48,409,490,498,318,211,618,653,115,458,232"
589,range_088476-088675,range_088626-088825,0.25,-0.25,0.9281768501864818,1.1966861743218722,"117,152,25,453,437,487,13,12,184,629,407,307,76,387,298,494,485,201,529,420"
590,range_088626-088825,range_088776-088975,0.0,-0.5,0.0,2.2166465193566847,"78,45,133,73,392,122,496,525,530,569,308,202,253,46,291,262,301,346,566,26"
591,range_088776-088975,range_088926-089125,0.3,-0.2,0.0,0.0,"518,400,383,229,228,106,384,52,297,256,201,424,508,605,377,623,381,501,632,279"
592,range_088926-089125,range_089076-089275,0.25,-0.25,0.0,0.06217057453040242,"256,251,295,413,356,266,358,26,262,394,495,188,448,366,143,551,225,608,48,280"
593,range_089076-089275,range_089226-089425,0.9,0.4,0.4909960803860774,0.07204962046954676,"469,263,246,441,106,432,310,270,358,254,113,357,544,80,630,418,474,2,472,45"
594,range_089226-089425,range_089376-089575,0.45,-0.04999999999999999,0.479137536146892,0.48445453080972856,"514,194,357,527,181,544,571,143,30,575,619,311,663,102,513,304,566,280,622,165"
595,range_089376-089575,range_089526-089725,0.6,0.09999999999999998,1.5467177252789353,1.5082669248889782,"62,27,544,554,425,319,266,217,244,459,507,387,370,49,110,90,349,333,430,326"
596,range_089526-089725,range_089676-089875,1.0,0.5,1.5660709056269038,0.7107431745396084,"239,584,215,224,30,178,196,459,155,175,61,359,656,629,114,90,141,542,368,534"
597,range_089676-089875,range_089826-090025,0.75,0.25,0.7450680973369898,0.3392692119400034,"254,7,129,382,394,495,99,365,77,357,214,122,305,84,301,336,46,10,141,172"
598,range_089826-090025,range_089976-090175,0.4,-0.09999999999999998,0.10130804116310929,0.1458237391535831,"262,523,570,411,308,78,566,87,513,344,291,206,301,463,346,353,73,380,641,351"
599,range_089976-090175,range_090126-090325,0.55,0.050000000000000044,1.114999638838312,0.9648140854909872,"226,352,497,545,465,508,218,86,480,427,472,158,660,353,403,220,441,511,129,366"
600,range_090126-090325,range_090276-090475,0.2,-0.3,0.016091250661959555,0.5453534845982161,"367,137,526,94,413,104,394,163,95,458,658,283,366,78,440,272,301,24,208,73"
601,range_090276-090475,range_090426-090625,0.0,-0.5,0.6553570460356469,1.4146735759765587,"329,429,531,196,434,9,421,185,100,650,648,437,57,183,396,535,562,32,13,294"
602,range_090426-090625,range_090576-090775,0.1,-0.4,0.7497892495232714,0.9466302334647643,"307,590,53,39,198,306,258,175,192,529,257,657,477,252,645,395,32,138,13,69"
603,range_090576-090775,range_090726-090925,0.85,0.35,0.9224665079245409,0.6871706844939759,"550,53,313,334,484,616,582,564,180,307,420,487,506,577,269,485,434,396,12,6"
604,range_090726-090925,range_090876-091075,0.0,-0.5,0.865025843807616,1.8438363721779751,"375,449,617,97,298,553,203,120,237,408,63,422,393,454,650,512,108,230,272,445"
605,range_090876-091075,range_091026-091225,0.15,-0.35,0.34819883120142353,0.6822153066454357,"392,525,377,631,170,321,463,92,256,300,45,628,238,395,10,367,26,355,644,652"
606,range_091026-091225,range_091176-091375,0.25,-0.25,0.0,0.00323687049836981,"248,68,193,414,385,534,509,596,298,456,111,350,539,579,256,619,663,260,67,432"
607,range_091176-091375,range_091326-091525,0.25,-0.25,0.2566579319235672,0.49660656859874586,"70,43,495,116,244,463,55,480,504,658,497,644,3,381,585,142,61,546,511,386"
608,range_091326-091525,range_091476-091675,0.7,0.19999999999999996,0.609860913478706,0.3754015842854105,"598,551,208,513,299,111,356,75,411,413,523,232,522,301,163,644,99,327,398,596"
609,range_091476-091675,range_091626-091825,0.2,-0.3,0.10954637208977022,1.0080895469882893,"99,656,580,660,163,589,579,24,35,463,245,391,225,450,60,261,94,546,270,498"
610,range_091626-091825,range_091776-091975,0.3,-0.2,0.0,0.0,"571,214,560,130,382,153,26,303,523,436,282,521,467,556,644,149,350,232,549,413"
611,range_091776-091975,range_091926-092125,0.175,-0.325,0.0,0.14173302561150253,"511,126,472,383,386,220,287,371,144,559,409,463,365,538,274,167,202,92,267,581"
612,range_091926-092125,range_092076-092275,1.0,0.5,1.2357100054191295,0.605873887375743,"32,28,150,384,402,115,243,94,573,441,144,228,35,249,542,520,633,300,97,316"
613,range_092076-092275,range_092226-092425,0.25,-0.25,0.39984825433675625,0.6613351552764479,"160,583,564,420,156,636,550,482,535,582,76,623,201,437,184,216,447,562,421,198"
614,range_092226-092425,range_092376-092575,0.05,-0.45,0.5195732905653431,1.4569848255946904,"59,472,388,525,322,537,496,286,443,95,336,571,61,441,122,493,427,173,647,626"
615,range_092376-092575,range_092526-092725,0.75,0.25,0.8983517485485912,0.6533084209619513,"359,426,550,169,207,485,180,577,53,325,475,184,583,307,19,429,484,503,396,657"
616,range_092526-092725,range_092676-092875,0.85,0.35,1.795930123728614,1.394647378183425,"33,222,585,405,556,370,338,263,28,596,125,663,532,471,538,507,606,285,61,562"
617,range_092676-092875,range_092826-093025,0.85,0.35,0.8501752783821989,0.1327629261236789,"94,513,385,388,311,573,392,382,74,203,26,351,61,5,600,295,45,228,251,628"
618,range_092826-093025,range_092976-093175,0.65,0.15000000000000002,0.8692289844265426,0.7522542631632463,"303,319,256,469,441,128,464,218,172,431,504,529,181,339,271,600,287,375,565,560"
619,range_092976-093175,range_093126-093325,0.8,0.30000000000000004,0.9455635831641114,0.5627745873870774,"591,316,17,401,12,538,470,415,23,260,486,370,89,16,98,630,134,155,39,645"
620,range_093126-093325,range_093276-093475,0.2,-0.3,0.1791007725661196,0.42268890168943785,"552,221,456,314,23,192,276,442,239,57,557,502,199,64,41,564,437,56,587,66"
621,range_093276-093475,range_093426-093625,0.35,-0.15000000000000002,1.5501557891746742,1.6828398695189009,"580,570,360,99,209,52,191,382,378,458,245,455,389,264,115,73,386,208,127,51"
622,range_093426-093625,range_093576-093775,0.7,0.19999999999999996,1.3550889618411779,1.0409594422092474,"517,528,506,349,588,307,604,477,663,334,8,80,447,372,481,434,659,114,9,487"
623,range_093576-093775,range_093726-093925,0.0,-0.5,0.0,1.9814962201025987,"504,182,491,382,380,133,595,344,202,337,262,423,537,566,137,46,556,292,400,209"
624,range_093726-093925,range_093876-094075,0.2,-0.3,0.0,0.2792298167006613,"460,152,97,29,106,1,567,444,195,117,474,217,510,373,609,332,596,662,136,352"
625,range_093876-094075,range_094026-094225,0.05,-0.45,0.0,1.4165318196175196,"595,163,146,253,245,77,129,647,78,641,570,91,55,35,220,428,105,36,346,350"
626,range_094026-094225,range_094176-094375,0.35,-0.15000000000000002,0.0,0.0,"29,468,100,469,126,565,636,563,199,574,348,242,518,37,263,238,317,14,108,542"
627,range_094176-094375,range_094326-094525,0.35,-0.15000000000000002,0.065271387907077,0.19368127646420202,"544,144,424,247,384,640,42,309,236,438,213,271,311,536,177,179,538,230,565,345"
628,range_094326-094525,range_094476-094675,0.3,-0.2,1.2468139633674404,1.414610751524494,"373,180,567,582,216,651,503,14,535,482,555,426,252,201,25,157,494,184,616,268"
629,range_094476-094675,range_094626-094825,0.05,-0.45,0.4959608247429749,1.365882093723051,"225,391,658,589,424,439,499,220,113,242,590,52,244,84,436,406,10,403,596,166"
630,range_094626-094825,range_094776-094975,0.4,-0.09999999999999998,0.0,0.0,"396,10,399,393,223,347,49,4,7,390,536,199,276,557,620,205,656,381,0,476"
631,range_094776-094975,range_094926-095125,0.4,-0.09999999999999998,0.13751732411424886,0.6197300452776789,"43,203,18,315,467,391,253,31,440,316,116,394,259,204,474,164,153,226,200,50"
632,range_094926-095125,range_095076-095275,0.65,0.15000000000000002,0.7751833303882976,0.5251583996847282,"315,467,43,394,391,125,18,218,163,116,276,225,377,576,200,431,109,127,31,316"
633,range_095076-095275,range_095226-095425,0.55,0.050000000000000044,0.001517093237446948,0.0,"18,81,467,142,109,377,267,31,315,385,116,598,332,191,608,164,611,602,301,526"
634,range_095226-095425,range_095376-095575,0.275,-0.22499999999999998,0.0,0.0,"270,49,287,146,232,339,385,507,423,557,153,253,589,431,50,127,192,468,112,430"
635,range_095376-095575,range_095526-095725,0.4,-0.09999999999999998,0.2705702958135659,0.3731322458083993,"48,259,368,413,457,177,647,232,580,553,175,508,213,264,59,240,245,358,109,212"
636,range_095526-095725,range_095676-095875,0.5,0.0,0.6979871191971201,0.6147859850022741,"398,0,520,370,491,477,530,94,340,621,89,427,543,316,649,280,129,657,139,9"
637,range_095676-095875,range_095826-096025,0.45,-0.04999999999999999,0.006347078220126581,0.09755426273561608,"7,542,381,655,454,240,287,2,247,476,425,515,510,613,106,521,70,306,315,438"
638,range_095826-096025,range_095976-096175,0.25,-0.25,0.33758013923185776,0.7294207975470208,"566,26,95,87,388,363,415,512,164,137,595,377,409,318,182,220,173,264,167,450"
639,range_095976-096175,range_096126-096325,0.05,-0.45,0.3457225385955192,1.3930328892940573,"119,542,243,382,177,153,658,580,24,116,422,73,251,319,403,84,112,505,511,440"
640,range_096126-096325,range_096276-096475,0.85,0.35,0.2990026914597665,0.0,"164,236,400,402,31,172,144,598,388,537,511,154,107,543,576,569,595,385,340,213"
641,range_096276-096475,range_096426-096625,0.3,-0.2,0.19593124648291116,0.4563078054573674,"430,479,423,40,451,653,68,29,165,525,300,147,143,243,591,254,594,530,119,273"
642,range_096426-096625,range_096576-096775,0.65,0.15000000000000002,0.4871467915524364,0.2555884063450837,"599,297,347,78,153,374,79,351,89,209,630,553,198,346,116,378,73,1,217,615"
643,range_096576-096775,range_096726-096925,0.85,0.35,0.598514891970109,0.04771923933110884,"528,401,418,157,558,533,194,98,502,198,607,316,276,535,298,285,448,20,186,405"
644,range_096726-096925,range_096876-097075,0.05,-0.45,0.04896573469284506,0.47643230312320195,"541,524,316,15,486,603,186,286,6,412,161,290,306,298,533,65,447,471,408,325"
645,range_096876-097075,range_097026-097225,0.9,0.4,1.4298125032754159,0.8568078221392484,"439,280,179,124,573,181,44,389,244,488,473,264,282,292,342,29,272,565,229,79"
646,range_097026-097225,range_097176-097375,0.65,0.15000000000000002,0.4837487882485131,0.34211585948687273,"365,232,458,610,149,106,574,218,513,548,599,598,504,538,523,601,561,109,540,277"
647,range_097176-097375,range_097326-097525,1.0,0.5,1.4376717739042704,0.4568897873520179,"305,445,103,367,662,350,594,270,281,70,548,266,90,634,664,480,231,469,106,278"
648,range_097326-097525,range_097476-097675,0.05,-0.45,0.11883890043277998,1.7354650736100243,"256,24,123,283,250,570,146,253,592,361,112,191,78,346,658,348,104,107,158,99"
649,range_097476-097675,range_097626-097825,0.05,-0.45,0.0,0.7152844265207431,"48,163,112,99,393,339,411,461,360,173,245,346,580,127,418,233,440,63,256,116"
650,range_097626-097825,range_097776-097975,0.125,-0.375,0.0,1.4228970544174135,"55,245,322,571,261,526,116,346,315,301,153,603,150,263,498,524,78,365,454,26"
651,range_097776-097975,range_097926-098125,0.65,0.15000000000000002,1.6853454465895963,1.3394037160347094,"297,135,618,300,367,303,89,586,502,350,322,358,264,559,257,74,195,63,92,249"
652,range_097926-098125,range_098076-098275,0.6,0.09999999999999998,0.7674937490297473,0.6738340515258959,"162,437,470,445,25,187,248,567,573,11,432,574,259,71,20,277,149,404,98,238"
653,range_098076-098275,range_098226-098425,0.2,-0.3,0.3545993520170701,0.5765386525506542,"35,286,381,270,364,62,48,81,451,348,190,642,607,543,256,140,633,248,399,554"
654,range_098226-098425,range_098376-098575,0.7,0.19999999999999996,0.3846545949785816,0.21460256472101513,"267,369,85,332,515,190,390,347,562,399,444,625,195,501,373,564,186,544,516,32"
655,range_098376-098575,range_098526-098725,0.075,-0.425,0.0,0.3831895671181392,"345,589,377,341,346,27,173,2,63,271,422,356,183,112,203,635,347,14,498,262"
656,range_098526-098725,range_098676-098875,0.1,-0.4,0.0,0.29854379749281984,"628,505,533,318,502,597,106,49,389,92,168,422,558,228,400,360,534,293,189,483"
657,range_098676-098875,range_098826-099025,0.8,0.30000000000000004,2.0154015532696588,1.4340972115048258,"463,225,245,84,41,366,24,129,105,220,90,95,48,67,218,272,163,601,450,367"
658,range_098826-099025,range_098976-099175,0.8,0.30000000000000004,1.8369120013134255,1.0761313664419987,"563,478,615,259,72,57,310,632,417,86,125,42,395,239,398,185,443,527,62,27"
659,range_098976-099175,range_099126-099325,0.5,0.0,1.5367983356430521,1.6972678401532468,"574,498,356,261,303,35,127,391,546,281,270,204,366,226,120,321,476,403,24,601"
660,range_099126-099325,range_099276-099475,0.375,-0.125,0.0,0.0,"463,281,641,323,182,648,300,480,164,250,398,225,120,358,397,554,297,553,103,147"
661,range_099276-099475,range_099426-099625,0.45,-0.04999999999999999,0.40030801100789737,0.48589475966865886,"531,142,111,361,644,479,474,417,18,315,129,341,295,241,431,502,456,23,528,464"
662,range_099426-099625,range_099576-099775,0.1,-0.4,0.03481606516128615,0.5244403215676985,"457,311,130,463,128,190,238,563,21,316,596,66,175,372,219,217,547,17,610,162"
663,range_099576-099775,range_099726-099925,0.25,-0.25,0.0537548064274747,0.6571021017594233,"611,586,43,81,324,8,230,556,513,458,461,33,607,370,385,236,273,133,581,319"
