transition_index,from_range,to_range,consensus_physical_percentile,consensus_percentile_effect,median_physical_front_score,median_control_front_score,control_dest_indices
1,range_000151-000350,range_000301-000500,0.4,-0.09999999999999998,0.27766274743782193,0.3927202725920189,"224,461,621,382,662,433,228,32,248,305,57,606,207,310,273,151,328,211,48,342"
2,range_000301-000500,range_000451-000650,0.6,0.09999999999999998,0.6109356590570434,0.5637302025633726,"423,134,370,637,97,412,334,379,189,515,281,519,140,547,349,345,114,237,127,585"
3,range_000451-000650,range_000601-000800,0.5,0.0,0.056881080884573464,0.11200757858605417,"419,320,173,456,189,207,581,524,498,112,462,254,39,384,349,119,323,220,657,299"
4,range_000601-000800,range_000751-000950,0.65,0.15000000000000002,0.3668252432553523,0.2407486191088191,"46,502,87,381,542,491,493,241,139,62,450,278,65,402,227,245,76,183,418,147"
5,range_000751-000950,range_000901-001100,0.3,-0.2,0.5521176345229607,0.6334591629383572,"644,244,557,207,461,107,413,665,437,329,308,137,331,425,333,66,359,114,646,555"
6,range_000901-001100,range_001051-001250,0.05,-0.45,0.0,0.5351565165684153,"567,214,75,663,262,361,232,598,362,524,379,519,337,509,462,168,226,661,74,458"
7,range_001051-001250,range_001201-001400,0.1,-0.4,0.26063085528311275,0.3345306885735605,"473,21,428,67,309,642,397,377,300,68,655,636,489,350,72,589,47,630,317,449"
8,range_001201-001400,range_001351-001550,0.3,-0.2,0.46439696135570274,0.45251224155961367,"110,495,342,108,145,539,541,84,136,564,460,203,129,505,565,444,475,641,501,532"
9,range_001351-001550,range_001501-001700,1.0,0.5,1.098070560886758,0.9248469429635415,"605,652,374,578,485,454,415,617,149,161,535,329,586,408,185,405,208,435,421,22"
10,range_001501-001700,range_001651-001850,0.55,0.050000000000000044,1.1499528495217803,1.135103297535407,"405,115,487,618,338,653,40,632,103,30,269,352,604,516,85,51,106,585,62,665"
11,range_001651-001850,range_001801-002000,0.45,-0.04999999999999999,0.8567206409843962,0.8631444677689879,"249,556,548,32,317,503,623,341,265,518,472,585,475,391,194,105,565,120,256,295"
12,range_001801-002000,range_001951-002150,0.2,-0.3,0.793683742078481,0.8746887680506761,"109,436,447,369,186,335,118,398,33,310,422,502,629,42,72,507,501,521,231,26"
13,range_001951-002150,range_002101-002300,0.05,-0.45,1.165184793509109,1.414203005631327,"521,448,547,253,385,157,331,405,259,576,475,574,518,334,256,643,107,30,207,504"
14,range_002101-002300,range_002251-002450,0.15,-0.35,0.9202123703350609,1.022024706611314,"658,458,157,217,277,290,197,300,545,541,238,104,271,225,559,371,538,276,63,98"
15,range_002251-002450,range_002401-002600,0.1,-0.4,0.9444688489935615,1.0606272866379585,"342,146,242,310,354,408,253,573,326,258,388,256,94,162,575,151,152,644,268,314"
16,range_002401-002600,range_002551-002750,0.35,-0.15000000000000002,0.9258646827130815,0.9398961381424784,"505,319,642,330,317,541,638,451,318,229,533,195,479,114,661,184,33,224,325,69"
17,range_002551-002750,range_002701-002900,0.1,-0.4,0.006856722978079338,0.3167750265790904,"57,357,278,27,305,566,227,587,210,209,245,384,36,79,477,128,74,644,659,246"
18,range_002701-002900,range_002851-003050,0.9,0.4,0.550415871530414,0.32011910086717976,"76,385,513,289,461,218,414,576,226,355,657,629,366,407,601,302,530,347,138,315"
19,range_002851-003050,range_003001-003200,0.4,-0.09999999999999998,0.9829525410014276,1.0397472640443253,"617,240,528,573,397,583,605,242,436,485,355,161,152,486,198,616,435,94,553,185"
20,range_003001-003200,range_003151-003350,0.3,-0.2,1.2649844788067082,1.29030242660103,"220,175,443,637,299,560,319,469,272,369,217,51,665,331,341,2,486,199,449,34"
21,range_003151-003350,range_003301-003500,0.1,-0.4,0.3847640922433882,0.6644968318599633,"212,75,4,463,174,389,441,137,379,181,390,293,411,90,503,99,64,96,423,327"
22,range_003301-003500,range_003451-003650,0.25,-0.25,0.5546744762084636,0.622699612147224,"198,448,576,87,332,309,115,375,417,81,600,157,471,643,413,545,313,32,276,505"
23,range_003451-003650,range_003601-003800,0.1,-0.4,0.13912993752379468,0.5700057372730354,"441,250,356,569,210,581,79,76,455,389,401,75,256,316,554,128,262,212,623,496"
24,range_003601-003800,range_003751-003950,0.4,-0.09999999999999998,0.24575552327924574,0.33851184288077163,"466,524,275,513,467,192,174,402,457,117,608,177,612,379,602,619,594,256,93,304"
25,range_003751-003950,range_003901-004100,0.75,0.25,0.8697120661645763,0.703636494892425,"359,132,303,434,502,160,557,339,639,422,72,521,644,97,331,448,650,321,629,664"
26,range_003901-004100,range_004051-004250,0.9,0.4,1.2037973691577375,0.9618038980598194,"544,60,648,306,281,196,398,620,431,64,173,45,413,66,439,516,402,437,394,53"
27,range_004051-004250,range_004201-004400,0.85,0.35,0.4260824064355105,0.1807238737609537,"468,496,548,440,259,39,424,74,323,600,597,383,602,477,588,92,168,76,378,4"
28,range_004201-004400,range_004351-004550,0.55,0.050000000000000044,0.9249082711847296,0.8460681348843941,"72,413,373,585,17,449,269,611,492,664,287,80,306,607,403,67,11,443,274,465"
29,range_004351-004550,range_004501-004700,0.25,-0.25,0.41238917430869015,0.6690761876100428,"232,72,4,173,218,305,456,493,263,663,610,116,108,293,514,138,394,171,582,259"
30,range_004501-004700,range_004651-004850,0.5,0.0,0.21979663541704422,0.22141796520016588,"315,108,434,58,354,259,464,629,232,293,226,603,83,539,509,493,352,647,513,190"
31,range_004651-004850,range_004801-005000,0.75,0.25,0.38100811779549554,0.33227861781492607,"621,167,197,536,386,399,306,504,575,111,418,54,253,605,284,592,308,5,385,178"
32,range_004801-005000,range_004951-005150,0.0,-0.5,0.26276213942105014,0.7588888689726968,"90,1,195,359,396,301,453,6,273,552,52,451,349,154,294,123,394,0,249,464"
33,range_004951-005150,range_005101-005300,0.25,-0.25,0.5905540401294823,0.6798371087879598,"553,194,373,228,665,178,437,331,116,521,311,206,348,419,314,213,205,590,219,474"
34,range_005101-005300,range_005251-005450,0.8,0.30000000000000004,0.5501011715788892,0.45961589740476816,"115,307,67,433,274,559,541,516,211,506,330,550,24,244,101,467,503,489,352,175"
35,range_005251-005450,range_005401-005600,0.45,-0.04999999999999999,0.08122861619779606,0.08493957621166362,"227,232,600,260,90,441,392,539,261,131,602,379,574,236,351,566,180,86,119,471"
36,range_005401-005600,range_005551-005750,1.0,0.5,0.987897226159906,0.7050366052580433,"233,625,158,406,502,15,534,198,578,229,146,483,199,529,408,472,565,328,535,81"
37,range_005551-005750,range_005701-005900,0.65,0.15000000000000002,1.2237438793822968,1.165795854103986,"503,560,559,443,185,21,480,107,656,172,129,62,437,475,8,391,510,282,477,548"
38,range_005701-005900,range_005851-006050,0.55,0.050000000000000044,1.2507242953215418,1.0846300421637625,"229,653,74,571,352,567,236,134,429,538,613,135,345,414,275,494,466,285,25,523"
39,range_005851-006050,range_006001-006200,0.5,0.0,0.6485393573884994,0.6700326776486971,"238,534,332,255,497,62,603,618,24,290,562,250,298,536,181,243,305,118,101,237"
40,range_006001-006200,range_006151-006350,0.025,-0.475,0.0,0.3404295624120375,"4,392,27,544,442,357,611,60,210,574,566,261,180,209,232,423,384,600,379,587"
41,range_006151-006350,range_006301-006500,0.225,-0.275,0.0,0.035713209408707994,"64,137,56,601,642,575,509,620,291,170,96,113,263,555,279,610,439,136,325,561"
42,range_006301-006500,range_006451-006650,0.1,-0.4,0.4038519665616551,0.6026373181211907,"142,21,139,532,97,98,649,259,577,104,328,22,437,206,388,20,634,6,333,403"
43,range_006451-006650,range_006601-006800,0.6,0.09999999999999998,0.6691945660770828,0.6546195667925911,"330,489,143,454,60,104,359,447,12,9,525,580,139,249,300,112,556,404,88,98"
44,range_006601-006800,range_006751-006950,0.075,-0.425,0.0,0.4515567256490124,"209,138,600,117,230,414,456,113,226,280,527,423,214,567,210,506,515,246,439,74"
45,range_006751-006950,range_006901-007100,0.35,-0.15000000000000002,0.049048273179764304,0.1160602161260977,"67,123,80,363,1,282,617,19,362,65,180,456,0,401,312,444,285,366,119,95"
46,range_006901-007100,range_007051-007250,0.05,-0.45,0.0,0.3437934657910426,"380,18,400,399,103,56,351,30,99,389,15,461,455,517,621,110,565,665,543,245"
47,range_007051-007250,range_007201-007400,0.35,-0.15000000000000002,0.059967347050814405,0.30865675037250095,"523,608,372,110,159,262,247,299,71,168,75,527,138,368,598,343,633,383,224,441"
48,range_007201-007400,range_007351-007550,0.25,-0.25,0.0068397860476821495,0.100764368430012,"543,83,586,481,569,280,164,566,316,267,89,215,204,368,665,416,609,312,357,285"
49,range_007351-007550,range_007501-007700,0.05,-0.45,0.0,0.3643220021661056,"297,572,347,74,496,117,390,602,441,340,378,600,361,215,246,36,209,389,367,404"
50,range_007501-007700,range_007651-007850,0.125,-0.375,0.0,0.16079361764243294,"520,170,458,155,293,237,311,416,631,140,284,618,600,503,123,217,330,206,380,317"
51,range_007651-007850,range_007801-008000,0.1,-0.4,0.0,0.549981695816947,"441,191,116,210,412,75,254,128,361,581,414,171,524,389,571,212,567,292,475,262"
52,range_007801-008000,range_007951-008150,0.5,0.0,0.04970710147757982,0.05075495353391338,"522,438,365,607,451,200,400,623,111,419,424,288,242,417,87,642,308,470,637,497"
53,range_007951-008150,range_008101-008300,0.7,0.19999999999999996,0.9873132817931296,0.889465366795212,"239,20,583,388,639,37,170,333,604,391,208,584,248,112,329,355,335,435,13,16"
54,range_008101-008300,range_008251-008450,0.95,0.44999999999999996,1.640211743763306,1.0958446052768256,"644,365,282,603,203,64,6,369,401,424,404,450,169,464,266,664,491,120,81,123"
55,range_008251-008450,range_008401-008600,0.35,-0.15000000000000002,0.06662351133828684,0.1572344187985017,"316,275,224,473,613,380,524,87,398,367,612,343,213,492,657,307,221,633,662,392"
56,range_008401-008600,range_008551-008750,0.7,0.19999999999999996,0.7066069408011245,0.42221535252825304,"165,524,10,651,275,597,643,67,351,659,511,465,180,490,281,204,514,598,102,68"
57,range_008551-008750,range_008701-008900,0.1,-0.4,0.0,0.4223338563654862,"392,209,562,117,210,17,357,456,245,566,544,574,230,597,29,278,557,455,221,88"
58,range_008701-008900,range_008851-009050,0.15,-0.35,0.33492902449505746,0.5176928044130644,"102,426,33,104,500,295,512,239,110,199,231,375,656,613,446,343,242,284,594,241"
59,range_008851-009050,range_009001-009200,0.9,0.4,0.5752351591277616,0.2146535549388942,"383,490,272,210,180,635,364,379,6,456,345,598,497,429,563,494,321,130,365,594"
60,range_009001-009200,range_009151-009350,0.35,-0.15000000000000002,0.7469626742713465,0.8399173129160691,"158,277,558,16,534,81,403,193,542,213,126,654,420,12,14,70,229,2,15,109"
61,range_009151-009350,range_009301-009500,0.7,0.19999999999999996,1.0057950571143601,0.952484907897792,"13,195,225,369,344,557,627,229,633,482,258,646,629,111,120,548,172,502,377,485"
62,range_009301-009500,range_009451-009650,0.45,-0.04999999999999999,0.4397708157060588,0.42752977723254254,"489,593,607,456,655,308,498,621,140,93,313,413,270,304,252,207,382,78,28,398"
63,range_009451-009650,range_009601-009800,0.5,0.0,1.1585789972772143,1.1256117048997576,"100,582,339,511,375,11,338,166,31,165,541,432,17,187,119,225,82,19,418,404"
64,range_009601-009800,range_009751-009950,0.05,-0.45,0.0,0.5822291604552681,"74,209,265,650,216,493,50,234,647,180,236,99,214,96,327,499,28,468,456,600"
65,range_009751-009950,range_009901-010100,0.25,-0.25,0.700208936330655,0.7755737160972583,"371,606,163,430,233,625,588,629,81,5,388,476,94,626,354,16,42,179,585,435"
66,range_009901-010100,range_010051-010250,0.5,0.0,0.8368098317898371,0.7490220109438519,"363,591,438,641,322,99,587,597,437,376,273,274,631,196,524,432,11,320,26,428"
67,range_010051-010250,range_010201-010400,0.35,-0.15000000000000002,0.45593002856102094,0.7264281553909897,"222,515,254,372,598,481,474,174,519,663,623,404,51,44,227,357,498,93,31,28"
68,range_010201-010400,range_010351-010550,0.7,0.19999999999999996,0.6126237191290836,0.54727075944633,"626,553,646,311,198,279,362,256,26,259,148,604,205,185,568,545,382,104,415,448"
69,range_010351-010550,range_010501-010700,0.3,-0.2,0.8254367387758523,0.8882398783939169,"629,155,627,58,472,308,121,578,135,161,625,257,478,146,170,10,202,536,589,622"
70,range_010501-010700,range_010651-010850,0.1,-0.4,0.5227184503948267,0.8612795919790946,"100,376,456,31,189,439,287,346,87,125,251,504,195,123,374,148,220,417,398,538"
71,range_010651-010850,range_010801-011000,0.6,0.09999999999999998,0.7872206397543925,0.7752739600137346,"91,616,521,604,240,34,415,61,277,257,253,16,54,457,223,658,270,435,233,369"
72,range_010801-011000,range_010951-011150,0.65,0.15000000000000002,0.9815565362301578,0.8675821482296652,"45,463,446,350,546,645,482,228,11,642,229,521,170,0,467,125,417,494,49,136"
73,range_010951-011150,range_011101-011300,1.0,0.5,1.0509064365645295,0.2737627400313567,"523,444,414,429,338,599,619,340,251,499,222,263,3,147,39,226,500,466,230,413"
74,range_011101-011300,range_011251-011450,0.5,0.0,0.25356045086387613,0.2893331406150632,"127,230,345,263,466,429,218,499,96,414,598,55,372,619,582,140,514,39,426,347"
75,range_011251-011450,range_011401-011600,0.175,-0.325,0.0,0.11754539823058183,"90,619,345,214,613,88,60,18,55,11,209,316,537,39,527,513,602,263,566,569"
76,range_011401-011600,range_011551-011750,1.0,0.5,1.5047315721737018,0.5176370801532455,"343,266,618,49,169,40,195,213,477,426,631,483,533,570,555,18,604,1,545,537"
77,range_011551-011750,range_011701-011900,0.55,0.050000000000000044,1.5729007027099966,1.3451556834401073,"230,28,446,116,594,466,642,41,550,50,520,134,286,663,429,462,275,369,371,214"
78,range_011701-011900,range_011851-012050,0.85,0.35,0.3784327729049033,0.17985962959361412,"423,467,548,531,381,538,361,631,237,463,512,226,131,640,496,620,157,296,303,347"
79,range_011851-012050,range_012001-012200,0.85,0.35,0.9732992636138901,0.6195352219491941,"453,359,451,294,475,238,143,380,509,595,165,416,639,92,618,610,282,139,183,69"
80,range_012001-012200,range_012151-012350,0.025,-0.475,0.0,0.7739594098568163,"113,99,581,164,599,552,546,466,273,174,642,327,48,173,597,543,468,587,134,657"
81,range_012151-012350,range_012301-012500,0.55,0.050000000000000044,0.7080531271293287,0.6725123411970586,"451,450,143,71,388,220,30,369,67,124,54,349,55,539,635,263,145,245,449,251"
82,range_012301-012500,range_012451-012650,0.25,-0.25,0.0267053390160096,0.18997495472187792,"432,634,96,234,523,209,367,3,144,249,466,250,581,130,50,426,357,204,511,287"
83,range_012451-012650,range_012601-012800,0.25,-0.25,0.01673793526791156,0.15010076481957224,"352,644,456,495,299,235,135,562,327,323,24,183,481,267,282,177,647,634,148,499"
84,range_012601-012800,range_012751-012950,0.1,-0.4,0.0,0.35028377248934606,"349,378,663,446,523,189,292,347,106,561,361,302,362,455,320,74,432,634,39,105"
85,range_012751-012950,range_012901-013100,0.45,-0.04999999999999999,0.3714861317366473,0.3851073702920438,"32,291,157,289,341,268,592,257,132,588,188,333,344,7,179,271,637,331,607,314"
86,range_012901-013100,range_013051-013250,0.35,-0.15000000000000002,0.6217555985652469,0.6885599788169892,"7,416,638,54,481,594,139,381,168,404,394,385,456,627,121,342,102,596,276,570"
87,range_013051-013250,range_013201-013400,0.8,0.30000000000000004,0.5960396436280964,0.41727864670658443,"208,544,627,102,76,424,219,316,122,266,300,552,60,287,327,333,336,67,213,642"
88,range_013201-013400,range_013351-013550,0.05,-0.45,0.04290917012180649,0.3824779349287296,"337,330,294,243,559,58,76,170,356,478,513,614,561,249,450,99,519,366,180,608"
89,range_013351-013550,range_013501-013700,0.3,-0.2,0.05342615438923159,0.22144028818452144,"338,102,587,379,608,550,458,463,464,495,353,623,0,55,315,175,272,491,251,433"
90,range_013501-013700,range_013651-013850,0.8,0.30000000000000004,0.4310458612571049,0.21980939859104828,"147,222,663,165,275,610,638,566,450,581,459,31,261,493,593,550,394,76,78,390"
91,range_013651-013850,range_013801-014000,0.6,0.09999999999999998,0.7742410685253369,0.7281734662433195,"292,254,293,233,272,159,246,446,278,439,567,280,232,250,393,56,260,491,147,228"
92,range_013801-014000,range_013951-014150,0.25,-0.25,0.0,0.0009013169455764201,"154,218,76,378,447,514,124,43,619,452,35,527,50,183,383,439,474,214,539,458"
93,range_013951-014150,range_014101-014300,0.85,0.35,0.8047255648595181,0.5660193336015691,"650,198,586,21,341,359,545,350,125,310,591,358,132,495,342,430,108,422,317,328"
94,range_014101-014300,range_014251-014450,0.6,0.09999999999999998,1.2031570490520969,1.0902359291802903,"557,141,244,47,175,28,525,215,526,450,576,569,325,228,658,456,173,82,76,619"
95,range_014251-014450,range_014401-014600,0.2,-0.3,0.0,0.16103875402014609,"602,106,441,173,429,572,620,567,105,527,254,178,647,332,601,210,222,445,227,130"
96,range_014401-014600,range_014551-014750,0.15,-0.35,0.43301520634957663,0.6846523920111718,"341,153,502,545,476,430,310,198,557,586,471,447,81,202,630,409,257,269,38,270"
97,range_014551-014750,range_014701-014900,0.3,-0.2,0.626774431950795,0.6962007706691595,"560,273,593,557,260,111,351,451,323,71,195,12,67,453,403,171,6,61,206,200"
98,range_014701-014900,range_014851-015050,0.35,-0.15000000000000002,0.24935526378420023,0.30096692403802355,"362,55,4,511,404,513,439,313,493,293,509,88,620,400,191,16,316,429,113,384"
99,range_014851-015050,range_015001-015200,0.55,0.050000000000000044,0.4878267723418993,0.36783708843586604,"577,517,315,618,659,0,372,514,204,446,464,85,304,346,144,609,395,119,461,53"
100,range_015001-015200,range_015151-015350,0.05,-0.45,0.4262277650557511,0.8865820335601562,"35,371,51,188,198,591,600,67,616,271,111,223,44,133,407,454,266,69,34,42"
101,range_015151-015350,range_015301-015500,0.35,-0.15000000000000002,0.46872408279195527,0.7242627037893069,"636,25,23,412,138,476,168,24,466,82,241,327,408,361,39,594,602,113,544,632"
102,range_015301-015500,range_015451-015650,0.45,-0.04999999999999999,0.2437233301424762,0.3322420596627144,"210,174,204,143,532,567,357,74,260,75,349,361,316,234,214,571,147,432,19,351"
103,range_015451-015650,range_015601-015800,0.275,-0.22499999999999998,0.0,0.04527720172937933,"568,4,44,203,653,517,169,527,309,479,15,465,593,285,214,514,75,338,444,507"
104,range_015601-015800,range_015751-015950,0.7,0.19999999999999996,0.38023046067076544,0.3269204894702277,"627,330,142,393,459,175,261,54,73,376,418,29,152,44,438,224,331,154,629,521"
105,range_015751-015950,range_015901-016100,0.075,-0.425,0.0,0.34970967068384917,"515,215,647,603,601,527,602,209,340,237,222,332,3,69,251,523,138,414,130,571"
106,range_015901-016100,range_016051-016250,0.3,-0.2,0.5310657859448608,0.6031808637304943,"508,409,287,629,135,235,356,244,597,448,646,276,40,639,627,207,354,407,326,399"
107,range_016051-016250,range_016201-016400,0.15,-0.35,0.4069655326640265,0.7744530860565226,"275,600,462,370,464,372,316,475,414,345,234,412,423,531,390,498,538,451,581,254"
108,range_016201-016400,range_016351-016550,0.15,-0.35,0.5513279330362874,0.6209024161008573,"181,586,118,339,604,408,508,418,529,502,151,63,241,186,184,435,270,556,369,564"
109,range_016351-016550,range_016501-016700,0.55,0.050000000000000044,1.1696595668042886,1.080828425392419,"619,450,461,491,506,572,45,566,191,86,389,272,569,529,345,27,432,134,124,496"
110,range_016501-016700,range_016651-016850,0.35,-0.15000000000000002,0.5749711226127513,0.6451018949442148,"0,585,314,271,32,2,495,135,328,443,195,646,558,279,266,205,318,564,550,447"
111,range_016651-016850,range_016801-017000,0.95,0.44999999999999996,0.9629924322792921,0.6192133313910242,"510,295,7,194,160,172,501,69,586,435,322,407,473,305,341,68,622,126,651,575"
112,range_016801-017000,range_016951-017150,0.75,0.25,0.9234851402275355,0.6807180617999136,"236,245,402,595,643,5,223,340,649,554,101,631,527,272,544,201,466,470,134,601"
113,range_016951-017150,range_017101-017300,0.45,-0.04999999999999999,0.13557150095914103,0.15990519983506157,"188,385,228,381,627,86,562,477,610,597,307,101,522,97,631,166,23,425,319,140"
114,range_017101-017300,range_017251-017450,0.1,-0.4,0.2313884076487743,0.5777759376907676,"514,608,365,214,423,80,356,446,275,405,42,236,392,164,623,462,296,292,127,523"
115,range_017251-017450,range_017401-017600,0.35,-0.15000000000000002,0.5334616620430113,0.587802184469715,"313,645,44,125,354,419,101,89,167,43,34,171,505,464,515,92,283,200,194,306"
116,range_017401-017600,range_017551-017750,0.55,0.050000000000000044,0.33686608121746714,0.3282804902371613,"384,212,93,131,512,138,28,36,496,541,227,165,390,498,594,168,595,463,345,362"
117,range_017551-017750,range_017701-017900,0.7,0.19999999999999996,0.555871970673397,0.4474857866719142,"306,208,6,191,207,251,446,85,475,307,428,40,273,7,555,517,288,53,411,216"
118,range_017701-017900,range_017851-018050,0.1,-0.4,0.14411842962448915,0.5415027231014244,"228,92,147,60,392,455,50,313,309,538,379,364,496,254,498,306,384,568,618,522"
119,range_017851-018050,range_018001-018200,0.4,-0.09999999999999998,0.1407368396668749,0.22982318986307945,"93,361,15,226,323,619,174,90,378,513,100,340,653,515,504,144,50,159,232,357"
120,range_018001-018200,range_018151-018350,0.4,-0.09999999999999998,0.5530032687770383,0.5802927437910685,"630,558,314,628,170,435,359,591,536,354,510,615,339,624,560,176,91,329,542,664"
121,range_018151-018350,range_018301-018500,0.0,-0.5,0.7640983754080279,0.934097788407704,"219,162,184,642,24,403,577,67,411,11,479,555,333,633,187,449,169,195,287,240"
122,range_018301-018500,range_018451-018650,0.05,-0.45,0.1848622083202186,0.4523291083291087,"40,140,653,221,3,262,367,450,226,309,410,228,76,50,596,307,93,224,631,527"
123,range_018451-018650,range_018601-018800,0.6,0.09999999999999998,0.22746932063236627,0.17300005311546596,"164,513,252,403,313,439,87,431,327,66,73,348,101,365,546,534,28,144,298,216"
124,range_018601-018800,range_018751-018950,0.25,-0.25,0.11082330959954365,0.24763930594911365,"497,509,354,546,607,238,9,205,591,342,463,545,621,250,80,142,206,618,399,44"
125,range_018751-018950,range_018901-019100,0.2,-0.3,0.6304250767221189,0.7204391883044969,"435,20,651,482,535,588,277,415,556,626,152,193,16,616,151,447,179,355,583,430"
126,range_018901-019100,range_019051-019250,0.55,0.050000000000000044,0.8251318120439276,0.7082942319262879,"599,412,563,144,578,211,263,35,100,200,437,497,302,404,482,518,379,582,558,188"
127,range_019051-019250,range_019201-019400,0.95,0.44999999999999996,0.4259744424601971,0.015440225423528431,"183,470,46,450,323,531,337,322,237,638,239,285,25,43,423,164,402,458,234,361"
128,range_019201-019400,range_019351-019550,0.05,-0.45,0.5270758378982086,0.9528086629951726,"590,8,408,653,529,449,160,516,43,85,10,289,158,360,331,564,228,656,235,273"
129,range_019351-019550,range_019501-019700,0.65,0.15000000000000002,0.8448053776277745,0.6384686197784586,"377,410,139,477,26,401,328,661,461,219,473,604,497,375,24,512,83,283,105,639"
130,range_019501-019700,range_019651-019850,0.2,-0.3,0.387581127400802,0.5857742877819074,"366,282,461,192,262,222,215,440,42,234,28,416,394,263,296,315,102,84,237,168"
131,range_019651-019850,range_019801-020000,0.95,0.44999999999999996,0.9575693362894003,0.4402829660135068,"407,321,664,330,103,7,23,596,559,341,398,326,307,196,658,32,417,564,48,249"
132,range_019801-020000,range_019951-020150,0.05,-0.45,0.3810358487925801,0.8034000978510896,"601,394,416,255,664,582,256,353,470,180,288,272,22,632,593,531,383,463,24,431"
133,range_019951-020150,range_020101-020300,1.0,0.5,1.341723220302841,0.5720732650249362,"608,455,209,385,184,278,649,171,52,426,404,298,440,429,349,599,281,563,296,251"
134,range_020101-020300,range_020251-020450,1.0,0.5,1.188631104588462,0.3446958828654436,"312,364,338,220,492,182,316,110,236,93,92,392,431,662,524,449,222,76,455,657"
135,range_020251-020450,range_020401-020600,0.5,0.0,0.7042360626482506,0.6440053635201085,"1,64,385,472,98,596,577,649,490,508,331,8,330,358,235,482,620,297,34,568"
136,range_020401-020600,range_020551-020750,0.85,0.35,0.6468922154863758,0.5071824885291337,"90,644,65,354,511,391,118,510,291,232,465,650,124,505,352,239,73,169,89,288"
137,range_020551-020750,range_020701-020900,0.45,-0.04999999999999999,0.6037285887620302,0.6249779146554137,"609,230,88,537,216,222,345,32,53,316,566,493,72,30,461,12,218,4,659,455"
138,range_020701-020900,range_020851-021050,1.0,0.5,0.776926066862306,0.18419666524770023,"602,396,226,619,284,464,290,596,429,361,601,106,262,164,234,511,210,209,117,352"
139,range_020851-021050,range_021001-021200,0.7,0.19999999999999996,0.6482019086819136,0.413202454155723,"297,538,207,167,580,165,593,87,550,635,190,611,123,205,480,517,62,445,569,293"
140,range_021001-021200,range_021151-021350,0.1,-0.4,0.068498557182173,0.37488481483008884,"395,155,497,349,477,15,49,643,321,237,61,609,591,260,67,537,587,554,363,646"
141,range_021151-021350,range_021301-021500,0.4,-0.09999999999999998,0.23189543627733702,0.2809657880695501,"556,256,71,317,58,123,44,65,552,371,258,294,641,34,326,574,425,310,86,97"
142,range_021301-021500,range_021451-021650,0.35,-0.15000000000000002,0.2747856031845981,0.4698171825436529,"612,164,527,165,361,524,632,117,262,102,192,28,31,110,594,634,461,441,345,315"
143,range_021451-021650,range_021601-021800,0.8,0.30000000000000004,0.6451456208948836,0.3726301172198846,"197,349,110,180,432,469,262,423,74,581,571,50,237,302,633,370,264,236,214,509"
144,range_021601-021800,range_021751-021950,0.55,0.050000000000000044,0.5077480639556453,0.5229657198366267,"253,258,318,1,15,322,290,489,29,256,41,257,17,610,67,637,655,249,391,94"
145,range_021751-021950,range_021901-022100,0.0,-0.5,0.5576721409222184,0.7782826677063386,"15,54,324,185,176,584,436,20,628,536,91,630,240,629,33,534,578,583,447,437"
146,range_021901-022100,range_022051-022250,0.7,0.19999999999999996,1.184820674974439,0.9798324422246703,"597,608,393,84,656,431,106,359,563,249,282,446,191,376,211,69,252,175,398,394"
147,range_022051-022250,range_022201-022400,0.15,-0.35,0.09151869764195192,0.19619430255552983,"180,380,610,36,512,157,177,413,504,490,431,69,201,489,442,192,656,84,308,550"
148,range_022201-022400,range_022351-022550,0.9,0.4,1.208460570022518,0.9821911223098369,"558,26,14,480,487,535,334,268,54,578,454,240,163,617,534,644,651,66,420,436"
149,range_022351-022550,range_022501-022700,0.55,0.050000000000000044,1.5282988152515726,1.493856572717466,"328,397,528,549,217,22,15,297,460,580,633,344,16,111,457,248,585,382,434,257"
150,range_022501-022700,range_022651-022850,0.05,-0.45,0.8301185271159437,1.2292099175280558,"361,309,1,577,95,272,228,619,411,352,119,424,417,457,455,378,572,5,346,101"
151,range_022651-022850,range_022801-023000,0.0,-0.5,0.7317800164281282,0.9261017938043032,"225,447,167,406,139,397,118,42,504,627,318,516,578,626,586,115,240,122,317,15"
152,range_022801-023000,range_022951-023150,0.05,-0.45,0.52217739011925,1.1831362666790586,"389,378,597,174,468,280,346,236,47,570,171,300,214,619,562,363,429,263,498,540"
153,range_022951-023150,range_023101-023300,0.1,-0.4,0.10190083590208526,0.5858547697709942,"316,196,384,75,566,356,101,442,641,414,417,45,232,479,389,237,215,340,386,31"
154,range_023101-023300,range_023251-023450,0.85,0.35,0.4906195183957308,0.37150234882624034,"219,495,646,289,58,376,501,633,42,422,5,664,310,592,111,521,350,333,484,507"
155,range_023251-023450,range_023401-023600,0.65,0.15000000000000002,1.259689530841646,1.24859034581663,"373,202,551,77,624,536,476,334,430,421,63,185,616,81,355,33,358,615,242,521"
156,range_023401-023600,range_023551-023750,0.55,0.050000000000000044,1.5304573885322341,1.364719481798123,"409,576,448,377,306,287,206,289,274,443,405,169,185,265,533,47,339,220,506,654"
157,range_023551-023750,range_023701-023900,0.0,-0.5,0.07442124002879,0.31144339846228786,"399,514,47,199,340,465,46,128,293,309,344,655,653,215,647,275,182,527,378,56"
158,range_023701-023900,range_023851-024050,0.9,0.4,1.3302586662944753,0.8049397709035662,"647,230,312,262,619,426,416,429,441,218,100,134,246,582,47,608,93,344,221,602"
159,range_023851-024050,range_024001-024200,0.4,-0.09999999999999998,1.181669140763745,1.2887832816879647,"591,115,239,188,331,33,149,69,242,480,342,178,208,112,290,615,65,560,206,298"
160,range_024001-024200,range_024151-024350,0.3,-0.2,1.1258550138502865,1.1900969811854871,"149,525,150,421,335,435,13,360,652,405,334,625,77,198,277,622,605,202,628,616"
161,range_024151-024350,range_024301-024500,0.0,-0.5,1.1284910822452747,1.6884574507991634,"24,250,112,423,598,661,19,593,271,623,323,575,431,259,356,387,402,232,278,207"
162,range_024301-024500,range_024451-024650,0.05,-0.45,0.768905072671902,0.857822887720908,"457,152,586,62,553,565,235,420,329,176,589,425,529,405,521,172,335,198,324,535"
163,range_024451-024650,range_024601-024800,0.65,0.15000000000000002,1.016870592379489,0.8994135381316536,"523,404,643,272,572,390,346,75,571,226,144,353,657,119,222,503,178,268,210,237"
164,range_024601-024800,range_024751-024950,0.325,-0.175,0.0,0.0,"378,524,612,468,657,663,527,636,246,102,117,264,414,28,441,138,603,315,632,567"
165,range_024751-024950,range_024901-025100,0.15,-0.35,0.5572350748868568,0.7340095199527987,"616,253,213,622,646,435,269,484,376,409,447,528,355,176,248,329,573,235,397,625"
166,range_024901-025100,range_025051-025250,0.05,-0.45,0.0,0.5272508622030692,"399,129,532,542,607,631,230,602,25,287,444,302,246,245,481,523,225,226,203,292"
167,range_025051-025250,range_025201-025400,0.65,0.15000000000000002,0.4070556385084715,0.31499111917163963,"520,296,135,446,657,44,546,390,47,250,117,360,56,154,61,479,413,31,266,243"
168,range_025201-025400,range_025351-025550,0.9,0.4,0.6292945584936445,0.3084757129529204,"604,69,552,365,73,42,600,17,12,489,1,575,9,65,338,382,403,18,610,504"
169,range_025351-025550,range_025501-025700,0.25,-0.25,0.8987645070428181,1.0816108434552567,"358,10,121,20,335,37,584,94,435,286,430,146,329,408,660,314,486,240,354,33"
170,range_025501-025700,range_025651-025850,0.45,-0.04999999999999999,1.1114929227111392,1.182230285940047,"663,352,340,1,121,49,416,137,313,594,190,490,383,267,588,472,346,87,336,2"
171,range_025651-025850,range_025801-026000,0.1,-0.4,0.20788793873657643,0.3434408217550008,"81,322,84,241,540,588,6,418,298,395,610,206,290,23,136,506,386,622,12,344"
172,range_025801-026000,range_025951-026150,0.6,0.09999999999999998,0.5490655933690137,0.5035190533346511,"453,84,572,120,550,290,437,88,89,379,196,538,322,515,561,640,293,594,369,511"
173,range_025951-026150,range_026101-026300,0.2,-0.3,0.0,0.0659078983136896,"602,246,441,131,215,236,404,232,347,210,527,138,254,55,95,519,221,372,99,414"
174,range_026101-026300,range_026251-026450,0.4,-0.09999999999999998,0.40453631741925916,0.46745825133710195,"299,39,403,663,366,51,93,0,95,569,209,19,280,385,88,635,116,511,21,424"
175,range_026251-026450,range_026401-026600,0.25,-0.25,0.2781262529810618,0.42487914303463836,"407,216,456,390,243,200,396,585,311,71,283,269,479,332,143,42,360,81,439,631"
176,range_026401-026600,range_026551-026750,0.55,0.050000000000000044,0.6715224164025064,0.5195692041077958,"620,645,394,106,270,396,23,191,431,201,125,111,479,296,38,506,563,592,473,348"
177,range_026551-026750,range_026701-026900,0.1,-0.4,0.016045409917443815,0.15669745466802132,"192,470,342,24,462,313,274,530,136,19,363,445,92,346,130,147,196,384,281,119"
178,range_026701-026900,range_026851-027050,0.3,-0.2,0.7035758440414355,0.7226930817899837,"436,38,54,397,532,564,629,199,521,576,536,308,415,193,219,326,66,274,507,510"
179,range_026851-027050,range_027001-027200,0.3,-0.2,0.7101355187215713,0.8720473802442474,"210,663,392,241,325,538,336,494,236,262,491,600,412,416,357,574,56,0,44,468"
180,range_027001-027200,range_027151-027350,0.9,0.4,0.5321301087435154,0.2890259835539865,"382,11,66,85,341,409,107,626,38,485,546,437,5,162,479,111,564,354,585,101"
181,range_027151-027350,range_027301-027500,0.5,0.0,0.9748235703840864,1.0142977918558782,"290,116,326,542,104,393,549,50,284,58,386,17,123,359,291,255,474,492,594,622"
182,range_027301-027500,range_027451-027650,0.175,-0.325,0.0,0.1954786154055952,"412,466,571,344,74,340,361,309,292,465,372,599,414,523,450,134,262,607,381,567"
183,range_027451-027650,range_027601-027800,0.3,-0.2,0.4091760907359828,0.5447874802633091,"132,289,2,615,406,161,34,501,145,21,434,259,162,37,585,253,480,611,447,233"
184,range_027601-027800,range_027751-027950,0.8,0.30000000000000004,1.1817586140081175,1.0908155691655144,"628,240,242,487,480,435,34,397,627,664,568,355,476,579,436,575,37,77,219,622"
185,range_027751-027950,range_027901-028100,0.05,-0.45,0.875556071883155,1.13107183788758,"276,371,158,54,405,375,45,547,69,419,148,649,495,358,303,62,336,548,116,269"
186,range_027901-028100,range_028051-028250,0.3,-0.2,1.0450460215286796,1.1500528185345216,"505,103,497,289,166,59,363,629,141,218,633,339,229,49,364,413,346,645,542,496"
187,range_028051-028250,range_028201-028400,0.85,0.35,0.5989580778497607,0.34510633251056727,"598,560,416,537,645,275,379,258,300,232,78,19,423,641,366,9,431,102,245,350"
188,range_028201-028400,range_028351-028550,0.3,-0.2,0.301693112801629,0.584390170820963,"28,276,498,134,301,347,43,367,431,541,57,527,475,234,102,262,73,302,292,164"
189,range_028351-028550,range_028501-028700,0.25,-0.25,0.0,0.07559185030535531,"120,461,203,517,36,603,416,211,122,284,164,494,368,92,384,582,95,635,169,530"
190,range_028501-028700,range_028651-028850,0.025,-0.475,0.0,0.38769481410127526,"264,429,254,337,347,498,102,302,227,296,236,357,663,262,602,88,361,93,581,25"
191,range_028651-028850,range_028801-029000,0.4,-0.09999999999999998,0.09866810866700068,0.21947043358371718,"128,144,220,581,116,174,296,347,52,173,217,491,210,361,411,221,293,649,370,222"
192,range_028801-029000,range_028951-029150,0.6,0.09999999999999998,0.9121260502691548,0.8182750838584419,"565,388,13,438,135,81,408,651,261,354,480,644,317,179,38,625,54,341,606,420"
193,range_028951-029150,range_029101-029300,0.8,0.30000000000000004,1.2132295525372825,0.9869637295837058,"183,57,595,634,614,377,537,477,631,108,257,495,655,65,85,425,240,639,643,132"
194,range_029101-029300,range_029251-029450,0.3,-0.2,0.5711146553822222,0.6356995743749542,"633,17,106,223,170,97,141,453,171,658,285,57,265,351,260,31,217,653,22,310"
195,range_029251-029450,range_029401-029600,0.2,-0.3,0.0,0.10655686185851912,"209,636,338,523,567,137,414,215,602,378,599,566,384,663,226,292,210,221,84,561"
196,range_029401-029600,range_029551-029750,0.5,0.0,0.037321444819815676,0.042193118423403314,"157,497,327,247,574,153,129,44,442,309,231,294,267,547,282,332,339,635,438,279"
197,range_029551-029750,range_029701-029900,0.2,-0.3,0.715612146549798,0.7812394426678112,"651,626,483,616,14,454,185,628,391,329,420,652,328,355,153,564,556,604,625,81"
198,range_029701-029900,range_029851-030050,0.0,-0.5,0.27170666448393926,0.9346896122828658,"103,36,635,377,95,504,591,581,348,178,561,79,82,28,424,566,168,167,648,642"
199,range_029851-030050,range_030001-030200,0.65,0.15000000000000002,0.6800071002022575,0.6699692091499234,"371,419,305,393,237,512,178,9,156,356,274,483,1,467,358,136,501,475,161,448"
200,range_030001-030200,range_030151-030350,0.5,0.0,0.38059388984896175,0.40357339721974494,"587,245,567,423,631,283,661,60,222,27,278,499,292,36,188,336,441,351,180,214"
201,range_030151-030350,range_030301-030500,0.75,0.25,1.3611927203367524,1.2471287747921669,"421,583,149,374,156,13,334,161,415,487,150,584,617,326,535,63,604,525,558,430"
202,range_030301-030500,range_030451-030650,0.5,0.0,1.917360347830123,1.8408195099054523,"567,323,340,218,571,285,74,414,96,134,138,73,254,365,159,226,222,599,251,325"
203,range_030451-030650,range_030601-030800,0.7,0.19999999999999996,0.5262702265867627,0.47808966887425197,"493,360,31,640,446,26,603,144,260,83,506,346,118,659,90,542,281,586,308,463"
204,range_030601-030800,range_030751-030950,0.05,-0.45,0.0,0.6961363691650282,"468,117,28,527,519,441,83,138,315,431,128,39,392,165,102,462,414,221,612,292"
205,range_030751-030950,range_030901-031100,0.6,0.09999999999999998,0.5204443054150818,0.5224295229555187,"394,625,265,162,217,495,11,112,512,488,588,552,257,538,305,17,253,373,61,592"
206,range_030901-031100,range_031051-031250,0.3,-0.2,0.25341799288600325,0.3543029056481129,"304,481,340,476,653,159,559,218,554,396,299,347,664,410,522,500,232,102,433,479"
207,range_031051-031250,range_031201-031400,0.75,0.25,0.9325885059471586,0.8316535467337929,"153,354,583,626,339,20,358,355,472,478,181,529,8,16,34,179,81,405,658,341"
208,range_031201-031400,range_031351-031550,0.65,0.15000000000000002,1.5384311664318442,1.219375750066939,"412,25,157,263,343,504,113,309,117,221,0,543,39,549,571,570,264,103,531,429"
209,range_031351-031550,range_031501-031700,0.375,-0.125,0.0,0.0,"527,602,357,245,280,601,138,113,441,392,41,106,222,424,587,367,234,414,523,27"
210,range_031501-031700,range_031651-031850,0.85,0.35,0.7475816862674436,0.44726844488316386,"444,519,243,192,130,601,381,411,413,140,276,541,366,322,95,293,450,375,53,164"
211,range_031651-031850,range_031801-032000,0.7,0.19999999999999996,0.6669933978934806,0.4715187657306354,"424,540,340,661,131,280,401,264,292,305,381,261,96,595,440,300,86,580,236,640"
212,range_031801-032000,range_031951-032150,0.2,-0.3,0.6229983002575697,0.7272677536237907,"557,244,18,541,588,271,187,175,483,425,510,43,611,407,33,240,540,178,325,66"
213,range_031951-032150,range_032101-032300,0.7,0.19999999999999996,0.9174772965467624,0.7080892262055583,"302,481,129,526,402,364,250,353,272,131,130,647,383,496,46,379,378,416,183,226"
214,range_032101-032300,range_032251-032450,0.275,-0.22499999999999998,0.0,0.0,"361,25,304,414,302,362,392,561,523,571,612,602,262,74,226,84,90,357,566,227"
215,range_032251-032450,range_032401-032600,0.55,0.050000000000000044,0.2724608911894505,0.244167420561186,"24,129,36,547,642,394,245,272,330,577,382,514,400,260,147,431,595,12,643,89"
216,range_032401-032600,range_032551-032750,1.0,0.5,0.6749496414033357,0.3047240783066725,"97,505,1,547,29,631,661,376,562,538,229,144,483,580,108,588,158,442,182,42"
217,range_032551-032750,range_032701-032900,0.9,0.4,0.7915558135493579,0.3580613164579818,"19,46,455,311,196,556,280,304,550,541,539,175,297,203,164,427,390,597,35,649"
218,range_032701-032900,range_032851-033050,1.0,0.5,1.0196421605100348,0.3760531516917908,"124,655,364,136,60,524,0,438,492,92,306,122,462,316,549,88,27,144,348,180"
219,range_032851-033050,range_033001-033200,0.55,0.050000000000000044,0.7320296916482947,0.6318835403041201,"203,35,337,264,498,252,131,612,575,638,663,56,267,474,4,489,513,496,488,524"
220,range_033001-033200,range_033151-033350,0.85,0.35,0.14577259071284948,0.0,"368,608,236,309,417,647,504,593,499,494,638,527,500,3,555,619,100,343,337,138"
221,range_033151-033350,range_033301-033500,0.4,-0.09999999999999998,0.2576058588012636,0.2778090611739801,"319,159,493,267,378,174,423,462,262,327,412,385,647,280,128,134,547,69,519,554"
222,range_033301-033500,range_033451-033650,0.9,0.4,0.49763061845407375,0.05829751818836876,"440,340,237,110,262,441,27,392,572,75,131,461,608,361,567,647,210,209,251,276"
223,range_033451-033650,range_033601-033800,0.4,-0.09999999999999998,0.44349536718324517,0.48218863108684407,"520,180,130,153,632,200,206,151,167,526,543,297,339,239,300,353,587,424,452,593"
224,range_033601-033800,range_033751-033950,0.125,-0.375,0.0,0.21382890074654953,"110,366,412,382,372,189,79,450,60,665,352,570,299,73,169,100,441,236,392,494"
225,range_033751-033950,range_033901-034100,0.25,-0.25,0.41573764022569654,0.7266185660310764,"87,607,599,389,412,504,345,39,429,159,285,292,340,323,392,598,210,166,526,619"
226,range_033901-034100,range_034051-034250,0.075,-0.425,0.0,0.27134797351743095,"462,466,566,362,612,36,458,372,580,347,657,441,50,468,546,635,519,602,360,450"
227,range_034051-034250,range_034201-034400,0.5,0.0,0.22965286578691924,0.21101280890826832,"124,323,315,471,511,281,474,363,620,101,435,548,509,418,494,516,183,49,537,259"
228,range_034201-034400,range_034351-034550,0.2,-0.3,0.09576890568734761,0.3587236054836543,"48,25,46,489,189,598,96,169,612,3,302,372,450,102,366,500,514,159,659,246"
229,range_034351-034550,range_034501-034700,0.8,0.30000000000000004,0.7067892059572531,0.510341026343089,"466,347,517,424,450,246,423,340,172,361,531,102,203,599,366,416,209,96,337,175"
230,range_034501-034700,range_034651-034850,1.0,0.5,0.5618959107837217,0.1618606142998243,"562,87,262,96,164,441,653,306,612,538,426,608,496,555,647,574,241,73,312,214"
231,range_034651-034850,range_034801-035000,0.65,0.15000000000000002,0.40642002290853746,0.3865025984594928,"393,120,153,118,610,179,320,17,53,445,448,68,276,330,516,160,61,537,89,261"
232,range_034801-035000,range_034951-035150,0.8,0.30000000000000004,0.45299861382621337,0.21107507362926692,"250,128,392,262,351,254,90,214,35,393,261,496,27,323,567,113,598,316,554,643"
233,range_034951-035150,range_035101-035300,0.45,-0.04999999999999999,0.8514714113375895,0.8829451547834142,"299,301,173,446,91,131,243,215,527,315,598,323,432,246,567,254,423,347,119,648"
234,range_035101-035300,range_035251-035450,0.05,-0.45,0.29626823243332445,0.6200262142416226,"269,23,492,578,627,253,193,540,120,484,510,184,628,568,645,219,86,518,16,585"
235,range_035251-035450,range_035401-035600,0.8,0.30000000000000004,0.9030673980393064,0.3692700466984906,"47,468,458,554,561,28,377,370,446,166,282,157,656,213,628,361,547,75,438,123"
236,range_035401-035600,range_035551-035750,0.5,0.0,0.24536189973366876,0.23760457003670293,"600,308,93,175,53,255,417,19,264,657,494,191,431,463,290,64,275,346,544,313"
237,range_035551-035750,range_035701-035900,0.55,0.050000000000000044,0.5161185804471492,0.49176434967624877,"120,505,307,265,98,613,642,68,52,258,492,23,53,448,224,137,197,407,417,380"
238,range_035701-035900,range_035851-036050,0.95,0.44999999999999996,0.7486580865415878,0.48129829155260867,"108,664,120,559,564,646,125,460,150,560,557,585,425,475,118,645,188,403,333,489"
239,range_035851-036050,range_036001-036200,0.55,0.050000000000000044,1.1006032767280929,1.0570992395719356,"373,185,622,454,152,277,94,374,122,584,38,573,435,208,355,229,579,436,326,605"
240,range_036001-036200,range_036151-036350,0.75,0.25,1.5668534165096415,1.4051854298101438,"562,508,387,543,143,352,125,512,525,295,31,396,579,549,321,665,44,46,413,551"
241,range_036151-036350,range_036301-036500,0.8,0.30000000000000004,0.5918168267533499,0.3323522376899877,"404,527,353,71,361,569,446,260,636,638,282,173,128,662,381,275,325,269,456,129"
242,range_036301-036500,range_036451-036650,0.45,-0.04999999999999999,0.9425538453834419,1.0360177428825974,"178,302,3,337,269,364,614,85,400,647,501,340,293,406,648,490,60,372,603,214"
243,range_036451-036650,range_036601-036800,0.55,0.050000000000000044,0.5121801778135501,0.4829020677908561,"6,484,65,156,377,510,103,150,479,87,565,123,521,158,184,188,111,317,142,135"
244,range_036601-036800,range_036751-036950,0.75,0.25,0.5244440027572037,0.37038237008317765,"387,545,88,587,259,27,60,629,357,210,580,433,209,201,544,441,36,128,492,567"
245,range_036751-036950,range_036901-037100,0.8,0.30000000000000004,0.2633895164082994,0.0,"18,544,128,541,441,527,354,602,384,648,113,227,27,221,661,88,201,275,36,566"
246,range_036901-037100,range_037051-037250,0.35,-0.15000000000000002,0.9129688379617776,1.0293249459396674,"350,434,621,489,139,91,471,11,540,34,184,6,318,175,32,257,62,639,193,145"
247,range_037051-037250,range_037201-037400,0.0,-0.5,0.0,0.5569706685587148,"352,365,299,124,627,337,637,492,183,399,473,404,307,60,465,1,566,285,236,4"
248,range_037201-037400,range_037351-037550,0.55,0.050000000000000044,0.48010963595227546,0.4765573637472483,"322,142,213,325,112,540,362,387,184,574,266,46,122,259,530,53,661,90,576,448"
249,range_037351-037550,range_037501-037700,0.9,0.4,1.019330835158968,0.6211511916811695,"330,6,17,39,643,336,95,31,119,353,312,513,289,130,640,141,425,184,140,332"
250,range_037501-037700,range_037651-037850,0.8,0.30000000000000004,0.4692031435164318,0.34361895626950784,"426,39,90,443,169,648,641,366,345,92,239,642,93,31,99,112,154,457,406,303"
251,range_037651-037850,range_037801-038000,0.15,-0.35,0.12526539795327618,0.3016530348167934,"367,462,621,517,468,500,627,465,634,402,11,327,131,524,609,612,47,586,281,313"
252,range_037801-038000,range_037951-038150,0.25,-0.25,0.4383906869053633,0.5450000189991859,"660,355,591,217,179,604,630,658,321,626,269,21,529,425,153,575,132,467,556,333"
253,range_037951-038150,range_038101-038300,0.6,0.09999999999999998,0.9517489644520292,0.7514058572107947,"468,96,30,432,305,113,316,424,647,498,332,278,559,56,188,462,410,471,214,351"
254,range_038101-038300,range_038251-038450,0.85,0.35,0.44063218384615666,0.0,"412,347,424,599,292,215,581,392,567,571,370,191,299,549,638,96,365,227,570,210"
255,range_038251-038450,range_038401-038600,0.275,-0.22499999999999998,0.0,0.0876716086989675,"552,475,123,401,176,453,449,582,218,93,223,457,606,67,344,541,272,11,456,127"
256,range_038401-038600,range_038551-038750,0.4,-0.09999999999999998,0.7888688759804791,0.8384160585851557,"376,242,521,109,644,233,536,335,371,436,219,421,240,198,235,15,534,158,628,484"
257,range_038551-038750,range_038701-038900,0.55,0.050000000000000044,1.0032875238034484,0.985695430157729,"204,292,594,75,493,361,289,390,337,569,147,219,412,456,319,634,302,350,416,165"
258,range_038701-038900,range_038851-039050,0.55,0.050000000000000044,0.5936599862827813,0.5482107130772639,"62,589,596,529,112,502,229,659,535,35,82,30,152,503,501,560,322,228,98,40"
259,range_038851-039050,range_039001-039200,0.45,-0.04999999999999999,0.5306893318005617,0.5663127229300529,"177,90,28,137,573,276,136,540,470,218,665,368,396,106,446,135,569,395,313,505"
260,range_039001-039200,range_039151-039350,0.45,-0.04999999999999999,0.20138941559692694,0.2876932040553108,"657,516,173,635,227,636,74,35,567,647,632,411,414,511,612,174,602,519,527,214"
261,range_039151-039350,range_039301-039500,0.95,0.44999999999999996,0.8545924811970591,0.056512133010838336,"193,79,351,278,440,86,587,173,60,562,522,527,4,347,17,595,18,462,403,283"
262,range_039301-039500,range_039451-039650,0.325,-0.175,0.0,0.0,"523,527,345,401,381,412,567,128,441,400,466,496,361,210,222,414,75,302,554,31"
263,range_039451-039650,range_039601-039800,0.4,-0.09999999999999998,0.30238941642196543,0.42476996830018077,"364,492,428,498,214,461,662,131,129,532,175,124,306,613,127,442,287,220,343,424"
264,range_039601-039800,range_039751-039950,0.65,0.15000000000000002,0.3773483585570418,0.29548026657260584,"404,214,27,209,138,366,113,599,392,647,474,315,566,552,227,524,292,378,117,192"
265,range_039751-039950,range_039901-040100,0.85,0.35,0.9520184034678281,0.6963172905786783,"445,291,614,517,385,511,1,197,53,232,47,105,661,133,656,59,203,631,549,175"
266,range_039901-040100,range_040051-040250,0.1,-0.4,0.0,0.550925697925111,"246,221,367,95,446,619,602,96,227,347,84,90,332,441,173,601,598,214,25,215"
267,range_040051-040250,range_040201-040400,0.55,0.050000000000000044,0.6507282734720323,0.6402125450888858,"248,478,91,326,369,540,158,622,525,186,435,109,160,430,153,476,132,277,335,339"
268,range_040201-040400,range_040351-040550,0.0,-0.5,0.21399214598002897,0.7454685995133871,"647,453,395,392,431,67,494,347,234,96,384,147,226,424,533,571,249,31,399,174"
269,range_040351-040550,range_040501-040700,0.4,-0.09999999999999998,0.19324848986504073,0.40876613332548206,"392,559,481,426,321,375,216,325,255,293,25,49,364,620,391,88,191,85,443,439"
270,range_040501-040700,range_040651-040850,0.3,-0.2,0.6589617723922289,0.7245425202455248,"34,310,480,528,557,469,419,588,322,306,71,6,253,522,18,590,126,132,46,172"
271,range_040651-040850,range_040801-041000,0.15,-0.35,0.1962033915228013,0.8379735162167355,"128,50,441,575,468,427,164,612,431,378,96,28,559,214,82,282,527,138,210,189"
272,range_040801-041000,range_040951-041150,0.2,-0.3,0.0,0.043811594754136915,"567,250,313,389,159,174,56,130,173,293,246,441,147,353,3,74,221,96,378,196"
273,range_040951-041150,range_041101-041300,0.75,0.25,0.3232774026912031,0.25121317324413517,"512,303,562,143,416,597,343,325,115,50,299,432,36,368,288,662,545,203,320,200"
274,range_041101-041300,range_041251-041450,0.4,-0.09999999999999998,0.7250876013988986,0.8554601771122966,"10,440,402,496,117,264,620,372,75,25,503,431,383,599,144,537,384,312,523,91"
275,range_041251-041450,range_041401-041600,0.425,-0.07500000000000001,0.0,0.0,"124,140,207,366,96,540,581,102,345,323,609,429,383,263,296,127,367,138,100,245"
276,range_041401-041600,range_041551-041750,0.65,0.15000000000000002,0.8502787031985936,0.6762823146139705,"21,150,202,185,14,437,156,627,529,556,405,199,430,213,436,308,198,335,589,625"
277,range_041551-041750,range_041701-041900,0.75,0.25,1.2716656026293593,1.071256355807269,"451,288,408,24,338,319,489,580,399,559,106,343,400,141,508,100,592,664,267,155"
278,range_041701-041900,range_041851-042050,0.25,-0.25,0.43970798908867903,0.5352970170832375,"409,634,5,239,627,449,7,179,532,181,318,553,646,507,306,42,508,427,162,225"
279,range_041851-042050,range_042001-042200,0.9,0.4,1.1957887239995746,0.5578350737293762,"327,110,631,263,189,392,600,130,507,384,663,184,547,594,569,400,116,114,509,3"
280,range_042001-042200,range_042151-042350,0.15,-0.35,0.0,0.1376177049959369,"523,464,456,218,378,136,128,75,246,367,214,210,138,392,562,566,571,262,36,357"
281,range_042151-042350,range_042301-042500,0.55,0.050000000000000044,0.08503310057260145,0.05203524039875031,"653,67,266,219,631,603,148,19,171,559,313,479,301,29,446,396,190,453,220,362"
282,range_042301-042500,range_042451-042650,0.7,0.19999999999999996,0.4196972478977592,0.26826083469732154,"365,119,213,101,440,267,665,28,337,43,380,404,215,481,353,113,361,661,194,427"
283,range_042451-042650,range_042601-042800,0.25,-0.25,0.2679976937953112,0.4336806051275192,"64,260,395,51,643,482,532,461,393,190,243,385,175,120,82,165,301,6,555,516"
284,range_042601-042800,range_042751-042950,0.4,-0.09999999999999998,0.14717673336558487,0.2327212630547028,"523,147,92,543,230,361,264,345,619,3,580,380,183,340,302,218,203,665,172,582"
285,range_042751-042950,range_042901-043100,0.7,0.19999999999999996,0.9024727403675965,0.8015448655333366,"321,162,422,233,32,253,193,179,142,200,91,107,406,61,8,54,434,239,540,160"
286,range_042901-043100,range_043051-043250,0.8,0.30000000000000004,1.2176327536399838,1.0030520455256169,"516,31,333,504,9,631,51,482,653,68,386,655,20,139,662,558,589,306,229,220"
287,range_043051-043250,range_043201-043400,0.95,0.44999999999999996,0.7645681113918004,0.47591648155283306,"620,403,491,311,301,70,271,62,574,196,243,0,253,181,497,31,298,646,112,51"
288,range_043201-043400,range_043351-043550,0.2,-0.3,0.29129088582301893,0.4679034239220534,"162,610,382,32,253,249,69,269,155,503,365,82,260,613,125,122,654,374,351,34"
289,range_043351-043550,range_043501-043700,0.075,-0.425,0.0,0.5542635092157308,"544,113,566,210,138,372,392,209,88,623,384,357,645,429,180,108,442,610,139,245"
290,range_043501-043700,range_043651-043850,0.1,-0.4,0.21493082259644675,0.3499119680567406,"495,193,510,639,112,69,82,333,267,458,118,550,8,354,319,266,48,371,91,51"
291,range_043651-043850,range_043801-044000,1.0,0.5,1.0940948812356905,0.5558630321651787,"45,618,648,515,173,533,399,547,226,357,137,265,2,225,361,423,531,566,67,466"
292,range_043801-044000,range_043951-044150,0.8,0.30000000000000004,0.7050563610520714,0.5443455806761314,"620,82,402,60,125,410,336,446,31,131,601,357,384,607,456,172,106,165,404,348"
293,range_043951-044150,range_044101-044300,0.1,-0.4,0.34953903414503945,0.6233502252694786,"598,661,368,365,618,327,424,274,21,544,55,619,362,423,65,331,256,464,201,500"
294,range_044101-044300,range_044251-044450,0.9,0.4,0.43702695431593414,0.21397219518345129,"125,508,188,577,564,48,339,664,91,472,10,645,30,145,333,97,23,407,321,473"
295,range_044251-044450,range_044401-044600,0.35,-0.15000000000000002,0.49205248121206224,0.6488151093573667,"144,79,647,527,608,361,614,192,587,10,243,378,74,194,414,567,327,350,246,319"
296,range_044401-044600,range_044551-044750,0.4,-0.09999999999999998,0.020482745478885744,0.15830772853059066,"468,39,581,263,647,210,602,74,506,93,340,102,459,432,517,316,429,275,128,191"
297,range_044551-044750,range_044701-044900,0.35,-0.15000000000000002,0.2926904977432867,0.3467368076475542,"554,95,337,136,479,174,250,471,260,89,119,107,431,496,3,244,429,396,611,390"
298,range_044701-044900,range_044851-045050,0.8,0.30000000000000004,0.6080139422503053,0.3945614273734567,"416,194,31,68,122,16,5,544,464,41,167,98,491,513,201,10,272,127,636,225"
299,range_044851-045050,range_045001-045200,0.15,-0.35,0.30551193546923383,0.5052170929338033,"315,139,158,271,623,437,631,66,336,394,135,88,511,114,45,479,520,400,563,81"
300,range_045001-045200,range_045151-045350,0.15,-0.35,0.31197485810593306,0.5066057813177489,"207,398,479,494,267,356,633,416,618,140,413,643,135,601,253,183,272,114,388,530"
301,range_045151-045350,range_045301-045500,0.85,0.35,1.1850149660611524,0.7794614364143826,"523,192,75,243,221,527,439,231,79,319,128,74,571,171,456,222,262,608,426,599"
302,range_045301-045500,range_045451-045650,0.0,-0.5,0.6343103363191827,1.0475476707769604,"427,266,610,108,386,664,86,557,239,67,630,460,339,592,629,512,391,57,425,29"
303,range_045451-045650,range_045601-045800,0.8,0.30000000000000004,0.9784073901260358,0.7091923142889862,"577,506,76,642,243,25,333,244,273,343,131,232,93,99,107,412,458,371,196,345"
304,range_045601-045800,range_045751-045950,0.75,0.25,0.4831376750122058,0.3761415114940869,"472,633,422,479,22,34,542,467,508,33,249,58,271,628,460,135,434,103,38,516"
305,range_045751-045950,range_045901-046100,0.1,-0.4,0.4367647237897533,0.7331499173405518,"419,578,4,510,452,47,287,85,24,231,479,114,349,448,654,607,225,449,634,627"
306,range_045901-046100,range_046051-046250,0.05,-0.45,0.0,0.2828103585977245,"424,113,127,515,96,586,56,662,464,569,594,455,566,607,180,25,234,572,50,296"
307,range_046051-046250,range_046201-046400,0.075,-0.425,0.0,0.27713854556828477,"387,99,400,663,603,48,194,70,283,200,272,231,628,234,410,591,353,196,206,648"
308,range_046201-046400,range_046351-046550,0.05,-0.45,0.0,0.661262052622045,"567,218,159,571,345,39,344,466,236,263,523,74,323,327,366,383,262,429,582,619"
309,range_046351-046550,range_046501-046700,0.3,-0.2,0.6469725825663024,0.7061817527656467,"611,502,239,407,151,115,556,274,291,270,507,33,162,579,553,94,10,150,639,518"
310,range_046501-046700,range_046651-046850,0.05,-0.45,0.02685302882207394,0.9821739830072362,"246,212,143,566,602,567,508,554,603,598,462,221,210,340,262,50,18,569,412,572"
311,range_046651-046850,range_046801-047000,0.3,-0.2,0.2318189893104704,0.3874484663650858,"337,538,30,491,144,43,497,159,561,650,83,499,95,370,201,514,275,85,594,648"
312,range_046801-047000,range_046951-047150,0.2,-0.3,0.0,0.10114713965128443,"134,137,456,496,582,474,263,414,53,642,527,25,299,530,449,78,440,221,128,364"
313,range_046951-047150,range_047101-047300,0.7,0.19999999999999996,1.1642583961786115,1.0449051224891148,"486,161,152,374,604,186,622,405,373,54,551,476,33,156,202,583,13,77,584,435"
314,range_047101-047300,range_047251-047450,0.55,0.050000000000000044,1.7722420758357553,1.7066875859961268,"108,252,79,259,422,104,261,99,183,50,546,363,401,353,113,636,632,569,456,107"
315,range_047251-047450,range_047401-047600,0.55,0.050000000000000044,0.47467563766078413,0.4288199530604449,"403,177,357,647,656,207,642,340,245,49,292,387,234,559,515,346,450,41,56,619"
316,range_047401-047600,range_047551-047750,0.55,0.050000000000000044,1.160617732993848,1.058765671677167,"388,534,126,502,160,158,354,333,13,176,518,358,528,14,624,193,38,326,454,558"
317,range_047551-047750,range_047701-047900,0.1,-0.4,0.6867530496891918,1.0081221227760406,"621,255,522,451,6,471,105,5,194,137,427,193,490,268,73,301,294,139,276,305"
318,range_047701-047900,range_047851-048050,0.6,0.09999999999999998,0.4232892151974027,0.38945063397146246,"116,52,418,552,585,95,8,6,438,118,591,545,191,40,187,547,537,592,597,308"
319,range_047851-048050,range_048001-048200,0.25,-0.25,0.041977055757069816,0.33292237554492765,"237,302,614,124,105,603,76,463,458,298,275,295,27,79,513,499,214,571,657,272"
320,range_048001-048200,range_048151-048350,0.05,-0.45,0.18774857289800026,0.31310998257017686,"261,58,178,305,111,435,339,434,66,72,636,579,473,255,242,94,303,564,225,438"
321,range_048151-048350,range_048301-048500,0.2,-0.3,0.5798806452227244,0.7655551961785585,"235,568,198,213,29,664,359,434,654,135,247,380,403,158,42,15,163,224,510,415"
322,range_048301-048500,range_048451-048650,0.15,-0.35,0.0,0.4489497724214498,"638,210,571,567,282,74,499,218,207,599,275,357,444,134,432,292,399,619,127,140"
323,range_048451-048650,range_048601-048800,0.2,-0.3,1.0387980692317615,1.1392690814093789,"20,374,94,373,415,435,617,604,405,430,486,487,13,388,484,37,573,622,156,558"
324,range_048601-048800,range_048751-048950,0.3,-0.2,1.1963095766700595,1.3179036410386087,"364,138,263,551,192,272,471,581,3,224,511,117,412,644,296,206,401,230,379,497"
325,range_048751-048950,range_048901-049100,0.6,0.09999999999999998,0.2915070518851639,0.24306313637824836,"154,632,255,204,49,336,662,182,479,30,52,649,123,188,91,664,177,98,303,108"
326,range_048901-049100,range_049051-049250,0.35,-0.15000000000000002,0.8356068596987998,1.1146602666887584,"128,412,110,379,42,265,134,165,462,154,429,218,618,625,539,351,384,60,115,220"
327,range_049051-049250,range_049201-049400,0.7,0.19999999999999996,0.2396001512578149,0.15673941796142044,"350,632,434,504,175,636,279,549,129,115,533,580,540,459,542,538,61,194,377,417"
328,range_049201-049400,range_049351-049550,0.0,-0.5,0.014875892564879102,0.691455739927571,"137,218,561,27,93,438,164,658,343,276,453,0,245,512,650,520,538,384,105,251"
329,range_049351-049550,range_049501-049700,0.25,-0.25,0.5555487471608812,0.6420099614685053,"191,343,637,522,188,548,52,613,40,4,588,472,597,586,547,160,294,238,126,488"
330,range_049501-049700,range_049651-049850,0.25,-0.25,0.5481894254662226,0.5660340802487862,"409,469,448,377,650,541,34,540,314,80,495,46,213,231,557,228,354,305,373,585"
331,range_049651-049850,range_049801-050000,0.2,-0.3,0.5174779580371028,0.6785603149675852,"503,300,250,14,78,514,538,216,640,515,383,117,396,80,169,24,400,389,610,319"
332,range_049801-050000,range_049951-050150,0.9,0.4,0.8219441294535125,0.6396835353011212,"162,655,428,467,610,503,67,44,659,637,216,559,195,556,101,457,552,350,108,98"
333,range_049951-050150,range_050101-050300,1.0,0.5,1.080579601823269,0.8467266468849096,"371,374,457,443,606,646,146,651,553,556,485,535,585,568,229,652,158,193,452,484"
334,range_050101-050300,range_050251-050450,0.0,-0.5,0.0,1.4532267666280518,"554,76,298,597,250,79,552,559,401,128,78,348,2,363,316,210,456,262,455,581"
335,range_050251-050450,range_050401-050600,0.45,-0.04999999999999999,1.1104780382641573,1.1406956813406384,"466,309,12,644,53,384,512,311,619,275,429,215,77,379,432,180,468,472,375,227"
336,range_050401-050600,range_050551-050750,0.6,0.09999999999999998,0.388496665660104,0.0,"320,212,353,567,293,419,519,404,174,389,364,75,390,3,246,441,262,414,372,99"
337,range_050551-050750,range_050701-050900,0.1,-0.4,0.0,0.18839256930113857,"416,307,472,426,201,363,636,216,504,129,204,45,402,190,543,390,59,431,102,166"
338,range_050701-050900,range_050851-051050,0.4,-0.09999999999999998,0.5000619372447548,0.5188116444525979,"560,511,190,320,596,308,449,278,272,394,11,101,185,491,563,592,130,38,390,661"
339,range_050851-051050,range_051001-051200,0.8,0.30000000000000004,1.152111287922331,0.6194058747356146,"404,657,48,555,85,466,594,619,647,597,472,234,111,378,585,532,519,403,309,517"
340,range_051001-051200,range_051151-051350,0.75,0.25,0.9487514973943744,0.840627149545477,"371,606,35,97,483,162,407,625,406,422,326,454,576,447,151,521,411,480,478,8"
341,range_051151-051350,range_051301-051500,0.9,0.4,1.2129698858388198,0.8712270353613335,"397,388,207,616,540,529,42,208,231,438,626,198,308,556,478,512,642,233,136,184"
342,range_051301-051500,range_051451-051650,0.4,-0.09999999999999998,1.0307845843426413,1.0741447112954532,"220,449,309,526,151,393,256,532,119,171,447,574,47,387,91,590,330,11,59,664"
343,range_051451-051650,range_051601-051800,0.05,-0.45,0.2133973997973757,0.3825700019507289,"88,82,188,72,431,143,325,385,196,201,546,446,232,394,462,158,563,278,634,640"
344,range_051601-051800,range_051751-051950,0.6,0.09999999999999998,0.7572065310750806,0.587427993122899,"466,263,309,599,567,183,262,533,182,159,571,74,292,381,450,464,412,602,372,542"
345,range_051751-051950,range_051901-052100,0.15,-0.35,0.33423038886800327,0.7007178857459666,"363,27,255,453,438,124,327,24,360,627,48,47,260,645,658,458,542,106,26,390"
346,range_051901-052100,range_052051-052250,0.45,-0.04999999999999999,0.26966107573100695,0.3225689756350476,"563,302,567,258,367,222,401,356,288,493,292,432,552,529,455,89,572,74,75,440"
347,range_052051-052250,range_052201-052400,0.85,0.35,0.38998776768982646,0.0,"302,292,496,236,647,227,215,210,232,299,243,571,74,254,131,238,523,567,414,55"
348,range_052201-052400,range_052351-052550,0.75,0.25,0.4688982781180646,0.3404021885488677,"416,116,203,520,320,90,365,285,550,276,40,564,387,372,66,224,267,598,323,450"
349,range_052351-052550,range_052501-052700,0.75,0.25,0.8221911671199638,0.6800832787169508,"86,121,66,510,139,485,480,115,436,202,289,369,556,16,132,568,575,534,472,37"
350,range_052501-052700,range_052651-052850,0.45,-0.04999999999999999,0.81501030820161,0.829445154188234,"606,92,224,408,0,430,8,205,83,41,445,22,12,398,30,10,289,249,220,465"
351,range_052651-052850,range_052801-053000,0.45,-0.04999999999999999,0.456448912029784,0.44600864346164615,"550,502,306,231,135,406,235,665,98,269,338,6,143,408,152,618,642,385,528,42"
352,range_052801-053000,range_052951-053150,0.85,0.35,0.7539787290293978,0.4480547602045767,"463,562,575,587,225,281,386,125,243,548,124,493,371,370,596,627,231,625,387,478"
353,range_052951-053150,range_053101-053300,0.3,-0.2,0.8760836830337901,1.0371849145560095,"54,480,374,553,186,525,77,436,487,625,486,235,167,156,536,314,373,565,405,160"
354,range_053101-053300,range_053251-053450,0.35,-0.15000000000000002,0.8457640210860307,0.9878265771879923,"540,632,230,49,3,56,200,226,446,174,105,86,177,410,261,59,599,611,29,136"
355,range_053251-053450,range_053401-053600,0.9,0.4,0.939596173126723,0.800962023676939,"494,239,132,307,382,184,179,628,277,186,434,199,528,516,242,425,10,20,530,452"
356,range_053401-053600,range_053551-053750,0.9,0.4,0.9245311861011102,0.5885550116208461,"375,245,382,130,3,159,44,520,230,443,555,190,657,282,315,499,544,129,559,647"
357,range_053551-053750,range_053701-053900,0.95,0.44999999999999996,1.1314019416630543,0.8416408202892687,"213,193,239,23,126,268,132,622,277,508,32,650,560,274,460,624,658,291,333,153"
358,range_053701-053900,range_053851-054050,0.0,-0.5,0.4831790103319639,1.210866403916473,"107,106,490,442,275,184,446,389,173,582,619,450,590,475,0,49,327,464,216,561"
359,range_053851-054050,range_054001-054200,0.6,0.09999999999999998,0.7705995856653082,0.7766550901194684,"658,533,341,409,132,211,654,393,68,339,475,308,579,444,276,492,216,552,195,92"
360,range_054001-054200,range_054151-054350,0.55,0.050000000000000044,1.3268919061486966,1.195275008218367,"345,429,414,292,427,515,571,426,138,284,75,593,140,134,51,464,210,392,157,263"
361,range_054151-054350,range_054301-054500,0.8,0.30000000000000004,0.31303321180961374,0.09277266225216696,"180,587,210,144,174,246,304,264,608,519,39,657,251,633,47,221,48,458,526,327"
362,range_054301-054500,range_054451-054650,0.35,-0.15000000000000002,0.2337844523901107,0.3173460795196891,"180,35,38,433,273,212,506,491,143,179,24,488,33,464,331,108,238,533,511,509"
363,range_054451-054650,range_054601-054800,0.4,-0.09999999999999998,0.3557778698471584,0.48531278182230864,"614,122,59,52,609,313,612,3,390,89,599,276,464,663,608,408,99,412,524,130"
364,range_054601-054800,range_054751-054950,0.125,-0.375,0.0,0.1934298921010178,"32,73,640,505,4,154,417,205,136,84,588,568,555,301,343,35,509,284,520,561"
365,range_054751-054950,range_054901-055100,0.75,0.25,0.33065049030111715,0.1882513087513435,"582,263,347,593,74,570,504,43,175,458,230,119,215,299,567,292,221,220,429,647"
366,range_054901-055100,range_055051-055250,0.25,-0.25,0.15121988659309918,0.2848829514221765,"566,663,492,413,621,638,207,196,71,174,532,126,227,47,308,189,489,612,177,613"
367,range_055051-055250,range_055201-055400,0.75,0.25,0.6529895288973341,0.4540880044398049,"506,93,273,384,412,174,389,100,48,496,632,147,593,548,470,207,245,177,488,514"
368,range_055201-055400,range_055351-055550,0.1,-0.4,0.39843217110215384,0.6608802061076853,"239,387,386,184,85,448,656,187,321,591,249,256,34,548,38,8,170,358,10,162"
369,range_055351-055550,range_055501-055700,0.0,-0.5,0.0,0.6510126149520927,"236,523,441,581,569,396,470,227,414,90,554,79,131,316,76,593,423,99,401,647"
370,range_055501-055700,range_055651-055850,0.85,0.35,0.2434512202668668,0.0,"520,337,541,471,595,60,148,659,296,429,28,30,234,264,549,424,59,509,250,175"
371,range_055651-055850,range_055801-056000,0.45,-0.04999999999999999,0.7892010752048237,0.8232714647610424,"128,86,210,159,647,522,180,297,609,236,228,245,466,489,41,429,138,25,423,441"
372,range_055801-056000,range_055951-056150,0.8,0.30000000000000004,1.1815040532768306,1.0189105424197815,"22,430,10,193,21,150,277,326,81,589,286,324,358,355,604,202,560,578,317,615"
373,range_055951-056150,range_056101-056300,0.25,-0.25,1.320212389119057,1.4160124744616072,"591,326,66,360,436,482,658,156,435,652,565,68,486,193,415,10,161,534,21,408"
374,range_056101-056300,range_056251-056450,0.25,-0.25,0.7362584172828482,1.2868043686695907,"217,256,581,441,111,225,148,128,210,593,75,456,226,392,346,356,636,191,258,79"
375,range_056251-056450,range_056401-056600,0.35,-0.15000000000000002,0.5832127405325113,0.6214215646436824,"326,617,536,487,430,253,10,489,163,589,185,622,558,534,81,176,158,160,15,118"
376,range_056401-056600,range_056551-056750,0.05,-0.45,0.08568686324243138,0.7638265935506596,"414,474,570,598,489,207,466,599,433,292,438,429,619,74,39,523,450,426,526,513"
377,range_056551-056750,range_056701-056900,1.0,0.5,0.8926970798814016,0.14273591541943603,"449,214,304,245,343,365,399,417,264,498,281,462,572,538,287,661,515,532,119,103"
378,range_056701-056900,range_056851-057050,0.6,0.09999999999999998,0.34503005536167247,0.2838156620602129,"251,513,221,302,596,234,134,292,367,462,587,599,432,275,392,316,608,469,498,280"
379,range_056851-057050,range_057001-057200,0.1,-0.4,0.0,0.12253463272575432,"404,73,182,662,344,241,659,349,306,360,550,320,157,401,426,288,88,390,402,542"
380,range_057001-057200,range_057151-057350,0.1,-0.4,0.0,0.3175409698897155,"530,413,498,455,566,581,60,312,93,657,659,241,142,322,537,463,220,43,236,641"
381,range_057151-057350,range_057301-057500,0.5,0.0,0.12440610507951937,0.13945075527071193,"662,446,52,187,435,250,501,0,332,413,490,462,195,201,609,228,62,489,245,320"
382,range_057301-057500,range_057451-057650,0.4,-0.09999999999999998,0.24271076136196776,0.47750349084060073,"527,228,214,612,593,134,613,338,74,555,39,195,531,429,571,292,414,302,665,423"
383,range_057451-057650,range_057601-057800,0.35,-0.15000000000000002,0.1544567799428909,0.22110052005876435,"52,641,201,469,89,50,250,241,245,491,515,463,623,282,157,431,348,618,90,493"
384,range_057601-057800,range_057751-057950,0.05,-0.45,0.2707899145839412,0.553266783090103,"373,409,592,295,321,403,217,257,286,607,97,258,318,457,501,532,428,422,142,518"
385,range_057751-057950,range_057901-058100,0.2,-0.3,0.2643478919368817,0.3972617907282058,"32,648,646,555,282,437,175,97,169,492,294,543,662,60,504,522,507,425,351,103"
386,range_057901-058100,range_058051-058250,0.6,0.09999999999999998,0.7197381388691059,0.6727321800540924,"649,530,6,167,475,650,659,5,365,158,23,457,465,445,68,187,69,194,495,477"
387,range_058051-058250,range_058201-058400,0.75,0.25,0.33057365172822567,0.11157167408537831,"609,587,571,60,36,566,27,351,214,519,574,602,659,210,244,92,283,441,88,300"
388,range_058201-058400,range_058351-058550,0.55,0.050000000000000044,0.9576805923180566,0.7867883414675505,"498,378,527,245,528,468,218,600,643,108,303,452,499,463,75,192,471,523,204,644"
389,range_058351-058550,range_058501-058700,0.225,-0.275,0.0,0.07702480848250073,"212,336,404,99,174,641,441,64,527,571,50,293,455,210,209,28,519,215,468,4"
390,range_058501-058700,range_058651-058850,0.85,0.35,0.7050432991304951,0.45079204357352354,"650,655,505,489,546,34,154,606,71,416,425,580,639,365,476,555,114,646,475,175"
391,range_058651-058850,range_058801-059000,1.0,0.5,1.5579835022849318,0.8233267709738734,"218,82,499,269,601,65,608,5,477,174,526,427,148,376,59,612,345,4,467,36"
392,range_058801-059000,range_058951-059150,0.15,-0.35,0.3844442643969281,0.5265323805654138,"348,98,104,284,603,325,640,207,491,249,585,252,48,84,51,608,313,620,46,520"
393,range_058951-059150,range_059101-059300,0.25,-0.25,0.04460157397816346,0.2801925111435353,"493,569,348,523,210,222,567,643,215,232,243,50,262,571,217,302,602,375,346,79"
394,range_059101-059300,range_059251-059450,0.225,-0.275,0.0,0.10499658998542122,"352,260,478,524,298,284,320,435,61,406,474,255,92,84,99,621,662,141,212,313"
395,range_059251-059450,range_059401-059600,0.8,0.30000000000000004,0.28248827407738547,0.13959092324199696,"111,433,383,459,140,120,426,639,552,549,301,184,312,203,343,207,356,590,294,533"
396,range_059401-059600,range_059551-059750,0.15,-0.35,0.38110583277387905,0.43995467972181623,"220,408,73,537,271,549,365,380,665,580,225,29,197,112,71,295,9,650,194,504"
397,range_059551-059750,range_059701-059900,0.25,-0.25,0.5289143400347424,0.7368418667004213,"127,612,455,533,500,594,633,90,304,166,416,368,444,466,412,207,650,259,93,97"
398,range_059701-059900,range_059851-060050,0.175,-0.325,0.0,0.11904030826751968,"567,159,74,571,474,134,292,263,218,78,129,348,598,599,429,412,631,499,147,491"
399,range_059851-060050,range_060001-060200,0.45,-0.04999999999999999,0.6224947241940445,0.6420114484272018,"148,190,454,20,145,460,146,360,125,529,522,660,585,321,318,40,12,30,295,133"
400,range_060001-060200,range_060151-060350,0.1,-0.4,0.0,0.40423260493695,"262,493,236,441,496,581,316,263,243,501,523,466,79,470,302,527,412,554,457,210"
401,range_060151-060350,range_060301-060500,0.05,-0.45,0.03398610291004521,0.26966877939117795,"328,483,223,309,464,366,174,214,587,433,144,538,290,423,110,471,619,56,28,296"
402,range_060301-060500,range_060451-060650,0.05,-0.45,0.0,0.26394923756148164,"569,113,76,215,209,75,357,164,567,650,392,390,210,214,389,347,292,662,647,496"
403,range_060451-060650,range_060601-060800,0.15,-0.35,0.35933220212421485,0.518004268057603,"389,275,571,131,212,164,140,432,544,323,463,390,130,378,264,293,599,441,499,493"
404,range_060601-060800,range_060751-060950,0.6,0.09999999999999998,1.1730571778971333,1.0902686027561945,"150,616,13,329,324,487,149,578,208,152,454,314,391,485,583,415,521,335,63,199"
405,range_060751-060950,range_060901-061100,0.0,-0.5,0.7215607082542473,1.3111760643880916,"315,165,526,207,239,204,442,175,365,303,1,654,38,474,323,445,46,532,24,513"
406,range_060901-061100,range_061051-061250,0.75,0.25,0.8161096304551249,0.7532427512079635,"428,438,194,548,86,325,213,495,331,360,150,145,434,458,233,476,73,607,57,30"
407,range_061051-061250,range_061201-061400,0.1,-0.4,0.786421012935547,0.9340985266238997,"472,489,626,178,125,344,342,460,622,573,182,492,502,34,649,447,217,435,5,279"
408,range_061201-061400,range_061351-061550,0.15,-0.35,0.8847021722189278,1.0866348004004385,"43,188,42,205,179,17,108,604,661,121,103,206,425,191,143,541,452,29,52,427"
409,range_061351-061550,range_061501-061700,0.75,0.25,0.9649150121687213,0.7457189270853903,"288,574,474,494,187,531,613,238,535,130,458,14,381,177,204,59,609,282,90,632"
410,range_061501-061700,range_061651-061850,0.7,0.19999999999999996,0.39049535578616396,0.3460157050904736,"492,457,576,650,503,7,15,319,258,472,11,310,43,532,501,556,588,512,542,62"
411,range_061651-061850,range_061801-062000,0.8,0.30000000000000004,0.9579073020521051,0.6428094801274205,"134,231,524,119,21,364,657,569,96,636,432,65,95,365,438,392,113,116,180,641"
412,range_061801-062000,range_061951-062150,0.75,0.25,0.3038291171149295,0.14788278362766588,"601,89,157,207,563,643,293,88,395,283,53,375,106,312,46,284,402,5,273,384"
413,range_061951-062150,range_062101-062300,0.85,0.35,1.1031986285351472,0.3904185442345961,"73,619,608,215,345,3,131,466,546,263,572,134,284,74,432,429,292,599,129,549"
414,range_062101-062300,range_062251-062450,0.55,0.050000000000000044,1.843898163906091,1.7906105790502465,"388,152,617,476,374,335,528,186,240,355,161,146,77,558,615,486,329,482,314,20"
415,range_062251-062450,range_062401-062600,0.3,-0.2,1.384442543423316,1.6995062608987612,"25,336,140,597,569,245,527,571,581,74,570,567,100,468,640,108,337,65,164,639"
416,range_062401-062600,range_062551-062750,0.2,-0.3,0.0,0.0642838510909299,"144,306,226,46,509,100,498,588,651,662,337,602,99,180,280,177,78,489,657,316"
417,range_062551-062750,range_062701-062900,0.35,-0.15000000000000002,0.08367268923939389,0.20936953167432792,"125,381,117,285,53,177,275,439,530,183,621,638,357,641,175,662,505,316,284,128"
418,range_062701-062900,range_062851-063050,0.15,-0.35,0.28294435861267025,0.45230637664603385,"166,543,247,406,349,603,265,631,224,204,607,158,120,103,338,457,6,621,1,538"
419,range_062851-063050,range_063001-063200,0.6,0.09999999999999998,0.6130655266088858,0.611300089667839,"249,261,633,638,655,231,172,21,565,142,488,298,133,534,223,235,62,42,484,458"
420,range_063001-063200,range_063151-063350,0.0,-0.5,0.166442727266143,1.0662736713575147,"226,102,488,227,320,69,196,173,222,312,517,90,392,192,116,81,39,431,519,296"
421,range_063151-063350,range_063301-063500,0.2,-0.3,1.1242092973118671,1.2082010319003902,"475,501,30,135,223,542,629,62,306,532,184,247,579,339,478,611,561,297,376,624"
422,range_063301-063500,range_063451-063650,0.3,-0.2,0.8270966049792277,0.9563447287442345,"252,400,554,353,410,36,367,78,288,392,601,372,357,340,227,650,226,55,498,581"
423,range_063451-063650,range_063601-063800,0.225,-0.275,0.0,0.038505273697415215,"47,85,110,488,517,453,653,520,450,72,598,434,177,53,383,49,464,3,412,481"
424,range_063601-063800,range_063751-063950,0.4,-0.09999999999999998,0.44497820079288536,0.4969839089462905,"339,202,482,573,233,480,240,355,628,568,81,377,10,151,354,479,97,518,258,596"
425,range_063751-063950,range_063901-064100,0.65,0.15000000000000002,0.8719713996953473,0.7419988121793328,"626,250,561,19,500,8,662,49,333,242,300,471,656,507,191,115,304,503,299,141"
426,range_063901-064100,range_064051-064250,0.6,0.09999999999999998,0.16616017886419227,0.0,"292,287,599,638,499,127,140,571,74,75,207,533,399,582,474,567,128,593,210,466"
427,range_064051-064250,range_064201-064400,0.15,-0.35,0.13941968733241483,0.3497600025869834,"62,569,663,201,298,199,344,572,130,247,382,643,590,153,162,390,177,296,397,35"
428,range_064201-064400,range_064351-064550,0.35,-0.15000000000000002,0.7185385260757334,0.8293304273619655,"567,366,571,599,466,414,263,74,523,39,514,140,416,345,292,323,100,619,464,296"
429,range_064351-064550,range_064501-064700,0.8,0.30000000000000004,1.5686415326700123,1.211533492827602,"482,63,409,202,560,604,589,521,354,54,10,317,622,407,126,81,286,484,277,170"
430,range_064501-064700,range_064651-064850,0.3,-0.2,0.9278055848319045,1.3275099658767204,"117,197,378,78,612,249,311,367,527,164,632,138,635,246,469,468,548,316,603,524"
431,range_064651-064850,range_064801-065000,0.225,-0.275,0.0,0.06752711434642585,"468,657,635,612,527,311,28,462,315,603,524,117,516,441,246,414,571,511,143,138"
432,range_064801-065000,range_064951-065150,0.175,-0.325,0.0,0.20549116097602238,"210,315,527,131,523,79,232,468,28,567,378,571,554,316,496,493,635,96,128,262"
433,range_064951-065150,range_065101-065300,0.35,-0.15000000000000002,0.5267272194926423,0.5774241462078353,"242,484,360,81,415,476,630,158,161,568,551,591,487,198,15,326,150,70,556,626"
434,range_065101-065300,range_065251-065450,0.95,0.44999999999999996,1.4987779435059148,1.2780475631502561,"156,240,573,617,360,185,616,373,314,335,374,630,149,454,334,415,37,167,151,38"
435,range_065251-065450,range_065401-065600,0.0,-0.5,0.6583271895260808,1.3689144959131294,"346,60,196,327,632,357,515,154,563,64,450,400,636,397,597,648,643,395,99,402"
436,range_065401-065600,range_065551-065750,0.4,-0.09999999999999998,0.662796947836214,0.6885876825487706,"217,586,335,407,34,403,418,305,175,26,30,277,334,259,103,87,225,458,85,35"
437,range_065551-065750,range_065701-065900,0.0,-0.5,0.21090134397160673,0.616403906498959,"657,612,601,119,282,378,492,367,113,426,489,228,227,158,340,27,53,496,383,602"
438,range_065701-065900,range_065851-066050,0.35,-0.15000000000000002,0.17789129106634455,0.25458731561787923,"653,382,238,51,157,659,233,534,36,520,620,395,642,350,295,532,543,657,413,587"
439,range_065851-066050,range_066001-066200,0.175,-0.325,0.021868261814065766,0.26170134394990857,"572,466,601,168,581,214,612,280,608,215,222,423,566,164,456,513,410,302,134,515"
440,range_066001-066200,range_066151-066350,0.9,0.4,0.46420052366339504,0.0898415619452071,"223,643,222,581,210,227,131,262,128,79,75,2,209,392,74,496,567,236,569,401"
441,range_066151-066350,range_066301-066500,0.65,0.15000000000000002,0.6701444553572465,0.5456108343702389,"304,31,25,411,315,548,78,255,4,293,168,189,619,36,88,83,192,390,340,461"
442,range_066301-066500,range_066451-066650,0.75,0.25,0.832196297649796,0.6361606846113681,"279,68,181,66,167,103,653,425,169,335,125,495,87,223,516,298,660,54,472,411"
443,range_066451-066650,range_066601-066800,1.0,0.5,0.8751155116925715,0.44359495880736466,"497,64,123,507,419,574,48,190,83,603,426,638,23,107,511,515,406,390,539,44"
444,range_066601-066800,range_066751-066950,0.65,0.15000000000000002,0.736664743067164,0.6637170963201791,"137,327,360,106,52,568,125,454,190,117,99,396,294,542,610,48,470,83,303,641"
445,range_066751-066950,range_066901-067100,0.15,-0.35,0.19699252385584842,0.6586995201315728,"95,381,241,254,292,412,128,215,222,263,527,345,131,106,246,602,238,221,367,296"
446,range_066901-067100,range_067051-067250,0.1,-0.4,0.5001176343682442,0.7155514555905673,"371,240,482,564,253,146,430,14,576,63,624,77,592,170,208,350,591,628,487,13"
447,range_067051-067250,range_067201-067400,0.75,0.25,1.0560886032078918,0.8796127982742665,"199,624,507,290,565,434,101,480,261,407,656,217,21,126,541,247,564,606,289,645"
448,range_067201-067400,range_067351-067550,0.65,0.15000000000000002,0.7795296413325636,0.7751296583185707,"545,492,65,152,469,604,659,397,279,29,328,239,338,200,69,0,163,403,642,533"
449,range_067351-067550,range_067501-067700,0.3,-0.2,0.27828930034865823,0.7057711678215478,"414,11,567,134,39,312,345,602,571,292,74,599,53,159,499,383,619,299,263,103"
450,range_067501-067700,range_067651-067850,0.6,0.09999999999999998,0.700990236382122,0.6203091890257926,"425,57,559,319,540,69,643,276,472,12,114,664,257,86,419,261,29,248,298,67"
451,range_067651-067850,range_067801-068000,0.1,-0.4,0.27556339633887245,0.7839347101118836,"331,380,207,642,224,47,585,32,153,537,469,634,582,73,124,557,5,648,330,154"
452,range_067801-068000,range_067951-068150,0.45,-0.04999999999999999,0.5322096951642907,0.534022964884187,"11,442,18,492,369,287,249,642,34,417,303,87,629,542,311,51,250,339,537,85"
453,range_067951-068150,range_068101-068300,0.3,-0.2,0.6452020523799291,0.73215743630114,"616,146,421,16,317,615,565,430,576,277,21,199,579,630,354,528,415,286,33,155"
454,range_068101-068300,range_068251-068450,1.0,0.5,1.6639383557879,1.0515910145722445,"518,322,107,101,611,351,116,141,83,22,402,24,288,600,125,641,190,216,84,493"
455,range_068251-068450,range_068401-068600,0.2,-0.3,0.0,0.125072413377338,"620,292,78,496,312,273,602,567,612,491,293,82,353,572,79,364,348,210,527,512"
456,range_068401-068600,range_068551-068750,0.9,0.4,0.5352497262307421,0.23047146420098777,"530,537,511,191,203,157,557,570,582,499,309,20,272,547,636,205,608,491,386,320"
457,range_068551-068750,range_068701-068900,0.05,-0.45,0.2945377527787714,0.6985245317354773,"52,245,172,548,577,140,142,614,468,216,620,612,662,56,49,204,524,648,270,53"
458,range_068701-068900,range_068851-069050,0.85,0.35,0.3618065155203283,0.2859156509568692,"199,387,320,225,595,194,311,385,538,321,590,45,118,442,157,630,190,407,560,126"
459,range_068851-069050,range_069001-069200,0.5,0.0,0.3954877262408657,0.40279565060349254,"379,273,171,549,59,598,294,471,327,387,46,65,620,535,137,643,582,614,511,662"
460,range_069001-069200,range_069151-069350,0.2,-0.3,0.3101459867981057,0.5056146371338979,"566,209,78,12,367,110,265,168,39,272,522,64,79,364,251,545,446,400,234,182"
461,range_069151-069350,range_069301-069500,0.2,-0.3,0.3014790824643089,0.47698915196004127,"236,304,292,209,445,496,53,612,392,596,524,550,513,138,74,337,412,25,599,499"
462,range_069301-069500,range_069451-069650,1.0,0.5,0.6035455028211322,0.11470628549963757,"96,561,481,609,316,189,496,345,88,491,311,351,29,215,440,218,100,201,603,296"
463,range_069451-069650,range_069601-069800,0.1,-0.4,0.46759329219060747,0.7304679261030604,"140,309,337,638,320,50,570,412,496,346,113,151,111,440,245,71,196,219,192,133"
464,range_069601-069800,range_069751-069950,0.225,-0.275,0.0,0.039238757067254895,"582,296,398,136,607,562,453,182,76,647,79,353,428,500,207,499,82,580,366,183"
465,range_069751-069950,range_069901-070100,0.6,0.09999999999999998,0.15519783556622327,0.054313903250387346,"345,263,567,450,262,309,412,571,74,292,134,39,504,414,366,182,570,481,523,138"
466,range_069901-070100,range_070051-070250,0.8,0.30000000000000004,1.04116772322115,0.8072237428980946,"396,42,661,641,525,620,45,370,511,229,116,235,24,419,279,574,294,447,547,301"
467,range_070051-070250,range_070201-070400,0.7,0.19999999999999996,1.1739018852103027,0.7453109254397596,"291,328,501,262,223,236,50,403,531,598,82,207,164,315,215,599,523,74,234,218"
468,range_070201-070400,range_070351-070550,0.95,0.44999999999999996,0.6563155246503638,0.2497206646642674,"74,143,246,389,262,214,209,359,56,311,572,25,165,82,511,3,632,210,581,79"
469,range_070351-070550,range_070501-070700,0.35,-0.15000000000000002,0.5916728083499584,0.7140809949483764,"647,79,300,416,570,390,192,257,368,364,636,144,563,41,110,293,379,347,231,577"
470,range_070501-070700,range_070651-070850,0.15,-0.35,0.2508343435612122,0.32651391663929197,"380,9,115,35,162,305,319,504,322,625,547,610,40,529,650,331,26,482,537,266"
471,range_070651-070850,range_070801-071000,0.55,0.050000000000000044,0.4380556801613075,0.39230304811386474,"117,612,456,411,599,439,172,575,253,424,200,303,513,569,316,364,637,251,259,445"
472,range_070801-071000,range_070951-071150,0.4,-0.09999999999999998,0.8433176240456552,0.8893814780515674,"146,447,664,388,644,588,235,386,12,579,622,240,58,32,374,534,420,259,70,26"
473,range_070951-071150,range_071101-071300,0.8,0.30000000000000004,0.7804374467653646,0.5552544281591605,"370,458,637,399,221,69,316,189,284,127,426,169,255,78,603,549,247,228,139,592"
474,range_071101-071300,range_071251-071450,0.0,-0.5,0.31134620975223215,0.5946490442326018,"126,580,244,38,57,560,204,298,645,448,541,191,487,400,539,188,507,545,297,654"
475,range_071251-071450,range_071401-071600,0.65,0.15000000000000002,0.5931886790241333,0.4818166228550484,"612,367,17,545,389,631,554,174,191,410,292,293,50,548,189,159,144,237,226,571"
476,range_071401-071600,range_071551-071750,0.35,-0.15000000000000002,0.752895824281903,0.8684845506310448,"244,28,429,51,248,446,114,412,18,323,656,574,540,522,432,129,40,273,549,336"
477,range_071551-071750,range_071701-071900,0.0,-0.5,0.13100658996315445,0.3717584206595632,"264,219,464,372,173,261,400,42,507,611,11,533,385,412,427,362,244,45,232,353"
478,range_071701-071900,range_071851-072050,0.15,-0.35,0.37469134961533385,0.4882196818780455,"570,607,178,375,385,37,382,658,101,633,239,123,365,330,641,631,369,73,452,526"
479,range_071851-072050,range_072001-072200,0.1,-0.4,0.29525014747626993,0.5446385316078803,"353,24,228,600,7,304,191,157,200,653,252,278,140,180,36,120,608,1,256,85"
480,range_072001-072200,range_072151-072350,0.4,-0.09999999999999998,0.6394764502782281,0.6765453356501101,"608,375,0,345,294,340,423,168,399,185,432,285,93,78,180,538,569,199,49,230"
481,range_072151-072350,range_072301-072500,0.8,0.30000000000000004,0.35944745459199395,0.23724367898978688,"90,322,587,57,66,130,168,45,89,238,574,627,370,463,418,447,346,102,213,76"
482,range_072301-072500,range_072451-072650,0.9,0.4,0.907017732070218,0.8157669083359965,"277,63,551,360,616,317,257,185,420,528,233,510,142,350,583,109,16,435,536,240"
483,range_072451-072650,range_072601-072800,0.25,-0.25,1.0117868873408453,1.1236895606387856,"308,181,233,354,654,427,225,21,129,651,646,534,616,229,584,428,162,265,617,193"
484,range_072601-072800,range_072751-072950,0.0,-0.5,1.0532766550035746,1.2290007486561518,"225,109,259,625,528,248,193,286,20,152,317,255,335,247,639,535,198,277,314,376"
485,range_072751-072950,range_072901-073100,0.05,-0.45,1.1647281746517057,1.2673722527643392,"409,306,109,241,270,11,568,556,33,5,231,606,435,151,289,354,158,310,146,142"
486,range_072901-073100,range_073051-073250,1.0,0.5,2.0077274403650307,1.812781937779254,"605,13,77,558,583,150,616,617,335,430,185,579,15,149,198,457,339,37,233,436"
487,range_073051-073250,range_073201-073400,0.1,-0.4,1.5897954346693173,1.8766776937409737,"377,180,228,618,116,301,46,351,465,595,341,515,537,504,291,577,87,328,580,587"
488,range_073201-073400,range_073351-073550,0.45,-0.04999999999999999,0.7975209311471493,0.802985842790723,"66,344,621,295,556,86,231,146,321,437,72,430,436,109,639,193,565,522,651,156"
489,range_073351-073550,range_073501-073700,0.05,-0.45,0.3632630463396677,0.592528377406723,"177,552,634,220,148,290,459,93,635,190,321,542,6,632,346,288,385,507,99,237"
490,range_073501-073700,range_073651-073850,0.15,-0.35,0.0,0.1718522944933833,"217,241,100,281,323,3,4,439,5,431,275,640,273,312,136,511,299,327,283,270"
491,range_073651-073850,range_073801-074000,0.5,0.0,0.173484486951432,0.16529242422307078,"526,545,163,196,420,53,224,197,311,307,137,610,284,548,557,120,665,294,506,417"
492,range_073801-074000,range_073951-074150,0.45,-0.04999999999999999,0.3885822911777494,0.4150376207107013,"552,562,190,547,346,99,135,243,404,237,199,98,216,101,418,614,410,219,137,281"
493,range_073951-074150,range_074101-074300,0.7,0.19999999999999996,0.5773739982255165,0.4514860186049063,"384,402,238,27,444,649,424,473,184,336,546,80,17,251,59,168,587,526,477,218"
494,range_074101-074300,range_074251-074450,0.95,0.44999999999999996,0.9625757738918113,0.759078070397005,"242,58,94,476,484,324,208,152,629,326,81,16,107,508,434,528,521,651,604,553"
495,range_074251-074450,range_074401-074600,0.45,-0.04999999999999999,0.4132906241428252,0.4275844803330391,"581,262,594,412,348,79,441,401,316,400,5,302,346,24,523,128,131,569,210,31"
496,range_074401-074600,range_074551-074750,0.65,0.15000000000000002,0.6349384219466405,0.46057962929495794,"368,16,601,71,19,469,391,106,310,609,290,416,474,196,327,377,595,46,366,313"
497,range_074551-074750,range_074701-074900,0.15,-0.35,0.6418606689719814,0.8677539516028924,"527,392,571,134,554,466,221,56,262,264,468,246,414,567,523,74,210,209,25,378"
498,range_074701-074900,range_074851-075050,0.325,-0.175,0.0,0.02622253167326766,"410,601,384,251,147,598,293,76,346,218,168,431,464,663,245,90,514,88,648,593"
499,range_074851-075050,range_075001-075200,0.275,-0.22499999999999998,0.0,0.06958806979265938,"263,619,39,275,100,366,312,399,138,207,210,417,299,441,123,429,426,444,613,474"
500,range_075001-075200,range_075151-075350,0.05,-0.45,0.8542903861613975,1.2309160373549526,"20,277,518,13,528,373,476,589,430,146,152,355,54,37,573,21,457,94,160,484"
501,range_075151-075350,range_075301-075500,0.15,-0.35,0.7887123593413867,1.0006768176011236,"437,512,613,40,469,37,122,434,116,231,516,637,35,477,295,639,479,91,33,224"
502,range_075301-075500,range_075451-075650,0.0,-0.5,0.1399806112158641,0.6964184523587746,"216,455,571,550,174,28,197,4,441,636,292,270,515,189,516,523,612,17,79,228"
503,range_075451-075650,range_075601-075800,0.3,-0.2,0.2204611639871995,0.2454101074087615,"191,380,307,661,44,231,387,643,248,10,48,84,375,557,295,140,65,297,190,255"
504,range_075601-075800,range_075751-075950,0.05,-0.45,0.12501537342538405,0.3011114921506337,"433,379,26,478,104,98,85,67,49,294,158,160,137,653,336,180,377,628,475,195"
505,range_075751-075950,range_075901-076100,0.125,-0.375,0.013787686862241764,0.3399006948316876,"337,665,647,88,361,351,183,18,432,110,114,352,493,402,519,189,428,461,412,602"
506,range_075901-076100,range_076051-076250,0.25,-0.25,0.09325558766688995,0.149167546674135,"662,327,348,85,577,286,287,362,445,24,47,310,130,195,319,216,453,307,232,17"
507,range_076051-076250,range_076201-076400,0.8,0.30000000000000004,0.9140835912743346,0.8200429477578661,"535,421,617,223,324,181,575,57,556,318,163,655,539,248,178,454,261,219,536,16"
508,range_076201-076400,range_076351-076550,0.5,0.0,0.9347016066846582,0.9073380864066782,"27,313,201,297,53,250,562,544,459,97,7,111,563,580,352,336,218,130,609,230"
509,range_076351-076550,range_076501-076700,0.25,-0.25,0.06262478113500945,0.41414519237805725,"56,168,226,455,209,159,353,313,147,554,228,612,587,562,602,3,523,567,571,603"
510,range_076501-076700,range_076651-076850,0.75,0.25,0.6778114127646333,0.4573701207712551,"249,561,1,196,194,338,319,105,116,4,180,84,555,593,282,440,563,51,13,27"
511,range_076651-076850,range_076801-077000,0.85,0.35,0.679967780506691,0.5138375122808083,"458,420,220,561,207,586,31,182,319,545,195,550,194,114,103,287,526,217,154,216"
512,range_076801-077000,range_076951-077150,0.25,-0.25,0.11037902094811551,0.5021204309180436,"216,281,455,192,280,56,246,189,278,66,292,3,159,78,450,82,163,136,571,378"
513,range_076951-077150,range_077101-077300,0.3,-0.2,0.21488698740926676,0.3525289947568132,"59,217,248,114,106,87,369,351,653,573,574,80,154,528,224,664,267,48,297,584"
514,range_077101-077300,range_077251-077450,0.3,-0.2,0.3477208949593685,0.43341450668049,"635,489,353,15,376,569,632,52,574,267,131,437,663,50,463,601,173,86,200,603"
515,range_077251-077450,range_077401-077600,0.45,-0.04999999999999999,0.5830099937388283,0.6112367667576659,"16,350,162,483,542,160,308,579,472,585,575,145,576,219,386,185,289,274,317,14"
516,range_077401-077600,range_077551-077750,0.15,-0.35,0.6279153840287591,0.829289200545682,"134,544,496,283,46,281,402,659,444,220,446,383,445,665,473,27,401,499,599,238"
517,range_077551-077750,range_077701-077900,0.55,0.050000000000000044,0.4075359272801965,0.19708214591537,"527,498,53,414,102,587,27,567,113,416,138,296,452,383,209,571,468,441,28,210"
518,range_077701-077900,range_077851-078050,0.25,-0.25,0.6669038407803318,0.8666651281641365,"441,245,113,221,24,378,27,53,416,414,228,531,210,587,498,467,296,402,48,468"
519,range_077851-078050,range_078001-078200,0.4,-0.09999999999999998,0.5420683375329266,0.516097449012825,"357,245,191,180,312,531,499,288,367,410,643,620,424,19,102,493,93,383,550,554"
520,range_078001-078200,range_078151-078350,0.75,0.25,0.6546177607143653,0.5825704600131737,"408,248,199,184,33,163,374,625,26,121,81,77,66,564,435,286,91,535,502,185"
521,range_078151-078350,range_078301-078500,0.15,-0.35,0.17416360647839688,0.9117908315236842,"262,86,562,645,392,214,232,545,471,412,357,245,544,60,567,566,27,379,661,384"
522,range_078301-078500,range_078451-078650,0.95,0.44999999999999996,0.8788715095828261,0.11850262919703636,"222,372,345,27,587,357,441,128,378,471,227,664,361,58,201,210,31,645,384,544"
523,range_078451-078650,range_078601-078800,0.4,-0.09999999999999998,0.24128362726999758,0.31540906839920535,"221,183,593,470,209,352,444,346,383,323,252,456,264,647,296,394,117,4,423,500"
524,range_078601-078800,range_078751-078950,0.75,0.25,1.7041697533577864,1.5133523763734191,"605,617,421,314,551,77,615,334,13,374,186,149,591,485,388,583,355,335,405,198"
525,range_078751-078950,range_078901-079100,0.05,-0.45,1.284163225736859,1.9450645704149785,"571,466,263,567,39,74,414,316,292,96,134,619,230,55,593,372,140,224,138,285"
526,range_078901-079100,range_079051-079250,0.9,0.4,0.37580834477041425,0.0,"613,318,96,372,498,432,284,210,389,653,159,444,100,25,450,75,226,110,514,140"
527,range_079051-079250,range_079201-079400,0.75,0.25,1.575600234691438,1.4284801111744474,"654,150,16,170,199,483,213,121,160,573,630,482,326,436,91,583,507,585,652,644"
528,range_079201-079400,range_079351-079550,0.4,-0.09999999999999998,1.059777089660195,1.128438688023477,"320,284,143,546,406,448,119,286,112,309,23,409,467,46,604,62,106,228,86,175"
529,range_079351-079550,range_079501-079700,0.65,0.15000000000000002,0.9475309072329454,0.8104534139342333,"194,471,22,621,253,600,604,271,403,488,114,576,452,260,179,428,146,373,489,611"
530,range_079501-079700,range_079651-079850,0.65,0.15000000000000002,0.3697886551546769,0.20774151545892422,"344,230,309,638,183,361,352,210,619,78,474,465,4,11,287,429,381,340,572,39"
531,range_079651-079850,range_079801-080000,0.3,-0.2,0.0,0.00048473549418741254,"481,543,546,599,119,653,366,414,3,496,450,284,383,169,372,566,376,302,368,619"
532,range_079801-080000,range_079951-080150,0.55,0.050000000000000044,0.289627440272243,0.25962491469490834,"46,554,465,602,169,76,111,49,574,363,389,592,303,199,119,661,458,319,282,325"
533,range_079951-080150,range_080101-080300,0.4,-0.09999999999999998,0.432316868219631,0.5043439615282077,"101,108,433,452,434,26,460,57,276,45,31,320,575,659,198,300,635,206,489,354"
534,range_080101-080300,range_080251-080450,0.1,-0.4,0.45949437437382284,0.6124686564515107,"391,223,8,332,58,21,360,552,408,650,271,253,611,629,488,446,600,451,636,31"
535,range_080251-080450,range_080401-080600,0.9,0.4,1.4078434149031809,1.1949753837099535,"77,314,329,152,430,485,277,373,573,421,202,170,487,371,652,186,660,324,476,405"
536,range_080401-080600,range_080551-080750,0.3,-0.2,1.0061462558353924,1.1532108632313465,"600,336,119,21,574,51,431,116,631,272,17,616,213,90,102,663,291,419,609,187"
537,range_080551-080750,range_080701-080900,0.275,-0.22499999999999998,0.0,0.030719216979322863,"337,262,566,142,28,656,280,642,18,128,72,282,36,609,439,227,367,462,283,165"
538,range_080701-080900,range_080851-081050,0.65,0.15000000000000002,0.05393176737754414,0.0,"196,273,505,259,71,17,595,346,492,410,574,433,157,603,187,489,92,179,647,613"
539,range_080851-081050,range_081001-081200,0.45,-0.04999999999999999,0.44184604907543795,0.48106598142130946,"524,100,640,76,180,361,294,619,449,504,424,418,438,555,597,393,345,378,174,104"
540,range_081001-081200,range_081151-081350,0.15,-0.35,0.1453118808334821,0.4014552682994677,"384,392,370,275,566,209,245,29,357,88,60,523,278,297,254,210,113,609,659,128"
541,range_081151-081350,range_081301-081500,0.45,-0.04999999999999999,0.20844658170183675,0.2673695110851503,"519,165,493,3,255,177,147,19,411,477,325,130,629,28,53,144,327,446,244,304"
542,range_081301-081500,range_081451-081650,0.2,-0.3,0.15190262002569382,0.37487743487565495,"663,455,641,563,575,73,164,380,167,564,122,498,491,316,413,52,410,470,385,92"
543,range_081451-081650,range_081601-081800,0.35,-0.15000000000000002,0.21121606053401346,0.22438975208027429,"453,241,214,73,307,363,17,166,398,289,515,609,456,56,287,424,455,244,616,381"
544,range_081601-081800,range_081751-081950,0.15,-0.35,0.13448909296220213,0.3694891489630297,"599,370,296,439,55,440,282,345,612,3,244,249,403,390,395,499,320,159,184,433"
545,range_081751-081950,range_081901-082100,0.9,0.4,0.8069256185405331,0.6268290666036032,"150,622,68,179,482,606,590,399,627,66,476,125,534,408,69,373,535,421,437,512"
546,range_081901-082100,range_082051-082250,0.75,0.25,0.8324969249253646,0.5850171021515206,"281,245,57,513,614,508,48,395,427,376,344,623,190,116,187,318,353,370,283,88"
547,range_082051-082250,range_082201-082400,0.6,0.09999999999999998,0.577137612820836,0.553269649554325,"467,136,206,146,120,195,225,398,32,205,396,510,122,101,188,63,289,417,627,233"
548,range_082201-082400,range_082351-082550,0.25,-0.25,0.4601132142519561,0.5536632060477547,"358,394,216,644,217,348,273,469,627,653,643,261,294,101,559,122,620,157,480,1"
549,range_082351-082550,range_082501-082700,0.025,-0.475,0.0,0.6430146474850307,"493,220,131,432,429,566,221,345,475,9,410,441,246,138,107,413,302,571,527,218"
550,range_082501-082700,range_082651-082850,1.0,0.5,0.8780010656079155,0.6298379816783183,"170,253,202,415,485,152,94,630,652,658,484,355,388,20,153,161,397,326,269,525"
551,range_082651-082850,range_082801-083000,0.7,0.19999999999999996,1.692771237420602,1.5492265301038648,"85,344,310,521,266,156,313,375,111,121,437,622,526,416,356,195,270,505,167,136"
552,range_082801-083000,range_082951-083150,0.2,-0.3,0.18053011948631734,0.453085800700893,"581,246,441,79,264,222,262,346,128,567,316,474,367,210,523,467,396,50,470,527"
553,range_082951-083150,range_083101-083300,0.45,-0.04999999999999999,0.9746841293165829,1.0126787980312337,"222,569,455,210,227,312,456,571,496,128,408,223,470,567,316,367,441,404,262,79"
554,range_083101-083300,range_083251-083450,0.05,-0.45,0.21941156815807933,0.48539725029447733,"448,638,108,320,620,576,452,257,172,120,197,368,178,282,425,200,484,9,526,543"
555,range_083251-083450,range_083401-083600,0.95,0.44999999999999996,1.062599409936038,0.5953908902522471,"650,512,611,194,211,258,181,610,101,590,545,373,594,452,488,273,282,303,217,451"
556,range_083401-083600,range_083551-083750,0.55,0.050000000000000044,0.9468884697142428,0.7967317076317018,"6,7,613,21,40,5,153,530,103,460,0,354,469,101,330,306,29,276,298,341"
557,range_083551-083750,range_083701-083900,0.35,-0.15000000000000002,1.0384255142927854,1.090886991805284,"435,584,617,335,334,485,360,487,578,156,185,430,579,161,454,202,235,13,622,583"
558,range_083701-083900,range_083851-084050,0.15,-0.35,0.537004188364174,1.1991107969292074,"110,75,192,226,246,197,221,431,126,469,545,209,73,215,367,608,165,264,330,362"
559,range_083851-084050,range_084001-084200,0.175,-0.325,0.0,0.2614986222025296,"287,268,537,612,292,117,464,431,239,647,168,262,2,496,3,192,312,222,88,271"
560,range_084001-084200,range_084151-084350,0.3,-0.2,0.34075778493280645,0.4692720269391406,"25,84,275,297,272,85,474,447,293,389,151,506,642,99,256,520,513,164,512,312"
561,range_084151-084350,range_084301-084500,0.225,-0.275,0.0,0.017432704543916985,"88,398,222,659,110,75,468,347,345,137,226,191,278,366,96,442,48,93,117,593"
562,range_084301-084500,range_084451-084650,0.7,0.19999999999999996,0.5967428009533725,0.47221380420795384,"499,410,296,642,83,243,355,192,399,165,361,164,363,58,608,395,256,144,389,101"
563,range_084451-084650,range_084601-084800,0.4,-0.09999999999999998,0.13939522691699383,0.4343766281527933,"392,74,378,414,623,131,250,393,174,75,209,498,227,246,113,456,643,73,218,552"
564,range_084601-084800,range_084751-084950,0.5,0.0,0.5919610696808305,0.6213159436170999,"654,224,136,637,211,208,188,447,342,492,150,63,253,373,330,575,163,649,579,611"
565,range_084751-084950,range_084901-085100,0.55,0.050000000000000044,1.2057540168307166,1.1707875932925647,"441,75,392,27,288,312,76,222,128,401,550,46,394,210,227,523,293,545,113,513"
566,range_084901-085100,range_085051-085250,1.0,0.5,0.7574571207997817,0.0,"441,384,580,222,659,424,245,609,192,36,27,629,214,262,201,128,283,648,9,278"
567,range_085051-085250,range_085201-085400,0.85,0.35,1.9324203176061632,1.6594551966572089,"360,534,549,267,158,1,418,59,283,402,377,597,139,623,45,446,84,66,171,178"
568,range_085201-085400,range_085351-085550,0.9,0.4,1.037892009456994,0.8600803776307753,"250,83,490,64,122,493,346,419,102,442,106,620,552,360,614,395,438,353,632,597"
569,range_085351-085550,range_085501-085700,0.65,0.15000000000000002,0.3653234434176151,0.23154039707451707,"227,212,348,470,602,288,23,189,378,392,643,608,117,356,481,56,223,468,131,393"
570,range_085501-085700,range_085651-085850,0.95,0.44999999999999996,0.6083787271900853,0.0,"134,220,377,74,292,523,414,481,598,254,619,230,531,599,345,366,127,450,608,159"
571,range_085651-085850,range_085801-086000,0.3,-0.2,0.6299453312518953,0.9045169545974654,"398,432,124,367,638,252,48,209,494,404,241,207,498,93,221,123,222,103,543,468"
572,range_085801-086000,range_085951-086150,0.35,-0.15000000000000002,1.2757987119692442,1.3518694034594352,"605,326,405,185,208,485,421,525,622,486,551,150,360,63,334,415,616,77,170,324"
573,range_085951-086150,range_086101-086300,0.4,-0.09999999999999998,1.1531062611887286,1.3179672849279842,"9,164,94,197,611,388,461,561,517,54,80,110,612,206,402,619,237,50,53,423"
574,range_086101-086300,range_086251-086450,0.55,0.050000000000000044,0.21112417684484902,0.21516806711299583,"221,246,253,57,75,456,477,88,410,587,648,107,218,414,212,230,396,527,18,201"
575,range_086251-086450,range_086401-086600,0.0,-0.5,0.07260617978109153,0.46461799680725946,"215,45,303,52,147,82,281,296,429,519,542,345,601,475,159,541,427,189,588,612"
576,range_086401-086600,range_086551-086750,0.5,0.0,0.6268708559587206,0.6028229757571044,"451,510,249,328,142,638,488,411,151,606,307,625,207,486,467,12,369,22,231,586"
577,range_086551-086750,range_086701-086900,0.4,-0.09999999999999998,0.24897740587231304,0.39613075968698536,"117,22,138,126,635,191,205,96,165,246,632,74,663,131,114,511,110,349,215,28"
578,range_086701-086900,range_086851-087050,0.15,-0.35,0.4741621103986077,0.6918071030186598,"319,404,239,561,656,428,538,135,142,630,334,352,84,327,224,245,73,306,71,300"
579,range_086851-087050,range_087001-087200,0.8,0.30000000000000004,1.1426884788263463,1.0100146430465846,"614,469,111,318,491,308,459,143,509,144,343,603,327,123,549,266,655,510,595,341"
580,range_087001-087200,range_087151-087350,0.65,0.15000000000000002,0.7521798424947175,0.5054549336272584,"370,302,429,522,599,477,280,325,657,75,466,597,412,289,345,496,189,29,549,445"
581,range_087151-087350,range_087301-087500,0.3,-0.2,0.280746852006989,0.4703106471492141,"90,273,140,533,509,488,515,165,27,190,16,41,45,201,459,124,92,636,196,48"
582,range_087301-087500,range_087451-087650,0.95,0.44999999999999996,1.5551741290383132,1.1353002617084311,"152,507,560,430,186,324,521,355,156,63,314,565,629,518,556,484,485,558,121,20"
583,range_087451-087650,range_087601-087800,0.4,-0.09999999999999998,1.6031108326010153,1.683279725073223,"573,235,10,77,185,94,355,604,626,70,213,326,487,660,485,615,20,198,360,176"
584,range_087601-087800,range_087751-087950,0.1,-0.4,1.2487440597171762,1.6567087289536793,"550,180,15,446,260,447,205,145,6,110,46,190,356,309,90,394,483,526,195,101"
585,range_087751-087950,range_087901-088100,0.0,-0.5,0.41393652076717896,0.7281615016904098,"389,61,48,500,647,458,36,257,165,147,328,513,544,379,278,404,131,300,319,52"
586,range_087901-088100,range_088051-088250,0.55,0.050000000000000044,0.5308118899238397,0.406366739289751,"412,570,458,343,124,366,365,73,662,3,246,424,347,168,189,327,398,527,464,531"
587,range_088051-088250,range_088201-088400,0.9,0.4,0.4775560669987027,0.15445504746767535,"226,76,56,657,28,131,600,468,557,221,17,661,372,345,574,4,507,462,40,39"
588,range_088201-088400,range_088351-088550,0.0,-0.5,0.37751079592069287,0.5734361229934374,"143,397,547,532,507,636,621,350,69,238,490,195,37,43,22,298,338,169,253,634"
589,range_088351-088550,range_088501-088700,0.05,-0.45,0.729769379702599,1.3387267677065973,"159,218,347,323,645,389,39,249,56,3,100,346,49,215,455,95,288,141,519,46"
590,range_088501-088700,range_088651-088850,0.45,-0.04999999999999999,0.790836280735579,0.7992912478924257,"329,14,121,26,482,107,63,624,434,568,193,483,132,573,397,391,16,388,139,457"
591,range_088651-088850,range_088801-089000,0.0,-0.5,0.3592699401408986,1.0990764901403343,"608,526,230,538,203,653,345,473,619,140,46,79,119,243,523,366,263,299,55,113"
592,range_088801-089000,range_088951-089150,0.45,-0.04999999999999999,0.20316470064203865,0.20873957028919393,"46,127,608,79,183,110,299,412,390,182,372,55,555,166,607,302,538,322,378,221"
593,range_088951-089150,range_089101-089300,0.15,-0.35,0.0,0.15987451484092785,"453,300,189,113,581,173,362,538,428,398,123,145,225,561,530,79,241,131,283,569"
594,range_089101-089300,range_089251-089450,0.45,-0.04999999999999999,0.3041861324316023,0.30855084412945555,"120,175,211,606,87,103,256,537,438,460,94,425,228,10,318,611,172,453,451,92"
595,range_089251-089450,range_089401-089600,0.55,0.050000000000000044,0.5730151968200962,0.5227249425972664,"301,330,649,73,506,270,380,458,1,634,32,178,393,418,6,148,386,469,358,449"
596,range_089401-089600,range_089551-089750,1.0,0.5,1.2763254393328245,0.7040620397678994,"166,255,422,504,331,208,584,428,11,123,607,57,16,305,163,376,553,354,261,158"
597,range_089551-089750,range_089701-089900,0.75,0.25,0.8288660418958108,0.6181396339971476,"252,94,663,311,212,412,320,368,170,268,635,230,650,40,478,24,31,401,64,450"
598,range_089701-089900,range_089851-090050,0.6,0.09999999999999998,0.13614212746975088,0.11866849156154642,"438,230,515,638,210,444,458,337,647,25,473,302,169,263,399,285,426,530,523,227"
599,range_089851-090050,range_090001-090200,0.1,-0.4,0.4920738400850589,0.8536006620864433,"7,610,522,356,85,295,639,256,349,508,217,258,288,30,574,580,452,80,194,162"
600,range_090001-090200,range_090151-090350,0.55,0.050000000000000044,0.5721629616356503,0.5589879665296857,"453,220,444,144,470,631,178,491,121,449,290,542,130,434,458,203,481,509,257,19"
601,range_090151-090350,range_090301-090500,0.55,0.050000000000000044,0.4293241894934959,0.314522667526819,"493,647,567,234,410,396,210,455,385,95,84,357,61,527,50,554,378,25,74,332"
602,range_090301-090500,range_090451-090650,0.2,-0.3,0.37258727015762416,0.5272134503036212,"139,627,369,171,457,30,631,540,206,265,380,242,411,207,116,616,643,150,438,308"
603,range_090451-090650,range_090601-090800,0.7,0.19999999999999996,0.9175082069191622,0.8356571472838414,"592,186,376,217,521,654,229,162,427,529,585,382,644,58,460,216,574,17,16,178"
604,range_090601-090800,range_090751-090950,0.65,0.15000000000000002,1.5983891379175075,1.5555134660242067,"202,146,314,558,615,583,186,616,149,421,660,156,525,508,430,454,185,355,482,630"
605,range_090751-090950,range_090901-091100,0.4,-0.09999999999999998,1.6722756288086853,1.791088442632232,"403,309,220,464,99,276,182,516,98,589,105,418,512,375,93,629,217,371,120,317"
606,range_090901-091100,range_091051-091250,0.3,-0.2,0.6366936384450786,0.7928775195997215,"278,300,90,517,281,258,587,275,345,189,310,501,564,174,315,245,389,494,363,444"
607,range_091051-091250,range_091201-091400,0.4,-0.09999999999999998,0.09425049588390919,0.1298275225255331,"315,214,53,307,221,113,0,400,157,222,647,122,215,287,468,655,241,416,566,227"
608,range_091201-091400,range_091351-091550,0.65,0.15000000000000002,0.4052331681257035,0.30142434676761304,"426,559,364,167,640,319,287,456,357,24,169,394,453,437,509,231,504,519,87,390"
609,range_091351-091550,range_091501-091700,0.4,-0.09999999999999998,0.14489739343859354,0.34798899387341237,"466,227,361,25,514,414,471,261,477,523,572,237,378,264,189,599,539,300,292,562"
610,range_091501-091700,range_091651-091850,0.35,-0.15000000000000002,0.21918080701754583,0.35137887039450816,"178,168,522,37,500,561,663,450,252,433,401,410,232,30,363,598,361,474,506,336"
611,range_091651-091850,range_091801-092000,0.9,0.4,0.8707308312781666,0.5090547320451982,"35,64,238,591,284,538,444,206,117,102,71,493,9,514,348,292,601,204,92,156"
612,range_091801-092000,range_091951-092150,0.4,-0.09999999999999998,0.3488162061678007,0.3892296787641576,"537,184,496,128,412,337,364,390,469,593,227,89,192,392,197,230,370,509,633,268"
613,range_091951-092150,range_092101-092300,0.7,0.19999999999999996,0.40643464985969097,0.2223888397402168,"356,176,398,631,62,221,17,166,190,581,157,15,238,313,27,177,646,586,588,462"
614,range_092101-092300,range_092251-092450,0.35,-0.15000000000000002,0.8123286416293093,0.8913399263776687,"558,152,579,202,415,652,408,435,525,483,326,324,277,584,149,421,565,151,233,334"
615,range_092251-092450,range_092401-092600,0.05,-0.45,1.276954213079467,1.4845182136615023,"295,10,360,104,469,422,334,575,516,70,35,155,270,2,255,86,588,539,407,408"
616,range_092401-092600,range_092551-092750,0.2,-0.3,1.546639444088774,1.6457429266966024,"529,528,415,575,355,270,77,112,604,54,485,333,149,193,605,329,639,405,660,558"
617,range_092551-092750,range_092701-092900,0.65,0.15000000000000002,1.593708160204696,1.4871580632250923,"548,286,145,324,501,604,371,643,515,413,358,109,415,197,461,256,530,133,207,305"
618,range_092701-092900,range_092851-093050,1.0,0.5,0.9691023173784086,0.434419911564522,"62,230,357,215,337,570,244,102,383,243,635,56,4,44,131,515,116,197,581,353"
619,range_092851-093050,range_093001-093200,0.35,-0.15000000000000002,0.6215625619471107,0.7751838944290868,"442,52,198,433,549,137,260,336,363,463,550,99,520,95,477,59,143,117,505,191"
620,range_093001-093200,range_093151-093350,0.6,0.09999999999999998,0.613363585885695,0.5999121788387523,"141,120,349,440,65,533,24,633,448,585,643,470,151,127,284,662,155,187,73,396"
621,range_093151-093350,range_093301-093500,0.65,0.15000000000000002,1.038292902996115,0.9677704601612868,"54,558,13,476,150,156,329,483,81,391,374,23,149,277,233,584,14,397,421,583"
622,range_093301-093500,range_093451-093650,0.45,-0.04999999999999999,1.3727509408499199,1.5066630762130964,"215,297,240,95,418,136,34,417,282,113,545,440,111,263,218,346,349,347,124,458"
623,range_093451-093650,range_093601-093800,0.45,-0.04999999999999999,0.7161729526138854,0.7561897984104664,"240,558,342,454,314,26,589,11,121,324,158,355,107,118,181,176,420,38,478,135"
624,range_093601-093800,range_093751-093950,0.0,-0.5,0.007328090639739406,1.4690258618459981,"414,466,444,599,417,322,39,292,218,134,523,429,557,138,648,312,74,252,571,113"
625,range_093751-093950,range_093901-094100,0.7,0.19999999999999996,0.7718435524975295,0.7605702045330588,"91,21,588,556,150,13,86,286,559,179,460,339,248,436,258,578,58,507,501,421"
626,range_093901-094100,range_094051-094250,0.1,-0.4,0.5045292559259288,0.9405516329585233,"383,357,55,598,90,191,519,246,242,159,337,78,119,144,567,602,106,260,462,446"
627,range_094051-094250,range_094201-094400,0.05,-0.45,0.22706780898983994,0.38316002481012057,"268,522,510,505,31,470,477,655,535,597,44,104,294,235,559,595,646,185,83,84"
628,range_094201-094400,range_094351-094550,0.05,-0.45,0.4803723845637203,0.6868282659005682,"341,328,386,482,12,217,94,640,461,409,644,273,237,522,508,10,257,120,80,266"
629,range_094351-094550,range_094501-094700,0.1,-0.4,0.33944019447248447,0.607133975495486,"332,87,585,306,148,187,216,404,397,123,452,249,495,508,521,416,299,301,570,197"
630,range_094501-094700,range_094651-094850,0.05,-0.45,0.1763748345963019,0.9994522526685476,"189,647,222,168,345,138,271,543,474,209,444,315,462,582,395,262,414,619,264,523"
631,range_094651-094850,range_094801-095000,0.65,0.15000000000000002,0.16707054374382385,0.08126392295468546,"168,57,219,444,69,239,5,356,463,3,648,540,60,173,112,330,546,383,108,574"
632,range_094801-095000,range_094951-095150,0.35,-0.15000000000000002,0.6375759285634238,0.6706098027606022,"307,44,320,216,546,650,394,9,582,282,363,642,231,494,18,207,621,502,507,610"
633,range_094951-095150,range_095101-095300,1.0,0.5,1.454913530128821,0.47421768712581536,"215,175,214,165,174,554,492,57,423,424,34,103,88,401,287,296,577,220,19,515"
634,range_095101-095300,range_095251-095450,0.125,-0.375,0.0,0.26566033541388867,"378,603,315,117,524,142,657,612,28,192,414,527,441,361,143,102,50,204,432,577"
635,range_095251-095450,range_095401-095600,0.075,-0.425,0.0,0.5408197218394392,"596,302,210,214,79,340,581,36,310,498,523,367,567,249,3,572,143,87,292,134"
636,range_095401-095600,range_095551-095750,0.95,0.44999999999999996,0.698903399515948,0.49385407407722315,"419,435,181,301,375,62,528,112,244,321,467,545,132,155,40,179,471,449,360,33"
637,range_095551-095750,range_095701-095900,0.3,-0.2,0.3032582524591604,0.4285406287530218,"621,526,569,170,399,327,440,29,367,608,55,275,216,129,381,492,357,176,470,214"
638,range_095701-095900,range_095851-096050,0.6,0.09999999999999998,0.7533846194909156,0.7148569092816657,"354,23,425,333,94,564,573,179,324,339,585,435,510,508,181,611,650,478,359,579"
639,range_095851-096050,range_096001-096200,0.05,-0.45,0.28684347425963275,0.9852602610238606,"68,89,93,227,192,567,346,296,280,144,412,410,246,527,75,381,214,210,79,441"
640,range_096001-096200,range_096151-096350,0.75,0.25,0.5426734475419368,0.3357503096965395,"662,189,304,504,494,234,409,174,389,338,599,365,431,87,127,444,160,663,155,416"
641,range_096151-096350,range_096301-096500,0.3,-0.2,0.4796238654776524,0.5706717494703644,"377,62,471,244,220,553,66,562,621,291,30,510,241,537,387,438,42,518,375,120"
642,range_096301-096500,range_096451-096650,0.75,0.25,0.5522975771872779,0.4857304004998232,"580,623,115,351,311,534,187,418,84,139,577,508,255,327,135,549,430,290,413,596"
643,range_096451-096650,range_096601-096800,0.7,0.19999999999999996,0.6631988020209828,0.5509798840937938,"576,505,178,338,141,53,307,122,162,311,261,38,12,488,195,194,479,510,360,461"
644,range_096601-096800,range_096751-096950,0.05,-0.45,0.0,0.6796400211384737,"27,237,441,254,253,357,282,180,227,174,661,188,210,462,278,520,599,36,372,316"
645,range_096751-096950,range_096901-097100,0.05,-0.45,0.22375143365875247,0.3357159198642524,"564,190,111,224,154,457,330,129,49,33,142,170,406,311,63,499,52,48,526,288"
646,range_096901-097100,range_097051-097250,0.55,0.050000000000000044,0.3199698846706007,0.227338548161034,"127,47,657,189,465,413,11,1,157,439,519,88,547,173,234,432,410,550,166,533"
647,range_097051-097250,range_097201-097400,0.1,-0.4,0.1190138372797596,0.30510910136770464,"424,344,517,27,362,312,543,282,112,73,148,541,463,511,249,313,35,370,633,383"
648,range_097201-097400,range_097351-097550,0.3,-0.2,0.3991905962671922,0.44714630094702373,"395,662,611,166,490,327,629,332,49,123,330,216,488,634,511,355,497,438,307,220"
649,range_097351-097550,range_097501-097700,0.05,-0.45,0.1391100419969706,0.5320273455504932,"416,283,53,332,323,385,500,404,504,183,188,278,108,463,582,88,517,182,211,394"
650,range_097501-097700,range_097651-097850,0.025,-0.475,0.0,0.596113339435653,"523,392,572,544,302,50,612,31,453,320,331,96,423,499,526,144,513,439,631,566"
651,range_097651-097850,range_097801-098000,0.025,-0.475,0.0,0.6261733260340034,"603,362,128,601,462,78,131,272,361,263,392,315,557,338,590,632,273,347,19,571"
652,range_097801-098000,range_097951-098150,0.85,0.35,1.087943577017616,0.9074123754952503,"607,492,475,413,508,427,32,311,356,662,255,564,560,0,369,343,349,148,350,277"
653,range_097951-098150,range_098101-098300,0.85,0.35,1.0046979015625834,0.8998523328326875,"420,355,277,457,242,397,622,467,151,369,425,482,253,109,155,573,208,149,629,91"
654,range_098101-098300,range_098251-098450,0.3,-0.2,0.7977005889730473,0.8552402905862169,"78,623,632,379,255,608,296,462,165,635,28,496,102,104,390,322,343,336,337,293"
655,range_098251-098450,range_098401-098600,0.4,-0.09999999999999998,0.48780550927629185,0.515073683711321,"508,497,328,454,259,202,534,29,243,83,530,35,587,502,609,535,351,411,333,162"
656,range_098401-098600,range_098551-098750,0.25,-0.25,0.27164634055449804,0.4641716629967897,"603,378,28,364,632,78,441,398,631,164,82,268,348,567,56,468,5,50,602,165"
657,range_098551-098750,range_098701-098900,0.6,0.09999999999999998,0.7443480488313658,0.6792969494602978,"187,267,200,30,225,255,229,145,295,510,427,529,125,242,477,17,543,151,430,70"
658,range_098701-098900,range_098851-099050,0.6,0.09999999999999998,0.8299386719077624,0.7611024149030869,"101,420,257,555,613,368,116,491,278,132,179,346,449,500,509,100,298,428,462,30"
659,range_098851-099050,range_099001-099200,1.0,0.5,0.9316845147380324,0.42705539271424287,"505,394,130,260,380,400,353,363,286,78,101,276,621,4,552,50,267,512,338,319"
660,range_099001-099200,range_099151-099350,0.2,-0.3,1.0130919273164656,1.3773155214319885,"60,36,562,88,303,357,78,648,567,41,609,392,528,128,384,367,548,597,474,552"
661,range_099151-099350,range_099301-099500,0.6,0.09999999999999998,0.25002647211437445,0.17502242842140364,"82,377,450,204,393,182,325,7,228,608,611,241,252,417,205,111,645,272,448,19"
662,range_099301-099500,range_099451-099650,0.85,0.35,0.38686925073011,0.23435673711863048,"440,464,196,5,493,167,346,158,136,438,519,490,546,216,449,473,82,312,99,57"
663,range_099451-099650,range_099601-099800,0.55,0.050000000000000044,0.5263552390092896,0.5465380084692004,"282,398,279,37,434,178,223,407,387,194,9,305,501,229,396,11,328,433,580,630"
664,range_099601-099800,range_099751-099950,0.3,-0.2,0.31812707994877254,0.6546685894733225,"297,563,632,595,387,538,174,39,319,50,88,471,388,337,401,613,423,302,581,498"
