transition_index,from_range,to_range,consensus_physical_percentile,consensus_percentile_effect,median_physical_front_score,median_control_front_score,control_dest_indices
1,range_000201-000400,range_000351-000550,1.0,0.5,1.0967395739365333,0.7971829094308323,"397,528,14,224,249,576,34,259,471,151,184,536,506,542,578,19,573,532,271,374"
2,range_000351-000550,range_000501-000700,0.7,0.19999999999999996,1.2887921511297729,0.993295631672044,"403,581,488,448,339,298,398,103,197,34,538,280,308,224,520,164,579,16,336,507"
3,range_000501-000700,range_000651-000850,0.45,-0.04999999999999999,0.234703885865394,0.31310524314254784,"128,212,284,75,79,189,117,365,635,60,134,123,236,353,653,308,319,548,425,602"
4,range_000651-000850,range_000801-001000,0.25,-0.25,0.41508764964294487,0.54199228365803,"354,516,241,542,311,50,218,15,276,202,436,648,306,41,86,578,359,302,108,91"
5,range_000801-001000,range_000951-001150,0.5,0.0,0.7904594283080115,0.7833791550987698,"407,336,625,438,33,265,659,377,382,454,558,415,105,505,593,656,238,279,254,94"
6,range_000951-001150,range_001101-001300,0.7,0.19999999999999996,0.9964366750086429,0.8364086256825232,"338,620,447,286,431,328,527,320,628,52,652,536,182,153,198,148,575,217,271,145"
7,range_001101-001300,range_001251-001450,0.05,-0.45,0.2572932893515935,0.459297868111948,"140,572,368,390,456,327,508,124,110,70,413,161,438,481,471,587,410,138,504,312"
8,range_001251-001450,range_001401-001600,0.15,-0.35,0.0,0.2540441329504636,"209,433,399,83,357,85,406,470,167,139,544,261,413,236,372,603,79,440,200,571"
9,range_001401-001600,range_001551-001750,0.8,0.30000000000000004,0.418145177342867,0.3435994595923282,"321,621,645,270,500,285,409,586,426,339,125,64,575,625,486,38,22,234,322,631"
10,range_001551-001750,range_001701-001900,0.4,-0.09999999999999998,0.5678036255277223,0.6393531808620501,"457,543,100,465,337,472,233,261,577,370,435,354,135,428,422,227,238,69,387,122"
11,range_001701-001900,range_001851-002050,0.9,0.4,1.181250238397099,1.0334107176208245,"184,94,109,188,604,277,397,542,454,298,568,536,248,202,431,576,82,114,480,162"
12,range_001851-002050,range_002001-002200,0.95,0.44999999999999996,1.6503258089180701,1.3453475827950931,"482,249,455,528,259,476,184,576,449,115,535,224,536,94,511,265,531,654,585,232"
13,range_002001-002200,range_002151-002350,0.85,0.35,1.4817206822872704,1.3688448578922499,"431,2,166,265,228,359,298,249,582,208,420,542,482,290,132,156,377,511,334,151"
14,range_002151-002350,range_002301-002500,0.55,0.050000000000000044,1.4320880353552292,1.4354351960934495,"633,659,480,35,52,121,232,655,402,185,494,479,654,620,359,369,606,333,265,420"
15,range_002301-002500,range_002451-002650,0.3,-0.2,0.9486658748950335,0.9998802347609771,"199,271,232,333,35,659,506,367,242,548,238,80,106,482,248,151,408,195,377,132"
16,range_002451-002650,range_002601-002800,0.2,-0.3,0.7229263148490469,0.8055489658101341,"417,646,460,273,48,478,195,336,105,438,270,533,82,295,428,506,63,585,626,505"
17,range_002601-002800,range_002751-002950,0.15,-0.35,0.6720893707547427,0.7552583842828929,"191,101,646,528,576,359,2,615,457,355,307,286,558,438,6,592,269,390,614,335"
18,range_002751-002950,range_002901-003100,0.45,-0.04999999999999999,0.4391146439604122,0.5090318301288235,"395,292,282,158,363,271,511,103,417,272,91,552,428,401,222,665,277,190,128,348"
19,range_002901-003100,range_003051-003250,0.0,-0.5,1.011243628548477,1.1770847445114807,"654,542,476,381,655,471,633,573,454,489,487,272,616,397,109,298,331,132,185,208"
20,range_003051-003250,range_003201-003400,0.9,0.4,1.0959228573723527,0.9844399535587247,"257,338,528,643,178,5,195,492,102,58,147,604,576,409,494,291,417,317,198,326"
21,range_003201-003400,range_003351-003550,0.9,0.4,1.6177080679462759,1.3415508528424152,"645,125,381,242,370,644,333,489,434,358,272,479,317,553,277,639,500,397,476,478"
22,range_003351-003550,range_003501-003700,0.35,-0.15000000000000002,0.848390554068893,0.8683403169323116,"553,208,317,244,590,5,188,518,199,125,257,112,269,321,187,270,391,656,392,0"
23,range_003501-003700,range_003651-003850,1.0,0.5,1.6098479491666657,0.7193705686422474,"575,651,572,567,117,264,177,216,602,168,293,360,57,403,342,154,92,88,462,519"
24,range_003651-003850,range_003801-004000,1.0,0.5,0.5490791998638167,0.08857571597236011,"174,83,364,376,45,593,411,549,169,603,458,463,607,352,47,299,223,416,79,103"
25,range_003801-004000,range_003951-004150,0.85,0.35,0.4059457232813989,0.16765220561356772,"456,429,372,606,341,106,435,310,552,479,176,484,304,509,407,434,9,644,201,617"
26,range_003951-004150,range_004101-004300,0.55,0.050000000000000044,0.6618873843824528,0.6314074871253652,"235,491,495,618,541,68,383,463,281,586,352,560,378,240,337,400,243,594,100,504"
27,range_004101-004300,range_004251-004450,0.3,-0.2,0.0,0.0,"603,165,430,634,502,602,315,49,43,599,164,468,204,429,83,209,213,571,647,79"
28,range_004251-004450,range_004401-004600,0.5,0.0,0.7861429567689469,0.7851928403496684,"575,186,102,494,614,655,581,70,373,654,52,382,298,321,12,320,359,621,341,506"
29,range_004401-004600,range_004551-004750,0.1,-0.4,0.029962642314354707,0.8849828522122642,"116,440,4,424,246,562,200,557,587,544,57,433,427,647,263,560,609,513,569,570"
30,range_004551-004750,range_004701-004900,0.25,-0.25,0.3105940636454936,0.5376038438043437,"557,117,237,209,571,496,262,399,550,129,79,179,246,287,83,495,549,123,594,297"
31,range_004701-004900,range_004851-005050,0.95,0.44999999999999996,0.47785735379122635,0.061651974456111744,"120,294,473,488,337,507,74,662,452,214,552,68,340,232,441,512,540,572,395,136"
32,range_004851-005050,range_005001-005200,0.15,-0.35,0.3264097669405491,0.4162047025929952,"142,645,105,456,321,162,305,416,397,555,525,224,44,507,434,584,216,235,447,286"
33,range_005001-005200,range_005151-005350,0.2,-0.3,0.517914941328019,0.6570307888933706,"224,391,81,311,77,488,348,363,213,61,434,173,347,169,20,228,340,194,251,515"
34,range_005151-005350,range_005301-005500,0.35,-0.15000000000000002,0.31476967269237,0.4795331621412583,"258,179,209,167,79,571,423,330,378,83,514,261,425,245,188,544,214,200,399,282"
35,range_005301-005500,range_005451-005650,0.25,-0.25,0.0,0.0,"659,610,46,571,423,399,613,462,635,406,212,418,260,292,90,188,92,544,514,609"
36,range_005451-005650,range_005601-005800,0.85,0.35,0.24862955883509788,0.07859012211368203,"393,311,438,151,428,69,347,613,227,50,286,629,653,527,103,276,363,354,495,190"
37,range_005601-005800,range_005751-005950,0.35,-0.15000000000000002,0.49659976148177254,0.5645282470083124,"312,574,182,451,53,475,527,586,101,17,320,628,109,145,478,606,211,285,128,82"
38,range_005751-005950,range_005901-006100,0.05,-0.45,0.05066684715274819,0.30335369471745194,"147,499,526,294,182,620,525,378,95,510,337,609,108,224,495,574,355,360,347,464"
39,range_005901-006100,range_006051-006250,0.4,-0.09999999999999998,0.19912611628917476,0.2776961391220747,"204,550,143,234,169,141,586,627,661,357,430,343,370,61,651,597,418,406,188,104"
40,range_006051-006250,range_006201-006400,0.4,-0.09999999999999998,0.5404842610057204,0.6437068146836853,"360,6,418,299,640,92,473,368,155,623,238,150,410,229,251,611,662,490,527,579"
41,range_006201-006400,range_006351-006550,0.125,-0.375,0.0,0.3309730793401934,"345,651,221,601,245,210,164,284,446,571,365,394,461,79,90,243,547,389,130,209"
42,range_006351-006550,range_006501-006700,0.45,-0.04999999999999999,0.5023661656790072,0.4893864452557406,"445,175,183,642,636,462,215,316,418,177,226,213,425,510,212,595,563,459,99,192"
43,range_006501-006700,range_006651-006850,0.75,0.25,1.006334501723846,0.8485224673904046,"198,91,625,589,391,76,407,302,96,239,472,59,643,489,86,295,142,166,640,545"
44,range_006651-006850,range_006801-007000,0.65,0.15000000000000002,0.9173996221399859,0.8298505785401342,"442,602,129,315,243,640,519,30,495,380,103,18,72,27,99,278,430,213,618,598"
45,range_006801-007000,range_006951-007150,0.275,-0.22499999999999998,0.0,0.0,"352,612,423,474,414,263,453,571,570,174,55,608,24,365,566,87,523,376,250,364"
46,range_006951-007150,range_007101-007300,0.45,-0.04999999999999999,0.10698624902754685,0.12193143745924394,"68,223,647,612,423,440,474,103,418,348,4,262,513,365,316,75,603,593,438,410"
47,range_007101-007300,range_007251-007450,0.85,0.35,0.10680402002592358,0.0,"566,513,413,651,75,498,470,522,214,458,209,183,360,243,246,227,36,278,83,226"
48,range_007251-007450,range_007401-007600,0.8,0.30000000000000004,0.5263257385459293,0.30725754941783057,"653,497,25,395,216,361,81,301,4,537,566,403,356,388,416,529,308,367,516,419"
49,range_007401-007600,range_007551-007750,0.7,0.19999999999999996,0.6105992679033829,0.5638558206175805,"123,653,110,104,557,407,497,567,461,284,594,283,393,347,0,66,356,99,592,143"
50,range_007551-007750,range_007701-007900,0.05,-0.45,0.0,0.28155688164539827,"276,116,76,263,61,91,180,250,343,0,609,23,561,423,266,361,508,632,468,117"
51,range_007701-007900,range_007851-008050,0.55,0.050000000000000044,0.28528837562427,0.24081309484997804,"63,606,644,176,642,151,340,232,1,155,567,171,564,238,180,562,637,442,9,32"
52,range_007851-008050,range_008001-008200,0.05,-0.45,0.02976925561280369,0.7254967254721152,"502,462,260,598,140,416,236,421,561,156,414,365,167,319,117,4,158,393,194,74"
53,range_008001-008200,range_008151-008350,0.25,-0.25,0.3809450567882871,0.4153336636130839,"239,606,6,34,593,337,625,362,195,372,285,275,147,326,546,310,211,527,369,82"
54,range_008151-008350,range_008301-008500,1.0,0.5,1.5658020625170872,0.4933136628161806,"389,117,463,423,345,498,297,254,139,261,123,165,647,522,561,526,453,167,75,176"
55,range_008301-008500,range_008451-008650,0.05,-0.45,0.13455858660595638,0.6550928275241499,"567,262,619,189,74,235,463,164,412,143,657,612,69,458,653,661,655,210,581,499"
56,range_008451-008650,range_008601-008800,0.55,0.050000000000000044,1.1057499847766852,1.0421761057062775,"248,362,12,17,556,187,326,271,314,310,558,654,257,370,579,656,16,70,422,203"
57,range_008601-008800,range_008751-008950,0.9,0.4,1.2253021504538615,0.9749055104290396,"436,102,132,359,418,381,437,656,447,185,203,252,67,558,12,272,480,617,178,358"
58,range_008751-008950,range_008901-009100,0.7,0.19999999999999996,0.7581283949963155,0.5903138023003232,"138,42,113,266,481,346,41,350,410,561,260,610,641,13,261,133,23,328,4,533"
59,range_008901-009100,range_009051-009250,1.0,0.5,1.2814382957284212,0.45117727843535027,"493,488,165,214,337,215,345,84,469,327,48,183,237,598,351,502,137,74,432,519"
60,range_009051-009250,range_009201-009400,0.0,-0.5,0.165508284526232,0.6260837948585465,"369,292,244,648,72,7,197,562,28,564,515,162,514,545,27,155,217,16,372,354"
61,range_009201-009400,range_009351-009550,0.75,0.25,0.7516259933367396,0.5461651706232945,"333,16,44,505,437,454,178,195,40,202,331,501,409,211,444,325,125,107,1,447"
62,range_009351-009550,range_009501-009700,0.0,-0.5,0.1745310566139324,1.020376236264424,"653,117,126,451,569,168,95,459,404,88,466,78,182,134,378,662,522,357,624,519"
63,range_009501-009700,range_009651-009850,0.15,-0.35,0.10959608190514568,0.18169890953283613,"113,658,2,376,112,477,155,618,448,233,374,130,82,38,478,264,565,97,157,641"
64,range_009651-009850,range_009801-010000,0.05,-0.45,0.0,0.8365366657301783,"212,209,647,389,440,278,403,236,411,1,215,502,95,385,459,347,598,296,460,318"
65,range_009801-010000,range_009951-010150,0.1,-0.4,0.09506042841017077,0.5195410739583204,"441,37,264,415,640,97,221,609,24,78,322,468,365,49,168,544,353,262,549,608"
66,range_009951-010150,range_010101-010300,0.65,0.15000000000000002,0.3276189095822612,0.04369765687031306,"385,508,0,384,129,451,209,603,226,223,43,237,245,439,415,426,179,172,345,571"
67,range_010101-010300,range_010251-010450,0.45,-0.04999999999999999,0.9482560247545334,0.9500328075617863,"164,415,46,571,53,253,215,55,549,95,570,90,246,603,504,519,522,312,580,99"
68,range_010251-010450,range_010401-010600,0.275,-0.22499999999999998,0.0,0.0,"200,99,262,394,357,41,164,481,473,323,515,246,581,603,90,168,465,411,25,421"
69,range_010401-010600,range_010551-010750,1.0,0.5,0.6729326335997301,0.07093424639405363,"474,574,338,571,46,598,129,43,522,227,175,284,498,183,613,665,174,411,496,465"
70,range_010551-010750,range_010701-010900,0.6,0.09999999999999998,1.0477774049625486,0.7190831485641094,"571,426,55,382,496,494,229,553,263,191,566,227,414,174,470,215,453,360,570,561"
71,range_010701-010900,range_010851-011050,0.05,-0.45,0.3219061561888496,0.7575087965387526,"224,454,15,630,146,658,106,244,457,156,57,340,663,517,592,640,188,448,52,98"
72,range_010851-011050,range_011001-011200,0.85,0.35,0.9988576110804908,0.5961320215002364,"206,324,278,394,421,549,499,294,193,493,594,154,414,210,292,342,541,243,635,378"
73,range_011001-011200,range_011151-011350,0.5,0.0,0.31477966156790727,0.3513178004412858,"141,293,427,394,0,213,393,107,438,633,642,406,177,278,198,26,305,171,503,214"
74,range_011151-011350,range_011301-011500,0.5,0.0,0.42422987651671573,0.4389644216188682,"357,222,598,191,411,95,217,474,502,343,608,340,347,651,167,47,221,638,345,566"
75,range_011301-011500,range_011451-011650,0.95,0.44999999999999996,0.5665473255019069,0.23443251196214973,"384,108,204,215,607,473,561,344,182,123,657,636,315,264,354,228,282,424,292,193"
76,range_011451-011650,range_011601-011800,0.4,-0.09999999999999998,0.21840703413775203,0.4410721124943566,"474,495,500,566,51,28,127,599,197,440,552,469,349,559,456,356,459,580,168,457"
77,range_011601-011800,range_011751-011950,0.45,-0.04999999999999999,0.37311896763686947,0.4067391369050126,"175,87,608,470,24,602,463,502,264,627,385,357,513,430,43,453,549,456,294,414"
78,range_011751-011950,range_011901-012100,0.85,0.35,0.2453363235554252,0.0,"465,512,458,174,473,380,426,134,352,343,613,345,513,441,608,571,154,100,541,209"
79,range_011901-012100,range_012051-012250,0.95,0.44999999999999996,1.0437783009776034,0.5423284818243365,"242,424,112,63,44,343,235,627,138,661,613,321,128,197,538,10,630,584,518,122"
80,range_012051-012250,range_012201-012400,0.95,0.44999999999999996,1.3427056270580562,1.0894728458478853,"295,162,101,106,5,145,313,219,627,297,591,372,661,260,650,595,645,153,6,511"
81,range_012201-012400,range_012351-012550,0.2,-0.3,0.3992310924691909,0.5346510716402928,"572,261,137,308,567,595,530,342,619,402,280,214,406,343,430,416,251,415,386,553"
82,range_012351-012550,range_012501-012700,0.75,0.25,1.133669525912221,0.8181059612300658,"398,513,287,496,27,159,634,165,163,241,246,256,596,570,49,210,534,117,599,127"
83,range_012501-012700,range_012651-012850,0.25,-0.25,0.14189878613662069,0.32274969594501973,"45,421,645,590,403,361,48,148,478,160,344,214,292,602,372,140,177,211,256,634"
84,range_012651-012850,range_012801-013000,0.85,0.35,0.7055563806547696,0.5313162743923985,"317,222,30,72,380,144,657,517,587,97,607,465,282,301,261,98,349,659,441,160"
85,range_012801-013000,range_012951-013150,0.4,-0.09999999999999998,0.3116683503573078,0.4381446975302674,"170,239,347,537,640,215,469,421,51,661,550,113,412,40,395,292,300,97,605,597"
86,range_012951-013150,range_013101-013300,0.7,0.19999999999999996,0.42461856311175966,0.2081493680357223,"193,510,103,116,357,440,580,496,425,56,189,603,3,463,352,502,538,177,513,469"
87,range_013101-013300,range_013251-013450,0.55,0.050000000000000044,0.6214765255509255,0.5609884766654307,"489,135,627,307,536,497,275,394,207,126,424,332,557,123,406,586,42,620,190,70"
88,range_013251-013450,range_013401-013600,0.2,-0.3,0.02059593377569816,0.6311069557837359,"24,498,512,226,389,635,262,419,155,357,453,470,0,534,212,399,459,599,245,209"
89,range_013401-013600,range_013551-013750,0.225,-0.275,0.0,0.038950718493591774,"159,75,635,221,469,569,473,570,225,56,74,59,296,419,123,647,55,236,116,450"
90,range_013551-013750,range_013701-013900,0.4,-0.09999999999999998,0.1937750295039324,0.24260554997402922,"302,7,80,469,39,129,590,144,363,131,197,451,352,134,53,346,237,299,266,141"
91,range_013701-013900,range_013851-014050,0.025,-0.475,0.0,0.3764575834103336,"316,440,31,262,236,557,647,459,519,450,571,246,425,446,296,209,465,550,178,400"
92,range_013851-014050,range_014001-014200,0.1,-0.4,0.09070774990463261,0.38141767904202883,"313,271,17,106,181,259,362,146,191,329,434,7,82,333,2,239,107,231,664,288"
93,range_014001-014200,range_014151-014350,0.5,0.0,0.36132369151798105,0.38887474813681644,"627,314,215,258,534,481,147,595,216,470,631,74,466,225,128,66,135,293,48,275"
94,range_014151-014350,range_014301-014500,1.0,0.5,1.4184375648992718,0.8792740330562172,"651,601,282,63,604,364,61,244,526,194,176,147,250,361,5,113,659,179,368,613"
95,range_014301-014500,range_014451-014650,0.95,0.44999999999999996,0.7357448519686871,0.2886878811156338,"346,250,213,71,130,410,143,316,247,537,119,294,63,136,648,273,610,494,147,253"
96,range_014451-014650,range_014601-014800,0.35,-0.15000000000000002,0.5780431469340396,0.6681459475041926,"393,204,70,344,497,430,654,525,261,583,228,39,407,516,597,628,400,512,213,658"
97,range_014601-014800,range_014751-014950,0.2,-0.3,0.401529262183413,0.5141239621050011,"307,418,304,131,108,446,241,595,67,30,201,620,295,592,354,26,402,607,80,374"
98,range_014751-014950,range_014901-015100,0.75,0.25,1.012250344447552,0.6338721836560925,"550,264,0,516,415,226,256,71,515,481,469,474,548,470,129,477,3,61,46,332"
99,range_014901-015100,range_015051-015250,0.35,-0.15000000000000002,0.13127543665920868,0.2032008420928758,"284,210,365,549,523,596,497,468,635,148,89,338,602,515,546,467,432,464,183,301"
100,range_015051-015250,range_015201-015400,0.65,0.15000000000000002,0.601744278028673,0.437054741038597,"254,10,457,391,224,146,478,1,656,372,472,404,659,326,5,205,351,562,572,445"
101,range_015201-015400,range_015351-015550,0.6,0.09999999999999998,0.7443952487719409,0.6652890717614874,"660,310,565,370,593,655,371,518,305,555,35,179,285,605,581,171,645,169,335,447"
102,range_015351-015550,range_015501-015700,0.4,-0.09999999999999998,0.4976043187891059,0.5688457235983612,"284,154,4,61,182,466,474,134,345,567,122,561,399,229,68,255,549,641,43,75"
103,range_015501-015700,range_015651-015850,0.55,0.050000000000000044,0.33634535927193115,0.33237174125219376,"444,424,649,278,655,214,161,61,637,181,633,292,555,123,499,620,85,538,600,211"
104,range_015651-015850,range_015801-016000,0.25,-0.25,0.18539633418838716,0.27330029359748664,"442,298,417,3,515,122,449,135,416,88,479,50,384,473,537,495,665,366,372,642"
105,range_015801-016000,range_015951-016150,0.15,-0.35,0.4740184143134587,0.6646396363206183,"254,159,343,340,662,222,320,623,499,347,146,10,664,484,500,477,160,625,119,317"
106,range_015951-016150,range_016101-016300,0.05,-0.45,0.6466823843236129,0.8067638736539373,"66,529,319,207,5,208,661,617,127,317,143,620,295,418,503,606,490,391,194,602"
107,range_016101-016300,range_016251-016450,0.6,0.09999999999999998,0.8433211855020181,0.7611703063923516,"361,400,601,548,649,54,170,123,167,372,527,389,425,199,153,264,211,192,212,600"
108,range_016251-016450,range_016401-016600,0.7,0.19999999999999996,0.8350371706914506,0.6908147327020221,"371,373,511,524,622,422,377,420,80,145,405,374,489,277,133,454,382,555,531,15"
109,range_016401-016600,range_016551-016750,0.85,0.35,1.5036615018938873,1.118975654385228,"89,243,31,415,304,135,521,88,159,294,27,73,368,231,634,402,80,442,457,46"
110,range_016551-016750,range_016701-016900,0.45,-0.04999999999999999,0.3982273717729776,0.5182951915655576,"589,295,625,62,438,203,211,404,429,543,161,530,251,269,629,132,279,650,492,517"
111,range_016701-016900,range_016851-017050,0.3,-0.2,0.38278576499458655,0.5420726157065561,"299,239,338,500,400,372,391,344,657,629,641,213,138,167,607,191,662,46,195,655"
112,range_016851-017050,range_017001-017200,0.85,0.35,0.932186522715568,0.4130730495302029,"427,308,379,302,284,8,459,458,631,92,324,47,311,4,140,417,327,534,526,596"
113,range_017001-017200,range_017151-017350,0.95,0.44999999999999996,1.207314010634433,0.6846697069708787,"565,0,535,587,658,408,310,588,133,288,511,298,575,650,146,269,17,260,367,187"
114,range_017151-017350,range_017301-017500,0.7,0.19999999999999996,1.4490861420044063,1.3871506155361981,"195,94,604,185,471,358,21,438,457,257,479,39,151,232,639,524,16,579,313,285"
115,range_017301-017500,range_017451-017650,0.35,-0.15000000000000002,0.9851278327784108,0.9715127708484805,"574,651,70,233,596,2,593,309,229,392,516,23,141,41,508,177,610,368,410,519"
116,range_017451-017650,range_017601-017800,0.125,-0.375,0.0,0.24733966016085868,"209,515,210,566,496,440,653,79,237,75,502,512,399,345,262,571,31,414,223,44"
117,range_017601-017800,range_017751-017950,0.6,0.09999999999999998,1.1291691480303148,0.9112457895134458,"535,290,577,583,15,454,184,444,228,487,94,13,622,198,449,532,208,585,437,70"
118,range_017751-017950,range_017901-018100,0.15,-0.35,1.1470848599011492,1.2949070463895826,"457,410,139,520,611,269,255,10,509,564,268,540,244,270,529,479,395,41,534,442"
119,range_017901-018100,range_018051-018250,0.35,-0.15000000000000002,0.7940642372272071,0.8645119079150503,"333,362,630,81,656,325,96,492,170,291,102,558,367,329,179,620,203,588,16,521"
120,range_018051-018250,range_018201-018400,0.55,0.050000000000000044,0.290569095727891,0.26046350659807516,"302,144,632,514,237,201,647,406,619,205,351,440,164,303,462,167,508,261,601,262"
121,range_018201-018400,range_018351-018550,0.4,-0.09999999999999998,0.44661913750407634,0.5393304012962148,"18,567,340,364,658,292,398,65,233,347,20,623,629,494,552,278,26,337,235,69"
122,range_018351-018550,range_018501-018700,0.7,0.19999999999999996,0.3173058625914207,0.216534450840716,"508,262,389,413,182,147,567,51,615,497,363,208,246,43,316,75,140,78,171,317"
123,range_018501-018700,range_018651-018850,0.2,-0.3,0.0,0.20578272231754707,"538,516,497,134,413,110,442,210,302,563,432,665,365,180,629,394,139,592,167,220"
124,range_018651-018850,range_018801-019000,0.8,0.30000000000000004,0.43096506065094037,0.2515626077169754,"112,206,554,589,404,654,158,181,42,312,136,430,586,370,270,356,375,156,410,157"
125,range_018801-019000,range_018951-019150,0.65,0.15000000000000002,0.7599009001426636,0.595846918168502,"445,50,561,366,637,330,421,64,92,177,36,3,111,187,617,273,110,136,483,65"
126,range_018951-019150,range_019101-019300,0.65,0.15000000000000002,0.5449044449970707,0.46786590371839043,"638,634,110,89,380,601,372,4,179,99,46,384,255,108,631,249,74,60,238,41"
127,range_019101-019300,range_019251-019450,0.85,0.35,0.7530697304043108,0.46546305766130314,"548,155,290,142,174,355,428,448,38,32,662,7,9,343,455,289,545,238,254,143"
128,range_019251-019450,range_019401-019600,0.5,0.0,0.031311405650618664,0.07077814294056191,"22,481,493,624,411,412,618,337,140,154,209,223,473,227,458,308,619,117,247,503"
129,range_019401-019600,range_019551-019750,0.55,0.050000000000000044,0.676299959626995,0.6172822507533274,"392,326,264,356,524,536,40,304,460,372,88,195,77,252,239,664,442,611,313,48"
130,range_019551-019750,range_019701-019900,0.2,-0.3,0.3857434430333241,0.5965923158162689,"100,108,589,349,366,640,28,400,658,104,313,119,650,537,563,97,438,70,392,233"
131,range_019701-019900,range_019851-020050,0.3,-0.2,0.2670772282156075,0.41220508897789493,"411,302,110,488,262,55,51,165,496,90,75,301,571,514,550,31,498,79,648,463"
132,range_019851-020050,range_020001-020200,0.45,-0.04999999999999999,0.5955154892671238,0.6147797009966426,"29,317,328,408,96,500,80,10,660,524,146,437,112,565,248,217,321,492,7,343"
133,range_020001-020200,range_020151-020350,0.9,0.4,1.1309855968304086,0.8064475448430063,"316,493,50,261,223,352,51,554,658,252,5,56,174,87,46,173,167,283,395,158"
134,range_020151-020350,range_020301-020500,0.6,0.09999999999999998,0.3378219041410198,0.31830902693437346,"212,322,382,99,74,252,324,424,427,243,167,635,459,224,49,627,489,458,192,296"
135,range_020301-020500,range_020451-020650,0.8,0.30000000000000004,0.517798879997756,0.3504801918087156,"629,307,251,313,426,39,492,555,407,268,401,157,204,537,280,32,451,386,40,181"
136,range_020451-020650,range_020601-020800,0.15,-0.35,0.0,0.2279784788762864,"389,212,209,75,611,292,72,423,243,519,63,353,181,56,293,403,246,537,425,502"
137,range_020601-020800,range_020751-020950,0.9,0.4,0.6679689619684253,0.5414944550203596,"615,394,541,491,154,508,176,323,433,337,282,451,429,85,299,424,581,514,472,540"
138,range_020751-020950,range_020901-021100,0.05,-0.45,0.0,0.5170122349195345,"544,496,153,513,470,607,183,440,180,557,441,71,571,463,31,262,227,360,450,400"
139,range_020901-021100,range_021051-021250,0.75,0.25,0.6713701798975584,0.5775046681561906,"49,197,528,446,416,504,401,342,376,572,3,299,62,20,529,352,44,511,648,619"
140,range_021051-021250,range_021201-021400,0.275,-0.22499999999999998,0.0,0.0,"411,368,71,481,593,182,73,630,581,464,45,619,499,110,647,322,209,503,126,159"
141,range_021201-021400,range_021351-021550,0.3,-0.2,0.5717683700149819,0.5836281766469407,"585,479,645,381,447,23,199,202,121,64,67,511,518,267,12,172,456,382,531,13"
142,range_021351-021550,range_021501-021700,0.25,-0.25,0.770657012037236,0.883979501375352,"89,508,31,523,549,263,391,424,353,168,292,541,418,196,266,587,296,48,179,516"
143,range_021501-021700,range_021651-021850,0.75,0.25,0.3547129953974428,0.1523050787762228,"33,155,102,123,292,157,158,592,207,492,555,332,596,497,69,572,427,96,480,515"
144,range_021651-021850,range_021801-022000,0.075,-0.425,0.0,0.44861060947383574,"463,391,470,472,24,513,286,643,651,212,90,87,183,423,65,246,653,55,284,566"
145,range_021801-022000,range_021951-022150,0.05,-0.45,0.144525879784262,0.45911269446854863,"1,329,586,354,67,581,655,445,172,310,275,18,622,44,305,162,135,288,326,279"
146,range_021951-022150,range_022101-022300,0.7,0.19999999999999996,0.47797204156558587,0.46403094089455177,"454,582,573,592,587,435,270,38,338,553,554,169,182,191,318,101,344,304,656,404"
147,range_022101-022300,range_022251-022450,0.45,-0.04999999999999999,0.6110090293718389,0.623974184694337,"559,58,35,280,167,188,294,137,483,600,554,604,282,302,244,201,351,130,506,489"
148,range_022251-022450,range_022401-022600,0.9,0.4,0.9731933396187142,0.7184437038701392,"511,476,34,551,355,530,163,38,279,247,366,199,7,646,5,295,161,14,37,611"
149,range_022401-022600,range_022551-022750,0.2,-0.3,0.5140186008956763,1.030935731501388,"283,131,212,296,433,389,251,80,432,183,109,499,449,45,203,464,61,540,538,116"
150,range_022551-022750,range_022701-022900,0.5,0.0,0.8260739991891995,0.8338662541831172,"484,21,248,489,480,57,231,535,654,511,374,121,582,455,20,33,527,326,277,568"
151,range_022701-022900,range_022851-023050,0.05,-0.45,0.7553758539849491,1.2982055425449834,"278,442,526,171,545,647,516,173,183,364,599,141,468,87,31,123,189,596,456,116"
152,range_022851-023050,range_023001-023200,0.25,-0.25,0.21746491545868837,0.4268551441362509,"474,432,579,569,433,8,526,383,283,261,256,594,495,365,345,129,560,423,463,43"
153,range_023001-023200,range_023151-023350,0.95,0.44999999999999996,1.1363581982998403,0.5888949330834978,"433,596,164,365,167,498,92,110,212,541,426,635,609,323,255,519,658,8,649,395"
154,range_023151-023350,range_023301-023500,0.8,0.30000000000000004,1.6184439595465048,1.2381445986920134,"456,181,652,589,195,239,387,62,435,194,439,318,520,517,611,208,228,139,201,81"
155,range_023301-023500,range_023451-023650,0.4,-0.09999999999999998,1.0815890847277596,1.171179202230935,"257,114,482,290,532,582,331,15,52,382,577,268,202,535,449,621,660,551,588,358"
156,range_023451-023650,range_023601-023800,0.25,-0.25,1.120447225520901,1.1822036278805683,"448,172,501,21,29,289,646,656,494,171,30,579,207,543,415,426,53,645,119,310"
157,range_023601-023800,range_023751-023950,0.9,0.4,0.9951094177475368,0.6243212356505738,"611,366,461,448,202,72,303,29,548,84,226,630,479,529,9,389,325,146,17,558"
158,range_023751-023950,range_023901-024100,0.7,0.19999999999999996,0.743899188720275,0.6298854134058167,"388,22,412,103,17,383,129,537,31,608,181,530,137,465,367,653,365,301,649,632"
159,range_023901-024100,range_024051-024250,0.35,-0.15000000000000002,0.33205695108643696,0.47758907514596505,"106,461,542,429,430,531,584,196,456,233,606,371,146,50,610,81,532,538,557,623"
160,range_024051-024250,range_024201-024400,0.65,0.15000000000000002,0.671064053648772,0.4711498522710949,"648,110,424,650,179,402,457,430,69,665,481,269,66,289,343,247,319,33,20,398"
161,range_024201-024400,range_024351-024550,0.95,0.44999999999999996,0.8074930525046963,0.5817647865653663,"369,663,494,286,76,267,390,179,553,186,630,172,182,575,341,187,548,614,448,306"
162,range_024351-024550,range_024501-024700,0.075,-0.425,0.0,0.667849812869529,"56,463,512,209,635,629,458,399,383,241,116,237,502,414,308,251,60,43,303,389"
163,range_024501-024700,range_024651-024850,0.6,0.09999999999999998,0.7734722834423267,0.6714058090535424,"383,287,522,269,570,43,638,270,366,303,83,580,629,119,406,572,246,60,222,647"
164,range_024651-024850,range_024801-025000,0.2,-0.3,0.0,0.07072989556670761,"663,571,213,83,502,365,209,49,537,462,516,468,458,55,602,632,596,117,263,204"
165,range_024801-025000,range_024951-025150,0.8,0.30000000000000004,0.4416430676008305,0.2753984002075318,"661,615,409,521,505,658,96,230,32,122,120,350,344,216,589,581,139,288,503,76"
166,range_024951-025150,range_025101-025300,0.65,0.15000000000000002,0.960215506073396,0.854187732544851,"655,301,628,603,90,316,327,231,664,346,220,214,563,224,210,581,635,102,508,360"
167,range_025101-025300,range_025251-025450,0.6,0.09999999999999998,0.08432609384616942,0.0,"72,212,210,31,470,74,283,432,201,574,315,351,117,514,478,442,55,302,522,260"
168,range_025251-025450,range_025401-025600,0.25,-0.25,0.05930103061562005,0.30548722021333935,"346,269,390,456,35,230,567,429,503,106,627,645,477,235,553,525,371,101,662,105"
169,range_025401-025600,range_025551-025750,0.2,-0.3,0.5645564320297504,0.6510008890253527,"556,14,434,17,321,11,397,505,289,564,407,251,328,142,650,101,475,372,644,314"
170,range_025551-025750,range_025701-025900,0.8,0.30000000000000004,0.995089083207386,0.8111355667607979,"405,150,366,265,2,334,38,553,138,511,277,339,479,149,229,67,298,208,629,58"
171,range_025701-025900,range_025851-026050,0.6,0.09999999999999998,0.6424892059846805,0.5424544452806879,"319,362,354,50,48,30,509,435,520,306,251,386,554,507,279,238,112,10,410,431"
172,range_025851-026050,range_026001-026200,0.7,0.19999999999999996,0.9153104970869202,0.8370728735020266,"376,514,5,150,347,356,511,250,478,594,110,553,140,61,516,619,220,380,293,211"
173,range_026001-026200,range_026151-026350,0.55,0.050000000000000044,0.3321787875624744,0.3427892536807674,"386,445,72,391,285,216,258,163,305,63,298,128,479,294,509,307,622,321,54,57"
174,range_026151-026350,range_026301-026500,0.55,0.050000000000000044,0.33412678968931714,0.311708956214957,"621,546,586,89,226,469,196,389,424,462,425,357,25,440,230,438,72,526,316,611"
175,range_026301-026500,range_026451-026650,0.25,-0.25,0.32247253439433443,0.42442760570611804,"494,210,293,600,229,407,357,460,549,278,102,356,164,307,550,74,189,635,636,123"
176,range_026451-026650,range_026601-026800,0.6,0.09999999999999998,0.2966429299489325,0.16576269541232416,"450,160,263,84,139,50,407,108,453,116,56,354,243,610,201,297,442,351,468,387"
177,range_026601-026800,range_026751-026950,0.95,0.44999999999999996,0.6344406616998245,0.360622486924898,"439,600,354,322,612,567,53,130,37,225,503,552,548,59,35,98,376,398,38,211"
178,range_026751-026950,range_026901-027100,0.25,-0.25,0.7124927313219479,0.7847082835353401,"621,535,331,298,565,664,145,436,328,660,207,240,81,30,271,132,22,362,554,232"
179,range_026901-027100,range_027051-027250,0.35,-0.15000000000000002,0.3955579175325921,0.5883065306787616,"415,117,34,647,90,75,496,50,599,254,404,231,263,323,411,594,126,439,514,245"
180,range_027051-027250,range_027201-027400,0.95,0.44999999999999996,0.8742140693309662,0.4702074782843666,"158,235,102,505,162,397,390,578,136,630,605,266,6,313,446,88,121,40,333,222"
181,range_027201-027400,range_027351-027550,0.3,-0.2,0.564012361676416,0.7505552545398939,"332,32,194,88,632,600,434,483,385,330,461,86,29,240,324,398,196,303,352,68"
182,range_027351-027550,range_027501-027700,0.5,0.0,0.33725244459088627,0.4416636231044711,"498,352,299,209,571,608,197,453,428,443,365,46,103,24,110,168,246,541,31,227"
183,range_027501-027700,range_027651-027850,0.8,0.30000000000000004,1.1796189818358114,0.9234118164318859,"579,52,329,539,132,585,291,582,80,248,232,358,408,436,93,402,476,267,146,240"
184,range_027651-027850,range_027801-028000,0.0,-0.5,0.5901252784178498,1.1331120377817048,"110,446,225,423,519,90,388,593,209,79,275,464,443,348,215,624,351,411,229,236"
185,range_027801-028000,range_027951-028150,0.05,-0.45,0.4824011617299285,0.9690588909222906,"625,653,464,276,211,128,144,99,624,78,307,646,95,398,548,136,619,348,492,369"
186,range_027951-028150,range_028101-028300,0.45,-0.04999999999999999,0.8351265078466051,0.8737586099733505,"543,6,65,270,658,162,650,409,69,661,391,143,434,231,630,21,230,255,82,627"
187,range_028101-028300,range_028251-028450,0.9,0.4,1.1753962118145262,1.045871893861158,"625,382,277,314,231,654,29,102,331,645,359,259,350,531,581,12,582,93,479,325"
188,range_028251-028450,range_028401-028600,0.65,0.15000000000000002,0.7815118559568055,0.6297493017340484,"565,303,563,463,462,75,284,282,597,31,123,92,78,432,385,176,663,254,453,164"
189,range_028401-028600,range_028551-028750,1.0,0.5,0.3817449143246468,0.0,"465,560,136,233,24,247,598,330,459,403,134,406,450,174,610,348,550,236,210,89"
190,range_028551-028750,range_028701-028900,0.15,-0.35,0.22653195644979676,0.3974117763589339,"34,627,387,297,559,120,661,402,355,426,159,641,521,540,386,545,222,587,516,5"
191,range_028701-028900,range_028851-029050,0.9,0.4,0.9625981680771588,0.44570451714466286,"371,649,221,512,534,168,226,366,593,88,594,69,241,385,55,384,251,561,523,601"
192,range_028851-029050,range_029001-029200,0.25,-0.25,0.06543010081291155,0.2972681350453588,"500,553,75,399,7,580,55,467,347,450,51,463,599,245,167,24,474,168,523,345"
193,range_029001-029200,range_029151-029350,0.45,-0.04999999999999999,0.16088746932903975,0.1995249872218263,"376,6,419,103,138,613,643,398,560,256,641,451,504,26,623,269,473,431,211,351"
194,range_029151-029350,range_029301-029500,0.5,0.0,0.4416016356742307,0.4628903848151283,"35,473,325,492,105,657,112,252,377,235,631,17,655,431,257,317,626,590,346,253"
195,range_029301-029500,range_029451-029650,0.9,0.4,0.4445148435715023,0.11668712388987652,"172,261,557,400,427,423,549,462,99,401,638,357,225,287,608,389,469,385,124,136"
196,range_029451-029650,range_029601-029800,0.4,-0.09999999999999998,0.2565327775182918,0.2878038552456434,"283,48,413,664,410,287,384,364,519,81,443,177,403,450,353,289,423,619,173,138"
197,range_029601-029800,range_029751-029950,1.0,0.5,0.6956759176717416,0.05610377473157491,"627,55,43,566,416,474,662,533,523,47,263,414,140,157,571,608,599,75,606,368"
198,range_029751-029950,range_029901-030100,0.4,-0.09999999999999998,0.7801557855743321,0.8226976318409154,"265,622,482,616,528,476,408,582,331,511,568,577,151,484,33,267,506,535,114,524"
199,range_029901-030100,range_030051-030250,0.4,-0.09999999999999998,0.9182532719963042,1.1072422361065979,"283,423,246,79,612,179,477,282,472,514,571,597,357,351,257,544,513,256,399,209"
200,range_030051-030250,range_030201-030400,0.175,-0.325,0.0,0.14399516302177107,"510,8,9,561,61,296,137,120,47,139,262,474,463,116,284,580,312,24,189,383"
201,range_030201-030400,range_030351-030550,0.5,0.0,0.4159148199824035,0.41460799141236593,"162,109,499,438,317,26,645,166,146,1,518,39,348,285,272,11,614,143,329,307"
202,range_030351-030550,range_030501-030700,0.75,0.25,1.0372715757759634,0.9741991359364002,"431,82,370,409,186,447,115,564,257,150,267,32,329,34,21,238,265,11,20,582"
203,range_030501-030700,range_030651-030850,0.25,-0.25,0.533003539678181,0.6941566285724456,"97,490,597,378,383,359,140,24,222,315,117,50,552,453,415,543,276,517,481,126"
204,range_030651-030850,range_030801-031000,0.6,0.09999999999999998,0.3851438584214716,0.32884438380451153,"25,592,174,375,66,509,181,249,389,231,587,611,244,19,387,380,582,5,512,230"
205,range_030801-031000,range_030951-031150,0.225,-0.275,0.0,0.09397713142588529,"237,491,244,406,254,570,472,433,513,54,440,176,354,372,453,87,282,557,246,31"
206,range_030951-031150,range_031101-031300,0.55,0.050000000000000044,0.6492432463089259,0.6648508872550775,"444,588,437,373,362,118,267,484,248,568,454,268,564,23,621,290,52,14,582,329"
207,range_031101-031300,range_031251-031450,0.15,-0.35,0.18221062730171447,0.46292754403198566,"571,437,343,71,474,530,247,235,3,365,43,103,546,458,147,368,549,631,619,599"
208,range_031251-031450,range_031401-031600,1.0,0.5,1.5989348677984576,0.8175112707403643,"522,357,624,371,42,581,43,316,554,229,100,177,71,499,161,560,292,73,541,641"
209,range_031401-031600,range_031551-031750,0.2,-0.3,0.17463322119081137,0.4554948374191178,"514,537,181,87,84,116,261,432,450,177,274,176,354,412,313,312,95,410,278,73"
210,range_031551-031750,range_031701-031900,0.7,0.19999999999999996,0.6200108287946431,0.5102019308788808,"230,534,473,286,149,157,549,229,413,368,146,634,640,222,442,657,76,503,180,612"
211,range_031701-031900,range_031851-032050,0.7,0.19999999999999996,0.6319987320584811,0.3167294151609458,"561,253,262,264,126,580,392,75,610,43,283,508,49,33,557,167,296,108,442,399"
212,range_031851-032050,range_032001-032200,0.9,0.4,0.6719822361551083,0.3698745412465899,"517,323,74,47,332,344,4,161,319,296,183,256,465,596,68,649,493,167,190,450"
213,range_032001-032200,range_032151-032350,0.35,-0.15000000000000002,0.44544621016361696,0.5122947015452324,"443,348,62,490,18,179,9,140,181,549,41,144,504,450,267,308,435,53,574,406"
214,range_032151-032350,range_032301-032500,0.4,-0.09999999999999998,0.08121876044444286,0.11375867788395827,"653,526,39,608,458,561,550,237,25,488,41,332,264,280,503,45,89,462,378,287"
215,range_032301-032500,range_032451-032650,0.2,-0.3,0.35911716186356046,0.4702678713049989,"52,351,530,335,579,53,242,375,312,659,489,260,2,475,273,377,500,589,291,30"
216,range_032451-032650,range_032601-032800,0.2,-0.3,0.35998997860232707,0.6061698707177708,"559,428,365,502,269,519,49,361,119,362,31,3,561,545,115,598,24,297,39,466"
217,range_032601-032800,range_032751-032950,0.7,0.19999999999999996,0.420262650417936,0.2997188926606158,"592,2,374,193,494,320,663,565,187,255,636,606,117,649,76,266,541,119,278,641"
218,range_032751-032950,range_032901-033100,0.85,0.35,0.41049523248701447,0.08722589567063628,"294,580,243,264,569,237,284,24,574,84,66,450,50,594,396,426,468,612,547,404"
219,range_032901-033100,range_033051-033250,0.6,0.09999999999999998,0.7721591527796118,0.6000554849096392,"481,75,508,71,649,593,147,464,496,47,260,630,235,243,378,194,510,246,192,364"
220,range_033051-033250,range_033201-033400,0.8,0.30000000000000004,0.3739741269513745,0.0,"69,100,237,449,255,169,46,281,513,496,541,165,113,626,352,641,299,4,364,246"
221,range_033201-033400,range_033351-033550,0.45,-0.04999999999999999,0.6412956759627388,0.6797707880642048,"231,479,435,76,597,73,306,428,176,281,361,586,646,420,155,500,253,195,161,180"
222,range_033351-033550,range_033501-033700,0.6,0.09999999999999998,0.8239236696773897,0.6911558187033848,"465,47,464,390,414,361,470,316,349,321,523,117,462,134,24,332,519,549,456,497"
223,range_033501-033700,range_033651-033850,0.95,0.44999999999999996,1.1588066140483462,0.626917833935988,"249,370,397,335,58,455,422,242,273,626,132,407,318,152,586,156,578,501,271,605"
224,range_033651-033850,range_033801-034000,0.5,0.0,1.255704919171703,1.2381395903266936,"104,157,301,451,529,126,36,512,48,366,488,195,586,419,318,88,535,139,278,203"
225,range_033801-034000,range_033951-034150,0.55,0.050000000000000044,0.2832582123042502,0.2467362660023234,"28,188,324,71,81,363,91,53,344,464,160,612,141,488,545,400,316,469,261,108"
226,range_033951-034150,range_034101-034300,0.5,0.0,0.3768968989522123,0.34924442584252663,"97,417,50,201,176,646,28,491,359,448,25,596,473,388,70,100,319,72,297,490"
227,range_034101-034300,range_034251-034450,0.65,0.15000000000000002,0.5011107635527271,0.4359945983855523,"462,550,74,629,611,626,421,394,359,424,196,557,347,519,488,169,287,85,636,275"
228,range_034251-034450,range_034401-034600,0.25,-0.25,0.43120172089663544,0.9182471584639043,"37,129,612,571,376,570,388,426,453,263,284,141,140,55,523,174,143,499,657,441"
229,range_034401-034600,range_034551-034750,0.4,-0.09999999999999998,0.08716535474634717,0.11809043070128819,"481,103,159,25,171,549,364,612,47,246,299,499,458,209,43,608,70,165,459,498"
230,range_034551-034750,range_034701-034900,0.9,0.4,0.6485078909456883,0.2559668568234269,"220,544,569,389,92,423,601,192,594,322,327,111,360,44,89,624,642,175,613,298"
231,range_034701-034900,range_034851-035050,0.45,-0.04999999999999999,0.9223415545040956,0.9419433703176459,"369,14,118,382,506,621,52,156,616,568,373,455,334,133,185,306,660,639,290,445"
232,range_034851-035050,range_035001-035200,0.15,-0.35,0.9652331359719646,1.225045896529112,"193,303,271,68,526,200,394,403,145,634,30,103,300,141,491,380,433,88,392,665"
233,range_035001-035200,range_035151-035350,0.05,-0.45,0.28130168373098113,0.411569178003764,"477,253,494,657,387,171,320,33,507,337,352,138,206,54,390,122,170,521,500,44"
234,range_035151-035350,range_035301-035500,0.3,-0.2,0.029593330213179052,0.146222263842753,"256,627,299,262,384,100,522,662,177,473,197,464,83,567,424,126,533,127,651,342"
235,range_035301-035500,range_035451-035650,0.55,0.050000000000000044,0.20579273421126376,0.16854761605383878,"92,1,458,159,503,403,174,462,168,255,628,338,164,426,124,299,416,309,287,45"
236,range_035451-035650,range_035601-035800,0.225,-0.275,0.0,0.04952010820640071,"215,450,498,469,222,99,647,571,262,522,440,384,127,510,209,400,323,276,226,110"
237,range_035601-035800,range_035751-035950,0.4,-0.09999999999999998,0.6847922377423981,0.6609123879971761,"402,532,456,187,33,637,151,146,444,511,558,322,348,171,6,518,17,22,80,382"
238,range_035751-035950,range_035901-036100,0.05,-0.45,0.14874437143288566,0.9390998937771872,"496,427,345,43,117,79,263,223,543,651,209,394,600,488,221,549,571,601,278,155"
239,range_035901-036100,range_036051-036250,1.0,0.5,0.9909349376420592,0.5882762422422361,"122,482,525,268,265,320,191,118,447,199,317,506,7,605,444,20,436,305,518,257"
240,range_036051-036250,range_036201-036400,0.8,0.30000000000000004,1.281543111098995,1.0175636950708729,"111,455,297,260,81,152,300,402,299,158,377,629,473,567,16,125,640,42,10,195"
241,range_036201-036400,range_036351-036550,0.1,-0.4,0.0,0.2640749157714586,"626,651,95,56,446,278,649,345,210,221,209,273,414,399,458,50,502,404,68,55"
242,range_036351-036550,range_036501-036700,0.5,0.0,0.4600891556360637,0.4631496652193893,"651,445,649,513,278,91,557,550,412,273,266,42,601,210,440,403,457,50,79,442"
243,range_036501-036700,range_036651-036850,0.75,0.25,0.40834498818343773,0.2921420885412979,"351,575,279,54,98,448,555,187,490,207,150,548,171,38,503,379,113,646,349,456"
244,range_036651-036850,range_036801-037000,0.85,0.35,1.1241622451269497,0.6524585774494222,"647,423,31,610,303,56,188,108,117,180,90,561,562,302,165,540,107,566,47,496"
245,range_036801-037000,range_036951-037150,0.45,-0.04999999999999999,0.25781181727679353,0.3117770874861095,"632,78,274,570,126,189,193,141,214,226,649,273,262,75,513,200,212,450,594,514"
246,range_036951-037150,range_037101-037300,0.2,-0.3,0.2742969095917967,0.531827148799161,"659,552,460,538,182,380,592,477,602,144,258,503,138,97,430,229,488,381,17,59"
247,range_037101-037300,range_037251-037450,0.0,-0.5,0.0,0.396882658753663,"550,466,380,547,308,158,282,237,163,104,111,220,292,513,264,357,108,164,90,183"
248,range_037251-037450,range_037401-037600,0.8,0.30000000000000004,0.3858378742467397,0.28629898616033733,"344,272,140,39,138,299,581,301,265,130,597,201,100,266,10,531,445,434,62,38"
249,range_037401-037600,range_037551-037750,0.65,0.15000000000000002,1.3418673612239884,1.192525979784198,"77,376,238,424,343,458,359,82,85,89,193,393,417,299,400,414,450,68,413,148"
250,range_037551-037750,range_037701-037900,0.85,0.35,0.5728537067938205,0.33477206301869594,"429,232,466,494,146,529,148,131,492,448,175,267,48,637,152,419,403,646,410,198"
251,range_037701-037900,range_037851-038050,0.9,0.4,0.8873803298869147,0.6887782980002478,"504,275,300,372,540,448,200,348,203,66,269,122,595,554,600,531,230,515,104,59"
252,range_037851-038050,range_038001-038200,0.35,-0.15000000000000002,0.8618202472568626,0.8816213113992997,"35,396,449,121,179,445,524,306,52,184,291,455,328,238,2,573,585,21,242,298"
253,range_038001-038200,range_038151-038350,0.05,-0.45,0.29527586562842995,0.8335259083352923,"78,330,237,423,399,116,440,75,239,292,160,55,387,500,389,544,221,304,597,117"
254,range_038151-038350,range_038301-038500,0.15,-0.35,0.0,0.21152347145535882,"154,415,275,365,510,137,243,93,183,4,549,276,643,9,526,270,425,664,211,453"
255,range_038301-038500,range_038451-038650,0.6,0.09999999999999998,0.16327764785617846,0.11088917286941734,"269,63,70,127,233,385,439,388,404,211,603,45,311,143,406,108,491,135,561,111"
256,range_038451-038650,range_038601-038800,0.95,0.44999999999999996,0.8050304735420423,0.3241971484399927,"345,415,164,516,246,399,389,599,245,293,602,538,43,526,99,469,450,423,502,11"
257,range_038601-038800,range_038751-038950,0.3,-0.2,0.6016787722440358,0.7083621274448262,"211,169,391,441,346,232,313,444,242,446,641,34,587,303,270,494,1,70,642,58"
258,range_038751-038950,range_038901-039100,0.35,-0.15000000000000002,0.11952789719687026,0.2663640153952219,"31,459,545,599,659,544,246,32,201,79,442,462,358,75,571,297,443,372,399,357"
259,range_038901-039100,range_039051-039250,0.15,-0.35,0.38397520034342464,0.7829460128704135,"63,148,68,226,651,411,56,486,523,210,91,461,540,183,580,276,465,372,547,212"
260,range_039051-039250,range_039201-039400,0.15,-0.35,0.0,0.3018080700825728,"246,425,513,90,544,40,596,193,638,212,83,571,296,432,647,496,463,378,192,167"
261,range_039201-039400,range_039351-039550,0.65,0.15000000000000002,0.43301008586018114,0.14960622497458065,"610,315,561,237,173,345,514,8,292,282,521,647,313,55,581,423,293,297,43,498"
262,range_039351-039550,range_039501-039700,0.125,-0.375,0.0,0.272672949688592,"97,237,144,77,363,609,91,168,453,137,245,457,55,414,502,469,470,432,165,232"
263,range_039501-039700,range_039651-039850,0.25,-0.25,0.5972707852962316,0.7125388084084787,"116,461,226,574,237,283,508,278,655,98,543,563,309,642,609,155,177,275,137,210"
264,range_039651-039850,range_039801-040000,0.55,0.050000000000000044,0.35961246575280054,0.3775702208471001,"522,519,189,83,221,462,514,459,474,233,411,498,245,647,571,210,55,611,570,465"
265,range_039801-040000,range_039951-040150,0.35,-0.15000000000000002,0.6167582480217033,0.7111828600651798,"113,295,391,30,569,429,127,607,622,248,341,225,286,311,172,534,592,351,64,602"
266,range_039951-040150,range_040101-040300,0.9,0.4,0.8725708580527486,0.6523235593583211,"341,654,328,656,449,558,252,107,26,476,630,22,336,575,646,203,358,437,397,199"
267,range_040101-040300,range_040251-040450,0.0,-0.5,0.03623898238833493,1.0032572382370994,"601,43,590,245,312,79,164,458,167,209,386,647,200,83,237,498,615,596,165,398"
268,range_040251-040450,range_040401-040600,0.4,-0.09999999999999998,0.3648023408267694,0.4171757549682438,"421,398,488,613,72,479,62,144,211,653,611,253,61,367,503,233,419,294,567,293"
269,range_040401-040600,range_040551-040750,0.95,0.44999999999999996,0.9434574235939044,0.6593262844175142,"319,484,373,318,26,64,181,158,211,448,629,361,442,661,250,125,387,584,242,631"
270,range_040551-040750,range_040701-040900,0.0,-0.5,0.0849174481455303,0.692486949850686,"358,84,46,137,561,413,391,523,180,433,74,353,435,193,495,388,295,439,442,400"
271,range_040701-040900,range_040851-041050,0.05,-0.45,0.15787929698565162,0.5726729982855447,"495,153,189,95,324,130,110,244,66,173,512,36,220,400,174,284,139,63,663,295"
272,range_040851-041050,range_041001-041200,0.0,-0.5,0.04453607019010542,0.8923997178606439,"43,459,353,403,502,360,127,79,90,414,599,212,136,473,168,418,237,245,159,148"
273,range_041001-041200,range_041151-041350,0.0,-0.5,0.025485931926010005,0.49569712749851025,"497,403,603,549,465,416,609,182,140,91,342,384,191,569,513,311,406,294,353,24"
274,range_041151-041350,range_041301-041500,0.3,-0.2,0.09626624079547104,0.2572438044746106,"72,435,51,516,561,512,615,204,337,500,543,552,617,127,380,32,53,240,241,111"
275,range_041301-041500,range_041451-041650,0.125,-0.375,0.0,0.4518577004523779,"571,498,236,599,209,237,55,110,566,647,215,513,345,474,245,263,222,129,384,154"
276,range_041451-041650,range_041601-041800,0.3,-0.2,0.8029525679827395,0.9685380711161206,"52,454,94,622,14,485,306,568,12,249,109,471,578,506,405,420,265,334,166,208"
277,range_041601-041800,range_041751-041950,0.75,0.25,1.0359739909280696,0.7670411368880381,"655,91,347,431,624,46,9,323,512,615,443,230,327,309,3,421,174,623,598,319"
278,range_041751-041950,range_041901-042100,0.5,0.0,0.1075933510544019,0.08735440411441073,"243,600,47,423,83,653,95,37,461,594,647,427,158,31,649,571,90,463,84,446"
279,range_041901-042100,range_042051-042250,0.0,-0.5,0.0,0.5613632338015069,"461,570,463,4,510,470,214,181,210,498,237,168,47,48,599,600,332,223,83,128"
280,range_042051-042250,range_042201-042400,0.15,-0.35,0.0,0.04595026835391679,"404,500,410,446,401,353,419,161,194,151,127,219,591,478,592,20,515,435,170,0"
281,range_042201-042400,range_042351-042550,0.7,0.19999999999999996,0.5204848830199191,0.41989101943366175,"237,164,177,441,4,378,47,398,388,31,421,567,450,526,407,364,523,443,180,173"
282,range_042351-042550,range_042501-042700,0.15,-0.35,0.0,0.23675003878675513,"571,209,433,223,79,200,231,514,496,482,117,43,357,462,330,126,453,406,399,83"
283,range_042501-042700,range_042651-042850,0.55,0.050000000000000044,0.3573269255255374,0.3387845926318628,"653,170,474,141,385,395,215,378,137,472,49,541,165,478,651,192,327,269,107,635"
284,range_042651-042850,range_042801-043000,0.6,0.09999999999999998,0.6988508936473088,0.6131288362162309,"74,443,226,497,175,626,180,219,214,633,594,553,635,642,609,347,596,516,403,60"
285,range_042801-043000,range_042951-043150,0.6,0.09999999999999998,0.617163863790101,0.576802076043256,"271,273,422,77,52,656,44,65,314,18,617,373,434,239,254,369,447,111,240,118"
286,range_042951-043150,range_043101-043300,0.2,-0.3,0.2185821468502268,0.46588996289958456,"558,585,602,367,601,548,439,643,168,559,459,466,142,458,527,512,398,68,448,610"
287,range_043101-043300,range_043251-043450,0.15,-0.35,0.4679961666188223,0.8243145702270207,"198,259,588,377,654,248,257,582,156,578,359,109,454,232,172,564,449,431,16,67"
288,range_043251-043450,range_043401-043600,0.05,-0.45,0.16936450621197544,0.7304143107651621,"322,43,498,201,526,206,153,223,117,510,183,160,561,483,440,395,275,566,423,205"
289,range_043401-043600,range_043551-043750,0.55,0.050000000000000044,0.9351449322184192,0.9114666151569053,"115,487,267,577,118,431,535,185,620,485,374,420,114,449,542,265,228,614,484,583"
290,range_043551-043750,range_043701-043900,0.05,-0.45,0.16178614793772964,1.2091648638287726,"510,522,553,495,150,226,580,498,469,192,236,470,323,440,401,262,169,638,74,390"
291,range_043701-043900,range_043851-044050,0.85,0.35,0.8107406434714138,0.4459036003331222,"647,453,472,488,502,500,432,53,9,66,463,550,43,4,83,390,464,312,221,237"
292,range_043851-044050,range_044001-044200,0.2,-0.3,0.0,0.11064261711662503,"647,192,423,425,181,411,611,389,458,209,403,246,566,136,167,410,264,95,383,345"
293,range_044001-044200,range_044151-044350,0.95,0.44999999999999996,0.7073648719061373,0.35416250315375897,"258,335,269,204,626,276,127,609,233,200,64,336,281,124,590,247,447,27,343,220"
294,range_044151-044350,range_044301-044500,0.85,0.35,0.35264178082392983,0.2060407333015391,"349,615,148,54,275,65,379,244,143,64,509,428,122,10,231,108,558,607,321,640"
295,range_044301-044500,range_044451-044650,0.3,-0.2,0.5707691011974947,0.8723597820346225,"526,571,566,617,213,262,459,647,43,419,502,599,601,635,245,466,234,591,623,196"
296,range_044451-044650,range_044601-044800,0.225,-0.275,0.0,0.03602893883888877,"85,464,212,635,649,154,394,638,245,514,453,526,603,283,548,651,90,414,383,219"
297,range_044601-044800,range_044751-044950,0.4,-0.09999999999999998,0.3164242006823171,0.3749639802235818,"196,137,204,627,106,315,266,136,366,331,388,430,618,424,230,42,393,404,144,407"
298,range_044751-044950,range_044901-045100,0.8,0.30000000000000004,0.9823313574589227,0.6959010076391108,"196,606,424,597,226,239,132,52,567,589,220,244,409,518,64,281,63,311,591,509"
299,range_044901-045100,range_045051-045250,0.35,-0.15000000000000002,0.324728408138766,0.4069731054645002,"451,15,210,492,494,285,241,503,355,283,429,646,97,226,461,632,59,243,184,84"
300,range_045051-045250,range_045201-045400,0.1,-0.4,0.1745670065654758,0.4757640773549669,"312,552,169,172,197,623,227,592,128,28,38,527,349,441,5,50,173,279,44,159"
301,range_045201-045400,range_045351-045550,0.35,-0.15000000000000002,0.33228002222127956,0.7252439265507553,"131,594,51,498,550,463,209,117,99,466,137,55,566,75,264,4,399,263,124,246"
302,range_045351-045550,range_045501-045700,0.125,-0.375,0.0,0.2559284267509765,"412,189,99,137,225,395,192,324,565,522,237,95,561,72,170,523,433,24,264,71"
303,range_045501-045700,range_045651-045850,0.15,-0.35,0.0,0.17612474565059094,"323,660,49,278,134,550,244,30,417,387,159,0,165,206,93,443,463,45,47,17"
304,range_045651-045850,range_045801-046000,0.2,-0.3,0.04478425530092023,0.35047801098405285,"513,440,259,571,442,205,514,403,79,598,544,387,246,209,73,83,160,139,413,92"
305,range_045801-046000,range_045951-046150,0.0,-0.5,0.23248320886332785,0.4325064608361385,"419,504,100,28,503,44,424,49,634,495,64,269,112,565,581,388,27,401,593,624"
306,range_045951-046150,range_046101-046300,0.7,0.19999999999999996,0.9116810950079409,0.7650469463274868,"525,158,657,658,285,585,229,370,351,80,591,146,543,628,633,62,627,359,53,17"
307,range_046101-046300,range_046251-046450,0.25,-0.25,0.0,0.0950593838536832,"481,45,24,140,174,473,68,95,47,284,92,46,412,159,613,69,638,230,492,465"
308,range_046251-046450,range_046401-046600,0.2,-0.3,0.0,0.06978818509673973,"613,61,344,560,626,662,612,549,651,47,342,631,293,46,122,235,43,360,117,513"
309,range_046401-046600,range_046551-046750,0.65,0.15000000000000002,0.4424981132353323,0.3172617124078739,"172,492,80,53,35,143,253,58,40,605,281,446,499,624,100,102,120,390,152,232"
310,range_046551-046750,range_046701-046900,0.55,0.050000000000000044,0.7917989135429269,0.7514053890313508,"518,354,61,234,662,534,337,210,196,244,558,181,519,300,146,448,480,175,324,285"
311,range_046701-046900,range_046851-047050,0.65,0.15000000000000002,0.13740482291614425,0.0854662549062778,"288,502,458,395,365,474,477,508,493,596,276,78,165,440,432,137,450,47,129,77"
312,range_046851-047050,range_047001-047200,0.075,-0.425,0.0,0.26379714946371735,"602,363,601,49,357,110,464,116,474,463,30,364,3,141,468,72,183,189,137,87"
313,range_047001-047200,range_047151-047350,0.55,0.050000000000000044,0.48967647235834405,0.5061760190690372,"7,291,136,584,348,438,527,371,102,476,542,591,637,218,172,52,642,553,225,188"
314,range_047151-047350,range_047301-047500,0.55,0.050000000000000044,0.9834979240557312,0.9604054662258419,"518,541,499,280,648,331,597,653,515,255,472,608,410,253,572,4,284,52,344,148"
315,range_047301-047500,range_047451-047650,0.2,-0.3,0.4436264781375646,0.6060574817225972,"403,139,368,441,196,559,419,557,594,37,351,518,457,650,305,197,140,511,648,359"
316,range_047451-047650,range_047601-047800,0.75,0.25,0.7152923718021899,0.5743032156313748,"179,54,405,479,12,40,142,150,539,202,238,575,170,437,166,186,367,18,289,23"
317,range_047601-047800,range_047751-047950,0.05,-0.45,0.29168935693099535,1.3408821239458906,"647,154,245,223,212,399,443,502,570,165,344,522,246,453,634,468,383,385,510,412"
318,range_047751-047950,range_047901-048100,0.2,-0.3,0.11397998949826188,0.2001039115605326,"160,119,586,173,218,477,266,247,483,531,655,490,307,255,26,254,289,387,348,51"
319,range_047901-048100,range_048051-048250,0.05,-0.45,0.29635215620145394,0.4389845251546072,"106,633,565,16,271,454,654,29,305,216,107,179,132,489,157,277,35,339,206,118"
320,range_048051-048250,range_048201-048400,0.0,-0.5,0.0,0.8688271335081063,"522,262,510,638,498,60,79,400,496,432,192,75,599,236,571,255,440,469,99,97"
321,range_048201-048400,range_048351-048550,0.65,0.15000000000000002,0.4590355730602431,0.44813092964656265,"138,70,595,148,546,252,415,234,581,26,404,27,40,115,645,509,358,507,634,310"
322,range_048351-048550,range_048501-048700,0.95,0.44999999999999996,0.7239756840081848,0.4417596757872934,"611,400,211,410,50,0,589,179,403,419,349,517,634,111,572,636,161,488,574,434"
323,range_048501-048700,range_048651-048850,0.35,-0.15000000000000002,0.38775944248048705,0.4893561650854128,"623,24,152,357,134,544,218,465,283,413,586,293,452,261,456,633,508,311,338,195"
324,range_048651-048850,range_048801-049000,0.3,-0.2,0.4311832499950329,0.598617900682819,"381,132,251,298,625,217,536,489,654,524,511,121,145,485,162,248,142,431,150,377"
325,range_048801-049000,range_048951-049150,0.2,-0.3,0.6899651352789138,0.879294887054469,"98,554,366,297,356,158,149,11,130,172,636,144,123,41,131,514,621,302,309,288"
326,range_048951-049150,range_049101-049300,0.2,-0.3,0.565494957637857,0.802825711777439,"364,283,399,37,414,192,50,498,520,0,343,550,458,450,221,346,189,611,243,287"
327,range_049101-049300,range_049251-049450,0.6,0.09999999999999998,0.3493834607120723,0.22645793112249768,"33,565,76,171,434,201,415,371,235,161,244,253,362,558,205,146,659,305,163,271"
328,range_049251-049450,range_049401-049600,0.2,-0.3,0.701128339689182,0.8378295242453622,"146,664,98,178,402,545,568,407,525,132,96,503,438,48,480,634,409,617,35,29"
329,range_049401-049600,range_049551-049750,0.2,-0.3,0.0,0.06405332072105716,"104,347,430,441,567,107,159,641,417,364,349,194,84,255,552,176,97,233,61,421"
330,range_049551-049750,range_049701-049900,1.0,0.5,1.0326569083109485,0.714394412903708,"633,267,370,578,109,471,556,381,150,528,151,656,11,62,542,479,553,444,310,456"
331,range_049701-049900,range_049851-050050,0.2,-0.3,0.8052594629748395,1.3695137270990654,"412,223,246,154,463,104,212,443,344,459,571,357,83,345,522,90,287,601,547,418"
332,range_049851-050050,range_050001-050200,0.7,0.19999999999999996,0.8250919221806144,0.684038148583167,"211,506,565,259,249,371,626,460,148,420,291,650,505,583,288,437,640,217,224,562"
333,range_050001-050200,range_050151-050350,0.9,0.4,1.2107547274698867,1.0101031786284154,"29,381,94,257,487,654,15,156,240,579,454,489,12,121,217,228,150,350,576,382"
334,range_050151-050350,range_050301-050500,0.75,0.25,2.0160339117598896,1.920832596340445,"460,156,29,555,279,229,52,359,125,521,305,446,640,528,565,306,588,171,19,102"
335,range_050301-050500,range_050451-050650,0.2,-0.3,0.6398115267606866,0.8693138587702953,"634,495,522,60,389,548,504,549,624,502,164,368,392,122,662,557,356,272,603,643"
336,range_050451-050650,range_050601-050800,0.4,-0.09999999999999998,0.5122094275732905,0.7790450839138827,"453,601,158,43,463,451,168,385,306,9,51,24,647,173,164,161,129,230,29,56"
337,range_050601-050800,range_050751-050950,0.15,-0.35,0.048739833135786476,0.23640842818270597,"323,636,366,205,401,275,192,531,635,225,251,319,66,135,84,572,15,359,27,623"
338,range_050751-050950,range_050901-051100,0.2,-0.3,0.40101507311958967,0.4994789303136409,"239,22,537,228,10,244,131,185,254,303,386,9,562,160,163,529,349,50,477,202"
339,range_050901-051100,range_051051-051250,0.05,-0.45,0.09651392342660213,0.6457972949095988,"246,60,356,286,209,665,647,553,496,363,141,569,214,74,467,262,401,529,638,245"
340,range_051051-051250,range_051201-051400,0.5,0.0,0.26854731338970295,0.24277916396248342,"495,603,569,400,643,362,638,469,498,269,60,323,496,95,580,144,79,68,262,571"
341,range_051201-051400,range_051351-051550,0.9,0.4,0.9705268386931435,0.6556916016088744,"404,542,409,325,547,367,14,366,59,195,386,2,428,435,208,587,473,98,663,352"
342,range_051351-051550,range_051501-051700,0.5,0.0,0.1188665836093157,0.12026888768009616,"418,624,491,380,555,550,502,479,524,352,533,165,100,653,463,26,355,237,385,499"
343,range_051501-051700,range_051651-051850,0.75,0.25,0.381285687572184,0.2359006206212177,"638,425,200,234,50,70,194,306,379,458,541,665,421,73,586,393,83,356,493,502"
344,range_051651-051850,range_051801-052000,0.9,0.4,0.6755680911418274,0.337459822839304,"122,368,428,491,134,388,649,26,594,493,312,181,371,243,416,138,619,192,427,296"
345,range_051801-052000,range_051951-052150,0.35,-0.15000000000000002,0.545118589796507,0.6645515929394998,"268,355,220,419,548,319,567,300,230,2,5,379,500,65,380,8,392,376,205,260"
346,range_051951-052150,range_052101-052300,0.3,-0.2,0.36843509790694035,0.5184255232307856,"493,222,510,403,547,569,665,40,261,533,245,221,503,426,561,219,359,502,443,215"
347,range_052101-052300,range_052251-052450,0.75,0.25,0.2654159764390929,0.15595975794138695,"35,167,438,483,581,26,324,219,7,404,256,318,419,540,309,285,122,546,100,276"
348,range_052251-052450,range_052401-052600,0.75,0.25,0.6415737813277141,0.5371136404169123,"543,127,529,6,106,185,448,310,434,170,321,409,585,622,150,367,524,142,556,402"
349,range_052401-052600,range_052551-052750,0.55,0.050000000000000044,0.7540600398621469,0.764927183394949,"82,242,556,10,151,188,575,503,631,178,57,279,93,182,656,479,241,434,595,171"
350,range_052551-052750,range_052701-052900,0.25,-0.25,0.5136559126969784,0.9260139515610348,"387,440,463,153,246,236,283,638,302,571,305,316,209,36,446,138,99,83,180,647"
351,range_052701-052900,range_052851-053050,0.35,-0.15000000000000002,0.24719773894587563,0.30341850937118653,"569,174,368,144,461,229,313,5,483,573,232,271,319,103,152,653,332,53,215,228"
352,range_052851-053050,range_053001-053200,0.5,0.0,0.41292260946858955,0.4049138065666502,"597,338,77,202,184,59,620,133,552,596,303,273,251,520,50,386,472,421,435,232"
353,range_053001-053200,range_053151-053350,0.35,-0.15000000000000002,0.48156955884818853,0.8389451648785543,"129,243,287,262,647,571,498,496,512,557,43,474,3,173,32,550,79,78,246,168"
354,range_053151-053350,range_053301-053500,0.2,-0.3,0.2100000617421541,0.32017523980518714,"231,483,546,59,338,576,573,409,625,437,82,229,503,97,435,631,232,270,44,264"
355,range_053301-053500,range_053451-053650,0.1,-0.4,0.28765675432648447,0.5480975994514206,"41,207,451,477,152,629,386,305,211,553,194,251,430,10,574,556,48,101,161,77"
356,range_053451-053650,range_053601-053800,0.4,-0.09999999999999998,0.4597363830534982,0.503193673317947,"24,56,473,81,189,423,137,458,401,5,523,246,99,212,213,28,432,117,75,662"
357,range_053601-053800,range_053751-053950,0.8,0.30000000000000004,1.0773842587182278,0.8605307515340996,"67,115,267,21,341,585,532,620,82,622,265,471,232,633,325,202,535,145,228,556"
358,range_053751-053950,range_053901-054100,0.0,-0.5,0.7500346047204789,1.1545970068705604,"177,40,48,461,465,86,179,264,597,575,659,533,321,130,403,188,167,207,68,158"
359,range_053901-054100,range_054051-054250,0.35,-0.15000000000000002,0.4238821122006028,0.5773994662467736,"268,61,261,128,586,502,380,83,237,371,661,308,526,197,292,45,223,428,221,260"
360,range_054051-054250,range_054201-054400,0.3,-0.2,0.15447298250871233,0.23582980186054625,"72,235,247,640,276,303,1,319,190,372,310,451,514,533,546,38,517,141,88,108"
361,range_054201-054400,range_054351-054550,0.3,-0.2,0.5747189225347742,0.6438241491459793,"21,539,2,34,67,151,271,188,248,156,536,208,577,341,146,184,511,447,420,253"
362,range_054351-054550,range_054501-054700,0.3,-0.2,0.2098786144655383,0.599580961671479,"340,311,472,510,60,192,97,571,522,495,440,341,456,463,236,469,161,127,401,89"
363,range_054501-054700,range_054651-054850,0.6,0.09999999999999998,0.28794568783869606,0.21666857049855184,"276,76,167,643,509,585,443,468,56,316,393,594,164,43,456,375,546,293,649,483"
364,range_054651-054850,range_054801-055000,0.65,0.15000000000000002,0.08142040317477961,0.0,"140,299,308,504,662,533,154,79,83,78,183,95,230,412,45,440,465,414,388,284"
365,range_054801-055000,range_054951-055150,0.6,0.09999999999999998,0.5989968577786979,0.5407756078926194,"507,444,432,488,419,536,578,181,72,375,233,600,158,211,584,85,326,301,392,127"
366,range_054951-055150,range_055101-055300,0.9,0.4,0.7828668336325505,0.5660829599929689,"568,268,1,195,562,553,335,340,239,381,286,543,605,160,102,559,32,407,626,329"
367,range_055101-055300,range_055251-055450,0.4,-0.09999999999999998,0.5267736855385139,0.702519097471314,"41,651,571,42,498,496,599,547,79,440,601,246,488,192,279,566,647,474,55,560"
368,range_055251-055450,range_055401-055600,0.3,-0.2,0.6264203262979005,0.8140818555190473,"184,559,216,460,304,185,273,639,271,551,358,156,11,564,457,656,10,387,482,101"
369,range_055401-055600,range_055551-055750,0.1,-0.4,0.6425852065517155,0.8985217906675452,"78,386,499,607,44,646,17,257,274,282,182,625,113,494,157,515,551,430,587,402"
370,range_055551-055750,range_055701-055900,0.05,-0.45,0.0,0.93570134490552,"406,4,566,75,615,297,498,24,571,183,87,548,599,312,399,47,523,263,560,209"
371,range_055701-055900,range_055851-056050,0.4,-0.09999999999999998,0.18749675278673938,0.3283278252902154,"78,647,301,514,465,385,175,481,488,342,47,628,192,168,102,456,418,71,128,601"
372,range_055851-056050,range_056001-056200,0.9,0.4,0.5380853839257475,0.33556106463583957,"152,490,274,441,266,49,226,600,491,386,456,469,661,660,64,25,319,428,472,584"
373,range_056001-056200,range_056151-056350,0.5,0.0,1.3229099308423118,1.3609668093414968,"334,485,114,13,482,471,577,506,614,616,487,578,588,249,437,397,449,532,331,272"
374,range_056151-056350,range_056301-056500,0.0,-0.5,1.1371599855721373,1.704169469792804,"360,481,293,27,189,468,461,425,264,270,108,497,256,247,296,65,135,406,47,515"
375,range_056301-056500,range_056451-056650,0.45,-0.04999999999999999,0.42892394752264407,0.4223111269409857,"50,214,38,633,606,69,269,527,261,165,428,627,346,315,403,95,128,406,324,161"
376,range_056451-056650,range_056601-056800,0.4,-0.09999999999999998,0.517137324036994,0.5556220060664447,"422,106,16,358,559,518,48,195,409,288,266,507,107,297,553,82,656,317,17,320"
377,range_056601-056800,range_056751-056950,0.25,-0.25,0.21706951432571414,0.45764049726031264,"663,43,164,610,502,603,647,293,468,462,516,189,49,649,399,126,496,165,636,177"
378,range_056751-056950,range_056901-057100,0.225,-0.275,0.0,0.0190707073813351,"200,433,71,287,343,508,406,399,396,342,140,179,348,569,663,651,37,50,612,563"
379,range_056901-057100,range_057051-057250,0.35,-0.15000000000000002,0.245777705212288,0.5547608595525884,"68,498,356,599,245,55,61,522,183,453,79,103,412,398,43,262,87,608,192,570"
380,range_057051-057250,range_057201-057400,0.95,0.44999999999999996,0.8322004801260204,0.52453800144202,"634,59,251,162,584,130,266,163,415,202,63,187,587,543,112,553,654,131,460,77"
381,range_057201-057400,range_057351-057550,0.9,0.4,0.9626755926000106,0.7383111932084585,"553,313,132,33,48,565,617,325,156,645,475,356,105,340,202,509,272,238,271,659"
382,range_057351-057550,range_057501-057700,0.45,-0.04999999999999999,0.8663089139929123,0.9219739401917559,"56,620,526,164,593,342,661,601,147,59,78,235,636,49,212,43,90,168,345,256"
383,range_057501-057700,range_057651-057850,0.55,0.050000000000000044,0.28436666476010697,0.20625155805366258,"4,561,309,213,294,271,116,598,419,73,315,462,414,665,332,439,363,563,406,135"
384,range_057651-057850,range_057801-058000,0.35,-0.15000000000000002,0.005341594924033666,0.2789050825676025,"493,538,68,526,599,496,301,345,79,603,0,560,177,515,90,55,550,440,262,47"
385,range_057801-058000,range_057951-058150,0.3,-0.2,0.27055567575051126,0.34973564769548127,"517,268,18,291,82,416,171,521,120,578,122,520,240,149,552,5,166,321,361,402"
386,range_057951-058150,range_058101-058300,0.45,-0.04999999999999999,0.7066623094531654,0.7364760805300989,"472,6,178,404,637,351,285,657,53,23,240,248,326,62,654,581,396,217,112,234"
387,range_058101-058300,range_058251-058450,0.5,0.0,0.6980917693412901,0.6701785267667475,"313,234,153,190,653,335,515,197,323,161,3,368,58,316,547,215,371,452,329,623"
388,range_058251-058450,range_058401-058600,0.7,0.19999999999999996,0.4969623852924874,0.13681320241943506,"167,458,600,281,376,74,421,655,607,466,235,338,223,561,193,428,230,550,438,651"
389,range_058401-058600,range_058551-058750,0.35,-0.15000000000000002,0.2766472531853023,0.4086466551196972,"286,83,266,572,25,635,627,104,89,412,469,596,523,517,640,404,342,561,126,117"
390,range_058551-058750,range_058701-058900,0.4,-0.09999999999999998,0.6610079728714431,0.7790669824163268,"498,43,66,274,209,262,127,355,569,496,203,2,571,345,514,60,522,50,580,245"
391,range_058701-058900,range_058851-059050,0.55,0.050000000000000044,0.43544376072860214,0.4183331122484851,"418,475,581,554,319,590,637,424,288,147,8,348,138,64,304,362,473,65,300,130"
392,range_058851-059050,range_059001-059200,0.35,-0.15000000000000002,0.3130392512025843,0.42786266628091424,"320,637,116,95,148,35,225,315,106,89,559,352,495,25,94,63,613,226,193,538"
393,range_059001-059200,range_059151-059350,0.4,-0.09999999999999998,0.025255945967987106,0.09787364852224929,"347,510,210,165,55,513,91,168,332,74,90,421,566,43,596,266,469,0,613,209"
394,range_059151-059350,range_059301-059500,0.025,-0.475,0.0,0.47030647873691744,"474,212,38,319,565,547,242,60,223,495,580,462,493,458,418,155,638,180,165,603"
395,range_059301-059500,range_059451-059650,0.4,-0.09999999999999998,0.1465366477440576,0.1338479701562782,"457,113,295,337,312,379,101,617,416,520,163,268,415,53,629,29,5,146,473,195"
396,range_059451-059650,range_059601-059800,0.0,-0.5,0.5711897204629212,0.7766900891913079,"629,628,476,26,219,314,577,558,518,590,597,346,290,542,492,480,310,545,37,374"
397,range_059601-059800,range_059751-059950,0.5,0.0,0.8374100145139571,0.7919969099712822,"491,428,100,559,643,337,289,174,88,181,347,520,452,125,305,495,193,519,190,590"
398,range_059751-059950,range_059901-060100,1.0,0.5,0.7580883403774435,0.31245086739797506,"612,223,103,262,113,549,430,416,653,165,170,167,189,117,649,69,541,332,212,619"
399,range_059901-060100,range_060051-060250,0.1,-0.4,0.14891903439160584,0.47998723160652024,"160,126,596,214,204,61,280,554,88,49,174,632,73,643,141,84,8,592,335,281"
400,range_060051-060250,range_060201-060400,0.3,-0.2,0.3123718219147917,0.4527910355157047,"245,138,183,168,472,384,89,232,312,601,127,91,432,139,443,344,651,340,347,599"
401,range_060201-060400,range_060351-060550,0.75,0.25,0.38708009078300454,0.28180363490105415,"302,591,518,146,655,335,367,53,62,158,131,625,438,122,157,313,434,346,621,524"
402,range_060351-060550,range_060501-060700,0.25,-0.25,0.42532054773691524,0.8932088560824915,"510,463,65,470,278,432,293,261,655,263,254,368,502,459,570,129,566,223,612,130"
403,range_060501-060700,range_060651-060850,0.5,0.0,0.44475639503182707,0.4306938914768612,"77,366,477,108,294,367,494,100,120,435,380,659,349,606,338,276,255,153,72,559"
404,range_060651-060850,range_060801-061000,0.85,0.35,0.7452014688960628,0.3877463376924023,"378,594,649,75,427,513,262,12,557,647,571,47,488,179,56,566,502,463,599,43"
405,range_060801-061000,range_060951-061150,0.55,0.050000000000000044,1.0933297336820709,0.9780837561360467,"574,507,368,340,78,39,308,498,49,566,472,653,309,257,393,440,316,598,296,47"
406,range_060951-061150,range_061101-061300,0.7,0.19999999999999996,0.29599834042238743,0.09202095752478168,"54,108,95,302,188,354,4,498,603,160,194,183,288,174,189,68,497,117,430,514"
407,range_061101-061300,range_061251-061450,0.9,0.4,0.8263417083193135,0.5760263307426967,"339,30,82,617,575,620,157,447,307,370,420,507,102,207,76,501,650,62,70,198"
408,range_061251-061450,range_061401-061600,0.05,-0.45,0.0,0.8461142675241783,"119,599,635,463,512,88,245,571,640,223,24,87,324,212,345,194,79,155,570,83"
409,range_061401-061600,range_061551-061750,0.7,0.19999999999999996,0.6687158348454904,0.6895995213278616,"332,661,129,315,441,47,31,252,610,561,235,662,595,316,113,384,261,61,73,173"
410,range_061551-061750,range_061701-061900,0.2,-0.3,0.0022338308620461107,0.2540579453416756,"212,389,209,223,46,292,226,51,603,24,385,519,243,293,550,55,137,647,440,570"
411,range_061701-061900,range_061851-062050,0.325,-0.175,0.0,0.0,"453,426,51,24,70,75,137,292,43,284,462,481,571,359,399,598,246,513,550,129"
412,range_061851-062050,range_062001-062200,0.125,-0.375,0.0,0.13307797447298822,"103,69,50,427,629,361,137,197,36,99,508,456,497,425,273,641,45,91,330,140"
413,range_062001-062200,range_062151-062350,1.0,0.5,0.8337994771721595,0.2563083587128669,"468,345,502,601,158,235,220,383,134,164,139,427,597,69,544,36,87,71,175,462"
414,range_062151-062350,range_062301-062500,0.4,-0.09999999999999998,1.092592138415673,1.1410896732077096,"82,185,166,188,531,578,660,478,253,131,370,152,138,387,65,115,501,320,125,506"
415,range_062301-062500,range_062451-062650,0.85,0.35,1.207028575601494,0.8654090354275059,"541,157,614,120,515,227,375,196,617,567,663,530,315,572,607,187,537,219,641,50"
416,range_062451-062650,range_062601-062800,0.6,0.09999999999999998,0.2816857279501604,0.20785535877645356,"235,450,406,285,292,338,427,562,538,615,661,525,603,61,637,169,60,440,606,337"
417,range_062601-062800,range_062751-062950,0.95,0.44999999999999996,0.6766546126689157,0.40636889510397245,"351,67,286,429,211,404,448,393,6,372,455,187,291,300,558,155,600,367,37,323"
418,range_062751-062950,range_062901-063100,0.25,-0.25,0.34788167623392885,0.540063660754263,"227,197,494,191,162,135,379,433,85,80,158,223,169,555,100,144,581,39,363,1"
419,range_062901-063100,range_063051-063250,0.95,0.44999999999999996,1.205685954494198,0.8953108923609086,"151,224,622,19,114,358,652,333,528,476,578,614,583,531,588,536,94,34,454,475"
420,range_063051-063250,range_063201-063400,0.75,0.25,2.025321169517493,1.600533893059149,"229,287,465,58,284,239,189,459,237,123,212,285,608,483,547,266,31,141,316,516"
421,range_063201-063400,range_063351-063550,0.2,-0.3,0.7255422279898502,0.8964108549881402,"132,336,202,575,381,259,437,654,633,20,506,156,660,359,431,621,198,524,34,14"
422,range_063351-063550,range_063501-063700,0.45,-0.04999999999999999,0.9163328201547755,0.9092705275388666,"287,137,550,30,474,522,56,523,26,47,71,460,513,510,458,278,177,493,212,468"
423,range_063501-063700,range_063651-063850,0.25,-0.25,0.06111883312768698,0.19900310794723985,"441,65,602,640,545,9,173,111,596,590,493,560,227,507,50,354,201,77,534,194"
424,range_063651-063850,range_063801-064000,0.95,0.44999999999999996,0.8669632281599389,0.3471887712787896,"46,481,164,603,453,345,236,95,36,296,406,522,200,287,664,465,508,87,608,497"
425,range_063801-064000,range_063951-064150,0.1,-0.4,0.07686686899368883,0.3548763195841262,"282,242,597,342,607,637,619,351,343,7,10,540,491,273,541,533,274,211,332,232"
426,range_063951-064150,range_064101-064300,0.6,0.09999999999999998,0.6115691090702484,0.52683481338872,"303,622,230,458,189,77,515,312,493,25,241,461,480,609,662,131,221,72,315,323"
427,range_064101-064300,range_064251-064450,0.3,-0.2,0.4031410388257574,0.547410182405043,"517,145,72,302,52,229,503,273,634,361,241,351,242,554,553,375,66,321,218,529"
428,range_064251-064450,range_064401-064600,0.8,0.30000000000000004,0.8250020883437635,0.6403548335018395,"390,1,534,472,130,542,629,634,251,10,654,449,387,191,91,5,339,282,597,205"
429,range_064401-064600,range_064551-064750,0.1,-0.4,0.0,0.2794167544502772,"603,87,165,468,502,602,522,453,49,315,27,526,634,79,548,164,28,213,43,262"
430,range_064551-064750,range_064701-064900,0.05,-0.45,0.3565499023762821,0.5722023386530666,"357,470,74,414,68,192,92,609,400,601,531,503,450,615,544,623,142,91,236,510"
431,range_064701-064900,range_064851-065050,0.15,-0.35,0.685911499142669,1.08270033105658,"315,596,43,27,468,213,603,345,246,516,346,83,632,209,173,137,263,502,411,453"
432,range_064851-065050,range_065001-065200,0.15,-0.35,0.0,0.22776121568216065,"544,79,137,262,406,209,453,522,236,83,261,283,40,193,596,399,246,496,288,510"
433,range_065001-065200,range_065151-065350,0.2,-0.3,0.3108935389666409,0.6221211637912112,"558,355,518,409,70,369,307,484,298,102,445,64,272,23,156,228,277,457,255,656"
434,range_065151-065350,range_065301-065500,0.2,-0.3,0.3671592566060706,0.6427473255195324,"355,103,311,346,220,192,89,41,378,74,100,92,515,637,600,26,117,126,45,242"
435,range_065301-065500,range_065451-065650,0.5,0.0,0.25542905185860143,0.20587305311511284,"213,302,385,572,165,49,563,173,332,1,336,137,626,470,635,348,603,95,51,587"
436,range_065451-065650,range_065601-065800,0.2,-0.3,0.49137603993696033,0.5786462012701538,"480,207,96,530,257,132,605,408,203,216,447,625,188,16,454,509,198,379,578,217"
437,range_065601-065800,range_065751-065950,0.0,-0.5,0.2816267131865318,0.7086017754252932,"165,427,169,376,466,262,354,123,255,642,307,470,555,581,5,378,653,287,189,104"
438,range_065751-065950,range_065901-066100,0.4,-0.09999999999999998,0.45099075482365875,0.4688828176932012,"554,254,108,658,532,391,415,331,565,369,531,253,306,390,288,585,553,12,501,448"
439,range_065901-066100,range_066051-066250,0.65,0.15000000000000002,0.6273378705683081,0.32040035152120494,"508,63,225,423,415,53,345,215,66,566,599,172,384,451,246,470,75,210,474,245"
440,range_066051-066250,range_066201-066400,0.075,-0.425,0.0,0.25423527208747604,"260,41,217,177,344,481,521,214,44,600,579,419,137,269,124,204,466,607,559,73"
441,range_066201-066400,range_066351-066550,0.6,0.09999999999999998,0.3328144744841776,0.12168659093356979,"110,322,661,189,100,618,403,662,316,230,262,143,174,243,624,355,657,581,647,470"
442,range_066351-066550,range_066501-066700,0.6,0.09999999999999998,0.5896779062562354,0.4720821381784946,"158,523,430,497,458,210,414,223,504,316,400,495,183,94,365,24,36,537,503,302"
443,range_066501-066700,range_066651-066850,0.8,0.30000000000000004,0.9176497096384815,0.7230791210207403,"244,339,135,102,654,590,171,492,170,63,194,329,628,564,366,218,105,375,304,181"
444,range_066651-066850,range_066801-067000,0.35,-0.15000000000000002,0.7403593026152164,0.8472628262556003,"166,562,370,30,542,478,82,434,108,139,320,396,521,409,58,517,248,48,101,6"
445,range_066801-067000,range_066951-067150,0.1,-0.4,0.1302369338922888,0.6830236472490386,"221,210,84,243,658,214,95,345,233,242,245,262,68,278,36,461,550,649,47,241"
446,range_066951-067150,range_067101-067300,0.05,-0.45,0.3184905935033278,0.5280683061535987,"529,371,625,295,379,142,562,591,202,152,336,575,654,373,32,525,231,20,617,353"
447,range_067101-067300,range_067251-067450,0.25,-0.25,0.27902036212789416,0.4505662434906492,"311,651,623,638,275,375,126,472,29,653,283,410,116,609,618,327,237,215,664,403"
448,range_067251-067450,range_067401-067600,0.95,0.44999999999999996,0.8367709737989908,0.70249324538688,"487,639,19,471,484,652,267,199,531,358,528,259,476,437,577,249,582,535,482,265"
449,range_067401-067600,range_067551-067750,1.0,0.5,1.5422360356650056,1.062920601825157,"303,586,519,210,143,236,357,557,219,401,614,149,230,406,205,167,426,403,393,581"
450,range_067551-067750,range_067701-067900,0.95,0.44999999999999996,0.3909582481241523,0.0,"50,516,469,569,596,345,262,554,522,508,647,99,209,74,510,399,571,439,470,496"
451,range_067701-067900,range_067851-068050,0.6,0.09999999999999998,0.38704466820353806,0.3580850091743683,"367,290,250,244,203,564,517,548,379,170,161,131,559,416,176,319,530,297,258,18"
452,range_067851-068050,range_068001-068200,1.0,0.5,1.396824940472784,0.494595511689061,"177,503,212,393,221,280,83,513,502,287,620,297,421,192,550,237,383,165,547,496"
453,range_068001-068200,range_068151-068350,1.0,0.5,1.7672537396133159,0.20108111670601794,"75,209,45,79,376,389,174,154,365,129,541,441,665,465,308,103,491,368,183,571"
454,range_068151-068350,range_068301-068500,0.05,-0.45,0.6570374775059095,0.8200214218593145,"559,81,271,350,118,186,585,203,149,17,170,34,436,58,272,166,35,206,94,476"
455,range_068301-068500,range_068451-068650,0.0,-0.5,0.45675532406599373,0.8231155347308186,"598,220,337,594,241,89,108,278,366,66,37,533,255,653,134,303,59,204,579,126"
456,range_068451-068650,range_068601-068800,0.35,-0.15000000000000002,0.4698739529906267,0.547620956678307,"69,530,29,441,513,283,110,386,57,588,324,108,58,296,193,433,632,215,177,389"
457,range_068601-068800,range_068751-068950,0.5,0.0,0.4699037659831213,0.5354217635667058,"411,426,183,504,427,213,316,71,165,648,609,63,383,419,2,47,7,276,134,443"
458,range_068751-068950,range_068901-069100,0.175,-0.325,0.0,0.09516729291700102,"602,215,55,24,47,566,498,512,83,571,599,292,159,414,164,473,636,3,496,71"
459,range_068901-069100,range_069051-069250,0.85,0.35,0.3825550275282043,0.0,"414,47,550,443,393,264,123,55,493,513,214,411,649,570,413,287,510,299,385,154"
460,range_069051-069250,range_069201-069400,0.3,-0.2,0.4782378030148363,0.7904435670310921,"401,400,414,603,154,1,164,176,598,79,242,173,221,237,522,210,419,611,510,83"
461,range_069201-069400,range_069351-069550,0.5,0.0,0.16135885660918003,0.13085491117946813,"42,445,83,154,649,508,47,490,287,327,164,488,570,48,241,316,425,189,393,522"
462,range_069351-069550,range_069501-069700,0.85,0.35,0.20551046804714473,0.01760680618077644,"609,496,345,31,569,425,570,245,523,282,189,537,432,75,296,264,378,4,385,450"
463,range_069501-069700,range_069651-069850,0.0,-0.5,0.08082419413831324,0.49638847954639786,"631,352,451,574,342,337,261,663,301,658,507,632,200,424,91,144,516,272,447,346"
464,range_069651-069850,range_069801-070000,0.7,0.19999999999999996,0.5024290896889197,0.37975565828713587,"183,164,108,580,126,327,250,365,189,608,430,426,92,174,315,287,71,522,212,383"
465,range_069801-070000,range_069951-070150,0.0,-0.5,0.1810526344453161,0.5646350620289783,"451,602,633,510,42,539,621,196,620,483,596,233,135,611,357,144,375,226,446,323"
466,range_069951-070150,range_070101-070300,0.45,-0.04999999999999999,0.17367401213924652,0.17795553771551217,"200,101,95,256,308,283,385,174,315,557,282,103,602,294,130,553,316,25,608,340"
467,range_070101-070300,range_070251-070450,0.95,0.44999999999999996,0.7979491686674248,0.2318343785838849,"255,183,401,396,95,415,200,378,127,311,41,253,250,117,441,213,391,263,517,212"
468,range_070251-070450,range_070401-070600,0.9,0.4,0.8396627792624741,0.5389675774969784,"308,594,47,86,10,421,25,638,400,110,333,425,327,282,154,45,366,270,141,192"
469,range_070401-070600,range_070551-070750,0.175,-0.325,0.0,0.0657661175906308,"401,226,323,450,538,177,99,543,75,127,510,209,222,563,5,571,60,560,496,192"
470,range_070551-070750,range_070701-070900,0.85,0.35,1.0419106126689142,0.6985652281611296,"310,350,253,656,305,298,576,445,486,270,257,93,109,444,146,115,420,121,326,228"
471,range_070701-070900,range_070851-071050,0.3,-0.2,0.8795745165222562,1.5046367475388618,"543,312,75,496,510,79,537,427,117,238,192,378,209,390,108,43,522,440,425,246"
472,range_070851-071050,range_071001-071200,0.45,-0.04999999999999999,0.21769172406809034,0.21503468094046277,"514,108,52,179,266,136,124,2,126,229,161,291,309,51,35,387,173,534,22,238"
473,range_071001-071200,range_071151-071350,0.35,-0.15000000000000002,0.0,0.0,"154,129,570,549,308,598,87,78,365,613,498,147,56,626,92,398,209,4,71,615"
474,range_071151-071350,range_071301-071500,0.7,0.19999999999999996,1.4732100290172072,1.2790179930138161,"622,156,94,556,362,518,328,329,150,121,33,310,93,14,487,397,232,373,259,16"
475,range_071301-071500,range_071451-071650,0.0,-0.5,0.6904448108436738,1.063319269206569,"10,234,517,322,98,5,325,431,175,593,367,319,382,7,592,573,509,271,96,312"
476,range_071451-071650,range_071601-071800,0.3,-0.2,0.5936095651346777,0.7739188014728238,"8,496,274,399,450,318,357,440,209,378,282,600,79,180,293,508,571,244,441,574"
477,range_071601-071800,range_071751-071950,0.175,-0.325,0.0,0.13810131626708474,"537,407,395,99,206,443,424,563,123,71,644,160,392,293,174,244,137,411,560,549"
478,range_071751-071950,range_071901-072100,0.5,0.0,0.5463246424325382,0.5375829355591661,"155,11,162,268,255,81,390,326,373,437,133,457,518,501,621,436,82,291,382,298"
479,range_071901-072100,range_072051-072250,0.2,-0.3,0.7916859122274985,0.9056612227141732,"499,231,206,621,536,115,145,202,109,329,371,558,93,521,379,431,625,336,505,65"
480,range_072051-072250,range_072201-072400,0.6,0.09999999999999998,0.8965931981570753,0.8052600794263114,"113,235,100,90,581,209,618,608,596,614,347,364,376,503,541,164,624,45,134,352"
481,range_072201-072400,range_072351-072550,1.0,0.5,0.8917966748467048,0.29175647332124344,"173,22,97,204,467,63,158,111,520,213,629,276,297,303,5,292,138,144,15,302"
482,range_072351-072550,range_072501-072700,0.45,-0.04999999999999999,0.9274762891650934,0.9696038765842583,"662,401,259,404,343,91,155,319,646,398,607,309,234,494,5,402,552,175,197,448"
483,range_072501-072700,range_072651-072850,0.6,0.09999999999999998,0.5657866634661484,0.5159817578909442,"7,100,418,658,211,619,91,255,172,203,439,281,147,190,69,270,171,504,618,634"
484,range_072651-072850,range_072801-073000,0.0,-0.5,1.1670250894277039,1.4269532641553022,"109,568,577,444,652,94,639,265,532,118,249,454,208,471,604,224,374,660,358,306"
485,range_072801-073000,range_072951-073150,0.3,-0.2,0.34803298926652304,0.6582126766289054,"330,357,571,108,544,83,609,79,599,246,345,167,513,412,209,399,303,387,262,545"
486,range_072951-073150,range_073101-073300,0.65,0.15000000000000002,1.2720187687526228,1.2315844449388824,"114,228,109,558,639,232,19,369,267,248,13,377,249,290,15,405,531,506,334,532"
487,range_073101-073300,range_073251-073450,0.8,0.30000000000000004,1.8872815037042447,1.4465545374732813,"614,30,501,285,445,460,561,82,267,211,63,61,242,380,86,379,235,441,471,604"
488,range_073251-073450,range_073401-073600,0.2,-0.3,0.8022958636830659,0.9641657590660647,"314,639,437,331,568,277,454,228,431,551,208,576,199,369,13,16,132,625,444,455"
489,range_073401-073600,range_073551-073750,0.15,-0.35,0.565966381007456,0.8079373879889522,"620,200,275,615,25,534,638,227,26,159,177,126,512,382,100,464,396,293,546,607"
490,range_073551-073750,range_073701-073900,1.0,0.5,1.04679900558934,0.09167784065314834,"624,85,10,255,3,301,49,559,379,331,282,572,503,88,355,330,458,137,82,426"
491,range_073701-073900,range_073851-074050,0.95,0.44999999999999996,0.6089093629053294,0.16346827312391876,"71,69,398,368,571,4,364,183,365,376,308,45,513,43,205,78,103,470,95,504"
492,range_073851-074050,range_074001-074200,0.25,-0.25,0.09371392365791924,0.24576833317191893,"613,624,171,230,441,174,95,299,510,549,24,346,433,665,337,160,205,412,47,140"
493,range_074001-074200,range_074151-074350,0.45,-0.04999999999999999,0.3796718426882604,0.4229042223680801,"98,8,595,285,317,120,187,390,9,415,65,208,239,326,625,161,179,146,62,202"
494,range_074151-074350,range_074301-074500,1.0,0.5,1.1011565020993364,0.6965609793502826,"311,157,228,448,64,13,312,62,623,30,536,80,451,44,108,42,260,477,552,144"
495,range_074301-074500,range_074451-074650,0.9,0.4,0.27736092346358804,0.04268690353713078,"638,440,522,31,571,469,74,60,79,192,236,363,75,569,580,50,594,400,5,450"
496,range_074451-074650,range_074601-074800,0.75,0.25,0.49697019079085925,0.2359497580728733,"464,596,140,89,562,51,459,190,443,210,341,68,95,301,226,40,414,631,388,462"
497,range_074601-074800,range_074751-074950,0.9,0.4,1.1294849085774665,0.4482341034876354,"263,31,601,55,563,522,75,95,510,245,43,223,406,463,83,440,24,603,523,383"
498,range_074751-074950,range_074901-075100,0.6,0.09999999999999998,0.9326695851175029,0.872950229195554,"167,562,421,281,0,157,182,319,26,665,661,303,241,141,204,66,642,390,636,530"
499,range_074901-075100,range_075051-075250,0.75,0.25,0.6430203537435287,0.46538309624400803,"27,354,550,319,327,254,204,650,317,85,17,144,205,432,387,190,555,621,649,196"
500,range_075051-075250,range_075201-075400,0.2,-0.3,0.0,0.2797966564248315,"356,97,571,563,192,522,467,469,79,400,543,126,510,245,83,89,60,154,210,76"
501,range_075201-075400,range_075351-075550,0.75,0.25,0.5204625000457475,0.38372143721198093,"342,410,242,181,642,561,557,131,28,301,393,457,309,347,276,312,37,324,490,230"
502,range_075351-075550,range_075501-075700,0.25,-0.25,0.1215808411568787,0.22337016590642123,"581,102,182,191,207,431,348,593,624,540,58,621,35,655,248,23,229,111,318,628"
503,range_075501-075700,range_075651-075850,0.075,-0.425,0.0,0.4404885779208426,"263,474,55,566,599,284,343,95,598,570,647,453,154,220,308,413,627,613,24,227"
504,range_075651-075850,range_075801-076000,1.0,0.5,1.1547276388445427,0.49680618825777495,"395,479,111,439,311,64,226,155,1,170,304,86,269,136,370,457,194,552,332,35"
505,range_075801-076000,range_075951-076150,0.05,-0.45,0.8626842317544938,1.0163716895114487,"405,535,397,431,437,156,15,145,402,13,654,334,377,22,19,369,486,228,355,259"
506,range_075951-076150,range_076101-076300,0.1,-0.4,0.7142378291071177,1.5305239652006717,"83,473,48,594,601,523,345,287,414,245,168,221,237,56,449,43,571,273,399,641"
507,range_076101-076300,range_076251-076450,0.25,-0.25,0.20306742036482747,0.3318663783658755,"125,352,103,135,603,183,296,144,87,593,78,301,389,462,74,353,303,569,236,354"
508,range_076251-076450,range_076401-076600,0.6,0.09999999999999998,0.6131827303965673,0.5391660934937021,"358,408,553,157,320,121,359,310,272,633,409,438,279,14,80,207,217,1,20,321"
509,range_076401-076600,range_076551-076750,0.9,0.4,1.6224147462679086,0.9762435251251543,"562,43,384,472,246,647,406,561,537,365,570,293,215,327,557,340,549,190,498,360"
510,range_076551-076750,range_076701-076900,0.4,-0.09999999999999998,1.4496787475084068,1.490892728046643,"633,14,551,573,578,166,185,224,314,132,422,558,565,289,556,156,539,434,614,207"
511,range_076701-076900,range_076851-077050,0.55,0.050000000000000044,0.9895161784342134,0.8754975218158404,"558,357,641,388,212,193,66,368,249,292,433,410,434,594,470,597,451,18,284,416"
512,range_076851-077050,range_077001-077200,0.95,0.44999999999999996,1.0130845579149736,0.5984070795508611,"71,562,73,603,594,550,296,453,136,226,330,99,31,327,293,90,137,178,119,569"
513,range_077001-077200,range_077151-077350,0.45,-0.04999999999999999,0.17219909315061832,0.32790669805512873,"403,613,323,581,441,31,442,287,183,92,75,479,540,283,292,189,281,237,297,641"
514,range_077151-077350,range_077301-077500,0.25,-0.25,0.21234907764312527,0.3717992338511823,"473,260,477,74,383,47,394,137,349,214,573,280,144,332,110,173,638,258,649,97"
515,range_077301-077500,range_077451-077650,0.35,-0.15000000000000002,0.13195044392008665,0.25146827593582666,"338,229,603,147,619,474,124,183,613,69,246,84,412,411,214,165,365,168,71,541"
516,range_077451-077650,range_077601-077800,0.15,-0.35,0.2084708131654313,0.4020491941230695,"645,564,232,15,615,195,628,239,161,591,456,294,415,529,439,494,149,77,476,404"
517,range_077601-077800,range_077751-077950,0.0,-0.5,0.0,0.9437850775035814,"262,463,496,603,498,283,467,24,450,177,599,256,440,640,383,124,221,354,168,293"
518,range_077751-077950,range_077901-078100,0.35,-0.15000000000000002,0.6039989201115235,0.750919410573909,"236,450,468,432,496,295,221,245,274,574,315,354,601,399,419,502,177,181,544,189"
519,range_077901-078100,range_078051-078250,0.2,-0.3,0.25487385539803376,0.3896079883254383,"363,301,395,335,665,299,69,77,354,627,160,393,255,276,503,324,436,147,387,610"
520,range_078051-078250,range_078201-078400,0.85,0.35,0.7482271537577545,0.321517914207578,"380,611,201,663,20,0,5,203,295,219,105,191,111,593,155,138,130,157,353,545"
521,range_078201-078400,range_078351-078550,0.9,0.4,1.4080719129048025,0.7748319467618305,"350,34,594,603,165,134,40,580,104,495,212,453,599,180,108,607,221,465,284,124"
522,range_078351-078550,range_078501-078700,0.2,-0.3,0.0876833963581531,0.31596026287783074,"472,77,345,456,245,296,212,127,463,543,383,414,87,453,459,165,5,566,183,286"
523,range_078501-078700,range_078651-078850,0.5,0.0,1.6548512653651344,1.6005742980109914,"67,290,34,94,405,114,420,568,604,582,482,259,199,475,431,556,107,484,248,576"
524,range_078651-078850,range_078801-079000,0.75,0.25,1.2692458743954869,1.0087363009611472,"590,321,5,242,130,352,339,648,322,131,119,286,147,289,628,386,299,57,295,318"
525,range_078801-079000,range_078951-079150,0.4,-0.09999999999999998,0.38787418072477875,0.4705975869540745,"221,166,108,310,137,237,469,22,468,423,196,406,435,215,25,504,634,98,224,147"
526,range_078951-079150,range_079101-079300,0.6,0.09999999999999998,0.22456215791660178,0.2665622528327207,"344,201,628,543,434,479,88,182,416,157,161,0,325,393,359,175,451,26,387,321"
527,range_079101-079300,range_079251-079450,0.2,-0.3,0.028446023461798656,0.6817122563821647,"72,357,231,548,302,474,283,167,75,170,288,566,262,571,209,201,31,406,246,433"
528,range_079251-079450,range_079401-079600,0.1,-0.4,0.6550854627466989,0.7835952277060925,"336,48,662,629,197,59,367,286,289,88,235,372,516,249,105,448,233,227,144,637"
529,range_079401-079600,range_079551-079750,0.3,-0.2,0.4868143359600822,0.539868069981071,"232,88,46,435,481,516,84,643,197,321,113,143,295,491,499,430,110,610,172,261"
530,range_079551-079750,range_079701-079900,0.15,-0.35,0.06925548066437516,0.6539087828446881,"113,87,453,263,4,414,3,284,608,546,103,128,549,55,570,599,641,615,143,230"
531,range_079701-079900,range_079851-080050,0.5,0.0,0.7898050122720849,0.8067150840473135,"455,335,150,317,622,268,80,17,554,446,271,511,588,436,314,149,375,145,249,579"
532,range_079851-080050,range_080001-080200,0.3,-0.2,1.1608016776414707,1.48666824621057,"552,598,95,599,134,398,624,78,347,92,647,147,73,154,504,634,287,453,55,641"
533,range_080001-080200,range_080151-080350,0.7,0.19999999999999996,0.4451518293329616,0.3537338016063163,"70,118,318,467,249,557,600,389,602,98,466,28,5,404,611,255,311,10,256,160"
534,range_080151-080350,range_080301-080500,0.65,0.15000000000000002,1.0502920029321277,0.9352586385682102,"583,19,652,350,373,576,485,107,151,374,506,118,660,382,370,444,290,202,67,420"
535,range_080301-080500,range_080451-080650,0.0,-0.5,0.20251735104901097,1.2983712009262875,"144,68,657,73,549,312,164,230,120,473,641,619,56,626,234,513,651,322,428,519"
536,range_080451-080650,range_080601-080800,0.8,0.30000000000000004,1.0092473546948069,0.8132845385878094,"193,275,158,59,627,417,351,472,123,466,251,64,292,196,600,515,343,170,602,315"
537,range_080601-080800,range_080751-080950,0.75,0.25,0.6815882396128973,0.5860729885091565,"257,269,26,362,172,640,318,478,336,302,219,431,589,179,239,586,367,98,244,279"
538,range_080751-080950,range_080901-081100,0.6,0.09999999999999998,0.7349386168943747,0.6929202055151253,"597,17,57,107,131,162,476,407,179,660,291,633,2,279,320,151,480,267,178,447"
539,range_080901-081100,range_081051-081250,0.45,-0.04999999999999999,0.6209674181160075,0.6498542013108708,"170,110,632,491,619,5,591,467,130,54,100,380,140,560,457,147,127,556,197,308"
540,range_081051-081250,range_081201-081400,0.9,0.4,0.934809548513965,0.4412826375933162,"150,1,491,251,555,30,37,143,371,312,138,186,173,239,295,607,435,554,119,38"
541,range_081201-081400,range_081351-081550,1.0,0.5,1.4172664595283369,0.6269903437425871,"390,49,225,634,126,124,462,615,572,192,357,307,179,39,469,177,26,382,153,42"
542,range_081351-081550,range_081501-081700,0.15,-0.35,0.5480862704891621,0.8728418706436221,"646,655,360,260,355,265,251,26,247,254,461,407,563,601,410,219,197,53,311,489"
543,range_081501-081700,range_081651-081850,0.7,0.19999999999999996,0.5040804583903016,0.3962478227534846,"433,140,77,269,464,603,443,137,174,389,357,349,419,514,368,450,601,483,378,394"
544,range_081651-081850,range_081801-082000,0.6,0.09999999999999998,0.21336102479163996,0.18507885309676647,"296,442,311,498,176,263,392,153,440,72,574,205,351,212,31,245,282,193,502,450"
545,range_081801-082000,range_081951-082150,0.95,0.44999999999999996,0.7612652011240726,0.5720299763175603,"325,239,133,585,446,445,579,506,581,381,396,460,362,657,511,371,26,242,658,23"
546,range_081951-082150,range_082101-082300,0.8,0.30000000000000004,0.9484180234131153,0.7991781339958037,"291,650,386,477,589,330,162,288,614,170,584,446,93,91,630,298,270,393,228,32"
547,range_082101-082300,range_082251-082450,0.45,-0.04999999999999999,0.6274406611126978,0.6800664550527126,"56,636,242,468,225,510,260,445,154,563,608,466,582,48,280,108,439,611,250,421"
548,range_082251-082450,range_082401-082600,0.25,-0.25,0.22208886945640097,0.4064753140642937,"56,367,97,93,459,391,364,291,523,91,463,439,411,73,276,528,120,81,383,602"
549,range_082401-082600,range_082551-082750,0.225,-0.275,0.0,0.05378455028181935,"128,570,24,230,427,463,470,453,523,223,399,183,498,71,560,368,451,75,87,55"
550,range_082551-082750,range_082701-082900,0.55,0.050000000000000044,0.9723189059599816,0.9021441373561873,"476,333,471,405,109,486,660,14,487,482,506,277,94,259,107,614,582,52,431,652"
551,range_082701-082900,range_082851-083050,0.45,-0.04999999999999999,1.276343148483543,1.3125785090031927,"444,74,93,314,631,632,165,660,284,304,636,461,580,136,491,400,23,175,518,196"
552,range_082851-083050,range_083001-083200,0.4,-0.09999999999999998,0.33073004186792015,0.4297749757774209,"139,16,321,562,282,108,479,309,131,285,517,244,662,618,361,148,354,514,473,529"
553,range_083001-083200,range_083151-083350,0.0,-0.5,0.06923340871342618,0.6114925947620196,"190,443,101,5,297,69,83,465,223,413,1,362,425,602,293,419,629,85,191,287"
554,range_083151-083350,range_083301-083500,0.95,0.44999999999999996,0.840018528496941,0.6324357122750519,"447,616,350,371,436,310,358,660,306,290,267,80,145,642,582,156,581,455,505,542"
555,range_083301-083500,range_083451-083650,0.15,-0.35,0.42773743107654066,0.6254136563123047,"315,136,478,404,172,188,448,517,42,244,572,201,190,415,306,204,303,302,539,590"
556,range_083451-083650,range_083601-083800,0.5,0.0,0.7766968681539113,0.6805182788193295,"479,591,510,497,99,526,383,433,241,609,635,278,292,615,218,541,123,266,323,51"
557,range_083601-083800,range_083751-083950,0.6,0.09999999999999998,0.9739234189994961,0.8726816266867381,"487,437,277,374,202,480,505,373,614,109,96,405,511,582,542,369,341,21,290,531"
558,range_083751-083950,range_083901-084100,0.25,-0.25,0.9882807618881551,1.2425102086875175,"545,332,500,261,89,569,519,178,611,31,200,638,275,594,412,598,656,543,280,253"
559,range_083901-084100,range_084051-084250,0.6,0.09999999999999998,0.3421547824685204,0.23409543086667836,"4,389,176,316,213,395,653,51,266,146,606,238,104,283,260,355,103,197,258,35"
560,range_084051-084250,range_084201-084400,0.1,-0.4,0.0,0.22008137487851445,"601,159,364,316,360,550,598,451,126,544,49,275,315,60,28,284,413,56,466,235"
561,range_084201-084400,range_084351-084550,0.35,-0.15000000000000002,0.08151140765397179,0.16930726685364023,"375,210,661,361,392,179,337,387,596,613,648,418,3,464,207,54,663,322,72,112"
562,range_084351-084550,range_084501-084700,0.5,0.0,0.5284127412202596,0.5269609038151156,"144,394,42,573,199,589,51,140,364,66,541,284,213,466,138,95,273,49,169,147"
563,range_084501-084700,range_084651-084850,0.95,0.44999999999999996,0.7221290231562176,0.37118784213275074,"549,312,413,47,117,274,369,464,158,309,23,384,316,241,296,293,365,459,278,72"
564,range_084651-084850,range_084801-085000,0.05,-0.45,0.3437554316841593,0.9176240445999315,"203,401,443,580,340,647,638,97,212,50,236,284,474,495,488,296,221,391,51,537"
565,range_084801-085000,range_084951-085150,0.95,0.44999999999999996,1.6485626890661256,0.8063962018554978,"610,412,580,516,304,68,8,292,135,498,413,74,314,221,488,327,453,318,400,103"
566,range_084951-085150,range_085101-085300,0.8,0.30000000000000004,0.7521696226235601,0.40756500148105934,"641,360,491,601,117,343,662,296,503,443,292,47,450,612,92,591,638,428,197,315"
567,range_085101-085300,range_085251-085450,0.05,-0.45,0.6821447103739299,1.0578944138468724,"151,482,583,485,114,14,374,487,616,577,109,277,420,334,511,115,484,528,476,358"
568,range_085251-085450,range_085401-085600,0.2,-0.3,0.769374549350062,1.1114186519371547,"498,496,510,280,74,412,440,456,649,522,230,470,427,189,117,262,4,60,79,472"
569,range_085401-085600,range_085551-085750,1.0,0.5,0.7119597021562071,0.0,"498,391,75,647,212,496,450,440,127,192,363,323,638,401,209,189,74,262,580,400"
570,range_085551-085750,range_085701-085900,0.05,-0.45,0.0,0.41424615575709933,"496,71,481,368,465,388,154,498,24,46,365,183,504,73,608,129,45,197,4,78"
571,range_085701-085900,range_085851-086050,0.0,-0.5,0.2615609477323713,1.214910114997561,"435,430,191,65,119,220,98,489,586,439,648,448,615,35,38,407,517,186,593,367"
572,range_085851-086050,range_086001-086200,0.75,0.25,1.2587447033317032,1.0283105086282207,"431,306,604,535,109,202,373,369,358,506,121,107,405,305,325,588,277,298,654,350"
573,range_086001-086200,range_086151-086350,0.25,-0.25,0.749211920268795,1.0511997110266336,"394,313,597,227,180,651,305,158,609,412,183,649,425,403,450,57,508,283,424,441"
574,range_086151-086350,range_086301-086500,0.35,-0.15000000000000002,0.3993496189786246,0.44964856795618446,"234,2,143,326,208,166,556,19,434,125,147,422,100,341,415,588,446,511,558,270"
575,range_086301-086500,range_086451-086650,0.4,-0.09999999999999998,0.9492494016403782,0.9879320063317134,"588,267,118,19,604,370,94,184,471,506,482,532,249,114,484,290,531,109,265,115"
576,range_086451-086650,range_086601-086800,0.75,0.25,1.496748040452018,1.3759744391424855,"208,358,616,535,114,64,402,15,622,374,511,487,341,14,449,652,405,207,102,328"
577,range_086601-086800,range_086751-086950,0.0,-0.5,0.66908859932933,1.5142492151247735,"95,347,399,596,246,183,317,384,603,50,450,600,636,416,665,413,613,55,103,502"
578,range_086751-086950,range_086901-087100,0.65,0.15000000000000002,0.4945293285708788,0.46226992039013104,"193,158,239,42,654,264,72,36,445,642,272,324,247,552,516,138,10,397,5,356"
579,range_086901-087100,range_087051-087250,0.85,0.35,1.1875434459377128,0.6180600403838425,"469,97,496,599,569,36,356,263,291,46,214,451,223,563,400,388,340,537,45,233"
580,range_087051-087250,range_087201-087400,0.15,-0.35,0.4172634452659945,1.0028390435554886,"252,329,373,487,382,625,15,370,156,14,133,524,645,659,57,285,438,258,115,272"
581,range_087201-087400,range_087351-087550,0.8,0.30000000000000004,1.268089755698063,1.1515347411783527,"374,314,13,505,232,267,14,471,121,277,149,259,107,265,616,52,106,94,487,528"
582,range_087351-087550,range_087501-087700,0.0,-0.5,0.1403881307283682,1.2639556428981944,"345,651,245,210,214,209,332,601,221,42,75,357,423,571,117,612,599,45,488,84"
583,range_087501-087700,range_087651-087850,0.35,-0.15000000000000002,1.1303129302160633,1.1819198786011031,"281,633,520,534,516,352,146,98,642,371,291,629,556,662,111,607,172,8,228,169"
584,range_087651-087850,range_087801-088000,0.4,-0.09999999999999998,0.8970086004421309,0.9211662992879669,"487,664,382,358,19,184,431,156,102,449,320,272,132,622,532,166,489,486,33,530"
585,range_087801-088000,range_087951-088150,0.15,-0.35,0.3194166738622085,0.9264135555720101,"101,11,647,276,50,263,396,144,571,635,321,287,99,510,127,435,246,495,450,520"
586,range_087951-088150,range_088101-088300,0.45,-0.04999999999999999,0.4126039371566599,0.4240211861579547,"62,8,13,130,572,217,23,270,460,640,139,112,415,558,238,266,153,1,5,152"
587,range_088101-088300,range_088251-088450,0.5,0.0,1.0635217798102892,1.093411601194597,"248,19,652,616,298,249,14,531,506,118,331,15,455,536,114,328,577,622,511,484"
588,range_088251-088450,range_088401-088600,0.0,-0.5,0.5463687267131753,1.6875750326271475,"399,496,427,488,90,168,51,223,245,571,189,560,549,498,466,117,209,566,263,344"
589,range_088401-088600,range_088551-088750,0.4,-0.09999999999999998,0.08123721533781948,0.10226501031369331,"227,428,173,300,104,527,230,602,339,295,309,537,181,171,520,72,194,155,452,97"
590,range_088551-088750,range_088701-088900,0.6,0.09999999999999998,0.454351013584709,0.4401650172954179,"460,235,555,614,539,624,19,577,252,305,169,258,40,381,171,7,548,391,295,248"
591,range_088701-088900,range_088851-089050,0.1,-0.4,0.27387977024442484,0.43097205742156863,"65,144,630,152,419,194,326,606,391,238,620,102,119,395,302,548,636,401,139,318"
592,range_088851-089050,range_089001-089200,0.6,0.09999999999999998,0.0817981878613092,0.08922988068734795,"557,302,495,497,544,148,242,113,316,357,537,225,438,461,214,1,28,472,44,552"
593,range_089001-089200,range_089151-089350,0.6,0.09999999999999998,0.5108231432349103,0.45310961705832786,"469,510,632,443,516,399,406,110,560,246,403,462,384,316,423,581,128,491,219,171"
594,range_089151-089350,range_089301-089500,0.1,-0.4,0.040029829867536844,0.37837717484203304,"66,64,451,92,333,343,190,615,205,430,392,584,533,444,650,150,314,420,120,54"
595,range_089301-089500,range_089451-089650,0.55,0.050000000000000044,0.35560257986953775,0.33798146133652474,"665,288,565,174,347,576,158,91,181,45,253,441,634,360,643,113,552,644,274,546"
596,range_089451-089650,range_089601-089800,0.55,0.050000000000000044,0.21765231359894543,0.1968696090938133,"332,85,651,613,170,0,550,327,215,414,27,446,47,457,189,462,233,429,269,559"
597,range_089601-089800,range_089751-089950,1.0,0.5,1.0437295775015174,0.43123677022365864,"32,385,205,452,346,403,660,203,61,206,502,440,632,7,116,407,129,470,211,569"
598,range_089751-089950,range_089901-090100,0.95,0.44999999999999996,0.23871677464959715,0.0,"570,154,453,87,95,566,55,613,474,68,414,134,24,641,73,46,608,284,92,343"
599,range_089901-090100,range_090051-090250,0.75,0.25,1.283188470424141,1.1169569010452707,"50,261,219,403,363,354,88,70,297,225,315,432,542,548,177,468,66,395,264,309"
600,range_090051-090250,range_090201-090400,0.45,-0.04999999999999999,0.40426921601410076,0.4697402087690783,"79,394,385,651,221,278,105,61,332,274,450,37,43,130,210,95,180,571,68,647"
601,range_090201-090400,range_090351-090550,0.9,0.4,0.7676494709323317,0.5035173215073926,"88,364,113,340,388,49,589,283,335,442,272,32,424,276,372,389,509,169,104,557"
602,range_090351-090550,range_090501-090700,0.3,-0.2,0.20751711762054137,0.3790033019707493,"537,164,468,502,558,126,458,56,209,43,237,636,333,189,79,571,27,647,60,360"
603,range_090501-090700,range_090651-090850,0.9,0.4,1.354861413588485,1.0599338361852992,"13,476,224,588,614,528,578,109,151,660,585,145,420,34,397,475,524,622,259,482"
604,range_090651-090850,range_090801-091000,0.05,-0.45,0.39365269499076255,1.5151143701323595,"95,442,31,330,360,433,210,532,262,78,635,453,71,463,440,566,72,200,414,241"
605,range_090801-091000,range_090951-091150,0.15,-0.35,0.3938414741914897,0.5400731163550011,"306,381,105,528,2,11,661,446,81,307,482,238,337,115,422,58,109,630,172,650"
606,range_090951-091150,range_091101-091300,0.1,-0.4,0.3985951831202788,0.848304650344987,"571,510,75,570,523,43,55,198,496,569,47,134,474,197,263,566,60,647,498,368"
607,range_091101-091300,range_091251-091450,0.45,-0.04999999999999999,0.016684269936147123,0.021061966782804198,"129,474,465,637,263,550,24,262,570,566,71,453,414,496,316,344,31,55,182,284"
608,range_091251-091450,range_091401-091600,0.25,-0.25,0.24955449108679595,0.4886955080344795,"32,3,346,110,49,255,212,344,502,628,638,417,84,86,464,648,56,594,143,468"
609,range_091401-091600,range_091551-091750,0.15,-0.35,0.0,0.10082557255202458,"462,216,168,440,189,31,302,237,90,383,433,545,395,36,599,423,300,566,85,557"
610,range_091551-091750,range_091701-091900,0.8,0.30000000000000004,0.2556565930630611,0.12326390492804179,"286,361,521,69,567,434,446,77,310,435,73,311,231,51,178,175,659,127,516,1"
611,range_091701-091900,range_091851-092050,0.3,-0.2,0.5052655694291375,0.6202805271551204,"223,463,403,550,274,348,566,570,174,210,47,522,168,177,90,544,49,599,4,84"
612,range_091851-092050,range_092001-092200,0.175,-0.325,0.0,0.13541418310074865,"61,382,79,223,68,365,441,73,96,423,624,154,49,322,513,523,43,284,561,78"
613,range_092001-092200,range_092151-092350,0.9,0.4,0.6891719702775758,0.41779077505774,"489,658,53,153,273,251,595,472,86,430,454,158,28,460,211,201,166,572,358,445"
614,range_092151-092350,range_092301-092500,0.0,-0.5,0.4553505703378841,1.3402541167724942,"78,43,599,227,365,474,380,473,263,398,159,129,140,100,499,498,570,55,245,598"
615,range_092301-092500,range_092451-092650,1.0,0.5,1.301613475829435,0.2525527662593462,"552,136,194,535,435,500,225,173,86,81,401,187,88,361,391,490,404,410,50,319"
616,range_092451-092650,range_092601-092800,0.05,-0.45,0.8098249685643624,1.416903335799983,"638,463,632,194,635,200,351,180,378,295,79,239,360,544,213,245,637,513,196,193"
617,range_092601-092800,range_092751-092950,1.0,0.5,0.9998279491554577,0.5768215774368217,"159,214,375,129,46,73,292,464,86,60,116,271,601,134,42,425,386,258,406,256"
618,range_092751-092950,range_092901-093100,0.35,-0.15000000000000002,0.0,0.0,"75,71,43,453,284,496,134,183,140,46,344,498,174,73,45,78,154,227,571,641"
619,range_092901-093100,range_093051-093250,1.0,0.5,0.6534745277521155,0.295670159456052,"347,635,508,49,51,307,466,226,645,327,141,384,394,519,494,204,50,421,138,180"
620,range_093051-093250,range_093201-093400,0.025,-0.475,0.0,1.2228180645436149,"566,129,599,263,26,183,55,365,571,413,453,140,87,474,24,154,523,452,103,262"
621,range_093201-093400,range_093351-093550,0.8,0.30000000000000004,0.8800660274524232,0.8336188543253545,"420,476,115,341,484,151,528,652,350,588,551,145,524,64,67,486,249,14,471,397"
622,range_093351-093550,range_093501-093700,0.65,0.15000000000000002,1.5146374465818417,1.4124973020514793,"567,596,428,203,330,130,316,400,216,401,548,222,380,402,397,326,317,588,546,461"
623,range_093501-093700,range_093651-093850,0.05,-0.45,0.1113908316527681,0.35105089909551357,"145,477,182,44,235,178,643,268,606,387,161,201,318,112,217,351,545,98,402,499"
624,range_093651-093850,range_093801-094000,0.25,-0.25,0.27535068531198875,0.49636834418330544,"611,419,48,359,304,65,353,404,410,207,303,161,576,251,429,112,255,393,382,211"
625,range_093801-094000,range_093951-094150,0.1,-0.4,0.13627938025909686,0.6614414490174749,"417,175,571,474,360,168,47,398,416,174,154,309,375,140,399,368,87,316,498,234"
626,range_093951-094150,range_094101-094300,0.55,0.050000000000000044,0.11878709798033806,0.14539140604147546,"544,428,503,444,234,303,389,69,329,363,615,442,592,586,174,560,508,587,390,304"
627,range_094101-094300,range_094251-094450,0.15,-0.35,0.0,0.09853497180370073,"116,113,140,398,285,210,364,212,103,441,642,75,411,43,183,513,437,464,126,569"
628,range_094251-094450,range_094401-094600,0.3,-0.2,0.23876938612255114,0.26738352058245507,"559,85,382,356,386,461,448,111,260,119,323,319,149,370,108,146,130,294,93,552"
629,range_094401-094600,range_094551-094750,0.25,-0.25,0.4881845937554603,0.5791694012147958,"558,605,329,305,156,152,142,565,34,556,240,317,64,579,270,407,179,494,288,471"
630,range_094551-094750,range_094701-094900,0.4,-0.09999999999999998,0.45521648206233073,0.48570475893203113,"490,282,221,657,281,256,357,173,430,352,607,581,567,68,90,462,386,443,502,522"
631,range_094701-094900,range_094851-095050,1.0,0.5,0.7555337979902714,0.12876038833972706,"347,299,601,591,526,593,578,229,520,97,359,236,360,522,404,311,214,144,123,96"
632,range_094851-095050,range_095001-095200,0.7,0.19999999999999996,0.7558064905591595,0.651994389693137,"336,162,207,326,102,172,195,492,14,149,17,338,40,16,70,163,328,606,555,446"
633,range_095001-095200,range_095151-095350,0.95,0.44999999999999996,1.3588123780412718,0.8221358746143376,"546,372,114,91,212,335,658,83,99,215,68,398,179,497,461,90,171,61,503,470"
634,range_095151-095350,range_095301-095500,0.6,0.09999999999999998,0.6056980369495045,0.5398942400621816,"168,462,498,333,513,598,510,262,268,237,554,86,566,55,73,592,601,245,50,31"
635,range_095301-095500,range_095451-095650,0.8,0.30000000000000004,0.47451236657036494,0.3362181445538352,"462,60,155,181,284,406,421,136,601,608,372,398,241,584,563,53,81,147,31,68"
636,range_095451-095650,range_095601-095800,0.85,0.35,0.5797364659966765,0.4025252178304062,"589,312,490,275,344,617,130,57,372,161,304,478,402,138,659,44,289,587,271,217"
637,range_095601-095800,range_095751-095950,0.55,0.050000000000000044,0.4018732513218566,0.35104883890457556,"122,440,43,140,348,598,87,499,411,612,513,496,45,441,61,385,79,317,618,465"
638,range_095751-095950,range_095901-096100,0.8,0.30000000000000004,1.418852003005566,1.2274112924722276,"622,420,588,506,118,373,583,652,14,259,660,568,486,358,576,475,114,277,94,476"
639,range_095901-096100,range_096051-096250,0.1,-0.4,0.6037267597028378,1.5251767458314642,"263,463,155,571,596,194,150,496,650,296,189,419,193,388,570,310,273,495,345,209"
640,range_096051-096250,range_096201-096400,0.4,-0.09999999999999998,0.6745434484608883,0.6979106845406282,"45,441,105,247,553,439,547,295,514,49,465,519,323,134,607,100,501,560,429,250"
641,range_096201-096400,range_096351-096550,0.5,0.0,0.15075173310928286,0.14487737247215793,"462,398,428,275,449,654,603,464,229,601,657,546,36,502,425,117,348,177,245,38"
642,range_096351-096550,range_096501-096700,0.75,0.25,0.5180823801499369,0.4052321672518605,"387,107,361,185,155,19,518,595,409,270,509,58,248,102,472,201,606,517,404,273"
643,range_096501-096700,range_096651-096850,0.6,0.09999999999999998,0.9802718798866662,0.9399488769758426,"13,436,172,420,67,106,265,267,531,480,511,185,621,240,573,105,199,331,565,578"
644,range_096651-096850,range_096801-097000,0.0,-0.5,0.6496408395792336,1.0141682827922007,"349,661,588,385,307,527,155,376,146,152,506,66,77,460,612,222,98,229,37,533"
645,range_096801-097000,range_096951-097150,0.1,-0.4,0.0,0.3158826961498349,"523,24,47,453,124,87,69,83,299,599,570,465,174,414,608,598,4,71,36,183"
646,range_096951-097150,range_097101-097300,0.225,-0.275,0.0,0.08021849446444393,"345,462,612,449,182,343,508,441,243,493,443,246,383,360,619,61,299,88,610,510"
647,range_097101-097300,range_097251-097450,0.65,0.15000000000000002,0.6348808384062513,0.5512738765673755,"602,465,225,1,508,24,134,608,87,563,481,627,45,430,330,183,181,137,446,301"
648,range_097251-097450,range_097401-097600,0.05,-0.45,0.1198291152236231,0.46827785121094856,"516,592,74,209,236,237,450,414,165,110,412,399,493,50,154,51,384,598,68,215"
649,range_097401-097600,range_097551-097750,0.95,0.44999999999999996,0.45140035413816126,0.09788157008105297,"491,247,562,429,88,32,391,63,72,124,268,324,5,401,352,105,559,376,44,279"
650,range_097551-097750,range_097701-097900,0.7,0.19999999999999996,1.2909898413562817,0.8690811134891343,"193,432,256,223,450,524,571,83,544,278,137,345,209,296,43,510,596,601,417,498"
651,range_097701-097900,range_097851-098050,0.3,-0.2,1.04514701672171,1.2386091443707117,"532,485,118,334,576,528,249,604,577,374,224,471,184,588,489,94,277,397,536,228"
652,range_097851-098050,range_098001-098200,0.2,-0.3,0.9880171088469888,1.4340080988937758,"453,599,95,55,570,87,154,561,183,541,12,426,73,566,355,4,458,134,593,165"
653,range_098001-098200,range_098151-098350,0.1,-0.4,0.0,0.11677451471356196,"597,54,8,371,91,286,257,449,460,434,552,456,130,381,108,356,149,438,492,32"
654,range_098151-098350,range_098301-098500,0.075,-0.425,0.0,0.5604815679447072,"599,498,474,523,71,263,154,55,570,607,147,453,481,171,566,24,368,598,159,414"
655,range_098301-098500,range_098451-098650,0.55,0.050000000000000044,0.5943985473557516,0.5669722160712138,"445,475,554,187,161,119,268,76,326,288,35,32,547,8,408,53,1,477,105,306"
656,range_098451-098650,range_098601-098800,0.95,0.44999999999999996,1.4313934800133759,0.9245222944351823,"267,381,172,421,419,218,646,8,71,627,630,330,155,127,248,63,377,255,191,122"
657,range_098601-098800,range_098751-098950,0.4,-0.09999999999999998,0.4081055109531947,0.4244915592380293,"621,158,74,27,5,160,611,492,519,433,542,552,3,327,610,332,170,477,72,213"
658,range_098751-098950,range_098901-099100,0.0,-0.5,0.43946755375335456,0.6722032230122476,"318,187,565,96,98,534,207,33,525,175,101,120,119,100,551,548,286,18,235,593"
659,range_098901-099100,range_099051-099250,0.6,0.09999999999999998,0.3859447204347551,0.40864183999037007,"590,275,642,191,271,100,401,150,30,429,131,537,481,547,488,158,595,555,179,368"
660,range_099051-099250,range_099201-099400,0.95,0.44999999999999996,1.4855954836675045,1.0480760419332866,"336,307,592,371,375,82,151,337,113,492,317,306,620,346,122,489,422,119,100,133"
661,range_099201-099400,range_099351-099550,0.175,-0.325,0.0,0.14691922719701983,"368,55,453,599,284,103,570,263,523,474,414,566,171,24,465,627,504,598,154,608"
662,range_099351-099550,range_099501-099700,0.7,0.19999999999999996,0.5786302791663835,0.49302666371145987,"336,545,359,446,254,180,410,49,386,534,469,281,36,645,614,515,84,0,332,211"
663,range_099501-099700,range_099651-099850,0.2,-0.3,0.49243456279973635,0.6322692672634844,"257,216,524,624,477,7,543,239,38,258,81,352,53,194,133,584,540,249,160,2"
664,range_099651-099850,range_099801-100000,0.1,-0.4,0.14425182287304436,0.40876913509154233,"156,148,467,54,574,179,635,365,73,274,110,389,638,260,427,332,60,6,472,413"
